delay_bucket,n_conversion_rows,mean_delay_seconds,median_delay_seconds,share_pct,mean_delay_days,median_delay_days
<=1h,186305,571.2018410670674,211.0,23.10914467449603,0.006611132419757725,0.0024421296296296296
1-6h,37638,9955.33981614326,8681.5,4.668591756843249,0.11522384046462106,0.10048032407407408
6-24h,53049,58791.37090237328,62429.0,6.580161648035961,0.6804556817404315,0.7225578703703703
1-7d,227804,306943.45554950746,280794.0,28.256652228490342,3.552586291082262,3.2499305555555558
7-30d,301400,1405710.0571001992,1298918.5,37.38544969213442,16.2697923275486,15.033778935185186
