count,mean_seconds,median_seconds,p25_seconds,p75_seconds,p90_seconds,p95_seconds,p99_seconds,max_seconds,mean_days,median_days,p25_days,p75_days,p90_days,p95_days,p99_days,max_days
806196,616728.3122615344,323535.0,7280.0,1034210.25,1812515.5,2171423.0,2503507.05,2591997.0,7.138059169693685,3.7446180555555557,0.08425925925925926,11.970026041666667,20.978188657407408,25.13221064814815,28.975776041666663,29.99996527777778
