n_campaigns,impression_coverage_pct,conversion_coverage_pct,attribution_coverage_pct,min_conversion_rows,min_attributed_rows
10,18.578570462630406,25.019226093902724,22.630553496193695,6486,2096
20,28.130400806362534,34.865839076353645,32.2873533081388,1473,335
50,45.24588768284142,48.12192072399267,45.425202972713954,546,186
