cancellation_sweep_id,seed,shared_profile,alpha_shared,alpha_dep,eligible_rounds,mean_absolute_actionwise_level_error,mean_delta,max_delta,alignment_budget,alignment_budget_rate,mean_rho,mean_chi,complete_conflict_rate,regret_map_linf_to_structural,optimal_mask_mismatch_count_to_structural,delta_linf_to_shared_reference,rho_linf_to_shared_reference,chi_linf_to_shared_reference,regret_map_linf_to_shared_reference,optimal_mask_mismatch_count_to_shared_reference,max_delta_over_mu_deviation,shared_component_min,shared_component_max,structural_path_hash
cancellation_shared_vs_action_dependent,0,static_shared,0.0,0.0,5000,0.0,0.0,0.0,0.0,0.0,0.0,0.0,0.0,0.0,0,0.0,0.0,0.0,0.0,0,0.0,1.0,1.0,3eac5d8df853cf8877a8cf2da4676afa083247dfec16cc899f30c0dac1d94879
cancellation_shared_vs_action_dependent,0,static_shared,0.05,0.0,5000,0.05,4.5322079422760453e-17,1.1102230246251565e-16,2.2661039711380226e-13,4.5322079422760453e-17,0.0,0.0,0.0,1.1102230246251565e-16,0,1.1102230246251565e-16,0.0,0.0,1.1102230246251565e-16,0,1.8409254276838294e-11,1.0,1.0,3eac5d8df853cf8877a8cf2da4676afa083247dfec16cc899f30c0dac1d94879
cancellation_shared_vs_action_dependent,0,static_shared,0.1,0.0,5000,0.1,5.0501269832636805e-17,1.1102230246251565e-16,2.5250634916318404e-13,5.0501269832636805e-17,0.0,0.0,0.0,1.1102230246251565e-16,0,1.1102230246251565e-16,0.0,0.0,1.1102230246251565e-16,0,1.8409254276838294e-11,1.0,1.0,3eac5d8df853cf8877a8cf2da4676afa083247dfec16cc899f30c0dac1d94879
cancellation_shared_vs_action_dependent,0,static_shared,0.2,0.0,5000,0.2,7.63888952093339e-17,1.1102230246251565e-16,3.819444760466695e-13,7.63888952093339e-17,0.0,0.0,0.0,1.1102230246251565e-16,0,1.1102230246251565e-16,0.0,0.0,1.1102230246251565e-16,0,3.681850855367659e-11,1.0,1.0,3eac5d8df853cf8877a8cf2da4676afa083247dfec16cc899f30c0dac1d94879
cancellation_shared_vs_action_dependent,0,state_varying_shared,0.0,0.0,5000,0.0,0.0,0.0,0.0,0.0,0.0,0.0,0.0,0.0,0,0.0,0.0,0.0,0.0,0,0.0,0.010439210511264285,1.9689416214936513,3eac5d8df853cf8877a8cf2da4676afa083247dfec16cc899f30c0dac1d94879
cancellation_shared_vs_action_dependent,0,state_varying_shared,0.05,0.0,5000,0.04617014883006654,3.8550109285329094e-17,1.6653345369377348e-16,1.9275054642664546e-13,3.8550109285329094e-17,0.0,0.0,0.0,1.1102230246251565e-16,0,1.6653345369377348e-16,0.0,0.0,1.1102230246251565e-16,0,9.204627138419147e-12,0.010439210511264285,1.9689416214936513,3eac5d8df853cf8877a8cf2da4676afa083247dfec16cc899f30c0dac1d94879
cancellation_shared_vs_action_dependent,0,state_varying_shared,0.1,0.0,5000,0.09234029766013307,4.513004553396982e-17,1.6653345369377348e-16,2.256502276698491e-13,4.513004553396982e-17,0.0,0.0,0.0,2.220446049250313e-16,0,1.6653345369377348e-16,0.0,0.0,2.220446049250313e-16,0,2.761388141525744e-11,0.010439210511264285,1.9689416214936513,3eac5d8df853cf8877a8cf2da4676afa083247dfec16cc899f30c0dac1d94879
cancellation_shared_vs_action_dependent,0,state_varying_shared,0.2,0.0,5000,0.18468059532026615,5.96047516898679e-17,2.220446049250313e-16,2.980237584493395e-13,5.96047516898679e-17,0.0,0.0,0.0,2.220446049250313e-16,0,2.220446049250313e-16,0.0,0.0,2.220446049250313e-16,0,3.0988591564377657e-11,0.010439210511264285,1.9689416214936513,3eac5d8df853cf8877a8cf2da4676afa083247dfec16cc899f30c0dac1d94879
cancellation_shared_vs_action_dependent,0,static_shared,0.0,0.5,5000,0.0003044310351943712,0.003044310351943712,0.006171392761278861,15.221551759718562,0.003044310351943712,0.0,0.0,0.0,0.006171392761278861,0,0.0,0.0,0.0,0.0,0,1.2817524819297432e-13,1.0,1.0,3eac5d8df853cf8877a8cf2da4676afa083247dfec16cc899f30c0dac1d94879
cancellation_shared_vs_action_dependent,0,static_shared,0.05,0.5,5000,0.05,0.003044310351943712,0.006171392761278857,15.221551759718562,0.003044310351943712,0.0,0.0,0.0,0.006171392761278859,0,1.3877787807814457e-17,0.0,0.0,1.1102230246251565e-16,0,1.4589995878111495e-12,1.0,1.0,3eac5d8df853cf8877a8cf2da4676afa083247dfec16cc899f30c0dac1d94879
cancellation_shared_vs_action_dependent,0,static_shared,0.1,0.5,5000,0.1,0.003044310351943712,0.006171392761278871,15.22155175971856,0.003044310351943712,0.0,0.0,0.0,0.006171392761278866,0,2.7755575615628914e-17,0.0,0.0,1.1102230246251565e-16,0,1.5164536293355013e-12,1.0,1.0,3eac5d8df853cf8877a8cf2da4676afa083247dfec16cc899f30c0dac1d94879
cancellation_shared_vs_action_dependent,0,static_shared,0.2,0.5,5000,0.2,0.0030443103519437117,0.006171392761278871,15.221551759718558,0.0030443103519437117,0.0,0.0,0.0,0.00617139276127888,0,5.551115123125783e-17,0.0,0.0,1.1102230246251565e-16,0,4.5998760356269486e-12,1.0,1.0,3eac5d8df853cf8877a8cf2da4676afa083247dfec16cc899f30c0dac1d94879
cancellation_shared_vs_action_dependent,0,state_varying_shared,0.0,0.5,5000,0.0003044310351943712,0.003044310351943712,0.006171392761278861,15.221551759718562,0.003044310351943712,0.0,0.0,0.0,0.006171392761278861,0,0.0,0.0,0.0,0.0,0,1.2817524819297432e-13,0.010439210511264285,1.9689416214936513,3eac5d8df853cf8877a8cf2da4676afa083247dfec16cc899f30c0dac1d94879
cancellation_shared_vs_action_dependent,0,state_varying_shared,0.05,0.5,5000,0.04617274225591998,0.003044310351943712,0.006171392761278864,15.22155175971856,0.003044310351943712,0.0,0.0,0.0,0.006171392761278866,0,2.7755575615628914e-17,0.0,0.0,1.1102230246251565e-16,0,1.4589995878111495e-12,0.010439210511264285,1.9689416214936513,3eac5d8df853cf8877a8cf2da4676afa083247dfec16cc899f30c0dac1d94879
cancellation_shared_vs_action_dependent,0,state_varying_shared,0.1,0.5,5000,0.09234128384159575,0.003044310351943712,0.006171392761278871,15.22155175971856,0.003044310351943712,0.0,0.0,0.0,0.006171392761278866,0,5.551115123125783e-17,0.0,0.0,2.220446049250313e-16,0,4.5998760356269486e-12,0.010439210511264285,1.9689416214936513,3eac5d8df853cf8877a8cf2da4676afa083247dfec16cc899f30c0dac1d94879
cancellation_shared_vs_action_dependent,0,state_varying_shared,0.2,0.5,5000,0.18468071417177748,0.003044310351943712,0.006171392761278871,15.221551759718562,0.003044310351943712,0.0,0.0,0.0,0.00617139276127888,0,1.0928757898653885e-16,0.0,0.0,2.220446049250313e-16,0,1.8409274105124496e-11,0.010439210511264285,1.9689416214936513,3eac5d8df853cf8877a8cf2da4676afa083247dfec16cc899f30c0dac1d94879
cancellation_shared_vs_action_dependent,0,static_shared,0.0,0.99,5000,0.000602773449684855,0.006027734496848549,0.012219357667332146,30.138672484242747,0.006027734496848549,0.0,0.0,0.0,0.012219357667332146,0,0.0,0.0,0.0,0.0,0,1.0147438445073931e-13,1.0,1.0,3eac5d8df853cf8877a8cf2da4676afa083247dfec16cc899f30c0dac1d94879
cancellation_shared_vs_action_dependent,0,static_shared,0.05,0.99,5000,0.05,0.00602773449684855,0.012219357667332148,30.13867248424275,0.00602773449684855,0.0,0.0,0.0,0.01221935766733215,0,1.3877787807814457e-17,0.0,0.0,1.1102230246251565e-16,0,1.8327561690512084e-12,1.0,1.0,3eac5d8df853cf8877a8cf2da4676afa083247dfec16cc899f30c0dac1d94879
cancellation_shared_vs_action_dependent,0,static_shared,0.1,0.99,5000,0.1,0.006027734496848549,0.012219357667332148,30.138672484242747,0.006027734496848549,0.0,0.0,0.0,0.012219357667332143,0,2.7755575615628914e-17,0.0,0.0,1.1102230246251565e-16,0,3.158473482756108e-12,1.0,1.0,3eac5d8df853cf8877a8cf2da4676afa083247dfec16cc899f30c0dac1d94879
cancellation_shared_vs_action_dependent,0,static_shared,0.2,0.99,5000,0.2,0.00602773449684855,0.01221935766733212,30.13867248424275,0.00602773449684855,0.0,0.0,0.0,0.012219357667332129,0,5.4643789493269423e-17,0.0,0.0,1.1102230246251565e-16,0,3.4943159477052177e-12,1.0,1.0,3eac5d8df853cf8877a8cf2da4676afa083247dfec16cc899f30c0dac1d94879
cancellation_shared_vs_action_dependent,0,state_varying_shared,0.0,0.99,5000,0.000602773449684855,0.006027734496848549,0.012219357667332146,30.138672484242747,0.006027734496848549,0.0,0.0,0.0,0.012219357667332146,0,0.0,0.0,0.0,0.0,0,1.0147438445073931e-13,0.010439210511264285,1.9689416214936513,3eac5d8df853cf8877a8cf2da4676afa083247dfec16cc899f30c0dac1d94879
cancellation_shared_vs_action_dependent,0,state_varying_shared,0.05,0.99,5000,0.04618004079713861,0.006027734496848549,0.012219357667332148,30.138672484242747,0.006027734496848549,0.0,0.0,0.0,0.01221935766733215,0,2.7755575615628914e-17,0.0,0.0,1.1102230246251565e-16,0,2.2285506773300767e-12,0.010439210511264285,1.9689416214936513,3eac5d8df853cf8877a8cf2da4676afa083247dfec16cc899f30c0dac1d94879
cancellation_shared_vs_action_dependent,0,state_varying_shared,0.1,0.99,5000,0.09234537101877723,0.00602773449684855,0.012219357667332148,30.13867248424275,0.00602773449684855,0.0,0.0,0.0,0.012219357667332143,0,5.551115123125783e-17,0.0,0.0,2.220446049250313e-16,0,3.4943159477052177e-12,0.010439210511264285,1.9689416214936513,3eac5d8df853cf8877a8cf2da4676afa083247dfec16cc899f30c0dac1d94879
cancellation_shared_vs_action_dependent,0,state_varying_shared,0.2,0.99,5000,0.18468251488000276,0.006027734496848549,0.01221935766733212,30.138672484242747,0.006027734496848549,0.0,0.0,0.0,0.012219357667332129,0,1.1015494072452725e-16,0.0,0.0,2.220446049250313e-16,0,3.4943159477052177e-12,0.010439210511264285,1.9689416214936513,3eac5d8df853cf8877a8cf2da4676afa083247dfec16cc899f30c0dac1d94879
cancellation_shared_vs_action_dependent,0,static_shared,0.0,1.0,5000,0.0006088620703887424,0.006088620703887424,0.012342785522557723,30.443103519437123,0.006088620703887424,0.022222222222222223,0.5,0.0,0.012342785522557723,5000,0.0,0.0,0.0,0.0,0,2.220446049250313e-16,1.0,1.0,3eac5d8df853cf8877a8cf2da4676afa083247dfec16cc899f30c0dac1d94879
cancellation_shared_vs_action_dependent,0,static_shared,0.05,1.0,5000,0.05,0.006088620703887424,0.012342785522557728,30.44310351943712,0.006088620703887424,0.022222222222222223,0.5,0.0,0.012342785522557723,5000,1.3877787807814457e-17,0.0,0.0,1.1102230246251565e-16,0,1.7942314300967155e-12,1.0,1.0,3eac5d8df853cf8877a8cf2da4676afa083247dfec16cc899f30c0dac1d94879
cancellation_shared_vs_action_dependent,0,static_shared,0.1,1.0,5000,0.1,0.006088620703887424,0.012342785522557714,30.443103519437123,0.006088620703887424,0.022222222222222223,0.5,0.0,0.012342785522557709,5000,2.688821387764051e-17,0.0,0.0,1.1102230246251565e-16,0,2.917999175622299e-12,1.0,1.0,3eac5d8df853cf8877a8cf2da4676afa083247dfec16cc899f30c0dac1d94879
cancellation_shared_vs_action_dependent,0,static_shared,0.2,1.0,5000,0.2,0.006088620703887424,0.012342785522557742,30.443103519437123,0.006088620703887424,0.022222222222222223,0.5,0.0,0.012342785522557723,5000,5.4643789493269423e-17,0.0,0.0,1.1102230246251565e-16,0,3.0329072586710026e-12,1.0,1.0,3eac5d8df853cf8877a8cf2da4676afa083247dfec16cc899f30c0dac1d94879
cancellation_shared_vs_action_dependent,0,state_varying_shared,0.0,1.0,5000,0.0006088620703887424,0.006088620703887424,0.012342785522557723,30.443103519437123,0.006088620703887424,0.022222222222222223,0.5,0.0,0.012342785522557723,5000,0.0,0.0,0.0,0.0,0,2.220446049250313e-16,0.010439210511264285,1.9689416214936513,3eac5d8df853cf8877a8cf2da4676afa083247dfec16cc899f30c0dac1d94879
cancellation_shared_vs_action_dependent,0,state_varying_shared,0.05,1.0,5000,0.04618022141234791,0.006088620703887424,0.012342785522557728,30.443103519437123,0.006088620703887424,0.022222222222222223,0.5,0.0,0.012342785522557723,5000,2.7755575615628914e-17,0.0,0.0,2.220446049250313e-16,0,1.8067769502749798e-12,0.010439210511264285,1.9689416214936513,3eac5d8df853cf8877a8cf2da4676afa083247dfec16cc899f30c0dac1d94879
cancellation_shared_vs_action_dependent,0,state_varying_shared,0.1,1.0,5000,0.09234548451183995,0.006088620703887424,0.012342785522557714,30.44310351943712,0.006088620703887424,0.022222222222222223,0.5,0.0,0.012342785522557709,5000,5.160802341031001e-17,0.0,0.0,2.220446049250313e-16,0,2.917999175622299e-12,0.010439210511264285,1.9689416214936513,3eac5d8df853cf8877a8cf2da4676afa083247dfec16cc899f30c0dac1d94879
cancellation_shared_vs_action_dependent,0,state_varying_shared,0.2,1.0,5000,0.1846825676831915,0.006088620703887424,0.012342785522557742,30.44310351943712,0.006088620703887424,0.022222222222222223,0.5,0.0,0.012342785522557723,5000,9.8879238130678e-17,0.0,0.0,2.220446049250313e-16,0,9.199752071253897e-12,0.010439210511264285,1.9689416214936513,3eac5d8df853cf8877a8cf2da4676afa083247dfec16cc899f30c0dac1d94879
cancellation_shared_vs_action_dependent,0,static_shared,0.0,1.01,5000,0.0006149506910926298,0.006149506910926299,0.0124662133777833,30.747534554631493,0.006149506910926299,0.022222222222222223,1.0,1.0,0.012342785522557723,5000,0.0,0.0,0.0,0.0,0,1.0147438445073931e-13,1.0,1.0,3eac5d8df853cf8877a8cf2da4676afa083247dfec16cc899f30c0dac1d94879
cancellation_shared_vs_action_dependent,0,static_shared,0.05,1.01,5000,0.05,0.006149506910926299,0.012466213377783295,30.747534554631493,0.006149506910926299,0.022222222222222223,1.0,1.0,0.012342785522557723,5000,1.3877787807814457e-17,0.0,0.0,1.1102230246251565e-16,0,1.3200551762793111e-12,1.0,1.0,3eac5d8df853cf8877a8cf2da4676afa083247dfec16cc899f30c0dac1d94879
cancellation_shared_vs_action_dependent,0,static_shared,0.1,1.01,5000,0.1,0.006149506910926299,0.012466213377783308,30.747534554631493,0.006149506910926299,0.022222222222222223,1.0,1.0,0.012342785522557723,5000,2.7755575615628914e-17,0.0,0.0,1.1102230246251565e-16,0,2.781108676686017e-12,1.0,1.0,3eac5d8df853cf8877a8cf2da4676afa083247dfec16cc899f30c0dac1d94879
cancellation_shared_vs_action_dependent,0,static_shared,0.2,1.01,5000,0.2,0.006149506910926299,0.012466213377783308,30.747534554631493,0.006149506910926299,0.022222222222222223,1.0,1.0,0.012342785522557723,5000,5.377642775528102e-17,0.0,0.0,1.1102230246251565e-16,0,8.79163408740169e-12,1.0,1.0,3eac5d8df853cf8877a8cf2da4676afa083247dfec16cc899f30c0dac1d94879
cancellation_shared_vs_action_dependent,0,state_varying_shared,0.0,1.01,5000,0.0006149506910926298,0.006149506910926299,0.0124662133777833,30.747534554631493,0.006149506910926299,0.022222222222222223,1.0,1.0,0.012342785522557723,5000,0.0,0.0,0.0,0.0,0,1.0147438445073931e-13,0.010439210511264285,1.9689416214936513,3eac5d8df853cf8877a8cf2da4676afa083247dfec16cc899f30c0dac1d94879
cancellation_shared_vs_action_dependent,0,state_varying_shared,0.05,1.01,5000,0.04618040437290197,0.006149506910926299,0.012466213377783295,30.747534554631493,0.006149506910926299,0.022222222222222223,1.0,1.0,0.012342785522557723,5000,2.7755575615628914e-17,0.0,0.0,1.1102230246251565e-16,0,1.3848922009174203e-12,0.010439210511264285,1.9689416214936513,3eac5d8df853cf8877a8cf2da4676afa083247dfec16cc899f30c0dac1d94879
cancellation_shared_vs_action_dependent,0,state_varying_shared,0.1,1.01,5000,0.09234559827440558,0.006149506910926299,0.012466213377783308,30.747534554631493,0.006149506910926299,0.022222222222222223,1.0,1.0,0.012342785522557723,5000,5.377642775528102e-17,0.0,0.0,2.220446049250313e-16,0,1.573852159708622e-12,0.010439210511264285,1.9689416214936513,3eac5d8df853cf8877a8cf2da4676afa083247dfec16cc899f30c0dac1d94879
cancellation_shared_vs_action_dependent,0,state_varying_shared,0.2,1.01,5000,0.18468262269234995,0.006149506910926299,0.012466213377783308,30.747534554631493,0.006149506910926299,0.022222222222222223,1.0,1.0,0.012342785522557723,5000,1.0321604682062002e-16,0.0,0.0,2.220446049250313e-16,0,8.79163408740169e-12,0.010439210511264285,1.9689416214936513,3eac5d8df853cf8877a8cf2da4676afa083247dfec16cc899f30c0dac1d94879
cancellation_shared_vs_action_dependent,0,static_shared,0.0,1.5,5000,0.0009132931055831137,0.009132931055831137,0.018514178283836585,45.66465527915568,0.009132931055831137,0.022222222222222223,1.0,1.0,0.012342785522557723,5000,0.0,0.0,0.0,0.0,0,1.2811973704174306e-13,1.0,1.0,3eac5d8df853cf8877a8cf2da4676afa083247dfec16cc899f30c0dac1d94879
cancellation_shared_vs_action_dependent,0,static_shared,0.05,1.5,5000,0.05,0.009132931055831137,0.018514178283836585,45.66465527915568,0.009132931055831137,0.022222222222222223,1.0,1.0,0.012342785522557723,5000,1.734723475976807e-17,0.0,0.0,1.1102230246251565e-16,0,1.4097611966690238e-12,1.0,1.0,3eac5d8df853cf8877a8cf2da4676afa083247dfec16cc899f30c0dac1d94879
cancellation_shared_vs_action_dependent,0,static_shared,0.1,1.5,5000,0.1,0.009132931055831137,0.018514178283836585,45.66465527915568,0.009132931055831137,0.022222222222222223,1.0,1.0,0.012342785522557723,5000,2.688821387764051e-17,0.0,0.0,1.1102230246251565e-16,0,4.377165296887142e-12,1.0,1.0,3eac5d8df853cf8877a8cf2da4676afa083247dfec16cc899f30c0dac1d94879
cancellation_shared_vs_action_dependent,0,static_shared,0.2,1.5,5000,0.2,0.009132931055831135,0.018514178283836585,45.664655279155674,0.009132931055831135,0.022222222222222223,1.0,1.0,0.012342785522557723,5000,5.4643789493269423e-17,0.0,0.0,1.1102230246251565e-16,0,4.377165296887142e-12,1.0,1.0,3eac5d8df853cf8877a8cf2da4676afa083247dfec16cc899f30c0dac1d94879
cancellation_shared_vs_action_dependent,0,state_varying_shared,0.0,1.5,5000,0.0009132931055831137,0.009132931055831137,0.018514178283836585,45.66465527915568,0.009132931055831137,0.022222222222222223,1.0,1.0,0.012342785522557723,5000,0.0,0.0,0.0,0.0,0,1.2811973704174306e-13,0.010439210511264285,1.9689416214936513,3eac5d8df853cf8877a8cf2da4676afa083247dfec16cc899f30c0dac1d94879
cancellation_shared_vs_action_dependent,0,state_varying_shared,0.05,1.5,5000,0.04619023904934796,0.009132931055831137,0.018514178283836585,45.66465527915568,0.009132931055831137,0.022222222222222223,1.0,1.0,0.012342785522557723,5000,2.7755575615628914e-17,0.0,0.0,1.1102230246251565e-16,0,1.694644424787839e-12,0.010439210511264285,1.9689416214936513,3eac5d8df853cf8877a8cf2da4676afa083247dfec16cc899f30c0dac1d94879
cancellation_shared_vs_action_dependent,0,state_varying_shared,0.1,1.5,5000,0.09235209817917299,0.009132931055831137,0.018514178283836585,45.66465527915568,0.009132931055831137,0.022222222222222223,1.0,1.0,0.012342785522557723,5000,5.204170427930421e-17,0.0,0.0,2.220446049250313e-16,0,4.595435143528448e-12,0.010439210511264285,1.9689416214936513,3eac5d8df853cf8877a8cf2da4676afa083247dfec16cc899f30c0dac1d94879
cancellation_shared_vs_action_dependent,0,state_varying_shared,0.2,1.5,5000,0.18468608269898415,0.009132931055831137,0.018514178283836585,45.66465527915568,0.009132931055831137,0.022222222222222223,1.0,1.0,0.012342785522557723,5000,8.673617379884035e-17,0.0,0.0,2.220446049250313e-16,0,1.8409274105124496e-11,0.010439210511264285,1.9689416214936513,3eac5d8df853cf8877a8cf2da4676afa083247dfec16cc899f30c0dac1d94879
cancellation_shared_vs_action_dependent,1,static_shared,0.0,0.0,5000,0.0,0.0,0.0,0.0,0.0,0.0,0.0,0.0,0.0,0,0.0,0.0,0.0,0.0,0,0.0,1.0,1.0,e1430fe6f9f591e9188c1a5b7f54fe22e3e9178eae3e37f663672f70a33fb6cb
cancellation_shared_vs_action_dependent,1,static_shared,0.05,0.0,5000,0.05,4.23716617348191e-17,1.1102230246251565e-16,2.118583086740955e-13,4.23716617348191e-17,0.0,0.0,0.0,1.1102230246251565e-16,0,1.1102230246251565e-16,0.0,0.0,1.1102230246251565e-16,0,2.4425772433002953e-09,1.0,1.0,e1430fe6f9f591e9188c1a5b7f54fe22e3e9178eae3e37f663672f70a33fb6cb
cancellation_shared_vs_action_dependent,1,static_shared,0.1,0.0,5000,0.1,4.9307780081164764e-17,1.1102230246251565e-16,2.465389004058238e-13,4.9307780081164764e-17,0.0,0.0,0.0,1.1102230246251565e-16,0,1.1102230246251565e-16,0.0,0.0,1.1102230246251565e-16,0,2.4425772433002953e-09,1.0,1.0,e1430fe6f9f591e9188c1a5b7f54fe22e3e9178eae3e37f663672f70a33fb6cb
cancellation_shared_vs_action_dependent,1,static_shared,0.2,0.0,5000,0.2,7.105982469113315e-17,1.1102230246251565e-16,3.552991234556657e-13,7.105982469113315e-17,0.0,0.0,0.0,1.1102230246251565e-16,0,1.1102230246251565e-16,0.0,0.0,1.1102230246251565e-16,0,3.6638658649504434e-09,1.0,1.0,e1430fe6f9f591e9188c1a5b7f54fe22e3e9178eae3e37f663672f70a33fb6cb
cancellation_shared_vs_action_dependent,1,state_varying_shared,0.0,0.0,5000,0.0,0.0,0.0,0.0,0.0,0.0,0.0,0.0,0.0,0,0.0,0.0,0.0,0.0,0,0.0,0.0275011989157673,1.9833979831020905,e1430fe6f9f591e9188c1a5b7f54fe22e3e9178eae3e37f663672f70a33fb6cb
cancellation_shared_vs_action_dependent,1,state_varying_shared,0.05,0.0,5000,0.04394534665733023,3.6221633331612324e-17,1.6653345369377348e-16,1.8110816665806162e-13,3.6221633331612324e-17,0.0,0.0,0.0,1.1102230246251565e-16,0,1.6653345369377348e-16,0.0,0.0,1.1102230246251565e-16,0,2.4425772433002953e-09,0.0275011989157673,1.9833979831020905,e1430fe6f9f591e9188c1a5b7f54fe22e3e9178eae3e37f663672f70a33fb6cb
cancellation_shared_vs_action_dependent,1,state_varying_shared,0.1,0.0,5000,0.08789069331466046,4.246013263209392e-17,1.6653345369377348e-16,2.1230066316046958e-13,4.246013263209392e-17,0.0,0.0,0.0,2.220446049250313e-16,0,1.6653345369377348e-16,0.0,0.0,2.220446049250313e-16,0,1.2212886216501477e-09,0.0275011989157673,1.9833979831020905,e1430fe6f9f591e9188c1a5b7f54fe22e3e9178eae3e37f663672f70a33fb6cb
cancellation_shared_vs_action_dependent,1,state_varying_shared,0.2,0.0,5000,0.1757813866293209,5.575748196484654e-17,2.220446049250313e-16,2.7878740982423267e-13,5.575748196484654e-17,0.0,0.0,0.0,2.220446049250313e-16,0,2.220446049250313e-16,0.0,0.0,2.220446049250313e-16,0,2.4425772433002953e-09,0.0275011989157673,1.9833979831020905,e1430fe6f9f591e9188c1a5b7f54fe22e3e9178eae3e37f663672f70a33fb6cb
cancellation_shared_vs_action_dependent,1,static_shared,0.0,0.5,5000,0.0003096230789490495,0.0030962307894904944,0.006172801410199498,15.481153947452473,0.0030962307894904944,0.0,0.0,0.0,0.006172801410199498,0,0.0,0.0,0.0,0.0,0,1.9082624369559653e-11,1.0,1.0,e1430fe6f9f591e9188c1a5b7f54fe22e3e9178eae3e37f663672f70a33fb6cb
cancellation_shared_vs_action_dependent,1,static_shared,0.05,0.5,5000,0.05,0.0030962307894904944,0.006172801410199491,15.481153947452473,0.0030962307894904944,0.0,0.0,0.0,0.006172801410199496,0,1.3877787807814457e-17,0.0,0.0,1.1102230246251565e-16,0,1.335784260980688e-10,1.0,1.0,e1430fe6f9f591e9188c1a5b7f54fe22e3e9178eae3e37f663672f70a33fb6cb
cancellation_shared_vs_action_dependent,1,static_shared,0.1,0.5,5000,0.1,0.0030962307894904944,0.006172801410199491,15.481153947452473,0.0030962307894904944,0.0,0.0,0.0,0.006172801410199489,0,2.7755575615628914e-17,0.0,0.0,1.1102230246251565e-16,0,1.335784260980688e-10,1.0,1.0,e1430fe6f9f591e9188c1a5b7f54fe22e3e9178eae3e37f663672f70a33fb6cb
cancellation_shared_vs_action_dependent,1,static_shared,0.2,0.5,5000,0.2,0.003096230789490494,0.006172801410199491,15.48115394745247,0.003096230789490494,0.0,0.0,0.0,0.006172801410199475,0,5.551115123125783e-17,0.0,0.0,1.1102230246251565e-16,0,1.335784260980688e-10,1.0,1.0,e1430fe6f9f591e9188c1a5b7f54fe22e3e9178eae3e37f663672f70a33fb6cb
cancellation_shared_vs_action_dependent,1,state_varying_shared,0.0,0.5,5000,0.0003096230789490495,0.0030962307894904944,0.006172801410199498,15.481153947452473,0.0030962307894904944,0.0,0.0,0.0,0.006172801410199498,0,0.0,0.0,0.0,0.0,0,1.9082624369559653e-11,0.0275011989157673,1.9833979831020905,e1430fe6f9f591e9188c1a5b7f54fe22e3e9178eae3e37f663672f70a33fb6cb
cancellation_shared_vs_action_dependent,1,state_varying_shared,0.05,0.5,5000,0.04394553838210031,0.0030962307894904944,0.006172801410199484,15.481153947452473,0.0030962307894904944,0.0,0.0,0.0,0.006172801410199489,0,2.949029909160572e-17,0.0,0.0,2.220446049250313e-16,0,1.335784260980688e-10,0.0275011989157673,1.9833979831020905,e1430fe6f9f591e9188c1a5b7f54fe22e3e9178eae3e37f663672f70a33fb6cb
cancellation_shared_vs_action_dependent,1,state_varying_shared,0.1,0.5,5000,0.08789069331466046,0.0030962307894904944,0.006172801410199491,15.481153947452473,0.0030962307894904944,0.0,0.0,0.0,0.006172801410199489,0,5.551115123125783e-17,0.0,0.0,2.220446049250313e-16,0,1.335784260980688e-10,0.0275011989157673,1.9833979831020905,e1430fe6f9f591e9188c1a5b7f54fe22e3e9178eae3e37f663672f70a33fb6cb
cancellation_shared_vs_action_dependent,1,state_varying_shared,0.2,0.5,5000,0.1757813866293209,0.0030962307894904944,0.006172801410199491,15.481153947452473,0.0030962307894904944,0.0,0.0,0.0,0.006172801410199475,0,1.0321604682062002e-16,0.0,0.0,2.220446049250313e-16,0,1.335784260980688e-10,0.0275011989157673,1.9833979831020905,e1430fe6f9f591e9188c1a5b7f54fe22e3e9178eae3e37f663672f70a33fb6cb
cancellation_shared_vs_action_dependent,1,static_shared,0.0,0.99,5000,0.0006130536963191178,0.0061305369631911785,0.012222146792195004,30.652684815955894,0.0061305369631911785,0.0,0.0,0.0,0.012222146792195004,0,0.0,0.0,0.0,0.0,0,6.488032333606952e-12,1.0,1.0,e1430fe6f9f591e9188c1a5b7f54fe22e3e9178eae3e37f663672f70a33fb6cb
cancellation_shared_vs_action_dependent,1,static_shared,0.05,0.99,5000,0.05,0.0061305369631911785,0.012222146792195007,30.652684815955894,0.0061305369631911785,0.0,0.0,0.0,0.012222146792195012,0,1.9949319973733282e-17,0.0,0.0,1.1102230246251565e-16,0,4.465339209502872e-11,1.0,1.0,e1430fe6f9f591e9188c1a5b7f54fe22e3e9178eae3e37f663672f70a33fb6cb
cancellation_shared_vs_action_dependent,1,static_shared,0.1,0.99,5000,0.1,0.0061305369631911785,0.012222146792194993,30.652684815955894,0.0061305369631911785,0.0,0.0,0.0,0.012222146792194992,0,2.7755575615628914e-17,0.0,0.0,1.1102230246251565e-16,0,5.659909207977876e-10,1.0,1.0,e1430fe6f9f591e9188c1a5b7f54fe22e3e9178eae3e37f663672f70a33fb6cb
cancellation_shared_vs_action_dependent,1,static_shared,0.2,0.99,5000,0.2,0.0061305369631911785,0.012222146792195021,30.652684815955894,0.0061305369631911785,0.0,0.0,0.0,0.012222146792195005,0,6.331740687315346e-17,0.0,0.0,1.1102230246251565e-16,0,5.659909207977876e-10,1.0,1.0,e1430fe6f9f591e9188c1a5b7f54fe22e3e9178eae3e37f663672f70a33fb6cb
cancellation_shared_vs_action_dependent,1,state_varying_shared,0.0,0.99,5000,0.0006130536963191178,0.0061305369631911785,0.012222146792195004,30.652684815955894,0.0061305369631911785,0.0,0.0,0.0,0.012222146792195004,0,0.0,0.0,0.0,0.0,0,6.488032333606952e-12,0.0275011989157673,1.9833979831020905,e1430fe6f9f591e9188c1a5b7f54fe22e3e9178eae3e37f663672f70a33fb6cb
cancellation_shared_vs_action_dependent,1,state_varying_shared,0.05,0.99,5000,0.043947539266891884,0.0061305369631911785,0.012222146792195,30.652684815955894,0.0061305369631911785,0.0,0.0,0.0,0.012222146792195005,0,2.688821387764051e-17,0.0,0.0,1.1102230246251565e-16,0,4.465339209502872e-11,0.0275011989157673,1.9833979831020905,e1430fe6f9f591e9188c1a5b7f54fe22e3e9178eae3e37f663672f70a33fb6cb
cancellation_shared_vs_action_dependent,1,state_varying_shared,0.1,0.99,5000,0.08789105485106011,0.0061305369631911785,0.012222146792194993,30.652684815955894,0.0061305369631911785,0.0,0.0,0.0,0.012222146792194992,0,5.551115123125783e-17,0.0,0.0,2.220446049250313e-16,0,4.465339209502872e-11,0.0275011989157673,1.9833979831020905,e1430fe6f9f591e9188c1a5b7f54fe22e3e9178eae3e37f663672f70a33fb6cb
cancellation_shared_vs_action_dependent,1,state_varying_shared,0.2,0.99,5000,0.1757813866293209,0.006130536963191179,0.012222146792195021,30.652684815955897,0.006130536963191179,0.0,0.0,0.0,0.012222146792195005,0,1.0928757898653885e-16,0.0,0.0,2.220446049250313e-16,0,5.659909207977876e-10,0.0275011989157673,1.9833979831020905,e1430fe6f9f591e9188c1a5b7f54fe22e3e9178eae3e37f663672f70a33fb6cb
cancellation_shared_vs_action_dependent,1,static_shared,0.0,1.0,5000,0.000619246157898099,0.006192461578980989,0.012345602820398994,30.962307894904942,0.006192461578980989,0.022222222222222223,0.5,0.0,0.012345602820398994,5000,0.0,0.0,0.0,0.0,0,2.220446049250313e-16,1.0,1.0,e1430fe6f9f591e9188c1a5b7f54fe22e3e9178eae3e37f663672f70a33fb6cb
cancellation_shared_vs_action_dependent,1,static_shared,0.05,1.0,5000,0.05,0.006192461578980989,0.012345602820398996,30.962307894904946,0.006192461578980989,0.022222222222222223,0.5,0.0,0.012345602820398994,5000,1.3877787807814457e-17,0.0,0.0,1.1102230246251565e-16,0,2.671568521961376e-10,1.0,1.0,e1430fe6f9f591e9188c1a5b7f54fe22e3e9178eae3e37f663672f70a33fb6cb
cancellation_shared_vs_action_dependent,1,static_shared,0.1,1.0,5000,0.1,0.006192461578980989,0.012345602820398982,30.962307894904946,0.006192461578980989,0.022222222222222223,0.5,0.0,0.01234560282039898,5000,2.688821387764051e-17,0.0,0.0,1.1102230246251565e-16,0,2.671568521961376e-10,1.0,1.0,e1430fe6f9f591e9188c1a5b7f54fe22e3e9178eae3e37f663672f70a33fb6cb
cancellation_shared_vs_action_dependent,1,static_shared,0.2,1.0,5000,0.2,0.006192461578980989,0.012345602820398982,30.962307894904946,0.006192461578980989,0.022222222222222223,0.5,0.0,0.012345602820398966,5000,5.377642775528102e-17,0.0,0.0,1.1102230246251565e-16,0,2.671568521961376e-10,1.0,1.0,e1430fe6f9f591e9188c1a5b7f54fe22e3e9178eae3e37f663672f70a33fb6cb
cancellation_shared_vs_action_dependent,1,state_varying_shared,0.0,1.0,5000,0.000619246157898099,0.006192461578980989,0.012345602820398994,30.962307894904942,0.006192461578980989,0.022222222222222223,0.5,0.0,0.012345602820398994,5000,0.0,0.0,0.0,0.0,0,2.220446049250313e-16,0.0275011989157673,1.9833979831020905,e1430fe6f9f591e9188c1a5b7f54fe22e3e9178eae3e37f663672f70a33fb6cb
cancellation_shared_vs_action_dependent,1,state_varying_shared,0.05,1.0,5000,0.04394759672337987,0.006192461578980989,0.012345602820398989,30.962307894904946,0.006192461578980989,0.022222222222222223,0.5,0.0,0.012345602820398994,5000,2.688821387764051e-17,0.0,0.0,1.1102230246251565e-16,0,3.8165248739119306e-11,0.0275011989157673,1.9833979831020905,e1430fe6f9f591e9188c1a5b7f54fe22e3e9178eae3e37f663672f70a33fb6cb
cancellation_shared_vs_action_dependent,1,state_varying_shared,0.1,1.0,5000,0.08789107676420062,0.006192461578980989,0.012345602820398982,30.962307894904946,0.006192461578980989,0.022222222222222223,0.5,0.0,0.01234560282039898,5000,5.2475385148298415e-17,0.0,0.0,2.220446049250313e-16,0,2.671568521961376e-10,0.0275011989157673,1.9833979831020905,e1430fe6f9f591e9188c1a5b7f54fe22e3e9178eae3e37f663672f70a33fb6cb
cancellation_shared_vs_action_dependent,1,state_varying_shared,0.2,1.0,5000,0.1757813866293209,0.006192461578980989,0.012345602820398982,30.962307894904946,0.006192461578980989,0.022222222222222223,0.5,0.0,0.012345602820398966,5000,1.0581813203458523e-16,0.0,0.0,2.220446049250313e-16,0,2.671568521961376e-10,0.0275011989157673,1.9833979831020905,e1430fe6f9f591e9188c1a5b7f54fe22e3e9178eae3e37f663672f70a33fb6cb
cancellation_shared_vs_action_dependent,1,static_shared,0.0,1.01,5000,0.0006254386194770798,0.006254386194770799,0.012469058848602985,31.271930973853994,0.006254386194770799,0.022222222222222223,1.0,1.0,0.012345602820398994,5000,0.0,0.0,0.0,0.0,0,6.488143355909415e-12,1.0,1.0,e1430fe6f9f591e9188c1a5b7f54fe22e3e9178eae3e37f663672f70a33fb6cb
cancellation_shared_vs_action_dependent,1,static_shared,0.05,1.01,5000,0.05,0.006254386194770799,0.012469058848602985,31.271930973853994,0.006254386194770799,0.022222222222222223,1.0,1.0,0.012345602820398994,5000,1.9081958235744878e-17,0.0,0.0,1.1102230246251565e-16,0,1.2098388957326733e-10,1.0,1.0,e1430fe6f9f591e9188c1a5b7f54fe22e3e9178eae3e37f663672f70a33fb6cb
cancellation_shared_vs_action_dependent,1,static_shared,0.1,1.01,5000,0.1,0.006254386194770799,0.012469058848602985,31.271930973853994,0.006254386194770799,0.022222222222222223,1.0,1.0,0.012345602820398994,5000,3.9898639947466563e-17,0.0,0.0,1.1102230246251565e-16,0,1.2098388957326733e-10,1.0,1.0,e1430fe6f9f591e9188c1a5b7f54fe22e3e9178eae3e37f663672f70a33fb6cb
cancellation_shared_vs_action_dependent,1,static_shared,0.2,1.01,5000,0.2,0.006254386194770799,0.012469058848602999,31.271930973853994,0.006254386194770799,0.022222222222222223,1.0,1.0,0.012345602820398994,5000,5.377642775528102e-17,0.0,0.0,1.1102230246251565e-16,0,1.1003047362123652e-09,1.0,1.0,e1430fe6f9f591e9188c1a5b7f54fe22e3e9178eae3e37f663672f70a33fb6cb
cancellation_shared_vs_action_dependent,1,state_varying_shared,0.0,1.01,5000,0.0006254386194770798,0.006254386194770799,0.012469058848602985,31.271930973853994,0.006254386194770799,0.022222222222222223,1.0,1.0,0.012345602820398994,5000,0.0,0.0,0.0,0.0,0,6.488143355909415e-12,0.0275011989157673,1.9833979831020905,e1430fe6f9f591e9188c1a5b7f54fe22e3e9178eae3e37f663672f70a33fb6cb
cancellation_shared_vs_action_dependent,1,state_varying_shared,0.05,1.01,5000,0.04394765417986784,0.006254386194770799,0.012469058848602978,31.271930973853994,0.006254386194770799,0.022222222222222223,1.0,1.0,0.012345602820398994,5000,2.7755575615628914e-17,0.0,0.0,1.1102230246251565e-16,0,1.2098388957326733e-10,0.0275011989157673,1.9833979831020905,e1430fe6f9f591e9188c1a5b7f54fe22e3e9178eae3e37f663672f70a33fb6cb
cancellation_shared_vs_action_dependent,1,state_varying_shared,0.1,1.01,5000,0.0878910987685839,0.006254386194770799,0.012469058848602985,31.271930973853998,0.006254386194770799,0.022222222222222223,1.0,1.0,0.012345602820398994,5000,5.377642775528102e-17,0.0,0.0,2.220446049250313e-16,0,1.2098388957326733e-10,0.0275011989157673,1.9833979831020905,e1430fe6f9f591e9188c1a5b7f54fe22e3e9178eae3e37f663672f70a33fb6cb
cancellation_shared_vs_action_dependent,1,state_varying_shared,0.2,1.01,5000,0.1757813866293209,0.006254386194770798,0.012469058848602999,31.27193097385399,0.006254386194770798,0.022222222222222223,1.0,1.0,0.012345602820398994,5000,1.0928757898653885e-16,0.0,0.0,2.220446049250313e-16,0,1.2098388957326733e-10,0.0275011989157673,1.9833979831020905,e1430fe6f9f591e9188c1a5b7f54fe22e3e9178eae3e37f663672f70a33fb6cb
cancellation_shared_vs_action_dependent,1,static_shared,0.0,1.5,5000,0.0009288692368471483,0.009288692368471484,0.01851840423059849,46.443461842357415,0.009288692368471484,0.022222222222222223,1.0,1.0,0.012345602820398994,5000,0.0,0.0,0.0,0.0,0,1.9082735391862116e-11,1.0,1.0,e1430fe6f9f591e9188c1a5b7f54fe22e3e9178eae3e37f663672f70a33fb6cb
cancellation_shared_vs_action_dependent,1,static_shared,0.05,1.5,5000,0.05,0.009288692368471484,0.018518404230598487,46.443461842357415,0.009288692368471484,0.022222222222222223,1.0,1.0,0.012345602820398994,5000,1.734723475976807e-17,0.0,0.0,1.1102230246251565e-16,0,2.0990897908745865e-10,1.0,1.0,e1430fe6f9f591e9188c1a5b7f54fe22e3e9178eae3e37f663672f70a33fb6cb
cancellation_shared_vs_action_dependent,1,static_shared,0.1,1.5,5000,0.1,0.009288692368471484,0.0185184042305985,46.44346184235742,0.009288692368471484,0.022222222222222223,1.0,1.0,0.012345602820398994,5000,2.688821387764051e-17,0.0,0.0,1.1102230246251565e-16,0,4.007352227830552e-10,1.0,1.0,e1430fe6f9f591e9188c1a5b7f54fe22e3e9178eae3e37f663672f70a33fb6cb
cancellation_shared_vs_action_dependent,1,static_shared,0.2,1.5,5000,0.2,0.009288692368471484,0.018518404230598473,46.443461842357415,0.009288692368471484,0.022222222222222223,1.0,1.0,0.012345602820398994,5000,6.938893903907228e-17,0.0,0.0,1.1102230246251565e-16,0,4.007352227830552e-10,1.0,1.0,e1430fe6f9f591e9188c1a5b7f54fe22e3e9178eae3e37f663672f70a33fb6cb
cancellation_shared_vs_action_dependent,1,state_varying_shared,0.0,1.5,5000,0.0009288692368471483,0.009288692368471484,0.01851840423059849,46.443461842357415,0.009288692368471484,0.022222222222222223,1.0,1.0,0.012345602820398994,5000,0.0,0.0,0.0,0.0,0,1.9082735391862116e-11,0.0275011989157673,1.9833979831020905,e1430fe6f9f591e9188c1a5b7f54fe22e3e9178eae3e37f663672f70a33fb6cb
cancellation_shared_vs_action_dependent,1,state_varying_shared,0.05,1.5,5000,0.04395114435668699,0.009288692368471484,0.018518404230598487,46.44346184235742,0.009288692368471484,0.022222222222222223,1.0,1.0,0.012345602820398994,5000,2.6020852139652106e-17,0.0,0.0,1.1102230246251565e-16,0,9.541323287010073e-11,0.0275011989157673,1.9833979831020905,e1430fe6f9f591e9188c1a5b7f54fe22e3e9178eae3e37f663672f70a33fb6cb
cancellation_shared_vs_action_dependent,1,state_varying_shared,0.1,1.5,5000,0.08789259295812231,0.009288692368471484,0.0185184042305985,46.443461842357415,0.009288692368471484,0.022222222222222223,1.0,1.0,0.012345602820398994,5000,5.551115123125783e-17,0.0,0.0,2.220446049250313e-16,0,2.0990897908745865e-10,0.0275011989157673,1.9833979831020905,e1430fe6f9f591e9188c1a5b7f54fe22e3e9178eae3e37f663672f70a33fb6cb
cancellation_shared_vs_action_dependent,1,state_varying_shared,0.2,1.5,5000,0.17578150830582606,0.009288692368471484,0.018518404230598473,46.44346184235742,0.009288692368471484,0.022222222222222223,1.0,1.0,0.012345602820398994,5000,1.0755285551056204e-16,0.0,0.0,2.220446049250313e-16,0,4.007352227830552e-10,0.0275011989157673,1.9833979831020905,e1430fe6f9f591e9188c1a5b7f54fe22e3e9178eae3e37f663672f70a33fb6cb
cancellation_shared_vs_action_dependent,2,static_shared,0.0,0.0,5000,0.0,0.0,0.0,0.0,0.0,0.0,0.0,0.0,0.0,0,0.0,0.0,0.0,0.0,0,0.0,1.0,1.0,f1f1f54c693a3b82ceee433ec452c51e33e4eca98b3d9b07b5c1fa97d8671aa5
cancellation_shared_vs_action_dependent,2,static_shared,0.05,0.0,5000,0.05,4.273248421782228e-17,1.1102230246251565e-16,2.1366242108911138e-13,4.273248421782228e-17,0.0,0.0,0.0,1.1102230246251565e-16,0,1.1102230246251565e-16,0.0,0.0,1.1102230246251565e-16,0,5.660510476215635e-11,1.0,1.0,f1f1f54c693a3b82ceee433ec452c51e33e4eca98b3d9b07b5c1fa97d8671aa5
cancellation_shared_vs_action_dependent,2,static_shared,0.1,0.0,5000,0.1,4.9202308893825373e-17,1.1102230246251565e-16,2.460115444691269e-13,4.9202308893825373e-17,0.0,0.0,0.0,1.1102230246251565e-16,0,1.1102230246251565e-16,0.0,0.0,1.1102230246251565e-16,0,5.660510476215635e-11,1.0,1.0,f1f1f54c693a3b82ceee433ec452c51e33e4eca98b3d9b07b5c1fa97d8671aa5
cancellation_shared_vs_action_dependent,2,static_shared,0.2,0.0,5000,0.2,7.236433674506771e-17,1.1102230246251565e-16,3.618216837253385e-13,7.236433674506771e-17,0.0,0.0,0.0,1.1102230246251565e-16,0,1.1102230246251565e-16,0.0,0.0,1.1102230246251565e-16,0,1.132102095243127e-10,1.0,1.0,f1f1f54c693a3b82ceee433ec452c51e33e4eca98b3d9b07b5c1fa97d8671aa5
cancellation_shared_vs_action_dependent,2,state_varying_shared,0.0,0.0,5000,0.0,0.0,0.0,0.0,0.0,0.0,0.0,0.0,0.0,0,0.0,0.0,0.0,0.0,0,0.0,0.02495233435433508,1.9638826311959832,f1f1f54c693a3b82ceee433ec452c51e33e4eca98b3d9b07b5c1fa97d8671aa5
cancellation_shared_vs_action_dependent,2,state_varying_shared,0.05,0.0,5000,0.049161996206786115,3.725197234016875e-17,1.6653345369377348e-16,1.8625986170084374e-13,3.725197234016875e-17,0.0,0.0,0.0,1.1102230246251565e-16,0,1.6653345369377348e-16,0.0,0.0,1.1102230246251565e-16,0,5.660510476215635e-11,0.02495233435433508,1.9638826311959832,f1f1f54c693a3b82ceee433ec452c51e33e4eca98b3d9b07b5c1fa97d8671aa5
cancellation_shared_vs_action_dependent,2,state_varying_shared,0.1,0.0,5000,0.09832399241357223,4.446304435745674e-17,1.6653345369377348e-16,2.223152217872837e-13,4.446304435745674e-17,0.0,0.0,0.0,2.220446049250313e-16,0,1.6653345369377348e-16,0.0,0.0,2.220446049250313e-16,0,6.385031512211398e-11,0.02495233435433508,1.9638826311959832,f1f1f54c693a3b82ceee433ec452c51e33e4eca98b3d9b07b5c1fa97d8671aa5
cancellation_shared_vs_action_dependent,2,state_varying_shared,0.2,0.0,5000,0.19664798482714446,5.928556257028817e-17,2.220446049250313e-16,2.964278128514408e-13,5.928556257028817e-17,0.0,0.0,0.0,2.220446049250313e-16,0,2.220446049250313e-16,0.0,0.0,2.220446049250313e-16,0,8.513375349615197e-11,0.02495233435433508,1.9638826311959832,f1f1f54c693a3b82ceee433ec452c51e33e4eca98b3d9b07b5c1fa97d8671aa5
cancellation_shared_vs_action_dependent,2,static_shared,0.0,0.5,5000,0.00030459090890253834,0.0030459090890253833,0.006171886592440327,15.229545445126917,0.0030459090890253833,0.0,0.0,0.0,0.006171886592440327,0,0.0,0.0,0.0,0.0,0,3.325117958752344e-13,1.0,1.0,f1f1f54c693a3b82ceee433ec452c51e33e4eca98b3d9b07b5c1fa97d8671aa5
cancellation_shared_vs_action_dependent,2,static_shared,0.05,0.5,5000,0.05,0.0030459090890253833,0.006171886592440334,15.229545445126917,0.0030459090890253833,0.0,0.0,0.0,0.006171886592440336,0,1.734723475976807e-17,0.0,0.0,1.1102230246251565e-16,0,6.983635891799622e-12,1.0,1.0,f1f1f54c693a3b82ceee433ec452c51e33e4eca98b3d9b07b5c1fa97d8671aa5
cancellation_shared_vs_action_dependent,2,static_shared,0.1,0.5,5000,0.1,0.0030459090890253833,0.006171886592440334,15.229545445126917,0.0030459090890253833,0.0,0.0,0.0,0.006171886592440336,0,2.7755575615628914e-17,0.0,0.0,1.1102230246251565e-16,0,6.983635891799622e-12,1.0,1.0,f1f1f54c693a3b82ceee433ec452c51e33e4eca98b3d9b07b5c1fa97d8671aa5
cancellation_shared_vs_action_dependent,2,static_shared,0.2,0.5,5000,0.2,0.0030459090890253833,0.006171886592440334,15.229545445126917,0.0030459090890253833,0.0,0.0,0.0,0.006171886592440322,0,5.551115123125783e-17,0.0,0.0,1.1102230246251565e-16,0,3.558325856189981e-11,1.0,1.0,f1f1f54c693a3b82ceee433ec452c51e33e4eca98b3d9b07b5c1fa97d8671aa5
cancellation_shared_vs_action_dependent,2,state_varying_shared,0.0,0.5,5000,0.00030459090890253834,0.0030459090890253833,0.006171886592440327,15.229545445126917,0.0030459090890253833,0.0,0.0,0.0,0.006171886592440327,0,0.0,0.0,0.0,0.0,0,3.325117958752344e-13,0.02495233435433508,1.9638826311959832,f1f1f54c693a3b82ceee433ec452c51e33e4eca98b3d9b07b5c1fa97d8671aa5
cancellation_shared_vs_action_dependent,2,state_varying_shared,0.05,0.5,5000,0.04916230749576094,0.0030459090890253833,0.006171886592440334,15.229545445126917,0.0030459090890253833,0.0,0.0,0.0,0.006171886592440336,0,2.7755575615628914e-17,0.0,0.0,1.1102230246251565e-16,0,1.7625345627436673e-11,0.02495233435433508,1.9638826311959832,f1f1f54c693a3b82ceee433ec452c51e33e4eca98b3d9b07b5c1fa97d8671aa5
cancellation_shared_vs_action_dependent,2,state_varying_shared,0.1,0.5,5000,0.09832399241357223,0.0030459090890253833,0.006171886592440334,15.229545445126917,0.0030459090890253833,0.0,0.0,0.0,0.006171886592440322,0,5.204170427930421e-17,0.0,0.0,2.220446049250313e-16,0,5.686667803317391e-11,0.02495233435433508,1.9638826311959832,f1f1f54c693a3b82ceee433ec452c51e33e4eca98b3d9b07b5c1fa97d8671aa5
cancellation_shared_vs_action_dependent,2,state_varying_shared,0.2,0.5,5000,0.19664798482714446,0.0030459090890253833,0.006171886592440279,15.229545445126917,0.0030459090890253833,0.0,0.0,0.0,0.006171886592440267,0,1.0755285551056204e-16,0.0,0.0,2.220446049250313e-16,0,3.558325856189981e-11,0.02495233435433508,1.9638826311959832,f1f1f54c693a3b82ceee433ec452c51e33e4eca98b3d9b07b5c1fa97d8671aa5
cancellation_shared_vs_action_dependent,2,static_shared,0.0,0.99,5000,0.0006030899996270258,0.006030899996270258,0.01222033545303185,30.154499981351293,0.006030899996270258,0.0,0.0,0.0,0.01222033545303185,0,0.0,0.0,0.0,0.0,0,2.5213164889237305e-13,1.0,1.0,f1f1f54c693a3b82ceee433ec452c51e33e4eca98b3d9b07b5c1fa97d8671aa5
cancellation_shared_vs_action_dependent,2,static_shared,0.05,0.99,5000,0.05,0.006030899996270258,0.012220335453031854,30.154499981351293,0.006030899996270258,0.0,0.0,0.0,0.012220335453031849,0,1.3877787807814457e-17,0.0,0.0,1.1102230246251565e-16,0,9.158562797040304e-12,1.0,1.0,f1f1f54c693a3b82ceee433ec452c51e33e4eca98b3d9b07b5c1fa97d8671aa5
cancellation_shared_vs_action_dependent,2,static_shared,0.1,0.99,5000,0.1,0.006030899996270259,0.01222033545303186,30.154499981351297,0.006030899996270259,0.0,0.0,0.0,0.012220335453031863,0,3.9898639947466563e-17,0.0,0.0,1.1102230246251565e-16,0,1.213029676705446e-11,1.0,1.0,f1f1f54c693a3b82ceee433ec452c51e33e4eca98b3d9b07b5c1fa97d8671aa5
cancellation_shared_vs_action_dependent,2,static_shared,0.2,0.99,5000,0.2,0.006030899996270259,0.01222033545303186,30.154499981351297,0.006030899996270259,0.0,0.0,0.0,0.012220335453031849,0,5.2909066017292616e-17,0.0,0.0,1.1102230246251565e-16,0,1.213029676705446e-11,1.0,1.0,f1f1f54c693a3b82ceee433ec452c51e33e4eca98b3d9b07b5c1fa97d8671aa5
cancellation_shared_vs_action_dependent,2,state_varying_shared,0.0,0.99,5000,0.0006030899996270258,0.006030899996270258,0.01222033545303185,30.154499981351293,0.006030899996270258,0.0,0.0,0.0,0.01222033545303185,0,0.0,0.0,0.0,0.0,0,2.5213164889237305e-13,0.02495233435433508,1.9638826311959832,f1f1f54c693a3b82ceee433ec452c51e33e4eca98b3d9b07b5c1fa97d8671aa5
cancellation_shared_vs_action_dependent,2,state_varying_shared,0.05,0.99,5000,0.04916418747837407,0.006030899996270258,0.01222033545303186,30.154499981351293,0.006030899996270258,0.0,0.0,0.0,0.012220335453031863,0,2.7755575615628914e-17,0.0,0.0,1.1102230246251565e-16,0,2.401301379961751e-12,0.02495233435433508,1.9638826311959832,f1f1f54c693a3b82ceee433ec452c51e33e4eca98b3d9b07b5c1fa97d8671aa5
cancellation_shared_vs_action_dependent,2,state_varying_shared,0.1,0.99,5000,0.09832459213310857,0.006030899996270259,0.01222033545303186,30.154499981351297,0.006030899996270259,0.0,0.0,0.0,0.012220335453031849,0,5.551115123125783e-17,0.0,0.0,1.1102230246251565e-16,0,3.0441982268314405e-11,0.02495233435433508,1.9638826311959832,f1f1f54c693a3b82ceee433ec452c51e33e4eca98b3d9b07b5c1fa97d8671aa5
cancellation_shared_vs_action_dependent,2,state_varying_shared,0.2,0.99,5000,0.19664798482714446,0.006030899996270258,0.012220335453031805,30.154499981351293,0.006030899996270258,0.0,0.0,0.0,0.012220335453031793,0,1.1102230246251565e-16,0.0,0.0,2.220446049250313e-16,0,9.158562797040304e-12,0.02495233435433508,1.9638826311959832,f1f1f54c693a3b82ceee433ec452c51e33e4eca98b3d9b07b5c1fa97d8671aa5
cancellation_shared_vs_action_dependent,2,static_shared,0.0,1.0,5000,0.0006091818178050767,0.0060918181780507666,0.012343773184880657,30.459090890253833,0.0060918181780507666,0.022222222222222223,0.5,0.0,0.012343773184880657,5000,0.0,0.0,0.0,0.0,0,2.220446049250313e-16,1.0,1.0,f1f1f54c693a3b82ceee433ec452c51e33e4eca98b3d9b07b5c1fa97d8671aa5
cancellation_shared_vs_action_dependent,2,static_shared,0.05,1.0,5000,0.05,0.0060918181780507666,0.012343773184880662,30.459090890253833,0.0060918181780507666,0.022222222222222223,0.5,0.0,0.012343773184880657,5000,1.3444106938820255e-17,0.0,0.0,1.1102230246251565e-16,0,7.316147687674857e-12,1.0,1.0,f1f1f54c693a3b82ceee433ec452c51e33e4eca98b3d9b07b5c1fa97d8671aa5
cancellation_shared_vs_action_dependent,2,static_shared,0.1,1.0,5000,0.1,0.0060918181780507666,0.012343773184880669,30.459090890253833,0.0060918181780507666,0.022222222222222223,0.5,0.0,0.012343773184880657,5000,2.7755575615628914e-17,0.0,0.0,1.1102230246251565e-16,0,1.3967271783599244e-11,1.0,1.0,f1f1f54c693a3b82ceee433ec452c51e33e4eca98b3d9b07b5c1fa97d8671aa5
cancellation_shared_vs_action_dependent,2,static_shared,0.2,1.0,5000,0.2,0.0060918181780507666,0.012343773184880669,30.459090890253833,0.0060918181780507666,0.022222222222222223,0.5,0.0,0.012343773184880657,5000,5.377642775528102e-17,0.0,0.0,1.1102230246251565e-16,0,1.3967271783599244e-11,1.0,1.0,f1f1f54c693a3b82ceee433ec452c51e33e4eca98b3d9b07b5c1fa97d8671aa5
cancellation_shared_vs_action_dependent,2,state_varying_shared,0.0,1.0,5000,0.0006091818178050767,0.0060918181780507666,0.012343773184880657,30.459090890253833,0.0060918181780507666,0.022222222222222223,0.5,0.0,0.012343773184880657,5000,0.0,0.0,0.0,0.0,0,2.220446049250313e-16,0.02495233435433508,1.9638826311959832,f1f1f54c693a3b82ceee433ec452c51e33e4eca98b3d9b07b5c1fa97d8671aa5
cancellation_shared_vs_action_dependent,2,state_varying_shared,0.05,1.0,5000,0.049164241400445965,0.0060918181780507666,0.012343773184880669,30.459090890253833,0.0060918181780507666,0.022222222222222223,0.5,0.0,0.012343773184880657,5000,2.7755575615628914e-17,0.0,0.0,1.1102230246251565e-16,0,2.4608981519236295e-11,0.02495233435433508,1.9638826311959832,f1f1f54c693a3b82ceee433ec452c51e33e4eca98b3d9b07b5c1fa97d8671aa5
cancellation_shared_vs_action_dependent,2,state_varying_shared,0.1,1.0,5000,0.09832461499152188,0.0060918181780507666,0.012343773184880669,30.459090890253833,0.0060918181780507666,0.022222222222222223,0.5,0.0,0.012343773184880657,5000,5.0306980803327406e-17,0.0,0.0,2.220446049250313e-16,0,7.316147687674857e-12,0.02495233435433508,1.9638826311959832,f1f1f54c693a3b82ceee433ec452c51e33e4eca98b3d9b07b5c1fa97d8671aa5
cancellation_shared_vs_action_dependent,2,state_varying_shared,0.2,1.0,5000,0.19664798482714446,0.0060918181780507666,0.012343773184880669,30.459090890253833,0.0060918181780507666,0.022222222222222223,0.5,0.0,0.012343773184880657,5000,1.1058862159352145e-16,0.0,0.0,2.220446049250313e-16,0,1.3967271783599244e-11,0.02495233435433508,1.9638826311959832,f1f1f54c693a3b82ceee433ec452c51e33e4eca98b3d9b07b5c1fa97d8671aa5
cancellation_shared_vs_action_dependent,2,static_shared,0.0,1.01,5000,0.0006152736359831274,0.006152736359831275,0.012467210916729463,30.763681799156373,0.006152736359831275,0.022222222222222223,1.0,1.0,0.012343773184880657,5000,0.0,0.0,0.0,0.0,0,2.5202062658991053e-13,1.0,1.0,f1f1f54c693a3b82ceee433ec452c51e33e4eca98b3d9b07b5c1fa97d8671aa5
cancellation_shared_vs_action_dependent,2,static_shared,0.05,1.01,5000,0.05,0.006152736359831275,0.01246721091672947,30.763681799156373,0.006152736359831275,0.022222222222222223,1.0,1.0,0.012343773184880657,5000,1.9081958235744878e-17,0.0,0.0,1.1102230246251565e-16,0,5.473843600611872e-12,1.0,1.0,f1f1f54c693a3b82ceee433ec452c51e33e4eca98b3d9b07b5c1fa97d8671aa5
cancellation_shared_vs_action_dependent,2,static_shared,0.1,1.01,5000,0.1,0.006152736359831275,0.012467210916729463,30.763681799156373,0.006152736359831275,0.022222222222222223,1.0,1.0,0.012343773184880657,5000,2.7321894746634712e-17,0.0,0.0,1.1102230246251565e-16,0,1.3518963726255606e-11,1.0,1.0,f1f1f54c693a3b82ceee433ec452c51e33e4eca98b3d9b07b5c1fa97d8671aa5
cancellation_shared_vs_action_dependent,2,static_shared,0.2,1.01,5000,0.2,0.006152736359831275,0.012467210916729476,30.763681799156373,0.006152736359831275,0.022222222222222223,1.0,1.0,0.012343773184880657,5000,5.551115123125783e-17,0.0,0.0,1.1102230246251565e-16,0,3.709299534193633e-11,1.0,1.0,f1f1f54c693a3b82ceee433ec452c51e33e4eca98b3d9b07b5c1fa97d8671aa5
cancellation_shared_vs_action_dependent,2,state_varying_shared,0.0,1.01,5000,0.0006152736359831274,0.006152736359831275,0.012467210916729463,30.763681799156373,0.006152736359831275,0.022222222222222223,1.0,1.0,0.012343773184880657,5000,0.0,0.0,0.0,0.0,0,2.5202062658991053e-13,0.02495233435433508,1.9638826311959832,f1f1f54c693a3b82ceee433ec452c51e33e4eca98b3d9b07b5c1fa97d8671aa5
cancellation_shared_vs_action_dependent,2,state_varying_shared,0.05,1.01,5000,0.049164295322517856,0.006152736359831275,0.012467210916729463,30.763681799156373,0.006152736359831275,0.022222222222222223,1.0,1.0,0.012343773184880657,5000,2.7321894746634712e-17,0.0,0.0,1.1102230246251565e-16,0,5.167866135025179e-12,0.02495233435433508,1.9638826311959832,f1f1f54c693a3b82ceee433ec452c51e33e4eca98b3d9b07b5c1fa97d8671aa5
cancellation_shared_vs_action_dependent,2,state_varying_shared,0.1,1.01,5000,0.09832463784993517,0.006152736359831275,0.012467210916729476,30.763681799156373,0.006152736359831275,0.022222222222222223,1.0,1.0,0.012343773184880657,5000,5.377642775528102e-17,0.0,0.0,2.220446049250313e-16,0,1.580957587066223e-11,0.02495233435433508,1.9638826311959832,f1f1f54c693a3b82ceee433ec452c51e33e4eca98b3d9b07b5c1fa97d8671aa5
cancellation_shared_vs_action_dependent,2,state_varying_shared,0.2,1.01,5000,0.19664798482714446,0.006152736359831273,0.012467210916729421,30.763681799156366,0.006152736359831273,0.022222222222222223,1.0,1.0,0.012343773184880657,5000,1.0581813203458523e-16,0.0,0.0,2.220446049250313e-16,0,3.709299534193633e-11,0.02495233435433508,1.9638826311959832,f1f1f54c693a3b82ceee433ec452c51e33e4eca98b3d9b07b5c1fa97d8671aa5
cancellation_shared_vs_action_dependent,2,static_shared,0.0,1.5,5000,0.000913772726707615,0.00913772726707615,0.018515659777320986,45.68863633538075,0.00913772726707615,0.022222222222222223,1.0,1.0,0.012343773184880657,5000,0.0,0.0,0.0,0.0,0,3.326228181776969e-13,1.0,1.0,f1f1f54c693a3b82ceee433ec452c51e33e4eca98b3d9b07b5c1fa97d8671aa5
cancellation_shared_vs_action_dependent,2,static_shared,0.05,1.5,5000,0.05,0.009137727267076151,0.018515659777320996,45.68863633538076,0.009137727267076151,0.022222222222222223,1.0,1.0,0.012343773184880657,5000,1.734723475976807e-17,0.0,0.0,1.1102230246251565e-16,0,5.085709631202917e-12,1.0,1.0,f1f1f54c693a3b82ceee433ec452c51e33e4eca98b3d9b07b5c1fa97d8671aa5
cancellation_shared_vs_action_dependent,2,static_shared,0.1,1.5,5000,0.1,0.00913772726707615,0.018515659777320975,45.68863633538075,0.00913772726707615,0.022222222222222223,1.0,1.0,0.012343773184880657,5000,3.469446951953614e-17,0.0,0.0,1.1102230246251565e-16,0,2.0950796653096404e-11,1.0,1.0,f1f1f54c693a3b82ceee433ec452c51e33e4eca98b3d9b07b5c1fa97d8671aa5
cancellation_shared_vs_action_dependent,2,static_shared,0.2,1.5,5000,0.2,0.009137727267076148,0.018515659777321003,45.68863633538074,0.009137727267076148,0.022222222222222223,1.0,1.0,0.012343773184880657,5000,5.204170427930421e-17,0.0,0.0,1.1102230246251565e-16,0,2.1616042289451798e-11,1.0,1.0,f1f1f54c693a3b82ceee433ec452c51e33e4eca98b3d9b07b5c1fa97d8671aa5
cancellation_shared_vs_action_dependent,2,state_varying_shared,0.0,1.5,5000,0.000913772726707615,0.00913772726707615,0.018515659777320986,45.68863633538075,0.00913772726707615,0.022222222222222223,1.0,1.0,0.012343773184880657,5000,0.0,0.0,0.0,0.0,0,3.326228181776969e-13,0.02495233435433508,1.9638826311959832,f1f1f54c693a3b82ceee433ec452c51e33e4eca98b3d9b07b5c1fa97d8671aa5
cancellation_shared_vs_action_dependent,2,state_varying_shared,0.05,1.5,5000,0.04916758813422078,0.00913772726707615,0.018515659777320975,45.68863633538075,0.00913772726707615,0.022222222222222223,1.0,1.0,0.012343773184880657,5000,2.7755575615628914e-17,0.0,0.0,1.1102230246251565e-16,0,3.1592506388733455e-11,0.02495233435433508,1.9638826311959832,f1f1f54c693a3b82ceee433ec452c51e33e4eca98b3d9b07b5c1fa97d8671aa5
cancellation_shared_vs_action_dependent,2,state_varying_shared,0.1,1.5,5000,0.09832617780712298,0.00913772726707615,0.01851565977732099,45.68863633538075,0.00913772726707615,0.022222222222222223,1.0,1.0,0.012343773184880657,5000,5.377642775528102e-17,0.0,0.0,2.220446049250313e-16,0,4.28994617607259e-11,0.02495233435433508,1.9638826311959832,f1f1f54c693a3b82ceee433ec452c51e33e4eca98b3d9b07b5c1fa97d8671aa5
cancellation_shared_vs_action_dependent,2,state_varying_shared,0.2,1.5,5000,0.19664837252526315,0.009137727267076151,0.018515659777320947,45.68863633538076,0.009137727267076151,0.022222222222222223,1.0,1.0,0.012343773184880657,5000,1.1102230246251565e-16,0.0,0.0,2.220446049250313e-16,0,2.1616042289451798e-11,0.02495233435433508,1.9638826311959832,f1f1f54c693a3b82ceee433ec452c51e33e4eca98b3d9b07b5c1fa97d8671aa5
cancellation_shared_vs_action_dependent,3,static_shared,0.0,0.0,5000,0.0,0.0,0.0,0.0,0.0,0.0,0.0,0.0,0.0,0,0.0,0.0,0.0,0.0,0,0.0,1.0,1.0,ab8c80d80c972f75215ece83fcdb7a3d3ba875e4f0d90517c339ae1fbba2a5b0
cancellation_shared_vs_action_dependent,3,static_shared,0.05,0.0,5000,0.05,4.4990400294153684e-17,1.1102230246251565e-16,2.2495200147076844e-13,4.4990400294153684e-17,0.0,0.0,0.0,1.1102230246251565e-16,0,1.1102230246251565e-16,0.0,0.0,1.1102230246251565e-16,0,1.2246956765459283e-11,1.0,1.0,ab8c80d80c972f75215ece83fcdb7a3d3ba875e4f0d90517c339ae1fbba2a5b0
cancellation_shared_vs_action_dependent,3,static_shared,0.1,0.0,5000,0.1,5.039579864529742e-17,1.1102230246251565e-16,2.519789932264871e-13,5.039579864529742e-17,0.0,0.0,0.0,1.1102230246251565e-16,0,1.1102230246251565e-16,0.0,0.0,1.1102230246251565e-16,0,2.4493913530918565e-11,1.0,1.0,ab8c80d80c972f75215ece83fcdb7a3d3ba875e4f0d90517c339ae1fbba2a5b0
cancellation_shared_vs_action_dependent,3,static_shared,0.2,0.0,5000,0.2,7.421285808106859e-17,1.1102230246251565e-16,3.7106429040534294e-13,7.421285808106859e-17,0.0,0.0,0.0,1.1102230246251565e-16,0,1.1102230246251565e-16,0.0,0.0,1.1102230246251565e-16,0,2.4493913530918565e-11,1.0,1.0,ab8c80d80c972f75215ece83fcdb7a3d3ba875e4f0d90517c339ae1fbba2a5b0
cancellation_shared_vs_action_dependent,3,state_varying_shared,0.0,0.0,5000,0.0,0.0,0.0,0.0,0.0,0.0,0.0,0.0,0.0,0,0.0,0.0,0.0,0.0,0,0.0,0.04241879465040821,1.9979675253732316,ab8c80d80c972f75215ece83fcdb7a3d3ba875e4f0d90517c339ae1fbba2a5b0
cancellation_shared_vs_action_dependent,3,state_varying_shared,0.05,0.0,5000,0.05386270232656717,4.012554177812433e-17,1.6653345369377348e-16,2.0062770889062165e-13,4.012554177812433e-17,0.0,0.0,0.0,2.220446049250313e-16,0,1.6653345369377348e-16,0.0,0.0,2.220446049250313e-16,0,6.123478382729641e-12,0.04241879465040821,1.9979675253732316,ab8c80d80c972f75215ece83fcdb7a3d3ba875e4f0d90517c339ae1fbba2a5b0
cancellation_shared_vs_action_dependent,3,state_varying_shared,0.1,0.0,5000,0.10772540465313435,4.807786113669721e-17,1.6653345369377348e-16,2.4038930568348604e-13,4.807786113669721e-17,0.0,0.0,0.0,2.220446049250313e-16,0,1.6653345369377348e-16,0.0,0.0,2.220446049250313e-16,0,1.2246956765459283e-11,0.04241879465040821,1.9979675253732316,ab8c80d80c972f75215ece83fcdb7a3d3ba875e4f0d90517c339ae1fbba2a5b0
cancellation_shared_vs_action_dependent,3,state_varying_shared,0.2,0.0,5000,0.21545080930626864,6.581055145282732e-17,2.220446049250313e-16,3.2905275726413663e-13,6.581055145282732e-17,0.0,0.0,0.0,2.220446049250313e-16,0,2.220446049250313e-16,0.0,0.0,2.220446049250313e-16,0,2.4493913530918565e-11,0.04241879465040821,1.9979675253732316,ab8c80d80c972f75215ece83fcdb7a3d3ba875e4f0d90517c339ae1fbba2a5b0
cancellation_shared_vs_action_dependent,3,static_shared,0.0,0.5,5000,0.00030841369270356183,0.0030841369270356183,0.00617202072703504,15.420684635178091,0.0030841369270356183,0.0,0.0,0.0,0.006172020727035039,0,0.0,0.0,0.0,0.0,0,9.57012247226885e-14,1.0,1.0,ab8c80d80c972f75215ece83fcdb7a3d3ba875e4f0d90517c339ae1fbba2a5b0
cancellation_shared_vs_action_dependent,3,static_shared,0.05,0.5,5000,0.05,0.0030841369270356183,0.0061720207270350436,15.420684635178091,0.0030841369270356183,0.0,0.0,0.0,0.0061720207270350436,0,1.3877787807814457e-17,0.0,0.0,1.1102230246251565e-16,0,7.801537194040975e-13,1.0,1.0,ab8c80d80c972f75215ece83fcdb7a3d3ba875e4f0d90517c339ae1fbba2a5b0
cancellation_shared_vs_action_dependent,3,static_shared,0.1,0.5,5000,0.1,0.0030841369270356183,0.0061720207270350436,15.420684635178091,0.0030841369270356183,0.0,0.0,0.0,0.006172020727035037,0,3.469446951953614e-17,0.0,0.0,1.1102230246251565e-16,0,5.4537485638661565e-12,1.0,1.0,ab8c80d80c972f75215ece83fcdb7a3d3ba875e4f0d90517c339ae1fbba2a5b0
cancellation_shared_vs_action_dependent,3,static_shared,0.2,0.5,5000,0.2,0.0030841369270356166,0.0061720207270350436,15.420684635178084,0.0030841369270356166,0.0,0.0,0.0,0.006172020727035037,0,5.2475385148298415e-17,0.0,0.0,1.1102230246251565e-16,0,5.4537485638661565e-12,1.0,1.0,ab8c80d80c972f75215ece83fcdb7a3d3ba875e4f0d90517c339ae1fbba2a5b0
cancellation_shared_vs_action_dependent,3,state_varying_shared,0.0,0.5,5000,0.00030841369270356183,0.0030841369270356183,0.00617202072703504,15.420684635178091,0.0030841369270356183,0.0,0.0,0.0,0.006172020727035039,0,0.0,0.0,0.0,0.0,0,9.57012247226885e-14,0.04241879465040821,1.9979675253732316,ab8c80d80c972f75215ece83fcdb7a3d3ba875e4f0d90517c339ae1fbba2a5b0
cancellation_shared_vs_action_dependent,3,state_varying_shared,0.05,0.5,5000,0.05386270232656717,0.003084136927035618,0.0061720207270350436,15.42068463517809,0.003084136927035618,0.0,0.0,0.0,0.006172020727035037,0,2.7755575615628914e-17,0.0,0.0,1.1102230246251565e-16,0,8.515466110026182e-12,0.04241879465040821,1.9979675253732316,ab8c80d80c972f75215ece83fcdb7a3d3ba875e4f0d90517c339ae1fbba2a5b0
cancellation_shared_vs_action_dependent,3,state_varying_shared,0.1,0.5,5000,0.10772540465313434,0.003084136927035618,0.0061720207270350436,15.42068463517809,0.003084136927035618,0.0,0.0,0.0,0.006172020727035037,0,5.551115123125783e-17,0.0,0.0,2.220446049250313e-16,0,5.4537485638661565e-12,0.04241879465040821,1.9979675253732316,ab8c80d80c972f75215ece83fcdb7a3d3ba875e4f0d90517c339ae1fbba2a5b0
cancellation_shared_vs_action_dependent,3,state_varying_shared,0.2,0.5,5000,0.21545080930626864,0.0030841369270356183,0.0061720207270350436,15.420684635178091,0.0030841369270356183,0.0,0.0,0.0,0.006172020727035037,0,1.1102230246251565e-16,0.0,0.0,2.220446049250313e-16,0,5.4537485638661565e-12,0.04241879465040821,1.9979675253732316,ab8c80d80c972f75215ece83fcdb7a3d3ba875e4f0d90517c339ae1fbba2a5b0
cancellation_shared_vs_action_dependent,3,static_shared,0.0,0.99,5000,0.0006106591115530523,0.006106591115530523,0.012220601039529379,30.53295557765262,0.006106591115530523,0.0,0.0,0.0,0.012220601039529377,0,0.0,0.0,0.0,0.0,0,1.4732659536775827e-13,1.0,1.0,ab8c80d80c972f75215ece83fcdb7a3d3ba875e4f0d90517c339ae1fbba2a5b0
cancellation_shared_vs_action_dependent,3,static_shared,0.05,0.99,5000,0.05,0.006106591115530523,0.012220601039529377,30.532955577652615,0.006106591115530523,0.0,0.0,0.0,0.012220601039529377,0,1.3877787807814457e-17,0.0,0.0,1.1102230246251565e-16,0,1.0007550343971161e-12,1.0,1.0,ab8c80d80c972f75215ece83fcdb7a3d3ba875e4f0d90517c339ae1fbba2a5b0
cancellation_shared_vs_action_dependent,3,static_shared,0.1,0.99,5000,0.1,0.006106591115530524,0.012220601039529377,30.532955577652622,0.006106591115530524,0.0,0.0,0.0,0.01222060103952937,0,2.7755575615628914e-17,0.0,0.0,1.1102230246251565e-16,0,1.0007550343971161e-12,1.0,1.0,ab8c80d80c972f75215ece83fcdb7a3d3ba875e4f0d90517c339ae1fbba2a5b0
cancellation_shared_vs_action_dependent,3,static_shared,0.2,0.99,5000,0.2,0.006106591115530524,0.012220601039529377,30.532955577652622,0.006106591115530524,0.0,0.0,0.0,0.01222060103952937,0,5.4643789493269423e-17,0.0,0.0,1.1102230246251565e-16,0,2.3856472353145364e-12,1.0,1.0,ab8c80d80c972f75215ece83fcdb7a3d3ba875e4f0d90517c339ae1fbba2a5b0
cancellation_shared_vs_action_dependent,3,state_varying_shared,0.0,0.99,5000,0.0006106591115530523,0.006106591115530523,0.012220601039529379,30.53295557765262,0.006106591115530523,0.0,0.0,0.0,0.012220601039529377,0,0.0,0.0,0.0,0.0,0,1.4732659536775827e-13,0.04241879465040821,1.9979675253732316,ab8c80d80c972f75215ece83fcdb7a3d3ba875e4f0d90517c339ae1fbba2a5b0
cancellation_shared_vs_action_dependent,3,state_varying_shared,0.05,0.99,5000,0.05386291719202336,0.006106591115530523,0.012220601039529377,30.532955577652615,0.006106591115530523,0.0,0.0,0.0,0.01222060103952937,0,2.7755575615628914e-17,0.0,0.0,2.220446049250313e-16,0,4.062528091708373e-12,0.04241879465040821,1.9979675253732316,ab8c80d80c972f75215ece83fcdb7a3d3ba875e4f0d90517c339ae1fbba2a5b0
cancellation_shared_vs_action_dependent,3,state_varying_shared,0.1,0.99,5000,0.10772540465313435,0.006106591115530524,0.012220601039529377,30.532955577652622,0.006106591115530524,0.0,0.0,0.0,0.01222060103952937,0,5.551115123125783e-17,0.0,0.0,2.220446049250313e-16,0,3.0186964039558006e-12,0.04241879465040821,1.9979675253732316,ab8c80d80c972f75215ece83fcdb7a3d3ba875e4f0d90517c339ae1fbba2a5b0
cancellation_shared_vs_action_dependent,3,state_varying_shared,0.2,0.99,5000,0.21545080930626867,0.006106591115530523,0.012220601039529377,30.532955577652615,0.006106591115530523,0.0,0.0,0.0,0.01222060103952937,0,1.0928757898653885e-16,0.0,0.0,2.220446049250313e-16,0,2.6203483827202945e-12,0.04241879465040821,1.9979675253732316,ab8c80d80c972f75215ece83fcdb7a3d3ba875e4f0d90517c339ae1fbba2a5b0
cancellation_shared_vs_action_dependent,3,static_shared,0.0,1.0,5000,0.0006168273854071237,0.006168273854071236,0.01234404145407008,30.84136927035618,0.006168273854071236,0.022222222222222223,0.5,0.0,0.01234404145407008,5000,0.0,0.0,0.0,0.0,0,2.220446049250313e-16,1.0,1.0,ab8c80d80c972f75215ece83fcdb7a3d3ba875e4f0d90517c339ae1fbba2a5b0
cancellation_shared_vs_action_dependent,3,static_shared,0.05,1.0,5000,0.05,0.006168273854071236,0.01234404145407008,30.84136927035618,0.006168273854071236,0.022222222222222223,0.5,0.0,0.01234404145407008,5000,1.3877787807814457e-17,0.0,0.0,1.1102230246251565e-16,0,1.3395951015127139e-12,1.0,1.0,ab8c80d80c972f75215ece83fcdb7a3d3ba875e4f0d90517c339ae1fbba2a5b0
cancellation_shared_vs_action_dependent,3,static_shared,0.1,1.0,5000,0.1,0.006168273854071237,0.012344041454070087,30.841369270356182,0.006168273854071237,0.022222222222222223,0.5,0.0,0.01234404145407008,5000,2.688821387764051e-17,0.0,0.0,1.1102230246251565e-16,0,1.560307438808195e-12,1.0,1.0,ab8c80d80c972f75215ece83fcdb7a3d3ba875e4f0d90517c339ae1fbba2a5b0
cancellation_shared_vs_action_dependent,3,static_shared,0.2,1.0,5000,0.2,0.006168273854071236,0.012344041454070087,30.84136927035618,0.006168273854071236,0.022222222222222223,0.5,0.0,0.01234404145407008,5000,5.551115123125783e-17,0.0,0.0,1.1102230246251565e-16,0,1.0907497127732313e-11,1.0,1.0,ab8c80d80c972f75215ece83fcdb7a3d3ba875e4f0d90517c339ae1fbba2a5b0
cancellation_shared_vs_action_dependent,3,state_varying_shared,0.0,1.0,5000,0.0006168273854071237,0.006168273854071236,0.01234404145407008,30.84136927035618,0.006168273854071236,0.022222222222222223,0.5,0.0,0.01234404145407008,5000,0.0,0.0,0.0,0.0,0,2.220446049250313e-16,0.04241879465040821,1.9979675253732316,ab8c80d80c972f75215ece83fcdb7a3d3ba875e4f0d90517c339ae1fbba2a5b0
cancellation_shared_vs_action_dependent,3,state_varying_shared,0.05,1.0,5000,0.053862924207772396,0.006168273854071237,0.012344041454070087,30.841369270356182,0.006168273854071237,0.022222222222222223,0.5,0.0,0.01234404145407008,5000,2.7755575615628914e-17,0.0,0.0,2.220446049250313e-16,0,2.7489122089718876e-12,0.04241879465040821,1.9979675253732316,ab8c80d80c972f75215ece83fcdb7a3d3ba875e4f0d90517c339ae1fbba2a5b0
cancellation_shared_vs_action_dependent,3,state_varying_shared,0.1,1.0,5000,0.10772540465313434,0.006168273854071236,0.012344041454070087,30.84136927035618,0.006168273854071236,0.022222222222222223,0.5,0.0,0.01234404145407008,5000,5.377642775528102e-17,0.0,0.0,2.220446049250313e-16,0,1.0907497127732313e-11,0.04241879465040821,1.9979675253732316,ab8c80d80c972f75215ece83fcdb7a3d3ba875e4f0d90517c339ae1fbba2a5b0
cancellation_shared_vs_action_dependent,3,state_varying_shared,0.2,1.0,5000,0.21545080930626864,0.006168273854071236,0.012344041454070087,30.84136927035618,0.006168273854071236,0.022222222222222223,0.5,0.0,0.01234404145407008,5000,1.0495077029659683e-16,0.0,0.0,2.220446049250313e-16,0,1.0907497127732313e-11,0.04241879465040821,1.9979675253732316,ab8c80d80c972f75215ece83fcdb7a3d3ba875e4f0d90517c339ae1fbba2a5b0
cancellation_shared_vs_action_dependent,3,static_shared,0.0,1.01,5000,0.0006229956592611949,0.006229956592611948,0.012467481868610781,31.149782963059742,0.006229956592611948,0.022222222222222223,1.0,1.0,0.01234404145407008,5000,0.0,0.0,0.0,0.0,0,1.474376176702208e-13,1.0,1.0,ab8c80d80c972f75215ece83fcdb7a3d3ba875e4f0d90517c339ae1fbba2a5b0
cancellation_shared_vs_action_dependent,3,static_shared,0.05,1.01,5000,0.05,0.006229956592611948,0.012467481868610783,31.149782963059742,0.006229956592611948,0.022222222222222223,1.0,1.0,0.01234404145407008,5000,1.3877787807814457e-17,0.0,0.0,1.1102230246251565e-16,0,2.4436008771999695e-12,1.0,1.0,ab8c80d80c972f75215ece83fcdb7a3d3ba875e4f0d90517c339ae1fbba2a5b0
cancellation_shared_vs_action_dependent,3,static_shared,0.1,1.01,5000,0.1,0.006229956592611948,0.012467481868610769,31.149782963059742,0.006229956592611948,0.022222222222222223,1.0,1.0,0.01234404145407008,5000,2.7755575615628914e-17,0.0,0.0,1.1102230246251565e-16,0,3.679723192817619e-12,1.0,1.0,ab8c80d80c972f75215ece83fcdb7a3d3ba875e4f0d90517c339ae1fbba2a5b0
cancellation_shared_vs_action_dependent,3,static_shared,0.2,1.01,5000,0.2,0.006229956592611948,0.012467481868610797,31.149782963059742,0.006229956592611948,0.022222222222222223,1.0,1.0,0.01234404145407008,5000,5.4643789493269423e-17,0.0,0.0,1.1102230246251565e-16,0,3.679723192817619e-12,1.0,1.0,ab8c80d80c972f75215ece83fcdb7a3d3ba875e4f0d90517c339ae1fbba2a5b0
cancellation_shared_vs_action_dependent,3,state_varying_shared,0.0,1.01,5000,0.0006229956592611949,0.006229956592611948,0.012467481868610781,31.149782963059742,0.006229956592611948,0.022222222222222223,1.0,1.0,0.01234404145407008,5000,0.0,0.0,0.0,0.0,0,1.474376176702208e-13,0.04241879465040821,1.9979675253732316,ab8c80d80c972f75215ece83fcdb7a3d3ba875e4f0d90517c339ae1fbba2a5b0
cancellation_shared_vs_action_dependent,3,state_varying_shared,0.05,1.01,5000,0.053862931223521426,0.006229956592611948,0.012467481868610769,31.149782963059742,0.006229956592611948,0.022222222222222223,1.0,1.0,0.01234404145407008,5000,2.7755575615628914e-17,0.0,0.0,2.220446049250313e-16,0,1.0869083411080283e-12,0.04241879465040821,1.9979675253732316,ab8c80d80c972f75215ece83fcdb7a3d3ba875e4f0d90517c339ae1fbba2a5b0
cancellation_shared_vs_action_dependent,3,state_varying_shared,0.1,1.01,5000,0.10772540465313434,0.006229956592611948,0.012467481868610797,31.149782963059742,0.006229956592611948,0.022222222222222223,1.0,1.0,0.01234404145407008,5000,5.4643789493269423e-17,0.0,0.0,2.220446049250313e-16,0,4.85678164352521e-12,0.04241879465040821,1.9979675253732316,ab8c80d80c972f75215ece83fcdb7a3d3ba875e4f0d90517c339ae1fbba2a5b0
cancellation_shared_vs_action_dependent,3,state_varying_shared,0.2,1.01,5000,0.21545080930626867,0.006229956592611948,0.012467481868610797,31.149782963059742,0.006229956592611948,0.022222222222222223,1.0,1.0,0.01234404145407008,5000,1.0928757898653885e-16,0.0,0.0,2.220446049250313e-16,0,4.810596365700803e-12,0.04241879465040821,1.9979675253732316,ab8c80d80c972f75215ece83fcdb7a3d3ba875e4f0d90517c339ae1fbba2a5b0
cancellation_shared_vs_action_dependent,3,static_shared,0.0,1.5,5000,0.0009252410781106855,0.009252410781106854,0.01851606218110512,46.262053905534266,0.009252410781106854,0.022222222222222223,1.0,1.0,0.01234404145407008,5000,0.0,0.0,0.0,0.0,0,9.57012247226885e-14,1.0,1.0,ab8c80d80c972f75215ece83fcdb7a3d3ba875e4f0d90517c339ae1fbba2a5b0
cancellation_shared_vs_action_dependent,3,static_shared,0.05,1.5,5000,0.05,0.009252410781106855,0.018516062181105117,46.26205390553427,0.009252410781106855,0.022222222222222223,1.0,1.0,0.01234404145407008,5000,1.734723475976807e-17,0.0,0.0,1.1102230246251565e-16,0,2.0092816299666083e-12,1.0,1.0,ab8c80d80c972f75215ece83fcdb7a3d3ba875e4f0d90517c339ae1fbba2a5b0
cancellation_shared_vs_action_dependent,3,static_shared,0.1,1.5,5000,0.1,0.009252410781106855,0.01851606218110513,46.26205390553427,0.009252410781106855,0.022222222222222223,1.0,1.0,0.01234404145407008,5000,3.469446951953614e-17,0.0,0.0,1.1102230246251565e-16,0,4.114264484655905e-12,1.0,1.0,ab8c80d80c972f75215ece83fcdb7a3d3ba875e4f0d90517c339ae1fbba2a5b0
cancellation_shared_vs_action_dependent,3,static_shared,0.2,1.5,5000,0.2,0.009252410781106852,0.01851606218110513,46.26205390553426,0.009252410781106852,0.022222222222222223,1.0,1.0,0.01234404145407008,5000,5.377642775528102e-17,0.0,0.0,1.1102230246251565e-16,0,8.132827744589122e-12,1.0,1.0,ab8c80d80c972f75215ece83fcdb7a3d3ba875e4f0d90517c339ae1fbba2a5b0
cancellation_shared_vs_action_dependent,3,state_varying_shared,0.0,1.5,5000,0.0009252410781106855,0.009252410781106854,0.01851606218110512,46.262053905534266,0.009252410781106854,0.022222222222222223,1.0,1.0,0.01234404145407008,5000,0.0,0.0,0.0,0.0,0,9.57012247226885e-14,0.04241879465040821,1.9979675253732316,ab8c80d80c972f75215ece83fcdb7a3d3ba875e4f0d90517c339ae1fbba2a5b0
cancellation_shared_vs_action_dependent,3,state_varying_shared,0.05,1.5,5000,0.053863554138492024,0.009252410781106854,0.01851606218110513,46.262053905534266,0.009252410781106854,0.022222222222222223,1.0,1.0,0.01234404145407008,5000,2.7755575615628914e-17,0.0,0.0,1.1102230246251565e-16,0,7.176037541967162e-12,0.04241879465040821,1.9979675253732316,ab8c80d80c972f75215ece83fcdb7a3d3ba875e4f0d90517c339ae1fbba2a5b0
cancellation_shared_vs_action_dependent,3,state_varying_shared,0.1,1.5,5000,0.10772554159915035,0.009252410781106854,0.01851606218110513,46.262053905534266,0.009252410781106854,0.022222222222222223,1.0,1.0,0.01234404145407008,5000,5.377642775528102e-17,0.0,0.0,2.220446049250313e-16,0,8.132827744589122e-12,0.04241879465040821,1.9979675253732316,ab8c80d80c972f75215ece83fcdb7a3d3ba875e4f0d90517c339ae1fbba2a5b0
cancellation_shared_vs_action_dependent,3,state_varying_shared,0.2,1.5,5000,0.2154508093062687,0.009252410781106855,0.01851606218110513,46.26205390553427,0.009252410781106855,0.022222222222222223,1.0,1.0,0.01234404145407008,5000,1.0061396160665481e-16,0.0,0.0,2.220446049250313e-16,0,8.132827744589122e-12,0.04241879465040821,1.9979675253732316,ab8c80d80c972f75215ece83fcdb7a3d3ba875e4f0d90517c339ae1fbba2a5b0
cancellation_shared_vs_action_dependent,4,static_shared,0.0,0.0,5000,0.0,0.0,0.0,0.0,0.0,0.0,0.0,0.0,0.0,0,0.0,0.0,0.0,0.0,0,0.0,1.0,1.0,90c95fb67bc01729003331b35a86714c4f51b6fa8b78234042cb20737c134db9
cancellation_shared_vs_action_dependent,4,static_shared,0.05,0.0,5000,0.05,4.266587083634476e-17,1.1102230246251565e-16,2.1332935418172383e-13,4.266587083634476e-17,0.0,0.0,0.0,1.1102230246251565e-16,0,1.1102230246251565e-16,0.0,0.0,1.1102230246251565e-16,0,1.1154273386600774e-11,1.0,1.0,90c95fb67bc01729003331b35a86714c4f51b6fa8b78234042cb20737c134db9
cancellation_shared_vs_action_dependent,4,static_shared,0.1,0.0,5000,0.1,4.9854564920792655e-17,1.1102230246251565e-16,2.4927282460396327e-13,4.9854564920792655e-17,0.0,0.0,0.0,1.1102230246251565e-16,0,1.1102230246251565e-16,0.0,0.0,1.1102230246251565e-16,0,2.2308546773201548e-11,1.0,1.0,90c95fb67bc01729003331b35a86714c4f51b6fa8b78234042cb20737c134db9
cancellation_shared_vs_action_dependent,4,static_shared,0.2,0.0,5000,0.2,7.155387393709133e-17,1.1102230246251565e-16,3.577693696854567e-13,7.155387393709133e-17,0.0,0.0,0.0,1.1102230246251565e-16,0,1.1102230246251565e-16,0.0,0.0,1.1102230246251565e-16,0,1.3367347293521093e-11,1.0,1.0,90c95fb67bc01729003331b35a86714c4f51b6fa8b78234042cb20737c134db9
cancellation_shared_vs_action_dependent,4,state_varying_shared,0.0,0.0,5000,0.0,0.0,0.0,0.0,0.0,0.0,0.0,0.0,0.0,0,0.0,0.0,0.0,0.0,0,0.0,0.01393044470558058,1.9725647345155375,90c95fb67bc01729003331b35a86714c4f51b6fa8b78234042cb20737c134db9
cancellation_shared_vs_action_dependent,4,state_varying_shared,0.05,0.0,5000,0.04772608241847633,3.669395516603391e-17,1.1102230246251565e-16,1.8346977583016955e-13,3.669395516603391e-17,0.0,0.0,0.0,1.1102230246251565e-16,0,1.1102230246251565e-16,0.0,0.0,1.1102230246251565e-16,0,1.3523434348706431e-11,0.01393044470558058,1.9725647345155375,90c95fb67bc01729003331b35a86714c4f51b6fa8b78234042cb20737c134db9
cancellation_shared_vs_action_dependent,4,state_varying_shared,0.1,0.0,5000,0.09545216483695265,4.399319450398842e-17,1.6653345369377348e-16,2.199659725199421e-13,4.399319450398842e-17,0.0,0.0,0.0,2.220446049250313e-16,0,1.6653345369377348e-16,0.0,0.0,2.220446049250313e-16,0,1.6228121218447717e-11,0.01393044470558058,1.9725647345155375,90c95fb67bc01729003331b35a86714c4f51b6fa8b78234042cb20737c134db9
cancellation_shared_vs_action_dependent,4,state_varying_shared,0.2,0.0,5000,0.19090432967390533,5.879775832884348e-17,2.220446049250313e-16,2.9398879164421743e-13,5.879775832884348e-17,0.0,0.0,0.0,2.220446049250313e-16,0,2.220446049250313e-16,0.0,0.0,2.220446049250313e-16,0,2.2308546773201548e-11,0.01393044470558058,1.9725647345155375,90c95fb67bc01729003331b35a86714c4f51b6fa8b78234042cb20737c134db9
cancellation_shared_vs_action_dependent,4,static_shared,0.0,0.5,5000,0.00030051262702831524,0.003005126270283152,0.006171644890840936,15.025631351415761,0.003005126270283152,0.0,0.0,0.0,0.006171644890840935,0,0.0,0.0,0.0,0.0,0,1.6903145549918008e-13,1.0,1.0,90c95fb67bc01729003331b35a86714c4f51b6fa8b78234042cb20737c134db9
cancellation_shared_vs_action_dependent,4,static_shared,0.05,0.5,5000,0.05,0.003005126270283152,0.006171644890840933,15.025631351415761,0.003005126270283152,0.0,0.0,0.0,0.006171644890840931,0,1.3877787807814457e-17,0.0,0.0,1.1102230246251565e-16,0,1.521338610643852e-12,1.0,1.0,90c95fb67bc01729003331b35a86714c4f51b6fa8b78234042cb20737c134db9
cancellation_shared_vs_action_dependent,4,static_shared,0.1,0.5,5000,0.1,0.003005126270283152,0.006171644890840933,15.025631351415761,0.003005126270283152,0.0,0.0,0.0,0.006171644890840938,0,2.7755575615628914e-17,0.0,0.0,1.1102230246251565e-16,0,4.96713781217295e-12,1.0,1.0,90c95fb67bc01729003331b35a86714c4f51b6fa8b78234042cb20737c134db9
cancellation_shared_vs_action_dependent,4,static_shared,0.2,0.5,5000,0.2,0.0030051262702831517,0.006171644890840905,15.025631351415758,0.0030051262702831517,0.0,0.0,0.0,0.00617164489084091,0,5.551115123125783e-17,0.0,0.0,1.1102230246251565e-16,0,4.96713781217295e-12,1.0,1.0,90c95fb67bc01729003331b35a86714c4f51b6fa8b78234042cb20737c134db9
cancellation_shared_vs_action_dependent,4,state_varying_shared,0.0,0.5,5000,0.00030051262702831524,0.003005126270283152,0.006171644890840936,15.025631351415761,0.003005126270283152,0.0,0.0,0.0,0.006171644890840935,0,0.0,0.0,0.0,0.0,0,1.6903145549918008e-13,0.01393044470558058,1.9725647345155375,90c95fb67bc01729003331b35a86714c4f51b6fa8b78234042cb20737c134db9
cancellation_shared_vs_action_dependent,4,state_varying_shared,0.05,0.5,5000,0.04772762095056067,0.003005126270283152,0.006171644890840933,15.025631351415761,0.003005126270283152,0.0,0.0,0.0,0.006171644890840931,0,2.7755575615628914e-17,0.0,0.0,1.1102230246251565e-16,0,1.521338610643852e-12,0.01393044470558058,1.9725647345155375,90c95fb67bc01729003331b35a86714c4f51b6fa8b78234042cb20737c134db9
cancellation_shared_vs_action_dependent,4,state_varying_shared,0.1,0.5,5000,0.09545245248029997,0.0030051262702831517,0.006171644890840933,15.02563135141576,0.0030051262702831517,0.0,0.0,0.0,0.006171644890840938,0,5.377642775528102e-17,0.0,0.0,2.220446049250313e-16,0,6.187161893933535e-12,0.01393044470558058,1.9725647345155375,90c95fb67bc01729003331b35a86714c4f51b6fa8b78234042cb20737c134db9
cancellation_shared_vs_action_dependent,4,state_varying_shared,0.2,0.5,5000,0.1909043296739054,0.0030051262702831525,0.006171644890840905,15.025631351415763,0.0030051262702831525,0.0,0.0,0.0,0.00617164489084091,0,9.71445146547012e-17,0.0,0.0,2.220446049250313e-16,0,4.96713781217295e-12,0.01393044470558058,1.9725647345155375,90c95fb67bc01729003331b35a86714c4f51b6fa8b78234042cb20737c134db9
cancellation_shared_vs_action_dependent,4,static_shared,0.0,0.99,5000,0.0005950150015160641,0.0059501500151606405,0.012219856883865052,29.750750075803204,0.0059501500151606405,0.0,0.0,0.0,0.012219856883865052,0,0.0,0.0,0.0,0.0,0,7.771561172376096e-14,1.0,1.0,90c95fb67bc01729003331b35a86714c4f51b6fa8b78234042cb20737c134db9
cancellation_shared_vs_action_dependent,4,static_shared,0.05,0.99,5000,0.05,0.0059501500151606405,0.012219856883865052,29.750750075803204,0.0059501500151606405,0.0,0.0,0.0,0.01221985688386505,0,1.5612511283791264e-17,0.0,0.0,1.1102230246251565e-16,0,2.2888357875672227e-12,1.0,1.0,90c95fb67bc01729003331b35a86714c4f51b6fa8b78234042cb20737c134db9
cancellation_shared_vs_action_dependent,4,static_shared,0.1,0.99,5000,0.1,0.0059501500151606405,0.012219856883865038,29.750750075803204,0.0059501500151606405,0.0,0.0,0.0,0.012219856883865043,0,2.7755575615628914e-17,0.0,0.0,1.1102230246251565e-16,0,3.1205038553139275e-12,1.0,1.0,90c95fb67bc01729003331b35a86714c4f51b6fa8b78234042cb20737c134db9
cancellation_shared_vs_action_dependent,4,static_shared,0.2,0.99,5000,0.2,0.0059501500151606405,0.012219856883865066,29.750750075803204,0.0059501500151606405,0.0,0.0,0.0,0.012219856883865043,0,5.377642775528102e-17,0.0,0.0,1.1102230246251565e-16,0,9.350409335695531e-12,1.0,1.0,90c95fb67bc01729003331b35a86714c4f51b6fa8b78234042cb20737c134db9
cancellation_shared_vs_action_dependent,4,state_varying_shared,0.0,0.99,5000,0.0005950150015160641,0.0059501500151606405,0.012219856883865052,29.750750075803204,0.0059501500151606405,0.0,0.0,0.0,0.012219856883865052,0,0.0,0.0,0.0,0.0,0,7.771561172376096e-14,0.01393044470558058,1.9725647345155375,90c95fb67bc01729003331b35a86714c4f51b6fa8b78234042cb20737c134db9
cancellation_shared_vs_action_dependent,4,state_varying_shared,0.05,0.99,5000,0.047733486583531194,0.0059501500151606405,0.012219856883865052,29.750750075803204,0.0059501500151606405,0.0,0.0,0.0,0.01221985688386505,0,2.7755575615628914e-17,0.0,0.0,1.1102230246251565e-16,0,3.7733149937935195e-12,0.01393044470558058,1.9725647345155375,90c95fb67bc01729003331b35a86714c4f51b6fa8b78234042cb20737c134db9
cancellation_shared_vs_action_dependent,4,state_varying_shared,0.1,0.99,5000,0.09545515854431076,0.0059501500151606405,0.012219856883865038,29.750750075803204,0.0059501500151606405,0.0,0.0,0.0,0.012219856883865043,0,5.2909066017292616e-17,0.0,0.0,2.220446049250313e-16,0,2.0504709041802016e-11,0.01393044470558058,1.9725647345155375,90c95fb67bc01729003331b35a86714c4f51b6fa8b78234042cb20737c134db9
cancellation_shared_vs_action_dependent,4,state_varying_shared,0.2,0.99,5000,0.1909048805215709,0.0059501500151606405,0.012219856883865066,29.750750075803204,0.0059501500151606405,0.0,0.0,0.0,0.012219856883865043,0,1.0928757898653885e-16,0.0,0.0,2.220446049250313e-16,0,9.350409335695531e-12,0.01393044470558058,1.9725647345155375,90c95fb67bc01729003331b35a86714c4f51b6fa8b78234042cb20737c134db9
cancellation_shared_vs_action_dependent,4,static_shared,0.0,1.0,5000,0.0006010252540566305,0.006010252540566304,0.01234328978168187,30.051262702831522,0.006010252540566304,0.022222222222222223,0.5,0.0,0.012343289781681869,5000,0.0,0.0,0.0,0.0,0,2.220446049250313e-16,1.0,1.0,90c95fb67bc01729003331b35a86714c4f51b6fa8b78234042cb20737c134db9
cancellation_shared_vs_action_dependent,4,static_shared,0.05,1.0,5000,0.05,0.006010252540566303,0.012343289781681865,30.05126270283152,0.006010252540566303,0.022222222222222223,0.5,0.0,0.012343289781681864,5000,1.3877787807814457e-17,0.0,0.0,1.1102230246251565e-16,0,2.3665513992909837e-12,1.0,1.0,90c95fb67bc01729003331b35a86714c4f51b6fa8b78234042cb20737c134db9
cancellation_shared_vs_action_dependent,4,static_shared,0.1,1.0,5000,0.1,0.006010252540566304,0.012343289781681865,30.051262702831522,0.006010252540566304,0.022222222222222223,0.5,0.0,0.01234328978168187,5000,2.6020852139652106e-17,0.0,0.0,1.1102230246251565e-16,0,3.042677221287704e-12,1.0,1.0,90c95fb67bc01729003331b35a86714c4f51b6fa8b78234042cb20737c134db9
cancellation_shared_vs_action_dependent,4,static_shared,0.2,1.0,5000,0.2,0.006010252540566304,0.012343289781681865,30.051262702831522,0.006010252540566304,0.022222222222222223,0.5,0.0,0.012343289781681843,5000,5.551115123125783e-17,0.0,0.0,1.1102230246251565e-16,0,9.9342756243459e-12,1.0,1.0,90c95fb67bc01729003331b35a86714c4f51b6fa8b78234042cb20737c134db9
cancellation_shared_vs_action_dependent,4,state_varying_shared,0.0,1.0,5000,0.0006010252540566305,0.006010252540566304,0.01234328978168187,30.051262702831522,0.006010252540566304,0.022222222222222223,0.5,0.0,0.012343289781681869,5000,0.0,0.0,0.0,0.0,0,2.220446049250313e-16,0.01393044470558058,1.9725647345155375,90c95fb67bc01729003331b35a86714c4f51b6fa8b78234042cb20737c134db9
cancellation_shared_vs_action_dependent,4,state_varying_shared,0.05,1.0,5000,0.04773362922755558,0.006010252540566304,0.012343289781681865,30.051262702831522,0.006010252540566304,0.022222222222222223,0.5,0.0,0.012343289781681864,5000,2.688821387764051e-17,0.0,0.0,1.1102230246251565e-16,0,6.797118423662596e-12,0.01393044470558058,1.9725647345155375,90c95fb67bc01729003331b35a86714c4f51b6fa8b78234042cb20737c134db9
cancellation_shared_vs_action_dependent,4,state_varying_shared,0.1,1.0,5000,0.09545524190112134,0.006010252540566304,0.012343289781681865,30.051262702831522,0.006010252540566304,0.022222222222222223,0.5,0.0,0.01234328978168187,5000,5.377642775528102e-17,0.0,0.0,2.220446049250313e-16,0,3.042677221287704e-12,0.01393044470558058,1.9725647345155375,90c95fb67bc01729003331b35a86714c4f51b6fa8b78234042cb20737c134db9
cancellation_shared_vs_action_dependent,4,state_varying_shared,0.2,1.0,5000,0.19090490496059995,0.006010252540566303,0.012343289781681865,30.051262702831515,0.006010252540566303,0.022222222222222223,0.5,0.0,0.012343289781681843,5000,1.0581813203458523e-16,0.0,0.0,2.220446049250313e-16,0,9.9342756243459e-12,0.01393044470558058,1.9725647345155375,90c95fb67bc01729003331b35a86714c4f51b6fa8b78234042cb20737c134db9
cancellation_shared_vs_action_dependent,4,static_shared,0.0,1.01,5000,0.0006070355065971967,0.006070355065971967,0.01246672267949869,30.351775329859834,0.006070355065971967,0.022222222222222223,1.0,1.0,0.01234328978168187,5000,0.0,0.0,0.0,0.0,0,7.771561172376096e-14,1.0,1.0,90c95fb67bc01729003331b35a86714c4f51b6fa8b78234042cb20737c134db9
cancellation_shared_vs_action_dependent,4,static_shared,0.05,1.01,5000,0.05,0.006070355065971968,0.012466722679498693,30.351775329859837,0.006070355065971968,0.022222222222222223,1.0,1.0,0.01234328978168187,5000,1.8214596497756474e-17,0.0,0.0,1.1102230246251565e-16,0,2.4442670110147446e-12,1.0,1.0,90c95fb67bc01729003331b35a86714c4f51b6fa8b78234042cb20737c134db9
cancellation_shared_vs_action_dependent,4,static_shared,0.1,1.01,5000,0.1,0.006070355065971968,0.012466722679498693,30.351775329859837,0.006070355065971968,0.022222222222222223,1.0,1.0,0.01234328978168187,5000,2.7755575615628914e-17,0.0,0.0,1.1102230246251565e-16,0,4.243938533932123e-12,1.0,1.0,90c95fb67bc01729003331b35a86714c4f51b6fa8b78234042cb20737c134db9
cancellation_shared_vs_action_dependent,4,static_shared,0.2,1.01,5000,0.2,0.006070355065971968,0.012466722679498665,30.351775329859837,0.006070355065971968,0.022222222222222223,1.0,1.0,0.01234328978168187,5000,5.377642775528102e-17,0.0,0.0,1.1102230246251565e-16,0,6.910472194476824e-12,1.0,1.0,90c95fb67bc01729003331b35a86714c4f51b6fa8b78234042cb20737c134db9
cancellation_shared_vs_action_dependent,4,state_varying_shared,0.0,1.01,5000,0.0006070355065971967,0.006070355065971967,0.01246672267949869,30.351775329859834,0.006070355065971967,0.022222222222222223,1.0,1.0,0.01234328978168187,5000,0.0,0.0,0.0,0.0,0,7.771561172376096e-14,0.01393044470558058,1.9725647345155375,90c95fb67bc01729003331b35a86714c4f51b6fa8b78234042cb20737c134db9
cancellation_shared_vs_action_dependent,4,state_varying_shared,0.05,1.01,5000,0.047733771871579976,0.006070355065971968,0.012466722679498693,30.351775329859837,0.006070355065971968,0.022222222222222223,1.0,1.0,0.01234328978168187,5000,2.7755575615628914e-17,0.0,0.0,1.1102230246251565e-16,0,9.821032875834135e-12,0.01393044470558058,1.9725647345155375,90c95fb67bc01729003331b35a86714c4f51b6fa8b78234042cb20737c134db9
cancellation_shared_vs_action_dependent,4,state_varying_shared,0.1,1.01,5000,0.09545532590650924,0.006070355065971967,0.012466722679498693,30.351775329859834,0.006070355065971967,0.022222222222222223,1.0,1.0,0.01234328978168187,5000,5.551115123125783e-17,0.0,0.0,2.220446049250313e-16,0,4.243938533932123e-12,0.01393044470558058,1.9725647345155375,90c95fb67bc01729003331b35a86714c4f51b6fa8b78234042cb20737c134db9
cancellation_shared_vs_action_dependent,4,state_varying_shared,0.2,1.01,5000,0.19090492939962897,0.006070355065971967,0.012466722679498665,30.351775329859834,0.006070355065971967,0.022222222222222223,1.0,1.0,0.01234328978168187,5000,1.0755285551056204e-16,0.0,0.0,2.220446049250313e-16,0,6.910472194476824e-12,0.01393044470558058,1.9725647345155375,90c95fb67bc01729003331b35a86714c4f51b6fa8b78234042cb20737c134db9
cancellation_shared_vs_action_dependent,4,static_shared,0.0,1.5,5000,0.0009015378810849457,0.009015378810849455,0.018514934672522805,45.076894054247276,0.009015378810849455,0.022222222222222223,1.0,1.0,0.01234328978168187,5000,0.0,0.0,0.0,0.0,0,1.6897594434794883e-13,1.0,1.0,90c95fb67bc01729003331b35a86714c4f51b6fa8b78234042cb20737c134db9
cancellation_shared_vs_action_dependent,4,static_shared,0.05,1.5,5000,0.05,0.009015378810849456,0.018514934672522805,45.07689405424728,0.009015378810849456,0.022222222222222223,1.0,1.0,0.01234328978168187,5000,1.734723475976807e-17,0.0,0.0,1.1102230246251565e-16,0,1.830091633792108e-12,1.0,1.0,90c95fb67bc01729003331b35a86714c4f51b6fa8b78234042cb20737c134db9
cancellation_shared_vs_action_dependent,4,static_shared,0.1,1.5,5000,0.1,0.009015378810849456,0.018514934672522798,45.07689405424728,0.009015378810849456,0.022222222222222223,1.0,1.0,0.01234328978168187,5000,2.7755575615628914e-17,0.0,0.0,1.1102230246251565e-16,0,3.747224752714828e-12,1.0,1.0,90c95fb67bc01729003331b35a86714c4f51b6fa8b78234042cb20737c134db9
cancellation_shared_vs_action_dependent,4,static_shared,0.2,1.5,5000,0.2,0.009015378810849455,0.01851493467252277,45.076894054247276,0.009015378810849455,0.022222222222222223,1.0,1.0,0.01234328978168187,5000,5.377642775528102e-17,0.0,0.0,1.1102230246251565e-16,0,9.973577519417631e-12,1.0,1.0,90c95fb67bc01729003331b35a86714c4f51b6fa8b78234042cb20737c134db9
cancellation_shared_vs_action_dependent,4,state_varying_shared,0.0,1.5,5000,0.0009015378810849457,0.009015378810849455,0.018514934672522805,45.076894054247276,0.009015378810849455,0.022222222222222223,1.0,1.0,0.01234328978168187,5000,0.0,0.0,0.0,0.0,0,1.6897594434794883e-13,0.01393044470558058,1.9725647345155375,90c95fb67bc01729003331b35a86714c4f51b6fa8b78234042cb20737c134db9
cancellation_shared_vs_action_dependent,4,state_varying_shared,0.05,1.5,5000,0.04774155087860292,0.009015378810849456,0.018514934672522798,45.07689405424728,0.009015378810849456,0.022222222222222223,1.0,1.0,0.01234328978168187,5000,2.7755575615628914e-17,0.0,0.0,1.1102230246251565e-16,0,1.830091633792108e-12,0.01393044470558058,1.9725647345155375,90c95fb67bc01729003331b35a86714c4f51b6fa8b78234042cb20737c134db9
cancellation_shared_vs_action_dependent,4,state_varying_shared,0.1,1.5,5000,0.09546056232596613,0.009015378810849455,0.018514934672522798,45.076894054247276,0.009015378810849455,0.022222222222222223,1.0,1.0,0.01234328978168187,5000,5.551115123125783e-17,0.0,0.0,2.220446049250313e-16,0,1.8561374659498142e-11,0.01393044470558058,1.9725647345155375,90c95fb67bc01729003331b35a86714c4f51b6fa8b78234042cb20737c134db9
cancellation_shared_vs_action_dependent,4,state_varying_shared,0.2,1.5,5000,0.19090684783858292,0.009015378810849456,0.01851493467252277,45.07689405424728,0.009015378810849456,0.022222222222222223,1.0,1.0,0.01234328978168187,5000,1.0581813203458523e-16,0.0,0.0,2.220446049250313e-16,0,9.973577519417631e-12,0.01393044470558058,1.9725647345155375,90c95fb67bc01729003331b35a86714c4f51b6fa8b78234042cb20737c134db9
cancellation_shared_vs_action_dependent,5,static_shared,0.0,0.0,5000,0.0,0.0,0.0,0.0,0.0,0.0,0.0,0.0,0.0,0,0.0,0.0,0.0,0.0,0,0.0,1.0,1.0,882eaffd5793dff1d3105d390ce80cdf84e730430a786692e72f675cc4249ef9
cancellation_shared_vs_action_dependent,5,static_shared,0.05,0.0,5000,0.05,4.4307613134009214e-17,1.1102230246251565e-16,2.2153806567004608e-13,4.4307613134009214e-17,0.0,0.0,0.0,1.1102230246251565e-16,0,1.1102230246251565e-16,0.0,0.0,1.1102230246251565e-16,0,1.3154454231820656e-11,1.0,1.0,882eaffd5793dff1d3105d390ce80cdf84e730430a786692e72f675cc4249ef9
cancellation_shared_vs_action_dependent,5,static_shared,0.1,0.0,5000,0.1,5.0631721038030265e-17,1.1102230246251565e-16,2.531586051901513e-13,5.0631721038030265e-17,0.0,0.0,0.0,1.1102230246251565e-16,0,1.1102230246251565e-16,0.0,0.0,1.1102230246251565e-16,0,1.3154454231820656e-11,1.0,1.0,882eaffd5793dff1d3105d390ce80cdf84e730430a786692e72f675cc4249ef9
cancellation_shared_vs_action_dependent,5,static_shared,0.2,0.0,5000,0.2,7.424061365668421e-17,1.1102230246251565e-16,3.712030682834211e-13,7.424061365668421e-17,0.0,0.0,0.0,1.1102230246251565e-16,0,1.1102230246251565e-16,0.0,0.0,1.1102230246251565e-16,0,1.9731681347730984e-11,1.0,1.0,882eaffd5793dff1d3105d390ce80cdf84e730430a786692e72f675cc4249ef9
cancellation_shared_vs_action_dependent,5,state_varying_shared,0.0,0.0,5000,0.0,0.0,0.0,0.0,0.0,0.0,0.0,0.0,0.0,0,0.0,0.0,0.0,0.0,0,0.0,0.014583486582565364,1.9850822592060016,882eaffd5793dff1d3105d390ce80cdf84e730430a786692e72f675cc4249ef9
cancellation_shared_vs_action_dependent,5,state_varying_shared,0.05,0.0,5000,0.04651009895013629,3.814231916421384e-17,1.6653345369377348e-16,1.9071159582106922e-13,3.814231916421384e-17,0.0,0.0,0.0,2.220446049250313e-16,0,1.6653345369377348e-16,0.0,0.0,2.220446049250313e-16,0,6.577227115910328e-12,0.014583486582565364,1.9850822592060016,882eaffd5793dff1d3105d390ce80cdf84e730430a786692e72f675cc4249ef9
cancellation_shared_vs_action_dependent,5,state_varying_shared,0.1,0.0,5000,0.09302019790027258,4.502041101028809e-17,1.6653345369377348e-16,2.2510205505144043e-13,4.502041101028809e-17,0.0,0.0,0.0,2.220446049250313e-16,0,1.6653345369377348e-16,0.0,0.0,2.220446049250313e-16,0,1.3154454231820656e-11,0.014583486582565364,1.9850822592060016,882eaffd5793dff1d3105d390ce80cdf84e730430a786692e72f675cc4249ef9
cancellation_shared_vs_action_dependent,5,state_varying_shared,0.2,0.0,5000,0.18604039580054516,5.991908358371489e-17,2.220446049250313e-16,2.9959541791857447e-13,5.991908358371489e-17,0.0,0.0,0.0,2.220446049250313e-16,0,2.220446049250313e-16,0.0,0.0,2.220446049250313e-16,0,1.9731681347730984e-11,0.014583486582565364,1.9850822592060016,882eaffd5793dff1d3105d390ce80cdf84e730430a786692e72f675cc4249ef9
cancellation_shared_vs_action_dependent,5,static_shared,0.0,0.5,5000,0.0003026660449239372,0.003026660449239372,0.006172395043767384,15.133302246196859,0.003026660449239372,0.0,0.0,0.0,0.006172395043767383,0,0.0,0.0,0.0,0.0,0,5.140332604014475e-14,1.0,1.0,882eaffd5793dff1d3105d390ce80cdf84e730430a786692e72f675cc4249ef9
cancellation_shared_vs_action_dependent,5,static_shared,0.05,0.5,5000,0.05,0.0030266604492393723,0.00617239504376739,15.13330224619686,0.0030266604492393723,0.0,0.0,0.0,0.006172395043767386,0,1.734723475976807e-17,0.0,0.0,1.1102230246251565e-16,0,3.597122599785507e-13,1.0,1.0,882eaffd5793dff1d3105d390ce80cdf84e730430a786692e72f675cc4249ef9
cancellation_shared_vs_action_dependent,5,static_shared,0.1,0.5,5000,0.1,0.0030266604492393723,0.006172395043767376,15.13330224619686,0.0030266604492393723,0.0,0.0,0.0,0.006172395043767379,0,2.7755575615628914e-17,0.0,0.0,1.1102230246251565e-16,0,2.9288793612636255e-12,1.0,1.0,882eaffd5793dff1d3105d390ce80cdf84e730430a786692e72f675cc4249ef9
cancellation_shared_vs_action_dependent,5,static_shared,0.2,0.5,5000,0.2,0.003026660449239371,0.006172395043767376,15.133302246196855,0.003026660449239371,0.0,0.0,0.0,0.006172395043767365,0,5.551115123125783e-17,0.0,0.0,1.1102230246251565e-16,0,3.648303881220727e-12,1.0,1.0,882eaffd5793dff1d3105d390ce80cdf84e730430a786692e72f675cc4249ef9
cancellation_shared_vs_action_dependent,5,state_varying_shared,0.0,0.5,5000,0.0003026660449239372,0.003026660449239372,0.006172395043767384,15.133302246196859,0.003026660449239372,0.0,0.0,0.0,0.006172395043767383,0,0.0,0.0,0.0,0.0,0,5.140332604014475e-14,0.014583486582565364,1.9850822592060016,882eaffd5793dff1d3105d390ce80cdf84e730430a786692e72f675cc4249ef9
cancellation_shared_vs_action_dependent,5,state_varying_shared,0.05,0.5,5000,0.046511043772707414,0.003026660449239372,0.006172395043767376,15.133302246196859,0.003026660449239372,0.0,0.0,0.0,0.006172395043767379,0,2.7755575615628914e-17,0.0,0.0,1.1102230246251565e-16,0,4.2721381987576024e-13,0.014583486582565364,1.9850822592060016,882eaffd5793dff1d3105d390ce80cdf84e730430a786692e72f675cc4249ef9
cancellation_shared_vs_action_dependent,5,state_varying_shared,0.1,0.5,5000,0.09302046967323412,0.003026660449239372,0.006172395043767376,15.133302246196859,0.003026660449239372,0.0,0.0,0.0,0.006172395043767365,0,5.551115123125783e-17,0.0,0.0,2.220446049250313e-16,0,1.0171863351615684e-12,0.014583486582565364,1.9850822592060016,882eaffd5793dff1d3105d390ce80cdf84e730430a786692e72f675cc4249ef9
cancellation_shared_vs_action_dependent,5,state_varying_shared,0.2,0.5,5000,0.18604039580054516,0.0030266604492393727,0.006172395043767431,15.133302246196864,0.0030266604492393727,0.0,0.0,0.0,0.006172395043767449,0,1.1058862159352145e-16,0.0,0.0,2.220446049250313e-16,0,2.9288793612636255e-12,0.014583486582565364,1.9850822592060016,882eaffd5793dff1d3105d390ce80cdf84e730430a786692e72f675cc4249ef9
cancellation_shared_vs_action_dependent,5,static_shared,0.0,0.99,5000,0.0005992787689493957,0.005992787689493957,0.012221342186659422,29.963938447469786,0.005992787689493957,0.0,0.0,0.0,0.01222134218665942,0,0.0,0.0,0.0,0.0,0,8.526512829121202e-14,1.0,1.0,882eaffd5793dff1d3105d390ce80cdf84e730430a786692e72f675cc4249ef9
cancellation_shared_vs_action_dependent,5,static_shared,0.05,0.99,5000,0.05,0.005992787689493956,0.01222134218665942,29.963938447469783,0.005992787689493956,0.0,0.0,0.0,0.012221342186659417,0,1.5612511283791264e-17,0.0,0.0,1.1102230246251565e-16,0,4.418687638008123e-13,1.0,1.0,882eaffd5793dff1d3105d390ce80cdf84e730430a786692e72f675cc4249ef9
cancellation_shared_vs_action_dependent,5,static_shared,0.1,0.99,5000,0.1,0.005992787689493957,0.012221342186659434,29.963938447469786,0.005992787689493957,0.0,0.0,0.0,0.012221342186659438,0,2.7755575615628914e-17,0.0,0.0,1.1102230246251565e-16,0,1.0462741784067475e-12,1.0,1.0,882eaffd5793dff1d3105d390ce80cdf84e730430a786692e72f675cc4249ef9
cancellation_shared_vs_action_dependent,5,static_shared,0.2,0.99,5000,0.2,0.005992787689493957,0.012221342186659434,29.963938447469786,0.005992787689493957,0.0,0.0,0.0,0.012221342186659424,0,5.551115123125783e-17,0.0,0.0,1.1102230246251565e-16,0,2.0624613128461533e-12,1.0,1.0,882eaffd5793dff1d3105d390ce80cdf84e730430a786692e72f675cc4249ef9
cancellation_shared_vs_action_dependent,5,state_varying_shared,0.0,0.99,5000,0.0005992787689493957,0.005992787689493957,0.012221342186659422,29.963938447469786,0.005992787689493957,0.0,0.0,0.0,0.01222134218665942,0,0.0,0.0,0.0,0.0,0,8.526512829121202e-14,0.014583486582565364,1.9850822592060016,882eaffd5793dff1d3105d390ce80cdf84e730430a786692e72f675cc4249ef9
cancellation_shared_vs_action_dependent,5,state_varying_shared,0.05,0.99,5000,0.04651382818737112,0.005992787689493957,0.012221342186659434,29.963938447469786,0.005992787689493957,0.0,0.0,0.0,0.012221342186659438,0,2.6020852139652106e-17,0.0,0.0,2.220446049250313e-16,0,1.0462741784067475e-12,0.014583486582565364,1.9850822592060016,882eaffd5793dff1d3105d390ce80cdf84e730430a786692e72f675cc4249ef9
cancellation_shared_vs_action_dependent,5,state_varying_shared,0.1,0.99,5000,0.09302204746334884,0.005992787689493956,0.012221342186659434,29.963938447469783,0.005992787689493956,0.0,0.0,0.0,0.012221342186659424,0,5.551115123125783e-17,0.0,0.0,2.220446049250313e-16,0,2.0624613128461533e-12,0.014583486582565364,1.9850822592060016,882eaffd5793dff1d3105d390ce80cdf84e730430a786692e72f675cc4249ef9
cancellation_shared_vs_action_dependent,5,state_varying_shared,0.2,0.99,5000,0.18604092028064956,0.005992787689493956,0.012221342186659379,29.963938447469783,0.005992787689493956,0.0,0.0,0.0,0.012221342186659396,0,1.0148132334464322e-16,0.0,0.0,2.220446049250313e-16,0,4.155009669659648e-12,0.014583486582565364,1.9850822592060016,882eaffd5793dff1d3105d390ce80cdf84e730430a786692e72f675cc4249ef9
cancellation_shared_vs_action_dependent,5,static_shared,0.0,1.0,5000,0.0006053320898478743,0.006053320898478744,0.012344790087534769,30.266604492393718,0.006053320898478744,0.022222222222222223,0.5,0.0,0.012344790087534769,5000,0.0,0.0,0.0,0.0,0,2.220446049250313e-16,1.0,1.0,882eaffd5793dff1d3105d390ce80cdf84e730430a786692e72f675cc4249ef9
cancellation_shared_vs_action_dependent,5,static_shared,0.05,1.0,5000,0.05,0.006053320898478744,0.012344790087534765,30.266604492393718,0.006053320898478744,0.022222222222222223,0.5,0.0,0.012344790087534762,5000,1.3877787807814457e-17,0.0,0.0,1.1102230246251565e-16,0,7.194245199571014e-13,1.0,1.0,882eaffd5793dff1d3105d390ce80cdf84e730430a786692e72f675cc4249ef9
cancellation_shared_vs_action_dependent,5,static_shared,0.1,1.0,5000,0.1,0.006053320898478745,0.01234479008753478,30.26660449239372,0.006053320898478745,0.022222222222222223,0.5,0.0,0.012344790087534769,5000,2.688821387764051e-17,0.0,0.0,1.1102230246251565e-16,0,7.194245199571014e-13,1.0,1.0,882eaffd5793dff1d3105d390ce80cdf84e730430a786692e72f675cc4249ef9
cancellation_shared_vs_action_dependent,5,static_shared,0.2,1.0,5000,0.2,0.006053320898478745,0.012344790087534752,30.26660449239372,0.006053320898478745,0.022222222222222223,0.5,0.0,0.012344790087534741,5000,5.377642775528102e-17,0.0,0.0,1.1102230246251565e-16,0,5.857758722527251e-12,1.0,1.0,882eaffd5793dff1d3105d390ce80cdf84e730430a786692e72f675cc4249ef9
cancellation_shared_vs_action_dependent,5,state_varying_shared,0.0,1.0,5000,0.0006053320898478743,0.006053320898478744,0.012344790087534769,30.266604492393718,0.006053320898478744,0.022222222222222223,0.5,0.0,0.012344790087534769,5000,0.0,0.0,0.0,0.0,0,2.220446049250313e-16,0.014583486582565364,1.9850822592060016,882eaffd5793dff1d3105d390ce80cdf84e730430a786692e72f675cc4249ef9
cancellation_shared_vs_action_dependent,5,state_varying_shared,0.05,1.0,5000,0.046513898477280054,0.006053320898478744,0.01234479008753478,30.266604492393718,0.006053320898478744,0.022222222222222223,0.5,0.0,0.012344790087534769,5000,2.688821387764051e-17,0.0,0.0,2.220446049250313e-16,0,7.194245199571014e-13,0.014583486582565364,1.9850822592060016,882eaffd5793dff1d3105d390ce80cdf84e730430a786692e72f675cc4249ef9
cancellation_shared_vs_action_dependent,5,state_varying_shared,0.1,1.0,5000,0.09302208754541483,0.006053320898478744,0.012344790087534752,30.266604492393718,0.006053320898478744,0.022222222222222223,0.5,0.0,0.012344790087534741,5000,5.377642775528102e-17,0.0,0.0,2.220446049250313e-16,0,8.544276397515205e-13,0.014583486582565364,1.9850822592060016,882eaffd5793dff1d3105d390ce80cdf84e730430a786692e72f675cc4249ef9
cancellation_shared_vs_action_dependent,5,state_varying_shared,0.2,1.0,5000,0.18604093934646823,0.006053320898478744,0.012344790087534752,30.266604492393718,0.006053320898478744,0.022222222222222223,0.5,0.0,0.012344790087534769,5000,1.0581813203458523e-16,0.0,0.0,2.220446049250313e-16,0,1.6888712650597881e-12,0.014583486582565364,1.9850822592060016,882eaffd5793dff1d3105d390ce80cdf84e730430a786692e72f675cc4249ef9
cancellation_shared_vs_action_dependent,5,static_shared,0.0,1.01,5000,0.0006113854107463532,0.006113854107463531,0.012468237988410116,30.569270537317657,0.006113854107463531,0.022222222222222223,1.0,1.0,0.012344790087534769,5000,0.0,0.0,0.0,0.0,0,8.526512829121202e-14,1.0,1.0,882eaffd5793dff1d3105d390ce80cdf84e730430a786692e72f675cc4249ef9
cancellation_shared_vs_action_dependent,5,static_shared,0.05,1.01,5000,0.05,0.006113854107463532,0.01246823798841011,30.56927053731766,0.006113854107463532,0.022222222222222223,1.0,1.0,0.012344790087534769,5000,1.8214596497756474e-17,0.0,0.0,1.1102230246251565e-16,0,1.318500864044836e-12,1.0,1.0,882eaffd5793dff1d3105d390ce80cdf84e730430a786692e72f675cc4249ef9
cancellation_shared_vs_action_dependent,5,static_shared,0.1,1.01,5000,0.1,0.006113854107463531,0.012468237988410125,30.569270537317657,0.006113854107463531,0.022222222222222223,1.0,1.0,0.012344790087534769,5000,3.122502256758253e-17,0.0,0.0,1.1102230246251565e-16,0,1.318500864044836e-12,1.0,1.0,882eaffd5793dff1d3105d390ce80cdf84e730430a786692e72f675cc4249ef9
cancellation_shared_vs_action_dependent,5,static_shared,0.2,1.01,5000,0.2,0.006113854107463531,0.012468237988410125,30.569270537317657,0.006113854107463531,0.022222222222222223,1.0,1.0,0.012344790087534769,5000,5.377642775528102e-17,0.0,0.0,1.1102230246251565e-16,0,2.794875442191369e-12,1.0,1.0,882eaffd5793dff1d3105d390ce80cdf84e730430a786692e72f675cc4249ef9
cancellation_shared_vs_action_dependent,5,state_varying_shared,0.0,1.01,5000,0.0006113854107463532,0.006113854107463531,0.012468237988410116,30.569270537317657,0.006113854107463531,0.022222222222222223,1.0,1.0,0.012344790087534769,5000,0.0,0.0,0.0,0.0,0,8.526512829121202e-14,0.014583486582565364,1.9850822592060016,882eaffd5793dff1d3105d390ce80cdf84e730430a786692e72f675cc4249ef9
cancellation_shared_vs_action_dependent,5,state_varying_shared,0.05,1.01,5000,0.046513968767188996,0.006113854107463532,0.012468237988410125,30.56927053731766,0.006113854107463532,0.022222222222222223,1.0,1.0,0.012344790087534769,5000,2.7755575615628914e-17,0.0,0.0,2.220446049250313e-16,0,5.866418462119327e-13,0.014583486582565364,1.9850822592060016,882eaffd5793dff1d3105d390ce80cdf84e730430a786692e72f675cc4249ef9
cancellation_shared_vs_action_dependent,5,state_varying_shared,0.1,1.01,5000,0.09302212900173426,0.006113854107463531,0.012468237988410125,30.569270537317657,0.006113854107463531,0.022222222222222223,1.0,1.0,0.012344790087534769,5000,5.421010862427522e-17,0.0,0.0,2.220446049250313e-16,0,2.794875442191369e-12,0.014583486582565364,1.9850822592060016,882eaffd5793dff1d3105d390ce80cdf84e730430a786692e72f675cc4249ef9
cancellation_shared_vs_action_dependent,5,state_varying_shared,0.2,1.01,5000,0.18604095985176122,0.006113854107463532,0.012468237988410125,30.56927053731766,0.006113854107463532,0.022222222222222223,1.0,1.0,0.012344790087534769,5000,1.0928757898653885e-16,0.0,0.0,2.220446049250313e-16,0,2.794875442191369e-12,0.014583486582565364,1.9850822592060016,882eaffd5793dff1d3105d390ce80cdf84e730430a786692e72f675cc4249ef9
cancellation_shared_vs_action_dependent,5,static_shared,0.0,1.5,5000,0.0009079981347718118,0.009079981347718117,0.018517185131302155,45.39990673859059,0.009079981347718117,0.022222222222222223,1.0,1.0,0.012344790087534769,5000,0.0,0.0,0.0,0.0,0,5.129230373768223e-14,1.0,1.0,882eaffd5793dff1d3105d390ce80cdf84e730430a786692e72f675cc4249ef9
cancellation_shared_vs_action_dependent,5,static_shared,0.05,1.5,5000,0.05,0.009079981347718117,0.018517185131302155,45.39990673859059,0.009079981347718117,0.022222222222222223,1.0,1.0,0.012344790087534769,5000,1.734723475976807e-17,0.0,0.0,1.1102230246251565e-16,0,1.0791367799356522e-12,1.0,1.0,882eaffd5793dff1d3105d390ce80cdf84e730430a786692e72f675cc4249ef9
cancellation_shared_vs_action_dependent,5,static_shared,0.1,1.5,5000,0.1,0.009079981347718116,0.018517185131302155,45.39990673859058,0.009079981347718116,0.022222222222222223,1.0,1.0,0.012344790087534769,5000,3.469446951953614e-17,0.0,0.0,1.1102230246251565e-16,0,2.2095658636089865e-12,1.0,1.0,882eaffd5793dff1d3105d390ce80cdf84e730430a786692e72f675cc4249ef9
cancellation_shared_vs_action_dependent,5,static_shared,0.2,1.5,5000,0.2,0.009079981347718114,0.018517185131302155,45.39990673859057,0.009079981347718114,0.022222222222222223,1.0,1.0,0.012344790087534769,5000,5.377642775528102e-17,0.0,0.0,1.1102230246251565e-16,0,3.311351193246992e-12,1.0,1.0,882eaffd5793dff1d3105d390ce80cdf84e730430a786692e72f675cc4249ef9
cancellation_shared_vs_action_dependent,5,state_varying_shared,0.0,1.5,5000,0.0009079981347718118,0.009079981347718117,0.018517185131302155,45.39990673859059,0.009079981347718117,0.022222222222222223,1.0,1.0,0.012344790087534769,5000,0.0,0.0,0.0,0.0,0,5.129230373768223e-14,0.014583486582565364,1.9850822592060016,882eaffd5793dff1d3105d390ce80cdf84e730430a786692e72f675cc4249ef9
cancellation_shared_vs_action_dependent,5,state_varying_shared,0.05,1.5,5000,0.046517717684613005,0.009079981347718117,0.018517185131302155,45.39990673859059,0.009079981347718117,0.022222222222222223,1.0,1.0,0.012344790087534769,5000,2.7755575615628914e-17,0.0,0.0,2.220446049250313e-16,0,1.0200729150255938e-12,0.014583486582565364,1.9850822592060016,882eaffd5793dff1d3105d390ce80cdf84e730430a786692e72f675cc4249ef9
cancellation_shared_vs_action_dependent,5,state_varying_shared,0.1,1.5,5000,0.09302460028603131,0.009079981347718114,0.018517185131302155,45.39990673859057,0.009079981347718114,0.022222222222222223,1.0,1.0,0.012344790087534769,5000,5.551115123125783e-17,0.0,0.0,2.220446049250313e-16,0,1.0791367799356522e-12,0.014583486582565364,1.9850822592060016,882eaffd5793dff1d3105d390ce80cdf84e730430a786692e72f675cc4249ef9
cancellation_shared_vs_action_dependent,5,state_varying_shared,0.2,1.5,5000,0.18604224245443643,0.009079981347718117,0.018517185131302183,45.39990673859059,0.009079981347718117,0.022222222222222223,1.0,1.0,0.012344790087534769,5000,1.0495077029659683e-16,0.0,0.0,2.220446049250313e-16,0,2.2095658636089865e-12,0.014583486582565364,1.9850822592060016,882eaffd5793dff1d3105d390ce80cdf84e730430a786692e72f675cc4249ef9
cancellation_shared_vs_action_dependent,6,static_shared,0.0,0.0,5000,0.0,0.0,0.0,0.0,0.0,0.0,0.0,0.0,0.0,0,0.0,0.0,0.0,0.0,0,0.0,1.0,1.0,f0a3a3f7dc9950599bb0975c54aa7c5b247bc208ed9faab74a3510bbde9c57e4
cancellation_shared_vs_action_dependent,6,static_shared,0.05,0.0,5000,0.05,4.441030876378704e-17,1.1102230246251565e-16,2.2205154381893522e-13,4.441030876378704e-17,0.0,0.0,0.0,1.1102230246251565e-16,0,1.1102230246251565e-16,0.0,0.0,1.1102230246251565e-16,0,2.5765236712886713e-11,1.0,1.0,f0a3a3f7dc9950599bb0975c54aa7c5b247bc208ed9faab74a3510bbde9c57e4
cancellation_shared_vs_action_dependent,6,static_shared,0.1,0.0,5000,0.1,4.992950497495485e-17,1.1102230246251565e-16,2.4964752487477426e-13,4.992950497495485e-17,0.0,0.0,0.0,1.1102230246251565e-16,0,1.1102230246251565e-16,0.0,0.0,1.1102230246251565e-16,0,2.5765236712886713e-11,1.0,1.0,f0a3a3f7dc9950599bb0975c54aa7c5b247bc208ed9faab74a3510bbde9c57e4
cancellation_shared_vs_action_dependent,6,static_shared,0.2,0.0,5000,0.2,7.468470286653428e-17,1.1102230246251565e-16,3.734235143326714e-13,7.468470286653428e-17,0.0,0.0,0.0,1.1102230246251565e-16,0,1.1102230246251565e-16,0.0,0.0,1.1102230246251565e-16,0,5.1530473425773427e-11,1.0,1.0,f0a3a3f7dc9950599bb0975c54aa7c5b247bc208ed9faab74a3510bbde9c57e4
cancellation_shared_vs_action_dependent,6,state_varying_shared,0.0,0.0,5000,0.0,0.0,0.0,0.0,0.0,0.0,0.0,0.0,0.0,0,0.0,0.0,0.0,0.0,0,0.0,0.0033184966520338754,1.9720418063986058,f0a3a3f7dc9950599bb0975c54aa7c5b247bc208ed9faab74a3510bbde9c57e4
cancellation_shared_vs_action_dependent,6,state_varying_shared,0.05,0.0,5000,0.043816225276191584,3.747844048995752e-17,1.3877787807814457e-16,1.873922024497876e-13,3.747844048995752e-17,0.0,0.0,0.0,1.1102230246251565e-16,0,1.3877787807814457e-16,0.0,0.0,1.1102230246251565e-16,0,7.736439228137439e-12,0.0033184966520338754,1.9720418063986058,f0a3a3f7dc9950599bb0975c54aa7c5b247bc208ed9faab74a3510bbde9c57e4
cancellation_shared_vs_action_dependent,6,state_varying_shared,0.1,0.0,5000,0.08763245055238317,4.4794896958411104e-17,1.6653345369377348e-16,2.239744847920555e-13,4.4794896958411104e-17,0.0,0.0,0.0,2.220446049250313e-16,0,1.6653345369377348e-16,0.0,0.0,2.220446049250313e-16,0,7.736439228137439e-12,0.0033184966520338754,1.9720418063986058,f0a3a3f7dc9950599bb0975c54aa7c5b247bc208ed9faab74a3510bbde9c57e4
cancellation_shared_vs_action_dependent,6,state_varying_shared,0.2,0.0,5000,0.17526490110476634,5.781555789674542e-17,2.220446049250313e-16,2.890777894837271e-13,5.781555789674542e-17,0.0,0.0,0.0,2.220446049250313e-16,0,2.220446049250313e-16,0.0,0.0,2.220446049250313e-16,0,7.736439228137439e-12,0.0033184966520338754,1.9720418063986058,f0a3a3f7dc9950599bb0975c54aa7c5b247bc208ed9faab74a3510bbde9c57e4
cancellation_shared_vs_action_dependent,6,static_shared,0.0,0.5,5000,0.0003060051922448473,0.0030600519224484733,0.006172184706181919,15.300259612242366,0.0030600519224484733,0.0,0.0,0.0,0.006172184706181918,0,0.0,0.0,0.0,0.0,0,1.006972283335017e-13,1.0,1.0,f0a3a3f7dc9950599bb0975c54aa7c5b247bc208ed9faab74a3510bbde9c57e4
cancellation_shared_vs_action_dependent,6,static_shared,0.05,0.5,5000,0.05,0.0030600519224484733,0.006172184706181916,15.300259612242366,0.0030600519224484733,0.0,0.0,0.0,0.006172184706181914,0,1.734723475976807e-17,0.0,0.0,1.1102230246251565e-16,0,2.1135315719789105e-12,1.0,1.0,f0a3a3f7dc9950599bb0975c54aa7c5b247bc208ed9faab74a3510bbde9c57e4
cancellation_shared_vs_action_dependent,6,static_shared,0.1,0.5,5000,0.1,0.0030600519224484733,0.006172184706181916,15.300259612242368,0.0030600519224484733,0.0,0.0,0.0,0.006172184706181907,0,2.7755575615628914e-17,0.0,0.0,1.1102230246251565e-16,0,4.627132010881496e-12,1.0,1.0,f0a3a3f7dc9950599bb0975c54aa7c5b247bc208ed9faab74a3510bbde9c57e4
cancellation_shared_vs_action_dependent,6,static_shared,0.2,0.5,5000,0.2,0.003060051922448473,0.006172184706181916,15.300259612242364,0.003060051922448473,0.0,0.0,0.0,0.006172184706181921,0,5.551115123125783e-17,0.0,0.0,1.1102230246251565e-16,0,4.627132010881496e-12,1.0,1.0,f0a3a3f7dc9950599bb0975c54aa7c5b247bc208ed9faab74a3510bbde9c57e4
cancellation_shared_vs_action_dependent,6,state_varying_shared,0.0,0.5,5000,0.0003060051922448473,0.0030600519224484733,0.006172184706181919,15.300259612242366,0.0030600519224484733,0.0,0.0,0.0,0.006172184706181918,0,0.0,0.0,0.0,0.0,0,1.006972283335017e-13,0.0033184966520338754,1.9720418063986058,f0a3a3f7dc9950599bb0975c54aa7c5b247bc208ed9faab74a3510bbde9c57e4
cancellation_shared_vs_action_dependent,6,state_varying_shared,0.05,0.5,5000,0.04382043472011501,0.003060051922448473,0.006172184706181916,15.300259612242364,0.003060051922448473,0.0,0.0,0.0,0.0061721847061819175,0,2.7755575615628914e-17,0.0,0.0,1.1102230246251565e-16,0,4.627132010881496e-12,0.0033184966520338754,1.9720418063986058,f0a3a3f7dc9950599bb0975c54aa7c5b247bc208ed9faab74a3510bbde9c57e4
cancellation_shared_vs_action_dependent,6,state_varying_shared,0.1,0.5,5000,0.08763496484258926,0.003060051922448473,0.006172184706181916,15.300259612242364,0.003060051922448473,0.0,0.0,0.0,0.006172184706181914,0,5.551115123125783e-17,0.0,0.0,2.220446049250313e-16,0,4.627132010881496e-12,0.0033184966520338754,1.9720418063986058,f0a3a3f7dc9950599bb0975c54aa7c5b247bc208ed9faab74a3510bbde9c57e4
cancellation_shared_vs_action_dependent,6,state_varying_shared,0.2,0.5,5000,0.17526615180384209,0.0030600519224484733,0.006172184706181916,15.300259612242366,0.0030600519224484733,0.0,0.0,0.0,0.006172184706181907,0,1.0061396160665481e-16,0.0,0.0,2.220446049250313e-16,0,4.627132010881496e-12,0.0033184966520338754,1.9720418063986058,f0a3a3f7dc9950599bb0975c54aa7c5b247bc208ed9faab74a3510bbde9c57e4
cancellation_shared_vs_action_dependent,6,static_shared,0.0,0.99,5000,0.0006058902806447976,0.006058902806447977,0.012220925718240199,30.294514032239885,0.006058902806447977,0.0,0.0,0.0,0.012220925718240197,0,0.0,0.0,0.0,0.0,0,9.581224702515101e-14,1.0,1.0,f0a3a3f7dc9950599bb0975c54aa7c5b247bc208ed9faab74a3510bbde9c57e4
cancellation_shared_vs_action_dependent,6,static_shared,0.05,0.99,5000,0.05,0.006058902806447977,0.012220925718240197,30.29451403223988,0.006058902806447977,0.0,0.0,0.0,0.012220925718240195,0,1.9081958235744878e-17,0.0,0.0,1.1102230246251565e-16,0,2.7677860003905153e-12,1.0,1.0,f0a3a3f7dc9950599bb0975c54aa7c5b247bc208ed9faab74a3510bbde9c57e4
cancellation_shared_vs_action_dependent,6,static_shared,0.1,0.99,5000,0.1,0.006058902806447977,0.012220925718240211,30.29451403223988,0.006058902806447977,0.0,0.0,0.0,0.012220925718240202,0,2.7755575615628914e-17,0.0,0.0,1.1102230246251565e-16,0,3.3428815271463463e-12,1.0,1.0,f0a3a3f7dc9950599bb0975c54aa7c5b247bc208ed9faab74a3510bbde9c57e4
cancellation_shared_vs_action_dependent,6,static_shared,0.2,0.99,5000,0.2,0.006058902806447977,0.012220925718240183,30.294514032239885,0.006058902806447977,0.0,0.0,0.0,0.012220925718240188,0,5.551115123125783e-17,0.0,0.0,1.1102230246251565e-16,0,3.3428815271463463e-12,1.0,1.0,f0a3a3f7dc9950599bb0975c54aa7c5b247bc208ed9faab74a3510bbde9c57e4
cancellation_shared_vs_action_dependent,6,state_varying_shared,0.0,0.99,5000,0.0006058902806447976,0.006058902806447977,0.012220925718240199,30.294514032239885,0.006058902806447977,0.0,0.0,0.0,0.012220925718240197,0,0.0,0.0,0.0,0.0,0,9.581224702515101e-14,0.0033184966520338754,1.9720418063986058,f0a3a3f7dc9950599bb0975c54aa7c5b247bc208ed9faab74a3510bbde9c57e4
cancellation_shared_vs_action_dependent,6,state_varying_shared,0.05,0.99,5000,0.04382791767899456,0.006058902806447977,0.012220925718240197,30.29451403223988,0.006058902806447977,0.0,0.0,0.0,0.012220925718240199,0,2.688821387764051e-17,0.0,0.0,1.1102230246251565e-16,0,3.3428815271463463e-12,0.0033184966520338754,1.9720418063986058,f0a3a3f7dc9950599bb0975c54aa7c5b247bc208ed9faab74a3510bbde9c57e4
cancellation_shared_vs_action_dependent,6,state_varying_shared,0.1,0.99,5000,0.08764073334976372,0.006058902806447977,0.012220925718240197,30.294514032239885,0.006058902806447977,0.0,0.0,0.0,0.012220925718240195,0,5.5077470362263625e-17,0.0,0.0,2.220446049250313e-16,0,3.3428815271463463e-12,0.0033184966520338754,1.9720418063986058,f0a3a3f7dc9950599bb0975c54aa7c5b247bc208ed9faab74a3510bbde9c57e4
cancellation_shared_vs_action_dependent,6,state_varying_shared,0.2,0.99,5000,0.17526983759406167,0.006058902806447977,0.012220925718240211,30.29451403223988,0.006058902806447977,0.0,0.0,0.0,0.012220925718240202,0,1.0928757898653885e-16,0.0,0.0,2.220446049250313e-16,0,3.3428815271463463e-12,0.0033184966520338754,1.9720418063986058,f0a3a3f7dc9950599bb0975c54aa7c5b247bc208ed9faab74a3510bbde9c57e4
cancellation_shared_vs_action_dependent,6,static_shared,0.0,1.0,5000,0.0006120103844896946,0.006120103844896947,0.012344369412363837,30.60051922448473,0.006120103844896947,0.022222222222222223,0.5,0.0,0.012344369412363835,5000,0.0,0.0,0.0,0.0,0,2.220446049250313e-16,1.0,1.0,f0a3a3f7dc9950599bb0975c54aa7c5b247bc208ed9faab74a3510bbde9c57e4
cancellation_shared_vs_action_dependent,6,static_shared,0.05,1.0,5000,0.05,0.006120103844896947,0.012344369412363831,30.60051922448473,0.006120103844896947,0.022222222222222223,0.5,0.0,0.01234436941236383,5000,1.3444106938820255e-17,0.0,0.0,1.1102230246251565e-16,0,2.2142288003124122e-12,1.0,1.0,f0a3a3f7dc9950599bb0975c54aa7c5b247bc208ed9faab74a3510bbde9c57e4
cancellation_shared_vs_action_dependent,6,static_shared,0.1,1.0,5000,0.1,0.006120103844896947,0.012344369412363831,30.600519224484735,0.006120103844896947,0.022222222222222223,0.5,0.0,0.012344369412363823,5000,2.7321894746634712e-17,0.0,0.0,1.1102230246251565e-16,0,4.227063143957821e-12,1.0,1.0,f0a3a3f7dc9950599bb0975c54aa7c5b247bc208ed9faab74a3510bbde9c57e4
cancellation_shared_vs_action_dependent,6,static_shared,0.2,1.0,5000,0.2,0.006120103844896946,0.012344369412363831,30.600519224484728,0.006120103844896946,0.022222222222222223,0.5,0.0,0.012344369412363837,5000,5.4643789493269423e-17,0.0,0.0,1.1102230246251565e-16,0,9.254264021762992e-12,1.0,1.0,f0a3a3f7dc9950599bb0975c54aa7c5b247bc208ed9faab74a3510bbde9c57e4
cancellation_shared_vs_action_dependent,6,state_varying_shared,0.0,1.0,5000,0.0006120103844896946,0.006120103844896947,0.012344369412363837,30.60051922448473,0.006120103844896947,0.022222222222222223,0.5,0.0,0.012344369412363835,5000,0.0,0.0,0.0,0.0,0,2.220446049250313e-16,0.0033184966520338754,1.9720418063986058,f0a3a3f7dc9950599bb0975c54aa7c5b247bc208ed9faab74a3510bbde9c57e4
cancellation_shared_vs_action_dependent,6,state_varying_shared,0.05,1.0,5000,0.04382808301210756,0.006120103844896947,0.012344369412363842,30.60051922448473,0.006120103844896947,0.022222222222222223,0.5,0.0,0.012344369412363837,5000,2.7755575615628914e-17,0.0,0.0,2.220446049250313e-16,0,1.1364242880063102e-12,0.0033184966520338754,1.9720418063986058,f0a3a3f7dc9950599bb0975c54aa7c5b247bc208ed9faab74a3510bbde9c57e4
cancellation_shared_vs_action_dependent,6,state_varying_shared,0.1,1.0,5000,0.08764086944023003,0.006120103844896946,0.012344369412363831,30.600519224484728,0.006120103844896946,0.022222222222222223,0.5,0.0,0.01234436941236383,5000,5.4643789493269423e-17,0.0,0.0,2.220446049250313e-16,0,9.254264021762992e-12,0.0033184966520338754,1.9720418063986058,f0a3a3f7dc9950599bb0975c54aa7c5b247bc208ed9faab74a3510bbde9c57e4
cancellation_shared_vs_action_dependent,6,state_varying_shared,0.2,1.0,5000,0.17526992968517852,0.006120103844896946,0.012344369412363831,30.600519224484728,0.006120103844896946,0.022222222222222223,0.5,0.0,0.012344369412363823,5000,1.1102230246251565e-16,0.0,0.0,2.220446049250313e-16,0,9.254264021762992e-12,0.0033184966520338754,1.9720418063986058,f0a3a3f7dc9950599bb0975c54aa7c5b247bc208ed9faab74a3510bbde9c57e4
cancellation_shared_vs_action_dependent,6,static_shared,0.0,1.01,5000,0.0006181304883345916,0.006181304883345916,0.012467813106487475,30.906524416729578,0.006181304883345916,0.022222222222222223,1.0,1.0,0.012344369412363837,5000,0.0,0.0,0.0,0.0,0,9.57012247226885e-14,1.0,1.0,f0a3a3f7dc9950599bb0975c54aa7c5b247bc208ed9faab74a3510bbde9c57e4
cancellation_shared_vs_action_dependent,6,static_shared,0.05,1.01,5000,0.05,0.006181304883345917,0.01246781310648748,30.90652441672958,0.006181304883345917,0.022222222222222223,1.0,1.0,0.012344369412363837,5000,1.3877787807814457e-17,0.0,0.0,1.1102230246251565e-16,0,7.862599460395359e-13,1.0,1.0,f0a3a3f7dc9950599bb0975c54aa7c5b247bc208ed9faab74a3510bbde9c57e4
cancellation_shared_vs_action_dependent,6,static_shared,0.1,1.01,5000,0.1,0.006181304883345916,0.01246781310648748,30.906524416729578,0.006181304883345916,0.022222222222222223,1.0,1.0,0.012344369412363837,5000,3.903127820947816e-17,0.0,0.0,1.1102230246251565e-16,0,5.686562332130052e-12,1.0,1.0,f0a3a3f7dc9950599bb0975c54aa7c5b247bc208ed9faab74a3510bbde9c57e4
cancellation_shared_vs_action_dependent,6,static_shared,0.2,1.01,5000,0.2,0.006181304883345917,0.01246781310648748,30.90652441672958,0.006181304883345917,0.022222222222222223,1.0,1.0,0.012344369412363837,5000,5.4643789493269423e-17,0.0,0.0,1.1102230246251565e-16,0,5.686562332130052e-12,1.0,1.0,f0a3a3f7dc9950599bb0975c54aa7c5b247bc208ed9faab74a3510bbde9c57e4
cancellation_shared_vs_action_dependent,6,state_varying_shared,0.0,1.01,5000,0.0006181304883345916,0.006181304883345916,0.012467813106487475,30.906524416729578,0.006181304883345916,0.022222222222222223,1.0,1.0,0.012344369412363837,5000,0.0,0.0,0.0,0.0,0,9.57012247226885e-14,0.0033184966520338754,1.9720418063986058,f0a3a3f7dc9950599bb0975c54aa7c5b247bc208ed9faab74a3510bbde9c57e4
cancellation_shared_vs_action_dependent,6,state_varying_shared,0.05,1.01,5000,0.04382824946718802,0.006181304883345916,0.012467813106487476,30.906524416729578,0.006181304883345916,0.022222222222222223,1.0,1.0,0.012344369412363837,5000,3.903127820947816e-17,0.0,0.0,2.220446049250313e-16,0,4.774847184307873e-12,0.0033184966520338754,1.9720418063986058,f0a3a3f7dc9950599bb0975c54aa7c5b247bc208ed9faab74a3510bbde9c57e4
cancellation_shared_vs_action_dependent,6,state_varying_shared,0.1,1.01,5000,0.08764100726272728,0.006181304883345916,0.01246781310648748,30.906524416729578,0.006181304883345916,0.022222222222222223,1.0,1.0,0.012344369412363837,5000,6.852157730108388e-17,0.0,0.0,2.220446049250313e-16,0,5.615952147763892e-12,0.0033184966520338754,1.9720418063986058,f0a3a3f7dc9950599bb0975c54aa7c5b247bc208ed9faab74a3510bbde9c57e4
cancellation_shared_vs_action_dependent,6,state_varying_shared,0.2,1.01,5000,0.17527002177629533,0.006181304883345916,0.01246781310648748,30.906524416729578,0.006181304883345916,0.022222222222222223,1.0,1.0,0.012344369412363837,5000,9.8879238130678e-17,0.0,0.0,2.220446049250313e-16,0,1.5165646516379638e-11,0.0033184966520338754,1.9720418063986058,f0a3a3f7dc9950599bb0975c54aa7c5b247bc208ed9faab74a3510bbde9c57e4
cancellation_shared_vs_action_dependent,6,static_shared,0.0,1.5,5000,0.000918015576734542,0.00918015576734542,0.018516554118545754,45.9007788367271,0.00918015576734542,0.022222222222222223,1.0,1.0,0.012344369412363837,5000,0.0,0.0,0.0,0.0,0,1.0058620603103918e-13,1.0,1.0,f0a3a3f7dc9950599bb0975c54aa7c5b247bc208ed9faab74a3510bbde9c57e4
cancellation_shared_vs_action_dependent,6,static_shared,0.05,1.5,5000,0.05,0.00918015576734542,0.018516554118545754,45.9007788367271,0.00918015576734542,0.022222222222222223,1.0,1.0,0.012344369412363837,5000,1.3877787807814457e-17,0.0,0.0,1.1102230246251565e-16,0,1.7046364320094654e-12,1.0,1.0,f0a3a3f7dc9950599bb0975c54aa7c5b247bc208ed9faab74a3510bbde9c57e4
cancellation_shared_vs_action_dependent,6,static_shared,0.1,1.5,5000,0.1,0.00918015576734542,0.018516554118545747,45.9007788367271,0.00918015576734542,0.022222222222222223,1.0,1.0,0.012344369412363837,5000,3.469446951953614e-17,0.0,0.0,1.1102230246251565e-16,0,3.490763234026417e-12,1.0,1.0,f0a3a3f7dc9950599bb0975c54aa7c5b247bc208ed9faab74a3510bbde9c57e4
cancellation_shared_vs_action_dependent,6,static_shared,0.2,1.5,5000,0.2,0.009180155767345419,0.018516554118545747,45.90077883672709,0.009180155767345419,0.022222222222222223,1.0,1.0,0.012344369412363837,5000,5.551115123125783e-17,0.0,0.0,1.1102230246251565e-16,0,1.2781997682509427e-11,1.0,1.0,f0a3a3f7dc9950599bb0975c54aa7c5b247bc208ed9faab74a3510bbde9c57e4
cancellation_shared_vs_action_dependent,6,state_varying_shared,0.0,1.5,5000,0.000918015576734542,0.00918015576734542,0.018516554118545754,45.9007788367271,0.00918015576734542,0.022222222222222223,1.0,1.0,0.012344369412363837,5000,0.0,0.0,0.0,0.0,0,1.0058620603103918e-13,0.0033184966520338754,1.9720418063986058,f0a3a3f7dc9950599bb0975c54aa7c5b247bc208ed9faab74a3510bbde9c57e4
cancellation_shared_vs_action_dependent,6,state_varying_shared,0.05,1.5,5000,0.043837155210127314,0.00918015576734542,0.01851655411854576,45.9007788367271,0.00918015576734542,0.022222222222222223,1.0,1.0,0.012344369412363837,5000,3.469446951953614e-17,0.0,0.0,2.220446049250313e-16,0,3.490763234026417e-12,0.0033184966520338754,1.9720418063986058,f0a3a3f7dc9950599bb0975c54aa7c5b247bc208ed9faab74a3510bbde9c57e4
cancellation_shared_vs_action_dependent,6,state_varying_shared,0.1,1.5,5000,0.08764821715764202,0.00918015576734542,0.018516554118545754,45.9007788367271,0.00918015576734542,0.022222222222222223,1.0,1.0,0.012344369412363837,5000,5.377642775528102e-17,0.0,0.0,2.220446049250313e-16,0,6.900036098045348e-12,0.0033184966520338754,1.9720418063986058,f0a3a3f7dc9950599bb0975c54aa7c5b247bc208ed9faab74a3510bbde9c57e4
cancellation_shared_vs_action_dependent,6,state_varying_shared,0.2,1.5,5000,0.17527538444159452,0.00918015576734542,0.018516554118545747,45.9007788367271,0.00918015576734542,0.022222222222222223,1.0,1.0,0.012344369412363837,5000,1.0581813203458523e-16,0.0,0.0,2.220446049250313e-16,0,1.3881340521493257e-11,0.0033184966520338754,1.9720418063986058,f0a3a3f7dc9950599bb0975c54aa7c5b247bc208ed9faab74a3510bbde9c57e4
cancellation_shared_vs_action_dependent,7,static_shared,0.0,0.0,5000,0.0,0.0,0.0,0.0,0.0,0.0,0.0,0.0,0.0,0,0.0,0.0,0.0,0.0,0,0.0,1.0,1.0,6bad13c1e816ada49fbfb5f75b828736c15ac5d21735f1ab0f3049085505dea4
cancellation_shared_vs_action_dependent,7,static_shared,0.05,0.0,5000,0.05,4.5113912605643235e-17,1.1102230246251565e-16,2.2556956302821618e-13,4.5113912605643235e-17,0.0,0.0,0.0,1.1102230246251565e-16,0,1.1102230246251565e-16,0.0,0.0,1.1102230246251565e-16,0,9.933487127889604e-12,1.0,1.0,6bad13c1e816ada49fbfb5f75b828736c15ac5d21735f1ab0f3049085505dea4
cancellation_shared_vs_action_dependent,7,static_shared,0.1,0.0,5000,0.1,5.000999614424018e-17,1.1102230246251565e-16,2.500499807212009e-13,5.000999614424018e-17,0.0,0.0,0.0,1.1102230246251565e-16,0,1.1102230246251565e-16,0.0,0.0,1.1102230246251565e-16,0,9.933487127889604e-12,1.0,1.0,6bad13c1e816ada49fbfb5f75b828736c15ac5d21735f1ab0f3049085505dea4
cancellation_shared_vs_action_dependent,7,static_shared,0.2,0.0,5000,0.2,7.62390151010095e-17,1.1102230246251565e-16,3.811950755050475e-13,7.62390151010095e-17,0.0,0.0,0.0,1.1102230246251565e-16,0,1.1102230246251565e-16,0.0,0.0,1.1102230246251565e-16,0,1.5746600289229775e-11,1.0,1.0,6bad13c1e816ada49fbfb5f75b828736c15ac5d21735f1ab0f3049085505dea4
cancellation_shared_vs_action_dependent,7,state_varying_shared,0.0,0.0,5000,0.0,0.0,0.0,0.0,0.0,0.0,0.0,0.0,0.0,0,0.0,0.0,0.0,0.0,0,0.0,0.016093028838086054,1.977497329419605,6bad13c1e816ada49fbfb5f75b828736c15ac5d21735f1ab0f3049085505dea4
cancellation_shared_vs_action_dependent,7,state_varying_shared,0.05,0.0,5000,0.049466535147651286,3.895876676818233e-17,1.3877787807814457e-16,1.9479383384091165e-13,3.895876676818233e-17,0.0,0.0,0.0,2.220446049250313e-16,0,1.3877787807814457e-16,0.0,0.0,2.220446049250313e-16,0,9.933487127889604e-12,0.016093028838086054,1.977497329419605,6bad13c1e816ada49fbfb5f75b828736c15ac5d21735f1ab0f3049085505dea4
cancellation_shared_vs_action_dependent,7,state_varying_shared,0.1,0.0,5000,0.09893307029530259,4.655182489488041e-17,1.6653345369377348e-16,2.3275912447440206e-13,4.655182489488041e-17,0.0,0.0,0.0,2.220446049250313e-16,0,1.6653345369377348e-16,0.0,0.0,2.220446049250313e-16,0,1.3692542709155364e-11,0.016093028838086054,1.977497329419605,6bad13c1e816ada49fbfb5f75b828736c15ac5d21735f1ab0f3049085505dea4
cancellation_shared_vs_action_dependent,7,state_varying_shared,0.2,0.0,5000,0.19786614059060517,6.166456234524275e-17,2.220446049250313e-16,3.083228117262138e-13,6.166456234524275e-17,0.0,0.0,0.0,2.220446049250313e-16,0,2.220446049250313e-16,0.0,0.0,2.220446049250313e-16,0,1.4900230691834405e-11,0.016093028838086054,1.977497329419605,6bad13c1e816ada49fbfb5f75b828736c15ac5d21735f1ab0f3049085505dea4
cancellation_shared_vs_action_dependent,7,static_shared,0.0,0.5,5000,0.00030204557733614463,0.003020455773361446,0.0061726769042465685,15.10227886680723,0.003020455773361446,0.0,0.0,0.0,0.0061726769042465685,0,0.0,0.0,0.0,0.0,0,7.760458942129844e-14,1.0,1.0,6bad13c1e816ada49fbfb5f75b828736c15ac5d21735f1ab0f3049085505dea4
cancellation_shared_vs_action_dependent,7,static_shared,0.05,0.5,5000,0.05,0.0030204557733614465,0.0061726769042465685,15.102278866807232,0.0030204557733614465,0.0,0.0,0.0,0.00617267690424657,0,1.3877787807814457e-17,0.0,0.0,1.1102230246251565e-16,0,1.2342904476270178e-12,1.0,1.0,6bad13c1e816ada49fbfb5f75b828736c15ac5d21735f1ab0f3049085505dea4
cancellation_shared_vs_action_dependent,7,static_shared,0.1,0.5,5000,0.1,0.0030204557733614465,0.006172676904246582,15.102278866807232,0.0030204557733614465,0.0,0.0,0.0,0.006172676904246584,0,2.7755575615628914e-17,0.0,0.0,1.1102230246251565e-16,0,1.7530421558831222e-12,1.0,1.0,6bad13c1e816ada49fbfb5f75b828736c15ac5d21735f1ab0f3049085505dea4
cancellation_shared_vs_action_dependent,7,static_shared,0.2,0.5,5000,0.2,0.003020455773361445,0.006172676904246555,15.102278866807227,0.003020455773361445,0.0,0.0,0.0,0.006172676904246556,0,5.551115123125783e-17,0.0,0.0,1.1102230246251565e-16,0,3.336997345115833e-12,1.0,1.0,6bad13c1e816ada49fbfb5f75b828736c15ac5d21735f1ab0f3049085505dea4
cancellation_shared_vs_action_dependent,7,state_varying_shared,0.0,0.5,5000,0.00030204557733614463,0.003020455773361446,0.0061726769042465685,15.10227886680723,0.003020455773361446,0.0,0.0,0.0,0.0061726769042465685,0,0.0,0.0,0.0,0.0,0,7.760458942129844e-14,0.016093028838086054,1.977497329419605,6bad13c1e816ada49fbfb5f75b828736c15ac5d21735f1ab0f3049085505dea4
cancellation_shared_vs_action_dependent,7,state_varying_shared,0.05,0.5,5000,0.04946719380068022,0.003020455773361446,0.006172676904246582,15.10227886680723,0.003020455773361446,0.0,0.0,0.0,0.006172676904246584,0,2.7755575615628914e-17,0.0,0.0,1.1102230246251565e-16,0,1.7530421558831222e-12,0.016093028838086054,1.977497329419605,6bad13c1e816ada49fbfb5f75b828736c15ac5d21735f1ab0f3049085505dea4
cancellation_shared_vs_action_dependent,7,state_varying_shared,0.1,0.5,5000,0.09893319660707224,0.0030204557733614456,0.006172676904246555,15.102278866807229,0.0030204557733614456,0.0,0.0,0.0,0.006172676904246556,0,5.377642775528102e-17,0.0,0.0,2.220446049250313e-16,0,2.183586644832758e-12,0.016093028838086054,1.977497329419605,6bad13c1e816ada49fbfb5f75b828736c15ac5d21735f1ab0f3049085505dea4
cancellation_shared_vs_action_dependent,7,state_varying_shared,0.2,0.5,5000,0.19786614059060514,0.0030204557733614474,0.00617267690424661,15.102278866807236,0.0030204557733614474,0.0,0.0,0.0,0.006172676904246584,0,1.1102230246251565e-16,0.0,0.0,2.220446049250313e-16,0,2.603472992745992e-12,0.016093028838086054,1.977497329419605,6bad13c1e816ada49fbfb5f75b828736c15ac5d21735f1ab0f3049085505dea4
cancellation_shared_vs_action_dependent,7,static_shared,0.0,0.99,5000,0.0005980502431255664,0.005980502431255664,0.012221900270408207,29.90251215627832,0.005980502431255664,0.0,0.0,0.0,0.012221900270408207,0,0.0,0.0,0.0,0.0,0,6.361577931102147e-14,1.0,1.0,6bad13c1e816ada49fbfb5f75b828736c15ac5d21735f1ab0f3049085505dea4
cancellation_shared_vs_action_dependent,7,static_shared,0.05,0.99,5000,0.05,0.005980502431255664,0.012221900270408204,29.90251215627832,0.005980502431255664,0.0,0.0,0.0,0.012221900270408205,0,1.3877787807814457e-17,0.0,0.0,1.1102230246251565e-16,0,8.728573419602981e-13,1.0,1.0,6bad13c1e816ada49fbfb5f75b828736c15ac5d21735f1ab0f3049085505dea4
cancellation_shared_vs_action_dependent,7,static_shared,0.1,0.99,5000,0.1,0.005980502431255664,0.012221900270408204,29.90251215627832,0.005980502431255664,0.0,0.0,0.0,0.012221900270408205,0,2.688821387764051e-17,0.0,0.0,1.1102230246251565e-16,0,2.236544283107378e-12,1.0,1.0,6bad13c1e816ada49fbfb5f75b828736c15ac5d21735f1ab0f3049085505dea4
cancellation_shared_vs_action_dependent,7,static_shared,0.2,0.99,5000,0.2,0.0059805024312556635,0.012221900270408204,29.902512156278316,0.0059805024312556635,0.0,0.0,0.0,0.012221900270408205,0,5.377642775528102e-17,0.0,0.0,1.1102230246251565e-16,0,3.063771458755582e-12,1.0,1.0,6bad13c1e816ada49fbfb5f75b828736c15ac5d21735f1ab0f3049085505dea4
cancellation_shared_vs_action_dependent,7,state_varying_shared,0.0,0.99,5000,0.0005980502431255664,0.005980502431255664,0.012221900270408207,29.90251215627832,0.005980502431255664,0.0,0.0,0.0,0.012221900270408207,0,0.0,0.0,0.0,0.0,0,6.361577931102147e-14,0.016093028838086054,1.977497329419605,6bad13c1e816ada49fbfb5f75b828736c15ac5d21735f1ab0f3049085505dea4
cancellation_shared_vs_action_dependent,7,state_varying_shared,0.05,0.99,5000,0.04946997425587482,0.005980502431255664,0.012221900270408204,29.90251215627832,0.005980502431255664,0.0,0.0,0.0,0.012221900270408205,0,2.7755575615628914e-17,0.0,0.0,2.220446049250313e-16,0,8.728573419602981e-13,0.016093028838086054,1.977497329419605,6bad13c1e816ada49fbfb5f75b828736c15ac5d21735f1ab0f3049085505dea4
cancellation_shared_vs_action_dependent,7,state_varying_shared,0.1,0.99,5000,0.09893435115066421,0.0059805024312556635,0.012221900270408204,29.902512156278316,0.0059805024312556635,0.0,0.0,0.0,0.012221900270408205,0,5.4643789493269423e-17,0.0,0.0,2.220446049250313e-16,0,3.063771458755582e-12,0.016093028838086054,1.977497329419605,6bad13c1e816ada49fbfb5f75b828736c15ac5d21735f1ab0f3049085505dea4
cancellation_shared_vs_action_dependent,7,state_varying_shared,0.2,0.99,5000,0.19786638300312712,0.0059805024312556635,0.012221900270408259,29.902512156278316,0.0059805024312556635,0.0,0.0,0.0,0.012221900270408233,0,1.0408340855860843e-16,0.0,0.0,2.220446049250313e-16,0,3.767763878670394e-12,0.016093028838086054,1.977497329419605,6bad13c1e816ada49fbfb5f75b828736c15ac5d21735f1ab0f3049085505dea4
cancellation_shared_vs_action_dependent,7,static_shared,0.0,1.0,5000,0.0006040911546722893,0.006040911546722892,0.012345353808493139,30.20455773361446,0.006040911546722892,0.022222222222222223,0.5,0.0,0.012345353808493139,5000,0.0,0.0,0.0,0.0,0,2.220446049250313e-16,1.0,1.0,6bad13c1e816ada49fbfb5f75b828736c15ac5d21735f1ab0f3049085505dea4
cancellation_shared_vs_action_dependent,7,static_shared,0.05,1.0,5000,0.05,0.006040911546722893,0.012345353808493137,30.204557733614465,0.006040911546722893,0.022222222222222223,0.5,0.0,0.012345353808493139,5000,1.3877787807814457e-17,0.0,0.0,1.1102230246251565e-16,0,7.760458942129844e-13,1.0,1.0,6bad13c1e816ada49fbfb5f75b828736c15ac5d21735f1ab0f3049085505dea4
cancellation_shared_vs_action_dependent,7,static_shared,0.1,1.0,5000,0.1,0.006040911546722893,0.012345353808493137,30.204557733614465,0.006040911546722893,0.022222222222222223,0.5,0.0,0.012345353808493139,5000,2.7755575615628914e-17,0.0,0.0,1.1102230246251565e-16,0,2.5792701308091637e-12,1.0,1.0,6bad13c1e816ada49fbfb5f75b828736c15ac5d21735f1ab0f3049085505dea4
cancellation_shared_vs_action_dependent,7,static_shared,0.2,1.0,5000,0.2,0.006040911546722893,0.012345353808493165,30.204557733614465,0.006040911546722893,0.022222222222222223,0.5,0.0,0.012345353808493139,5000,5.4643789493269423e-17,0.0,0.0,1.1102230246251565e-16,0,3.5060843117662444e-12,1.0,1.0,6bad13c1e816ada49fbfb5f75b828736c15ac5d21735f1ab0f3049085505dea4
cancellation_shared_vs_action_dependent,7,state_varying_shared,0.0,1.0,5000,0.0006040911546722893,0.006040911546722892,0.012345353808493139,30.20455773361446,0.006040911546722892,0.022222222222222223,0.5,0.0,0.012345353808493139,5000,0.0,0.0,0.0,0.0,0,2.220446049250313e-16,0.016093028838086054,1.977497329419605,6bad13c1e816ada49fbfb5f75b828736c15ac5d21735f1ab0f3049085505dea4
cancellation_shared_vs_action_dependent,7,state_varying_shared,0.05,1.0,5000,0.049470048889604386,0.006040911546722893,0.012345353808493137,30.204557733614465,0.006040911546722893,0.022222222222222223,0.5,0.0,0.012345353808493139,5000,2.7755575615628914e-17,0.0,0.0,1.1102230246251565e-16,0,9.122702593344911e-13,0.016093028838086054,1.977497329419605,6bad13c1e816ada49fbfb5f75b828736c15ac5d21735f1ab0f3049085505dea4
cancellation_shared_vs_action_dependent,7,state_varying_shared,0.1,1.0,5000,0.09893438760136047,0.006040911546722891,0.012345353808493165,30.204557733614458,0.006040911546722891,0.022222222222222223,0.5,0.0,0.012345353808493139,5000,5.377642775528102e-17,0.0,0.0,2.220446049250313e-16,0,3.5060843117662444e-12,0.016093028838086054,1.977497329419605,6bad13c1e816ada49fbfb5f75b828736c15ac5d21735f1ab0f3049085505dea4
cancellation_shared_vs_action_dependent,7,state_varying_shared,0.2,1.0,5000,0.19786639321414448,0.006040911546722892,0.01234535380849311,30.20455773361446,0.006040911546722892,0.022222222222222223,0.5,0.0,0.012345353808493083,5000,9.540979117872439e-17,0.0,0.0,2.220446049250313e-16,0,4.367173289665516e-12,0.016093028838086054,1.977497329419605,6bad13c1e816ada49fbfb5f75b828736c15ac5d21735f1ab0f3049085505dea4
cancellation_shared_vs_action_dependent,7,static_shared,0.0,1.01,5000,0.0006101320662190121,0.006101320662190122,0.01246880734657807,30.50660331095061,0.006101320662190122,0.022222222222222223,1.0,1.0,0.012345353808493139,5000,0.0,0.0,0.0,0.0,0,6.372680161348399e-14,1.0,1.0,6bad13c1e816ada49fbfb5f75b828736c15ac5d21735f1ab0f3049085505dea4
cancellation_shared_vs_action_dependent,7,static_shared,0.05,1.01,5000,0.05,0.006101320662190122,0.01246880734657807,30.50660331095061,0.006101320662190122,0.022222222222222223,1.0,1.0,0.012345353808493139,5000,1.3877787807814457e-17,0.0,0.0,1.1102230246251565e-16,0,1.177946629127291e-12,1.0,1.0,6bad13c1e816ada49fbfb5f75b828736c15ac5d21735f1ab0f3049085505dea4
cancellation_shared_vs_action_dependent,7,static_shared,0.1,1.01,5000,0.1,0.006101320662190122,0.01246880734657807,30.50660331095061,0.006101320662190122,0.022222222222222223,1.0,1.0,0.012345353808493139,5000,2.7755575615628914e-17,0.0,0.0,1.1102230246251565e-16,0,1.7339463198595695e-12,1.0,1.0,6bad13c1e816ada49fbfb5f75b828736c15ac5d21735f1ab0f3049085505dea4
cancellation_shared_vs_action_dependent,7,static_shared,0.2,1.01,5000,0.2,0.006101320662190121,0.01246880734657807,30.506603310950606,0.006101320662190121,0.022222222222222223,1.0,1.0,0.012345353808493139,5000,5.377642775528102e-17,0.0,0.0,1.1102230246251565e-16,0,4.813704990169754e-12,1.0,1.0,6bad13c1e816ada49fbfb5f75b828736c15ac5d21735f1ab0f3049085505dea4
cancellation_shared_vs_action_dependent,7,state_varying_shared,0.0,1.01,5000,0.0006101320662190121,0.006101320662190122,0.01246880734657807,30.50660331095061,0.006101320662190122,0.022222222222222223,1.0,1.0,0.012345353808493139,5000,0.0,0.0,0.0,0.0,0,6.372680161348399e-14,0.016093028838086054,1.977497329419605,6bad13c1e816ada49fbfb5f75b828736c15ac5d21735f1ab0f3049085505dea4
cancellation_shared_vs_action_dependent,7,state_varying_shared,0.05,1.01,5000,0.04947012352333398,0.006101320662190122,0.01246880734657807,30.50660331095061,0.006101320662190122,0.022222222222222223,1.0,1.0,0.012345353808493139,5000,2.7755575615628914e-17,0.0,0.0,1.1102230246251565e-16,0,1.7339463198595695e-12,0.016093028838086054,1.977497329419605,6bad13c1e816ada49fbfb5f75b828736c15ac5d21735f1ab0f3049085505dea4
cancellation_shared_vs_action_dependent,7,state_varying_shared,0.1,1.01,5000,0.0989344240520567,0.006101320662190122,0.01246880734657807,30.50660331095061,0.006101320662190122,0.022222222222222223,1.0,1.0,0.012345353808493139,5000,5.421010862427522e-17,0.0,0.0,2.220446049250313e-16,0,2.2026824808563106e-12,0.016093028838086054,1.977497329419605,6bad13c1e816ada49fbfb5f75b828736c15ac5d21735f1ab0f3049085505dea4
cancellation_shared_vs_action_dependent,7,state_varying_shared,0.2,1.01,5000,0.19786640342516185,0.006101320662190122,0.01246880734657807,30.50660331095061,0.006101320662190122,0.022222222222222223,1.0,1.0,0.012345353808493139,5000,1.0408340855860843e-16,0.0,0.0,2.220446049250313e-16,0,5.6705751205754495e-12,0.016093028838086054,1.977497329419605,6bad13c1e816ada49fbfb5f75b828736c15ac5d21735f1ab0f3049085505dea4
cancellation_shared_vs_action_dependent,7,static_shared,0.0,1.5,5000,0.0009061367320084338,0.00906136732008434,0.01851803071273971,45.3068366004217,0.00906136732008434,0.022222222222222223,1.0,1.0,0.012345353808493139,5000,0.0,0.0,0.0,0.0,0,7.771561172376096e-14,1.0,1.0,6bad13c1e816ada49fbfb5f75b828736c15ac5d21735f1ab0f3049085505dea4
cancellation_shared_vs_action_dependent,7,static_shared,0.05,1.5,5000,0.05,0.00906136732008434,0.018518030712739705,45.3068366004217,0.00906136732008434,0.022222222222222223,1.0,1.0,0.012345353808493139,5000,1.3877787807814457e-17,0.0,0.0,1.1102230246251565e-16,0,1.234345958778249e-12,1.0,1.0,6bad13c1e816ada49fbfb5f75b828736c15ac5d21735f1ab0f3049085505dea4
cancellation_shared_vs_action_dependent,7,static_shared,0.1,1.5,5000,0.1,0.00906136732008434,0.01851803071273972,45.3068366004217,0.00906136732008434,0.022222222222222223,1.0,1.0,0.012345353808493139,5000,2.6020852139652106e-17,0.0,0.0,1.1102230246251565e-16,0,1.5329959524024162e-12,1.0,1.0,6bad13c1e816ada49fbfb5f75b828736c15ac5d21735f1ab0f3049085505dea4
cancellation_shared_vs_action_dependent,7,static_shared,0.2,1.5,5000,0.2,0.009061367320084338,0.01851803071273972,45.30683660042169,0.009061367320084338,0.022222222222222223,1.0,1.0,0.012345353808493139,5000,5.551115123125783e-17,0.0,0.0,1.1102230246251565e-16,0,3.702815831729822e-12,1.0,1.0,6bad13c1e816ada49fbfb5f75b828736c15ac5d21735f1ab0f3049085505dea4
cancellation_shared_vs_action_dependent,7,state_varying_shared,0.0,1.5,5000,0.0009061367320084338,0.00906136732008434,0.01851803071273971,45.3068366004217,0.00906136732008434,0.022222222222222223,1.0,1.0,0.012345353808493139,5000,0.0,0.0,0.0,0.0,0,7.771561172376096e-14,0.016093028838086054,1.977497329419605,6bad13c1e816ada49fbfb5f75b828736c15ac5d21735f1ab0f3049085505dea4
cancellation_shared_vs_action_dependent,7,state_varying_shared,0.05,1.5,5000,0.049474244245031024,0.00906136732008434,0.01851803071273972,45.3068366004217,0.00906136732008434,0.022222222222222223,1.0,1.0,0.012345353808493139,5000,2.688821387764051e-17,0.0,0.0,1.1102230246251565e-16,0,1.3224976669334865e-12,0.016093028838086054,1.977497329419605,6bad13c1e816ada49fbfb5f75b828736c15ac5d21735f1ab0f3049085505dea4
cancellation_shared_vs_action_dependent,7,state_varying_shared,0.1,1.5,5000,0.09893681584410162,0.009061367320084338,0.01851803071273972,45.30683660042169,0.009061367320084338,0.022222222222222223,1.0,1.0,0.012345353808493139,5000,5.4643789493269423e-17,0.0,0.0,2.220446049250313e-16,0,2.858380199199928e-12,0.016093028838086054,1.977497329419605,6bad13c1e816ada49fbfb5f75b828736c15ac5d21735f1ab0f3049085505dea4
cancellation_shared_vs_action_dependent,7,state_varying_shared,0.2,1.5,5000,0.1978671719718901,0.00906136732008434,0.01851803071273972,45.3068366004217,0.00906136732008434,0.022222222222222223,1.0,1.0,0.012345353808493139,5000,9.367506770274758e-17,0.0,0.0,2.220446049250313e-16,0,6.550759934498274e-12,0.016093028838086054,1.977497329419605,6bad13c1e816ada49fbfb5f75b828736c15ac5d21735f1ab0f3049085505dea4
cancellation_shared_vs_action_dependent,8,static_shared,0.0,0.0,5000,0.0,0.0,0.0,0.0,0.0,0.0,0.0,0.0,0.0,0,0.0,0.0,0.0,0.0,0,0.0,1.0,1.0,b83334272e998ef7db2cdd2cd63317895137b29beca41ea7f7137dea09f69899
cancellation_shared_vs_action_dependent,8,static_shared,0.05,0.0,5000,0.05,4.3499925883594416e-17,1.1102230246251565e-16,2.1749962941797207e-13,4.3499925883594416e-17,0.0,0.0,0.0,1.1102230246251565e-16,0,1.1102230246251565e-16,0.0,0.0,1.1102230246251565e-16,0,1.8139632641068507e-09,1.0,1.0,b83334272e998ef7db2cdd2cd63317895137b29beca41ea7f7137dea09f69899
cancellation_shared_vs_action_dependent,8,static_shared,0.1,0.0,5000,0.1,4.960476474025199e-17,1.1102230246251565e-16,2.4802382370125997e-13,4.960476474025199e-17,0.0,0.0,0.0,1.1102230246251565e-16,0,1.1102230246251565e-16,0.0,0.0,1.1102230246251565e-16,0,1.8139632641068507e-09,1.0,1.0,b83334272e998ef7db2cdd2cd63317895137b29beca41ea7f7137dea09f69899
cancellation_shared_vs_action_dependent,8,static_shared,0.2,0.0,5000,0.2,7.247535904753022e-17,1.1102230246251565e-16,3.623767952376511e-13,7.247535904753022e-17,0.0,0.0,0.0,1.1102230246251565e-16,0,1.1102230246251565e-16,0.0,0.0,1.1102230246251565e-16,0,1.8139632641068507e-09,1.0,1.0,b83334272e998ef7db2cdd2cd63317895137b29beca41ea7f7137dea09f69899
cancellation_shared_vs_action_dependent,8,state_varying_shared,0.0,0.0,5000,0.0,0.0,0.0,0.0,0.0,0.0,0.0,0.0,0.0,0,0.0,0.0,0.0,0.0,0,0.0,0.03700907781863294,1.9913677067150006,b83334272e998ef7db2cdd2cd63317895137b29beca41ea7f7137dea09f69899
cancellation_shared_vs_action_dependent,8,state_varying_shared,0.05,0.0,5000,0.05218890720431295,3.9388978190224576e-17,1.6653345369377348e-16,1.9694489095112289e-13,3.9388978190224576e-17,0.0,0.0,0.0,1.1102230246251565e-16,0,1.6653345369377348e-16,0.0,0.0,1.1102230246251565e-16,0,1.8139632641068507e-09,0.03700907781863294,1.9913677067150006,b83334272e998ef7db2cdd2cd63317895137b29beca41ea7f7137dea09f69899
cancellation_shared_vs_action_dependent,8,state_varying_shared,0.1,0.0,5000,0.1043778144086259,4.600105019125778e-17,1.6653345369377348e-16,2.300052509562889e-13,4.600105019125778e-17,0.0,0.0,0.0,2.220446049250313e-16,0,1.6653345369377348e-16,0.0,0.0,2.220446049250313e-16,0,4.5349081602671267e-10,0.03700907781863294,1.9913677067150006,b83334272e998ef7db2cdd2cd63317895137b29beca41ea7f7137dea09f69899
cancellation_shared_vs_action_dependent,8,state_varying_shared,0.2,0.0,5000,0.2087556288172518,6.263878304935134e-17,2.220446049250313e-16,3.1319391524675666e-13,6.263878304935134e-17,0.0,0.0,0.0,2.220446049250313e-16,0,2.220446049250313e-16,0.0,0.0,2.220446049250313e-16,0,9.069816320534253e-10,0.03700907781863294,1.9913677067150006,b83334272e998ef7db2cdd2cd63317895137b29beca41ea7f7137dea09f69899
cancellation_shared_vs_action_dependent,8,static_shared,0.0,0.5,5000,0.00030615412228786456,0.0030615412228786457,0.00617214810739453,15.307706114393229,0.0030615412228786457,0.0,0.0,0.0,0.00617214810739453,0,0.0,0.0,0.0,0.0,0,7.0857764100651366e-12,1.0,1.0,b83334272e998ef7db2cdd2cd63317895137b29beca41ea7f7137dea09f69899
cancellation_shared_vs_action_dependent,8,static_shared,0.05,0.5,5000,0.05,0.0030615412228786457,0.006172148107394526,15.307706114393229,0.0030615412228786457,0.0,0.0,0.0,0.006172148107394531,0,1.734723475976807e-17,0.0,0.0,1.1102230246251565e-16,0,1.4880163767827526e-10,1.0,1.0,b83334272e998ef7db2cdd2cd63317895137b29beca41ea7f7137dea09f69899
cancellation_shared_vs_action_dependent,8,static_shared,0.1,0.5,5000,0.1,0.0030615412228786457,0.006172148107394526,15.307706114393229,0.0030615412228786457,0.0,0.0,0.0,0.0061721481073945175,0,2.7755575615628914e-17,0.0,0.0,1.1102230246251565e-16,0,3.046891627889181e-10,1.0,1.0,b83334272e998ef7db2cdd2cd63317895137b29beca41ea7f7137dea09f69899
cancellation_shared_vs_action_dependent,8,static_shared,0.2,0.5,5000,0.2,0.0030615412228786453,0.006172148107394526,15.307706114393227,0.0030615412228786453,0.0,0.0,0.0,0.006172148107394531,0,5.551115123125783e-17,0.0,0.0,1.1102230246251565e-16,0,3.046891627889181e-10,1.0,1.0,b83334272e998ef7db2cdd2cd63317895137b29beca41ea7f7137dea09f69899
cancellation_shared_vs_action_dependent,8,state_varying_shared,0.0,0.5,5000,0.00030615412228786456,0.0030615412228786457,0.00617214810739453,15.307706114393229,0.0030615412228786457,0.0,0.0,0.0,0.00617214810739453,0,0.0,0.0,0.0,0.0,0,7.0857764100651366e-12,0.03700907781863294,1.9913677067150006,b83334272e998ef7db2cdd2cd63317895137b29beca41ea7f7137dea09f69899
cancellation_shared_vs_action_dependent,8,state_varying_shared,0.05,0.5,5000,0.05218891933211817,0.0030615412228786457,0.006172148107394526,15.307706114393229,0.0030615412228786457,0.0,0.0,0.0,0.006172148107394531,0,2.7755575615628914e-17,0.0,0.0,1.1102230246251565e-16,0,7.79437070441702e-11,0.03700907781863294,1.9913677067150006,b83334272e998ef7db2cdd2cd63317895137b29beca41ea7f7137dea09f69899
cancellation_shared_vs_action_dependent,8,state_varying_shared,0.1,0.5,5000,0.1043778144086259,0.0030615412228786453,0.006172148107394526,15.307706114393227,0.0030615412228786453,0.0,0.0,0.0,0.0061721481073945175,0,5.551115123125783e-17,0.0,0.0,2.220446049250313e-16,0,1.4880163767827526e-10,0.03700907781863294,1.9913677067150006,b83334272e998ef7db2cdd2cd63317895137b29beca41ea7f7137dea09f69899
cancellation_shared_vs_action_dependent,8,state_varying_shared,0.2,0.5,5000,0.2087556288172518,0.0030615412228786457,0.006172148107394526,15.307706114393229,0.0030615412228786457,0.0,0.0,0.0,0.006172148107394531,0,1.0755285551056204e-16,0.0,0.0,2.220446049250313e-16,0,3.046891627889181e-10,0.03700907781863294,1.9913677067150006,b83334272e998ef7db2cdd2cd63317895137b29beca41ea7f7137dea09f69899
cancellation_shared_vs_action_dependent,8,static_shared,0.0,0.99,5000,0.0006061851621299717,0.0060618516212997174,0.012220853252641167,30.30925810649859,0.0060618516212997174,0.0,0.0,0.0,0.012220853252641167,0,0.0,0.0,0.0,0.0,0,2.4091839634365897e-12,1.0,1.0,b83334272e998ef7db2cdd2cd63317895137b29beca41ea7f7137dea09f69899
cancellation_shared_vs_action_dependent,8,static_shared,0.05,0.99,5000,0.05,0.0060618516212997174,0.012220853252641162,30.30925810649859,0.0060618516212997174,0.0,0.0,0.0,0.012220853252641167,0,1.5612511283791264e-17,0.0,0.0,1.1102230246251565e-16,0,5.909550626626014e-11,1.0,1.0,b83334272e998ef7db2cdd2cd63317895137b29beca41ea7f7137dea09f69899
cancellation_shared_vs_action_dependent,8,static_shared,0.1,0.99,5000,0.1,0.0060618516212997174,0.012220853252641162,30.30925810649859,0.0060618516212997174,0.0,0.0,0.0,0.012220853252641153,0,2.7755575615628914e-17,0.0,0.0,1.1102230246251565e-16,0,5.909550626626014e-11,1.0,1.0,b83334272e998ef7db2cdd2cd63317895137b29beca41ea7f7137dea09f69899
cancellation_shared_vs_action_dependent,8,static_shared,0.2,0.99,5000,0.2,0.0060618516212997174,0.012220853252641162,30.30925810649859,0.0060618516212997174,0.0,0.0,0.0,0.012220853252641167,0,6.245004513516506e-17,0.0,0.0,1.1102230246251565e-16,0,8.478860946681266e-10,1.0,1.0,b83334272e998ef7db2cdd2cd63317895137b29beca41ea7f7137dea09f69899
cancellation_shared_vs_action_dependent,8,state_varying_shared,0.0,0.99,5000,0.0006061851621299717,0.0060618516212997174,0.012220853252641167,30.30925810649859,0.0060618516212997174,0.0,0.0,0.0,0.012220853252641167,0,0.0,0.0,0.0,0.0,0,2.4091839634365897e-12,0.03700907781863294,1.9913677067150006,b83334272e998ef7db2cdd2cd63317895137b29beca41ea7f7137dea09f69899
cancellation_shared_vs_action_dependent,8,state_varying_shared,0.05,0.99,5000,0.052189853459361786,0.0060618516212997174,0.012220853252641162,30.30925810649859,0.0060618516212997174,0.0,0.0,0.0,0.012220853252641167,0,3.9898639947466563e-17,0.0,0.0,1.1102230246251565e-16,0,5.909550626626014e-11,0.03700907781863294,1.9913677067150006,b83334272e998ef7db2cdd2cd63317895137b29beca41ea7f7137dea09f69899
cancellation_shared_vs_action_dependent,8,state_varying_shared,0.1,0.99,5000,0.10437783540300599,0.0060618516212997174,0.012220853252641162,30.30925810649859,0.0060618516212997174,0.0,0.0,0.0,0.012220853252641153,0,6.245004513516506e-17,0.0,0.0,2.220446049250313e-16,0,5.909550626626014e-11,0.03700907781863294,1.9913677067150006,b83334272e998ef7db2cdd2cd63317895137b29beca41ea7f7137dea09f69899
cancellation_shared_vs_action_dependent,8,state_varying_shared,0.2,0.99,5000,0.2087556288172518,0.006061851621299718,0.012220853252641162,30.309258106498593,0.006061851621299718,0.0,0.0,0.0,0.012220853252641167,0,1.0321604682062002e-16,0.0,0.0,2.220446049250313e-16,0,5.909550626626014e-11,0.03700907781863294,1.9913677067150006,b83334272e998ef7db2cdd2cd63317895137b29beca41ea7f7137dea09f69899
cancellation_shared_vs_action_dependent,8,static_shared,0.0,1.0,5000,0.0006123082445757291,0.006123082445757291,0.012344296214789057,30.615412228786454,0.006123082445757291,0.022222222222222223,0.5,0.0,0.012344296214789057,5000,0.0,0.0,0.0,0.0,0,2.220446049250313e-16,1.0,1.0,b83334272e998ef7db2cdd2cd63317895137b29beca41ea7f7137dea09f69899
cancellation_shared_vs_action_dependent,8,static_shared,0.05,1.0,5000,0.05,0.0061230824457572915,0.012344296214789052,30.615412228786457,0.0061230824457572915,0.022222222222222223,0.5,0.0,0.012344296214789057,5000,1.3877787807814457e-17,0.0,0.0,1.1102230246251565e-16,0,1.558874140883404e-10,1.0,1.0,b83334272e998ef7db2cdd2cd63317895137b29beca41ea7f7137dea09f69899
cancellation_shared_vs_action_dependent,8,static_shared,0.1,1.0,5000,0.1,0.006123082445757291,0.012344296214789052,30.615412228786454,0.006123082445757291,0.022222222222222223,0.5,0.0,0.012344296214789044,5000,2.688821387764051e-17,0.0,0.0,1.1102230246251565e-16,0,2.976032753565505e-10,1.0,1.0,b83334272e998ef7db2cdd2cd63317895137b29beca41ea7f7137dea09f69899
cancellation_shared_vs_action_dependent,8,static_shared,0.2,1.0,5000,0.2,0.006123082445757291,0.012344296214789052,30.615412228786454,0.006123082445757291,0.022222222222222223,0.5,0.0,0.012344296214789057,5000,5.551115123125783e-17,0.0,0.0,1.1102230246251565e-16,0,6.093783255778362e-10,1.0,1.0,b83334272e998ef7db2cdd2cd63317895137b29beca41ea7f7137dea09f69899
cancellation_shared_vs_action_dependent,8,state_varying_shared,0.0,1.0,5000,0.0006123082445757291,0.006123082445757291,0.012344296214789057,30.615412228786454,0.006123082445757291,0.022222222222222223,0.5,0.0,0.012344296214789057,5000,0.0,0.0,0.0,0.0,0,2.220446049250313e-16,0.03700907781863294,1.9913677067150006,b83334272e998ef7db2cdd2cd63317895137b29beca41ea7f7137dea09f69899
cancellation_shared_vs_action_dependent,8,state_varying_shared,0.05,1.0,5000,0.05218988778957449,0.0061230824457572915,0.012344296214789052,30.615412228786457,0.0061230824457572915,0.022222222222222223,0.5,0.0,0.012344296214789057,5000,2.6020852139652106e-17,0.0,0.0,2.220446049250313e-16,0,7.085798614525629e-11,0.03700907781863294,1.9913677067150006,b83334272e998ef7db2cdd2cd63317895137b29beca41ea7f7137dea09f69899
cancellation_shared_vs_action_dependent,8,state_varying_shared,0.1,1.0,5000,0.10437783866423633,0.0061230824457572915,0.012344296214789052,30.615412228786457,0.0061230824457572915,0.022222222222222223,0.5,0.0,0.012344296214789044,5000,5.377642775528102e-17,0.0,0.0,2.220446049250313e-16,0,1.558874140883404e-10,0.03700907781863294,1.9913677067150006,b83334272e998ef7db2cdd2cd63317895137b29beca41ea7f7137dea09f69899
cancellation_shared_vs_action_dependent,8,state_varying_shared,0.2,1.0,5000,0.2087556288172518,0.006123082445757291,0.012344296214789052,30.615412228786454,0.006123082445757291,0.022222222222222223,0.5,0.0,0.012344296214789057,5000,9.71445146547012e-17,0.0,0.0,2.220446049250313e-16,0,2.976032753565505e-10,0.03700907781863294,1.9913677067150006,b83334272e998ef7db2cdd2cd63317895137b29beca41ea7f7137dea09f69899
cancellation_shared_vs_action_dependent,8,static_shared,0.0,1.01,5000,0.0006184313270214864,0.006184313270214864,0.012467739176936948,30.92156635107432,0.006184313270214864,0.022222222222222223,1.0,1.0,0.012344296214789057,5000,0.0,0.0,0.0,0.0,0,2.4091839634365897e-12,1.0,1.0,b83334272e998ef7db2cdd2cd63317895137b29beca41ea7f7137dea09f69899
cancellation_shared_vs_action_dependent,8,static_shared,0.05,1.01,5000,0.05,0.006184313270214864,0.012467739176936943,30.92156635107432,0.006184313270214864,0.022222222222222223,1.0,1.0,0.012344296214789057,5000,1.8214596497756474e-17,0.0,0.0,1.1102230246251565e-16,0,2.0081136753447026e-10,1.0,1.0,b83334272e998ef7db2cdd2cd63317895137b29beca41ea7f7137dea09f69899
cancellation_shared_vs_action_dependent,8,static_shared,0.1,1.01,5000,0.1,0.006184313270214865,0.012467739176936943,30.921566351074322,0.006184313270214865,0.022222222222222223,1.0,1.0,0.012344296214789057,5000,3.9898639947466563e-17,0.0,0.0,1.1102230246251565e-16,0,2.526794329327231e-10,1.0,1.0,b83334272e998ef7db2cdd2cd63317895137b29beca41ea7f7137dea09f69899
cancellation_shared_vs_action_dependent,8,static_shared,0.2,1.01,5000,0.2,0.006184313270214864,0.012467739176936943,30.92156635107432,0.006184313270214864,0.022222222222222223,1.0,1.0,0.012344296214789057,5000,7.28583859910259e-17,0.0,0.0,1.1102230246251565e-16,0,2.526794329327231e-10,1.0,1.0,b83334272e998ef7db2cdd2cd63317895137b29beca41ea7f7137dea09f69899
cancellation_shared_vs_action_dependent,8,state_varying_shared,0.0,1.01,5000,0.0006184313270214864,0.006184313270214864,0.012467739176936948,30.92156635107432,0.006184313270214864,0.022222222222222223,1.0,1.0,0.012344296214789057,5000,0.0,0.0,0.0,0.0,0,2.4091839634365897e-12,0.03700907781863294,1.9913677067150006,b83334272e998ef7db2cdd2cd63317895137b29beca41ea7f7137dea09f69899
cancellation_shared_vs_action_dependent,8,state_varying_shared,0.05,1.01,5000,0.05218992219031564,0.006184313270214865,0.012467739176936943,30.921566351074322,0.006184313270214865,0.022222222222222223,1.0,1.0,0.012344296214789057,5000,2.7755575615628914e-17,0.0,0.0,1.1102230246251565e-16,0,2.5933921676823957e-11,0.03700907781863294,1.9913677067150006,b83334272e998ef7db2cdd2cd63317895137b29beca41ea7f7137dea09f69899
cancellation_shared_vs_action_dependent,8,state_varying_shared,0.1,1.01,5000,0.10437784192546667,0.006184313270214864,0.012467739176936943,30.92156635107432,0.006184313270214864,0.022222222222222223,1.0,1.0,0.012344296214789057,5000,5.551115123125783e-17,0.0,0.0,2.220446049250313e-16,0,2.0081136753447026e-10,0.03700907781863294,1.9913677067150006,b83334272e998ef7db2cdd2cd63317895137b29beca41ea7f7137dea09f69899
cancellation_shared_vs_action_dependent,8,state_varying_shared,0.2,1.01,5000,0.2087556288172518,0.006184313270214864,0.012467739176936943,30.92156635107432,0.006184313270214864,0.022222222222222223,1.0,1.0,0.012344296214789057,5000,1.1102230246251565e-16,0.0,0.0,2.220446049250313e-16,0,2.526794329327231e-10,0.03700907781863294,1.9913677067150006,b83334272e998ef7db2cdd2cd63317895137b29beca41ea7f7137dea09f69899
cancellation_shared_vs_action_dependent,8,static_shared,0.0,1.5,5000,0.0009184623668635936,0.009184623668635936,0.018516444322183585,45.92311834317968,0.009184623668635936,0.022222222222222223,1.0,1.0,0.012344296214789057,5000,0.0,0.0,0.0,0.0,0,7.085887432367599e-12,1.0,1.0,b83334272e998ef7db2cdd2cd63317895137b29beca41ea7f7137dea09f69899
cancellation_shared_vs_action_dependent,8,static_shared,0.05,1.5,5000,0.05,0.009184623668635936,0.018516444322183592,45.92311834317968,0.009184623668635936,0.022222222222222223,1.0,1.0,0.012344296214789057,5000,1.734723475976807e-17,0.0,0.0,1.1102230246251565e-16,0,7.085887432367599e-12,1.0,1.0,b83334272e998ef7db2cdd2cd63317895137b29beca41ea7f7137dea09f69899
cancellation_shared_vs_action_dependent,8,static_shared,0.1,1.5,5000,0.1,0.009184623668635936,0.01851644432218358,45.92311834317968,0.009184623668635936,0.022222222222222223,1.0,1.0,0.012344296214789057,5000,2.6020852139652106e-17,0.0,0.0,1.1102230246251565e-16,0,7.085887432367599e-12,1.0,1.0,b83334272e998ef7db2cdd2cd63317895137b29beca41ea7f7137dea09f69899
cancellation_shared_vs_action_dependent,8,static_shared,0.2,1.5,5000,0.2,0.009184623668635936,0.01851644432218358,45.92311834317968,0.009184623668635936,0.022222222222222223,1.0,1.0,0.012344296214789057,5000,5.551115123125783e-17,0.0,0.0,1.1102230246251565e-16,0,8.998959355466241e-10,1.0,1.0,b83334272e998ef7db2cdd2cd63317895137b29beca41ea7f7137dea09f69899
cancellation_shared_vs_action_dependent,8,state_varying_shared,0.0,1.5,5000,0.0009184623668635936,0.009184623668635936,0.018516444322183585,45.92311834317968,0.009184623668635936,0.022222222222222223,1.0,1.0,0.012344296214789057,5000,0.0,0.0,0.0,0.0,0,7.085887432367599e-12,0.03700907781863294,1.9913677067150006,b83334272e998ef7db2cdd2cd63317895137b29beca41ea7f7137dea09f69899
cancellation_shared_vs_action_dependent,8,state_varying_shared,0.05,1.5,5000,0.05219189427705729,0.009184623668635936,0.018516444322183585,45.92311834317968,0.009184623668635936,0.022222222222222223,1.0,1.0,0.012344296214789057,5000,2.7755575615628914e-17,0.0,0.0,1.1102230246251565e-16,0,7.085887432367599e-12,0.03700907781863294,1.9913677067150006,b83334272e998ef7db2cdd2cd63317895137b29beca41ea7f7137dea09f69899
cancellation_shared_vs_action_dependent,8,state_varying_shared,0.1,1.5,5000,0.10437846213642786,0.009184623668635936,0.01851644432218358,45.92311834317968,0.009184623668635936,0.022222222222222223,1.0,1.0,0.012344296214789057,5000,5.551115123125783e-17,0.0,0.0,2.220446049250313e-16,0,7.085887432367599e-12,0.03700907781863294,1.9913677067150006,b83334272e998ef7db2cdd2cd63317895137b29beca41ea7f7137dea09f69899
cancellation_shared_vs_action_dependent,8,state_varying_shared,0.2,1.5,5000,0.2087556288172518,0.009184623668635938,0.01851644432218358,45.92311834317969,0.009184623668635938,0.022222222222222223,1.0,1.0,0.012344296214789057,5000,1.0408340855860843e-16,0.0,0.0,2.220446049250313e-16,0,7.085887432367599e-12,0.03700907781863294,1.9913677067150006,b83334272e998ef7db2cdd2cd63317895137b29beca41ea7f7137dea09f69899
cancellation_shared_vs_action_dependent,9,static_shared,0.0,0.0,5000,0.0,0.0,0.0,0.0,0.0,0.0,0.0,0.0,0.0,0,0.0,0.0,0.0,0.0,0,0.0,1.0,1.0,cdf23c99ea1c442aa15d9b1523fa379231b42070696aa42b3e25f85bc88c21ef
cancellation_shared_vs_action_dependent,9,static_shared,0.05,0.0,5000,0.05,4.469896675018958e-17,1.1102230246251565e-16,2.2349483375094792e-13,4.469896675018958e-17,0.0,0.0,0.0,1.1102230246251565e-16,0,1.1102230246251565e-16,0.0,0.0,1.1102230246251565e-16,0,1.677911577488885e-11,1.0,1.0,cdf23c99ea1c442aa15d9b1523fa379231b42070696aa42b3e25f85bc88c21ef
cancellation_shared_vs_action_dependent,9,static_shared,0.1,0.0,5000,0.1,4.988232049640828e-17,1.1102230246251565e-16,2.494116024820414e-13,4.988232049640828e-17,0.0,0.0,0.0,1.1102230246251565e-16,0,1.1102230246251565e-16,0.0,0.0,1.1102230246251565e-16,0,1.677911577488885e-11,1.0,1.0,cdf23c99ea1c442aa15d9b1523fa379231b42070696aa42b3e25f85bc88c21ef
cancellation_shared_vs_action_dependent,9,static_shared,0.2,0.0,5000,0.2,7.46236406001799e-17,1.1102230246251565e-16,3.731182030008995e-13,7.46236406001799e-17,0.0,0.0,0.0,1.1102230246251565e-16,0,1.1102230246251565e-16,0.0,0.0,1.1102230246251565e-16,0,2.5168673662333273e-11,1.0,1.0,cdf23c99ea1c442aa15d9b1523fa379231b42070696aa42b3e25f85bc88c21ef
cancellation_shared_vs_action_dependent,9,state_varying_shared,0.0,0.0,5000,0.0,0.0,0.0,0.0,0.0,0.0,0.0,0.0,0.0,0,0.0,0.0,0.0,0.0,0,0.0,0.029746839005370118,1.9892904787607755,cdf23c99ea1c442aa15d9b1523fa379231b42070696aa42b3e25f85bc88c21ef
cancellation_shared_vs_action_dependent,9,state_varying_shared,0.05,0.0,5000,0.04732221004811483,3.8879099592548096e-17,1.6653345369377348e-16,1.9439549796274047e-13,3.8879099592548096e-17,0.0,0.0,0.0,1.1102230246251565e-16,0,1.6653345369377348e-16,0.0,0.0,1.1102230246251565e-16,0,1.677911577488885e-11,0.029746839005370118,1.9892904787607755,cdf23c99ea1c442aa15d9b1523fa379231b42070696aa42b3e25f85bc88c21ef
cancellation_shared_vs_action_dependent,9,state_varying_shared,0.1,0.0,5000,0.09464442009622966,4.5098907247576036e-17,1.6653345369377348e-16,2.2549453623788018e-13,4.5098907247576036e-17,0.0,0.0,0.0,2.220446049250313e-16,0,1.6653345369377348e-16,0.0,0.0,2.220446049250313e-16,0,2.5168673662333273e-11,0.029746839005370118,1.9892904787607755,cdf23c99ea1c442aa15d9b1523fa379231b42070696aa42b3e25f85bc88c21ef
cancellation_shared_vs_action_dependent,9,state_varying_shared,0.2,0.0,5000,0.1892888401924593,5.996921709217062e-17,2.220446049250313e-16,2.998460854608531e-13,5.996921709217062e-17,0.0,0.0,0.0,2.220446049250313e-16,0,2.220446049250313e-16,0.0,0.0,2.220446049250313e-16,0,1.677911577488885e-11,0.029746839005370118,1.9892904787607755,cdf23c99ea1c442aa15d9b1523fa379231b42070696aa42b3e25f85bc88c21ef
cancellation_shared_vs_action_dependent,9,static_shared,0.0,0.5,5000,0.0002998725742514264,0.002998725742514264,0.006171515708694845,14.993628712571319,0.002998725742514264,0.0,0.0,0.0,0.006171515708694845,0,0.0,0.0,0.0,0.0,0,6.550315845288424e-14,1.0,1.0,cdf23c99ea1c442aa15d9b1523fa379231b42070696aa42b3e25f85bc88c21ef
cancellation_shared_vs_action_dependent,9,static_shared,0.05,0.5,5000,0.05,0.002998725742514264,0.006171515708694841,14.993628712571319,0.002998725742514264,0.0,0.0,0.0,0.00617151570869484,0,1.734723475976807e-17,0.0,0.0,1.1102230246251565e-16,0,3.4737768217496523e-12,1.0,1.0,cdf23c99ea1c442aa15d9b1523fa379231b42070696aa42b3e25f85bc88c21ef
cancellation_shared_vs_action_dependent,9,static_shared,0.1,0.5,5000,0.1,0.002998725742514264,0.006171515708694841,14.993628712571319,0.002998725742514264,0.0,0.0,0.0,0.0061715157086948465,0,2.7755575615628914e-17,0.0,0.0,1.1102230246251565e-16,0,2.818356659162191e-12,1.0,1.0,cdf23c99ea1c442aa15d9b1523fa379231b42070696aa42b3e25f85bc88c21ef
cancellation_shared_vs_action_dependent,9,static_shared,0.2,0.5,5000,0.2,0.002998725742514264,0.006171515708694841,14.993628712571319,0.002998725742514264,0.0,0.0,0.0,0.0061715157086948465,0,5.551115123125783e-17,0.0,0.0,1.1102230246251565e-16,0,5.571210159871498e-12,1.0,1.0,cdf23c99ea1c442aa15d9b1523fa379231b42070696aa42b3e25f85bc88c21ef
cancellation_shared_vs_action_dependent,9,state_varying_shared,0.0,0.5,5000,0.0002998725742514264,0.002998725742514264,0.006171515708694845,14.993628712571319,0.002998725742514264,0.0,0.0,0.0,0.006171515708694845,0,0.0,0.0,0.0,0.0,0,6.550315845288424e-14,0.029746839005370118,1.9892904787607755,cdf23c99ea1c442aa15d9b1523fa379231b42070696aa42b3e25f85bc88c21ef
cancellation_shared_vs_action_dependent,9,state_varying_shared,0.05,0.5,5000,0.04732239793144121,0.002998725742514264,0.006171515708694841,14.993628712571319,0.002998725742514264,0.0,0.0,0.0,0.00617151570869484,0,2.7755575615628914e-17,0.0,0.0,1.1102230246251565e-16,0,2.818356659162191e-12,0.029746839005370118,1.9892904787607755,cdf23c99ea1c442aa15d9b1523fa379231b42070696aa42b3e25f85bc88c21ef
cancellation_shared_vs_action_dependent,9,state_varying_shared,0.1,0.5,5000,0.09464442009622966,0.0029987257425142634,0.006171515708694841,14.993628712571317,0.0029987257425142634,0.0,0.0,0.0,0.0061715157086948465,0,5.377642775528102e-17,0.0,0.0,2.220446049250313e-16,0,5.571210159871498e-12,0.029746839005370118,1.9892904787607755,cdf23c99ea1c442aa15d9b1523fa379231b42070696aa42b3e25f85bc88c21ef
cancellation_shared_vs_action_dependent,9,state_varying_shared,0.2,0.5,5000,0.1892888401924593,0.0029987257425142643,0.006171515708694841,14.993628712571322,0.0029987257425142643,0.0,0.0,0.0,0.0061715157086948465,0,1.0755285551056204e-16,0.0,0.0,2.220446049250313e-16,0,5.571210159871498e-12,0.029746839005370118,1.9892904787607755,cdf23c99ea1c442aa15d9b1523fa379231b42070696aa42b3e25f85bc88c21ef
cancellation_shared_vs_action_dependent,9,static_shared,0.0,0.99,5000,0.0005937476970178243,0.005937476970178243,0.01221960110321579,29.687384850891213,0.005937476970178243,0.0,0.0,0.0,0.01221960110321579,0,0.0,0.0,0.0,0.0,0,4.3298697960381105e-14,1.0,1.0,cdf23c99ea1c442aa15d9b1523fa379231b42070696aa42b3e25f85bc88c21ef
cancellation_shared_vs_action_dependent,9,static_shared,0.05,0.99,5000,0.05,0.005937476970178242,0.012219601103215794,29.68738485089121,0.005937476970178242,0.0,0.0,0.0,0.012219601103215792,0,1.3877787807814457e-17,0.0,0.0,1.1102230246251565e-16,0,4.1944225870338414e-13,1.0,1.0,cdf23c99ea1c442aa15d9b1523fa379231b42070696aa42b3e25f85bc88c21ef
cancellation_shared_vs_action_dependent,9,static_shared,0.1,0.99,5000,0.1,0.005937476970178241,0.012219601103215794,29.687384850891206,0.005937476970178241,0.0,0.0,0.0,0.012219601103215799,0,2.7755575615628914e-17,0.0,0.0,1.1102230246251565e-16,0,9.977574322306282e-13,1.0,1.0,cdf23c99ea1c442aa15d9b1523fa379231b42070696aa42b3e25f85bc88c21ef
cancellation_shared_vs_action_dependent,9,static_shared,0.2,0.99,5000,0.2,0.005937476970178242,0.012219601103215794,29.68738485089121,0.005937476970178242,0.0,0.0,0.0,0.012219601103215799,0,5.377642775528102e-17,0.0,0.0,1.1102230246251565e-16,0,8.34632363222454e-12,1.0,1.0,cdf23c99ea1c442aa15d9b1523fa379231b42070696aa42b3e25f85bc88c21ef
cancellation_shared_vs_action_dependent,9,state_varying_shared,0.0,0.99,5000,0.0005937476970178243,0.005937476970178243,0.01221960110321579,29.687384850891213,0.005937476970178243,0.0,0.0,0.0,0.01221960110321579,0,0.0,0.0,0.0,0.0,0,4.3298697960381105e-14,0.029746839005370118,1.9892904787607755,cdf23c99ea1c442aa15d9b1523fa379231b42070696aa42b3e25f85bc88c21ef
cancellation_shared_vs_action_dependent,9,state_varying_shared,0.05,0.99,5000,0.047324861199445165,0.005937476970178242,0.012219601103215794,29.68738485089121,0.005937476970178242,0.0,0.0,0.0,0.012219601103215792,0,2.7755575615628914e-17,0.0,0.0,1.1102230246251565e-16,0,4.968248035197576e-13,0.029746839005370118,1.9892904787607755,cdf23c99ea1c442aa15d9b1523fa379231b42070696aa42b3e25f85bc88c21ef
cancellation_shared_vs_action_dependent,9,state_varying_shared,0.1,0.99,5000,0.09464477278677447,0.005937476970178242,0.0122196011032158,29.68738485089121,0.005937476970178242,0.0,0.0,0.0,0.012219601103215799,0,5.377642775528102e-17,0.0,0.0,2.220446049250313e-16,0,8.34632363222454e-12,0.029746839005370118,1.9892904787607755,cdf23c99ea1c442aa15d9b1523fa379231b42070696aa42b3e25f85bc88c21ef
cancellation_shared_vs_action_dependent,9,state_varying_shared,0.2,0.99,5000,0.1892888401924593,0.005937476970178241,0.012219601103215794,29.687384850891206,0.005937476970178241,0.0,0.0,0.0,0.012219601103215799,0,1.0928757898653885e-16,0.0,0.0,2.220446049250313e-16,0,8.34632363222454e-12,0.029746839005370118,1.9892904787607755,cdf23c99ea1c442aa15d9b1523fa379231b42070696aa42b3e25f85bc88c21ef
cancellation_shared_vs_action_dependent,9,static_shared,0.0,1.0,5000,0.0005997451485028528,0.005997451485028528,0.012343031417389688,29.987257425142637,0.005997451485028528,0.022222222222222223,0.5,0.0,0.012343031417389688,5000,0.0,0.0,0.0,0.0,0,2.220446049250313e-16,1.0,1.0,cdf23c99ea1c442aa15d9b1523fa379231b42070696aa42b3e25f85bc88c21ef
cancellation_shared_vs_action_dependent,9,static_shared,0.05,1.0,5000,0.05,0.005997451485028528,0.012343031417389683,29.987257425142637,0.005997451485028528,0.022222222222222223,0.5,0.0,0.012343031417389681,5000,1.3877787807814457e-17,0.0,0.0,1.1102230246251565e-16,0,9.82880443700651e-13,1.0,1.0,cdf23c99ea1c442aa15d9b1523fa379231b42070696aa42b3e25f85bc88c21ef
cancellation_shared_vs_action_dependent,9,static_shared,0.1,1.0,5000,0.1,0.005997451485028528,0.012343031417389683,29.987257425142637,0.005997451485028528,0.022222222222222223,0.5,0.0,0.012343031417389688,5000,2.688821387764051e-17,0.0,0.0,1.1102230246251565e-16,0,2.752909011860538e-12,1.0,1.0,cdf23c99ea1c442aa15d9b1523fa379231b42070696aa42b3e25f85bc88c21ef
cancellation_shared_vs_action_dependent,9,static_shared,0.2,1.0,5000,0.2,0.005997451485028528,0.012343031417389683,29.987257425142637,0.005997451485028528,0.022222222222222223,0.5,0.0,0.012343031417389688,5000,5.551115123125783e-17,0.0,0.0,1.1102230246251565e-16,0,5.636713318324382e-12,1.0,1.0,cdf23c99ea1c442aa15d9b1523fa379231b42070696aa42b3e25f85bc88c21ef
cancellation_shared_vs_action_dependent,9,state_varying_shared,0.0,1.0,5000,0.0005997451485028528,0.005997451485028528,0.012343031417389688,29.987257425142637,0.005997451485028528,0.022222222222222223,0.5,0.0,0.012343031417389688,5000,0.0,0.0,0.0,0.0,0,2.220446049250313e-16,0.029746839005370118,1.9892904787607755,cdf23c99ea1c442aa15d9b1523fa379231b42070696aa42b3e25f85bc88c21ef
cancellation_shared_vs_action_dependent,9,state_varying_shared,0.05,1.0,5000,0.04732493519142751,0.005997451485028528,0.012343031417389683,29.987257425142637,0.005997451485028528,0.022222222222222223,0.5,0.0,0.012343031417389681,5000,2.7755575615628914e-17,0.0,0.0,1.1102230246251565e-16,0,2.752909011860538e-12,0.029746839005370118,1.9892904787607755,cdf23c99ea1c442aa15d9b1523fa379231b42070696aa42b3e25f85bc88c21ef
cancellation_shared_vs_action_dependent,9,state_varying_shared,0.1,1.0,5000,0.09464479586288242,0.005997451485028528,0.01234303141738969,29.987257425142637,0.005997451485028528,0.022222222222222223,0.5,0.0,0.012343031417389688,5000,5.551115123125783e-17,0.0,0.0,2.220446049250313e-16,0,5.636713318324382e-12,0.029746839005370118,1.9892904787607755,cdf23c99ea1c442aa15d9b1523fa379231b42070696aa42b3e25f85bc88c21ef
cancellation_shared_vs_action_dependent,9,state_varying_shared,0.2,1.0,5000,0.1892888401924593,0.005997451485028528,0.012343031417389683,29.987257425142637,0.005997451485028528,0.022222222222222223,0.5,0.0,0.012343031417389688,5000,1.0148132334464322e-16,0.0,0.0,2.220446049250313e-16,0,1.1142420319742996e-11,0.029746839005370118,1.9892904787607755,cdf23c99ea1c442aa15d9b1523fa379231b42070696aa42b3e25f85bc88c21ef
cancellation_shared_vs_action_dependent,9,static_shared,0.0,1.01,5000,0.0006057425999878813,0.0060574259998788125,0.012466461731563586,30.287129999394065,0.0060574259998788125,0.022222222222222223,1.0,1.0,0.012343031417389688,5000,0.0,0.0,0.0,0.0,0,4.3298697960381105e-14,1.0,1.0,cdf23c99ea1c442aa15d9b1523fa379231b42070696aa42b3e25f85bc88c21ef
cancellation_shared_vs_action_dependent,9,static_shared,0.05,1.01,5000,0.05,0.0060574259998788125,0.012466461731563586,30.287129999394065,0.0060574259998788125,0.022222222222222223,1.0,1.0,0.012343031417389688,5000,1.3877787807814457e-17,0.0,0.0,1.1102230246251565e-16,0,3.4514613389546867e-12,1.0,1.0,cdf23c99ea1c442aa15d9b1523fa379231b42070696aa42b3e25f85bc88c21ef
cancellation_shared_vs_action_dependent,9,static_shared,0.1,1.01,5000,0.1,0.0060574259998788125,0.012466461731563572,30.287129999394065,0.0060574259998788125,0.022222222222222223,1.0,1.0,0.012343031417389688,5000,2.688821387764051e-17,0.0,0.0,1.1102230246251565e-16,0,2.8406166308059255e-12,1.0,1.0,cdf23c99ea1c442aa15d9b1523fa379231b42070696aa42b3e25f85bc88c21ef
cancellation_shared_vs_action_dependent,9,static_shared,0.2,1.01,5000,0.2,0.0060574259998788125,0.012466461731563572,30.287129999394065,0.0060574259998788125,0.022222222222222223,1.0,1.0,0.012343031417389688,5000,5.377642775528102e-17,0.0,0.0,1.1102230246251565e-16,0,2.8406166308059255e-12,1.0,1.0,cdf23c99ea1c442aa15d9b1523fa379231b42070696aa42b3e25f85bc88c21ef
cancellation_shared_vs_action_dependent,9,state_varying_shared,0.0,1.01,5000,0.0006057425999878813,0.0060574259998788125,0.012466461731563586,30.287129999394065,0.0060574259998788125,0.022222222222222223,1.0,1.0,0.012343031417389688,5000,0.0,0.0,0.0,0.0,0,4.3298697960381105e-14,0.029746839005370118,1.9892904787607755,cdf23c99ea1c442aa15d9b1523fa379231b42070696aa42b3e25f85bc88c21ef
cancellation_shared_vs_action_dependent,9,state_varying_shared,0.05,1.01,5000,0.047325009183409865,0.0060574259998788125,0.012466461731563586,30.287129999394065,0.0060574259998788125,0.022222222222222223,1.0,1.0,0.012343031417389688,5000,2.7755575615628914e-17,0.0,0.0,1.1102230246251565e-16,0,2.8406166308059255e-12,0.029746839005370118,1.9892904787607755,cdf23c99ea1c442aa15d9b1523fa379231b42070696aa42b3e25f85bc88c21ef
cancellation_shared_vs_action_dependent,9,state_varying_shared,0.1,1.01,5000,0.09464482063721785,0.0060574259998788125,0.012466461731563606,30.28712999939406,0.0060574259998788125,0.022222222222222223,1.0,1.0,0.012343031417389688,5000,5.377642775528102e-17,0.0,0.0,2.220446049250313e-16,0,2.8406166308059255e-12,0.029746839005370118,1.9892904787607755,cdf23c99ea1c442aa15d9b1523fa379231b42070696aa42b3e25f85bc88c21ef
cancellation_shared_vs_action_dependent,9,state_varying_shared,0.2,1.01,5000,0.1892888401924593,0.0060574259998788125,0.012466461731563572,30.287129999394065,0.0060574259998788125,0.022222222222222223,1.0,1.0,0.012343031417389688,5000,1.0581813203458523e-16,0.0,0.0,2.220446049250313e-16,0,1.393840598495899e-11,0.029746839005370118,1.9892904787607755,cdf23c99ea1c442aa15d9b1523fa379231b42070696aa42b3e25f85bc88c21ef
cancellation_shared_vs_action_dependent,9,static_shared,0.0,1.5,5000,0.0008996177227542791,0.008996177227542791,0.01851454712608453,44.98088613771395,0.008996177227542791,0.022222222222222223,1.0,1.0,0.012343031417389688,5000,0.0,0.0,0.0,0.0,0,6.550315845288424e-14,1.0,1.0,cdf23c99ea1c442aa15d9b1523fa379231b42070696aa42b3e25f85bc88c21ef
cancellation_shared_vs_action_dependent,9,static_shared,0.05,1.5,5000,0.05,0.008996177227542791,0.01851454712608453,44.98088613771395,0.008996177227542791,0.022222222222222223,1.0,1.0,0.012343031417389688,5000,1.734723475976807e-17,0.0,0.0,1.1102230246251565e-16,0,6.104006189389111e-13,1.0,1.0,cdf23c99ea1c442aa15d9b1523fa379231b42070696aa42b3e25f85bc88c21ef
cancellation_shared_vs_action_dependent,9,static_shared,0.1,1.5,5000,0.1,0.008996177227542791,0.018514547126084524,44.98088613771395,0.008996177227542791,0.022222222222222223,1.0,1.0,0.012343031417389688,5000,2.688821387764051e-17,0.0,0.0,1.1102230246251565e-16,0,7.969180870759374e-13,1.0,1.0,cdf23c99ea1c442aa15d9b1523fa379231b42070696aa42b3e25f85bc88c21ef
cancellation_shared_vs_action_dependent,9,static_shared,0.2,1.5,5000,0.2,0.008996177227542791,0.018514547126084524,44.98088613771395,0.008996177227542791,0.022222222222222223,1.0,1.0,0.012343031417389688,5000,5.551115123125783e-17,0.0,0.0,1.1102230246251565e-16,0,2.311484337269576e-12,1.0,1.0,cdf23c99ea1c442aa15d9b1523fa379231b42070696aa42b3e25f85bc88c21ef
cancellation_shared_vs_action_dependent,9,state_varying_shared,0.0,1.5,5000,0.0008996177227542791,0.008996177227542791,0.01851454712608453,44.98088613771395,0.008996177227542791,0.022222222222222223,1.0,1.0,0.012343031417389688,5000,0.0,0.0,0.0,0.0,0,6.550315845288424e-14,0.029746839005370118,1.9892904787607755,cdf23c99ea1c442aa15d9b1523fa379231b42070696aa42b3e25f85bc88c21ef
cancellation_shared_vs_action_dependent,9,state_varying_shared,0.05,1.5,5000,0.04732909083354417,0.008996177227542791,0.01851454712608453,44.98088613771395,0.008996177227542791,0.022222222222222223,1.0,1.0,0.012343031417389688,5000,2.7755575615628914e-17,0.0,0.0,1.1102230246251565e-16,0,7.969180870759374e-13,0.029746839005370118,1.9892904787607755,cdf23c99ea1c442aa15d9b1523fa379231b42070696aa42b3e25f85bc88c21ef
cancellation_shared_vs_action_dependent,9,state_varying_shared,0.1,1.5,5000,0.09464685757163435,0.008996177227542791,0.01851454712608453,44.98088613771395,0.008996177227542791,0.022222222222222223,1.0,1.0,0.012343031417389688,5000,5.377642775528102e-17,0.0,0.0,2.220446049250313e-16,0,2.0159429681143592e-12,0.029746839005370118,1.9892904787607755,cdf23c99ea1c442aa15d9b1523fa379231b42070696aa42b3e25f85bc88c21ef
cancellation_shared_vs_action_dependent,9,state_varying_shared,0.2,1.5,5000,0.1892889310625311,0.008996177227542791,0.018514547126084524,44.98088613771396,0.008996177227542791,0.022222222222222223,1.0,1.0,0.012343031417389688,5000,1.0928757898653885e-16,0.0,0.0,2.220446049250313e-16,0,1.671351945731203e-11,0.029746839005370118,1.9892904787607755,cdf23c99ea1c442aa15d9b1523fa379231b42070696aa42b3e25f85bc88c21ef
cancellation_shared_vs_action_dependent,10,static_shared,0.0,0.0,5000,0.0,0.0,0.0,0.0,0.0,0.0,0.0,0.0,0.0,0,0.0,0.0,0.0,0.0,0,0.0,1.0,1.0,5a6503ee69e78060fc44b427e4004b217da30ba54f2d3291cd821f1573f831c3
cancellation_shared_vs_action_dependent,10,static_shared,0.05,0.0,5000,0.05,4.362621375264553e-17,1.1102230246251565e-16,2.1813106876322763e-13,4.362621375264553e-17,0.0,0.0,0.0,1.1102230246251565e-16,0,1.1102230246251565e-16,0.0,0.0,1.1102230246251565e-16,0,6.404528645461909e-11,1.0,1.0,5a6503ee69e78060fc44b427e4004b217da30ba54f2d3291cd821f1573f831c3
cancellation_shared_vs_action_dependent,10,static_shared,0.1,0.0,5000,0.1,5.055955654142963e-17,1.1102230246251565e-16,2.5279778270714814e-13,5.055955654142963e-17,0.0,0.0,0.0,1.1102230246251565e-16,0,1.1102230246251565e-16,0.0,0.0,1.1102230246251565e-16,0,6.404528645461909e-11,1.0,1.0,5a6503ee69e78060fc44b427e4004b217da30ba54f2d3291cd821f1573f831c3
cancellation_shared_vs_action_dependent,10,static_shared,0.2,0.0,5000,0.2,7.294720383299591e-17,1.1102230246251565e-16,3.6473601916497955e-13,7.294720383299591e-17,0.0,0.0,0.0,1.1102230246251565e-16,0,1.1102230246251565e-16,0.0,0.0,1.1102230246251565e-16,0,9.606792968192864e-11,1.0,1.0,5a6503ee69e78060fc44b427e4004b217da30ba54f2d3291cd821f1573f831c3
cancellation_shared_vs_action_dependent,10,state_varying_shared,0.0,0.0,5000,0.0,0.0,0.0,0.0,0.0,0.0,0.0,0.0,0.0,0,0.0,0.0,0.0,0.0,0,0.0,0.008755840897628264,1.9951409372304338,5a6503ee69e78060fc44b427e4004b217da30ba54f2d3291cd821f1573f831c3
cancellation_shared_vs_action_dependent,10,state_varying_shared,0.05,0.0,5000,0.05450646231799419,3.97314126043824e-17,1.6653345369377348e-16,1.98657063021912e-13,3.97314126043824e-17,0.0,0.0,0.0,2.220446049250313e-16,0,1.6653345369377348e-16,0.0,0.0,2.220446049250313e-16,0,6.404528645461909e-11,0.008755840897628264,1.9951409372304338,5a6503ee69e78060fc44b427e4004b217da30ba54f2d3291cd821f1573f831c3
cancellation_shared_vs_action_dependent,10,state_varying_shared,0.1,0.0,5000,0.10901292463598838,4.757878119265868e-17,1.6653345369377348e-16,2.378939059632934e-13,4.757878119265868e-17,0.0,0.0,0.0,2.220446049250313e-16,0,1.6653345369377348e-16,0.0,0.0,2.220446049250313e-16,0,6.404528645461909e-11,0.008755840897628264,1.9951409372304338,5a6503ee69e78060fc44b427e4004b217da30ba54f2d3291cd821f1573f831c3
cancellation_shared_vs_action_dependent,10,state_varying_shared,0.2,0.0,5000,0.21802584927197677,6.581436784447447e-17,2.220446049250313e-16,3.290718392223724e-13,6.581436784447447e-17,0.0,0.0,0.0,2.220446049250313e-16,0,2.220446049250313e-16,0.0,0.0,2.220446049250313e-16,0,6.404528645461909e-11,0.008755840897628264,1.9951409372304338,5a6503ee69e78060fc44b427e4004b217da30ba54f2d3291cd821f1573f831c3
cancellation_shared_vs_action_dependent,10,static_shared,0.0,0.5,5000,0.00031254799397233807,0.0031254799397233803,0.00617216347476604,15.627399698616902,0.0031254799397233803,0.0,0.0,0.0,0.0061721634747660395,0,0.0,0.0,0.0,0.0,0,2.5013324744804777e-13,1.0,1.0,5a6503ee69e78060fc44b427e4004b217da30ba54f2d3291cd821f1573f831c3
cancellation_shared_vs_action_dependent,10,static_shared,0.05,0.5,5000,0.05,0.0031254799397233807,0.00617216347476604,15.627399698616903,0.0031254799397233807,0.0,0.0,0.0,0.006172163474766039,0,1.3877787807814457e-17,0.0,0.0,1.1102230246251565e-16,0,1.751265799043722e-12,1.0,1.0,5a6503ee69e78060fc44b427e4004b217da30ba54f2d3291cd821f1573f831c3
cancellation_shared_vs_action_dependent,10,static_shared,0.1,0.5,5000,0.1,0.0031254799397233807,0.00617216347476604,15.627399698616903,0.0031254799397233807,0.0,0.0,0.0,0.006172163474766039,0,2.7755575615628914e-17,0.0,0.0,1.1102230246251565e-16,0,1.4260037595192898e-11,1.0,1.0,5a6503ee69e78060fc44b427e4004b217da30ba54f2d3291cd821f1573f831c3
cancellation_shared_vs_action_dependent,10,static_shared,0.2,0.5,5000,0.2,0.00312547993972338,0.006172163474766013,15.6273996986169,0.00312547993972338,0.0,0.0,0.0,0.006172163474766011,0,5.377642775528102e-17,0.0,0.0,1.1102230246251565e-16,0,1.7762569193280342e-11,1.0,1.0,5a6503ee69e78060fc44b427e4004b217da30ba54f2d3291cd821f1573f831c3
cancellation_shared_vs_action_dependent,10,state_varying_shared,0.0,0.5,5000,0.00031254799397233807,0.0031254799397233803,0.00617216347476604,15.627399698616902,0.0031254799397233803,0.0,0.0,0.0,0.0061721634747660395,0,0.0,0.0,0.0,0.0,0,2.5013324744804777e-13,0.008755840897628264,1.9951409372304338,5a6503ee69e78060fc44b427e4004b217da30ba54f2d3291cd821f1573f831c3
cancellation_shared_vs_action_dependent,10,state_varying_shared,0.05,0.5,5000,0.05450863261528351,0.0031254799397233807,0.00617216347476604,15.627399698616903,0.0031254799397233807,0.0,0.0,0.0,0.006172163474766039,0,2.7755575615628914e-17,0.0,0.0,2.220446049250313e-16,0,1.751265799043722e-12,0.008755840897628264,1.9951409372304338,5a6503ee69e78060fc44b427e4004b217da30ba54f2d3291cd821f1573f831c3
cancellation_shared_vs_action_dependent,10,state_varying_shared,0.1,0.5,5000,0.10901379498131088,0.0031254799397233803,0.006172163474766013,15.627399698616902,0.0031254799397233803,0.0,0.0,0.0,0.006172163474766011,0,5.377642775528102e-17,0.0,0.0,2.220446049250313e-16,0,2.4724666758402236e-12,0.008755840897628264,1.9951409372304338,5a6503ee69e78060fc44b427e4004b217da30ba54f2d3291cd821f1573f831c3
cancellation_shared_vs_action_dependent,10,state_varying_shared,0.2,0.5,5000,0.21802602057014075,0.0031254799397233807,0.006172163474766013,15.627399698616903,0.0031254799397233807,0.0,0.0,0.0,0.006172163474766011,0,1.0581813203458523e-16,0.0,0.0,2.220446049250313e-16,0,1.4260037595192898e-11,0.008755840897628264,1.9951409372304338,5a6503ee69e78060fc44b427e4004b217da30ba54f2d3291cd821f1573f831c3
cancellation_shared_vs_action_dependent,10,static_shared,0.0,0.99,5000,0.0006188450280652293,0.006188450280652293,0.012220883680036758,30.942251403261466,0.006188450280652293,0.0,0.0,0.0,0.012220883680036758,0,0.0,0.0,0.0,0.0,0,4.1533443351227106e-13,1.0,1.0,5a6503ee69e78060fc44b427e4004b217da30ba54f2d3291cd821f1573f831c3
cancellation_shared_vs_action_dependent,10,static_shared,0.05,0.99,5000,0.05,0.006188450280652293,0.012220883680036751,30.942251403261466,0.006188450280652293,0.0,0.0,0.0,0.01222088368003675,0,1.9949319973733282e-17,0.0,0.0,1.1102230246251565e-16,0,8.290035324876044e-13,1.0,1.0,5a6503ee69e78060fc44b427e4004b217da30ba54f2d3291cd821f1573f831c3
cancellation_shared_vs_action_dependent,10,static_shared,0.1,0.99,5000,0.1,0.006188450280652293,0.012220883680036765,30.942251403261466,0.006188450280652293,0.0,0.0,0.0,0.012220883680036763,0,3.2959746043559335e-17,0.0,0.0,1.1102230246251565e-16,0,1.3626877404249171e-12,1.0,1.0,5a6503ee69e78060fc44b427e4004b217da30ba54f2d3291cd821f1573f831c3
cancellation_shared_vs_action_dependent,10,static_shared,0.2,0.99,5000,0.2,0.006188450280652293,0.012220883680036765,30.942251403261466,0.006188450280652293,0.0,0.0,0.0,0.012220883680036763,0,5.4643789493269423e-17,0.0,0.0,1.1102230246251565e-16,0,2.8901325777042075e-12,1.0,1.0,5a6503ee69e78060fc44b427e4004b217da30ba54f2d3291cd821f1573f831c3
cancellation_shared_vs_action_dependent,10,state_varying_shared,0.0,0.99,5000,0.0006188450280652293,0.006188450280652293,0.012220883680036758,30.942251403261466,0.006188450280652293,0.0,0.0,0.0,0.012220883680036758,0,0.0,0.0,0.0,0.0,0,4.1533443351227106e-13,0.008755840897628264,1.9951409372304338,5a6503ee69e78060fc44b427e4004b217da30ba54f2d3291cd821f1573f831c3
cancellation_shared_vs_action_dependent,10,state_varying_shared,0.05,0.99,5000,0.054514362016545644,0.006188450280652293,0.012220883680036758,30.942251403261466,0.006188450280652293,0.0,0.0,0.0,0.012220883680036763,0,3.2959746043559335e-17,0.0,0.0,2.220446049250313e-16,0,1.3626877404249171e-12,0.008755840897628264,1.9951409372304338,5a6503ee69e78060fc44b427e4004b217da30ba54f2d3291cd821f1573f831c3
cancellation_shared_vs_action_dependent,10,state_varying_shared,0.1,0.99,5000,0.10901717036336417,0.006188450280652294,0.012220883680036765,30.94225140326147,0.006188450280652294,0.0,0.0,0.0,0.012220883680036763,0,6.158268339717665e-17,0.0,0.0,2.220446049250313e-16,0,2.620237360417832e-12,0.008755840897628264,1.9951409372304338,5a6503ee69e78060fc44b427e4004b217da30ba54f2d3291cd821f1573f831c3
cancellation_shared_vs_action_dependent,10,state_varying_shared,0.2,0.99,5000,0.21802754753116868,0.006188450280652294,0.01222088368003671,30.94225140326147,0.006188450280652294,0.0,0.0,0.0,0.012220883680036708,0,1.0928757898653885e-16,0.0,0.0,2.220446049250313e-16,0,4.708899936645139e-12,0.008755840897628264,1.9951409372304338,5a6503ee69e78060fc44b427e4004b217da30ba54f2d3291cd821f1573f831c3
cancellation_shared_vs_action_dependent,10,static_shared,0.0,1.0,5000,0.0006250959879446761,0.006250959879446761,0.012344326949532079,31.254799397233803,0.006250959879446761,0.022222222222222223,0.5,0.0,0.012344326949532079,5000,0.0,0.0,0.0,0.0,0,2.220446049250313e-16,1.0,1.0,5a6503ee69e78060fc44b427e4004b217da30ba54f2d3291cd821f1573f831c3
cancellation_shared_vs_action_dependent,10,static_shared,0.05,1.0,5000,0.05,0.006250959879446761,0.01234432694953208,31.254799397233803,0.006250959879446761,0.022222222222222223,0.5,0.0,0.012344326949532079,5000,1.3877787807814457e-17,0.0,0.0,1.1102230246251565e-16,0,3.502531598087444e-12,1.0,1.0,5a6503ee69e78060fc44b427e4004b217da30ba54f2d3291cd821f1573f831c3
cancellation_shared_vs_action_dependent,10,static_shared,0.1,1.0,5000,0.1,0.006250959879446761,0.01234432694953208,31.254799397233803,0.006250959879446761,0.022222222222222223,0.5,0.0,0.012344326949532079,5000,2.7755575615628914e-17,0.0,0.0,1.1102230246251565e-16,0,6.759259818522878e-12,1.0,1.0,5a6503ee69e78060fc44b427e4004b217da30ba54f2d3291cd821f1573f831c3
cancellation_shared_vs_action_dependent,10,static_shared,0.2,1.0,5000,0.2,0.0062509598794467615,0.01234432694953208,31.254799397233807,0.0062509598794467615,0.022222222222222223,0.5,0.0,0.012344326949532079,5000,5.377642775528102e-17,0.0,0.0,1.1102230246251565e-16,0,2.8520075190385796e-11,1.0,1.0,5a6503ee69e78060fc44b427e4004b217da30ba54f2d3291cd821f1573f831c3
cancellation_shared_vs_action_dependent,10,state_varying_shared,0.0,1.0,5000,0.0006250959879446761,0.006250959879446761,0.012344326949532079,31.254799397233803,0.006250959879446761,0.022222222222222223,0.5,0.0,0.012344326949532079,5000,0.0,0.0,0.0,0.0,0,2.220446049250313e-16,0.008755840897628264,1.9951409372304338,5a6503ee69e78060fc44b427e4004b217da30ba54f2d3291cd821f1573f831c3
cancellation_shared_vs_action_dependent,10,state_varying_shared,0.05,1.0,5000,0.05451449211532796,0.006250959879446761,0.012344326949532074,31.254799397233803,0.006250959879446761,0.022222222222222223,0.5,0.0,0.012344326949532079,5000,2.7755575615628914e-17,0.0,0.0,2.220446049250313e-16,0,3.502531598087444e-12,0.008755840897628264,1.9951409372304338,5a6503ee69e78060fc44b427e4004b217da30ba54f2d3291cd821f1573f831c3
cancellation_shared_vs_action_dependent,10,state_varying_shared,0.1,1.0,5000,0.10901726523056703,0.006250959879446761,0.01234432694953208,31.254799397233803,0.006250959879446761,0.022222222222222223,0.5,0.0,0.012344326949532079,5000,5.551115123125783e-17,0.0,0.0,2.220446049250313e-16,0,3.502531598087444e-12,0.008755840897628264,1.9951409372304338,5a6503ee69e78060fc44b427e4004b217da30ba54f2d3291cd821f1573f831c3
cancellation_shared_vs_action_dependent,10,state_varying_shared,0.2,1.0,5000,0.21802758996262175,0.0062509598794467615,0.012344326949532025,31.254799397233807,0.0062509598794467615,0.022222222222222223,0.5,0.0,0.012344326949532023,5000,9.367506770274758e-17,0.0,0.0,2.220446049250313e-16,0,4.944933351680447e-12,0.008755840897628264,1.9951409372304338,5a6503ee69e78060fc44b427e4004b217da30ba54f2d3291cd821f1573f831c3
cancellation_shared_vs_action_dependent,10,static_shared,0.0,1.01,5000,0.0006313469478241229,0.006313469478241229,0.0124677702190274,31.567347391206145,0.006313469478241229,0.022222222222222223,1.0,1.0,0.012344326949532079,5000,0.0,0.0,0.0,0.0,0,4.1522341120980855e-13,1.0,1.0,5a6503ee69e78060fc44b427e4004b217da30ba54f2d3291cd821f1573f831c3
cancellation_shared_vs_action_dependent,10,static_shared,0.05,1.01,5000,0.05,0.006313469478241229,0.012467770219027396,31.567347391206145,0.006313469478241229,0.022222222222222223,1.0,1.0,0.012344326949532079,5000,1.9081958235744878e-17,0.0,0.0,1.1102230246251565e-16,0,6.41953157298758e-12,1.0,1.0,5a6503ee69e78060fc44b427e4004b217da30ba54f2d3291cd821f1573f831c3
cancellation_shared_vs_action_dependent,10,static_shared,0.1,1.01,5000,0.1,0.006313469478241228,0.012467770219027396,31.56734739120614,0.006313469478241228,0.022222222222222223,1.0,1.0,0.012344326949532079,5000,2.688821387764051e-17,0.0,0.0,1.1102230246251565e-16,0,6.41953157298758e-12,1.0,1.0,5a6503ee69e78060fc44b427e4004b217da30ba54f2d3291cd821f1573f831c3
cancellation_shared_vs_action_dependent,10,static_shared,0.2,1.01,5000,0.2,0.006313469478241229,0.012467770219027396,31.567347391206145,0.006313469478241229,0.022222222222222223,1.0,1.0,0.012344326949532079,5000,5.377642775528102e-17,0.0,0.0,1.1102230246251565e-16,0,6.41953157298758e-12,1.0,1.0,5a6503ee69e78060fc44b427e4004b217da30ba54f2d3291cd821f1573f831c3
cancellation_shared_vs_action_dependent,10,state_varying_shared,0.0,1.01,5000,0.0006313469478241229,0.006313469478241229,0.0124677702190274,31.567347391206145,0.006313469478241229,0.022222222222222223,1.0,1.0,0.012344326949532079,5000,0.0,0.0,0.0,0.0,0,4.1522341120980855e-13,0.008755840897628264,1.9951409372304338,5a6503ee69e78060fc44b427e4004b217da30ba54f2d3291cd821f1573f831c3
cancellation_shared_vs_action_dependent,10,state_varying_shared,0.05,1.01,5000,0.05451462326630807,0.00631346947824123,0.01246777021902739,31.567347391206148,0.00631346947824123,0.022222222222222223,1.0,1.0,0.012344326949532079,5000,2.688821387764051e-17,0.0,0.0,2.220446049250313e-16,0,1.5860646129794986e-12,0.008755840897628264,1.9951409372304338,5a6503ee69e78060fc44b427e4004b217da30ba54f2d3291cd821f1573f831c3
cancellation_shared_vs_action_dependent,10,state_varying_shared,0.1,1.01,5000,0.10901736009776988,0.006313469478241229,0.012467770219027396,31.567347391206145,0.006313469478241229,0.022222222222222223,1.0,1.0,0.012344326949532079,5000,5.377642775528102e-17,0.0,0.0,2.220446049250313e-16,0,6.41953157298758e-12,0.008755840897628264,1.9951409372304338,5a6503ee69e78060fc44b427e4004b217da30ba54f2d3291cd821f1573f831c3
cancellation_shared_vs_action_dependent,10,state_varying_shared,0.2,1.01,5000,0.21802763239407483,0.006313469478241228,0.012467770219027452,31.56734739120614,0.006313469478241228,0.022222222222222223,1.0,1.0,0.012344326949532079,5000,1.0755285551056204e-16,0.0,0.0,2.220446049250313e-16,0,6.41953157298758e-12,0.008755840897628264,1.9951409372304338,5a6503ee69e78060fc44b427e4004b217da30ba54f2d3291cd821f1573f831c3
cancellation_shared_vs_action_dependent,10,static_shared,0.0,1.5,5000,0.0009376439819170142,0.009376439819170142,0.018516490424298118,46.88219909585071,0.009376439819170142,0.022222222222222223,1.0,1.0,0.012344326949532079,5000,0.0,0.0,0.0,0.0,0,2.502442697505103e-13,1.0,1.0,5a6503ee69e78060fc44b427e4004b217da30ba54f2d3291cd821f1573f831c3
cancellation_shared_vs_action_dependent,10,static_shared,0.05,1.5,5000,0.05,0.009376439819170142,0.01851649042429812,46.88219909585071,0.009376439819170142,0.022222222222222223,1.0,1.0,0.012344326949532079,5000,1.3877787807814457e-17,0.0,0.0,1.1102230246251565e-16,0,5.253797397131166e-12,1.0,1.0,5a6503ee69e78060fc44b427e4004b217da30ba54f2d3291cd821f1573f831c3
cancellation_shared_vs_action_dependent,10,static_shared,0.1,1.5,5000,0.1,0.009376439819170142,0.01851649042429812,46.88219909585071,0.009376439819170142,0.022222222222222223,1.0,1.0,0.012344326949532079,5000,2.7755575615628914e-17,0.0,0.0,1.1102230246251565e-16,0,1.0757617019407917e-11,1.0,1.0,5a6503ee69e78060fc44b427e4004b217da30ba54f2d3291cd821f1573f831c3
cancellation_shared_vs_action_dependent,10,static_shared,0.2,1.5,5000,0.2,0.009376439819170142,0.018516490424298093,46.88219909585071,0.009376439819170142,0.022222222222222223,1.0,1.0,0.012344326949532079,5000,5.551115123125783e-17,0.0,0.0,1.1102230246251565e-16,0,1.0757617019407917e-11,1.0,1.0,5a6503ee69e78060fc44b427e4004b217da30ba54f2d3291cd821f1573f831c3
cancellation_shared_vs_action_dependent,10,state_varying_shared,0.0,1.5,5000,0.0009376439819170142,0.009376439819170142,0.018516490424298118,46.88219909585071,0.009376439819170142,0.022222222222222223,1.0,1.0,0.012344326949532079,5000,0.0,0.0,0.0,0.0,0,2.502442697505103e-13,0.008755840897628264,1.9951409372304338,5a6503ee69e78060fc44b427e4004b217da30ba54f2d3291cd821f1573f831c3
cancellation_shared_vs_action_dependent,10,state_varying_shared,0.05,1.5,5000,0.054521794445949866,0.009376439819170142,0.018516490424298114,46.88219909585071,0.009376439819170142,0.022222222222222223,1.0,1.0,0.012344326949532079,5000,2.7755575615628914e-17,0.0,0.0,2.220446049250313e-16,0,2.752020833440838e-12,0.008755840897628264,1.9951409372304338,5a6503ee69e78060fc44b427e4004b217da30ba54f2d3291cd821f1573f831c3
cancellation_shared_vs_action_dependent,10,state_varying_shared,0.1,1.5,5000,0.10902269287851708,0.009376439819170142,0.018516490424298093,46.88219909585071,0.009376439819170142,0.022222222222222223,1.0,1.0,0.012344326949532079,5000,5.551115123125783e-17,0.0,0.0,2.220446049250313e-16,0,5.253797397131166e-12,0.008755840897628264,1.9951409372304338,5a6503ee69e78060fc44b427e4004b217da30ba54f2d3291cd821f1573f831c3
cancellation_shared_vs_action_dependent,10,state_varying_shared,0.2,1.5,5000,0.21803041267911827,0.009376439819170143,0.01851649042429815,46.882199095850716,0.009376439819170143,0.022222222222222223,1.0,1.0,0.012344326949532079,5000,1.0928757898653885e-16,0.0,0.0,2.220446049250313e-16,0,1.0757617019407917e-11,0.008755840897628264,1.9951409372304338,5a6503ee69e78060fc44b427e4004b217da30ba54f2d3291cd821f1573f831c3
cancellation_shared_vs_action_dependent,11,static_shared,0.0,0.0,5000,0.0,0.0,0.0,0.0,0.0,0.0,0.0,0.0,0.0,0,0.0,0.0,0.0,0.0,0,0.0,1.0,1.0,c442c399cf179a43e1d273ce99f7f5766a44555cd41cbea4450339e037c2c077
cancellation_shared_vs_action_dependent,11,static_shared,0.05,0.0,5000,0.05,4.460737335065801e-17,1.1102230246251565e-16,2.2303686675329004e-13,4.460737335065801e-17,0.0,0.0,0.0,1.1102230246251565e-16,0,1.1102230246251565e-16,0.0,0.0,1.1102230246251565e-16,0,9.587540483488628e-11,1.0,1.0,c442c399cf179a43e1d273ce99f7f5766a44555cd41cbea4450339e037c2c077
cancellation_shared_vs_action_dependent,11,static_shared,0.1,0.0,5000,0.1,5.0123794004264257e-17,1.1102230246251565e-16,2.5061897002132127e-13,5.0123794004264257e-17,0.0,0.0,0.0,1.1102230246251565e-16,0,1.1102230246251565e-16,0.0,0.0,1.1102230246251565e-16,0,9.587540483488628e-11,1.0,1.0,c442c399cf179a43e1d273ce99f7f5766a44555cd41cbea4450339e037c2c077
cancellation_shared_vs_action_dependent,11,static_shared,0.2,0.0,5000,0.2,7.461253836993365e-17,1.1102230246251565e-16,3.7306269184966823e-13,7.461253836993365e-17,0.0,0.0,0.0,1.1102230246251565e-16,0,1.1102230246251565e-16,0.0,0.0,1.1102230246251565e-16,0,1.9175080966977257e-10,1.0,1.0,c442c399cf179a43e1d273ce99f7f5766a44555cd41cbea4450339e037c2c077
cancellation_shared_vs_action_dependent,11,state_varying_shared,0.0,0.0,5000,0.0,0.0,0.0,0.0,0.0,0.0,0.0,0.0,0.0,0,0.0,0.0,0.0,0.0,0,0.0,0.002893292103101297,1.9868397121619408,c442c399cf179a43e1d273ce99f7f5766a44555cd41cbea4450339e037c2c077
cancellation_shared_vs_action_dependent,11,state_varying_shared,0.05,0.0,5000,0.046932196846784506,3.778004385029954e-17,1.6653345369377348e-16,1.889002192514977e-13,3.778004385029954e-17,0.0,0.0,0.0,2.220446049250313e-16,0,1.6653345369377348e-16,0.0,0.0,2.220446049250313e-16,0,9.587540483488628e-11,0.002893292103101297,1.9868397121619408,c442c399cf179a43e1d273ce99f7f5766a44555cd41cbea4450339e037c2c077
cancellation_shared_vs_action_dependent,11,state_varying_shared,0.1,0.0,5000,0.09386439369356901,4.468560937942456e-17,1.6653345369377348e-16,2.234280468971228e-13,4.468560937942456e-17,0.0,0.0,0.0,2.220446049250313e-16,0,1.6653345369377348e-16,0.0,0.0,2.220446049250313e-16,0,1.9175080966977257e-10,0.002893292103101297,1.9868397121619408,c442c399cf179a43e1d273ce99f7f5766a44555cd41cbea4450339e037c2c077
cancellation_shared_vs_action_dependent,11,state_varying_shared,0.2,0.0,5000,0.18772878738713802,5.900219549048735e-17,2.220446049250313e-16,2.9501097745243676e-13,5.900219549048735e-17,0.0,0.0,0.0,2.220446049250313e-16,0,2.220446049250313e-16,0.0,0.0,2.220446049250313e-16,0,2.396885120872157e-11,0.002893292103101297,1.9868397121619408,c442c399cf179a43e1d273ce99f7f5766a44555cd41cbea4450339e037c2c077
cancellation_shared_vs_action_dependent,11,static_shared,0.0,0.5,5000,0.0003108248474586336,0.003108248474586336,0.006171500243933518,15.54124237293168,0.003108248474586336,0.0,0.0,0.0,0.006171500243933517,0,0.0,0.0,0.0,0.0,0,3.744782262060653e-13,1.0,1.0,c442c399cf179a43e1d273ce99f7f5766a44555cd41cbea4450339e037c2c077
cancellation_shared_vs_action_dependent,11,static_shared,0.05,0.5,5000,0.05,0.0031082484745863365,0.006171500243933523,15.541242372931682,0.0031082484745863365,0.0,0.0,0.0,0.006171500243933526,0,1.3877787807814457e-17,0.0,0.0,1.1102230246251565e-16,0,9.362843833571333e-12,1.0,1.0,c442c399cf179a43e1d273ce99f7f5766a44555cd41cbea4450339e037c2c077
cancellation_shared_vs_action_dependent,11,static_shared,0.1,0.5,5000,0.1,0.003108248474586336,0.006171500243933509,15.54124237293168,0.003108248474586336,0.0,0.0,0.0,0.006171500243933512,0,3.469446951953614e-17,0.0,0.0,1.1102230246251565e-16,0,2.1347257295190047e-11,1.0,1.0,c442c399cf179a43e1d273ce99f7f5766a44555cd41cbea4450339e037c2c077
cancellation_shared_vs_action_dependent,11,static_shared,0.2,0.5,5000,0.2,0.003108248474586336,0.0061715002439335365,15.54124237293168,0.003108248474586336,0.0,0.0,0.0,0.006171500243933526,0,6.938893903907228e-17,0.0,0.0,1.1102230246251565e-16,0,2.6590452062436043e-11,1.0,1.0,c442c399cf179a43e1d273ce99f7f5766a44555cd41cbea4450339e037c2c077
cancellation_shared_vs_action_dependent,11,state_varying_shared,0.0,0.5,5000,0.0003108248474586336,0.003108248474586336,0.006171500243933518,15.54124237293168,0.003108248474586336,0.0,0.0,0.0,0.006171500243933517,0,0.0,0.0,0.0,0.0,0,3.744782262060653e-13,0.002893292103101297,1.9868397121619408,c442c399cf179a43e1d273ce99f7f5766a44555cd41cbea4450339e037c2c077
cancellation_shared_vs_action_dependent,11,state_varying_shared,0.05,0.5,5000,0.04693679902662421,0.003108248474586336,0.006171500243933509,15.54124237293168,0.003108248474586336,0.0,0.0,0.0,0.006171500243933512,0,2.7755575615628914e-17,0.0,0.0,1.1102230246251565e-16,0,2.621569628047382e-12,0.002893292103101297,1.9868397121619408,c442c399cf179a43e1d273ce99f7f5766a44555cd41cbea4450339e037c2c077
cancellation_shared_vs_action_dependent,11,state_varying_shared,0.1,0.5,5000,0.09386735949875089,0.003108248474586336,0.0061715002439335365,15.54124237293168,0.003108248474586336,0.0,0.0,0.0,0.006171500243933526,0,5.551115123125783e-17,0.0,0.0,2.220446049250313e-16,0,9.362843833571333e-12,0.002893292103101297,1.9868397121619408,c442c399cf179a43e1d273ce99f7f5766a44555cd41cbea4450339e037c2c077
cancellation_shared_vs_action_dependent,11,state_varying_shared,0.2,0.5,5000,0.18773063182522579,0.003108248474586337,0.0061715002439335365,15.541242372931684,0.003108248474586337,0.0,0.0,0.0,0.006171500243933554,0,1.0755285551056204e-16,0.0,0.0,2.220446049250313e-16,0,2.1347257295190047e-11,0.002893292103101297,1.9868397121619408,c442c399cf179a43e1d273ce99f7f5766a44555cd41cbea4450339e037c2c077
cancellation_shared_vs_action_dependent,11,static_shared,0.0,0.99,5000,0.0006154331979680946,0.0061543319796809465,0.012219570482988364,30.77165989840473,0.0061543319796809465,0.0,0.0,0.0,0.012219570482988364,0,0.0,0.0,0.0,0.0,0,7.415179581471421e-13,1.0,1.0,c442c399cf179a43e1d273ce99f7f5766a44555cd41cbea4450339e037c2c077
cancellation_shared_vs_action_dependent,11,static_shared,0.05,0.99,5000,0.05,0.006154331979680946,0.012219570482988357,30.771659898404728,0.006154331979680946,0.0,0.0,0.0,0.01221957048298836,0,1.6479873021779667e-17,0.0,0.0,1.1102230246251565e-16,0,8.231859638385686e-12,1.0,1.0,c442c399cf179a43e1d273ce99f7f5766a44555cd41cbea4450339e037c2c077
cancellation_shared_vs_action_dependent,11,static_shared,0.1,0.99,5000,0.1,0.0061543319796809465,0.012219570482988357,30.77165989840473,0.0061543319796809465,0.0,0.0,0.0,0.01221957048298836,0,2.7755575615628914e-17,0.0,0.0,1.1102230246251565e-16,0,2.02162731000044e-11,1.0,1.0,c442c399cf179a43e1d273ce99f7f5766a44555cd41cbea4450339e037c2c077
cancellation_shared_vs_action_dependent,11,static_shared,0.2,0.99,5000,0.2,0.006154331979680946,0.012219570482988384,30.771659898404728,0.006154331979680946,0.0,0.0,0.0,0.012219570482988374,0,5.551115123125783e-17,0.0,0.0,1.1102230246251565e-16,0,2.02162731000044e-11,1.0,1.0,c442c399cf179a43e1d273ce99f7f5766a44555cd41cbea4450339e037c2c077
cancellation_shared_vs_action_dependent,11,state_varying_shared,0.0,0.99,5000,0.0006154331979680946,0.0061543319796809465,0.012219570482988364,30.77165989840473,0.0061543319796809465,0.0,0.0,0.0,0.012219570482988364,0,0.0,0.0,0.0,0.0,0,7.415179581471421e-13,0.002893292103101297,1.9868397121619408,c442c399cf179a43e1d273ce99f7f5766a44555cd41cbea4450339e037c2c077
cancellation_shared_vs_action_dependent,11,state_varying_shared,0.05,0.99,5000,0.0469457647603458,0.006154331979680946,0.012219570482988357,30.771659898404728,0.006154331979680946,0.0,0.0,0.0,0.01221957048298836,0,2.688821387764051e-17,0.0,0.0,1.1102230246251565e-16,0,3.752664845535492e-12,0.002893292103101297,1.9868397121619408,c442c399cf179a43e1d273ce99f7f5766a44555cd41cbea4450339e037c2c077
cancellation_shared_vs_action_dependent,11,state_varying_shared,0.1,0.99,5000,0.09387344877344096,0.006154331979680946,0.012219570482988384,30.771659898404728,0.006154331979680946,0.0,0.0,0.0,0.012219570482988374,0,8.239936510889834e-17,0.0,0.0,2.220446049250313e-16,0,8.231859638385686e-12,0.002893292103101297,1.9868397121619408,c442c399cf179a43e1d273ce99f7f5766a44555cd41cbea4450339e037c2c077
cancellation_shared_vs_action_dependent,11,state_varying_shared,0.2,0.99,5000,0.18773462494327636,0.0061543319796809465,0.012219570482988384,30.77165989840473,0.0061543319796809465,0.0,0.0,0.0,0.012219570482988402,0,1.0234868508263162e-16,0.0,0.0,2.220446049250313e-16,0,2.02162731000044e-11,0.002893292103101297,1.9868397121619408,c442c399cf179a43e1d273ce99f7f5766a44555cd41cbea4450339e037c2c077
cancellation_shared_vs_action_dependent,11,static_shared,0.0,1.0,5000,0.0006216496949172672,0.006216496949172672,0.012343000487867035,31.08248474586336,0.006216496949172672,0.022222222222222223,0.5,0.0,0.012343000487867035,5000,0.0,0.0,0.0,0.0,0,2.220446049250313e-16,1.0,1.0,c442c399cf179a43e1d273ce99f7f5766a44555cd41cbea4450339e037c2c077
cancellation_shared_vs_action_dependent,11,static_shared,0.05,1.0,5000,0.05,0.006216496949172672,0.012343000487867031,31.08248474586336,0.006216496949172672,0.022222222222222223,0.5,0.0,0.012343000487867035,5000,1.3877787807814457e-17,0.0,0.0,1.1102230246251565e-16,0,5.243139256094764e-12,1.0,1.0,c442c399cf179a43e1d273ce99f7f5766a44555cd41cbea4450339e037c2c077
cancellation_shared_vs_action_dependent,11,static_shared,0.1,1.0,5000,0.1,0.006216496949172672,0.012343000487867045,31.08248474586336,0.006216496949172672,0.022222222222222223,0.5,0.0,0.012343000487867035,5000,2.688821387764051e-17,0.0,0.0,1.1102230246251565e-16,0,5.243139256094764e-12,1.0,1.0,c442c399cf179a43e1d273ce99f7f5766a44555cd41cbea4450339e037c2c077
cancellation_shared_vs_action_dependent,11,static_shared,0.2,1.0,5000,0.2,0.006216496949172672,0.012343000487867017,31.08248474586336,0.006216496949172672,0.022222222222222223,0.5,0.0,0.012343000487867007,5000,5.377642775528102e-17,0.0,0.0,1.1102230246251565e-16,0,4.2694514590380095e-11,1.0,1.0,c442c399cf179a43e1d273ce99f7f5766a44555cd41cbea4450339e037c2c077
cancellation_shared_vs_action_dependent,11,state_varying_shared,0.0,1.0,5000,0.0006216496949172672,0.006216496949172672,0.012343000487867035,31.08248474586336,0.006216496949172672,0.022222222222222223,0.5,0.0,0.012343000487867035,5000,0.0,0.0,0.0,0.0,0,2.220446049250313e-16,0.002893292103101297,1.9868397121619408,c442c399cf179a43e1d273ce99f7f5766a44555cd41cbea4450339e037c2c077
cancellation_shared_vs_action_dependent,11,state_varying_shared,0.05,1.0,5000,0.046945972230822926,0.006216496949172672,0.012343000487867045,31.08248474586336,0.006216496949172672,0.022222222222222223,0.5,0.0,0.012343000487867035,5000,3.469446951953614e-17,0.0,0.0,2.220446049250313e-16,0,5.243139256094764e-12,0.002893292103101297,1.9868397121619408,c442c399cf179a43e1d273ce99f7f5766a44555cd41cbea4450339e037c2c077
cancellation_shared_vs_action_dependent,11,state_varying_shared,0.1,1.0,5000,0.09387359805324842,0.006216496949172672,0.012343000487867017,31.08248474586336,0.006216496949172672,0.022222222222222223,0.5,0.0,0.012343000487867007,5000,5.4643789493269423e-17,0.0,0.0,2.220446049250313e-16,0,5.243139256094764e-12,0.002893292103101297,1.9868397121619408,c442c399cf179a43e1d273ce99f7f5766a44555cd41cbea4450339e037c2c077
cancellation_shared_vs_action_dependent,11,state_varying_shared,0.2,1.0,5000,0.1877347189975018,0.006216496949172672,0.012343000487867073,31.08248474586336,0.006216496949172672,0.022222222222222223,0.5,0.0,0.012343000487867035,5000,1.0928757898653885e-16,0.0,0.0,2.220446049250313e-16,0,5.243139256094764e-12,0.002893292103101297,1.9868397121619408,c442c399cf179a43e1d273ce99f7f5766a44555cd41cbea4450339e037c2c077
cancellation_shared_vs_action_dependent,11,static_shared,0.0,1.01,5000,0.0006278661918664399,0.006278661918664399,0.012466430492745706,31.393309593321998,0.006278661918664399,0.022222222222222223,1.0,1.0,0.012343000487867035,5000,0.0,0.0,0.0,0.0,0,7.416289804496046e-13,1.0,1.0,c442c399cf179a43e1d273ce99f7f5766a44555cd41cbea4450339e037c2c077
cancellation_shared_vs_action_dependent,11,static_shared,0.05,1.01,5000,0.05,0.006278661918664399,0.012466430492745706,31.393309593321998,0.006278661918664399,0.022222222222222223,1.0,1.0,0.012343000487867035,5000,1.3877787807814457e-17,0.0,0.0,1.1102230246251565e-16,0,5.250688772662215e-12,1.0,1.0,c442c399cf179a43e1d273ce99f7f5766a44555cd41cbea4450339e037c2c077
cancellation_shared_vs_action_dependent,11,static_shared,0.1,1.01,5000,0.1,0.0062786619186643985,0.012466430492745706,31.393309593321995,0.0062786619186643985,0.022222222222222223,1.0,1.0,0.012343000487867035,5000,3.642919299551295e-17,0.0,0.0,1.1102230246251565e-16,0,1.723510223428093e-11,1.0,1.0,c442c399cf179a43e1d273ce99f7f5766a44555cd41cbea4450339e037c2c077
cancellation_shared_vs_action_dependent,11,static_shared,0.2,1.01,5000,0.2,0.0062786619186644,0.012466430492745706,31.393309593322,0.0062786619186644,0.022222222222222223,1.0,1.0,0.012343000487867035,5000,8.239936510889834e-17,0.0,0.0,1.1102230246251565e-16,0,3.070255161219393e-11,1.0,1.0,c442c399cf179a43e1d273ce99f7f5766a44555cd41cbea4450339e037c2c077
cancellation_shared_vs_action_dependent,11,state_varying_shared,0.0,1.01,5000,0.0006278661918664399,0.006278661918664399,0.012466430492745706,31.393309593321998,0.006278661918664399,0.022222222222222223,1.0,1.0,0.012343000487867035,5000,0.0,0.0,0.0,0.0,0,7.416289804496046e-13,0.002893292103101297,1.9868397121619408,c442c399cf179a43e1d273ce99f7f5766a44555cd41cbea4450339e037c2c077
cancellation_shared_vs_action_dependent,11,state_varying_shared,0.05,1.01,5000,0.0469461804053588,0.006278661918664399,0.012466430492745706,31.393309593321998,0.006278661918664399,0.022222222222222223,1.0,1.0,0.012343000487867035,5000,2.7755575615628914e-17,0.0,0.0,1.1102230246251565e-16,0,5.250688772662215e-12,0.002893292103101297,1.9868397121619408,c442c399cf179a43e1d273ce99f7f5766a44555cd41cbea4450339e037c2c077
cancellation_shared_vs_action_dependent,11,state_varying_shared,0.1,1.01,5000,0.093873748386279,0.006278661918664399,0.012466430492745706,31.393309593321998,0.006278661918664399,0.022222222222222223,1.0,1.0,0.012343000487867035,5000,5.551115123125783e-17,0.0,0.0,2.220446049250313e-16,0,5.250688772662215e-12,0.002893292103101297,1.9868397121619408,c442c399cf179a43e1d273ce99f7f5766a44555cd41cbea4450339e037c2c077
cancellation_shared_vs_action_dependent,11,state_varying_shared,0.2,1.01,5000,0.18773481305172726,0.006278661918664399,0.012466430492745706,31.393309593321998,0.006278661918664399,0.022222222222222223,1.0,1.0,0.012343000487867035,5000,1.0755285551056204e-16,0.0,0.0,2.220446049250313e-16,0,1.723510223428093e-11,0.002893292103101297,1.9868397121619408,c442c399cf179a43e1d273ce99f7f5766a44555cd41cbea4450339e037c2c077
cancellation_shared_vs_action_dependent,11,static_shared,0.0,1.5,5000,0.0009324745423759009,0.00932474542375901,0.018514500731800554,46.623727118795045,0.00932474542375901,0.022222222222222223,1.0,1.0,0.012343000487867035,5000,0.0,0.0,0.0,0.0,0,3.745892485085278e-13,1.0,1.0,c442c399cf179a43e1d273ce99f7f5766a44555cd41cbea4450339e037c2c077
cancellation_shared_vs_action_dependent,11,static_shared,0.05,1.5,5000,0.05,0.00932474542375901,0.018514500731800554,46.623727118795045,0.00932474542375901,0.022222222222222223,1.0,1.0,0.012343000487867035,5000,1.3877787807814457e-17,0.0,0.0,1.1102230246251565e-16,0,4.119593555174106e-12,1.0,1.0,c442c399cf179a43e1d273ce99f7f5766a44555cd41cbea4450339e037c2c077
cancellation_shared_vs_action_dependent,11,static_shared,0.1,1.5,5000,0.1,0.00932474542375901,0.018514500731800554,46.623727118795045,0.00932474542375901,0.022222222222222223,1.0,1.0,0.012343000487867035,5000,2.7755575615628914e-17,0.0,0.0,1.1102230246251565e-16,0,1.610400701679282e-11,1.0,1.0,c442c399cf179a43e1d273ce99f7f5766a44555cd41cbea4450339e037c2c077
cancellation_shared_vs_action_dependent,11,static_shared,0.2,1.5,5000,0.2,0.009324745423759008,0.018514500731800554,46.62372711879504,0.009324745423759008,0.022222222222222223,1.0,1.0,0.012343000487867035,5000,6.938893903907228e-17,0.0,0.0,1.1102230246251565e-16,0,1.610400701679282e-11,1.0,1.0,c442c399cf179a43e1d273ce99f7f5766a44555cd41cbea4450339e037c2c077
cancellation_shared_vs_action_dependent,11,state_varying_shared,0.0,1.5,5000,0.0009324745423759009,0.00932474542375901,0.018514500731800554,46.623727118795045,0.00932474542375901,0.022222222222222223,1.0,1.0,0.012343000487867035,5000,0.0,0.0,0.0,0.0,0,3.745892485085278e-13,0.002893292103101297,1.9868397121619408,c442c399cf179a43e1d273ce99f7f5766a44555cd41cbea4450339e037c2c077
cancellation_shared_vs_action_dependent,11,state_varying_shared,0.05,1.5,5000,0.046956984422087136,0.00932474542375901,0.018514500731800554,46.623727118795045,0.00932474542375901,0.022222222222222223,1.0,1.0,0.012343000487867035,5000,2.7755575615628914e-17,0.0,0.0,1.1102230246251565e-16,0,4.119593555174106e-12,0.002893292103101297,1.9868397121619408,c442c399cf179a43e1d273ce99f7f5766a44555cd41cbea4450339e037c2c077
cancellation_shared_vs_action_dependent,11,state_varying_shared,0.1,1.5,5000,0.09388200167358547,0.00932474542375901,0.018514500731800554,46.623727118795045,0.00932474542375901,0.022222222222222223,1.0,1.0,0.012343000487867035,5000,6.938893903907228e-17,0.0,0.0,2.220446049250313e-16,0,4.119593555174106e-12,0.002893292103101297,1.9868397121619408,c442c399cf179a43e1d273ce99f7f5766a44555cd41cbea4450339e037c2c077
cancellation_shared_vs_action_dependent,11,state_varying_shared,0.2,1.5,5000,0.187740327350165,0.00932474542375901,0.018514500731800554,46.623727118795045,0.00932474542375901,0.022222222222222223,1.0,1.0,0.012343000487867035,5000,1.0928757898653885e-16,0.0,0.0,2.220446049250313e-16,0,1.610400701679282e-11,0.002893292103101297,1.9868397121619408,c442c399cf179a43e1d273ce99f7f5766a44555cd41cbea4450339e037c2c077
cancellation_shared_vs_action_dependent,12,static_shared,0.0,0.0,5000,0.0,0.0,0.0,0.0,0.0,0.0,0.0,0.0,0.0,0,0.0,0.0,0.0,0.0,0,0.0,1.0,1.0,2fcf83f38a12340796be6f78d33fb5e73109330565d578fc8093f77a7aed73cd
cancellation_shared_vs_action_dependent,12,static_shared,0.05,0.0,5000,0.05,4.38524216939129e-17,1.1102230246251565e-16,2.192621084695645e-13,4.38524216939129e-17,0.0,0.0,0.0,1.1102230246251565e-16,0,1.1102230246251565e-16,0.0,0.0,1.1102230246251565e-16,0,2.806877556565822e-12,1.0,1.0,2fcf83f38a12340796be6f78d33fb5e73109330565d578fc8093f77a7aed73cd
cancellation_shared_vs_action_dependent,12,static_shared,0.1,0.0,5000,0.1,5.0007220586678616e-17,1.1102230246251565e-16,2.5003610293339307e-13,5.0007220586678616e-17,0.0,0.0,0.0,1.1102230246251565e-16,0,1.1102230246251565e-16,0.0,0.0,1.1102230246251565e-16,0,3.732402082631831e-12,1.0,1.0,2fcf83f38a12340796be6f78d33fb5e73109330565d578fc8093f77a7aed73cd
cancellation_shared_vs_action_dependent,12,static_shared,0.2,0.0,5000,0.2,7.445710714648612e-17,1.1102230246251565e-16,3.722855357324306e-13,7.445710714648612e-17,0.0,0.0,0.0,1.1102230246251565e-16,0,1.1102230246251565e-16,0.0,0.0,1.1102230246251565e-16,0,5.258428812250986e-12,1.0,1.0,2fcf83f38a12340796be6f78d33fb5e73109330565d578fc8093f77a7aed73cd
cancellation_shared_vs_action_dependent,12,state_varying_shared,0.0,0.0,5000,0.0,0.0,0.0,0.0,0.0,0.0,0.0,0.0,0.0,0,0.0,0.0,0.0,0.0,0,0.0,0.028209601789244254,1.9748604634382745,2fcf83f38a12340796be6f78d33fb5e73109330565d578fc8093f77a7aed73cd
cancellation_shared_vs_action_dependent,12,state_varying_shared,0.05,0.0,5000,0.04762736085247544,3.8047559894338613e-17,1.3877787807814457e-16,1.9023779947169306e-13,3.8047559894338613e-17,0.0,0.0,0.0,2.220446049250313e-16,0,1.3877787807814457e-16,0.0,0.0,2.220446049250313e-16,0,2.629214406125493e-12,0.028209601789244254,1.9748604634382745,2fcf83f38a12340796be6f78d33fb5e73109330565d578fc8093f77a7aed73cd
cancellation_shared_vs_action_dependent,12,state_varying_shared,0.1,0.0,5000,0.09525472170495088,4.501798239742172e-17,1.6653345369377348e-16,2.250899119871086e-13,4.501798239742172e-17,0.0,0.0,0.0,1.1102230246251565e-16,0,1.6653345369377348e-16,0.0,0.0,1.1102230246251565e-16,0,5.258428812250986e-12,0.028209601789244254,1.9748604634382745,2fcf83f38a12340796be6f78d33fb5e73109330565d578fc8093f77a7aed73cd
cancellation_shared_vs_action_dependent,12,state_varying_shared,0.2,0.0,5000,0.19050944340990175,6.021225185115498e-17,2.220446049250313e-16,3.0106125925577487e-13,6.021225185115498e-17,0.0,0.0,0.0,2.220446049250313e-16,0,2.220446049250313e-16,0.0,0.0,2.220446049250313e-16,0,5.258428812250986e-12,0.028209601789244254,1.9748604634382745,2fcf83f38a12340796be6f78d33fb5e73109330565d578fc8093f77a7aed73cd
cancellation_shared_vs_action_dependent,12,static_shared,0.0,0.5,5000,0.0003013160200897255,0.003013160200897255,0.006172090685357096,15.065801004486275,0.003013160200897255,0.0,0.0,0.0,0.006172090685357096,0,0.0,0.0,0.0,0.0,0,1.1324274851176597e-14,1.0,1.0,2fcf83f38a12340796be6f78d33fb5e73109330565d578fc8093f77a7aed73cd
cancellation_shared_vs_action_dependent,12,static_shared,0.05,0.5,5000,0.05,0.003013160200897255,0.006172090685357096,15.065801004486275,0.003013160200897255,0.0,0.0,0.0,0.006172090685357096,0,1.734723475976807e-17,0.0,0.0,1.1102230246251565e-16,0,3.069766663088558e-13,1.0,1.0,2fcf83f38a12340796be6f78d33fb5e73109330565d578fc8093f77a7aed73cd
cancellation_shared_vs_action_dependent,12,static_shared,0.1,0.5,5000,0.1,0.003013160200897255,0.0061720906853571095,15.065801004486275,0.003013160200897255,0.0,0.0,0.0,0.006172090685357096,0,2.7755575615628914e-17,0.0,0.0,1.1102230246251565e-16,0,5.387912338505885e-13,1.0,1.0,2fcf83f38a12340796be6f78d33fb5e73109330565d578fc8093f77a7aed73cd
cancellation_shared_vs_action_dependent,12,static_shared,0.2,0.5,5000,0.2,0.003013160200897254,0.006172090685357068,15.065801004486271,0.003013160200897254,0.0,0.0,0.0,0.006172090685357068,0,5.551115123125783e-17,0.0,0.0,1.1102230246251565e-16,0,8.082978730783452e-13,1.0,1.0,2fcf83f38a12340796be6f78d33fb5e73109330565d578fc8093f77a7aed73cd
cancellation_shared_vs_action_dependent,12,state_varying_shared,0.0,0.5,5000,0.0003013160200897255,0.003013160200897255,0.006172090685357096,15.065801004486275,0.003013160200897255,0.0,0.0,0.0,0.006172090685357096,0,0.0,0.0,0.0,0.0,0,1.1324274851176597e-14,0.028209601789244254,1.9748604634382745,2fcf83f38a12340796be6f78d33fb5e73109330565d578fc8093f77a7aed73cd
cancellation_shared_vs_action_dependent,12,state_varying_shared,0.05,0.5,5000,0.04762751677837159,0.003013160200897255,0.006172090685357096,15.065801004486275,0.003013160200897255,0.0,0.0,0.0,0.006172090685357096,0,2.688821387764051e-17,0.0,0.0,1.1102230246251565e-16,0,1.0087486401744172e-12,0.028209601789244254,1.9748604634382745,2fcf83f38a12340796be6f78d33fb5e73109330565d578fc8093f77a7aed73cd
cancellation_shared_vs_action_dependent,12,state_varying_shared,0.1,0.5,5000,0.09525472170495088,0.003013160200897255,0.0061720906853571095,15.065801004486275,0.003013160200897255,0.0,0.0,0.0,0.006172090685357096,0,5.204170427930421e-17,0.0,0.0,2.220446049250313e-16,0,7.94253551816837e-13,0.028209601789244254,1.9748604634382745,2fcf83f38a12340796be6f78d33fb5e73109330565d578fc8093f77a7aed73cd
cancellation_shared_vs_action_dependent,12,state_varying_shared,0.2,0.5,5000,0.19050944340990175,0.003013160200897255,0.006172090685357068,15.065801004486275,0.003013160200897255,0.0,0.0,0.0,0.006172090685357068,0,1.0928757898653885e-16,0.0,0.0,2.220446049250313e-16,0,2.499889184548465e-12,0.028209601789244254,1.9748604634382745,2fcf83f38a12340796be6f78d33fb5e73109330565d578fc8093f77a7aed73cd
cancellation_shared_vs_action_dependent,12,static_shared,0.0,0.99,5000,0.0005966057197776564,0.0059660571977765645,0.01222073955700705,29.83028598888282,0.0059660571977765645,0.0,0.0,0.0,0.01222073955700705,0,0.0,0.0,0.0,0.0,0,2.5646151868841116e-14,1.0,1.0,2fcf83f38a12340796be6f78d33fb5e73109330565d578fc8093f77a7aed73cd
cancellation_shared_vs_action_dependent,12,static_shared,0.05,0.99,5000,0.05,0.0059660571977765645,0.012220739557007046,29.830285988882824,0.0059660571977765645,0.0,0.0,0.0,0.012220739557007046,0,1.3877787807814457e-17,0.0,0.0,1.1102230246251565e-16,0,2.7122748491592574e-13,1.0,1.0,2fcf83f38a12340796be6f78d33fb5e73109330565d578fc8093f77a7aed73cd
cancellation_shared_vs_action_dependent,12,static_shared,0.1,0.99,5000,0.1,0.0059660571977765645,0.012220739557007074,29.830285988882824,0.0059660571977765645,0.0,0.0,0.0,0.01222073955700706,0,2.7755575615628914e-17,0.0,0.0,1.1102230246251565e-16,0,5.70987701564718e-13,1.0,1.0,2fcf83f38a12340796be6f78d33fb5e73109330565d578fc8093f77a7aed73cd
cancellation_shared_vs_action_dependent,12,static_shared,0.2,0.99,5000,0.2,0.0059660571977765645,0.012220739557007032,29.83028598888282,0.0059660571977765645,0.0,0.0,0.0,0.012220739557007032,0,5.377642775528102e-17,0.0,0.0,1.1102230246251565e-16,0,1.2206902155753596e-12,1.0,1.0,2fcf83f38a12340796be6f78d33fb5e73109330565d578fc8093f77a7aed73cd
cancellation_shared_vs_action_dependent,12,state_varying_shared,0.0,0.99,5000,0.0005966057197776564,0.0059660571977765645,0.01222073955700705,29.83028598888282,0.0059660571977765645,0.0,0.0,0.0,0.01222073955700705,0,0.0,0.0,0.0,0.0,0,2.5646151868841116e-14,0.028209601789244254,1.9748604634382745,2fcf83f38a12340796be6f78d33fb5e73109330565d578fc8093f77a7aed73cd
cancellation_shared_vs_action_dependent,12,state_varying_shared,0.05,0.99,5000,0.04762986599627213,0.0059660571977765645,0.012220739557007046,29.83028598888282,0.0059660571977765645,0.0,0.0,0.0,0.012220739557007046,0,2.7755575615628914e-17,0.0,0.0,1.1102230246251565e-16,0,7.728262474415715e-13,0.028209601789244254,1.9748604634382745,2fcf83f38a12340796be6f78d33fb5e73109330565d578fc8093f77a7aed73cd
cancellation_shared_vs_action_dependent,12,state_varying_shared,0.1,0.99,5000,0.0952550165699709,0.0059660571977765645,0.012220739557007074,29.83028598888282,0.0059660571977765645,0.0,0.0,0.0,0.01222073955700706,0,5.204170427930421e-17,0.0,0.0,2.220446049250313e-16,0,1.663447157795872e-12,0.028209601789244254,1.9748604634382745,2fcf83f38a12340796be6f78d33fb5e73109330565d578fc8093f77a7aed73cd
cancellation_shared_vs_action_dependent,12,state_varying_shared,0.2,0.99,5000,0.19050944340990175,0.0059660571977765645,0.012220739557007032,29.830285988882824,0.0059660571977765645,0.0,0.0,0.0,0.012220739557007032,0,1.0538445116559103e-16,0.0,0.0,2.220446049250313e-16,0,1.2206902155753596e-12,0.028209601789244254,1.9748604634382745,2fcf83f38a12340796be6f78d33fb5e73109330565d578fc8093f77a7aed73cd
cancellation_shared_vs_action_dependent,12,static_shared,0.0,1.0,5000,0.000602632040179451,0.00602632040179451,0.012344181370714191,30.13160200897255,0.00602632040179451,0.022222222222222223,0.5,0.0,0.012344181370714191,5000,0.0,0.0,0.0,0.0,0,2.220446049250313e-16,1.0,1.0,2fcf83f38a12340796be6f78d33fb5e73109330565d578fc8093f77a7aed73cd
cancellation_shared_vs_action_dependent,12,static_shared,0.05,1.0,5000,0.05,0.00602632040179451,0.012344181370714191,30.13160200897255,0.00602632040179451,0.022222222222222223,0.5,0.0,0.012344181370714191,5000,1.3010426069826053e-17,0.0,0.0,1.1102230246251565e-16,0,2.3925306180672123e-13,1.0,1.0,2fcf83f38a12340796be6f78d33fb5e73109330565d578fc8093f77a7aed73cd
cancellation_shared_vs_action_dependent,12,static_shared,0.1,1.0,5000,0.1,0.00602632040179451,0.012344181370714191,30.13160200897255,0.00602632040179451,0.022222222222222223,0.5,0.0,0.012344181370714191,5000,2.7755575615628914e-17,0.0,0.0,1.1102230246251565e-16,0,1.1528555887707626e-12,1.0,1.0,2fcf83f38a12340796be6f78d33fb5e73109330565d578fc8093f77a7aed73cd
cancellation_shared_vs_action_dependent,12,static_shared,0.2,1.0,5000,0.2,0.00602632040179451,0.012344181370714191,30.13160200897255,0.00602632040179451,0.022222222222222223,0.5,0.0,0.012344181370714191,5000,5.377642775528102e-17,0.0,0.0,1.1102230246251565e-16,0,1.0320633236915455e-12,1.0,1.0,2fcf83f38a12340796be6f78d33fb5e73109330565d578fc8093f77a7aed73cd
cancellation_shared_vs_action_dependent,12,state_varying_shared,0.0,1.0,5000,0.000602632040179451,0.00602632040179451,0.012344181370714191,30.13160200897255,0.00602632040179451,0.022222222222222223,0.5,0.0,0.012344181370714191,5000,0.0,0.0,0.0,0.0,0,2.220446049250313e-16,0.028209601789244254,1.9748604634382745,2fcf83f38a12340796be6f78d33fb5e73109330565d578fc8093f77a7aed73cd
cancellation_shared_vs_action_dependent,12,state_varying_shared,0.05,1.0,5000,0.04762994039150679,0.00602632040179451,0.012344181370714191,30.13160200897255,0.00602632040179451,0.022222222222222223,0.5,0.0,0.012344181370714191,5000,2.7755575615628914e-17,0.0,0.0,1.1102230246251565e-16,0,1.315725306483273e-12,0.028209601789244254,1.9748604634382745,2fcf83f38a12340796be6f78d33fb5e73109330565d578fc8093f77a7aed73cd
cancellation_shared_vs_action_dependent,12,state_varying_shared,0.1,1.0,5000,0.09525503355674318,0.006026320401794509,0.012344181370714191,30.131602008972546,0.006026320401794509,0.022222222222222223,0.5,0.0,0.012344181370714191,5000,5.551115123125783e-17,0.0,0.0,2.220446049250313e-16,0,6.139533326177116e-13,0.028209601789244254,1.9748604634382745,2fcf83f38a12340796be6f78d33fb5e73109330565d578fc8093f77a7aed73cd
cancellation_shared_vs_action_dependent,12,state_varying_shared,0.2,1.0,5000,0.19050944340990175,0.00602632040179451,0.012344181370714191,30.13160200897255,0.00602632040179451,0.022222222222222223,0.5,0.0,0.012344181370714191,5000,1.0408340855860843e-16,0.0,0.0,2.220446049250313e-16,0,1.588507103633674e-12,0.028209601789244254,1.9748604634382745,2fcf83f38a12340796be6f78d33fb5e73109330565d578fc8093f77a7aed73cd
cancellation_shared_vs_action_dependent,12,static_shared,0.0,1.01,5000,0.0006086583605812454,0.006086583605812455,0.012467623184421333,30.432918029062275,0.006086583605812455,0.022222222222222223,1.0,1.0,0.012344181370714191,5000,0.0,0.0,0.0,0.0,0,2.5757174171303632e-14,1.0,1.0,2fcf83f38a12340796be6f78d33fb5e73109330565d578fc8093f77a7aed73cd
cancellation_shared_vs_action_dependent,12,static_shared,0.05,1.01,5000,0.05,0.006086583605812455,0.012467623184421336,30.432918029062275,0.006086583605812455,0.022222222222222223,1.0,1.0,0.012344181370714191,5000,1.3877787807814457e-17,0.0,0.0,1.1102230246251565e-16,0,5.45785638905727e-13,1.0,1.0,2fcf83f38a12340796be6f78d33fb5e73109330565d578fc8093f77a7aed73cd
cancellation_shared_vs_action_dependent,12,static_shared,0.1,1.01,5000,0.1,0.006086583605812455,0.012467623184421336,30.432918029062275,0.006086583605812455,0.022222222222222223,1.0,1.0,0.012344181370714191,5000,2.7755575615628914e-17,0.0,0.0,1.1102230246251565e-16,0,6.088463067044358e-13,1.0,1.0,2fcf83f38a12340796be6f78d33fb5e73109330565d578fc8093f77a7aed73cd
cancellation_shared_vs_action_dependent,12,static_shared,0.2,1.01,5000,0.2,0.006086583605812455,0.01246762318442135,30.43291802906228,0.006086583605812455,0.022222222222222223,1.0,1.0,0.012344181370714191,5000,5.551115123125783e-17,0.0,0.0,1.1102230246251565e-16,0,1.0078604617547171e-12,1.0,1.0,2fcf83f38a12340796be6f78d33fb5e73109330565d578fc8093f77a7aed73cd
cancellation_shared_vs_action_dependent,12,state_varying_shared,0.0,1.01,5000,0.0006086583605812454,0.006086583605812455,0.012467623184421333,30.432918029062275,0.006086583605812455,0.022222222222222223,1.0,1.0,0.012344181370714191,5000,0.0,0.0,0.0,0.0,0,2.5757174171303632e-14,0.028209601789244254,1.9748604634382745,2fcf83f38a12340796be6f78d33fb5e73109330565d578fc8093f77a7aed73cd
cancellation_shared_vs_action_dependent,12,state_varying_shared,0.05,1.01,5000,0.047630015532324016,0.0060865836058124545,0.012467623184421336,30.43291802906227,0.0060865836058124545,0.022222222222222223,1.0,1.0,0.012344181370714191,5000,2.7755575615628914e-17,0.0,0.0,1.1102230246251565e-16,0,5.45785638905727e-13,0.028209601789244254,1.9748604634382745,2fcf83f38a12340796be6f78d33fb5e73109330565d578fc8093f77a7aed73cd
cancellation_shared_vs_action_dependent,12,state_varying_shared,0.1,1.01,5000,0.09525505054351546,0.0060865836058124545,0.012467623184421336,30.43291802906227,0.0060865836058124545,0.022222222222222223,1.0,1.0,0.012344181370714191,5000,5.0306980803327406e-17,0.0,0.0,2.220446049250313e-16,0,1.0078604617547171e-12,0.028209601789244254,1.9748604634382745,2fcf83f38a12340796be6f78d33fb5e73109330565d578fc8093f77a7aed73cd
cancellation_shared_vs_action_dependent,12,state_varying_shared,0.2,1.01,5000,0.19050944340990175,0.006086583605812455,0.01246762318442135,30.432918029062275,0.006086583605812455,0.022222222222222223,1.0,1.0,0.012344181370714191,5000,1.0755285551056204e-16,0.0,0.0,2.220446049250313e-16,0,1.7990053891026037e-12,0.028209601789244254,1.9748604634382745,2fcf83f38a12340796be6f78d33fb5e73109330565d578fc8093f77a7aed73cd
cancellation_shared_vs_action_dependent,12,static_shared,0.0,1.5,5000,0.0009039480602691765,0.009039480602691765,0.018516272056071287,45.197403013458825,0.009039480602691765,0.022222222222222223,1.0,1.0,0.012344181370714191,5000,0.0,0.0,0.0,0.0,0,1.1324274851176597e-14,1.0,1.0,2fcf83f38a12340796be6f78d33fb5e73109330565d578fc8093f77a7aed73cd
cancellation_shared_vs_action_dependent,12,static_shared,0.05,1.5,5000,0.05,0.009039480602691765,0.018516272056071287,45.197403013458825,0.009039480602691765,0.022222222222222223,1.0,1.0,0.012344181370714191,5000,1.734723475976807e-17,0.0,0.0,1.1102230246251565e-16,0,3.9479530755670567e-13,1.0,1.0,2fcf83f38a12340796be6f78d33fb5e73109330565d578fc8093f77a7aed73cd
cancellation_shared_vs_action_dependent,12,static_shared,0.1,1.5,5000,0.1,0.009039480602691765,0.0185162720560713,45.197403013458825,0.009039480602691765,0.022222222222222223,1.0,1.0,0.012344181370714191,5000,2.7755575615628914e-17,0.0,0.0,1.1102230246251565e-16,0,1.184163878065192e-12,1.0,1.0,2fcf83f38a12340796be6f78d33fb5e73109330565d578fc8093f77a7aed73cd
cancellation_shared_vs_action_dependent,12,static_shared,0.2,1.5,5000,0.2,0.009039480602691762,0.018516272056071315,45.19740301345881,0.009039480602691762,0.022222222222222223,1.0,1.0,0.012344181370714191,5000,5.551115123125783e-17,0.0,0.0,1.1102230246251565e-16,0,1.3813394872386198e-12,1.0,1.0,2fcf83f38a12340796be6f78d33fb5e73109330565d578fc8093f77a7aed73cd
cancellation_shared_vs_action_dependent,12,state_varying_shared,0.0,1.5,5000,0.0009039480602691765,0.009039480602691765,0.018516272056071287,45.197403013458825,0.009039480602691765,0.022222222222222223,1.0,1.0,0.012344181370714191,5000,0.0,0.0,0.0,0.0,0,1.1324274851176597e-14,0.028209601789244254,1.9748604634382745,2fcf83f38a12340796be6f78d33fb5e73109330565d578fc8093f77a7aed73cd
cancellation_shared_vs_action_dependent,12,state_varying_shared,0.05,1.5,5000,0.04763472103108588,0.009039480602691765,0.018516272056071287,45.197403013458825,0.009039480602691765,0.022222222222222223,1.0,1.0,0.012344181370714191,5000,2.6020852139652106e-17,0.0,0.0,1.1102230246251565e-16,0,4.82502926502093e-13,0.028209601789244254,1.9748604634382745,2fcf83f38a12340796be6f78d33fb5e73109330565d578fc8093f77a7aed73cd
cancellation_shared_vs_action_dependent,12,state_varying_shared,0.1,1.5,5000,0.09525653935191207,0.009039480602691765,0.0185162720560713,45.197403013458825,0.009039480602691765,0.022222222222222223,1.0,1.0,0.012344181370714191,5000,5.551115123125783e-17,0.0,0.0,2.220446049250313e-16,0,2.077449323678593e-12,0.028209601789244254,1.9748604634382745,2fcf83f38a12340796be6f78d33fb5e73109330565d578fc8093f77a7aed73cd
cancellation_shared_vs_action_dependent,12,state_varying_shared,0.2,1.5,5000,0.1905095464957056,0.009039480602691765,0.018516272056071315,45.197403013458825,0.009039480602691765,0.022222222222222223,1.0,1.0,0.012344181370714191,5000,1.0408340855860843e-16,0.0,0.0,2.220446049250313e-16,0,1.885824829628291e-12,0.028209601789244254,1.9748604634382745,2fcf83f38a12340796be6f78d33fb5e73109330565d578fc8093f77a7aed73cd
cancellation_shared_vs_action_dependent,13,static_shared,0.0,0.0,5000,0.0,0.0,0.0,0.0,0.0,0.0,0.0,0.0,0.0,0,0.0,0.0,0.0,0.0,0,0.0,1.0,1.0,0903c8bd19ce171e4daf075dbfcd89d04eeccf1d230d5d5229d54cb929ca6d04
cancellation_shared_vs_action_dependent,13,static_shared,0.05,0.0,5000,0.05,4.437145095792516e-17,1.1102230246251565e-16,2.2185725478962581e-13,4.437145095792516e-17,0.0,0.0,0.0,1.1102230246251565e-16,0,1.1102230246251565e-16,0.0,0.0,1.1102230246251565e-16,0,8.93842742370002e-12,1.0,1.0,0903c8bd19ce171e4daf075dbfcd89d04eeccf1d230d5d5229d54cb929ca6d04
cancellation_shared_vs_action_dependent,13,static_shared,0.1,0.0,5000,0.1,5.123956814401254e-17,1.1102230246251565e-16,2.561978407200627e-13,5.123956814401254e-17,0.0,0.0,0.0,1.1102230246251565e-16,0,1.1102230246251565e-16,0.0,0.0,1.1102230246251565e-16,0,8.93842742370002e-12,1.0,1.0,0903c8bd19ce171e4daf075dbfcd89d04eeccf1d230d5d5229d54cb929ca6d04
cancellation_shared_vs_action_dependent,13,static_shared,0.2,0.0,5000,0.2,7.447931160697862e-17,1.1102230246251565e-16,3.7239655803489313e-13,7.447931160697862e-17,0.0,0.0,0.0,1.1102230246251565e-16,0,1.1102230246251565e-16,0.0,0.0,1.1102230246251565e-16,0,1.787685484740004e-11,1.0,1.0,0903c8bd19ce171e4daf075dbfcd89d04eeccf1d230d5d5229d54cb929ca6d04
cancellation_shared_vs_action_dependent,13,state_varying_shared,0.0,0.0,5000,0.0,0.0,0.0,0.0,0.0,0.0,0.0,0.0,0.0,0,0.0,0.0,0.0,0.0,0,0.0,0.006106003973979313,1.985674875677931,0903c8bd19ce171e4daf075dbfcd89d04eeccf1d230d5d5229d54cb929ca6d04
cancellation_shared_vs_action_dependent,13,state_varying_shared,0.05,0.0,5000,0.04669015174916838,3.8759273568444995e-17,1.6653345369377348e-16,1.9379636784222498e-13,3.8759273568444995e-17,0.0,0.0,0.0,1.1102230246251565e-16,0,1.6653345369377348e-16,0.0,0.0,1.1102230246251565e-16,0,6.608880658380257e-12,0.006106003973979313,1.985674875677931,0903c8bd19ce171e4daf075dbfcd89d04eeccf1d230d5d5229d54cb929ca6d04
cancellation_shared_vs_action_dependent,13,state_varying_shared,0.1,0.0,5000,0.09338030349833676,4.491311836329892e-17,1.6653345369377348e-16,2.245655918164946e-13,4.491311836329892e-17,0.0,0.0,0.0,2.220446049250313e-16,0,1.6653345369377348e-16,0.0,0.0,2.220446049250313e-16,0,1.3217761316760514e-11,0.006106003973979313,1.985674875677931,0903c8bd19ce171e4daf075dbfcd89d04eeccf1d230d5d5229d54cb929ca6d04
cancellation_shared_vs_action_dependent,13,state_varying_shared,0.2,0.0,5000,0.18676060699667352,6.010695413616318e-17,2.220446049250313e-16,3.005347706808159e-13,6.010695413616318e-17,0.0,0.0,0.0,2.220446049250313e-16,0,2.220446049250313e-16,0.0,0.0,2.220446049250313e-16,0,1.982664197514077e-11,0.006106003973979313,1.985674875677931,0903c8bd19ce171e4daf075dbfcd89d04eeccf1d230d5d5229d54cb929ca6d04
cancellation_shared_vs_action_dependent,13,static_shared,0.0,0.5,5000,0.00030722721546753745,0.0030722721546753745,0.006171619546078623,15.361360773376873,0.0030722721546753745,0.0,0.0,0.0,0.006171619546078623,0,0.0,0.0,0.0,0.0,0,4.729550084903167e-14,1.0,1.0,0903c8bd19ce171e4daf075dbfcd89d04eeccf1d230d5d5229d54cb929ca6d04
cancellation_shared_vs_action_dependent,13,static_shared,0.05,0.5,5000,0.05,0.0030722721546753745,0.006171619546078616,15.361360773376873,0.0030722721546753745,0.0,0.0,0.0,0.006171619546078614,0,1.734723475976807e-17,0.0,0.0,1.1102230246251565e-16,0,1.012578909609374e-12,1.0,1.0,0903c8bd19ce171e4daf075dbfcd89d04eeccf1d230d5d5229d54cb929ca6d04
cancellation_shared_vs_action_dependent,13,static_shared,0.1,0.5,5000,0.1,0.0030722721546753745,0.006171619546078616,15.361360773376873,0.0030722721546753745,0.0,0.0,0.0,0.006171619546078614,0,2.7755575615628914e-17,0.0,0.0,1.1102230246251565e-16,0,1.6163181904005341e-12,1.0,1.0,0903c8bd19ce171e4daf075dbfcd89d04eeccf1d230d5d5229d54cb929ca6d04
cancellation_shared_vs_action_dependent,13,static_shared,0.2,0.5,5000,0.2,0.003072272154675374,0.006171619546078644,15.36136077337687,0.003072272154675374,0.0,0.0,0.0,0.006171619546078656,0,5.551115123125783e-17,0.0,0.0,1.1102230246251565e-16,0,3.412381488487881e-12,1.0,1.0,0903c8bd19ce171e4daf075dbfcd89d04eeccf1d230d5d5229d54cb929ca6d04
cancellation_shared_vs_action_dependent,13,state_varying_shared,0.0,0.5,5000,0.00030722721546753745,0.0030722721546753745,0.006171619546078623,15.361360773376873,0.0030722721546753745,0.0,0.0,0.0,0.006171619546078623,0,0.0,0.0,0.0,0.0,0,4.729550084903167e-14,0.006106003973979313,1.985674875677931,0903c8bd19ce171e4daf075dbfcd89d04eeccf1d230d5d5229d54cb929ca6d04
cancellation_shared_vs_action_dependent,13,state_varying_shared,0.05,0.5,5000,0.046693042380830385,0.0030722721546753745,0.006171619546078616,15.361360773376873,0.0030722721546753745,0.0,0.0,0.0,0.006171619546078614,0,2.7755575615628914e-17,0.0,0.0,1.1102230246251565e-16,0,1.4714895968381825e-12,0.006106003973979313,1.985674875677931,0903c8bd19ce171e4daf075dbfcd89d04eeccf1d230d5d5229d54cb929ca6d04
cancellation_shared_vs_action_dependent,13,state_varying_shared,0.1,0.5,5000,0.09338176911562655,0.003072272154675374,0.006171619546078644,15.361360773376871,0.003072272154675374,0.0,0.0,0.0,0.006171619546078656,0,5.551115123125783e-17,0.0,0.0,2.220446049250313e-16,0,3.412381488487881e-12,0.006106003973979313,1.985674875677931,0903c8bd19ce171e4daf075dbfcd89d04eeccf1d230d5d5229d54cb929ca6d04
cancellation_shared_vs_action_dependent,13,state_varying_shared,0.2,0.5,5000,0.18676107715555135,0.0030722721546753754,0.006171619546078588,15.361360773376877,0.0030722721546753754,0.0,0.0,0.0,0.0061716195460786005,0,1.0928757898653885e-16,0.0,0.0,2.220446049250313e-16,0,7.925882172798993e-12,0.006106003973979313,1.985674875677931,0903c8bd19ce171e4daf075dbfcd89d04eeccf1d230d5d5229d54cb929ca6d04
cancellation_shared_vs_action_dependent,13,static_shared,0.0,0.99,5000,0.0006083098866257241,0.006083098866257242,0.012219806701235672,30.415494331286208,0.006083098866257242,0.0,0.0,0.0,0.012219806701235673,0,0.0,0.0,0.0,0.0,0,3.952393967665557e-14,1.0,1.0,0903c8bd19ce171e4daf075dbfcd89d04eeccf1d230d5d5229d54cb929ca6d04
cancellation_shared_vs_action_dependent,13,static_shared,0.05,0.99,5000,0.05,0.006083098866257242,0.012219806701235666,30.415494331286208,0.006083098866257242,0.0,0.0,0.0,0.012219806701235665,0,1.3877787807814457e-17,0.0,0.0,1.1102230246251565e-16,0,6.429301535604282e-13,1.0,1.0,0903c8bd19ce171e4daf075dbfcd89d04eeccf1d230d5d5229d54cb929ca6d04
cancellation_shared_vs_action_dependent,13,static_shared,0.1,0.99,5000,0.1,0.006083098866257242,0.01221980670123568,30.415494331286208,0.006083098866257242,0.0,0.0,0.0,0.012219806701235679,0,2.6020852139652106e-17,0.0,0.0,1.1102230246251565e-16,0,1.0790257576331896e-12,1.0,1.0,0903c8bd19ce171e4daf075dbfcd89d04eeccf1d230d5d5229d54cb929ca6d04
cancellation_shared_vs_action_dependent,13,static_shared,0.2,0.99,5000,0.2,0.0060830988662572425,0.01221980670123568,30.41549433128621,0.0060830988662572425,0.0,0.0,0.0,0.012219806701235693,0,5.551115123125783e-17,0.0,0.0,1.1102230246251565e-16,0,3.177902385687048e-12,1.0,1.0,0903c8bd19ce171e4daf075dbfcd89d04eeccf1d230d5d5229d54cb929ca6d04
cancellation_shared_vs_action_dependent,13,state_varying_shared,0.0,0.99,5000,0.0006083098866257241,0.006083098866257242,0.012219806701235672,30.415494331286208,0.006083098866257242,0.0,0.0,0.0,0.012219806701235673,0,0.0,0.0,0.0,0.0,0,3.952393967665557e-14,0.006106003973979313,1.985674875677931,0903c8bd19ce171e4daf075dbfcd89d04eeccf1d230d5d5229d54cb929ca6d04
cancellation_shared_vs_action_dependent,13,state_varying_shared,0.05,0.99,5000,0.04670059291004509,0.006083098866257242,0.01221980670123568,30.415494331286208,0.006083098866257242,0.0,0.0,0.0,0.012219806701235679,0,2.6020852139652106e-17,0.0,0.0,2.220446049250313e-16,0,1.0790257576331896e-12,0.006106003973979313,1.985674875677931,0903c8bd19ce171e4daf075dbfcd89d04eeccf1d230d5d5229d54cb929ca6d04
cancellation_shared_vs_action_dependent,13,state_varying_shared,0.1,0.99,5000,0.09338597351844699,0.006083098866257242,0.01221980670123568,30.415494331286208,0.006083098866257242,0.0,0.0,0.0,0.012219806701235693,0,5.377642775528102e-17,0.0,0.0,2.220446049250313e-16,0,3.177902385687048e-12,0.006106003973979313,1.985674875677931,0903c8bd19ce171e4daf075dbfcd89d04eeccf1d230d5d5229d54cb929ca6d04
cancellation_shared_vs_action_dependent,13,state_varying_shared,0.2,0.99,5000,0.18676347582035668,0.0060830988662572425,0.01221980670123568,30.41549433128621,0.0060830988662572425,0.0,0.0,0.0,0.012219806701235693,0,1.0755285551056204e-16,0.0,0.0,2.220446049250313e-16,0,8.899991854605105e-12,0.006106003973979313,1.985674875677931,0903c8bd19ce171e4daf075dbfcd89d04eeccf1d230d5d5229d54cb929ca6d04
cancellation_shared_vs_action_dependent,13,static_shared,0.0,1.0,5000,0.0006144544309350749,0.006144544309350749,0.012343239092157244,30.722721546753746,0.006144544309350749,0.022222222222222223,0.5,0.0,0.012343239092157244,5000,0.0,0.0,0.0,0.0,0,2.220446049250313e-16,1.0,1.0,0903c8bd19ce171e4daf075dbfcd89d04eeccf1d230d5d5229d54cb929ca6d04
cancellation_shared_vs_action_dependent,13,static_shared,0.05,1.0,5000,0.05,0.006144544309350749,0.012343239092157246,30.722721546753746,0.006144544309350749,0.022222222222222223,0.5,0.0,0.012343239092157244,5000,1.3877787807814457e-17,0.0,0.0,1.1102230246251565e-16,0,6.620259895839808e-13,1.0,1.0,0903c8bd19ce171e4daf075dbfcd89d04eeccf1d230d5d5229d54cb929ca6d04
cancellation_shared_vs_action_dependent,13,static_shared,0.1,1.0,5000,0.1,0.006144544309350749,0.012343239092157232,30.722721546753746,0.006144544309350749,0.022222222222222223,0.5,0.0,0.01234323909215723,5000,2.7755575615628914e-17,0.0,0.0,1.1102230246251565e-16,0,2.025157819218748e-12,1.0,1.0,0903c8bd19ce171e4daf075dbfcd89d04eeccf1d230d5d5229d54cb929ca6d04
cancellation_shared_vs_action_dependent,13,static_shared,0.2,1.0,5000,0.2,0.006144544309350749,0.012343239092157232,30.722721546753746,0.006144544309350749,0.022222222222222223,0.5,0.0,0.012343239092157244,5000,5.377642775528102e-17,0.0,0.0,1.1102230246251565e-16,0,2.942979193676365e-12,1.0,1.0,0903c8bd19ce171e4daf075dbfcd89d04eeccf1d230d5d5229d54cb929ca6d04
cancellation_shared_vs_action_dependent,13,state_varying_shared,0.0,1.0,5000,0.0006144544309350749,0.006144544309350749,0.012343239092157244,30.722721546753746,0.006144544309350749,0.022222222222222223,0.5,0.0,0.012343239092157244,5000,0.0,0.0,0.0,0.0,0,2.220446049250313e-16,0.006106003973979313,1.985674875677931,0903c8bd19ce171e4daf075dbfcd89d04eeccf1d230d5d5229d54cb929ca6d04
cancellation_shared_vs_action_dependent,13,state_varying_shared,0.05,1.0,5000,0.0467007778426107,0.006144544309350749,0.012343239092157232,30.722721546753746,0.006144544309350749,0.022222222222222223,0.5,0.0,0.01234323909215723,5000,2.7755575615628914e-17,0.0,0.0,2.220446049250313e-16,0,2.025157819218748e-12,0.006106003973979313,1.985674875677931,0903c8bd19ce171e4daf075dbfcd89d04eeccf1d230d5d5229d54cb929ca6d04
cancellation_shared_vs_action_dependent,13,state_varying_shared,0.1,1.0,5000,0.09338608476166076,0.006144544309350749,0.012343239092157232,30.722721546753746,0.006144544309350749,0.022222222222222223,0.5,0.0,0.012343239092157244,5000,5.377642775528102e-17,0.0,0.0,2.220446049250313e-16,0,2.942979193676365e-12,0.006106003973979313,1.985674875677931,0903c8bd19ce171e4daf075dbfcd89d04eeccf1d230d5d5229d54cb929ca6d04
cancellation_shared_vs_action_dependent,13,state_varying_shared,0.2,1.0,5000,0.1867635382312531,0.006144544309350748,0.012343239092157288,30.722721546753743,0.006144544309350748,0.022222222222222223,0.5,0.0,0.012343239092157244,5000,1.0928757898653885e-16,0.0,0.0,2.220446049250313e-16,0,2.9765079290200447e-12,0.006106003973979313,1.985674875677931,0903c8bd19ce171e4daf075dbfcd89d04eeccf1d230d5d5229d54cb929ca6d04
cancellation_shared_vs_action_dependent,13,static_shared,0.0,1.01,5000,0.0006205989752444257,0.0062059897524442565,0.012466671483078817,31.029948762221284,0.0062059897524442565,0.022222222222222223,1.0,1.0,0.012343239092157244,5000,0.0,0.0,0.0,0.0,0,3.952393967665557e-14,1.0,1.0,0903c8bd19ce171e4daf075dbfcd89d04eeccf1d230d5d5229d54cb929ca6d04
cancellation_shared_vs_action_dependent,13,static_shared,0.05,1.01,5000,0.05,0.0062059897524442565,0.012466671483078812,31.02994876222128,0.0062059897524442565,0.022222222222222223,1.0,1.0,0.012343239092157244,5000,1.9081958235744878e-17,0.0,0.0,1.1102230246251565e-16,0,5.964118088286341e-13,1.0,1.0,0903c8bd19ce171e4daf075dbfcd89d04eeccf1d230d5d5229d54cb929ca6d04
cancellation_shared_vs_action_dependent,13,static_shared,0.1,1.01,5000,0.1,0.0062059897524442565,0.012466671483078812,31.02994876222128,0.0062059897524442565,0.022222222222222223,1.0,1.0,0.012343239092157244,5000,2.7755575615628914e-17,0.0,0.0,1.1102230246251565e-16,0,1.7394974349826953e-12,1.0,1.0,0903c8bd19ce171e4daf075dbfcd89d04eeccf1d230d5d5229d54cb929ca6d04
cancellation_shared_vs_action_dependent,13,static_shared,0.2,1.01,5000,0.2,0.0062059897524442565,0.01246667148307884,31.02994876222128,0.0062059897524442565,0.022222222222222223,1.0,1.0,0.012343239092157244,5000,5.377642775528102e-17,0.0,0.0,1.1102230246251565e-16,0,4.011901921785466e-12,1.0,1.0,0903c8bd19ce171e4daf075dbfcd89d04eeccf1d230d5d5229d54cb929ca6d04
cancellation_shared_vs_action_dependent,13,state_varying_shared,0.0,1.01,5000,0.0006205989752444257,0.0062059897524442565,0.012466671483078817,31.029948762221284,0.0062059897524442565,0.022222222222222223,1.0,1.0,0.012343239092157244,5000,0.0,0.0,0.0,0.0,0,3.952393967665557e-14,0.006106003973979313,1.985674875677931,0903c8bd19ce171e4daf075dbfcd89d04eeccf1d230d5d5229d54cb929ca6d04
cancellation_shared_vs_action_dependent,13,state_varying_shared,0.05,1.01,5000,0.04670096405418189,0.0062059897524442565,0.012466671483078812,31.029948762221284,0.0062059897524442565,0.022222222222222223,1.0,1.0,0.012343239092157244,5000,2.7321894746634712e-17,0.0,0.0,2.220446049250313e-16,0,5.964118088286341e-13,0.006106003973979313,1.985674875677931,0903c8bd19ce171e4daf075dbfcd89d04eeccf1d230d5d5229d54cb929ca6d04
cancellation_shared_vs_action_dependent,13,state_varying_shared,0.1,1.01,5000,0.09338619747252186,0.0062059897524442565,0.01246667148307884,31.02994876222128,0.0062059897524442565,0.022222222222222223,1.0,1.0,0.012343239092157244,5000,5.377642775528102e-17,0.0,0.0,2.220446049250313e-16,0,4.011901921785466e-12,0.006106003973979313,1.985674875677931,0903c8bd19ce171e4daf075dbfcd89d04eeccf1d230d5d5229d54cb929ca6d04
cancellation_shared_vs_action_dependent,13,state_varying_shared,0.2,1.01,5000,0.18676360064214953,0.0062059897524442565,0.012466671483078784,31.029948762221284,0.0062059897524442565,0.022222222222222223,1.0,1.0,0.012343239092157244,5000,1.1102230246251565e-16,0.0,0.0,2.220446049250313e-16,0,4.92650364947167e-12,0.006106003973979313,1.985674875677931,0903c8bd19ce171e4daf075dbfcd89d04eeccf1d230d5d5229d54cb929ca6d04
cancellation_shared_vs_action_dependent,13,static_shared,0.0,1.5,5000,0.0009216816464026124,0.009216816464026124,0.018514858638235866,46.08408232013062,0.009216816464026124,0.022222222222222223,1.0,1.0,0.012343239092157244,5000,0.0,0.0,0.0,0.0,0,4.729550084903167e-14,1.0,1.0,0903c8bd19ce171e4daf075dbfcd89d04eeccf1d230d5d5229d54cb929ca6d04
cancellation_shared_vs_action_dependent,13,static_shared,0.05,1.5,5000,0.05,0.009216816464026124,0.018514858638235862,46.08408232013062,0.009216816464026124,0.022222222222222223,1.0,1.0,0.012343239092157244,5000,1.734723475976807e-17,0.0,0.0,1.1102230246251565e-16,0,8.031353360138382e-13,1.0,1.0,0903c8bd19ce171e4daf075dbfcd89d04eeccf1d230d5d5229d54cb929ca6d04
cancellation_shared_vs_action_dependent,13,static_shared,0.1,1.5,5000,0.1,0.009216816464026124,0.018514858638235876,46.08408232013062,0.009216816464026124,0.022222222222222223,1.0,1.0,0.012343239092157244,5000,2.688821387764051e-17,0.0,0.0,1.1102230246251565e-16,0,1.4315215679516768e-12,1.0,1.0,0903c8bd19ce171e4daf075dbfcd89d04eeccf1d230d5d5229d54cb929ca6d04
cancellation_shared_vs_action_dependent,13,static_shared,0.2,1.5,5000,0.2,0.009216816464026122,0.018514858638235876,46.08408232013061,0.009216816464026122,0.022222222222222223,1.0,1.0,0.012343239092157244,5000,5.4643789493269423e-17,0.0,0.0,1.1102230246251565e-16,0,3.0375701953744283e-12,1.0,1.0,0903c8bd19ce171e4daf075dbfcd89d04eeccf1d230d5d5229d54cb929ca6d04
cancellation_shared_vs_action_dependent,13,state_varying_shared,0.0,1.5,5000,0.0009216816464026124,0.009216816464026124,0.018514858638235866,46.08408232013062,0.009216816464026124,0.022222222222222223,1.0,1.0,0.012343239092157244,5000,0.0,0.0,0.0,0.0,0,4.729550084903167e-14,0.006106003973979313,1.985674875677931,0903c8bd19ce171e4daf075dbfcd89d04eeccf1d230d5d5229d54cb929ca6d04
cancellation_shared_vs_action_dependent,13,state_varying_shared,0.05,1.5,5000,0.04671088085219566,0.009216816464026124,0.018514858638235876,46.08408232013062,0.009216816464026124,0.022222222222222223,1.0,1.0,0.012343239092157244,5000,2.7755575615628914e-17,0.0,0.0,1.1102230246251565e-16,0,1.4315215679516768e-12,0.006106003973979313,1.985674875677931,0903c8bd19ce171e4daf075dbfcd89d04eeccf1d230d5d5229d54cb929ca6d04
cancellation_shared_vs_action_dependent,13,state_varying_shared,0.1,1.5,5000,0.09339294611428857,0.009216816464026122,0.018514858638235876,46.08408232013061,0.009216816464026122,0.022222222222222223,1.0,1.0,0.012343239092157244,5000,5.204170427930421e-17,0.0,0.0,2.220446049250313e-16,0,3.0375701953744283e-12,0.006106003973979313,1.985674875677931,0903c8bd19ce171e4daf075dbfcd89d04eeccf1d230d5d5229d54cb929ca6d04
cancellation_shared_vs_action_dependent,13,state_varying_shared,0.2,1.5,5000,0.18676712010713428,0.009216816464026124,0.018514858638235876,46.08408232013062,0.009216816464026124,0.022222222222222223,1.0,1.0,0.012343239092157244,5000,1.0408340855860843e-16,0.0,0.0,2.220446049250313e-16,0,5.900835375882707e-12,0.006106003973979313,1.985674875677931,0903c8bd19ce171e4daf075dbfcd89d04eeccf1d230d5d5229d54cb929ca6d04
cancellation_shared_vs_action_dependent,14,static_shared,0.0,0.0,5000,0.0,0.0,0.0,0.0,0.0,0.0,0.0,0.0,0.0,0,0.0,0.0,0.0,0.0,0,0.0,1.0,1.0,8513d46f3e95fea187ec4f6afab945f63e07d0b80408bd67c92f59c8812b1eef
cancellation_shared_vs_action_dependent,14,static_shared,0.05,0.0,5000,0.05,4.5390080583018746e-17,1.1102230246251565e-16,2.2695040291509372e-13,4.5390080583018746e-17,0.0,0.0,0.0,1.1102230246251565e-16,0,1.1102230246251565e-16,0.0,0.0,1.1102230246251565e-16,0,1.3523156566993593e-10,1.0,1.0,8513d46f3e95fea187ec4f6afab945f63e07d0b80408bd67c92f59c8812b1eef
cancellation_shared_vs_action_dependent,14,static_shared,0.1,0.0,5000,0.1,5.049571871751368e-17,1.1102230246251565e-16,2.524785935875684e-13,5.049571871751368e-17,0.0,0.0,0.0,1.1102230246251565e-16,0,1.1102230246251565e-16,0.0,0.0,1.1102230246251565e-16,0,1.3523156566993593e-10,1.0,1.0,8513d46f3e95fea187ec4f6afab945f63e07d0b80408bd67c92f59c8812b1eef
cancellation_shared_vs_action_dependent,14,static_shared,0.2,0.0,5000,0.2,7.52287121486006e-17,1.1102230246251565e-16,3.7614356074300304e-13,7.52287121486006e-17,0.0,0.0,0.0,1.1102230246251565e-16,0,1.1102230246251565e-16,0.0,0.0,1.1102230246251565e-16,0,2.7046313133987186e-10,1.0,1.0,8513d46f3e95fea187ec4f6afab945f63e07d0b80408bd67c92f59c8812b1eef
cancellation_shared_vs_action_dependent,14,state_varying_shared,0.0,0.0,5000,0.0,0.0,0.0,0.0,0.0,0.0,0.0,0.0,0.0,0,0.0,0.0,0.0,0.0,0,0.0,0.011057851497244697,1.988474068478803,8513d46f3e95fea187ec4f6afab945f63e07d0b80408bd67c92f59c8812b1eef
cancellation_shared_vs_action_dependent,14,state_varying_shared,0.05,0.0,5000,0.04635116908345959,3.857873222268271e-17,1.6653345369377348e-16,1.9289366111341355e-13,3.857873222268271e-17,0.0,0.0,0.0,2.220446049250313e-16,0,1.6653345369377348e-16,0.0,0.0,2.220446049250313e-16,0,6.761578283496797e-11,0.011057851497244697,1.988474068478803,8513d46f3e95fea187ec4f6afab945f63e07d0b80408bd67c92f59c8812b1eef
cancellation_shared_vs_action_dependent,14,state_varying_shared,0.1,0.0,5000,0.09270233816691918,4.489152105602301e-17,1.6653345369377348e-16,2.2445760528011505e-13,4.489152105602301e-17,0.0,0.0,0.0,2.220446049250313e-16,0,1.6653345369377348e-16,0.0,0.0,2.220446049250313e-16,0,1.3523156566993593e-10,0.011057851497244697,1.988474068478803,8513d46f3e95fea187ec4f6afab945f63e07d0b80408bd67c92f59c8812b1eef
cancellation_shared_vs_action_dependent,14,state_varying_shared,0.2,0.0,5000,0.18540467633383836,5.939285521727733e-17,2.220446049250313e-16,2.9696427608638665e-13,5.939285521727733e-17,0.0,0.0,0.0,2.220446049250313e-16,0,2.220446049250313e-16,0.0,0.0,2.220446049250313e-16,0,2.7046313133987186e-10,0.011057851497244697,1.988474068478803,8513d46f3e95fea187ec4f6afab945f63e07d0b80408bd67c92f59c8812b1eef
cancellation_shared_vs_action_dependent,14,static_shared,0.0,0.5,5000,0.00030439462281116065,0.0030439462281116065,0.006170593139045909,15.219731140558032,0.0030439462281116065,0.0,0.0,0.0,0.0061705931390459105,0,0.0,0.0,0.0,0.0,0,2.112976460466598e-12,1.0,1.0,8513d46f3e95fea187ec4f6afab945f63e07d0b80408bd67c92f59c8812b1eef
cancellation_shared_vs_action_dependent,14,static_shared,0.05,0.5,5000,0.05,0.0030439462281116065,0.006170593139045916,15.219731140558032,0.0030439462281116065,0.0,0.0,0.0,0.006170593139045917,0,1.734723475976807e-17,0.0,0.0,1.1102230246251565e-16,0,2.324290759858627e-11,1.0,1.0,8513d46f3e95fea187ec4f6afab945f63e07d0b80408bd67c92f59c8812b1eef
cancellation_shared_vs_action_dependent,14,static_shared,0.1,0.5,5000,0.1,0.003043946228111607,0.006170593139045916,15.219731140558034,0.003043946228111607,0.0,0.0,0.0,0.006170593139045917,0,2.7755575615628914e-17,0.0,0.0,1.1102230246251565e-16,0,4.4372838736705944e-11,1.0,1.0,8513d46f3e95fea187ec4f6afab945f63e07d0b80408bd67c92f59c8812b1eef
cancellation_shared_vs_action_dependent,14,static_shared,0.2,0.5,5000,0.2,0.0030439462281116056,0.006170593139045888,15.219731140558029,0.0030439462281116056,0.0,0.0,0.0,0.006170593139045876,0,5.551115123125783e-17,0.0,0.0,1.1102230246251565e-16,0,9.085870944502972e-11,1.0,1.0,8513d46f3e95fea187ec4f6afab945f63e07d0b80408bd67c92f59c8812b1eef
cancellation_shared_vs_action_dependent,14,state_varying_shared,0.0,0.5,5000,0.00030439462281116065,0.0030439462281116065,0.006170593139045909,15.219731140558032,0.0030439462281116065,0.0,0.0,0.0,0.0061705931390459105,0,0.0,0.0,0.0,0.0,0,2.112976460466598e-12,0.011057851497244697,1.988474068478803,8513d46f3e95fea187ec4f6afab945f63e07d0b80408bd67c92f59c8812b1eef
cancellation_shared_vs_action_dependent,14,state_varying_shared,0.05,0.5,5000,0.046355230320638784,0.0030439462281116065,0.006170593139045916,15.219731140558032,0.0030439462281116065,0.0,0.0,0.0,0.006170593139045917,0,2.7755575615628914e-17,0.0,0.0,1.1102230246251565e-16,0,2.324290759858627e-11,0.011057851497244697,1.988474068478803,8513d46f3e95fea187ec4f6afab945f63e07d0b80408bd67c92f59c8812b1eef
cancellation_shared_vs_action_dependent,14,state_varying_shared,0.1,0.5,5000,0.09270362041273045,0.0030439462281116065,0.006170593139045916,15.219731140558032,0.0030439462281116065,0.0,0.0,0.0,0.006170593139045917,0,5.551115123125783e-17,0.0,0.0,2.220446049250313e-16,0,4.4372838736705944e-11,0.011057851497244697,1.988474068478803,8513d46f3e95fea187ec4f6afab945f63e07d0b80408bd67c92f59c8812b1eef
cancellation_shared_vs_action_dependent,14,state_varying_shared,0.2,0.5,5000,0.18540473905711882,0.003043946228111607,0.006170593139045888,15.219731140558034,0.003043946228111607,0.0,0.0,0.0,0.006170593139045876,0,1.0495077029659683e-16,0.0,0.0,2.220446049250313e-16,0,9.085870944502972e-11,0.011057851497244697,1.988474068478803,8513d46f3e95fea187ec4f6afab945f63e07d0b80408bd67c92f59c8812b1eef
cancellation_shared_vs_action_dependent,14,static_shared,0.0,0.99,5000,0.0006027013531660981,0.006027013531660981,0.012217774415310901,30.135067658304905,0.006027013531660981,0.0,0.0,0.0,0.012217774415310901,0,0.0,0.0,0.0,0.0,0,1.6481260800560449e-12,1.0,1.0,8513d46f3e95fea187ec4f6afab945f63e07d0b80408bd67c92f59c8812b1eef
cancellation_shared_vs_action_dependent,14,static_shared,0.05,0.99,5000,0.05,0.006027013531660981,0.012217774415310897,30.135067658304905,0.006027013531660981,0.0,0.0,0.0,0.0122177744153109,0,1.734723475976807e-17,0.0,0.0,1.1102230246251565e-16,0,6.803779761810347e-12,1.0,1.0,8513d46f3e95fea187ec4f6afab945f63e07d0b80408bd67c92f59c8812b1eef
cancellation_shared_vs_action_dependent,14,static_shared,0.1,0.99,5000,0.1,0.006027013531660981,0.012217774415310911,30.135067658304905,0.006027013531660981,0.0,0.0,0.0,0.012217774415310913,0,2.7755575615628914e-17,0.0,0.0,1.1102230246251565e-16,0,6.803779761810347e-12,1.0,1.0,8513d46f3e95fea187ec4f6afab945f63e07d0b80408bd67c92f59c8812b1eef
cancellation_shared_vs_action_dependent,14,static_shared,0.2,0.99,5000,0.2,0.006027013531660981,0.012217774415310911,30.135067658304905,0.006027013531660981,0.0,0.0,0.0,0.0122177744153109,0,5.4643789493269423e-17,0.0,0.0,1.1102230246251565e-16,0,1.2842771290877408e-10,1.0,1.0,8513d46f3e95fea187ec4f6afab945f63e07d0b80408bd67c92f59c8812b1eef
cancellation_shared_vs_action_dependent,14,state_varying_shared,0.0,0.99,5000,0.0006027013531660981,0.006027013531660981,0.012217774415310901,30.135067658304905,0.006027013531660981,0.0,0.0,0.0,0.012217774415310901,0,0.0,0.0,0.0,0.0,0,1.6481260800560449e-12,0.011057851497244697,1.988474068478803,8513d46f3e95fea187ec4f6afab945f63e07d0b80408bd67c92f59c8812b1eef
cancellation_shared_vs_action_dependent,14,state_varying_shared,0.05,0.99,5000,0.0463662778702921,0.006027013531660981,0.012217774415310897,30.135067658304905,0.006027013531660981,0.0,0.0,0.0,0.0122177744153109,0,2.7755575615628914e-17,0.0,0.0,1.1102230246251565e-16,0,6.803779761810347e-12,0.011057851497244697,1.988474068478803,8513d46f3e95fea187ec4f6afab945f63e07d0b80408bd67c92f59c8812b1eef
cancellation_shared_vs_action_dependent,14,state_varying_shared,0.1,0.99,5000,0.0927102776641866,0.006027013531660981,0.012217774415310911,30.135067658304905,0.006027013531660981,0.0,0.0,0.0,0.012217774415310913,0,5.421010862427522e-17,0.0,0.0,2.220446049250313e-16,0,8.981371202310129e-12,0.011057851497244697,1.988474068478803,8513d46f3e95fea187ec4f6afab945f63e07d0b80408bd67c92f59c8812b1eef
cancellation_shared_vs_action_dependent,14,state_varying_shared,0.2,0.99,5000,0.18540715602342592,0.006027013531660981,0.012217774415310911,30.135067658304905,0.006027013531660981,0.0,0.0,0.0,0.0122177744153109,0,1.0928757898653885e-16,0.0,0.0,2.220446049250313e-16,0,1.2842771290877408e-10,0.011057851497244697,1.988474068478803,8513d46f3e95fea187ec4f6afab945f63e07d0b80408bd67c92f59c8812b1eef
cancellation_shared_vs_action_dependent,14,static_shared,0.0,1.0,5000,0.0006087892456223213,0.006087892456223213,0.01234118627809182,30.439462281116064,0.006087892456223213,0.022222222222222223,0.5,0.0,0.01234118627809182,5000,0.0,0.0,0.0,0.0,0,2.220446049250313e-16,1.0,1.0,8513d46f3e95fea187ec4f6afab945f63e07d0b80408bd67c92f59c8812b1eef
cancellation_shared_vs_action_dependent,14,static_shared,0.05,1.0,5000,0.05,0.006087892456223213,0.012341186278091817,30.439462281116064,0.006087892456223213,0.022222222222222223,0.5,0.0,0.01234118627809182,5000,1.3877787807814457e-17,0.0,0.0,1.1102230246251565e-16,0,2.1129986649270904e-11,1.0,1.0,8513d46f3e95fea187ec4f6afab945f63e07d0b80408bd67c92f59c8812b1eef
cancellation_shared_vs_action_dependent,14,static_shared,0.1,1.0,5000,0.1,0.006087892456223213,0.012341186278091831,30.439462281116064,0.006087892456223213,0.022222222222222223,0.5,0.0,0.01234118627809182,5000,2.7321894746634712e-17,0.0,0.0,1.1102230246251565e-16,0,4.648581519717254e-11,1.0,1.0,8513d46f3e95fea187ec4f6afab945f63e07d0b80408bd67c92f59c8812b1eef
cancellation_shared_vs_action_dependent,14,static_shared,0.2,1.0,5000,0.2,0.006087892456223214,0.012341186278091831,30.439462281116068,0.006087892456223214,0.022222222222222223,0.5,0.0,0.01234118627809182,5000,5.377642775528102e-17,0.0,0.0,1.1102230246251565e-16,0,8.874567747341189e-11,1.0,1.0,8513d46f3e95fea187ec4f6afab945f63e07d0b80408bd67c92f59c8812b1eef
cancellation_shared_vs_action_dependent,14,state_varying_shared,0.0,1.0,5000,0.0006087892456223213,0.006087892456223213,0.01234118627809182,30.439462281116064,0.006087892456223213,0.022222222222222223,0.5,0.0,0.01234118627809182,5000,0.0,0.0,0.0,0.0,0,2.220446049250313e-16,0.011057851497244697,1.988474068478803,8513d46f3e95fea187ec4f6afab945f63e07d0b80408bd67c92f59c8812b1eef
cancellation_shared_vs_action_dependent,14,state_varying_shared,0.05,1.0,5000,0.04636653417780621,0.006087892456223213,0.012341186278091817,30.439462281116064,0.006087892456223213,0.022222222222222223,0.5,0.0,0.01234118627809182,5000,2.6454533008646308e-17,0.0,0.0,1.1102230246251565e-16,0,2.1129986649270904e-11,0.011057851497244697,1.988474068478803,8513d46f3e95fea187ec4f6afab945f63e07d0b80408bd67c92f59c8812b1eef
cancellation_shared_vs_action_dependent,14,state_varying_shared,0.1,1.0,5000,0.09271046064127757,0.006087892456223213,0.012341186278091831,30.439462281116064,0.006087892456223213,0.022222222222222223,0.5,0.0,0.01234118627809182,5000,5.377642775528102e-17,0.0,0.0,2.220446049250313e-16,0,4.648581519717254e-11,0.011057851497244697,1.988474068478803,8513d46f3e95fea187ec4f6afab945f63e07d0b80408bd67c92f59c8812b1eef
cancellation_shared_vs_action_dependent,14,state_varying_shared,0.2,1.0,5000,0.1854072408254609,0.006087892456223213,0.012341186278091831,30.439462281116064,0.006087892456223213,0.022222222222222223,0.5,0.0,0.01234118627809182,5000,1.0668549377257364e-16,0.0,0.0,2.220446049250313e-16,0,8.874567747341189e-11,0.011057851497244697,1.988474068478803,8513d46f3e95fea187ec4f6afab945f63e07d0b80408bd67c92f59c8812b1eef
cancellation_shared_vs_action_dependent,14,static_shared,0.0,1.01,5000,0.0006148771380785446,0.006148771380785446,0.012464598140872737,30.743856903927227,0.006148771380785446,0.022222222222222223,1.0,1.0,0.01234118627809182,5000,0.0,0.0,0.0,0.0,0,1.6482371023585074e-12,1.0,1.0,8513d46f3e95fea187ec4f6afab945f63e07d0b80408bd67c92f59c8812b1eef
cancellation_shared_vs_action_dependent,14,static_shared,0.05,1.01,5000,0.05,0.006148771380785446,0.012464598140872737,30.743856903927227,0.006148771380785446,0.022222222222222223,1.0,1.0,0.01234118627809182,5000,1.734723475976807e-17,0.0,0.0,1.1102230246251565e-16,0,1.855204878609129e-11,1.0,1.0,8513d46f3e95fea187ec4f6afab945f63e07d0b80408bd67c92f59c8812b1eef
cancellation_shared_vs_action_dependent,14,static_shared,0.1,1.01,5000,0.1,0.006148771380785446,0.012464598140872737,30.743856903927227,0.006148771380785446,0.022222222222222223,1.0,1.0,0.01234118627809182,5000,2.7755575615628914e-17,0.0,0.0,1.1102230246251565e-16,0,4.906364203804969e-11,1.0,1.0,8513d46f3e95fea187ec4f6afab945f63e07d0b80408bd67c92f59c8812b1eef
cancellation_shared_vs_action_dependent,14,static_shared,0.2,1.01,5000,0.2,0.006148771380785445,0.012464598140872751,30.743856903927224,0.006148771380785445,0.022222222222222223,1.0,1.0,0.01234118627809182,5000,5.4643789493269423e-17,0.0,0.0,1.1102230246251565e-16,0,4.906364203804969e-11,1.0,1.0,8513d46f3e95fea187ec4f6afab945f63e07d0b80408bd67c92f59c8812b1eef
cancellation_shared_vs_action_dependent,14,state_varying_shared,0.0,1.01,5000,0.0006148771380785446,0.006148771380785446,0.012464598140872737,30.743856903927227,0.006148771380785446,0.022222222222222223,1.0,1.0,0.01234118627809182,5000,0.0,0.0,0.0,0.0,0,1.6482371023585074e-12,0.011057851497244697,1.988474068478803,8513d46f3e95fea187ec4f6afab945f63e07d0b80408bd67c92f59c8812b1eef
cancellation_shared_vs_action_dependent,14,state_varying_shared,0.05,1.01,5000,0.04636679064589308,0.0061487713807854465,0.012464598140872737,30.74385690392723,0.0061487713807854465,0.022222222222222223,1.0,1.0,0.01234118627809182,5000,2.688821387764051e-17,0.0,0.0,1.1102230246251565e-16,0,1.855204878609129e-11,0.011057851497244697,1.988474068478803,8513d46f3e95fea187ec4f6afab945f63e07d0b80408bd67c92f59c8812b1eef
cancellation_shared_vs_action_dependent,14,state_varying_shared,0.1,1.01,5000,0.09271064361836852,0.006148771380785446,0.012464598140872737,30.743856903927227,0.006148771380785446,0.022222222222222223,1.0,1.0,0.01234118627809182,5000,5.204170427930421e-17,0.0,0.0,2.220446049250313e-16,0,4.906364203804969e-11,0.011057851497244697,1.988474068478803,8513d46f3e95fea187ec4f6afab945f63e07d0b80408bd67c92f59c8812b1eef
cancellation_shared_vs_action_dependent,14,state_varying_shared,0.2,1.01,5000,0.18540732562749582,0.006148771380785445,0.012464598140872751,30.743856903927224,0.006148771380785445,0.022222222222222223,1.0,1.0,0.01234118627809182,5000,1.0581813203458523e-16,0.0,0.0,2.220446049250313e-16,0,4.906364203804969e-11,0.011057851497244697,1.988474068478803,8513d46f3e95fea187ec4f6afab945f63e07d0b80408bd67c92f59c8812b1eef
cancellation_shared_vs_action_dependent,14,static_shared,0.0,1.5,5000,0.000913183868433482,0.009131838684334821,0.01851177941713773,45.659193421674104,0.009131838684334821,0.022222222222222223,1.0,1.0,0.01234118627809182,5000,0.0,0.0,0.0,0.0,0,2.112976460466598e-12,1.0,1.0,8513d46f3e95fea187ec4f6afab945f63e07d0b80408bd67c92f59c8812b1eef
cancellation_shared_vs_action_dependent,14,static_shared,0.05,1.5,5000,0.05,0.009131838684334821,0.018511779417137733,45.659193421674104,0.009131838684334821,0.022222222222222223,1.0,1.0,0.01234118627809182,5000,1.734723475976807e-17,0.0,0.0,1.1102230246251565e-16,0,2.7131630275789576e-12,1.0,1.0,8513d46f3e95fea187ec4f6afab945f63e07d0b80408bd67c92f59c8812b1eef
cancellation_shared_vs_action_dependent,14,static_shared,0.1,1.5,5000,0.1,0.009131838684334821,0.01851177941713772,45.659193421674104,0.009131838684334821,0.022222222222222223,1.0,1.0,0.01234118627809182,5000,2.7755575615628914e-17,0.0,0.0,1.1102230246251565e-16,0,4.5217163346933376e-12,1.0,1.0,8513d46f3e95fea187ec4f6afab945f63e07d0b80408bd67c92f59c8812b1eef
cancellation_shared_vs_action_dependent,14,static_shared,0.2,1.5,5000,0.2,0.009131838684334821,0.01851177941713772,45.659193421674104,0.009131838684334821,0.022222222222222223,1.0,1.0,0.01234118627809182,5000,5.551115123125783e-17,0.0,0.0,1.1102230246251565e-16,0,4.678701870375335e-12,1.0,1.0,8513d46f3e95fea187ec4f6afab945f63e07d0b80408bd67c92f59c8812b1eef
cancellation_shared_vs_action_dependent,14,state_varying_shared,0.0,1.5,5000,0.000913183868433482,0.009131838684334821,0.01851177941713773,45.659193421674104,0.009131838684334821,0.022222222222222223,1.0,1.0,0.01234118627809182,5000,0.0,0.0,0.0,0.0,0,2.112976460466598e-12,0.011057851497244697,1.988474068478803,8513d46f3e95fea187ec4f6afab945f63e07d0b80408bd67c92f59c8812b1eef
cancellation_shared_vs_action_dependent,14,state_varying_shared,0.05,1.5,5000,0.04638017145699552,0.00913183868433482,0.018511779417137733,45.6591934216741,0.00913183868433482,0.022222222222222223,1.0,1.0,0.01234118627809182,5000,2.7755575615628914e-17,0.0,0.0,1.1102230246251565e-16,0,3.1725733151688473e-12,0.011057851497244697,1.988474068478803,8513d46f3e95fea187ec4f6afab945f63e07d0b80408bd67c92f59c8812b1eef
cancellation_shared_vs_action_dependent,14,state_varying_shared,0.1,1.5,5000,0.09272083225407014,0.009131838684334818,0.01851177941713772,45.65919342167409,0.009131838684334818,0.022222222222222223,1.0,1.0,0.01234118627809182,5000,5.551115123125783e-17,0.0,0.0,2.220446049250313e-16,0,4.678701870375335e-12,0.011057851497244697,1.988474068478803,8513d46f3e95fea187ec4f6afab945f63e07d0b80408bd67c92f59c8812b1eef
cancellation_shared_vs_action_dependent,14,state_varying_shared,0.2,1.5,5000,0.18541268758988094,0.009131838684334821,0.01851177941713772,45.659193421674104,0.009131838684334821,0.022222222222222223,1.0,1.0,0.01234118627809182,5000,1.1102230246251565e-16,0.0,0.0,2.220446049250313e-16,0,4.678701870375335e-12,0.011057851497244697,1.988474068478803,8513d46f3e95fea187ec4f6afab945f63e07d0b80408bd67c92f59c8812b1eef
cancellation_shared_vs_action_dependent,15,static_shared,0.0,0.0,5000,0.0,0.0,0.0,0.0,0.0,0.0,0.0,0.0,0.0,0,0.0,0.0,0.0,0.0,0,0.0,1.0,1.0,eb2dac3e6b7d2233a24c9c4e58f6299b32ae3daf87a2c935aced5253b2e4c1d4
cancellation_shared_vs_action_dependent,15,static_shared,0.05,0.0,5000,0.05,4.3837156127324304e-17,1.1102230246251565e-16,2.1918578063662153e-13,4.3837156127324304e-17,0.0,0.0,0.0,1.1102230246251565e-16,0,1.1102230246251565e-16,0.0,0.0,1.1102230246251565e-16,0,1.622491565787903e-10,1.0,1.0,eb2dac3e6b7d2233a24c9c4e58f6299b32ae3daf87a2c935aced5253b2e4c1d4
cancellation_shared_vs_action_dependent,15,static_shared,0.1,0.0,5000,0.1,4.959088695244418e-17,1.1102230246251565e-16,2.479544347622209e-13,4.959088695244418e-17,0.0,0.0,0.0,1.1102230246251565e-16,0,1.1102230246251565e-16,0.0,0.0,1.1102230246251565e-16,0,1.622491565787903e-10,1.0,1.0,eb2dac3e6b7d2233a24c9c4e58f6299b32ae3daf87a2c935aced5253b2e4c1d4
cancellation_shared_vs_action_dependent,15,static_shared,0.2,0.0,5000,0.2,7.377431998634165e-17,1.1102230246251565e-16,3.6887159993170826e-13,7.377431998634165e-17,0.0,0.0,0.0,1.1102230246251565e-16,0,1.1102230246251565e-16,0.0,0.0,1.1102230246251565e-16,0,3.244983131575806e-10,1.0,1.0,eb2dac3e6b7d2233a24c9c4e58f6299b32ae3daf87a2c935aced5253b2e4c1d4
cancellation_shared_vs_action_dependent,15,state_varying_shared,0.0,0.0,5000,0.0,0.0,0.0,0.0,0.0,0.0,0.0,0.0,0.0,0,0.0,0.0,0.0,0.0,0,0.0,0.013752352429829862,1.9781195710461996,eb2dac3e6b7d2233a24c9c4e58f6299b32ae3daf87a2c935aced5253b2e4c1d4
cancellation_shared_vs_action_dependent,15,state_varying_shared,0.05,0.0,5000,0.04977786064598627,3.789581495827754e-17,1.3877787807814457e-16,1.894790747913877e-13,3.789581495827754e-17,0.0,0.0,0.0,1.1102230246251565e-16,0,1.3877787807814457e-16,0.0,0.0,1.1102230246251565e-16,0,1.622491565787903e-10,0.013752352429829862,1.9781195710461996,eb2dac3e6b7d2233a24c9c4e58f6299b32ae3daf87a2c935aced5253b2e4c1d4
cancellation_shared_vs_action_dependent,15,state_varying_shared,0.1,0.0,5000,0.09955572129197254,4.5609870047425007e-17,1.6653345369377348e-16,2.2804935023712503e-13,4.5609870047425007e-17,0.0,0.0,0.0,2.220446049250313e-16,0,1.6653345369377348e-16,0.0,0.0,2.220446049250313e-16,0,2.0281144572348788e-10,0.013752352429829862,1.9781195710461996,eb2dac3e6b7d2233a24c9c4e58f6299b32ae3daf87a2c935aced5253b2e4c1d4
cancellation_shared_vs_action_dependent,15,state_varying_shared,0.2,0.0,5000,0.1991114425839451,6.161147980687786e-17,2.220446049250313e-16,3.0805739903438933e-13,6.161147980687786e-17,0.0,0.0,0.0,2.220446049250313e-16,0,2.220446049250313e-16,0.0,0.0,2.220446049250313e-16,0,4.0562289144697577e-11,0.013752352429829862,1.9781195710461996,eb2dac3e6b7d2233a24c9c4e58f6299b32ae3daf87a2c935aced5253b2e4c1d4
cancellation_shared_vs_action_dependent,15,static_shared,0.0,0.5,5000,0.0003049028615862498,0.003049028615862498,0.006172183367188982,15.24514307931249,0.003049028615862498,0.0,0.0,0.0,0.006172183367188982,0,0.0,0.0,0.0,0.0,0,1.2675416272145412e-12,1.0,1.0,eb2dac3e6b7d2233a24c9c4e58f6299b32ae3daf87a2c935aced5253b2e4c1d4
cancellation_shared_vs_action_dependent,15,static_shared,0.05,0.5,5000,0.05,0.0030490286158624982,0.006172183367188985,15.245143079312491,0.0030490286158624982,0.0,0.0,0.0,0.006172183367188984,0,1.734723475976807e-17,0.0,0.0,1.1102230246251565e-16,0,8.873013435106714e-12,1.0,1.0,eb2dac3e6b7d2233a24c9c4e58f6299b32ae3daf87a2c935aced5253b2e4c1d4
cancellation_shared_vs_action_dependent,15,static_shared,0.1,0.5,5000,0.1,0.0030490286158624982,0.006172183367188971,15.245143079312491,0.0030490286158624982,0.0,0.0,0.0,0.006172183367188977,0,2.7755575615628914e-17,0.0,0.0,1.1102230246251565e-16,0,8.873013435106714e-12,1.0,1.0,eb2dac3e6b7d2233a24c9c4e58f6299b32ae3daf87a2c935aced5253b2e4c1d4
cancellation_shared_vs_action_dependent,15,static_shared,0.2,0.5,5000,0.2,0.003049028615862498,0.006172183367188999,15.24514307931249,0.003049028615862498,0.0,0.0,0.0,0.006172183367189018,0,5.551115123125783e-17,0.0,0.0,1.1102230246251565e-16,0,1.0706491249123928e-11,1.0,1.0,eb2dac3e6b7d2233a24c9c4e58f6299b32ae3daf87a2c935aced5253b2e4c1d4
cancellation_shared_vs_action_dependent,15,state_varying_shared,0.0,0.5,5000,0.0003049028615862498,0.003049028615862498,0.006172183367188982,15.24514307931249,0.003049028615862498,0.0,0.0,0.0,0.006172183367188982,0,0.0,0.0,0.0,0.0,0,1.2675416272145412e-12,0.013752352429829862,1.9781195710461996,eb2dac3e6b7d2233a24c9c4e58f6299b32ae3daf87a2c935aced5253b2e4c1d4
cancellation_shared_vs_action_dependent,15,state_varying_shared,0.05,0.5,5000,0.04977948747301809,0.0030490286158624982,0.006172183367188985,15.245143079312491,0.0030490286158624982,0.0,0.0,0.0,0.006172183367188984,0,3.469446951953614e-17,0.0,0.0,1.1102230246251565e-16,0,8.873013435106714e-12,0.013752352429829862,1.9781195710461996,eb2dac3e6b7d2233a24c9c4e58f6299b32ae3daf87a2c935aced5253b2e4c1d4
cancellation_shared_vs_action_dependent,15,state_varying_shared,0.1,0.5,5000,0.0995562310470712,0.0030490286158624982,0.006172183367188971,15.245143079312491,0.0030490286158624982,0.0,0.0,0.0,0.006172183367188977,0,5.551115123125783e-17,0.0,0.0,2.220446049250313e-16,0,8.873013435106714e-12,0.013752352429829862,1.9781195710461996,eb2dac3e6b7d2233a24c9c4e58f6299b32ae3daf87a2c935aced5253b2e4c1d4
cancellation_shared_vs_action_dependent,15,state_varying_shared,0.2,0.5,5000,0.1991114425839451,0.0030490286158624982,0.006172183367188999,15.245143079312491,0.0030490286158624982,0.0,0.0,0.0,0.006172183367189018,0,1.0581813203458523e-16,0.0,0.0,2.220446049250313e-16,0,8.873013435106714e-12,0.013752352429829862,1.9781195710461996,eb2dac3e6b7d2233a24c9c4e58f6299b32ae3daf87a2c935aced5253b2e4c1d4
cancellation_shared_vs_action_dependent,15,static_shared,0.0,0.99,5000,0.0006037076659407746,0.006037076659407747,0.012220923067034182,30.185383297038733,0.006037076659407747,0.0,0.0,0.0,0.012220923067034182,0,0.0,0.0,0.0,0.0,0,2.788880237858393e-13,1.0,1.0,eb2dac3e6b7d2233a24c9c4e58f6299b32ae3daf87a2c935aced5253b2e4c1d4
cancellation_shared_vs_action_dependent,15,static_shared,0.05,0.99,5000,0.05,0.006037076659407747,0.012220923067034178,30.185383297038733,0.006037076659407747,0.0,0.0,0.0,0.012220923067034177,0,1.9081958235744878e-17,0.0,0.0,1.1102230246251565e-16,0,2.1225243784783743e-12,1.0,1.0,eb2dac3e6b7d2233a24c9c4e58f6299b32ae3daf87a2c935aced5253b2e4c1d4
cancellation_shared_vs_action_dependent,15,static_shared,0.1,0.99,5000,0.1,0.006037076659407747,0.012220923067034178,30.185383297038733,0.006037076659407747,0.0,0.0,0.0,0.012220923067034184,0,2.7755575615628914e-17,0.0,0.0,1.1102230246251565e-16,0,4.028344324780164e-11,1.0,1.0,eb2dac3e6b7d2233a24c9c4e58f6299b32ae3daf87a2c935aced5253b2e4c1d4
cancellation_shared_vs_action_dependent,15,static_shared,0.2,0.99,5000,0.2,0.006037076659407747,0.012220923067034206,30.185383297038733,0.006037076659407747,0.0,0.0,0.0,0.012220923067034225,0,5.4643789493269423e-17,0.0,0.0,1.1102230246251565e-16,0,4.084110827307086e-11,1.0,1.0,eb2dac3e6b7d2233a24c9c4e58f6299b32ae3daf87a2c935aced5253b2e4c1d4
cancellation_shared_vs_action_dependent,15,state_varying_shared,0.0,0.99,5000,0.0006037076659407746,0.006037076659407747,0.012220923067034182,30.185383297038733,0.006037076659407747,0.0,0.0,0.0,0.012220923067034182,0,0.0,0.0,0.0,0.0,0,2.788880237858393e-13,0.013752352429829862,1.9781195710461996,eb2dac3e6b7d2233a24c9c4e58f6299b32ae3daf87a2c935aced5253b2e4c1d4
cancellation_shared_vs_action_dependent,15,state_varying_shared,0.05,0.99,5000,0.04978317829269223,0.006037076659407746,0.012220923067034178,30.18538329703873,0.006037076659407746,0.0,0.0,0.0,0.012220923067034177,0,2.7755575615628914e-17,0.0,0.0,1.1102230246251565e-16,0,4.745870363365157e-12,0.013752352429829862,1.9781195710461996,eb2dac3e6b7d2233a24c9c4e58f6299b32ae3daf87a2c935aced5253b2e4c1d4
cancellation_shared_vs_action_dependent,15,state_varying_shared,0.1,0.99,5000,0.0995589125321923,0.006037076659407747,0.012220923067034178,30.185383297038733,0.006037076659407747,0.0,0.0,0.0,0.012220923067034184,0,5.551115123125783e-17,0.0,0.0,2.220446049250313e-16,0,3.5760283623176292e-12,0.013752352429829862,1.9781195710461996,eb2dac3e6b7d2233a24c9c4e58f6299b32ae3daf87a2c935aced5253b2e4c1d4
cancellation_shared_vs_action_dependent,15,state_varying_shared,0.2,0.99,5000,0.1991124173657386,0.006037076659407747,0.012220923067034206,30.185383297038733,0.006037076659407747,0.0,0.0,0.0,0.012220923067034225,0,1.1102230246251565e-16,0.0,0.0,2.220446049250313e-16,0,4.028344324780164e-11,0.013752352429829862,1.9781195710461996,eb2dac3e6b7d2233a24c9c4e58f6299b32ae3daf87a2c935aced5253b2e4c1d4
cancellation_shared_vs_action_dependent,15,static_shared,0.0,1.0,5000,0.0006098057231724997,0.0060980572317249964,0.012344366734377962,30.490286158624983,0.0060980572317249964,0.022222222222222223,0.5,0.0,0.012344366734377962,5000,0.0,0.0,0.0,0.0,0,2.220446049250313e-16,1.0,1.0,eb2dac3e6b7d2233a24c9c4e58f6299b32ae3daf87a2c935aced5253b2e4c1d4
cancellation_shared_vs_action_dependent,15,static_shared,0.05,1.0,5000,0.05,0.0060980572317249964,0.012344366734377957,30.490286158624983,0.0060980572317249964,0.022222222222222223,0.5,0.0,0.012344366734377955,5000,1.3877787807814457e-17,0.0,0.0,1.1102230246251565e-16,0,1.7746026870213427e-11,1.0,1.0,eb2dac3e6b7d2233a24c9c4e58f6299b32ae3daf87a2c935aced5253b2e4c1d4
cancellation_shared_vs_action_dependent,15,static_shared,0.1,1.0,5000,0.1,0.006098057231724996,0.01234436673437797,30.49028615862498,0.006098057231724996,0.022222222222222223,0.5,0.0,0.012344366734377962,5000,2.7755575615628914e-17,0.0,0.0,1.1102230246251565e-16,0,1.7746026870213427e-11,1.0,1.0,eb2dac3e6b7d2233a24c9c4e58f6299b32ae3daf87a2c935aced5253b2e4c1d4
cancellation_shared_vs_action_dependent,15,static_shared,0.2,1.0,5000,0.2,0.0060980572317249964,0.012344366734377943,30.490286158624983,0.0060980572317249964,0.022222222222222223,0.5,0.0,0.012344366734377962,5000,5.551115123125783e-17,0.0,0.0,1.1102230246251565e-16,0,1.7746026870213427e-11,1.0,1.0,eb2dac3e6b7d2233a24c9c4e58f6299b32ae3daf87a2c935aced5253b2e4c1d4
cancellation_shared_vs_action_dependent,15,state_varying_shared,0.0,1.0,5000,0.0006098057231724997,0.0060980572317249964,0.012344366734377962,30.490286158624983,0.0060980572317249964,0.022222222222222223,0.5,0.0,0.012344366734377962,5000,0.0,0.0,0.0,0.0,0,2.220446049250313e-16,0.013752352429829862,1.9781195710461996,eb2dac3e6b7d2233a24c9c4e58f6299b32ae3daf87a2c935aced5253b2e4c1d4
cancellation_shared_vs_action_dependent,15,state_varying_shared,0.05,1.0,5000,0.049783265217336774,0.0060980572317249964,0.012344366734377957,30.490286158624983,0.0060980572317249964,0.022222222222222223,0.5,0.0,0.012344366734377955,5000,4.163336342344337e-17,0.0,0.0,2.220446049250313e-16,0,1.2675638316750337e-11,0.013752352429829862,1.9781195710461996,eb2dac3e6b7d2233a24c9c4e58f6299b32ae3daf87a2c935aced5253b2e4c1d4
cancellation_shared_vs_action_dependent,15,state_varying_shared,0.1,1.0,5000,0.09955897494603617,0.006098057231724996,0.01234436673437797,30.49028615862498,0.006098057231724996,0.022222222222222223,0.5,0.0,0.012344366734377962,5000,5.334274688628682e-17,0.0,0.0,2.220446049250313e-16,0,1.7746026870213427e-11,0.013752352429829862,1.9781195710461996,eb2dac3e6b7d2233a24c9c4e58f6299b32ae3daf87a2c935aced5253b2e4c1d4
cancellation_shared_vs_action_dependent,15,state_varying_shared,0.2,1.0,5000,0.1991124620941424,0.0060980572317249964,0.012344366734377943,30.490286158624983,0.0060980572317249964,0.022222222222222223,0.5,0.0,0.012344366734377962,5000,1.0928757898653885e-16,0.0,0.0,2.220446049250313e-16,0,1.7746026870213427e-11,0.013752352429829862,1.9781195710461996,eb2dac3e6b7d2233a24c9c4e58f6299b32ae3daf87a2c935aced5253b2e4c1d4
cancellation_shared_vs_action_dependent,15,static_shared,0.0,1.01,5000,0.0006159037804042246,0.006159037804042247,0.012467810401721742,30.795189020211232,0.006159037804042247,0.022222222222222223,1.0,1.0,0.012344366734377962,5000,0.0,0.0,0.0,0.0,0,2.788880237858393e-13,1.0,1.0,eb2dac3e6b7d2233a24c9c4e58f6299b32ae3daf87a2c935aced5253b2e4c1d4
cancellation_shared_vs_action_dependent,15,static_shared,0.05,1.01,5000,0.05,0.006159037804042247,0.012467810401721742,30.795189020211232,0.006159037804042247,0.022222222222222223,1.0,1.0,0.012344366734377962,5000,1.3877787807814457e-17,0.0,0.0,1.1102230246251565e-16,0,4.791500529677251e-12,1.0,1.0,eb2dac3e6b7d2233a24c9c4e58f6299b32ae3daf87a2c935aced5253b2e4c1d4
cancellation_shared_vs_action_dependent,15,static_shared,0.1,1.01,5000,0.1,0.006159037804042247,0.012467810401721735,30.795189020211232,0.006159037804042247,0.022222222222222223,1.0,1.0,0.012344366734377962,5000,2.7755575615628914e-17,0.0,0.0,1.1102230246251565e-16,0,4.791500529677251e-12,1.0,1.0,eb2dac3e6b7d2233a24c9c4e58f6299b32ae3daf87a2c935aced5253b2e4c1d4
cancellation_shared_vs_action_dependent,15,static_shared,0.2,1.01,5000,0.2,0.006159037804042247,0.012467810401721735,30.795189020211232,0.006159037804042247,0.022222222222222223,1.0,1.0,0.012344366734377962,5000,5.551115123125783e-17,0.0,0.0,1.1102230246251565e-16,0,7.633316201349771e-11,1.0,1.0,eb2dac3e6b7d2233a24c9c4e58f6299b32ae3daf87a2c935aced5253b2e4c1d4
cancellation_shared_vs_action_dependent,15,state_varying_shared,0.0,1.01,5000,0.0006159037804042246,0.006159037804042247,0.012467810401721742,30.795189020211232,0.006159037804042247,0.022222222222222223,1.0,1.0,0.012344366734377962,5000,0.0,0.0,0.0,0.0,0,2.788880237858393e-13,0.013752352429829862,1.9781195710461996,eb2dac3e6b7d2233a24c9c4e58f6299b32ae3daf87a2c935aced5253b2e4c1d4
cancellation_shared_vs_action_dependent,15,state_varying_shared,0.05,1.01,5000,0.049783352141981305,0.006159037804042247,0.012467810401721742,30.795189020211232,0.006159037804042247,0.022222222222222223,1.0,1.0,0.012344366734377962,5000,2.6020852139652106e-17,0.0,0.0,1.1102230246251565e-16,0,4.791500529677251e-12,0.013752352429829862,1.9781195710461996,eb2dac3e6b7d2233a24c9c4e58f6299b32ae3daf87a2c935aced5253b2e4c1d4
cancellation_shared_vs_action_dependent,15,state_varying_shared,0.1,1.01,5000,0.09955903735988006,0.006159037804042247,0.012467810401721735,30.795189020211232,0.006159037804042247,0.022222222222222223,1.0,1.0,0.012344366734377962,5000,5.551115123125783e-17,0.0,0.0,2.220446049250313e-16,0,4.791500529677251e-12,0.013752352429829862,1.9781195710461996,eb2dac3e6b7d2233a24c9c4e58f6299b32ae3daf87a2c935aced5253b2e4c1d4
cancellation_shared_vs_action_dependent,15,state_varying_shared,0.2,1.01,5000,0.19911250799295288,0.006159037804042247,0.012467810401721735,30.795189020211232,0.006159037804042247,0.022222222222222223,1.0,1.0,0.012344366734377962,5000,1.0148132334464322e-16,0.0,0.0,2.220446049250313e-16,0,1.1164180691025649e-11,0.013752352429829862,1.9781195710461996,eb2dac3e6b7d2233a24c9c4e58f6299b32ae3daf87a2c935aced5253b2e4c1d4
cancellation_shared_vs_action_dependent,15,static_shared,0.0,1.5,5000,0.0009147085847587495,0.009147085847587494,0.018516550101566942,45.735429237937474,0.009147085847587494,0.022222222222222223,1.0,1.0,0.012344366734377962,5000,0.0,0.0,0.0,0.0,0,1.2676526495170037e-12,1.0,1.0,eb2dac3e6b7d2233a24c9c4e58f6299b32ae3daf87a2c935aced5253b2e4c1d4
cancellation_shared_vs_action_dependent,15,static_shared,0.05,1.5,5000,0.05,0.009147085847587494,0.018516550101566942,45.73542923793747,0.009147085847587494,0.022222222222222223,1.0,1.0,0.012344366734377962,5000,1.734723475976807e-17,0.0,0.0,1.1102230246251565e-16,0,1.3943290966267341e-11,1.0,1.0,eb2dac3e6b7d2233a24c9c4e58f6299b32ae3daf87a2c935aced5253b2e4c1d4
cancellation_shared_vs_action_dependent,15,static_shared,0.1,1.5,5000,0.1,0.009147085847587494,0.018516550101566942,45.735429237937474,0.009147085847587494,0.022222222222222223,1.0,1.0,0.012344366734377962,5000,3.469446951953614e-17,0.0,0.0,1.1102230246251565e-16,0,2.6618929283017678e-11,1.0,1.0,eb2dac3e6b7d2233a24c9c4e58f6299b32ae3daf87a2c935aced5253b2e4c1d4
cancellation_shared_vs_action_dependent,15,static_shared,0.2,1.5,5000,0.2,0.009147085847587494,0.018516550101566942,45.73542923793747,0.009147085847587494,0.022222222222222223,1.0,1.0,0.012344366734377962,5000,5.551115123125783e-17,0.0,0.0,1.1102230246251565e-16,0,2.6618929283017678e-11,1.0,1.0,eb2dac3e6b7d2233a24c9c4e58f6299b32ae3daf87a2c935aced5253b2e4c1d4
cancellation_shared_vs_action_dependent,15,state_varying_shared,0.0,1.5,5000,0.0009147085847587495,0.009147085847587494,0.018516550101566942,45.735429237937474,0.009147085847587494,0.022222222222222223,1.0,1.0,0.012344366734377962,5000,0.0,0.0,0.0,0.0,0,1.2676526495170037e-12,0.013752352429829862,1.9781195710461996,eb2dac3e6b7d2233a24c9c4e58f6299b32ae3daf87a2c935aced5253b2e4c1d4
cancellation_shared_vs_action_dependent,15,state_varying_shared,0.05,1.5,5000,0.04978813195377383,0.009147085847587494,0.018516550101566942,45.73542923793747,0.009147085847587494,0.022222222222222223,1.0,1.0,0.012344366734377962,5000,2.7755575615628914e-17,0.0,0.0,1.1102230246251565e-16,0,3.802735903946086e-12,0.013752352429829862,1.9781195710461996,eb2dac3e6b7d2233a24c9c4e58f6299b32ae3daf87a2c935aced5253b2e4c1d4
cancellation_shared_vs_action_dependent,15,state_varying_shared,0.1,1.5,5000,0.09956244570635925,0.009147085847587494,0.018516550101566942,45.73542923793747,0.009147085847587494,0.022222222222222223,1.0,1.0,0.012344366734377962,5000,5.551115123125783e-17,0.0,0.0,2.220446049250313e-16,0,1.3943290966267341e-11,0.013752352429829862,1.9781195710461996,eb2dac3e6b7d2233a24c9c4e58f6299b32ae3daf87a2c935aced5253b2e4c1d4
cancellation_shared_vs_action_dependent,15,state_varying_shared,0.2,1.5,5000,0.19911497992211605,0.009147085847587496,0.018516550101566956,45.73542923793748,0.009147085847587496,0.022222222222222223,1.0,1.0,0.012344366734377962,5000,1.0408340855860843e-16,0.0,0.0,2.220446049250313e-16,0,2.6618929283017678e-11,0.013752352429829862,1.9781195710461996,eb2dac3e6b7d2233a24c9c4e58f6299b32ae3daf87a2c935aced5253b2e4c1d4
cancellation_shared_vs_action_dependent,16,static_shared,0.0,0.0,5000,0.0,0.0,0.0,0.0,0.0,0.0,0.0,0.0,0.0,0,0.0,0.0,0.0,0.0,0,0.0,1.0,1.0,30bcd6b70488f6a9f5f4d302855e6e8303f776139b82a965d99e8aa122dbdc6e
cancellation_shared_vs_action_dependent,16,static_shared,0.05,0.0,5000,0.05,4.535677389227999e-17,1.1102230246251565e-16,2.2678386946139995e-13,4.535677389227999e-17,0.0,0.0,0.0,1.1102230246251565e-16,0,1.1102230246251565e-16,0.0,0.0,1.1102230246251565e-16,0,2.6118874119706236e-11,1.0,1.0,30bcd6b70488f6a9f5f4d302855e6e8303f776139b82a965d99e8aa122dbdc6e
cancellation_shared_vs_action_dependent,16,static_shared,0.1,0.0,5000,0.1,5.155043059090758e-17,1.1102230246251565e-16,2.577521529545379e-13,5.155043059090758e-17,0.0,0.0,0.0,1.1102230246251565e-16,0,1.1102230246251565e-16,0.0,0.0,1.1102230246251565e-16,0,2.6118874119706236e-11,1.0,1.0,30bcd6b70488f6a9f5f4d302855e6e8303f776139b82a965d99e8aa122dbdc6e
cancellation_shared_vs_action_dependent,16,static_shared,0.2,0.0,5000,0.2,7.652767308741204e-17,1.1102230246251565e-16,3.826383654370602e-13,7.652767308741204e-17,0.0,0.0,0.0,1.1102230246251565e-16,0,1.1102230246251565e-16,0.0,0.0,1.1102230246251565e-16,0,5.223774823941247e-11,1.0,1.0,30bcd6b70488f6a9f5f4d302855e6e8303f776139b82a965d99e8aa122dbdc6e
cancellation_shared_vs_action_dependent,16,state_varying_shared,0.0,0.0,5000,0.0,0.0,0.0,0.0,0.0,0.0,0.0,0.0,0.0,0,0.0,0.0,0.0,0.0,0,0.0,0.01289043991872263,1.9891062672971507,30bcd6b70488f6a9f5f4d302855e6e8303f776139b82a965d99e8aa122dbdc6e
cancellation_shared_vs_action_dependent,16,state_varying_shared,0.05,0.0,5000,0.05162408030125187,4.0430376060940355e-17,1.6653345369377348e-16,2.0215188030470177e-13,4.0430376060940355e-17,0.0,0.0,0.0,2.220446049250313e-16,0,1.6653345369377348e-16,0.0,0.0,2.220446049250313e-16,0,2.6118874119706236e-11,0.01289043991872263,1.9891062672971507,30bcd6b70488f6a9f5f4d302855e6e8303f776139b82a965d99e8aa122dbdc6e
cancellation_shared_vs_action_dependent,16,state_varying_shared,0.1,0.0,5000,0.10324816060250375,4.864086564082548e-17,1.6653345369377348e-16,2.432043282041274e-13,4.864086564082548e-17,0.0,0.0,0.0,2.220446049250313e-16,0,1.6653345369377348e-16,0.0,0.0,2.220446049250313e-16,0,5.223774823941247e-11,0.01289043991872263,1.9891062672971507,30bcd6b70488f6a9f5f4d302855e6e8303f776139b82a965d99e8aa122dbdc6e
cancellation_shared_vs_action_dependent,16,state_varying_shared,0.2,0.0,5000,0.2064963212050075,6.527486884344569e-17,2.220446049250313e-16,3.2637434421722844e-13,6.527486884344569e-17,0.0,0.0,0.0,2.220446049250313e-16,0,2.220446049250313e-16,0.0,0.0,2.220446049250313e-16,0,7.141755886284648e-12,0.01289043991872263,1.9891062672971507,30bcd6b70488f6a9f5f4d302855e6e8303f776139b82a965d99e8aa122dbdc6e
cancellation_shared_vs_action_dependent,16,static_shared,0.0,0.5,5000,0.00029982169088186477,0.0029982169088186472,0.006171662779242985,14.991084544093237,0.0029982169088186472,0.0,0.0,0.0,0.006171662779242986,0,0.0,0.0,0.0,0.0,0,2.0405899192610377e-13,1.0,1.0,30bcd6b70488f6a9f5f4d302855e6e8303f776139b82a965d99e8aa122dbdc6e
cancellation_shared_vs_action_dependent,16,static_shared,0.05,0.5,5000,0.05,0.0029982169088186472,0.006171662779242991,14.991084544093237,0.0029982169088186472,0.0,0.0,0.0,0.0061716627792429875,0,1.734723475976807e-17,0.0,0.0,1.1102230246251565e-16,0,1.4283574323314951e-12,1.0,1.0,30bcd6b70488f6a9f5f4d302855e6e8303f776139b82a965d99e8aa122dbdc6e
cancellation_shared_vs_action_dependent,16,static_shared,0.1,0.5,5000,0.1,0.002998216908818648,0.006171662779242998,14.99108454409324,0.002998216908818648,0.0,0.0,0.0,0.006171662779243001,0,2.7755575615628914e-17,0.0,0.0,1.1102230246251565e-16,0,5.736855435145571e-12,1.0,1.0,30bcd6b70488f6a9f5f4d302855e6e8303f776139b82a965d99e8aa122dbdc6e
cancellation_shared_vs_action_dependent,16,static_shared,0.2,0.5,5000,0.2,0.0029982169088186472,0.00617166277924297,14.991084544093237,0.0029982169088186472,0.0,0.0,0.0,0.006171662779242974,0,5.551115123125783e-17,0.0,0.0,1.1102230246251565e-16,0,5.736855435145571e-12,1.0,1.0,30bcd6b70488f6a9f5f4d302855e6e8303f776139b82a965d99e8aa122dbdc6e
cancellation_shared_vs_action_dependent,16,state_varying_shared,0.0,0.5,5000,0.00029982169088186477,0.0029982169088186472,0.006171662779242985,14.991084544093237,0.0029982169088186472,0.0,0.0,0.0,0.006171662779242986,0,0.0,0.0,0.0,0.0,0,2.0405899192610377e-13,0.01289043991872263,1.9891062672971507,30bcd6b70488f6a9f5f4d302855e6e8303f776139b82a965d99e8aa122dbdc6e
cancellation_shared_vs_action_dependent,16,state_varying_shared,0.05,0.5,5000,0.05162541465755057,0.0029982169088186472,0.0061716627792429875,14.991084544093237,0.0029982169088186472,0.0,0.0,0.0,0.0061716627792429875,0,2.7755575615628914e-17,0.0,0.0,1.1102230246251565e-16,0,5.736855435145571e-12,0.01289043991872263,1.9891062672971507,30bcd6b70488f6a9f5f4d302855e6e8303f776139b82a965d99e8aa122dbdc6e
cancellation_shared_vs_action_dependent,16,state_varying_shared,0.1,0.5,5000,0.10324846698362304,0.0029982169088186472,0.006171662779242998,14.991084544093237,0.0029982169088186472,0.0,0.0,0.0,0.006171662779243001,0,5.5077470362263625e-17,0.0,0.0,2.220446049250313e-16,0,5.736855435145571e-12,0.01289043991872263,1.9891062672971507,30bcd6b70488f6a9f5f4d302855e6e8303f776139b82a965d99e8aa122dbdc6e
cancellation_shared_vs_action_dependent,16,state_varying_shared,0.2,0.5,5000,0.20649633063628176,0.002998216908818648,0.00617166277924297,14.99108454409324,0.002998216908818648,0.0,0.0,0.0,0.006171662779242974,0,1.0408340855860843e-16,0.0,0.0,2.220446049250313e-16,0,2.0028534386540287e-11,0.01289043991872263,1.9891062672971507,30bcd6b70488f6a9f5f4d302855e6e8303f776139b82a965d99e8aa122dbdc6e
cancellation_shared_vs_action_dependent,16,static_shared,0.0,0.99,5000,0.0005936469479460923,0.005936469479460922,0.012219892302901112,29.68234739730461,0.005936469479460922,0.0,0.0,0.0,0.012219892302901113,0,0.0,0.0,0.0,0.0,0,1.992850329202156e-13,1.0,1.0,30bcd6b70488f6a9f5f4d302855e6e8303f776139b82a965d99e8aa122dbdc6e
cancellation_shared_vs_action_dependent,16,static_shared,0.05,0.99,5000,0.05,0.005936469479460922,0.012219892302901124,29.68234739730461,0.005936469479460922,0.0,0.0,0.0,0.01221989230290112,0,1.9081958235744878e-17,0.0,0.0,1.1102230246251565e-16,0,1.0084155732670297e-12,1.0,1.0,30bcd6b70488f6a9f5f4d302855e6e8303f776139b82a965d99e8aa122dbdc6e
cancellation_shared_vs_action_dependent,16,static_shared,0.1,0.99,5000,0.1,0.005936469479460922,0.012219892302901103,29.68234739730461,0.005936469479460922,0.0,0.0,0.0,0.012219892302901107,0,3.122502256758253e-17,0.0,0.0,1.1102230246251565e-16,0,1.0084155732670297e-12,1.0,1.0,30bcd6b70488f6a9f5f4d302855e6e8303f776139b82a965d99e8aa122dbdc6e
cancellation_shared_vs_action_dependent,16,static_shared,0.2,0.99,5000,0.2,0.005936469479460922,0.012219892302901103,29.68234739730461,0.005936469479460922,0.0,0.0,0.0,0.012219892302901107,0,5.4643789493269423e-17,0.0,0.0,1.1102230246251565e-16,0,1.1874168315273437e-11,1.0,1.0,30bcd6b70488f6a9f5f4d302855e6e8303f776139b82a965d99e8aa122dbdc6e
cancellation_shared_vs_action_dependent,16,state_varying_shared,0.0,0.99,5000,0.0005936469479460923,0.005936469479460922,0.012219892302901112,29.68234739730461,0.005936469479460922,0.0,0.0,0.0,0.012219892302901113,0,0.0,0.0,0.0,0.0,0,1.992850329202156e-13,0.01289043991872263,1.9891062672971507,30bcd6b70488f6a9f5f4d302855e6e8303f776139b82a965d99e8aa122dbdc6e
cancellation_shared_vs_action_dependent,16,state_varying_shared,0.05,0.99,5000,0.051629242387410956,0.005936469479460922,0.01221989230290112,29.68234739730461,0.005936469479460922,0.0,0.0,0.0,0.01221989230290112,0,3.122502256758253e-17,0.0,0.0,2.220446049250313e-16,0,1.0084155732670297e-12,0.01289043991872263,1.9891062672971507,30bcd6b70488f6a9f5f4d302855e6e8303f776139b82a965d99e8aa122dbdc6e
cancellation_shared_vs_action_dependent,16,state_varying_shared,0.1,0.99,5000,0.10325077216493711,0.005936469479460922,0.012219892302901103,29.68234739730461,0.005936469479460922,0.0,0.0,0.0,0.012219892302901107,0,5.377642775528102e-17,0.0,0.0,2.220446049250313e-16,0,1.1874168315273437e-11,0.01289043991872263,1.9891062672971507,30bcd6b70488f6a9f5f4d302855e6e8303f776139b82a965d99e8aa122dbdc6e
cancellation_shared_vs_action_dependent,16,state_varying_shared,0.2,0.99,5000,0.20649690751438132,0.005936469479460922,0.012219892302901103,29.68234739730461,0.005936469479460922,0.0,0.0,0.0,0.012219892302901107,0,1.0755285551056204e-16,0.0,0.0,2.220446049250313e-16,0,1.1874168315273437e-11,0.01289043991872263,1.9891062672971507,30bcd6b70488f6a9f5f4d302855e6e8303f776139b82a965d99e8aa122dbdc6e
cancellation_shared_vs_action_dependent,16,static_shared,0.0,1.0,5000,0.0005996433817637294,0.0059964338176372945,0.012343325558485971,29.982169088186474,0.0059964338176372945,0.022222222222222223,0.5,0.0,0.012343325558485971,5000,0.0,0.0,0.0,0.0,0,2.220446049250313e-16,1.0,1.0,30bcd6b70488f6a9f5f4d302855e6e8303f776139b82a965d99e8aa122dbdc6e
cancellation_shared_vs_action_dependent,16,static_shared,0.05,1.0,5000,0.05,0.0059964338176372945,0.012343325558485968,29.982169088186474,0.0059964338176372945,0.022222222222222223,0.5,0.0,0.012343325558485971,5000,1.3877787807814457e-17,0.0,0.0,1.1102230246251565e-16,0,2.8567148646629903e-12,1.0,1.0,30bcd6b70488f6a9f5f4d302855e6e8303f776139b82a965d99e8aa122dbdc6e
cancellation_shared_vs_action_dependent,16,static_shared,0.1,1.0,5000,0.1,0.0059964338176372945,0.012343325558485968,29.982169088186474,0.0059964338176372945,0.022222222222222223,0.5,0.0,0.012343325558485971,5000,2.7755575615628914e-17,0.0,0.0,1.1102230246251565e-16,0,2.8567148646629903e-12,1.0,1.0,30bcd6b70488f6a9f5f4d302855e6e8303f776139b82a965d99e8aa122dbdc6e
cancellation_shared_vs_action_dependent,16,static_shared,0.2,1.0,5000,0.2,0.0059964338176372945,0.012343325558485996,29.982169088186474,0.0059964338176372945,0.022222222222222223,0.5,0.0,0.012343325558485971,5000,5.377642775528102e-17,0.0,0.0,1.1102230246251565e-16,0,1.1473710870291143e-11,1.0,1.0,30bcd6b70488f6a9f5f4d302855e6e8303f776139b82a965d99e8aa122dbdc6e
cancellation_shared_vs_action_dependent,16,state_varying_shared,0.0,1.0,5000,0.0005996433817637294,0.0059964338176372945,0.012343325558485971,29.982169088186474,0.0059964338176372945,0.022222222222222223,0.5,0.0,0.012343325558485971,5000,0.0,0.0,0.0,0.0,0,2.220446049250313e-16,0.01289043991872263,1.9891062672971507,30bcd6b70488f6a9f5f4d302855e6e8303f776139b82a965d99e8aa122dbdc6e
cancellation_shared_vs_action_dependent,16,state_varying_shared,0.05,1.0,5000,0.05162934439267414,0.0059964338176372945,0.012343325558485971,29.982169088186474,0.0059964338176372945,0.022222222222222223,0.5,0.0,0.012343325558485971,5000,2.7755575615628914e-17,0.0,0.0,2.220446049250313e-16,0,1.4090950628542487e-12,0.01289043991872263,1.9891062672971507,30bcd6b70488f6a9f5f4d302855e6e8303f776139b82a965d99e8aa122dbdc6e
cancellation_shared_vs_action_dependent,16,state_varying_shared,0.1,1.0,5000,0.10325082931510114,0.0059964338176372945,0.012343325558485968,29.982169088186474,0.0059964338176372945,0.022222222222222223,0.5,0.0,0.012343325558485971,5000,5.377642775528102e-17,0.0,0.0,2.220446049250313e-16,0,1.1473710870291143e-11,0.01289043991872263,1.9891062672971507,30bcd6b70488f6a9f5f4d302855e6e8303f776139b82a965d99e8aa122dbdc6e
cancellation_shared_vs_action_dependent,16,state_varying_shared,0.2,1.0,5000,0.20649693396724608,0.0059964338176372945,0.012343325558485996,29.982169088186474,0.0059964338176372945,0.022222222222222223,0.5,0.0,0.012343325558485971,5000,1.1102230246251565e-16,0.0,0.0,2.220446049250313e-16,0,1.1473710870291143e-11,0.01289043991872263,1.9891062672971507,30bcd6b70488f6a9f5f4d302855e6e8303f776139b82a965d99e8aa122dbdc6e
cancellation_shared_vs_action_dependent,16,static_shared,0.0,1.01,5000,0.0006056398155813667,0.0060563981558136686,0.012466758814070831,30.281990779068344,0.0060563981558136686,0.022222222222222223,1.0,1.0,0.012343325558485971,5000,0.0,0.0,0.0,0.0,0,1.9939605522267811e-13,1.0,1.0,30bcd6b70488f6a9f5f4d302855e6e8303f776139b82a965d99e8aa122dbdc6e
cancellation_shared_vs_action_dependent,16,static_shared,0.05,1.01,5000,0.05,0.006056398155813668,0.012466758814070833,30.281990779068337,0.006056398155813668,0.022222222222222223,1.0,1.0,0.012343325558485971,5000,1.6479873021779667e-17,0.0,0.0,1.1102230246251565e-16,0,1.8096635301390052e-12,1.0,1.0,30bcd6b70488f6a9f5f4d302855e6e8303f776139b82a965d99e8aa122dbdc6e
cancellation_shared_vs_action_dependent,16,static_shared,0.1,1.01,5000,0.1,0.0060563981558136686,0.012466758814070833,30.28199077906834,0.0060563981558136686,0.022222222222222223,1.0,1.0,0.012343325558485971,5000,2.6020852139652106e-17,0.0,0.0,1.1102230246251565e-16,0,5.497158284129e-12,1.0,1.0,30bcd6b70488f6a9f5f4d302855e6e8303f776139b82a965d99e8aa122dbdc6e
cancellation_shared_vs_action_dependent,16,static_shared,0.2,1.01,5000,0.2,0.0060563981558136686,0.012466758814070833,30.28199077906834,0.0060563981558136686,0.022222222222222223,1.0,1.0,0.012343325558485971,5000,5.377642775528102e-17,0.0,0.0,1.1102230246251565e-16,0,1.1073142403006386e-11,1.0,1.0,30bcd6b70488f6a9f5f4d302855e6e8303f776139b82a965d99e8aa122dbdc6e
cancellation_shared_vs_action_dependent,16,state_varying_shared,0.0,1.01,5000,0.0006056398155813667,0.0060563981558136686,0.012466758814070831,30.281990779068344,0.0060563981558136686,0.022222222222222223,1.0,1.0,0.012343325558485971,5000,0.0,0.0,0.0,0.0,0,1.9939605522267811e-13,0.01289043991872263,1.9891062672971507,30bcd6b70488f6a9f5f4d302855e6e8303f776139b82a965d99e8aa122dbdc6e
cancellation_shared_vs_action_dependent,16,state_varying_shared,0.05,1.01,5000,0.05162944812181027,0.0060563981558136686,0.012466758814070836,30.281990779068344,0.0060563981558136686,0.022222222222222223,1.0,1.0,0.012343325558485971,5000,2.7755575615628914e-17,0.0,0.0,2.220446049250313e-16,0,1.8096635301390052e-12,0.01289043991872263,1.9891062672971507,30bcd6b70488f6a9f5f4d302855e6e8303f776139b82a965d99e8aa122dbdc6e
cancellation_shared_vs_action_dependent,16,state_varying_shared,0.1,1.01,5000,0.10325088646526517,0.0060563981558136686,0.012466758814070833,30.281990779068344,0.0060563981558136686,0.022222222222222223,1.0,1.0,0.012343325558485971,5000,5.0306980803327406e-17,0.0,0.0,2.220446049250313e-16,0,1.1073142403006386e-11,0.01289043991872263,1.9891062672971507,30bcd6b70488f6a9f5f4d302855e6e8303f776139b82a965d99e8aa122dbdc6e
cancellation_shared_vs_action_dependent,16,state_varying_shared,0.2,1.01,5000,0.2064969611138736,0.0060563981558136686,0.012466758814070833,30.28199077906834,0.0060563981558136686,0.022222222222222223,1.0,1.0,0.012343325558485971,5000,1.0928757898653885e-16,0.0,0.0,2.220446049250313e-16,0,1.1073142403006386e-11,0.01289043991872263,1.9891062672971507,30bcd6b70488f6a9f5f4d302855e6e8303f776139b82a965d99e8aa122dbdc6e
cancellation_shared_vs_action_dependent,16,static_shared,0.0,1.5,5000,0.0008994650726455943,0.008994650726455942,0.01851498833772896,44.973253632279715,0.008994650726455942,0.022222222222222223,1.0,1.0,0.012343325558485971,5000,0.0,0.0,0.0,0.0,0,2.0405899192610377e-13,1.0,1.0,30bcd6b70488f6a9f5f4d302855e6e8303f776139b82a965d99e8aa122dbdc6e
cancellation_shared_vs_action_dependent,16,static_shared,0.05,1.5,5000,0.05,0.008994650726455942,0.018514988337728966,44.973253632279715,0.008994650726455942,0.022222222222222223,1.0,1.0,0.012343325558485971,5000,1.734723475976807e-17,0.0,0.0,1.1102230246251565e-16,0,2.2446489111871415e-12,1.0,1.0,30bcd6b70488f6a9f5f4d302855e6e8303f776139b82a965d99e8aa122dbdc6e
cancellation_shared_vs_action_dependent,16,static_shared,0.1,1.5,5000,0.1,0.008994650726455942,0.018514988337728966,44.973253632279715,0.008994650726455942,0.022222222222222223,1.0,1.0,0.012343325558485971,5000,3.469446951953614e-17,0.0,0.0,1.1102230246251565e-16,0,4.327871394593785e-12,1.0,1.0,30bcd6b70488f6a9f5f4d302855e6e8303f776139b82a965d99e8aa122dbdc6e
cancellation_shared_vs_action_dependent,16,static_shared,0.2,1.5,5000,0.2,0.008994650726455942,0.018514988337728966,44.97325363227971,0.008994650726455942,0.022222222222222223,1.0,1.0,0.012343325558485971,5000,5.551115123125783e-17,0.0,0.0,1.1102230246251565e-16,0,8.554934538551606e-12,1.0,1.0,30bcd6b70488f6a9f5f4d302855e6e8303f776139b82a965d99e8aa122dbdc6e
cancellation_shared_vs_action_dependent,16,state_varying_shared,0.0,1.5,5000,0.0008994650726455943,0.008994650726455942,0.01851498833772896,44.973253632279715,0.008994650726455942,0.022222222222222223,1.0,1.0,0.012343325558485971,5000,0.0,0.0,0.0,0.0,0,2.0405899192610377e-13,0.01289043991872263,1.9891062672971507,30bcd6b70488f6a9f5f4d302855e6e8303f776139b82a965d99e8aa122dbdc6e
cancellation_shared_vs_action_dependent,16,state_varying_shared,0.05,1.5,5000,0.05163490218256526,0.008994650726455942,0.01851498833772897,44.973253632279715,0.008994650726455942,0.022222222222222223,1.0,1.0,0.012343325558485971,5000,3.469446951953614e-17,0.0,0.0,1.1102230246251565e-16,0,4.327871394593785e-12,0.01289043991872263,1.9891062672971507,30bcd6b70488f6a9f5f4d302855e6e8303f776139b82a965d99e8aa122dbdc6e
cancellation_shared_vs_action_dependent,16,state_varying_shared,0.1,1.5,5000,0.1032541498442136,0.008994650726455942,0.018514988337728966,44.97325363227971,0.008994650726455942,0.022222222222222223,1.0,1.0,0.012343325558485971,5000,5.204170427930421e-17,0.0,0.0,2.220446049250313e-16,0,8.554934538551606e-12,0.01289043991872263,1.9891062672971507,30bcd6b70488f6a9f5f4d302855e6e8303f776139b82a965d99e8aa122dbdc6e
cancellation_shared_vs_action_dependent,16,state_varying_shared,0.2,1.5,5000,0.2064990189427758,0.008994650726455944,0.018514988337728966,44.97325363227972,0.008994650726455944,0.022222222222222223,1.0,1.0,0.012343325558485971,5000,1.1102230246251565e-16,0.0,0.0,2.220446049250313e-16,0,8.554934538551606e-12,0.01289043991872263,1.9891062672971507,30bcd6b70488f6a9f5f4d302855e6e8303f776139b82a965d99e8aa122dbdc6e
cancellation_shared_vs_action_dependent,17,static_shared,0.0,0.0,5000,0.0,0.0,0.0,0.0,0.0,0.0,0.0,0.0,0.0,0,0.0,0.0,0.0,0.0,0,0.0,1.0,1.0,0ca25680c3d930da200320f79670420f7443bc960e9a22cfe2b4ec3699a737be
cancellation_shared_vs_action_dependent,17,static_shared,0.05,0.0,5000,0.05,4.3007264416417004e-17,1.1102230246251565e-16,2.15036322082085e-13,4.3007264416417004e-17,0.0,0.0,0.0,1.1102230246251565e-16,0,1.1102230246251565e-16,0.0,0.0,1.1102230246251565e-16,0,1.6865817571951784e-11,1.0,1.0,0ca25680c3d930da200320f79670420f7443bc960e9a22cfe2b4ec3699a737be
cancellation_shared_vs_action_dependent,17,static_shared,0.1,0.0,5000,0.1,4.90357754401316e-17,1.1102230246251565e-16,2.45178877200658e-13,4.90357754401316e-17,0.0,0.0,0.0,1.1102230246251565e-16,0,1.1102230246251565e-16,0.0,0.0,1.1102230246251565e-16,0,1.6865817571951784e-11,1.0,1.0,0ca25680c3d930da200320f79670420f7443bc960e9a22cfe2b4ec3699a737be
cancellation_shared_vs_action_dependent,17,static_shared,0.2,0.0,5000,0.2,7.19979631469414e-17,1.1102230246251565e-16,3.59989815734707e-13,7.19979631469414e-17,0.0,0.0,0.0,1.1102230246251565e-16,0,1.1102230246251565e-16,0.0,0.0,1.1102230246251565e-16,0,2.5298726357927675e-11,1.0,1.0,0ca25680c3d930da200320f79670420f7443bc960e9a22cfe2b4ec3699a737be
cancellation_shared_vs_action_dependent,17,state_varying_shared,0.0,0.0,5000,0.0,0.0,0.0,0.0,0.0,0.0,0.0,0.0,0.0,0,0.0,0.0,0.0,0.0,0,0.0,0.021734848532193762,1.9460043936777691,0ca25680c3d930da200320f79670420f7443bc960e9a22cfe2b4ec3699a737be
cancellation_shared_vs_action_dependent,17,state_varying_shared,0.05,0.0,5000,0.05353448041460153,3.749552751619589e-17,1.3877787807814457e-16,1.8747763758097946e-13,3.749552751619589e-17,0.0,0.0,0.0,1.1102230246251565e-16,0,1.3877787807814457e-16,0.0,0.0,1.1102230246251565e-16,0,1.6865817571951784e-11,0.021734848532193762,1.9460043936777691,0ca25680c3d930da200320f79670420f7443bc960e9a22cfe2b4ec3699a737be
cancellation_shared_vs_action_dependent,17,state_varying_shared,0.1,0.0,5000,0.10706896082920306,4.6107909157377946e-17,1.6653345369377348e-16,2.3053954578688973e-13,4.6107909157377946e-17,0.0,0.0,0.0,2.220446049250313e-16,0,1.6653345369377348e-16,0.0,0.0,2.220446049250313e-16,0,1.6865817571951784e-11,0.021734848532193762,1.9460043936777691,0ca25680c3d930da200320f79670420f7443bc960e9a22cfe2b4ec3699a737be
cancellation_shared_vs_action_dependent,17,state_varying_shared,0.2,0.0,5000,0.21413792165840612,6.247329042974314e-17,2.220446049250313e-16,3.123664521487157e-13,6.247329042974314e-17,0.0,0.0,0.0,2.220446049250313e-16,0,2.220446049250313e-16,0.0,0.0,2.220446049250313e-16,0,1.9487198183548758e-11,0.021734848532193762,1.9460043936777691,0ca25680c3d930da200320f79670420f7443bc960e9a22cfe2b4ec3699a737be
cancellation_shared_vs_action_dependent,17,static_shared,0.0,0.5,5000,0.00030431793048968305,0.0030431793048968305,0.006172121637751223,15.215896524484153,0.0030431793048968305,0.0,0.0,0.0,0.0061721216377512225,0,0.0,0.0,0.0,0.0,0,8.859579736508749e-14,1.0,1.0,0ca25680c3d930da200320f79670420f7443bc960e9a22cfe2b4ec3699a737be
cancellation_shared_vs_action_dependent,17,static_shared,0.05,0.5,5000,0.05,0.00304317930489683,0.0061721216377512295,15.215896524484151,0.00304317930489683,0.0,0.0,0.0,0.006172121637751226,0,1.734723475976807e-17,0.0,0.0,1.1102230246251565e-16,0,1.0657030813376878e-12,1.0,1.0,0ca25680c3d930da200320f79670420f7443bc960e9a22cfe2b4ec3699a737be
cancellation_shared_vs_action_dependent,17,static_shared,0.1,0.5,5000,0.1,0.00304317930489683,0.006172121637751216,15.215896524484151,0.00304317930489683,0.0,0.0,0.0,0.006172121637751205,0,3.469446951953614e-17,0.0,0.0,1.1102230246251565e-16,0,3.755329380794592e-12,1.0,1.0,0ca25680c3d930da200320f79670420f7443bc960e9a22cfe2b4ec3699a737be
cancellation_shared_vs_action_dependent,17,static_shared,0.2,0.5,5000,0.2,0.00304317930489683,0.006172121637751216,15.21589652448415,0.00304317930489683,0.0,0.0,0.0,0.006172121637751205,0,5.551115123125783e-17,0.0,0.0,1.1102230246251565e-16,0,5.050626583624762e-12,1.0,1.0,0ca25680c3d930da200320f79670420f7443bc960e9a22cfe2b4ec3699a737be
cancellation_shared_vs_action_dependent,17,state_varying_shared,0.0,0.5,5000,0.00030431793048968305,0.0030431793048968305,0.006172121637751223,15.215896524484153,0.0030431793048968305,0.0,0.0,0.0,0.0061721216377512225,0,0.0,0.0,0.0,0.0,0,8.859579736508749e-14,0.021734848532193762,1.9460043936777691,0ca25680c3d930da200320f79670420f7443bc960e9a22cfe2b4ec3699a737be
cancellation_shared_vs_action_dependent,17,state_varying_shared,0.05,0.5,5000,0.053534844392486194,0.00304317930489683,0.006172121637751216,15.215896524484151,0.00304317930489683,0.0,0.0,0.0,0.006172121637751212,0,3.469446951953614e-17,0.0,0.0,1.1102230246251565e-16,0,1.515287895159645e-12,0.021734848532193762,1.9460043936777691,0ca25680c3d930da200320f79670420f7443bc960e9a22cfe2b4ec3699a737be
cancellation_shared_vs_action_dependent,17,state_varying_shared,0.1,0.5,5000,0.10706897319676736,0.00304317930489683,0.006172121637751216,15.215896524484151,0.00304317930489683,0.0,0.0,0.0,0.006172121637751205,0,5.551115123125783e-17,0.0,0.0,2.220446049250313e-16,0,5.050626583624762e-12,0.021734848532193762,1.9460043936777691,0ca25680c3d930da200320f79670420f7443bc960e9a22cfe2b4ec3699a737be
cancellation_shared_vs_action_dependent,17,state_varying_shared,0.2,0.5,5000,0.21413792165840612,0.003043179304896831,0.006172121637751216,15.215896524484155,0.003043179304896831,0.0,0.0,0.0,0.006172121637751205,0,1.0755285551056204e-16,0.0,0.0,2.220446049250313e-16,0,6.291134280189681e-12,0.021734848532193762,1.9460043936777691,0ca25680c3d930da200320f79670420f7443bc960e9a22cfe2b4ec3699a737be
cancellation_shared_vs_action_dependent,17,static_shared,0.0,0.99,5000,0.0006025495023695724,0.006025495023695724,0.012220800842747424,30.12747511847862,0.006025495023695724,0.0,0.0,0.0,0.012220800842747424,0,0.0,0.0,0.0,0.0,0,5.928590951498336e-14,1.0,1.0,0ca25680c3d930da200320f79670420f7443bc960e9a22cfe2b4ec3699a737be
cancellation_shared_vs_action_dependent,17,static_shared,0.05,0.99,5000,0.05,0.006025495023695724,0.012220800842747424,30.12747511847862,0.006025495023695724,0.0,0.0,0.0,0.012220800842747421,0,1.734723475976807e-17,0.0,0.0,1.1102230246251565e-16,0,1.1146639167236572e-12,1.0,1.0,0ca25680c3d930da200320f79670420f7443bc960e9a22cfe2b4ec3699a737be
cancellation_shared_vs_action_dependent,17,static_shared,0.1,0.99,5000,0.1,0.006025495023695724,0.012220800842747417,30.12747511847862,0.006025495023695724,0.0,0.0,0.0,0.012220800842747421,0,3.9898639947466563e-17,0.0,0.0,1.1102230246251565e-16,0,3.8936631696628865e-12,1.0,1.0,0ca25680c3d930da200320f79670420f7443bc960e9a22cfe2b4ec3699a737be
cancellation_shared_vs_action_dependent,17,static_shared,0.2,0.99,5000,0.2,0.006025495023695724,0.012220800842747404,30.12747511847862,0.006025495023695724,0.0,0.0,0.0,0.012220800842747393,0,5.377642775528102e-17,0.0,0.0,1.1102230246251565e-16,0,3.8936631696628865e-12,1.0,1.0,0ca25680c3d930da200320f79670420f7443bc960e9a22cfe2b4ec3699a737be
cancellation_shared_vs_action_dependent,17,state_varying_shared,0.0,0.99,5000,0.0006025495023695724,0.006025495023695724,0.012220800842747424,30.12747511847862,0.006025495023695724,0.0,0.0,0.0,0.012220800842747424,0,0.0,0.0,0.0,0.0,0,5.928590951498336e-14,0.021734848532193762,1.9460043936777691,0ca25680c3d930da200320f79670420f7443bc960e9a22cfe2b4ec3699a737be
cancellation_shared_vs_action_dependent,17,state_varying_shared,0.05,0.99,5000,0.0535373683247955,0.006025495023695724,0.012220800842747424,30.12747511847862,0.006025495023695724,0.0,0.0,0.0,0.012220800842747421,0,2.6020852139652106e-17,0.0,0.0,1.1102230246251565e-16,0,2.1770363289874695e-12,0.021734848532193762,1.9460043936777691,0ca25680c3d930da200320f79670420f7443bc960e9a22cfe2b4ec3699a737be
cancellation_shared_vs_action_dependent,17,state_varying_shared,0.1,0.99,5000,0.10706966237560653,0.006025495023695724,0.012220800842747417,30.12747511847862,0.006025495023695724,0.0,0.0,0.0,0.012220800842747421,0,5.551115123125783e-17,0.0,0.0,2.220446049250313e-16,0,2.8559377085457527e-12,0.021734848532193762,1.9460043936777691,0ca25680c3d930da200320f79670420f7443bc960e9a22cfe2b4ec3699a737be
cancellation_shared_vs_action_dependent,17,state_varying_shared,0.2,0.99,5000,0.21413794440739556,0.006025495023695724,0.012220800842747404,30.12747511847862,0.006025495023695724,0.0,0.0,0.0,0.012220800842747393,0,1.1102230246251565e-16,0.0,0.0,2.220446049250313e-16,0,4.966027589148325e-12,0.021734848532193762,1.9460043936777691,0ca25680c3d930da200320f79670420f7443bc960e9a22cfe2b4ec3699a737be
cancellation_shared_vs_action_dependent,17,static_shared,0.0,1.0,5000,0.0006086358609793661,0.006086358609793661,0.012344243275502449,30.431793048968306,0.006086358609793661,0.022222222222222223,0.5,0.0,0.012344243275502449,5000,0.0,0.0,0.0,0.0,0,2.220446049250313e-16,1.0,1.0,0ca25680c3d930da200320f79670420f7443bc960e9a22cfe2b4ec3699a737be
cancellation_shared_vs_action_dependent,17,static_shared,0.05,1.0,5000,0.05,0.00608635860979366,0.012344243275502445,30.431793048968302,0.00608635860979366,0.022222222222222223,0.5,0.0,0.012344243275502442,5000,1.3877787807814457e-17,0.0,0.0,1.1102230246251565e-16,0,1.2404521854136874e-12,1.0,1.0,0ca25680c3d930da200320f79670420f7443bc960e9a22cfe2b4ec3699a737be
cancellation_shared_vs_action_dependent,17,static_shared,0.1,1.0,5000,0.1,0.00608635860979366,0.012344243275502445,30.431793048968302,0.00608635860979366,0.022222222222222223,0.5,0.0,0.012344243275502449,5000,2.7755575615628914e-17,0.0,0.0,1.1102230246251565e-16,0,2.1314061626753755e-12,1.0,1.0,0ca25680c3d930da200320f79670420f7443bc960e9a22cfe2b4ec3699a737be
cancellation_shared_vs_action_dependent,17,static_shared,0.2,1.0,5000,0.2,0.00608635860979366,0.012344243275502431,30.431793048968302,0.00608635860979366,0.022222222222222223,0.5,0.0,0.01234424327550242,5000,5.377642775528102e-17,0.0,0.0,1.1102230246251565e-16,0,7.510658761589184e-12,1.0,1.0,0ca25680c3d930da200320f79670420f7443bc960e9a22cfe2b4ec3699a737be
cancellation_shared_vs_action_dependent,17,state_varying_shared,0.0,1.0,5000,0.0006086358609793661,0.006086358609793661,0.012344243275502449,30.431793048968306,0.006086358609793661,0.022222222222222223,0.5,0.0,0.012344243275502449,5000,0.0,0.0,0.0,0.0,0,2.220446049250313e-16,0.021734848532193762,1.9460043936777691,0ca25680c3d930da200320f79670420f7443bc960e9a22cfe2b4ec3699a737be
cancellation_shared_vs_action_dependent,17,state_varying_shared,0.05,1.0,5000,0.05353743864198893,0.00608635860979366,0.012344243275502438,30.431793048968302,0.00608635860979366,0.022222222222222223,0.5,0.0,0.012344243275502435,5000,4.163336342344337e-17,0.0,0.0,1.1102230246251565e-16,0,1.9764190284377037e-12,0.021734848532193762,1.9460043936777691,0ca25680c3d930da200320f79670420f7443bc960e9a22cfe2b4ec3699a737be
cancellation_shared_vs_action_dependent,17,state_varying_shared,0.1,1.0,5000,0.10706968878497239,0.00608635860979366,0.012344243275502445,30.431793048968302,0.00608635860979366,0.022222222222222223,0.5,0.0,0.012344243275502449,5000,5.377642775528102e-17,0.0,0.0,1.1102230246251565e-16,0,2.6543212072738243e-12,0.021734848532193762,1.9460043936777691,0ca25680c3d930da200320f79670420f7443bc960e9a22cfe2b4ec3699a737be
cancellation_shared_vs_action_dependent,17,state_varying_shared,0.2,1.0,5000,0.21413794639353473,0.00608635860979366,0.012344243275502431,30.431793048968302,0.00608635860979366,0.022222222222222223,0.5,0.0,0.01234424327550242,5000,1.0842021724855044e-16,0.0,0.0,2.220446049250313e-16,0,1.0101253167249524e-11,0.021734848532193762,1.9460043936777691,0ca25680c3d930da200320f79670420f7443bc960e9a22cfe2b4ec3699a737be
cancellation_shared_vs_action_dependent,17,static_shared,0.0,1.01,5000,0.0006147222195891597,0.006147222195891598,0.012467685708257473,30.73611097945799,0.006147222195891598,0.022222222222222223,1.0,1.0,0.012344243275502449,5000,0.0,0.0,0.0,0.0,0,5.928590951498336e-14,1.0,1.0,0ca25680c3d930da200320f79670420f7443bc960e9a22cfe2b4ec3699a737be
cancellation_shared_vs_action_dependent,17,static_shared,0.05,1.01,5000,0.05,0.006147222195891598,0.012467685708257473,30.73611097945799,0.006147222195891598,0.022222222222222223,1.0,1.0,0.012344243275502449,5000,1.3877787807814457e-17,0.0,0.0,1.1102230246251565e-16,0,1.5218937221561646e-12,1.0,1.0,0ca25680c3d930da200320f79670420f7443bc960e9a22cfe2b4ec3699a737be
cancellation_shared_vs_action_dependent,17,static_shared,0.1,1.01,5000,0.1,0.006147222195891597,0.012467685708257459,30.736110979457987,0.006147222195891597,0.022222222222222223,1.0,1.0,0.012344243275502449,5000,2.7755575615628914e-17,0.0,0.0,1.1102230246251565e-16,0,2.694511280765255e-12,1.0,1.0,0ca25680c3d930da200320f79670420f7443bc960e9a22cfe2b4ec3699a737be
cancellation_shared_vs_action_dependent,17,static_shared,0.2,1.01,5000,0.2,0.006147222195891598,0.012467685708257459,30.73611097945799,0.006147222195891598,0.022222222222222223,1.0,1.0,0.012344243275502449,5000,5.4643789493269423e-17,0.0,0.0,1.1102230246251565e-16,0,5.738298725077584e-12,1.0,1.0,0ca25680c3d930da200320f79670420f7443bc960e9a22cfe2b4ec3699a737be
cancellation_shared_vs_action_dependent,17,state_varying_shared,0.0,1.01,5000,0.0006147222195891597,0.006147222195891598,0.012467685708257473,30.73611097945799,0.006147222195891598,0.022222222222222223,1.0,1.0,0.012344243275502449,5000,0.0,0.0,0.0,0.0,0,5.928590951498336e-14,0.021734848532193762,1.9460043936777691,0ca25680c3d930da200320f79670420f7443bc960e9a22cfe2b4ec3699a737be
cancellation_shared_vs_action_dependent,17,state_varying_shared,0.05,1.01,5000,0.053537509182366994,0.006147222195891597,0.012467685708257466,30.736110979457987,0.006147222195891597,0.022222222222222223,1.0,1.0,0.012344243275502449,5000,3.9898639947466563e-17,0.0,0.0,1.1102230246251565e-16,0,1.3662404541037176e-12,0.021734848532193762,1.9460043936777691,0ca25680c3d930da200320f79670420f7443bc960e9a22cfe2b4ec3699a737be
cancellation_shared_vs_action_dependent,17,state_varying_shared,0.1,1.01,5000,0.10706971543966214,0.006147222195891598,0.012467685708257459,30.73611097945799,0.006147222195891598,0.022222222222222223,1.0,1.0,0.012344243275502449,5000,5.4643789493269423e-17,0.0,0.0,2.220446049250313e-16,0,4.0039083160081645e-12,0.021734848532193762,1.9460043936777691,0ca25680c3d930da200320f79670420f7443bc960e9a22cfe2b4ec3699a737be
cancellation_shared_vs_action_dependent,17,state_varying_shared,0.2,1.01,5000,0.2141379483796739,0.006147222195891598,0.012467685708257459,30.73611097945799,0.006147222195891598,0.022222222222222223,1.0,1.0,0.012344243275502449,5000,1.0148132334464322e-16,0.0,0.0,2.220446049250313e-16,0,4.966027589148325e-12,0.021734848532193762,1.9460043936777691,0ca25680c3d930da200320f79670420f7443bc960e9a22cfe2b4ec3699a737be
cancellation_shared_vs_action_dependent,17,static_shared,0.0,1.5,5000,0.000912953791469049,0.00912953791469049,0.018516364913253675,45.64768957345245,0.00912953791469049,0.022222222222222223,1.0,1.0,0.012344243275502449,5000,0.0,0.0,0.0,0.0,0,8.859579736508749e-14,1.0,1.0,0ca25680c3d930da200320f79670420f7443bc960e9a22cfe2b4ec3699a737be
cancellation_shared_vs_action_dependent,17,static_shared,0.05,1.5,5000,0.05,0.00912953791469049,0.018516364913253675,45.64768957345245,0.00912953791469049,0.022222222222222223,1.0,1.0,0.012344243275502449,5000,1.3010426069826053e-17,0.0,0.0,1.1102230246251565e-16,0,1.38355993328787e-12,1.0,1.0,0ca25680c3d930da200320f79670420f7443bc960e9a22cfe2b4ec3699a737be
cancellation_shared_vs_action_dependent,17,static_shared,0.1,1.5,5000,0.1,0.00912953791469049,0.01851636491325366,45.64768957345245,0.00912953791469049,0.022222222222222223,1.0,1.0,0.012344243275502449,5000,2.6020852139652106e-17,0.0,0.0,1.1102230246251565e-16,0,2.8328450696335494e-12,1.0,1.0,0ca25680c3d930da200320f79670420f7443bc960e9a22cfe2b4ec3699a737be
cancellation_shared_vs_action_dependent,17,static_shared,0.2,1.5,5000,0.2,0.00912953791469049,0.018516364913253675,45.64768957345245,0.00912953791469049,0.022222222222222223,1.0,1.0,0.012344243275502449,5000,5.377642775528102e-17,0.0,0.0,1.1102230246251565e-16,0,3.810063375908612e-12,1.0,1.0,0ca25680c3d930da200320f79670420f7443bc960e9a22cfe2b4ec3699a737be
cancellation_shared_vs_action_dependent,17,state_varying_shared,0.0,1.5,5000,0.000912953791469049,0.00912953791469049,0.018516364913253675,45.64768957345245,0.00912953791469049,0.022222222222222223,1.0,1.0,0.012344243275502449,5000,0.0,0.0,0.0,0.0,0,8.859579736508749e-14,0.021734848532193762,1.9460043936777691,0ca25680c3d930da200320f79670420f7443bc960e9a22cfe2b4ec3699a737be
cancellation_shared_vs_action_dependent,17,state_varying_shared,0.05,1.5,5000,0.05354111911147583,0.00912953791469049,0.018516364913253668,45.64768957345245,0.00912953791469049,0.022222222222222223,1.0,1.0,0.012344243275502449,5000,2.7755575615628914e-17,0.0,0.0,1.1102230246251565e-16,0,4.1104897263721796e-12,0.021734848532193762,1.9460043936777691,0ca25680c3d930da200320f79670420f7443bc960e9a22cfe2b4ec3699a737be
cancellation_shared_vs_action_dependent,17,state_varying_shared,0.1,1.5,5000,0.10707178196891673,0.00912953791469049,0.01851636491325366,45.64768957345245,0.00912953791469049,0.022222222222222223,1.0,1.0,0.012344243275502449,5000,5.898059818321144e-17,0.0,0.0,2.220446049250313e-16,0,3.810063375908612e-12,0.021734848532193762,1.9460043936777691,0ca25680c3d930da200320f79670420f7443bc960e9a22cfe2b4ec3699a737be
cancellation_shared_vs_action_dependent,17,state_varying_shared,0.2,1.5,5000,0.21413833829424825,0.00912953791469049,0.018516364913253675,45.64768957345245,0.00912953791469049,0.022222222222222223,1.0,1.0,0.012344243275502449,5000,1.1102230246251565e-16,0.0,0.0,2.220446049250313e-16,0,8.068878898370713e-12,0.021734848532193762,1.9460043936777691,0ca25680c3d930da200320f79670420f7443bc960e9a22cfe2b4ec3699a737be
cancellation_shared_vs_action_dependent,18,static_shared,0.0,0.0,5000,0.0,0.0,0.0,0.0,0.0,0.0,0.0,0.0,0.0,0,0.0,0.0,0.0,0.0,0,0.0,1.0,1.0,67bfea69218a9c63f814a9eded0366581ee940bf053b31c9663e32949f13dd2c
cancellation_shared_vs_action_dependent,18,static_shared,0.05,0.0,5000,0.05,4.202471703962374e-17,1.1102230246251565e-16,2.101235851981187e-13,4.202471703962374e-17,0.0,0.0,0.0,1.1102230246251565e-16,0,1.1102230246251565e-16,0.0,0.0,1.1102230246251565e-16,0,8.055852773933921e-12,1.0,1.0,67bfea69218a9c63f814a9eded0366581ee940bf053b31c9663e32949f13dd2c
cancellation_shared_vs_action_dependent,18,static_shared,0.1,0.0,5000,0.1,4.8722137435674997e-17,1.1102230246251565e-16,2.4361068717837497e-13,4.8722137435674997e-17,0.0,0.0,0.0,1.1102230246251565e-16,0,1.1102230246251565e-16,0.0,0.0,1.1102230246251565e-16,0,1.6111705547867842e-11,1.0,1.0,67bfea69218a9c63f814a9eded0366581ee940bf053b31c9663e32949f13dd2c
cancellation_shared_vs_action_dependent,18,static_shared,0.2,0.0,5000,0.2,7.091549569793188e-17,1.1102230246251565e-16,3.5457747848965937e-13,7.091549569793188e-17,0.0,0.0,0.0,1.1102230246251565e-16,0,1.1102230246251565e-16,0.0,0.0,1.1102230246251565e-16,0,1.6111705547867842e-11,1.0,1.0,67bfea69218a9c63f814a9eded0366581ee940bf053b31c9663e32949f13dd2c
cancellation_shared_vs_action_dependent,18,state_varying_shared,0.0,0.0,5000,0.0,0.0,0.0,0.0,0.0,0.0,0.0,0.0,0.0,0,0.0,0.0,0.0,0.0,0,0.0,0.036891620836909444,1.9938102373278963,67bfea69218a9c63f814a9eded0366581ee940bf053b31c9663e32949f13dd2c
cancellation_shared_vs_action_dependent,18,state_varying_shared,0.05,0.0,5000,0.05177777455180796,3.715968505124678e-17,1.6653345369377348e-16,1.857984252562339e-13,3.715968505124678e-17,0.0,0.0,0.0,1.1102230246251565e-16,0,1.6653345369377348e-16,0.0,0.0,1.1102230246251565e-16,0,8.055852773933921e-12,0.036891620836909444,1.9938102373278963,67bfea69218a9c63f814a9eded0366581ee940bf053b31c9663e32949f13dd2c
cancellation_shared_vs_action_dependent,18,state_varying_shared,0.1,0.0,5000,0.1035555491036159,4.4831673096101807e-17,1.6653345369377348e-16,2.2415836548050905e-13,4.4831673096101807e-17,0.0,0.0,0.0,2.220446049250313e-16,0,1.6653345369377348e-16,0.0,0.0,2.220446049250313e-16,0,1.4854658940084704e-11,0.036891620836909444,1.9938102373278963,67bfea69218a9c63f814a9eded0366581ee940bf053b31c9663e32949f13dd2c
cancellation_shared_vs_action_dependent,18,state_varying_shared,0.2,0.0,5000,0.20711109820723184,6.153827447619165e-17,2.220446049250313e-16,3.0769137238095823e-13,6.153827447619165e-17,0.0,0.0,0.0,2.220446049250313e-16,0,2.220446049250313e-16,0.0,0.0,2.220446049250313e-16,0,1.6111705547867842e-11,0.036891620836909444,1.9938102373278963,67bfea69218a9c63f814a9eded0366581ee940bf053b31c9663e32949f13dd2c
cancellation_shared_vs_action_dependent,18,static_shared,0.0,0.5,5000,0.00030800186242865645,0.0030800186242865646,0.006165710709700817,15.400093121432823,0.0030800186242865646,0.0,0.0,0.0,0.006165710709700815,0,0.0,0.0,0.0,0.0,0,6.294964549624638e-14,1.0,1.0,67bfea69218a9c63f814a9eded0366581ee940bf053b31c9663e32949f13dd2c
cancellation_shared_vs_action_dependent,18,static_shared,0.05,0.5,5000,0.05,0.0030800186242865646,0.006165710709700817,15.400093121432823,0.0030800186242865646,0.0,0.0,0.0,0.006165710709700815,0,1.734723475976807e-17,0.0,0.0,1.1102230246251565e-16,0,1.6148193893172902e-12,1.0,1.0,67bfea69218a9c63f814a9eded0366581ee940bf053b31c9663e32949f13dd2c
cancellation_shared_vs_action_dependent,18,static_shared,0.1,0.5,5000,0.1,0.003080018624286564,0.006165710709700817,15.400093121432821,0.003080018624286564,0.0,0.0,0.0,0.006165710709700815,0,2.7755575615628914e-17,0.0,0.0,1.1102230246251565e-16,0,3.587352637168806e-12,1.0,1.0,67bfea69218a9c63f814a9eded0366581ee940bf053b31c9663e32949f13dd2c
cancellation_shared_vs_action_dependent,18,static_shared,0.2,0.5,5000,0.2,0.003080018624286564,0.006165710709700789,15.400093121432821,0.003080018624286564,0.0,0.0,0.0,0.006165710709700787,0,5.551115123125783e-17,0.0,0.0,1.1102230246251565e-16,0,4.844513679103102e-12,1.0,1.0,67bfea69218a9c63f814a9eded0366581ee940bf053b31c9663e32949f13dd2c
cancellation_shared_vs_action_dependent,18,state_varying_shared,0.0,0.5,5000,0.00030800186242865645,0.0030800186242865646,0.006165710709700817,15.400093121432823,0.0030800186242865646,0.0,0.0,0.0,0.006165710709700815,0,0.0,0.0,0.0,0.0,0,6.294964549624638e-14,0.036891620836909444,1.9938102373278963,67bfea69218a9c63f814a9eded0366581ee940bf053b31c9663e32949f13dd2c
cancellation_shared_vs_action_dependent,18,state_varying_shared,0.05,0.5,5000,0.05177779145881797,0.0030800186242865646,0.006165710709700817,15.400093121432823,0.0030800186242865646,0.0,0.0,0.0,0.006165710709700815,0,2.7755575615628914e-17,0.0,0.0,2.220446049250313e-16,0,1.6148193893172902e-12,0.036891620836909444,1.9938102373278963,67bfea69218a9c63f814a9eded0366581ee940bf053b31c9663e32949f13dd2c
cancellation_shared_vs_action_dependent,18,state_varying_shared,0.1,0.5,5000,0.10355554910361592,0.003080018624286564,0.006165710709700789,15.400093121432821,0.003080018624286564,0.0,0.0,0.0,0.006165710709700787,0,5.377642775528102e-17,0.0,0.0,2.220446049250313e-16,0,4.468481140662561e-12,0.036891620836909444,1.9938102373278963,67bfea69218a9c63f814a9eded0366581ee940bf053b31c9663e32949f13dd2c
cancellation_shared_vs_action_dependent,18,state_varying_shared,0.2,0.5,5000,0.20711109820723184,0.003080018624286565,0.0061657107097008446,15.400093121432825,0.003080018624286565,0.0,0.0,0.0,0.006165710709700843,0,1.0755285551056204e-16,0.0,0.0,2.220446049250313e-16,0,4.844513679103102e-12,0.036891620836909444,1.9938102373278963,67bfea69218a9c63f814a9eded0366581ee940bf053b31c9663e32949f13dd2c
cancellation_shared_vs_action_dependent,18,static_shared,0.0,0.99,5000,0.0006098436876087398,0.0060984368760873976,0.012208107205207616,30.49218438043699,0.0060984368760873976,0.0,0.0,0.0,0.012208107205207614,0,0.0,0.0,0.0,0.0,0,6.461498003318411e-14,1.0,1.0,67bfea69218a9c63f814a9eded0366581ee940bf053b31c9663e32949f13dd2c
cancellation_shared_vs_action_dependent,18,static_shared,0.05,0.99,5000,0.05,0.0060984368760873976,0.01220810720520761,30.49218438043699,0.0060984368760873976,0.0,0.0,0.0,0.012208107205207609,0,1.9081958235744878e-17,0.0,0.0,1.1102230246251565e-16,0,7.917000388601991e-13,1.0,1.0,67bfea69218a9c63f814a9eded0366581ee940bf053b31c9663e32949f13dd2c
cancellation_shared_vs_action_dependent,18,static_shared,0.1,0.99,5000,0.1,0.0060984368760873976,0.012208107205207624,30.49218438043699,0.0060984368760873976,0.0,0.0,0.0,0.012208107205207623,0,2.7321894746634712e-17,0.0,0.0,1.1102230246251565e-16,0,1.1883827255587676e-12,1.0,1.0,67bfea69218a9c63f814a9eded0366581ee940bf053b31c9663e32949f13dd2c
cancellation_shared_vs_action_dependent,18,static_shared,0.2,0.99,5000,0.2,0.0060984368760873976,0.012208107205207597,30.49218438043699,0.0060984368760873976,0.0,0.0,0.0,0.012208107205207595,0,5.377642775528102e-17,0.0,0.0,1.1102230246251565e-16,0,7.264078227819937e-12,1.0,1.0,67bfea69218a9c63f814a9eded0366581ee940bf053b31c9663e32949f13dd2c
cancellation_shared_vs_action_dependent,18,state_varying_shared,0.0,0.99,5000,0.0006098436876087398,0.0060984368760873976,0.012208107205207616,30.49218438043699,0.0060984368760873976,0.0,0.0,0.0,0.012208107205207614,0,0.0,0.0,0.0,0.0,0,6.461498003318411e-14,0.036891620836909444,1.9938102373278963,67bfea69218a9c63f814a9eded0366581ee940bf053b31c9663e32949f13dd2c
cancellation_shared_vs_action_dependent,18,state_varying_shared,0.05,0.99,5000,0.051778244189045274,0.0060984368760873976,0.012208107205207624,30.49218438043699,0.0060984368760873976,0.0,0.0,0.0,0.012208107205207623,0,2.7755575615628914e-17,0.0,0.0,1.1102230246251565e-16,0,4.8197001945027296e-12,0.036891620836909444,1.9938102373278963,67bfea69218a9c63f814a9eded0366581ee940bf053b31c9663e32949f13dd2c
cancellation_shared_vs_action_dependent,18,state_varying_shared,0.1,0.99,5000,0.10355557962226841,0.0060984368760873976,0.012208107205207597,30.49218438043699,0.0060984368760873976,0.0,0.0,0.0,0.012208107205207595,0,5.377642775528102e-17,0.0,0.0,2.220446049250313e-16,0,7.264078227819937e-12,0.036891620836909444,1.9938102373278963,67bfea69218a9c63f814a9eded0366581ee940bf053b31c9663e32949f13dd2c
cancellation_shared_vs_action_dependent,18,state_varying_shared,0.2,0.99,5000,0.20711109820723184,0.006098436876087398,0.012208107205207597,30.492184380436992,0.006098436876087398,0.0,0.0,0.0,0.012208107205207595,0,1.0972125985553305e-16,0.0,0.0,2.220446049250313e-16,0,7.264078227819937e-12,0.036891620836909444,1.9938102373278963,67bfea69218a9c63f814a9eded0366581ee940bf053b31c9663e32949f13dd2c
cancellation_shared_vs_action_dependent,18,static_shared,0.0,1.0,5000,0.0006160037248573129,0.006160037248573129,0.012331421419401632,30.800186242865646,0.006160037248573129,0.022222222222222223,0.5,0.0,0.01233142141940163,5000,0.0,0.0,0.0,0.0,0,2.220446049250313e-16,1.0,1.0,67bfea69218a9c63f814a9eded0366581ee940bf053b31c9663e32949f13dd2c
cancellation_shared_vs_action_dependent,18,static_shared,0.05,1.0,5000,0.05,0.006160037248573129,0.012331421419401634,30.800186242865646,0.006160037248573129,0.022222222222222223,0.5,0.0,0.012331421419401632,5000,1.3444106938820255e-17,0.0,0.0,1.1102230246251565e-16,0,8.810729923425242e-13,1.0,1.0,67bfea69218a9c63f814a9eded0366581ee940bf053b31c9663e32949f13dd2c
cancellation_shared_vs_action_dependent,18,static_shared,0.1,1.0,5000,0.1,0.006160037248573129,0.012331421419401634,30.800186242865646,0.006160037248573129,0.022222222222222223,0.5,0.0,0.012331421419401632,5000,2.688821387764051e-17,0.0,0.0,1.1102230246251565e-16,0,1.6902035326893383e-12,1.0,1.0,67bfea69218a9c63f814a9eded0366581ee940bf053b31c9663e32949f13dd2c
cancellation_shared_vs_action_dependent,18,static_shared,0.2,1.0,5000,0.2,0.006160037248573129,0.012331421419401634,30.800186242865646,0.006160037248573129,0.022222222222222223,0.5,0.0,0.012331421419401632,5000,5.4643789493269423e-17,0.0,0.0,1.1102230246251565e-16,0,7.174705274337612e-12,1.0,1.0,67bfea69218a9c63f814a9eded0366581ee940bf053b31c9663e32949f13dd2c
cancellation_shared_vs_action_dependent,18,state_varying_shared,0.0,1.0,5000,0.0006160037248573129,0.006160037248573129,0.012331421419401632,30.800186242865646,0.006160037248573129,0.022222222222222223,0.5,0.0,0.01233142141940163,5000,0.0,0.0,0.0,0.0,0,2.220446049250313e-16,0.036891620836909444,1.9938102373278963,67bfea69218a9c63f814a9eded0366581ee940bf053b31c9663e32949f13dd2c
cancellation_shared_vs_action_dependent,18,state_varying_shared,0.05,1.0,5000,0.0517782584316879,0.006160037248573129,0.012331421419401634,30.800186242865646,0.006160037248573129,0.022222222222222223,0.5,0.0,0.012331421419401632,5000,2.6020852139652106e-17,0.0,0.0,1.1102230246251565e-16,0,4.909073147985055e-12,0.036891620836909444,1.9938102373278963,67bfea69218a9c63f814a9eded0366581ee940bf053b31c9663e32949f13dd2c
cancellation_shared_vs_action_dependent,18,state_varying_shared,0.1,1.0,5000,0.10355558291763595,0.006160037248573129,0.012331421419401634,30.800186242865646,0.006160037248573129,0.022222222222222223,0.5,0.0,0.012331421419401632,5000,5.4643789493269423e-17,0.0,0.0,2.220446049250313e-16,0,7.174705274337612e-12,0.036891620836909444,1.9938102373278963,67bfea69218a9c63f814a9eded0366581ee940bf053b31c9663e32949f13dd2c
cancellation_shared_vs_action_dependent,18,state_varying_shared,0.2,1.0,5000,0.20711109820723184,0.006160037248573128,0.012331421419401578,30.800186242865642,0.006160037248573128,0.022222222222222223,0.5,0.0,0.012331421419401576,5000,1.0668549377257364e-16,0.0,0.0,2.220446049250313e-16,0,7.174705274337612e-12,0.036891620836909444,1.9938102373278963,67bfea69218a9c63f814a9eded0366581ee940bf053b31c9663e32949f13dd2c
cancellation_shared_vs_action_dependent,18,static_shared,0.0,1.01,5000,0.0006221637621058861,0.006221637621058861,0.012454735633595648,31.108188105294303,0.006221637621058861,0.022222222222222223,1.0,1.0,0.012331421419401632,5000,0.0,0.0,0.0,0.0,0,6.461498003318411e-14,1.0,1.0,67bfea69218a9c63f814a9eded0366581ee940bf053b31c9663e32949f13dd2c
cancellation_shared_vs_action_dependent,18,static_shared,0.05,1.01,5000,0.05,0.006221637621058861,0.012454735633595643,31.108188105294303,0.006221637621058861,0.022222222222222223,1.0,1.0,0.012331421419401632,5000,1.3877787807814457e-17,0.0,0.0,1.1102230246251565e-16,0,9.705569681273118e-13,1.0,1.0,67bfea69218a9c63f814a9eded0366581ee940bf053b31c9663e32949f13dd2c
cancellation_shared_vs_action_dependent,18,static_shared,0.1,1.01,5000,0.1,0.006221637621058861,0.012454735633595643,31.108188105294303,0.006221637621058861,0.022222222222222223,1.0,1.0,0.012331421419401632,5000,2.688821387764051e-17,0.0,0.0,1.1102230246251565e-16,0,1.1883827255587676e-12,1.0,1.0,67bfea69218a9c63f814a9eded0366581ee940bf053b31c9663e32949f13dd2c
cancellation_shared_vs_action_dependent,18,static_shared,0.2,1.01,5000,0.2,0.006221637621058861,0.01245473563359567,31.108188105294303,0.006221637621058861,0.022222222222222223,1.0,1.0,0.012331421419401632,5000,5.551115123125783e-17,0.0,0.0,1.1102230246251565e-16,0,7.085443343157749e-12,1.0,1.0,67bfea69218a9c63f814a9eded0366581ee940bf053b31c9663e32949f13dd2c
cancellation_shared_vs_action_dependent,18,state_varying_shared,0.0,1.01,5000,0.0006221637621058861,0.006221637621058861,0.012454735633595648,31.108188105294303,0.006221637621058861,0.022222222222222223,1.0,1.0,0.012331421419401632,5000,0.0,0.0,0.0,0.0,0,6.461498003318411e-14,0.036891620836909444,1.9938102373278963,67bfea69218a9c63f814a9eded0366581ee940bf053b31c9663e32949f13dd2c
cancellation_shared_vs_action_dependent,18,state_varying_shared,0.05,1.01,5000,0.05177827267433055,0.006221637621058861,0.012454735633595643,31.108188105294303,0.006221637621058861,0.022222222222222223,1.0,1.0,0.012331421419401632,5000,2.7755575615628914e-17,0.0,0.0,1.1102230246251565e-16,0,4.99844610146738e-12,0.036891620836909444,1.9938102373278963,67bfea69218a9c63f814a9eded0366581ee940bf053b31c9663e32949f13dd2c
cancellation_shared_vs_action_dependent,18,state_varying_shared,0.1,1.01,5000,0.10355558621300348,0.006221637621058861,0.01245473563359567,31.108188105294303,0.006221637621058861,0.022222222222222223,1.0,1.0,0.012331421419401632,5000,5.4643789493269423e-17,0.0,0.0,2.220446049250313e-16,0,7.085443343157749e-12,0.036891620836909444,1.9938102373278963,67bfea69218a9c63f814a9eded0366581ee940bf053b31c9663e32949f13dd2c
cancellation_shared_vs_action_dependent,18,state_varying_shared,0.2,1.01,5000,0.20711109820723184,0.006221637621058861,0.01245473563359567,31.108188105294303,0.006221637621058861,0.022222222222222223,1.0,1.0,0.012331421419401632,5000,1.0495077029659683e-16,0.0,0.0,2.220446049250313e-16,0,7.085443343157749e-12,0.036891620836909444,1.9938102373278963,67bfea69218a9c63f814a9eded0366581ee940bf053b31c9663e32949f13dd2c
cancellation_shared_vs_action_dependent,18,static_shared,0.0,1.5,5000,0.0009240055872859693,0.009240055872859693,0.018497132129102447,46.20027936429847,0.009240055872859693,0.022222222222222223,1.0,1.0,0.012331421419401632,5000,0.0,0.0,0.0,0.0,0,6.283862319378386e-14,1.0,1.0,67bfea69218a9c63f814a9eded0366581ee940bf053b31c9663e32949f13dd2c
cancellation_shared_vs_action_dependent,18,static_shared,0.05,1.5,5000,0.05,0.009240055872859693,0.01849713212910245,46.20027936429847,0.009240055872859693,0.022222222222222223,1.0,1.0,0.012331421419401632,5000,1.734723475976807e-17,0.0,0.0,1.1102230246251565e-16,0,1.6149304116197527e-12,1.0,1.0,67bfea69218a9c63f814a9eded0366581ee940bf053b31c9663e32949f13dd2c
cancellation_shared_vs_action_dependent,18,static_shared,0.1,1.5,5000,0.1,0.009240055872859693,0.01849713212910245,46.20027936429847,0.009240055872859693,0.022222222222222223,1.0,1.0,0.012331421419401632,5000,3.469446951953614e-17,0.0,0.0,1.1102230246251565e-16,0,2.7062796448262816e-12,1.0,1.0,67bfea69218a9c63f814a9eded0366581ee940bf053b31c9663e32949f13dd2c
cancellation_shared_vs_action_dependent,18,static_shared,0.2,1.5,5000,0.2,0.009240055872859693,0.018497132129102423,46.20027936429847,0.009240055872859693,0.022222222222222223,1.0,1.0,0.012331421419401632,5000,5.551115123125783e-17,0.0,0.0,1.1102230246251565e-16,0,2.7062796448262816e-12,1.0,1.0,67bfea69218a9c63f814a9eded0366581ee940bf053b31c9663e32949f13dd2c
cancellation_shared_vs_action_dependent,18,state_varying_shared,0.0,1.5,5000,0.0009240055872859693,0.009240055872859693,0.018497132129102447,46.20027936429847,0.009240055872859693,0.022222222222222223,1.0,1.0,0.012331421419401632,5000,0.0,0.0,0.0,0.0,0,6.283862319378386e-14,0.036891620836909444,1.9938102373278963,67bfea69218a9c63f814a9eded0366581ee940bf053b31c9663e32949f13dd2c
cancellation_shared_vs_action_dependent,18,state_varying_shared,0.05,1.5,5000,0.05177917616259114,0.009240055872859693,0.01849713212910245,46.20027936429847,0.009240055872859693,0.022222222222222223,1.0,1.0,0.012331421419401632,5000,3.469446951953614e-17,0.0,0.0,2.220446049250313e-16,0,1.6149304116197527e-12,0.036891620836909444,1.9938102373278963,67bfea69218a9c63f814a9eded0366581ee940bf053b31c9663e32949f13dd2c
cancellation_shared_vs_action_dependent,18,state_varying_shared,0.1,1.5,5000,0.10355590611555829,0.009240055872859693,0.018497132129102423,46.20027936429847,0.009240055872859693,0.022222222222222223,1.0,1.0,0.012331421419401632,5000,5.551115123125783e-17,0.0,0.0,2.220446049250313e-16,0,2.9629632081196178e-12,0.036891620836909444,1.9938102373278963,67bfea69218a9c63f814a9eded0366581ee940bf053b31c9663e32949f13dd2c
cancellation_shared_vs_action_dependent,18,state_varying_shared,0.2,1.5,5000,0.20711109820723184,0.009240055872859696,0.018497132129102423,46.20027936429848,0.009240055872859696,0.022222222222222223,1.0,1.0,0.012331421419401632,5000,1.1015494072452725e-16,0.0,0.0,2.220446049250313e-16,0,2.9687363678476686e-12,0.036891620836909444,1.9938102373278963,67bfea69218a9c63f814a9eded0366581ee940bf053b31c9663e32949f13dd2c
cancellation_shared_vs_action_dependent,19,static_shared,0.0,0.0,5000,0.0,0.0,0.0,0.0,0.0,0.0,0.0,0.0,0.0,0,0.0,0.0,0.0,0.0,0,0.0,1.0,1.0,e57be6bd0c06ea894d638322f9fc7101a5da7437490d4def64b956f32b8b28ac
cancellation_shared_vs_action_dependent,19,static_shared,0.05,0.0,5000,0.05,4.333894354502377e-17,1.1102230246251565e-16,2.1669471772511884e-13,4.333894354502377e-17,0.0,0.0,0.0,1.1102230246251565e-16,0,1.1102230246251565e-16,0.0,0.0,1.1102230246251565e-16,0,1.853334002320754e-11,1.0,1.0,e57be6bd0c06ea894d638322f9fc7101a5da7437490d4def64b956f32b8b28ac
cancellation_shared_vs_action_dependent,19,static_shared,0.1,0.0,5000,0.1,4.941047571094259e-17,1.1102230246251565e-16,2.4705237855471296e-13,4.941047571094259e-17,0.0,0.0,0.0,1.1102230246251565e-16,0,1.1102230246251565e-16,0.0,0.0,1.1102230246251565e-16,0,1.853334002320754e-11,1.0,1.0,e57be6bd0c06ea894d638322f9fc7101a5da7437490d4def64b956f32b8b28ac
cancellation_shared_vs_action_dependent,19,static_shared,0.2,0.0,5000,0.2,7.292499937250341e-17,1.1102230246251565e-16,3.6462499686251704e-13,7.292499937250341e-17,0.0,0.0,0.0,1.1102230246251565e-16,0,1.1102230246251565e-16,0.0,0.0,1.1102230246251565e-16,0,3.706668004641508e-11,1.0,1.0,e57be6bd0c06ea894d638322f9fc7101a5da7437490d4def64b956f32b8b28ac
cancellation_shared_vs_action_dependent,19,state_varying_shared,0.0,0.0,5000,0.0,0.0,0.0,0.0,0.0,0.0,0.0,0.0,0.0,0,0.0,0.0,0.0,0.0,0,0.0,0.023165297246246608,1.9632441286330224,e57be6bd0c06ea894d638322f9fc7101a5da7437490d4def64b956f32b8b28ac
cancellation_shared_vs_action_dependent,19,state_varying_shared,0.05,0.0,5000,0.0548979760056866,3.903821710338207e-17,1.6653345369377348e-16,1.9519108551691033e-13,3.903821710338207e-17,0.0,0.0,0.0,1.1102230246251565e-16,0,1.6653345369377348e-16,0.0,0.0,1.1102230246251565e-16,0,1.853334002320754e-11,0.023165297246246608,1.9632441286330224,e57be6bd0c06ea894d638322f9fc7101a5da7437490d4def64b956f32b8b28ac
cancellation_shared_vs_action_dependent,19,state_varying_shared,0.1,0.0,5000,0.1097959520113732,4.694994393261709e-17,1.6653345369377348e-16,2.3474971966308544e-13,4.694994393261709e-17,0.0,0.0,0.0,2.220446049250313e-16,0,1.6653345369377348e-16,0.0,0.0,2.220446049250313e-16,0,9.26667001160377e-12,0.023165297246246608,1.9632441286330224,e57be6bd0c06ea894d638322f9fc7101a5da7437490d4def64b956f32b8b28ac
cancellation_shared_vs_action_dependent,19,state_varying_shared,0.2,0.0,5000,0.2195919040227464,6.523809270575498e-17,2.220446049250313e-16,3.261904635287749e-13,6.523809270575498e-17,0.0,0.0,0.0,2.220446049250313e-16,0,2.220446049250313e-16,0.0,0.0,2.220446049250313e-16,0,1.853334002320754e-11,0.023165297246246608,1.9632441286330224,e57be6bd0c06ea894d638322f9fc7101a5da7437490d4def64b956f32b8b28ac
cancellation_shared_vs_action_dependent,19,static_shared,0.0,0.5,5000,0.0003034465723283434,0.0030344657232834337,0.006170877533188081,15.172328616417168,0.0030344657232834337,0.0,0.0,0.0,0.006170877533188082,0,0.0,0.0,0.0,0.0,0,7.238654120556021e-14,1.0,1.0,e57be6bd0c06ea894d638322f9fc7101a5da7437490d4def64b956f32b8b28ac
cancellation_shared_vs_action_dependent,19,static_shared,0.05,0.5,5000,0.05,0.003034465723283434,0.006170877533188082,15.17232861641717,0.003034465723283434,0.0,0.0,0.0,0.006170877533188086,0,1.3877787807814457e-17,0.0,0.0,1.1102230246251565e-16,0,1.0859091403858656e-12,1.0,1.0,e57be6bd0c06ea894d638322f9fc7101a5da7437490d4def64b956f32b8b28ac
cancellation_shared_vs_action_dependent,19,static_shared,0.1,0.5,5000,0.1,0.0030344657232834345,0.006170877533188068,15.172328616417172,0.0030344657232834345,0.0,0.0,0.0,0.006170877533188079,0,2.7755575615628914e-17,0.0,0.0,1.1102230246251565e-16,0,1.0859091403858656e-12,1.0,1.0,e57be6bd0c06ea894d638322f9fc7101a5da7437490d4def64b956f32b8b28ac
cancellation_shared_vs_action_dependent,19,static_shared,0.2,0.5,5000,0.2,0.003034465723283433,0.006170877533188068,15.172328616417165,0.003034465723283433,0.0,0.0,0.0,0.006170877533188065,0,5.551115123125783e-17,0.0,0.0,1.1102230246251565e-16,0,3.0638269699068132e-12,1.0,1.0,e57be6bd0c06ea894d638322f9fc7101a5da7437490d4def64b956f32b8b28ac
cancellation_shared_vs_action_dependent,19,state_varying_shared,0.0,0.5,5000,0.0003034465723283434,0.0030344657232834337,0.006170877533188081,15.172328616417168,0.0030344657232834337,0.0,0.0,0.0,0.006170877533188082,0,0.0,0.0,0.0,0.0,0,7.238654120556021e-14,0.023165297246246608,1.9632441286330224,e57be6bd0c06ea894d638322f9fc7101a5da7437490d4def64b956f32b8b28ac
cancellation_shared_vs_action_dependent,19,state_varying_shared,0.05,0.5,5000,0.05489835414980791,0.003034465723283434,0.006170877533188082,15.17232861641717,0.003034465723283434,0.0,0.0,0.0,0.006170877533188086,0,3.469446951953614e-17,0.0,0.0,1.1102230246251565e-16,0,1.121103210266483e-12,0.023165297246246608,1.9632441286330224,e57be6bd0c06ea894d638322f9fc7101a5da7437490d4def64b956f32b8b28ac
cancellation_shared_vs_action_dependent,19,state_varying_shared,0.1,0.5,5000,0.10979596081141264,0.0030344657232834337,0.006170877533188068,15.172328616417168,0.0030344657232834337,0.0,0.0,0.0,0.006170877533188079,0,6.938893903907228e-17,0.0,0.0,2.220446049250313e-16,0,1.949995720451625e-12,0.023165297246246608,1.9632441286330224,e57be6bd0c06ea894d638322f9fc7101a5da7437490d4def64b956f32b8b28ac
cancellation_shared_vs_action_dependent,19,state_varying_shared,0.2,0.5,5000,0.2195919040227464,0.0030344657232834345,0.006170877533188068,15.172328616417172,0.0030344657232834345,0.0,0.0,0.0,0.006170877533188065,0,1.0885389811754465e-16,0.0,0.0,2.220446049250313e-16,0,2.3951951533263127e-12,0.023165297246246608,1.9632441286330224,e57be6bd0c06ea894d638322f9fc7101a5da7437490d4def64b956f32b8b28ac
cancellation_shared_vs_action_dependent,19,static_shared,0.0,0.99,5000,0.0006008242132101199,0.006008242132101199,0.012218337515712399,30.041210660505996,0.006008242132101199,0.0,0.0,0.0,0.012218337515712399,0,0.0,0.0,0.0,0.0,0,7.671641100159832e-14,1.0,1.0,e57be6bd0c06ea894d638322f9fc7101a5da7437490d4def64b956f32b8b28ac
cancellation_shared_vs_action_dependent,19,static_shared,0.05,0.99,5000,0.05,0.006008242132101199,0.012218337515712399,30.041210660505996,0.006008242132101199,0.0,0.0,0.0,0.012218337515712403,0,1.9081958235744878e-17,0.0,0.0,1.1102230246251565e-16,0,1.3711254354120683e-12,1.0,1.0,e57be6bd0c06ea894d638322f9fc7101a5da7437490d4def64b956f32b8b28ac
cancellation_shared_vs_action_dependent,19,static_shared,0.1,0.99,5000,0.1,0.006008242132101199,0.012218337515712399,30.041210660505996,0.006008242132101199,0.0,0.0,0.0,0.01221833751571241,0,2.7755575615628914e-17,0.0,0.0,1.1102230246251565e-16,0,3.2621683132560975e-12,1.0,1.0,e57be6bd0c06ea894d638322f9fc7101a5da7437490d4def64b956f32b8b28ac
cancellation_shared_vs_action_dependent,19,static_shared,0.2,0.99,5000,0.2,0.0060082421321012,0.012218337515712385,30.041210660506,0.0060082421321012,0.0,0.0,0.0,0.012218337515712382,0,5.377642775528102e-17,0.0,0.0,1.1102230246251565e-16,0,6.004530206382697e-12,1.0,1.0,e57be6bd0c06ea894d638322f9fc7101a5da7437490d4def64b956f32b8b28ac
cancellation_shared_vs_action_dependent,19,state_varying_shared,0.0,0.99,5000,0.0006008242132101199,0.006008242132101199,0.012218337515712399,30.041210660505996,0.006008242132101199,0.0,0.0,0.0,0.012218337515712399,0,0.0,0.0,0.0,0.0,0,7.671641100159832e-14,0.023165297246246608,1.9632441286330224,e57be6bd0c06ea894d638322f9fc7101a5da7437490d4def64b956f32b8b28ac
cancellation_shared_vs_action_dependent,19,state_varying_shared,0.05,0.99,5000,0.0549001157162107,0.006008242132101199,0.012218337515712406,30.041210660505996,0.006008242132101199,0.0,0.0,0.0,0.01221833751571241,0,3.729655473350135e-17,0.0,0.0,2.220446049250313e-16,0,1.007194327939942e-12,0.023165297246246608,1.9632441286330224,e57be6bd0c06ea894d638322f9fc7101a5da7437490d4def64b956f32b8b28ac
cancellation_shared_vs_action_dependent,19,state_varying_shared,0.1,0.99,5000,0.10979668496366576,0.006008242132101199,0.012218337515712399,30.041210660505996,0.006008242132101199,0.0,0.0,0.0,0.01221833751571241,0,5.811323644522304e-17,0.0,0.0,2.220446049250313e-16,0,1.2577716645978398e-12,0.023165297246246608,1.9632441286330224,e57be6bd0c06ea894d638322f9fc7101a5da7437490d4def64b956f32b8b28ac
cancellation_shared_vs_action_dependent,19,state_varying_shared,0.2,0.99,5000,0.21959191771982994,0.006008242132101199,0.012218337515712385,30.041210660505996,0.006008242132101199,0.0,0.0,0.0,0.012218337515712382,0,1.0408340855860843e-16,0.0,0.0,2.220446049250313e-16,0,2.44759768008862e-12,0.023165297246246608,1.9632441286330224,e57be6bd0c06ea894d638322f9fc7101a5da7437490d4def64b956f32b8b28ac
cancellation_shared_vs_action_dependent,19,static_shared,0.0,1.0,5000,0.0006068931446566868,0.006068931446566869,0.012341755066376161,30.344657232834344,0.006068931446566869,0.022222222222222223,0.5,0.0,0.012341755066376161,5000,0.0,0.0,0.0,0.0,0,2.220446049250313e-16,1.0,1.0,e57be6bd0c06ea894d638322f9fc7101a5da7437490d4def64b956f32b8b28ac
cancellation_shared_vs_action_dependent,19,static_shared,0.05,1.0,5000,0.05,0.006068931446566868,0.012341755066376164,30.34465723283434,0.006068931446566868,0.022222222222222223,0.5,0.0,0.012341755066376161,5000,1.3877787807814457e-17,0.0,0.0,1.1102230246251565e-16,0,2.1718182807717312e-12,1.0,1.0,e57be6bd0c06ea894d638322f9fc7101a5da7437490d4def64b956f32b8b28ac
cancellation_shared_vs_action_dependent,19,static_shared,0.1,1.0,5000,0.1,0.006068931446566869,0.012341755066376178,30.344657232834344,0.006068931446566869,0.022222222222222223,0.5,0.0,0.012341755066376161,5000,2.7755575615628914e-17,0.0,0.0,1.1102230246251565e-16,0,2.1718182807717312e-12,1.0,1.0,e57be6bd0c06ea894d638322f9fc7101a5da7437490d4def64b956f32b8b28ac
cancellation_shared_vs_action_dependent,19,static_shared,0.2,1.0,5000,0.2,0.006068931446566869,0.012341755066376137,30.344657232834344,0.006068931446566869,0.022222222222222223,0.5,0.0,0.012341755066376133,5000,5.551115123125783e-17,0.0,0.0,1.1102230246251565e-16,0,2.1718182807717312e-12,1.0,1.0,e57be6bd0c06ea894d638322f9fc7101a5da7437490d4def64b956f32b8b28ac
cancellation_shared_vs_action_dependent,19,state_varying_shared,0.0,1.0,5000,0.0006068931446566868,0.006068931446566869,0.012341755066376161,30.344657232834344,0.006068931446566869,0.022222222222222223,0.5,0.0,0.012341755066376161,5000,0.0,0.0,0.0,0.0,0,2.220446049250313e-16,0.023165297246246608,1.9632441286330224,e57be6bd0c06ea894d638322f9fc7101a5da7437490d4def64b956f32b8b28ac
cancellation_shared_vs_action_dependent,19,state_varying_shared,0.05,1.0,5000,0.05490016339191785,0.006068931446566869,0.012341755066376171,30.344657232834344,0.006068931446566869,0.022222222222222223,0.5,0.0,0.012341755066376161,5000,4.163336342344337e-17,0.0,0.0,2.220446049250313e-16,0,1.5654144647214707e-12,0.023165297246246608,1.9632441286330224,e57be6bd0c06ea894d638322f9fc7101a5da7437490d4def64b956f32b8b28ac
cancellation_shared_vs_action_dependent,19,state_varying_shared,0.1,1.0,5000,0.10979670829961583,0.006068931446566868,0.012341755066376178,30.34465723283434,0.006068931446566868,0.022222222222222223,0.5,0.0,0.012341755066376161,5000,8.326672684688674e-17,0.0,0.0,2.220446049250313e-16,0,9.401368572525826e-13,0.023165297246246608,1.9632441286330224,e57be6bd0c06ea894d638322f9fc7101a5da7437490d4def64b956f32b8b28ac
cancellation_shared_vs_action_dependent,19,state_varying_shared,0.2,1.0,5000,0.2195919216228253,0.006068931446566867,0.012341755066376137,30.344657232834336,0.006068931446566867,0.022222222222222223,0.5,0.0,0.012341755066376133,5000,1.0451708942760263e-16,0.0,0.0,2.220446049250313e-16,0,3.206546139722377e-12,0.023165297246246608,1.9632441286330224,e57be6bd0c06ea894d638322f9fc7101a5da7437490d4def64b956f32b8b28ac
cancellation_shared_vs_action_dependent,19,static_shared,0.0,1.01,5000,0.0006129620761032537,0.006129620761032537,0.012465172617039923,30.648103805162684,0.006129620761032537,0.022222222222222223,1.0,1.0,0.012341755066376161,5000,0.0,0.0,0.0,0.0,0,7.682743330406083e-14,1.0,1.0,e57be6bd0c06ea894d638322f9fc7101a5da7437490d4def64b956f32b8b28ac
cancellation_shared_vs_action_dependent,19,static_shared,0.05,1.01,5000,0.05,0.006129620761032537,0.012465172617039923,30.648103805162684,0.006129620761032537,0.022222222222222223,1.0,1.0,0.012341755066376161,5000,1.3877787807814457e-17,0.0,0.0,1.1102230246251565e-16,0,1.0815792705898275e-12,1.0,1.0,e57be6bd0c06ea894d638322f9fc7101a5da7437490d4def64b956f32b8b28ac
cancellation_shared_vs_action_dependent,19,static_shared,0.1,1.01,5000,0.1,0.006129620761032537,0.01246517261703993,30.648103805162684,0.006129620761032537,0.022222222222222223,1.0,1.0,0.012341755066376161,5000,3.729655473350135e-17,0.0,0.0,1.1102230246251565e-16,0,1.2867484855405564e-12,1.0,1.0,e57be6bd0c06ea894d638322f9fc7101a5da7437490d4def64b956f32b8b28ac
cancellation_shared_vs_action_dependent,19,static_shared,0.2,1.01,5000,0.2,0.006129620761032537,0.012465172617039944,30.648103805162684,0.006129620761032537,0.022222222222222223,1.0,1.0,0.012341755066376161,5000,5.811323644522304e-17,0.0,0.0,1.1102230246251565e-16,0,8.185008226746504e-12,1.0,1.0,e57be6bd0c06ea894d638322f9fc7101a5da7437490d4def64b956f32b8b28ac
cancellation_shared_vs_action_dependent,19,state_varying_shared,0.0,1.01,5000,0.0006129620761032537,0.006129620761032537,0.012465172617039923,30.648103805162684,0.006129620761032537,0.022222222222222223,1.0,1.0,0.012341755066376161,5000,0.0,0.0,0.0,0.0,0,7.682743330406083e-14,0.023165297246246608,1.9632441286330224,e57be6bd0c06ea894d638322f9fc7101a5da7437490d4def64b956f32b8b28ac
cancellation_shared_vs_action_dependent,19,state_varying_shared,0.05,1.01,5000,0.05490021116178691,0.006129620761032537,0.012465172617039923,30.648103805162684,0.006129620761032537,0.022222222222222223,1.0,1.0,0.012341755066376161,5000,2.7755575615628914e-17,0.0,0.0,2.220446049250313e-16,0,7.938094626069869e-13,0.023165297246246608,1.9632441286330224,e57be6bd0c06ea894d638322f9fc7101a5da7437490d4def64b956f32b8b28ac
cancellation_shared_vs_action_dependent,19,state_varying_shared,0.1,1.01,5000,0.10979673163556591,0.006129620761032537,0.01246517261703993,30.648103805162684,0.006129620761032537,0.022222222222222223,1.0,1.0,0.012341755066376161,5000,5.4643789493269423e-17,0.0,0.0,2.220446049250313e-16,0,1.5067946890212625e-12,0.023165297246246608,1.9632441286330224,e57be6bd0c06ea894d638322f9fc7101a5da7437490d4def64b956f32b8b28ac
cancellation_shared_vs_action_dependent,19,state_varying_shared,0.2,1.01,5000,0.21959192552582063,0.006129620761032536,0.012465172617039944,30.64810380516268,0.006129620761032536,0.022222222222222223,1.0,1.0,0.012341755066376161,5000,1.0581813203458523e-16,0.0,0.0,2.220446049250313e-16,0,3.5695890687748033e-12,0.023165297246246608,1.9632441286330224,e57be6bd0c06ea894d638322f9fc7101a5da7437490d4def64b956f32b8b28ac
cancellation_shared_vs_action_dependent,19,static_shared,0.0,1.5,5000,0.0009103397169850302,0.009103397169850303,0.01851263259956424,45.51698584925151,0.009103397169850303,0.022222222222222223,1.0,1.0,0.012341755066376161,5000,0.0,0.0,0.0,0.0,0,7.238654120556021e-14,1.0,1.0,e57be6bd0c06ea894d638322f9fc7101a5da7437490d4def64b956f32b8b28ac
cancellation_shared_vs_action_dependent,19,static_shared,0.05,1.5,5000,0.05,0.009103397169850303,0.01851263259956424,45.51698584925151,0.009103397169850303,0.022222222222222223,1.0,1.0,0.012341755066376161,5000,1.3877787807814457e-17,0.0,0.0,1.1102230246251565e-16,0,1.375566327510569e-12,1.0,1.0,e57be6bd0c06ea894d638322f9fc7101a5da7437490d4def64b956f32b8b28ac
cancellation_shared_vs_action_dependent,19,static_shared,0.1,1.5,5000,0.1,0.009103397169850303,0.018512632599564247,45.51698584925151,0.009103397169850303,0.022222222222222223,1.0,1.0,0.012341755066376161,5000,3.469446951953614e-17,0.0,0.0,1.1102230246251565e-16,0,3.2578384434600594e-12,1.0,1.0,e57be6bd0c06ea894d638322f9fc7101a5da7437490d4def64b956f32b8b28ac
cancellation_shared_vs_action_dependent,19,static_shared,0.2,1.5,5000,0.2,0.0091033971698503,0.01851263259956426,45.5169858492515,0.0091033971698503,0.022222222222222223,1.0,1.0,0.012341755066376161,5000,6.938893903907228e-17,0.0,0.0,1.1102230246251565e-16,0,3.787192781601334e-12,1.0,1.0,e57be6bd0c06ea894d638322f9fc7101a5da7437490d4def64b956f32b8b28ac
cancellation_shared_vs_action_dependent,19,state_varying_shared,0.0,1.5,5000,0.0009103397169850302,0.009103397169850303,0.01851263259956424,45.51698584925151,0.009103397169850303,0.022222222222222223,1.0,1.0,0.012341755066376161,5000,0.0,0.0,0.0,0.0,0,7.238654120556021e-14,0.023165297246246608,1.9632441286330224,e57be6bd0c06ea894d638322f9fc7101a5da7437490d4def64b956f32b8b28ac
cancellation_shared_vs_action_dependent,19,state_varying_shared,0.05,1.5,5000,0.05490287291348308,0.009103397169850303,0.01851263259956424,45.51698584925151,0.009103397169850303,0.022222222222222223,1.0,1.0,0.012341755066376161,5000,2.6020852139652106e-17,0.0,0.0,2.220446049250313e-16,0,2.0095036745715333e-12,0.023165297246246608,1.9632441286330224,e57be6bd0c06ea894d638322f9fc7101a5da7437490d4def64b956f32b8b28ac
cancellation_shared_vs_action_dependent,19,state_varying_shared,0.1,1.5,5000,0.10979823739361054,0.0091033971698503,0.018512632599564247,45.5169858492515,0.0091033971698503,0.022222222222222223,1.0,1.0,0.012341755066376161,5000,5.377642775528102e-17,0.0,0.0,2.220446049250313e-16,0,1.7243984018477931e-12,0.023165297246246608,1.9632441286330224,e57be6bd0c06ea894d638322f9fc7101a5da7437490d4def64b956f32b8b28ac
cancellation_shared_vs_action_dependent,19,state_varying_shared,0.2,1.5,5000,0.21959243347597798,0.009103397169850303,0.01851263259956426,45.51698584925152,0.009103397169850303,0.022222222222222223,1.0,1.0,0.012341755066376161,5000,1.1102230246251565e-16,0.0,0.0,2.220446049250313e-16,0,2.390976305832737e-12,0.023165297246246608,1.9632441286330224,e57be6bd0c06ea894d638322f9fc7101a5da7437490d4def64b956f32b8b28ac
cancellation_shared_vs_action_dependent,20,static_shared,0.0,0.0,5000,0.0,0.0,0.0,0.0,0.0,0.0,0.0,0.0,0.0,0,0.0,0.0,0.0,0.0,0,0.0,1.0,1.0,1b55d7740c7f78c666e319546d60ba4b6f3a058ab28d202dbf39149cda8ea481
cancellation_shared_vs_action_dependent,20,static_shared,0.05,0.0,5000,0.05,4.345690474139019e-17,1.1102230246251565e-16,2.1728452370695095e-13,4.345690474139019e-17,0.0,0.0,0.0,1.1102230246251565e-16,0,1.1102230246251565e-16,0.0,0.0,1.1102230246251565e-16,0,1.4908325091382797e-11,1.0,1.0,1b55d7740c7f78c666e319546d60ba4b6f3a058ab28d202dbf39149cda8ea481
cancellation_shared_vs_action_dependent,20,static_shared,0.1,0.0,5000,0.1,4.948819132266635e-17,1.1102230246251565e-16,2.4744095661333176e-13,4.948819132266635e-17,0.0,0.0,0.0,1.1102230246251565e-16,0,1.1102230246251565e-16,0.0,0.0,1.1102230246251565e-16,0,1.4908325091382797e-11,1.0,1.0,1b55d7740c7f78c666e319546d60ba4b6f3a058ab28d202dbf39149cda8ea481
cancellation_shared_vs_action_dependent,20,static_shared,0.2,0.0,5000,0.2,7.331357743112221e-17,1.1102230246251565e-16,3.6656788715561106e-13,7.331357743112221e-17,0.0,0.0,0.0,1.1102230246251565e-16,0,1.1102230246251565e-16,0.0,0.0,1.1102230246251565e-16,0,2.9816650182765594e-11,1.0,1.0,1b55d7740c7f78c666e319546d60ba4b6f3a058ab28d202dbf39149cda8ea481
cancellation_shared_vs_action_dependent,20,state_varying_shared,0.0,0.0,5000,0.0,0.0,0.0,0.0,0.0,0.0,0.0,0.0,0.0,0,0.0,0.0,0.0,0.0,0,0.0,0.032828553210531575,1.9750162695509923,1b55d7740c7f78c666e319546d60ba4b6f3a058ab28d202dbf39149cda8ea481
cancellation_shared_vs_action_dependent,20,state_varying_shared,0.05,0.0,5000,0.04877971817017326,3.746464943832351e-17,1.6653345369377348e-16,1.8732324719161753e-13,3.746464943832351e-17,0.0,0.0,0.0,1.1102230246251565e-16,0,1.6653345369377348e-16,0.0,0.0,1.1102230246251565e-16,0,1.4908325091382797e-11,0.032828553210531575,1.9750162695509923,1b55d7740c7f78c666e319546d60ba4b6f3a058ab28d202dbf39149cda8ea481
cancellation_shared_vs_action_dependent,20,state_varying_shared,0.1,0.0,5000,0.09755943634034651,4.4458187131724e-17,1.6653345369377348e-16,2.2229093565862001e-13,4.4458187131724e-17,0.0,0.0,0.0,2.220446049250313e-16,0,1.6653345369377348e-16,0.0,0.0,2.220446049250313e-16,0,9.703347096757018e-12,0.032828553210531575,1.9750162695509923,1b55d7740c7f78c666e319546d60ba4b6f3a058ab28d202dbf39149cda8ea481
cancellation_shared_vs_action_dependent,20,state_varying_shared,0.2,0.0,5000,0.19511887268069303,6.057238044476776e-17,2.220446049250313e-16,3.028619022238388e-13,6.057238044476776e-17,0.0,0.0,0.0,2.220446049250313e-16,0,2.220446049250313e-16,0.0,0.0,2.220446049250313e-16,0,1.4908325091382797e-11,0.032828553210531575,1.9750162695509923,1b55d7740c7f78c666e319546d60ba4b6f3a058ab28d202dbf39149cda8ea481
cancellation_shared_vs_action_dependent,20,static_shared,0.0,0.5,5000,0.0003058260686315096,0.0030582606863150956,0.006170669484027159,15.291303431575479,0.0030582606863150956,0.0,0.0,0.0,0.006170669484027159,0,0.0,0.0,0.0,0.0,0,1.1368683772161603e-13,1.0,1.0,1b55d7740c7f78c666e319546d60ba4b6f3a058ab28d202dbf39149cda8ea481
cancellation_shared_vs_action_dependent,20,static_shared,0.05,0.5,5000,0.05,0.0030582606863150956,0.006170669484027155,15.291303431575479,0.0030582606863150956,0.0,0.0,0.0,0.006170669484027157,0,1.734723475976807e-17,0.0,0.0,1.1102230246251565e-16,0,1.6888157539085569e-12,1.0,1.0,1b55d7740c7f78c666e319546d60ba4b6f3a058ab28d202dbf39149cda8ea481
cancellation_shared_vs_action_dependent,20,static_shared,0.1,0.5,5000,0.1,0.0030582606863150956,0.006170669484027169,15.291303431575479,0.0030582606863150956,0.0,0.0,0.0,0.006170669484027164,0,2.7755575615628914e-17,0.0,0.0,1.1102230246251565e-16,0,1.6888157539085569e-12,1.0,1.0,1b55d7740c7f78c666e319546d60ba4b6f3a058ab28d202dbf39149cda8ea481
cancellation_shared_vs_action_dependent,20,static_shared,0.2,0.5,5000,0.2,0.003058260686315095,0.006170669484027169,15.291303431575475,0.003058260686315095,0.0,0.0,0.0,0.006170669484027178,0,5.551115123125783e-17,0.0,0.0,1.1102230246251565e-16,0,5.765277144575975e-12,1.0,1.0,1b55d7740c7f78c666e319546d60ba4b6f3a058ab28d202dbf39149cda8ea481
cancellation_shared_vs_action_dependent,20,state_varying_shared,0.0,0.5,5000,0.0003058260686315096,0.0030582606863150956,0.006170669484027159,15.291303431575479,0.0030582606863150956,0.0,0.0,0.0,0.006170669484027159,0,0.0,0.0,0.0,0.0,0,1.1368683772161603e-13,0.032828553210531575,1.9750162695509923,1b55d7740c7f78c666e319546d60ba4b6f3a058ab28d202dbf39149cda8ea481
cancellation_shared_vs_action_dependent,20,state_varying_shared,0.05,0.5,5000,0.0487797421456231,0.0030582606863150956,0.006170669484027159,15.291303431575479,0.0030582606863150956,0.0,0.0,0.0,0.006170669484027159,0,2.7321894746634712e-17,0.0,0.0,1.1102230246251565e-16,0,1.7281731601315187e-12,0.032828553210531575,1.9750162695509923,1b55d7740c7f78c666e319546d60ba4b6f3a058ab28d202dbf39149cda8ea481
cancellation_shared_vs_action_dependent,20,state_varying_shared,0.1,0.5,5000,0.09755943634034651,0.003058260686315095,0.006170669484027155,15.291303431575477,0.003058260686315095,0.0,0.0,0.0,0.006170669484027154,0,6.938893903907228e-17,0.0,0.0,2.220446049250313e-16,0,3.5523806118931134e-12,0.032828553210531575,1.9750162695509923,1b55d7740c7f78c666e319546d60ba4b6f3a058ab28d202dbf39149cda8ea481
cancellation_shared_vs_action_dependent,20,state_varying_shared,0.2,0.5,5000,0.19511887268069303,0.0030582606863150956,0.006170669484027155,15.291303431575479,0.0030582606863150956,0.0,0.0,0.0,0.006170669484027157,0,1.0928757898653885e-16,0.0,0.0,2.220446049250313e-16,0,3.881339694089547e-12,0.032828553210531575,1.9750162695509923,1b55d7740c7f78c666e319546d60ba4b6f3a058ab28d202dbf39149cda8ea481
cancellation_shared_vs_action_dependent,20,static_shared,0.0,0.99,5000,0.000605535615890389,0.00605535615890389,0.012217925578373775,30.276780794519446,0.00605535615890389,0.0,0.0,0.0,0.012217925578373775,0,0.0,0.0,0.0,0.0,0,3.086420008457935e-14,1.0,1.0,1b55d7740c7f78c666e319546d60ba4b6f3a058ab28d202dbf39149cda8ea481
cancellation_shared_vs_action_dependent,20,static_shared,0.05,0.99,5000,0.05,0.00605535615890389,0.01221792557837377,30.276780794519446,0.00605535615890389,0.0,0.0,0.0,0.012217925578373772,0,1.6479873021779667e-17,0.0,0.0,1.1102230246251565e-16,0,1.5754064719430971e-12,1.0,1.0,1b55d7740c7f78c666e319546d60ba4b6f3a058ab28d202dbf39149cda8ea481
cancellation_shared_vs_action_dependent,20,static_shared,0.1,0.99,5000,0.1,0.00605535615890389,0.012217925578373784,30.276780794519446,0.00605535615890389,0.0,0.0,0.0,0.012217925578373779,0,2.7755575615628914e-17,0.0,0.0,1.1102230246251565e-16,0,1.5754064719430971e-12,1.0,1.0,1b55d7740c7f78c666e319546d60ba4b6f3a058ab28d202dbf39149cda8ea481
cancellation_shared_vs_action_dependent,20,static_shared,0.2,0.99,5000,0.2,0.00605535615890389,0.012217925578373756,30.27678079451945,0.00605535615890389,0.0,0.0,0.0,0.012217925578373765,0,5.4643789493269423e-17,0.0,0.0,1.1102230246251565e-16,0,6.772804539423305e-12,1.0,1.0,1b55d7740c7f78c666e319546d60ba4b6f3a058ab28d202dbf39149cda8ea481
cancellation_shared_vs_action_dependent,20,state_varying_shared,0.0,0.99,5000,0.000605535615890389,0.00605535615890389,0.012217925578373775,30.276780794519446,0.00605535615890389,0.0,0.0,0.0,0.012217925578373775,0,0.0,0.0,0.0,0.0,0,3.086420008457935e-14,0.032828553210531575,1.9750162695509923,1b55d7740c7f78c666e319546d60ba4b6f3a058ab28d202dbf39149cda8ea481
cancellation_shared_vs_action_dependent,20,state_varying_shared,0.05,0.99,5000,0.048780220787161904,0.00605535615890389,0.012217925578373777,30.276780794519446,0.00605535615890389,0.0,0.0,0.0,0.012217925578373775,0,2.7755575615628914e-17,0.0,0.0,1.1102230246251565e-16,0,2.2112311981459243e-12,0.032828553210531575,1.9750162695509923,1b55d7740c7f78c666e319546d60ba4b6f3a058ab28d202dbf39149cda8ea481
cancellation_shared_vs_action_dependent,20,state_varying_shared,0.1,0.99,5000,0.0975594809453898,0.00605535615890389,0.012217925578373773,30.27678079451945,0.00605535615890389,0.0,0.0,0.0,0.012217925578373772,0,5.811323644522304e-17,0.0,0.0,2.220446049250313e-16,0,1.6301404670571173e-12,0.032828553210531575,1.9750162695509923,1b55d7740c7f78c666e319546d60ba4b6f3a058ab28d202dbf39149cda8ea481
cancellation_shared_vs_action_dependent,20,state_varying_shared,0.2,0.99,5000,0.19511887268069297,0.00605535615890389,0.01221792557837377,30.276780794519446,0.00605535615890389,0.0,0.0,0.0,0.012217925578373772,0,1.0755285551056204e-16,0.0,0.0,2.220446049250313e-16,0,3.4237057633390577e-12,0.032828553210531575,1.9750162695509923,1b55d7740c7f78c666e319546d60ba4b6f3a058ab28d202dbf39149cda8ea481
cancellation_shared_vs_action_dependent,20,static_shared,0.0,1.0,5000,0.0006116521372630192,0.006116521372630191,0.01234133896805432,30.582606863150957,0.006116521372630191,0.022222222222222223,0.5,0.0,0.01234133896805432,5000,0.0,0.0,0.0,0.0,0,2.220446049250313e-16,1.0,1.0,1b55d7740c7f78c666e319546d60ba4b6f3a058ab28d202dbf39149cda8ea481
cancellation_shared_vs_action_dependent,20,static_shared,0.05,1.0,5000,0.05,0.006116521372630191,0.012341338968054325,30.582606863150957,0.006116521372630191,0.022222222222222223,0.5,0.0,0.01234133896805432,5000,1.3877787807814457e-17,0.0,0.0,1.1102230246251565e-16,0,2.212896532682862e-12,1.0,1.0,1b55d7740c7f78c666e319546d60ba4b6f3a058ab28d202dbf39149cda8ea481
cancellation_shared_vs_action_dependent,20,static_shared,0.1,1.0,5000,0.1,0.006116521372630192,0.01234133896805431,30.58260686315096,0.006116521372630192,0.022222222222222223,0.5,0.0,0.012341338968054305,5000,2.7755575615628914e-17,0.0,0.0,1.1102230246251565e-16,0,3.3776315078171137e-12,1.0,1.0,1b55d7740c7f78c666e319546d60ba4b6f3a058ab28d202dbf39149cda8ea481
cancellation_shared_vs_action_dependent,20,static_shared,0.2,1.0,5000,0.2,0.006116521372630191,0.012341338968054338,30.582606863150957,0.006116521372630191,0.022222222222222223,0.5,0.0,0.01234133896805432,5000,5.551115123125783e-17,0.0,0.0,1.1102230246251565e-16,0,3.3776315078171137e-12,1.0,1.0,1b55d7740c7f78c666e319546d60ba4b6f3a058ab28d202dbf39149cda8ea481
cancellation_shared_vs_action_dependent,20,state_varying_shared,0.0,1.0,5000,0.0006116521372630192,0.006116521372630191,0.01234133896805432,30.582606863150957,0.006116521372630191,0.022222222222222223,0.5,0.0,0.01234133896805432,5000,0.0,0.0,0.0,0.0,0,2.220446049250313e-16,0.032828553210531575,1.9750162695509923,1b55d7740c7f78c666e319546d60ba4b6f3a058ab28d202dbf39149cda8ea481
cancellation_shared_vs_action_dependent,20,state_varying_shared,0.05,1.0,5000,0.04878024108319536,0.006116521372630191,0.012341338968054318,30.582606863150957,0.006116521372630191,0.022222222222222223,0.5,0.0,0.012341338968054316,5000,2.7755575615628914e-17,0.0,0.0,2.220446049250313e-16,0,5.930811397547586e-13,0.032828553210531575,1.9750162695509923,1b55d7740c7f78c666e319546d60ba4b6f3a058ab28d202dbf39149cda8ea481
cancellation_shared_vs_action_dependent,20,state_varying_shared,0.1,1.0,5000,0.0975594842912462,0.006116521372630191,0.012341338968054314,30.582606863150957,0.006116521372630191,0.022222222222222223,0.5,0.0,0.012341338968054312,5000,8.326672684688674e-17,0.0,0.0,2.220446049250313e-16,0,3.4563463202630373e-12,0.032828553210531575,1.9750162695509923,1b55d7740c7f78c666e319546d60ba4b6f3a058ab28d202dbf39149cda8ea481
cancellation_shared_vs_action_dependent,20,state_varying_shared,0.2,1.0,5000,0.19511887268069303,0.00611652137263019,0.012341338968054325,30.582606863150954,0.00611652137263019,0.022222222222222223,0.5,0.0,0.01234133896805432,5000,1.0928757898653885e-16,0.0,0.0,2.220446049250313e-16,0,3.3776315078171137e-12,0.032828553210531575,1.9750162695509923,1b55d7740c7f78c666e319546d60ba4b6f3a058ab28d202dbf39149cda8ea481
cancellation_shared_vs_action_dependent,20,static_shared,0.0,1.01,5000,0.0006177686586356494,0.006177686586356494,0.012464752357734863,30.888432931782468,0.006177686586356494,0.022222222222222223,1.0,1.0,0.01234133896805432,5000,0.0,0.0,0.0,0.0,0,3.086420008457935e-14,1.0,1.0,1b55d7740c7f78c666e319546d60ba4b6f3a058ab28d202dbf39149cda8ea481
cancellation_shared_vs_action_dependent,20,static_shared,0.05,1.01,5000,0.05,0.0061776865863564945,0.012464752357734865,30.88843293178247,0.0061776865863564945,0.022222222222222223,1.0,1.0,0.01234133896805432,5000,1.9081958235744878e-17,0.0,0.0,1.1102230246251565e-16,0,1.6071588504473766e-12,1.0,1.0,1b55d7740c7f78c666e319546d60ba4b6f3a058ab28d202dbf39149cda8ea481
cancellation_shared_vs_action_dependent,20,static_shared,0.1,1.01,5000,0.1,0.006177686586356494,0.012464752357734865,30.888432931782468,0.006177686586356494,0.022222222222222223,1.0,1.0,0.01234133896805432,5000,2.7755575615628914e-17,0.0,0.0,1.1102230246251565e-16,0,1.6071588504473766e-12,1.0,1.0,1b55d7740c7f78c666e319546d60ba4b6f3a058ab28d202dbf39149cda8ea481
cancellation_shared_vs_action_dependent,20,static_shared,0.2,1.01,5000,0.2,0.006177686586356494,0.012464752357734865,30.888432931782468,0.006177686586356494,0.022222222222222223,1.0,1.0,0.01234133896805432,5000,7.19910242530375e-17,0.0,0.0,1.1102230246251565e-16,0,5.667466496106499e-12,1.0,1.0,1b55d7740c7f78c666e319546d60ba4b6f3a058ab28d202dbf39149cda8ea481
cancellation_shared_vs_action_dependent,20,state_varying_shared,0.0,1.01,5000,0.0006177686586356494,0.006177686586356494,0.012464752357734863,30.888432931782468,0.006177686586356494,0.022222222222222223,1.0,1.0,0.01234133896805432,5000,0.0,0.0,0.0,0.0,0,3.086420008457935e-14,0.032828553210531575,1.9750162695509923,1b55d7740c7f78c666e319546d60ba4b6f3a058ab28d202dbf39149cda8ea481
cancellation_shared_vs_action_dependent,20,state_varying_shared,0.05,1.01,5000,0.04878026137922881,0.006177686586356494,0.012464752357734865,30.888432931782468,0.006177686586356494,0.022222222222222223,1.0,1.0,0.01234133896805432,5000,2.7755575615628914e-17,0.0,0.0,1.1102230246251565e-16,0,7.718270467194088e-13,0.032828553210531575,1.9750162695509923,1b55d7740c7f78c666e319546d60ba4b6f3a058ab28d202dbf39149cda8ea481
cancellation_shared_vs_action_dependent,20,state_varying_shared,0.1,1.01,5000,0.09755948763710258,0.006177686586356494,0.012464752357734862,30.888432931782468,0.006177686586356494,0.022222222222222223,1.0,1.0,0.01234133896805432,5000,5.204170427930421e-17,0.0,0.0,2.220446049250313e-16,0,1.8460788453467103e-12,0.032828553210531575,1.9750162695509923,1b55d7740c7f78c666e319546d60ba4b6f3a058ab28d202dbf39149cda8ea481
cancellation_shared_vs_action_dependent,20,state_varying_shared,0.2,1.01,5000,0.19511887268069303,0.006177686586356494,0.012464752357734865,30.888432931782468,0.006177686586356494,0.022222222222222223,1.0,1.0,0.01234133896805432,5000,1.1015494072452725e-16,0.0,0.0,2.220446049250313e-16,0,2.2510882047299674e-12,0.032828553210531575,1.9750162695509923,1b55d7740c7f78c666e319546d60ba4b6f3a058ab28d202dbf39149cda8ea481
cancellation_shared_vs_action_dependent,20,static_shared,0.0,1.5,5000,0.0009174782058945287,0.009174782058945287,0.01851200845208148,45.873910294726436,0.009174782058945287,0.022222222222222223,1.0,1.0,0.01234133896805432,5000,0.0,0.0,0.0,0.0,0,1.1368683772161603e-13,1.0,1.0,1b55d7740c7f78c666e319546d60ba4b6f3a058ab28d202dbf39149cda8ea481
cancellation_shared_vs_action_dependent,20,static_shared,0.05,1.5,5000,0.05,0.009174782058945287,0.01851200845208148,45.873910294726436,0.009174782058945287,0.022222222222222223,1.0,1.0,0.01234133896805432,5000,1.734723475976807e-17,0.0,0.0,1.1102230246251565e-16,0,1.2503331703328513e-12,1.0,1.0,1b55d7740c7f78c666e319546d60ba4b6f3a058ab28d202dbf39149cda8ea481
cancellation_shared_vs_action_dependent,20,static_shared,0.1,1.5,5000,0.1,0.009174782058945287,0.01851200845208148,45.873910294726436,0.009174782058945287,0.022222222222222223,1.0,1.0,0.01234133896805432,5000,2.7755575615628914e-17,0.0,0.0,1.1102230246251565e-16,0,2.3876456367588617e-12,1.0,1.0,1b55d7740c7f78c666e319546d60ba4b6f3a058ab28d202dbf39149cda8ea481
cancellation_shared_vs_action_dependent,20,static_shared,0.2,1.5,5000,0.2,0.009174782058945286,0.01851200845208148,45.87391029472643,0.009174782058945286,0.022222222222222223,1.0,1.0,0.01234133896805432,5000,6.938893903907228e-17,0.0,0.0,1.1102230246251565e-16,0,2.942535104466515e-12,1.0,1.0,1b55d7740c7f78c666e319546d60ba4b6f3a058ab28d202dbf39149cda8ea481
cancellation_shared_vs_action_dependent,20,state_varying_shared,0.0,1.5,5000,0.0009174782058945287,0.009174782058945287,0.01851200845208148,45.873910294726436,0.009174782058945287,0.022222222222222223,1.0,1.0,0.01234133896805432,5000,0.0,0.0,0.0,0.0,0,1.1368683772161603e-13,0.032828553210531575,1.9750162695509923,1b55d7740c7f78c666e319546d60ba4b6f3a058ab28d202dbf39149cda8ea481
cancellation_shared_vs_action_dependent,20,state_varying_shared,0.05,1.5,5000,0.04878161749796783,0.009174782058945287,0.01851200845208148,45.873910294726436,0.009174782058945287,0.022222222222222223,1.0,1.0,0.01234133896805432,5000,2.7755575615628914e-17,0.0,0.0,1.1102230246251565e-16,0,7.005507285384738e-13,0.032828553210531575,1.9750162695509923,1b55d7740c7f78c666e319546d60ba4b6f3a058ab28d202dbf39149cda8ea481
cancellation_shared_vs_action_dependent,20,state_varying_shared,0.1,1.5,5000,0.09755976052457721,0.009174782058945287,0.018512008452081473,45.873910294726436,0.009174782058945287,0.022222222222222223,1.0,1.0,0.01234133896805432,5000,5.551115123125783e-17,0.0,0.0,2.220446049250313e-16,0,4.437339384821826e-12,0.032828553210531575,1.9750162695509923,1b55d7740c7f78c666e319546d60ba4b6f3a058ab28d202dbf39149cda8ea481
cancellation_shared_vs_action_dependent,20,state_varying_shared,0.2,1.5,5000,0.19511887268069303,0.009174782058945289,0.01851200845208148,45.87391029472644,0.009174782058945289,0.022222222222222223,1.0,1.0,0.01234133896805432,5000,1.0755285551056204e-16,0.0,0.0,2.220446049250313e-16,0,3.881339694089547e-12,0.032828553210531575,1.9750162695509923,1b55d7740c7f78c666e319546d60ba4b6f3a058ab28d202dbf39149cda8ea481
cancellation_shared_vs_action_dependent,21,static_shared,0.0,0.0,5000,0.0,0.0,0.0,0.0,0.0,0.0,0.0,0.0,0.0,0,0.0,0.0,0.0,0.0,0,0.0,1.0,1.0,452d71727e77e202a76f9516ba982e6cd9be61cdfcbcbb4a0cc9f5cfc4e5263b
cancellation_shared_vs_action_dependent,21,static_shared,0.05,0.0,5000,0.05,4.424516308887405e-17,1.1102230246251565e-16,2.2122581544437026e-13,4.424516308887405e-17,0.0,0.0,0.0,1.1102230246251565e-16,0,1.1102230246251565e-16,0.0,0.0,1.1102230246251565e-16,0,4.0302292254519054e-10,1.0,1.0,452d71727e77e202a76f9516ba982e6cd9be61cdfcbcbb4a0cc9f5cfc4e5263b
cancellation_shared_vs_action_dependent,21,static_shared,0.1,0.0,5000,0.1,4.979072709687671e-17,1.1102230246251565e-16,2.4895363548438354e-13,4.979072709687671e-17,0.0,0.0,0.0,1.1102230246251565e-16,0,1.1102230246251565e-16,0.0,0.0,1.1102230246251565e-16,0,4.0302292254519054e-10,1.0,1.0,452d71727e77e202a76f9516ba982e6cd9be61cdfcbcbb4a0cc9f5cfc4e5263b
cancellation_shared_vs_action_dependent,21,static_shared,0.2,0.0,5000,0.2,7.399081347614356e-17,1.1102230246251565e-16,3.699540673807178e-13,7.399081347614356e-17,0.0,0.0,0.0,1.1102230246251565e-16,0,1.1102230246251565e-16,0.0,0.0,1.1102230246251565e-16,0,6.045343838177858e-10,1.0,1.0,452d71727e77e202a76f9516ba982e6cd9be61cdfcbcbb4a0cc9f5cfc4e5263b
cancellation_shared_vs_action_dependent,21,state_varying_shared,0.0,0.0,5000,0.0,0.0,0.0,0.0,0.0,0.0,0.0,0.0,0.0,0,0.0,0.0,0.0,0.0,0,0.0,0.029992035653391258,1.9776355832202375,452d71727e77e202a76f9516ba982e6cd9be61cdfcbcbb4a0cc9f5cfc4e5263b
cancellation_shared_vs_action_dependent,21,state_varying_shared,0.05,0.0,5000,0.054146695757673176,3.944032600511349e-17,1.6653345369377348e-16,1.9720163002556745e-13,3.944032600511349e-17,0.0,0.0,0.0,2.220446049250313e-16,0,1.6653345369377348e-16,0.0,0.0,2.220446049250313e-16,0,2.0151146127259527e-10,0.029992035653391258,1.9776355832202375,452d71727e77e202a76f9516ba982e6cd9be61cdfcbcbb4a0cc9f5cfc4e5263b
cancellation_shared_vs_action_dependent,21,state_varying_shared,0.1,0.0,5000,0.10829339151534635,4.759612842741845e-17,1.6653345369377348e-16,2.3798064213709225e-13,4.759612842741845e-17,0.0,0.0,0.0,2.220446049250313e-16,0,1.6653345369377348e-16,0.0,0.0,2.220446049250313e-16,0,3.022671919088929e-10,0.029992035653391258,1.9776355832202375,452d71727e77e202a76f9516ba982e6cd9be61cdfcbcbb4a0cc9f5cfc4e5263b
cancellation_shared_vs_action_dependent,21,state_varying_shared,0.2,0.0,5000,0.2165867830306927,6.46677156268538e-17,2.220446049250313e-16,3.2333857813426903e-13,6.46677156268538e-17,0.0,0.0,0.0,2.220446049250313e-16,0,2.220446049250313e-16,0.0,0.0,2.220446049250313e-16,0,6.045343838177858e-10,0.029992035653391258,1.9776355832202375,452d71727e77e202a76f9516ba982e6cd9be61cdfcbcbb4a0cc9f5cfc4e5263b
cancellation_shared_vs_action_dependent,21,static_shared,0.0,0.5,5000,0.0003020969847765009,0.0030209698477650093,0.006172195417190923,15.104849238825047,0.0030209698477650093,0.0,0.0,0.0,0.006172195417190923,0,0.0,0.0,0.0,0.0,0,1.574296248918472e-12,1.0,1.0,452d71727e77e202a76f9516ba982e6cd9be61cdfcbcbb4a0cc9f5cfc4e5263b
cancellation_shared_vs_action_dependent,21,static_shared,0.05,0.5,5000,0.05,0.0030209698477650098,0.006172195417190926,15.104849238825048,0.0030209698477650098,0.0,0.0,0.0,0.0061721954171909225,0,1.3877787807814457e-17,0.0,0.0,1.1102230246251565e-16,0,3.3060443271892836e-11,1.0,1.0,452d71727e77e202a76f9516ba982e6cd9be61cdfcbcbb4a0cc9f5cfc4e5263b
cancellation_shared_vs_action_dependent,21,static_shared,0.1,0.5,5000,0.1,0.0030209698477650098,0.006172195417190912,15.104849238825048,0.0030209698477650098,0.0,0.0,0.0,0.006172195417190909,0,2.7755575615628914e-17,0.0,0.0,1.1102230246251565e-16,0,6.769523830385538e-11,1.0,1.0,452d71727e77e202a76f9516ba982e6cd9be61cdfcbcbb4a0cc9f5cfc4e5263b
cancellation_shared_vs_action_dependent,21,static_shared,0.2,0.5,5000,0.2,0.0030209698477650085,0.00617219541719094,15.104849238825043,0.0030209698477650085,0.0,0.0,0.0,0.006172195417190936,0,5.377642775528102e-17,0.0,0.0,1.1102230246251565e-16,0,1.3381618035879228e-10,1.0,1.0,452d71727e77e202a76f9516ba982e6cd9be61cdfcbcbb4a0cc9f5cfc4e5263b
cancellation_shared_vs_action_dependent,21,state_varying_shared,0.0,0.5,5000,0.0003020969847765009,0.0030209698477650093,0.006172195417190923,15.104849238825047,0.0030209698477650093,0.0,0.0,0.0,0.006172195417190923,0,0.0,0.0,0.0,0.0,0,1.574296248918472e-12,0.029992035653391258,1.9776355832202375,452d71727e77e202a76f9516ba982e6cd9be61cdfcbcbb4a0cc9f5cfc4e5263b
cancellation_shared_vs_action_dependent,21,state_varying_shared,0.05,0.5,5000,0.054146815312390635,0.0030209698477650098,0.006172195417190926,15.104849238825048,0.0030209698477650098,0.0,0.0,0.0,0.0061721954171909225,0,2.7755575615628914e-17,0.0,0.0,2.220446049250313e-16,0,1.7317369760405654e-11,0.029992035653391258,1.9776355832202375,452d71727e77e202a76f9516ba982e6cd9be61cdfcbcbb4a0cc9f5cfc4e5263b
cancellation_shared_vs_action_dependent,21,state_varying_shared,0.1,0.5,5000,0.10829339151534635,0.0030209698477650093,0.006172195417190926,15.104849238825047,0.0030209698477650093,0.0,0.0,0.0,0.0061721954171909225,0,5.551115123125783e-17,0.0,0.0,2.220446049250313e-16,0,3.3060443271892836e-11,0.029992035653391258,1.9776355832202375,452d71727e77e202a76f9516ba982e6cd9be61cdfcbcbb4a0cc9f5cfc4e5263b
cancellation_shared_vs_action_dependent,21,state_varying_shared,0.2,0.5,5000,0.2165867830306927,0.0030209698477650098,0.006172195417190912,15.104849238825048,0.0030209698477650098,0.0,0.0,0.0,0.006172195417190909,0,1.1015494072452725e-16,0.0,0.0,2.220446049250313e-16,0,6.769523830385538e-11,0.029992035653391258,1.9776355832202375,452d71727e77e202a76f9516ba982e6cd9be61cdfcbcbb4a0cc9f5cfc4e5263b
cancellation_shared_vs_action_dependent,21,static_shared,0.0,0.99,5000,0.0005981520298574719,0.0059815202985747185,0.01222094692603803,29.907601492873592,0.0059815202985747185,0.0,0.0,0.0,0.01222094692603803,0,0.0,0.0,0.0,0.0,0,3.054112518441343e-12,1.0,1.0,452d71727e77e202a76f9516ba982e6cd9be61cdfcbcbb4a0cc9f5cfc4e5263b
cancellation_shared_vs_action_dependent,21,static_shared,0.05,0.99,5000,0.05,0.005981520298574719,0.012220946926038034,29.907601492873596,0.005981520298574719,0.0,0.0,0.0,0.012220946926038031,0,1.9081958235744878e-17,0.0,0.0,1.1102230246251565e-16,0,4.732370051385715e-11,1.0,1.0,452d71727e77e202a76f9516ba982e6cd9be61cdfcbcbb4a0cc9f5cfc4e5263b
cancellation_shared_vs_action_dependent,21,static_shared,0.1,0.99,5000,0.1,0.005981520298574719,0.012220946926038034,29.907601492873596,0.005981520298574719,0.0,0.0,0.0,0.012220946926038031,0,2.7755575615628914e-17,0.0,0.0,1.1102230246251565e-16,0,4.732370051385715e-11,1.0,1.0,452d71727e77e202a76f9516ba982e6cd9be61cdfcbcbb4a0cc9f5cfc4e5263b
cancellation_shared_vs_action_dependent,21,static_shared,0.2,0.99,5000,0.2,0.0059815202985747185,0.012220946926038034,29.907601492873592,0.0059815202985747185,0.0,0.0,0.0,0.012220946926038031,0,5.551115123125783e-17,0.0,0.0,1.1102230246251565e-16,0,4.732370051385715e-11,1.0,1.0,452d71727e77e202a76f9516ba982e6cd9be61cdfcbcbb4a0cc9f5cfc4e5263b
cancellation_shared_vs_action_dependent,21,state_varying_shared,0.0,0.99,5000,0.0005981520298574719,0.0059815202985747185,0.01222094692603803,29.907601492873592,0.0059815202985747185,0.0,0.0,0.0,0.01222094692603803,0,0.0,0.0,0.0,0.0,0,3.054112518441343e-12,0.029992035653391258,1.9776355832202375,452d71727e77e202a76f9516ba982e6cd9be61cdfcbcbb4a0cc9f5cfc4e5263b
cancellation_shared_vs_action_dependent,21,state_varying_shared,0.05,0.99,5000,0.054148056434893094,0.005981520298574719,0.012220946926038024,29.907601492873596,0.005981520298574719,0.0,0.0,0.0,0.012220946926038024,0,3.122502256758253e-17,0.0,0.0,1.1102230246251565e-16,0,3.054112518441343e-12,0.029992035653391258,1.9776355832202375,452d71727e77e202a76f9516ba982e6cd9be61cdfcbcbb4a0cc9f5cfc4e5263b
cancellation_shared_vs_action_dependent,21,state_varying_shared,0.1,0.99,5000,0.10829361707240631,0.0059815202985747185,0.012220946926038034,29.907601492873592,0.0059815202985747185,0.0,0.0,0.0,0.012220946926038031,0,5.4643789493269423e-17,0.0,0.0,2.220446049250313e-16,0,4.732370051385715e-11,0.029992035653391258,1.9776355832202375,452d71727e77e202a76f9516ba982e6cd9be61cdfcbcbb4a0cc9f5cfc4e5263b
cancellation_shared_vs_action_dependent,21,state_varying_shared,0.2,0.99,5000,0.2165867830306927,0.0059815202985747185,0.012220946926038034,29.907601492873592,0.0059815202985747185,0.0,0.0,0.0,0.012220946926038031,0,1.0581813203458523e-16,0.0,0.0,2.220446049250313e-16,0,4.732370051385715e-11,0.029992035653391258,1.9776355832202375,452d71727e77e202a76f9516ba982e6cd9be61cdfcbcbb4a0cc9f5cfc4e5263b
cancellation_shared_vs_action_dependent,21,static_shared,0.0,1.0,5000,0.0006041939695530018,0.006041939695530019,0.012344390834381849,30.209698477650093,0.006041939695530019,0.022222222222222223,0.5,0.0,0.012344390834381849,5000,0.0,0.0,0.0,0.0,0,2.220446049250313e-16,1.0,1.0,452d71727e77e202a76f9516ba982e6cd9be61cdfcbcbb4a0cc9f5cfc4e5263b
cancellation_shared_vs_action_dependent,21,static_shared,0.05,1.0,5000,0.05,0.006041939695530019,0.012344390834381852,30.209698477650093,0.006041939695530019,0.022222222222222223,0.5,0.0,0.012344390834381849,5000,1.3877787807814457e-17,0.0,0.0,1.1102230246251565e-16,0,3.463473952081131e-11,1.0,1.0,452d71727e77e202a76f9516ba982e6cd9be61cdfcbcbb4a0cc9f5cfc4e5263b
cancellation_shared_vs_action_dependent,21,static_shared,0.1,1.0,5000,0.1,0.0060419396955300195,0.012344390834381852,30.209698477650097,0.0060419396955300195,0.022222222222222223,0.5,0.0,0.012344390834381849,5000,2.7755575615628914e-17,0.0,0.0,1.1102230246251565e-16,0,6.612088654378567e-11,1.0,1.0,452d71727e77e202a76f9516ba982e6cd9be61cdfcbcbb4a0cc9f5cfc4e5263b
cancellation_shared_vs_action_dependent,21,static_shared,0.2,1.0,5000,0.2,0.0060419396955300195,0.012344390834381824,30.209698477650097,0.0060419396955300195,0.022222222222222223,0.5,0.0,0.01234439083438182,5000,5.377642775528102e-17,0.0,0.0,1.1102230246251565e-16,0,1.3539047660771075e-10,1.0,1.0,452d71727e77e202a76f9516ba982e6cd9be61cdfcbcbb4a0cc9f5cfc4e5263b
cancellation_shared_vs_action_dependent,21,state_varying_shared,0.0,1.0,5000,0.0006041939695530018,0.006041939695530019,0.012344390834381849,30.209698477650093,0.006041939695530019,0.022222222222222223,0.5,0.0,0.012344390834381849,5000,0.0,0.0,0.0,0.0,0,2.220446049250313e-16,0.029992035653391258,1.9776355832202375,452d71727e77e202a76f9516ba982e6cd9be61cdfcbcbb4a0cc9f5cfc4e5263b
cancellation_shared_vs_action_dependent,21,state_varying_shared,0.05,1.0,5000,0.0541480906771594,0.006041939695530019,0.012344390834381852,30.209698477650093,0.006041939695530019,0.022222222222222223,0.5,0.0,0.012344390834381849,5000,2.7755575615628914e-17,0.0,0.0,2.220446049250313e-16,0,1.5743184533789645e-11,0.029992035653391258,1.9776355832202375,452d71727e77e202a76f9516ba982e6cd9be61cdfcbcbb4a0cc9f5cfc4e5263b
cancellation_shared_vs_action_dependent,21,state_varying_shared,0.1,1.0,5000,0.10829363062478127,0.006041939695530019,0.012344390834381852,30.209698477650093,0.006041939695530019,0.022222222222222223,0.5,0.0,0.012344390834381849,5000,5.551115123125783e-17,0.0,0.0,2.220446049250313e-16,0,3.463473952081131e-11,0.029992035653391258,1.9776355832202375,452d71727e77e202a76f9516ba982e6cd9be61cdfcbcbb4a0cc9f5cfc4e5263b
cancellation_shared_vs_action_dependent,21,state_varying_shared,0.2,1.0,5000,0.2165867830306927,0.006041939695530018,0.012344390834381852,30.20969847765009,0.006041939695530018,0.022222222222222223,0.5,0.0,0.012344390834381849,5000,1.0755285551056204e-16,0.0,0.0,2.220446049250313e-16,0,6.612088654378567e-11,0.029992035653391258,1.9776355832202375,452d71727e77e202a76f9516ba982e6cd9be61cdfcbcbb4a0cc9f5cfc4e5263b
cancellation_shared_vs_action_dependent,21,static_shared,0.0,1.01,5000,0.0006102359092485319,0.006102359092485319,0.012467834742725668,30.511795462426594,0.006102359092485319,0.022222222222222223,1.0,1.0,0.012344390834381849,5000,0.0,0.0,0.0,0.0,0,3.0542235407438056e-12,1.0,1.0,452d71727e77e202a76f9516ba982e6cd9be61cdfcbcbb4a0cc9f5cfc4e5263b
cancellation_shared_vs_action_dependent,21,static_shared,0.05,1.01,5000,0.05,0.006102359092485319,0.01246783474272567,30.511795462426594,0.006102359092485319,0.022222222222222223,1.0,1.0,0.012344390834381849,5000,1.3877787807814457e-17,0.0,0.0,1.1102230246251565e-16,0,1.5837553490882783e-11,1.0,1.0,452d71727e77e202a76f9516ba982e6cd9be61cdfcbcbb4a0cc9f5cfc4e5263b
cancellation_shared_vs_action_dependent,21,static_shared,0.1,1.01,5000,0.1,0.00610235909248532,0.01246783474272567,30.511795462426598,0.00610235909248532,0.022222222222222223,1.0,1.0,0.012344390834381849,5000,2.7755575615628914e-17,0.0,0.0,1.1102230246251565e-16,0,8.49180725737142e-11,1.0,1.0,452d71727e77e202a76f9516ba982e6cd9be61cdfcbcbb4a0cc9f5cfc4e5263b
cancellation_shared_vs_action_dependent,21,static_shared,0.2,1.01,5000,0.2,0.00610235909248532,0.01246783474272567,30.511795462426598,0.00610235909248532,0.022222222222222223,1.0,1.0,0.012344390834381849,5000,5.377642775528102e-17,0.0,0.0,1.1102230246251565e-16,0,8.49180725737142e-11,1.0,1.0,452d71727e77e202a76f9516ba982e6cd9be61cdfcbcbb4a0cc9f5cfc4e5263b
cancellation_shared_vs_action_dependent,21,state_varying_shared,0.0,1.01,5000,0.0006102359092485319,0.006102359092485319,0.012467834742725668,30.511795462426594,0.006102359092485319,0.022222222222222223,1.0,1.0,0.012344390834381849,5000,0.0,0.0,0.0,0.0,0,3.0542235407438056e-12,0.029992035653391258,1.9776355832202375,452d71727e77e202a76f9516ba982e6cd9be61cdfcbcbb4a0cc9f5cfc4e5263b
cancellation_shared_vs_action_dependent,21,state_varying_shared,0.05,1.01,5000,0.0541481249194257,0.006102359092485319,0.01246783474272567,30.511795462426594,0.006102359092485319,0.022222222222222223,1.0,1.0,0.012344390834381849,5000,2.7755575615628914e-17,0.0,0.0,1.1102230246251565e-16,0,1.5837553490882783e-11,0.029992035653391258,1.9776355832202375,452d71727e77e202a76f9516ba982e6cd9be61cdfcbcbb4a0cc9f5cfc4e5263b
cancellation_shared_vs_action_dependent,21,state_varying_shared,0.1,1.01,5000,0.10829364417715624,0.006102359092485319,0.01246783474272567,30.511795462426594,0.006102359092485319,0.022222222222222223,1.0,1.0,0.012344390834381849,5000,5.4643789493269423e-17,0.0,0.0,2.220446049250313e-16,0,1.5837553490882783e-11,0.029992035653391258,1.9776355832202375,452d71727e77e202a76f9516ba982e6cd9be61cdfcbcbb4a0cc9f5cfc4e5263b
cancellation_shared_vs_action_dependent,21,state_varying_shared,0.2,1.01,5000,0.2165867830306927,0.00610235909248532,0.01246783474272567,30.511795462426598,0.00610235909248532,0.022222222222222223,1.0,1.0,0.012344390834381849,5000,9.71445146547012e-17,0.0,0.0,2.220446049250313e-16,0,8.49180725737142e-11,0.029992035653391258,1.9776355832202375,452d71727e77e202a76f9516ba982e6cd9be61cdfcbcbb4a0cc9f5cfc4e5263b
cancellation_shared_vs_action_dependent,21,static_shared,0.0,1.5,5000,0.0009062909543295028,0.00906290954329503,0.01851658625157277,45.31454771647515,0.00906290954329503,0.022222222222222223,1.0,1.0,0.012344390834381849,5000,0.0,0.0,0.0,0.0,0,1.574296248918472e-12,1.0,1.0,452d71727e77e202a76f9516ba982e6cd9be61cdfcbcbb4a0cc9f5cfc4e5263b
cancellation_shared_vs_action_dependent,21,static_shared,0.05,1.5,5000,0.05,0.00906290954329503,0.018516586251572764,45.31454771647515,0.00906290954329503,0.022222222222222223,1.0,1.0,0.012344390834381849,5000,1.3877787807814457e-17,0.0,0.0,1.1102230246251565e-16,0,3.3288927170360694e-12,1.0,1.0,452d71727e77e202a76f9516ba982e6cd9be61cdfcbcbb4a0cc9f5cfc4e5263b
cancellation_shared_vs_action_dependent,21,static_shared,0.1,1.5,5000,0.1,0.00906290954329503,0.018516586251572764,45.31454771647515,0.00906290954329503,0.022222222222222223,1.0,1.0,0.012344390834381849,5000,2.7755575615628914e-17,0.0,0.0,1.1102230246251565e-16,0,6.355138637559321e-12,1.0,1.0,452d71727e77e202a76f9516ba982e6cd9be61cdfcbcbb4a0cc9f5cfc4e5263b
cancellation_shared_vs_action_dependent,21,static_shared,0.2,1.5,5000,0.2,0.009062909543295026,0.018516586251572764,45.31454771647513,0.009062909543295026,0.022222222222222223,1.0,1.0,0.012344390834381849,5000,5.4643789493269423e-17,0.0,0.0,1.1102230246251565e-16,0,6.355138637559321e-12,1.0,1.0,452d71727e77e202a76f9516ba982e6cd9be61cdfcbcbb4a0cc9f5cfc4e5263b
cancellation_shared_vs_action_dependent,21,state_varying_shared,0.0,1.5,5000,0.0009062909543295028,0.00906290954329503,0.01851658625157277,45.31454771647515,0.00906290954329503,0.022222222222222223,1.0,1.0,0.012344390834381849,5000,0.0,0.0,0.0,0.0,0,1.574296248918472e-12,0.029992035653391258,1.9776355832202375,452d71727e77e202a76f9516ba982e6cd9be61cdfcbcbb4a0cc9f5cfc4e5263b
cancellation_shared_vs_action_dependent,21,state_varying_shared,0.05,1.5,5000,0.05415027100262477,0.009062909543295028,0.01851658625157277,45.31454771647514,0.009062909543295028,0.022222222222222223,1.0,1.0,0.012344390834381849,5000,2.7755575615628914e-17,0.0,0.0,2.220446049250313e-16,0,1.574296248918472e-12,0.029992035653391258,1.9776355832202375,452d71727e77e202a76f9516ba982e6cd9be61cdfcbcbb4a0cc9f5cfc4e5263b
cancellation_shared_vs_action_dependent,21,state_varying_shared,0.1,1.5,5000,0.10829460223231621,0.009062909543295026,0.018516586251572764,45.31454771647513,0.009062909543295026,0.022222222222222223,1.0,1.0,0.012344390834381849,5000,5.204170427930421e-17,0.0,0.0,2.220446049250313e-16,0,3.3288927170360694e-12,0.029992035653391258,1.9776355832202375,452d71727e77e202a76f9516ba982e6cd9be61cdfcbcbb4a0cc9f5cfc4e5263b
cancellation_shared_vs_action_dependent,21,state_varying_shared,0.2,1.5,5000,0.21658681349132566,0.00906290954329503,0.018516586251572764,45.31454771647515,0.00906290954329503,0.022222222222222223,1.0,1.0,0.012344390834381849,5000,1.0061396160665481e-16,0.0,0.0,2.220446049250313e-16,0,2.1137980255048205e-11,0.029992035653391258,1.9776355832202375,452d71727e77e202a76f9516ba982e6cd9be61cdfcbcbb4a0cc9f5cfc4e5263b
cancellation_shared_vs_action_dependent,22,static_shared,0.0,0.0,5000,0.0,0.0,0.0,0.0,0.0,0.0,0.0,0.0,0.0,0,0.0,0.0,0.0,0.0,0,0.0,1.0,1.0,8e38b16c6e4f54bc3f091a5387bc8c8bb63e994e7d9cc2901c6feaf321c11f7a
cancellation_shared_vs_action_dependent,22,static_shared,0.05,0.0,5000,0.05,4.289624211395449e-17,1.1102230246251565e-16,2.1448121056977243e-13,4.289624211395449e-17,0.0,0.0,0.0,1.1102230246251565e-16,0,1.1102230246251565e-16,0.0,0.0,1.1102230246251565e-16,0,4.5368961219722986e-11,1.0,1.0,8e38b16c6e4f54bc3f091a5387bc8c8bb63e994e7d9cc2901c6feaf321c11f7a
cancellation_shared_vs_action_dependent,22,static_shared,0.1,0.0,5000,0.1,4.9218962239194755e-17,1.1102230246251565e-16,2.4609481119597376e-13,4.9218962239194755e-17,0.0,0.0,0.0,1.1102230246251565e-16,0,1.1102230246251565e-16,0.0,0.0,1.1102230246251565e-16,0,5.399159122721708e-11,1.0,1.0,8e38b16c6e4f54bc3f091a5387bc8c8bb63e994e7d9cc2901c6feaf321c11f7a
cancellation_shared_vs_action_dependent,22,static_shared,0.2,0.0,5000,0.2,7.170930516053886e-17,1.1102230246251565e-16,3.585465258026943e-13,7.170930516053886e-17,0.0,0.0,0.0,1.1102230246251565e-16,0,1.1102230246251565e-16,0.0,0.0,1.1102230246251565e-16,0,9.073792243944597e-11,1.0,1.0,8e38b16c6e4f54bc3f091a5387bc8c8bb63e994e7d9cc2901c6feaf321c11f7a
cancellation_shared_vs_action_dependent,22,state_varying_shared,0.0,0.0,5000,0.0,0.0,0.0,0.0,0.0,0.0,0.0,0.0,0.0,0,0.0,0.0,0.0,0.0,0,0.0,0.02529730122655527,1.9691775243184775,8e38b16c6e4f54bc3f091a5387bc8c8bb63e994e7d9cc2901c6feaf321c11f7a
cancellation_shared_vs_action_dependent,22,state_varying_shared,0.05,0.0,5000,0.04429858254398481,3.62536389797441e-17,1.6653345369377348e-16,1.8126819489872048e-13,3.62536389797441e-17,0.0,0.0,0.0,2.220446049250313e-16,0,1.6653345369377348e-16,0.0,0.0,2.220446049250313e-16,0,5.3427546833676554e-11,0.02529730122655527,1.9691775243184775,8e38b16c6e4f54bc3f091a5387bc8c8bb63e994e7d9cc2901c6feaf321c11f7a
cancellation_shared_vs_action_dependent,22,state_varying_shared,0.1,0.0,5000,0.08859716508796962,4.296684535942674e-17,1.6653345369377348e-16,2.148342267971337e-13,4.296684535942674e-17,0.0,0.0,0.0,2.220446049250313e-16,0,1.6653345369377348e-16,0.0,0.0,2.220446049250313e-16,0,4.5368961219722986e-11,0.02529730122655527,1.9691775243184775,8e38b16c6e4f54bc3f091a5387bc8c8bb63e994e7d9cc2901c6feaf321c11f7a
cancellation_shared_vs_action_dependent,22,state_varying_shared,0.2,0.0,5000,0.17719433017593925,5.634954308719742e-17,2.220446049250313e-16,2.817477154359871e-13,5.634954308719742e-17,0.0,0.0,0.0,2.220446049250313e-16,0,2.220446049250313e-16,0.0,0.0,2.220446049250313e-16,0,9.073792243944597e-11,0.02529730122655527,1.9691775243184775,8e38b16c6e4f54bc3f091a5387bc8c8bb63e994e7d9cc2901c6feaf321c11f7a
cancellation_shared_vs_action_dependent,22,static_shared,0.0,0.5,5000,0.00030655624645222385,0.0030655624645222384,0.006171971289202376,15.327812322611193,0.0030655624645222384,0.0,0.0,0.0,0.0061719712892023765,0,0.0,0.0,0.0,0.0,0,1.7719159473017498e-13,1.0,1.0,8e38b16c6e4f54bc3f091a5387bc8c8bb63e994e7d9cc2901c6feaf321c11f7a
cancellation_shared_vs_action_dependent,22,static_shared,0.05,0.5,5000,0.05,0.0030655624645222384,0.006171971289202383,15.327812322611193,0.0030655624645222384,0.0,0.0,0.0,0.006171971289202384,0,1.734723475976807e-17,0.0,0.0,1.1102230246251565e-16,0,5.139444425594775e-12,1.0,1.0,8e38b16c6e4f54bc3f091a5387bc8c8bb63e994e7d9cc2901c6feaf321c11f7a
cancellation_shared_vs_action_dependent,22,static_shared,0.1,0.5,5000,0.1,0.0030655624645222384,0.006171971289202383,15.327812322611193,0.0030655624645222384,0.0,0.0,0.0,0.006171971289202384,0,2.7755575615628914e-17,0.0,0.0,1.1102230246251565e-16,0,1.1810663558264878e-11,1.0,1.0,8e38b16c6e4f54bc3f091a5387bc8c8bb63e994e7d9cc2901c6feaf321c11f7a
cancellation_shared_vs_action_dependent,22,static_shared,0.2,0.5,5000,0.2,0.0030655624645222384,0.006171971289202383,15.32781232261119,0.0030655624645222384,0.0,0.0,0.0,0.0061719712892023704,0,6.938893903907228e-17,0.0,0.0,1.1102230246251565e-16,0,1.518513093046181e-11,1.0,1.0,8e38b16c6e4f54bc3f091a5387bc8c8bb63e994e7d9cc2901c6feaf321c11f7a
cancellation_shared_vs_action_dependent,22,state_varying_shared,0.0,0.5,5000,0.00030655624645222385,0.0030655624645222384,0.006171971289202376,15.327812322611193,0.0030655624645222384,0.0,0.0,0.0,0.0061719712892023765,0,0.0,0.0,0.0,0.0,0,1.7719159473017498e-13,0.02529730122655527,1.9691775243184775,8e38b16c6e4f54bc3f091a5387bc8c8bb63e994e7d9cc2901c6feaf321c11f7a
cancellation_shared_vs_action_dependent,22,state_varying_shared,0.05,0.5,5000,0.044298742220824354,0.003065562464522239,0.006171971289202383,15.327812322611194,0.003065562464522239,0.0,0.0,0.0,0.006171971289202384,0,2.7755575615628914e-17,0.0,0.0,1.1102230246251565e-16,0,5.139444425594775e-12,0.02529730122655527,1.9691775243184775,8e38b16c6e4f54bc3f091a5387bc8c8bb63e994e7d9cc2901c6feaf321c11f7a
cancellation_shared_vs_action_dependent,22,state_varying_shared,0.1,0.5,5000,0.08859716508796962,0.0030655624645222384,0.006171971289202383,15.327812322611193,0.0030655624645222384,0.0,0.0,0.0,0.0061719712892023704,0,6.938893903907228e-17,0.0,0.0,2.220446049250313e-16,0,1.1810663558264878e-11,0.02529730122655527,1.9691775243184775,8e38b16c6e4f54bc3f091a5387bc8c8bb63e994e7d9cc2901c6feaf321c11f7a
cancellation_shared_vs_action_dependent,22,state_varying_shared,0.2,0.5,5000,0.17719433017593925,0.0030655624645222384,0.006171971289202327,15.327812322611193,0.0030655624645222384,0.0,0.0,0.0,0.0061719712892023704,0,1.1102230246251565e-16,0.0,0.0,2.220446049250313e-16,0,4.022948640880486e-11,0.02529730122655527,1.9691775243184775,8e38b16c6e4f54bc3f091a5387bc8c8bb63e994e7d9cc2901c6feaf321c11f7a
cancellation_shared_vs_action_dependent,22,static_shared,0.0,0.99,5000,0.0006069813679754031,0.006069813679754033,0.012220503152620705,30.349068398770164,0.006069813679754033,0.0,0.0,0.0,0.012220503152620705,0,0.0,0.0,0.0,0.0,0,1.7530421558831222e-13,1.0,1.0,8e38b16c6e4f54bc3f091a5387bc8c8bb63e994e7d9cc2901c6feaf321c11f7a
cancellation_shared_vs_action_dependent,22,static_shared,0.05,0.99,5000,0.05,0.006069813679754032,0.012220503152620701,30.34906839877016,0.006069813679754032,0.0,0.0,0.0,0.012220503152620703,0,1.734723475976807e-17,0.0,0.0,1.1102230246251565e-16,0,3.3707481250644378e-12,1.0,1.0,8e38b16c6e4f54bc3f091a5387bc8c8bb63e994e7d9cc2901c6feaf321c11f7a
cancellation_shared_vs_action_dependent,22,static_shared,0.1,0.99,5000,0.1,0.006069813679754032,0.012220503152620715,30.34906839877016,0.006069813679754032,0.0,0.0,0.0,0.012220503152620717,0,3.8163916471489756e-17,0.0,0.0,1.1102230246251565e-16,0,1.1709411218419064e-11,1.0,1.0,8e38b16c6e4f54bc3f091a5387bc8c8bb63e994e7d9cc2901c6feaf321c11f7a
cancellation_shared_vs_action_dependent,22,static_shared,0.2,0.99,5000,0.2,0.006069813679754033,0.012220503152620688,30.349068398770164,0.006069813679754033,0.0,0.0,0.0,0.012220503152620675,0,6.418476861114186e-17,0.0,0.0,1.1102230246251565e-16,0,1.4713008589239962e-11,1.0,1.0,8e38b16c6e4f54bc3f091a5387bc8c8bb63e994e7d9cc2901c6feaf321c11f7a
cancellation_shared_vs_action_dependent,22,state_varying_shared,0.0,0.99,5000,0.0006069813679754031,0.006069813679754033,0.012220503152620705,30.349068398770164,0.006069813679754033,0.0,0.0,0.0,0.012220503152620705,0,0.0,0.0,0.0,0.0,0,1.7530421558831222e-13,0.02529730122655527,1.9691775243184775,8e38b16c6e4f54bc3f091a5387bc8c8bb63e994e7d9cc2901c6feaf321c11f7a
cancellation_shared_vs_action_dependent,22,state_varying_shared,0.05,0.99,5000,0.04430093639061466,0.006069813679754033,0.012220503152620722,30.349068398770164,0.006069813679754033,0.0,0.0,0.0,0.012220503152620717,0,3.729655473350135e-17,0.0,0.0,1.1102230246251565e-16,0,7.971512339111086e-12,0.02529730122655527,1.9691775243184775,8e38b16c6e4f54bc3f091a5387bc8c8bb63e994e7d9cc2901c6feaf321c11f7a
cancellation_shared_vs_action_dependent,22,state_varying_shared,0.1,0.99,5000,0.08859746742808398,0.006069813679754032,0.012220503152620688,30.34906839877016,0.006069813679754032,0.0,0.0,0.0,0.012220503152620675,0,6.418476861114186e-17,0.0,0.0,2.220446049250313e-16,0,1.4713008589239962e-11,0.02529730122655527,1.9691775243184775,8e38b16c6e4f54bc3f091a5387bc8c8bb63e994e7d9cc2901c6feaf321c11f7a
cancellation_shared_vs_action_dependent,22,state_varying_shared,0.2,0.99,5000,0.17719433017593925,0.006069813679754032,0.012220503152620688,30.34906839877016,0.006069813679754032,0.0,0.0,0.0,0.012220503152620731,0,1.0061396160665481e-16,0.0,0.0,2.220446049250313e-16,0,3.065592224515967e-11,0.02529730122655527,1.9691775243184775,8e38b16c6e4f54bc3f091a5387bc8c8bb63e994e7d9cc2901c6feaf321c11f7a
cancellation_shared_vs_action_dependent,22,static_shared,0.0,1.0,5000,0.0006131124929044477,0.006131124929044477,0.012343942578404753,30.65562464522238,0.006131124929044477,0.022222222222222223,0.5,0.0,0.012343942578404753,5000,0.0,0.0,0.0,0.0,0,2.220446049250313e-16,1.0,1.0,8e38b16c6e4f54bc3f091a5387bc8c8bb63e994e7d9cc2901c6feaf321c11f7a
cancellation_shared_vs_action_dependent,22,static_shared,0.05,1.0,5000,0.05,0.006131124929044477,0.012343942578404751,30.65562464522238,0.006131124929044477,0.022222222222222223,0.5,0.0,0.012343942578404753,5000,1.3877787807814457e-17,0.0,0.0,1.1102230246251565e-16,0,3.3745228833481633e-12,1.0,1.0,8e38b16c6e4f54bc3f091a5387bc8c8bb63e994e7d9cc2901c6feaf321c11f7a
cancellation_shared_vs_action_dependent,22,static_shared,0.1,1.0,5000,0.1,0.006131124929044478,0.012343942578404765,30.65562464522239,0.006131124929044478,0.022222222222222223,0.5,0.0,0.012343942578404753,5000,2.7755575615628914e-17,0.0,0.0,1.1102230246251565e-16,0,1.027888885118955e-11,1.0,1.0,8e38b16c6e4f54bc3f091a5387bc8c8bb63e994e7d9cc2901c6feaf321c11f7a
cancellation_shared_vs_action_dependent,22,static_shared,0.2,1.0,5000,0.2,0.006131124929044477,0.012343942578404765,30.655624645222385,0.006131124929044477,0.022222222222222223,0.5,0.0,0.012343942578404753,5000,5.4643789493269423e-17,0.0,0.0,1.1102230246251565e-16,0,2.3621327116529756e-11,1.0,1.0,8e38b16c6e4f54bc3f091a5387bc8c8bb63e994e7d9cc2901c6feaf321c11f7a
cancellation_shared_vs_action_dependent,22,state_varying_shared,0.0,1.0,5000,0.0006131124929044477,0.006131124929044477,0.012343942578404753,30.65562464522238,0.006131124929044477,0.022222222222222223,0.5,0.0,0.012343942578404753,5000,0.0,0.0,0.0,0.0,0,2.220446049250313e-16,0.02529730122655527,1.9691775243184775,8e38b16c6e4f54bc3f091a5387bc8c8bb63e994e7d9cc2901c6feaf321c11f7a
cancellation_shared_vs_action_dependent,22,state_varying_shared,0.05,1.0,5000,0.04430099940332464,0.006131124929044477,0.012343942578404772,30.655624645222385,0.006131124929044477,0.022222222222222223,0.5,0.0,0.012343942578404753,5000,2.7755575615628914e-17,0.0,0.0,1.1102230246251565e-16,0,1.027888885118955e-11,0.02529730122655527,1.9691775243184775,8e38b16c6e4f54bc3f091a5387bc8c8bb63e994e7d9cc2901c6feaf321c11f7a
cancellation_shared_vs_action_dependent,22,state_varying_shared,0.1,1.0,5000,0.08859748444164871,0.006131124929044477,0.012343942578404765,30.655624645222385,0.006131124929044477,0.022222222222222223,0.5,0.0,0.012343942578404753,5000,5.551115123125783e-17,0.0,0.0,1.1102230246251565e-16,0,1.027888885118955e-11,0.02529730122655527,1.9691775243184775,8e38b16c6e4f54bc3f091a5387bc8c8bb63e994e7d9cc2901c6feaf321c11f7a
cancellation_shared_vs_action_dependent,22,state_varying_shared,0.2,1.0,5000,0.17719433017593925,0.006131124929044477,0.012343942578404765,30.655624645222385,0.006131124929044477,0.022222222222222223,0.5,0.0,0.012343942578404753,5000,1.0928757898653885e-16,0.0,0.0,2.220446049250313e-16,0,2.3621327116529756e-11,0.02529730122655527,1.9691775243184775,8e38b16c6e4f54bc3f091a5387bc8c8bb63e994e7d9cc2901c6feaf321c11f7a
cancellation_shared_vs_action_dependent,22,static_shared,0.0,1.01,5000,0.0006192436178334922,0.006192436178334922,0.012467382004188801,30.96218089167461,0.006192436178334922,0.022222222222222223,1.0,1.0,0.012343942578404753,5000,0.0,0.0,0.0,0.0,0,1.751931932858497e-13,1.0,1.0,8e38b16c6e4f54bc3f091a5387bc8c8bb63e994e7d9cc2901c6feaf321c11f7a
cancellation_shared_vs_action_dependent,22,static_shared,0.05,1.01,5000,0.05,0.006192436178334922,0.012467382004188801,30.96218089167461,0.006192436178334922,0.022222222222222223,1.0,1.0,0.012343942578404753,5000,1.3877787807814457e-17,0.0,0.0,1.1102230246251565e-16,0,5.497380328733925e-12,1.0,1.0,8e38b16c6e4f54bc3f091a5387bc8c8bb63e994e7d9cc2901c6feaf321c11f7a
cancellation_shared_vs_action_dependent,22,static_shared,0.1,1.01,5000,0.1,0.006192436178334922,0.012467382004188801,30.96218089167461,0.006192436178334922,0.022222222222222223,1.0,1.0,0.012343942578404753,5000,3.729655473350135e-17,0.0,0.0,1.1102230246251565e-16,0,5.844880135441599e-12,1.0,1.0,8e38b16c6e4f54bc3f091a5387bc8c8bb63e994e7d9cc2901c6feaf321c11f7a
cancellation_shared_vs_action_dependent,22,static_shared,0.2,1.01,5000,0.2,0.006192436178334922,0.012467382004188787,30.96218089167461,0.006192436178334922,0.022222222222222223,1.0,1.0,0.012343942578404753,5000,5.4643789493269423e-17,0.0,0.0,1.1102230246251565e-16,0,8.523404204652252e-12,1.0,1.0,8e38b16c6e4f54bc3f091a5387bc8c8bb63e994e7d9cc2901c6feaf321c11f7a
cancellation_shared_vs_action_dependent,22,state_varying_shared,0.0,1.01,5000,0.0006192436178334922,0.006192436178334922,0.012467382004188801,30.96218089167461,0.006192436178334922,0.022222222222222223,1.0,1.0,0.012343942578404753,5000,0.0,0.0,0.0,0.0,0,1.751931932858497e-13,0.02529730122655527,1.9691775243184775,8e38b16c6e4f54bc3f091a5387bc8c8bb63e994e7d9cc2901c6feaf321c11f7a
cancellation_shared_vs_action_dependent,22,state_varying_shared,0.05,1.01,5000,0.044301064395322554,0.006192436178334922,0.012467382004188808,30.96218089167461,0.006192436178334922,0.022222222222222223,1.0,1.0,0.012343942578404753,5000,2.688821387764051e-17,0.0,0.0,1.1102230246251565e-16,0,5.844880135441599e-12,0.02529730122655527,1.9691775243184775,8e38b16c6e4f54bc3f091a5387bc8c8bb63e994e7d9cc2901c6feaf321c11f7a
cancellation_shared_vs_action_dependent,22,state_varying_shared,0.1,1.01,5000,0.08859750145521342,0.006192436178334921,0.012467382004188787,30.962180891674606,0.006192436178334921,0.022222222222222223,1.0,1.0,0.012343942578404753,5000,5.377642775528102e-17,0.0,0.0,2.220446049250313e-16,0,8.523404204652252e-12,0.02529730122655527,1.9691775243184775,8e38b16c6e4f54bc3f091a5387bc8c8bb63e994e7d9cc2901c6feaf321c11f7a
cancellation_shared_vs_action_dependent,22,state_varying_shared,0.2,1.01,5000,0.17719433017593925,0.006192436178334921,0.012467382004188843,30.962180891674606,0.006192436178334921,0.022222222222222223,1.0,1.0,0.012343942578404753,5000,1.0061396160665481e-16,0.0,0.0,2.220446049250313e-16,0,3.95241617212605e-11,0.02529730122655527,1.9691775243184775,8e38b16c6e4f54bc3f091a5387bc8c8bb63e994e7d9cc2901c6feaf321c11f7a
cancellation_shared_vs_action_dependent,22,static_shared,0.0,1.5,5000,0.0009196687393566715,0.009196687393566716,0.01851591386760713,45.98343696783358,0.009196687393566716,0.022222222222222223,1.0,1.0,0.012343942578404753,5000,0.0,0.0,0.0,0.0,0,1.7719159473017498e-13,1.0,1.0,8e38b16c6e4f54bc3f091a5387bc8c8bb63e994e7d9cc2901c6feaf321c11f7a
cancellation_shared_vs_action_dependent,22,static_shared,0.05,1.5,5000,0.05,0.009196687393566716,0.018515913867607134,45.983436967833576,0.009196687393566716,0.022222222222222223,1.0,1.0,0.012343942578404753,5000,1.3877787807814457e-17,0.0,0.0,1.1102230246251565e-16,0,5.061728813871014e-12,1.0,1.0,8e38b16c6e4f54bc3f091a5387bc8c8bb63e994e7d9cc2901c6feaf321c11f7a
cancellation_shared_vs_action_dependent,22,static_shared,0.1,1.5,5000,0.1,0.009196687393566716,0.01851591386760712,45.983436967833576,0.009196687393566716,0.022222222222222223,1.0,1.0,0.012343942578404753,5000,2.7755575615628914e-17,0.0,0.0,1.1102230246251565e-16,0,8.436140674916714e-12,1.0,1.0,8e38b16c6e4f54bc3f091a5387bc8c8bb63e994e7d9cc2901c6feaf321c11f7a
cancellation_shared_vs_action_dependent,22,static_shared,0.2,1.5,5000,0.2,0.009196687393566716,0.018515913867607148,45.983436967833576,0.009196687393566716,0.022222222222222223,1.0,1.0,0.012343942578404753,5000,5.551115123125783e-17,0.0,0.0,1.1102230246251565e-16,0,1.5418333276784324e-11,1.0,1.0,8e38b16c6e4f54bc3f091a5387bc8c8bb63e994e7d9cc2901c6feaf321c11f7a
cancellation_shared_vs_action_dependent,22,state_varying_shared,0.0,1.5,5000,0.0009196687393566715,0.009196687393566716,0.01851591386760713,45.98343696783358,0.009196687393566716,0.022222222222222223,1.0,1.0,0.012343942578404753,5000,0.0,0.0,0.0,0.0,0,1.7719159473017498e-13,0.02529730122655527,1.9691775243184775,8e38b16c6e4f54bc3f091a5387bc8c8bb63e994e7d9cc2901c6feaf321c11f7a
cancellation_shared_vs_action_dependent,22,state_varying_shared,0.05,1.5,5000,0.04430504507962042,0.009196687393566716,0.018515913867607127,45.983436967833576,0.009196687393566716,0.022222222222222223,1.0,1.0,0.012343942578404753,5000,2.7755575615628914e-17,0.0,0.0,1.1102230246251565e-16,0,7.2661876515667245e-12,0.02529730122655527,1.9691775243184775,8e38b16c6e4f54bc3f091a5387bc8c8bb63e994e7d9cc2901c6feaf321c11f7a
cancellation_shared_vs_action_dependent,22,state_varying_shared,0.1,1.5,5000,0.08859913355241308,0.009196687393566716,0.018515913867607134,45.983436967833576,0.009196687393566716,0.022222222222222223,1.0,1.0,0.012343942578404753,5000,5.551115123125783e-17,0.0,0.0,2.220446049250313e-16,0,1.5418333276784324e-11,0.02529730122655527,1.9691775243184775,8e38b16c6e4f54bc3f091a5387bc8c8bb63e994e7d9cc2901c6feaf321c11f7a
cancellation_shared_vs_action_dependent,22,state_varying_shared,0.2,1.5,5000,0.17719444270722248,0.009196687393566716,0.018515913867607092,45.98343696783358,0.009196687393566716,0.022222222222222223,1.0,1.0,0.012343942578404753,5000,8.673617379884035e-17,0.0,0.0,2.220446049250313e-16,0,2.995070857991777e-11,0.02529730122655527,1.9691775243184775,8e38b16c6e4f54bc3f091a5387bc8c8bb63e994e7d9cc2901c6feaf321c11f7a
cancellation_shared_vs_action_dependent,23,static_shared,0.0,0.0,5000,0.0,0.0,0.0,0.0,0.0,0.0,0.0,0.0,0.0,0,0.0,0.0,0.0,0.0,0,0.0,1.0,1.0,f9922560961084f8c4d59ff0c368314ed0c86070282b5ead4684deae3af3aece
cancellation_shared_vs_action_dependent,23,static_shared,0.05,0.0,5000,0.05,4.439920653354079e-17,1.1102230246251565e-16,2.2199603266770396e-13,4.439920653354079e-17,0.0,0.0,0.0,1.1102230246251565e-16,0,1.1102230246251565e-16,0.0,0.0,1.1102230246251565e-16,0,4.685444531064888e-11,1.0,1.0,f9922560961084f8c4d59ff0c368314ed0c86070282b5ead4684deae3af3aece
cancellation_shared_vs_action_dependent,23,static_shared,0.1,0.0,5000,0.1,5.062616992290714e-17,1.1102230246251565e-16,2.531308496145357e-13,5.062616992290714e-17,0.0,0.0,0.0,1.1102230246251565e-16,0,1.1102230246251565e-16,0.0,0.0,1.1102230246251565e-16,0,2.342722265532444e-11,1.0,1.0,f9922560961084f8c4d59ff0c368314ed0c86070282b5ead4684deae3af3aece
cancellation_shared_vs_action_dependent,23,static_shared,0.2,0.0,5000,0.2,7.422951142643796e-17,1.1102230246251565e-16,3.7114755713218983e-13,7.422951142643796e-17,0.0,0.0,0.0,1.1102230246251565e-16,0,1.1102230246251565e-16,0.0,0.0,1.1102230246251565e-16,0,9.370889062129776e-11,1.0,1.0,f9922560961084f8c4d59ff0c368314ed0c86070282b5ead4684deae3af3aece
cancellation_shared_vs_action_dependent,23,state_varying_shared,0.0,0.0,5000,0.0,0.0,0.0,0.0,0.0,0.0,0.0,0.0,0.0,0,0.0,0.0,0.0,0.0,0,0.0,0.011672815118052515,1.994582025574349,f9922560961084f8c4d59ff0c368314ed0c86070282b5ead4684deae3af3aece
cancellation_shared_vs_action_dependent,23,state_varying_shared,0.05,0.0,5000,0.05009051254520418,3.959055305813308e-17,1.6653345369377348e-16,1.979527652906654e-13,3.959055305813308e-17,0.0,0.0,0.0,2.220446049250313e-16,0,1.6653345369377348e-16,0.0,0.0,2.220446049250313e-16,0,9.370889062129776e-11,0.011672815118052515,1.994582025574349,f9922560961084f8c4d59ff0c368314ed0c86070282b5ead4684deae3af3aece
cancellation_shared_vs_action_dependent,23,state_varying_shared,0.1,0.0,5000,0.10018102509040835,4.640688874846255e-17,1.6653345369377348e-16,2.3203444374231275e-13,4.640688874846255e-17,0.0,0.0,0.0,2.220446049250313e-16,0,1.6653345369377348e-16,0.0,0.0,2.220446049250313e-16,0,1.171361132766222e-10,0.011672815118052515,1.994582025574349,f9922560961084f8c4d59ff0c368314ed0c86070282b5ead4684deae3af3aece
cancellation_shared_vs_action_dependent,23,state_varying_shared,0.2,0.0,5000,0.2003620501808167,6.222071469164093e-17,2.220446049250313e-16,3.111035734582046e-13,6.222071469164093e-17,0.0,0.0,0.0,2.220446049250313e-16,0,2.220446049250313e-16,0.0,0.0,2.220446049250313e-16,0,9.370889062129776e-11,0.011672815118052515,1.994582025574349,f9922560961084f8c4d59ff0c368314ed0c86070282b5ead4684deae3af3aece
cancellation_shared_vs_action_dependent,23,static_shared,0.0,0.5,5000,0.00031076328396474037,0.003107632839647404,0.006172168724437026,15.53816419823702,0.003107632839647404,0.0,0.0,0.0,0.006172168724437025,0,0.0,0.0,0.0,0.0,0,1.8302026560945706e-13,1.0,1.0,f9922560961084f8c4d59ff0c368314ed0c86070282b5ead4684deae3af3aece
cancellation_shared_vs_action_dependent,23,static_shared,0.05,0.5,5000,0.05,0.003107632839647404,0.00617216872443703,15.53816419823702,0.003107632839647404,0.0,0.0,0.0,0.0061721687244370264,0,1.734723475976807e-17,0.0,0.0,1.1102230246251565e-16,0,3.843536600101061e-12,1.0,1.0,f9922560961084f8c4d59ff0c368314ed0c86070282b5ead4684deae3af3aece
cancellation_shared_vs_action_dependent,23,static_shared,0.1,0.5,5000,0.1,0.003107632839647404,0.006172168724437016,15.53816419823702,0.003107632839647404,0.0,0.0,0.0,0.0061721687244370195,0,2.7755575615628914e-17,0.0,0.0,1.1102230246251565e-16,0,7.870037954660347e-12,1.0,1.0,f9922560961084f8c4d59ff0c368314ed0c86070282b5ead4684deae3af3aece
cancellation_shared_vs_action_dependent,23,static_shared,0.2,0.5,5000,0.2,0.0031076328396474036,0.006172168724437044,15.538164198237018,0.0031076328396474036,0.0,0.0,0.0,0.006172168724437033,0,5.551115123125783e-17,0.0,0.0,1.1102230246251565e-16,0,1.55571666660137e-11,1.0,1.0,f9922560961084f8c4d59ff0c368314ed0c86070282b5ead4684deae3af3aece
cancellation_shared_vs_action_dependent,23,state_varying_shared,0.0,0.5,5000,0.00031076328396474037,0.003107632839647404,0.006172168724437026,15.53816419823702,0.003107632839647404,0.0,0.0,0.0,0.006172168724437025,0,0.0,0.0,0.0,0.0,0,1.8302026560945706e-13,0.011672815118052515,1.994582025574349,f9922560961084f8c4d59ff0c368314ed0c86070282b5ead4684deae3af3aece
cancellation_shared_vs_action_dependent,23,state_varying_shared,0.05,0.5,5000,0.050092152630167294,0.003107632839647404,0.00617216872443703,15.53816419823702,0.003107632839647404,0.0,0.0,0.0,0.0061721687244370264,0,2.7755575615628914e-17,0.0,0.0,2.220446049250313e-16,0,7.870037954660347e-12,0.011672815118052515,1.994582025574349,f9922560961084f8c4d59ff0c368314ed0c86070282b5ead4684deae3af3aece
cancellation_shared_vs_action_dependent,23,state_varying_shared,0.1,0.5,5000,0.10018144075398364,0.003107632839647404,0.006172168724437016,15.53816419823702,0.003107632839647404,0.0,0.0,0.0,0.0061721687244370195,0,5.334274688628682e-17,0.0,0.0,2.220446049250313e-16,0,1.55571666660137e-11,0.011672815118052515,1.994582025574349,f9922560961084f8c4d59ff0c368314ed0c86070282b5ead4684deae3af3aece
cancellation_shared_vs_action_dependent,23,state_varying_shared,0.2,0.5,5000,0.20036206745979157,0.003107632839647404,0.006172168724437044,15.53816419823702,0.003107632839647404,0.0,0.0,0.0,0.006172168724437033,0,1.1058862159352145e-16,0.0,0.0,2.220446049250313e-16,0,1.55571666660137e-11,0.011672815118052515,1.994582025574349,f9922560961084f8c4d59ff0c368314ed0c86070282b5ead4684deae3af3aece
cancellation_shared_vs_action_dependent,23,static_shared,0.0,0.99,5000,0.000615311302250186,0.00615311302250186,0.012220894074385308,30.7655651125093,0.00615311302250186,0.0,0.0,0.0,0.012220894074385308,0,0.0,0.0,0.0,0.0,0,3.5504932327512506e-13,1.0,1.0,f9922560961084f8c4d59ff0c368314ed0c86070282b5ead4684deae3af3aece
cancellation_shared_vs_action_dependent,23,static_shared,0.05,0.99,5000,0.05,0.00615311302250186,0.012220894074385313,30.7655651125093,0.00615311302250186,0.0,0.0,0.0,0.01222089407438531,0,1.5612511283791264e-17,0.0,0.0,1.1102230246251565e-16,0,5.501710198529963e-12,1.0,1.0,f9922560961084f8c4d59ff0c368314ed0c86070282b5ead4684deae3af3aece
cancellation_shared_vs_action_dependent,23,static_shared,0.1,0.99,5000,0.1,0.00615311302250186,0.012220894074385313,30.765565112509297,0.00615311302250186,0.0,0.0,0.0,0.012220894074385317,0,2.7755575615628914e-17,0.0,0.0,1.1102230246251565e-16,0,5.501710198529963e-12,1.0,1.0,f9922560961084f8c4d59ff0c368314ed0c86070282b5ead4684deae3af3aece
cancellation_shared_vs_action_dependent,23,static_shared,0.2,0.99,5000,0.2,0.00615311302250186,0.012220894074385313,30.7655651125093,0.00615311302250186,0.0,0.0,0.0,0.012220894074385303,0,5.4643789493269423e-17,0.0,0.0,1.1102230246251565e-16,0,1.7925549933295315e-11,1.0,1.0,f9922560961084f8c4d59ff0c368314ed0c86070282b5ead4684deae3af3aece
cancellation_shared_vs_action_dependent,23,state_varying_shared,0.0,0.99,5000,0.000615311302250186,0.00615311302250186,0.012220894074385308,30.7655651125093,0.00615311302250186,0.0,0.0,0.0,0.012220894074385308,0,0.0,0.0,0.0,0.0,0,3.5504932327512506e-13,0.011672815118052515,1.994582025574349,f9922560961084f8c4d59ff0c368314ed0c86070282b5ead4684deae3af3aece
cancellation_shared_vs_action_dependent,23,state_varying_shared,0.05,0.99,5000,0.05009714277833331,0.00615311302250186,0.012220894074385313,30.7655651125093,0.00615311302250186,0.0,0.0,0.0,0.01222089407438531,0,2.7755575615628914e-17,0.0,0.0,2.220446049250313e-16,0,5.501710198529963e-12,0.011672815118052515,1.994582025574349,f9922560961084f8c4d59ff0c368314ed0c86070282b5ead4684deae3af3aece
cancellation_shared_vs_action_dependent,23,state_varying_shared,0.1,0.99,5000,0.10018423005337852,0.00615311302250186,0.012220894074385313,30.7655651125093,0.00615311302250186,0.0,0.0,0.0,0.012220894074385317,0,5.4643789493269423e-17,0.0,0.0,2.220446049250313e-16,0,1.7925549933295315e-11,0.011672815118052515,1.994582025574349,f9922560961084f8c4d59ff0c368314ed0c86070282b5ead4684deae3af3aece
cancellation_shared_vs_action_dependent,23,state_varying_shared,0.2,0.99,5000,0.2003628507152271,0.00615311302250186,0.012220894074385313,30.7655651125093,0.00615311302250186,0.0,0.0,0.0,0.012220894074385303,0,1.0408340855860843e-16,0.0,0.0,2.220446049250313e-16,0,1.7925549933295315e-11,0.011672815118052515,1.994582025574349,f9922560961084f8c4d59ff0c368314ed0c86070282b5ead4684deae3af3aece
cancellation_shared_vs_action_dependent,23,static_shared,0.0,1.0,5000,0.0006215265679294807,0.006215265679294807,0.01234433744887405,31.076328396474036,0.006215265679294807,0.022222222222222223,0.5,0.0,0.01234433744887405,5000,0.0,0.0,0.0,0.0,0,2.220446049250313e-16,1.0,1.0,f9922560961084f8c4d59ff0c368314ed0c86070282b5ead4684deae3af3aece
cancellation_shared_vs_action_dependent,23,static_shared,0.05,1.0,5000,0.05,0.006215265679294808,0.012344337448874046,31.07632839647404,0.006215265679294808,0.022222222222222223,0.5,0.0,0.012344337448874042,5000,1.3877787807814457e-17,0.0,0.0,1.1102230246251565e-16,0,4.026556865710518e-12,1.0,1.0,f9922560961084f8c4d59ff0c368314ed0c86070282b5ead4684deae3af3aece
cancellation_shared_vs_action_dependent,23,static_shared,0.1,1.0,5000,0.1,0.006215265679294808,0.01234433744887406,31.07632839647404,0.006215265679294808,0.022222222222222223,0.5,0.0,0.01234433744887405,5000,2.7755575615628914e-17,0.0,0.0,1.1102230246251565e-16,0,7.687073200202121e-12,1.0,1.0,f9922560961084f8c4d59ff0c368314ed0c86070282b5ead4684deae3af3aece
cancellation_shared_vs_action_dependent,23,static_shared,0.2,1.0,5000,0.2,0.006215265679294808,0.012344337448874032,31.07632839647404,0.006215265679294808,0.022222222222222223,0.5,0.0,0.012344337448874022,5000,5.377642775528102e-17,0.0,0.0,1.1102230246251565e-16,0,1.5740075909320694e-11,1.0,1.0,f9922560961084f8c4d59ff0c368314ed0c86070282b5ead4684deae3af3aece
cancellation_shared_vs_action_dependent,23,state_varying_shared,0.0,1.0,5000,0.0006215265679294807,0.006215265679294807,0.01234433744887405,31.076328396474036,0.006215265679294807,0.022222222222222223,0.5,0.0,0.01234433744887405,5000,0.0,0.0,0.0,0.0,0,2.220446049250313e-16,0.011672815118052515,1.994582025574349,f9922560961084f8c4d59ff0c368314ed0c86070282b5ead4684deae3af3aece
cancellation_shared_vs_action_dependent,23,state_varying_shared,0.05,1.0,5000,0.05009725947313176,0.006215265679294808,0.012344337448874046,31.07632839647404,0.006215265679294808,0.022222222222222223,0.5,0.0,0.012344337448874042,5000,2.7321894746634712e-17,0.0,0.0,2.220446049250313e-16,0,7.687073200202121e-12,0.011672815118052515,1.994582025574349,f9922560961084f8c4d59ff0c368314ed0c86070282b5ead4684deae3af3aece
cancellation_shared_vs_action_dependent,23,state_varying_shared,0.1,1.0,5000,0.10018430526033459,0.006215265679294808,0.01234433744887406,31.07632839647404,0.006215265679294808,0.022222222222222223,0.5,0.0,0.01234433744887405,5000,5.204170427930421e-17,0.0,0.0,2.220446049250313e-16,0,1.5740075909320694e-11,0.011672815118052515,1.994582025574349,f9922560961084f8c4d59ff0c368314ed0c86070282b5ead4684deae3af3aece
cancellation_shared_vs_action_dependent,23,state_varying_shared,0.2,1.0,5000,0.20036288150796727,0.006215265679294808,0.012344337448874032,31.07632839647404,0.006215265679294808,0.022222222222222223,0.5,0.0,0.012344337448874022,5000,1.0364972768961422e-16,0.0,0.0,2.220446049250313e-16,0,3.11143333320274e-11,0.011672815118052515,1.994582025574349,f9922560961084f8c4d59ff0c368314ed0c86070282b5ead4684deae3af3aece
cancellation_shared_vs_action_dependent,23,static_shared,0.0,1.01,5000,0.0006277418336087756,0.0062774183360877565,0.01246778082336279,31.387091680438783,0.0062774183360877565,0.022222222222222223,1.0,1.0,0.01234433744887405,5000,0.0,0.0,0.0,0.0,0,3.5504932327512506e-13,1.0,1.0,f9922560961084f8c4d59ff0c368314ed0c86070282b5ead4684deae3af3aece
cancellation_shared_vs_action_dependent,23,static_shared,0.05,1.01,5000,0.05,0.006277418336087756,0.012467780823362792,31.38709168043878,0.006277418336087756,0.022222222222222223,1.0,1.0,0.01234433744887405,5000,1.3877787807814457e-17,0.0,0.0,1.1102230246251565e-16,0,1.9269030815394217e-12,1.0,1.0,f9922560961084f8c4d59ff0c368314ed0c86070282b5ead4684deae3af3aece
cancellation_shared_vs_action_dependent,23,static_shared,0.1,1.01,5000,0.1,0.006277418336087756,0.012467780823362778,31.38709168043878,0.006277418336087756,0.022222222222222223,1.0,1.0,0.01234433744887405,5000,2.688821387764051e-17,0.0,0.0,1.1102230246251565e-16,0,9.872325179571817e-12,1.0,1.0,f9922560961084f8c4d59ff0c368314ed0c86070282b5ead4684deae3af3aece
cancellation_shared_vs_action_dependent,23,static_shared,0.2,1.01,5000,0.2,0.006277418336087756,0.012467780823362806,31.38709168043878,0.006277418336087756,0.022222222222222223,1.0,1.0,0.01234433744887405,5000,5.377642775528102e-17,0.0,0.0,1.1102230246251565e-16,0,1.3554934952253461e-11,1.0,1.0,f9922560961084f8c4d59ff0c368314ed0c86070282b5ead4684deae3af3aece
cancellation_shared_vs_action_dependent,23,state_varying_shared,0.0,1.01,5000,0.0006277418336087756,0.0062774183360877565,0.01246778082336279,31.387091680438783,0.0062774183360877565,0.022222222222222223,1.0,1.0,0.01234433744887405,5000,0.0,0.0,0.0,0.0,0,3.5504932327512506e-13,0.011672815118052515,1.994582025574349,f9922560961084f8c4d59ff0c368314ed0c86070282b5ead4684deae3af3aece
cancellation_shared_vs_action_dependent,23,state_varying_shared,0.05,1.01,5000,0.050097377025700114,0.006277418336087756,0.012467780823362792,31.38709168043878,0.006277418336087756,0.022222222222222223,1.0,1.0,0.01234433744887405,5000,2.6020852139652106e-17,0.0,0.0,2.220446049250313e-16,0,9.872325179571817e-12,0.011672815118052515,1.994582025574349,f9922560961084f8c4d59ff0c368314ed0c86070282b5ead4684deae3af3aece
cancellation_shared_vs_action_dependent,23,state_varying_shared,0.1,1.01,5000,0.10018438046729068,0.006277418336087756,0.012467780823362778,31.38709168043878,0.006277418336087756,0.022222222222222223,1.0,1.0,0.01234433744887405,5000,5.637851296924623e-17,0.0,0.0,2.220446049250313e-16,0,1.3554934952253461e-11,0.011672815118052515,1.994582025574349,f9922560961084f8c4d59ff0c368314ed0c86070282b5ead4684deae3af3aece
cancellation_shared_vs_action_dependent,23,state_varying_shared,0.2,1.01,5000,0.2003629124310266,0.0062774183360877565,0.012467780823362806,31.387091680438783,0.0062774183360877565,0.022222222222222223,1.0,1.0,0.01234433744887405,5000,1.0234868508263162e-16,0.0,0.0,2.220446049250313e-16,0,1.3554934952253461e-11,0.011672815118052515,1.994582025574349,f9922560961084f8c4d59ff0c368314ed0c86070282b5ead4684deae3af3aece
cancellation_shared_vs_action_dependent,23,static_shared,0.0,1.5,5000,0.0009322898518942212,0.009322898518942212,0.018516506173311076,46.61449259471106,0.009322898518942212,0.022222222222222223,1.0,1.0,0.01234433744887405,5000,0.0,0.0,0.0,0.0,0,1.829647544582258e-13,1.0,1.0,f9922560961084f8c4d59ff0c368314ed0c86070282b5ead4684deae3af3aece
cancellation_shared_vs_action_dependent,23,static_shared,0.05,1.5,5000,0.05,0.009322898518942212,0.018516506173311076,46.61449259471106,0.009322898518942212,0.022222222222222223,1.0,1.0,0.01234433744887405,5000,1.734723475976807e-17,0.0,0.0,1.1102230246251565e-16,0,1.8496315590255108e-12,1.0,1.0,f9922560961084f8c4d59ff0c368314ed0c86070282b5ead4684deae3af3aece
cancellation_shared_vs_action_dependent,23,static_shared,0.1,1.5,5000,0.1,0.009322898518942212,0.018516506173311076,46.61449259471106,0.009322898518942212,0.022222222222222223,1.0,1.0,0.01234433744887405,5000,3.469446951953614e-17,0.0,0.0,1.1102230246251565e-16,0,3.530953307517848e-12,1.0,1.0,f9922560961084f8c4d59ff0c368314ed0c86070282b5ead4684deae3af3aece
cancellation_shared_vs_action_dependent,23,static_shared,0.2,1.5,5000,0.2,0.009322898518942212,0.018516506173311076,46.61449259471106,0.009322898518942212,0.022222222222222223,1.0,1.0,0.01234433744887405,5000,6.938893903907228e-17,0.0,0.0,1.1102230246251565e-16,0,7.2299943809639444e-12,1.0,1.0,f9922560961084f8c4d59ff0c368314ed0c86070282b5ead4684deae3af3aece
cancellation_shared_vs_action_dependent,23,state_varying_shared,0.0,1.5,5000,0.0009322898518942212,0.009322898518942212,0.018516506173311076,46.61449259471106,0.009322898518942212,0.022222222222222223,1.0,1.0,0.01234433744887405,5000,0.0,0.0,0.0,0.0,0,1.829647544582258e-13,0.011672815118052515,1.994582025574349,f9922560961084f8c4d59ff0c368314ed0c86070282b5ead4684deae3af3aece
cancellation_shared_vs_action_dependent,23,state_varying_shared,0.05,1.5,5000,0.050103642388177015,0.009322898518942212,0.018516506173311076,46.61449259471106,0.009322898518942212,0.022222222222222223,1.0,1.0,0.01234433744887405,5000,2.7755575615628914e-17,0.0,0.0,1.1102230246251565e-16,0,3.530953307517848e-12,0.011672815118052515,1.994582025574349,f9922560961084f8c4d59ff0c368314ed0c86070282b5ead4684deae3af3aece
cancellation_shared_vs_action_dependent,23,state_varying_shared,0.1,1.5,5000,0.10018892616353298,0.009322898518942212,0.018516506173311076,46.61449259471106,0.009322898518942212,0.022222222222222223,1.0,1.0,0.01234433744887405,5000,6.938893903907228e-17,0.0,0.0,2.220446049250313e-16,0,7.2299943809639444e-12,0.011672815118052515,1.994582025574349,f9922560961084f8c4d59ff0c368314ed0c86070282b5ead4684deae3af3aece
cancellation_shared_vs_action_dependent,23,state_varying_shared,0.2,1.5,5000,0.20036517631215983,0.009322898518942213,0.018516506173311076,46.614492594711066,0.009322898518942213,0.022222222222222223,1.0,1.0,0.01234433744887405,5000,1.0928757898653885e-16,0.0,0.0,2.220446049250313e-16,0,4.6671333464587406e-11,0.011672815118052515,1.994582025574349,f9922560961084f8c4d59ff0c368314ed0c86070282b5ead4684deae3af3aece
cancellation_shared_vs_action_dependent,24,static_shared,0.0,0.0,5000,0.0,0.0,0.0,0.0,0.0,0.0,0.0,0.0,0.0,0,0.0,0.0,0.0,0.0,0,0.0,1.0,1.0,d34df0ee35d5cdde507390d5c13f29c2ace3be843284c17069fa152433665f95
cancellation_shared_vs_action_dependent,24,static_shared,0.05,0.0,5000,0.05,4.466566005945083e-17,1.1102230246251565e-16,2.2332830029725415e-13,4.466566005945083e-17,0.0,0.0,0.0,1.1102230246251565e-16,0,1.1102230246251565e-16,0.0,0.0,1.1102230246251565e-16,0,2.5575543954888122e-11,1.0,1.0,d34df0ee35d5cdde507390d5c13f29c2ace3be843284c17069fa152433665f95
cancellation_shared_vs_action_dependent,24,static_shared,0.1,0.0,5000,0.1,5.0387471972612727e-17,1.1102230246251565e-16,2.5193735986306365e-13,5.0387471972612727e-17,0.0,0.0,0.0,1.1102230246251565e-16,0,1.1102230246251565e-16,0.0,0.0,1.1102230246251565e-16,0,2.5575543954888122e-11,1.0,1.0,d34df0ee35d5cdde507390d5c13f29c2ace3be843284c17069fa152433665f95
cancellation_shared_vs_action_dependent,24,static_shared,0.2,0.0,5000,0.2,7.567280135845067e-17,1.1102230246251565e-16,3.7836400679225335e-13,7.567280135845067e-17,0.0,0.0,0.0,1.1102230246251565e-16,0,1.1102230246251565e-16,0.0,0.0,1.1102230246251565e-16,0,2.5575543954888122e-11,1.0,1.0,d34df0ee35d5cdde507390d5c13f29c2ace3be843284c17069fa152433665f95
cancellation_shared_vs_action_dependent,24,state_varying_shared,0.0,0.0,5000,0.0,0.0,0.0,0.0,0.0,0.0,0.0,0.0,0.0,0,0.0,0.0,0.0,0.0,0,0.0,0.01769589843168029,1.992733927905597,d34df0ee35d5cdde507390d5c13f29c2ace3be843284c17069fa152433665f95
cancellation_shared_vs_action_dependent,24,state_varying_shared,0.05,0.0,5000,0.05633898323384139,4.00830410529629e-17,1.6653345369377348e-16,2.004152052648145e-13,4.00830410529629e-17,0.0,0.0,0.0,1.1102230246251565e-16,0,1.6653345369377348e-16,0.0,0.0,1.1102230246251565e-16,0,8.50803828252518e-12,0.01769589843168029,1.992733927905597,d34df0ee35d5cdde507390d5c13f29c2ace3be843284c17069fa152433665f95
cancellation_shared_vs_action_dependent,24,state_varying_shared,0.1,0.0,5000,0.11267796646768279,4.9095449927705205e-17,1.6653345369377348e-16,2.45477249638526e-13,4.9095449927705205e-17,0.0,0.0,0.0,2.220446049250313e-16,0,1.6653345369377348e-16,0.0,0.0,2.220446049250313e-16,0,2.5575543954888122e-11,0.01769589843168029,1.992733927905597,d34df0ee35d5cdde507390d5c13f29c2ace3be843284c17069fa152433665f95
cancellation_shared_vs_action_dependent,24,state_varying_shared,0.2,0.0,5000,0.22535593293536557,6.702624566479187e-17,2.220446049250313e-16,3.3513122832395936e-13,6.702624566479187e-17,0.0,0.0,0.0,2.220446049250313e-16,0,2.220446049250313e-16,0.0,0.0,2.220446049250313e-16,0,5.1151087909776244e-11,0.01769589843168029,1.992733927905597,d34df0ee35d5cdde507390d5c13f29c2ace3be843284c17069fa152433665f95
cancellation_shared_vs_action_dependent,24,static_shared,0.0,0.5,5000,0.0003001772700969591,0.003001772700969591,0.0061702597922242254,15.008863504847955,0.003001772700969591,0.0,0.0,0.0,0.006170259792224225,0,0.0,0.0,0.0,0.0,0,9.992007221626409e-14,1.0,1.0,d34df0ee35d5cdde507390d5c13f29c2ace3be843284c17069fa152433665f95
cancellation_shared_vs_action_dependent,24,static_shared,0.05,0.5,5000,0.05,0.003001772700969591,0.006170259792224228,15.008863504847955,0.003001772700969591,0.0,0.0,0.0,0.006170259792224225,0,1.3877787807814457e-17,0.0,0.0,1.1102230246251565e-16,0,1.4985790386390363e-12,1.0,1.0,d34df0ee35d5cdde507390d5c13f29c2ace3be843284c17069fa152433665f95
cancellation_shared_vs_action_dependent,24,static_shared,0.1,0.5,5000,0.1,0.003001772700969591,0.006170259792224214,15.008863504847955,0.003001772700969591,0.0,0.0,0.0,0.006170259792224211,0,2.7755575615628914e-17,0.0,0.0,1.1102230246251565e-16,0,2.4482638139033952e-12,1.0,1.0,d34df0ee35d5cdde507390d5c13f29c2ace3be843284c17069fa152433665f95
cancellation_shared_vs_action_dependent,24,static_shared,0.2,0.5,5000,0.2,0.0030017727009695903,0.006170259792224242,15.008863504847952,0.0030017727009695903,0.0,0.0,0.0,0.006170259792224266,0,6.938893903907228e-17,0.0,0.0,1.1102230246251565e-16,0,1.1289191803598442e-11,1.0,1.0,d34df0ee35d5cdde507390d5c13f29c2ace3be843284c17069fa152433665f95
cancellation_shared_vs_action_dependent,24,state_varying_shared,0.0,0.5,5000,0.0003001772700969591,0.003001772700969591,0.0061702597922242254,15.008863504847955,0.003001772700969591,0.0,0.0,0.0,0.006170259792224225,0,0.0,0.0,0.0,0.0,0,9.992007221626409e-14,0.01769589843168029,1.992733927905597,d34df0ee35d5cdde507390d5c13f29c2ace3be843284c17069fa152433665f95
cancellation_shared_vs_action_dependent,24,state_varying_shared,0.05,0.5,5000,0.05633960829114593,0.003001772700969591,0.006170259792224214,15.008863504847955,0.003001772700969591,0.0,0.0,0.0,0.006170259792224211,0,2.7755575615628914e-17,0.0,0.0,1.1102230246251565e-16,0,2.4482638139033952e-12,0.01769589843168029,1.992733927905597,d34df0ee35d5cdde507390d5c13f29c2ace3be843284c17069fa152433665f95
cancellation_shared_vs_action_dependent,24,state_varying_shared,0.1,0.5,5000,0.11267810136076117,0.0030017727009695907,0.006170259792224242,15.008863504847954,0.0030017727009695907,0.0,0.0,0.0,0.006170259792224266,0,6.938893903907228e-17,0.0,0.0,2.220446049250313e-16,0,1.1289191803598442e-11,0.01769589843168029,1.992733927905597,d34df0ee35d5cdde507390d5c13f29c2ace3be843284c17069fa152433665f95
cancellation_shared_vs_action_dependent,24,state_varying_shared,0.2,0.5,5000,0.22535593293536557,0.0030017727009695907,0.006170259792224186,15.008863504847954,0.0030017727009695907,0.0,0.0,0.0,0.006170259792224211,0,1.0755285551056204e-16,0.0,0.0,2.220446049250313e-16,0,1.4286349880876514e-11,0.01769589843168029,1.992733927905597,d34df0ee35d5cdde507390d5c13f29c2ace3be843284c17069fa152433665f95
cancellation_shared_vs_action_dependent,24,static_shared,0.0,0.99,5000,0.000594350994791979,0.00594350994791979,0.012217114388603968,29.71754973959895,0.00594350994791979,0.0,0.0,0.0,0.012217114388603968,0,0.0,0.0,0.0,0.0,0,1.978417429882029e-13,1.0,1.0,d34df0ee35d5cdde507390d5c13f29c2ace3be843284c17069fa152433665f95
cancellation_shared_vs_action_dependent,24,static_shared,0.05,0.99,5000,0.05,0.00594350994791979,0.01221711438860397,29.71754973959895,0.00594350994791979,0.0,0.0,0.0,0.012217114388603966,0,1.3877787807814457e-17,0.0,0.0,1.1102230246251565e-16,0,2.1999069232947477e-12,1.0,1.0,d34df0ee35d5cdde507390d5c13f29c2ace3be843284c17069fa152433665f95
cancellation_shared_vs_action_dependent,24,static_shared,0.1,0.99,5000,0.1,0.00594350994791979,0.012217114388603956,29.71754973959895,0.00594350994791979,0.0,0.0,0.0,0.012217114388603952,0,2.7755575615628914e-17,0.0,0.0,1.1102230246251565e-16,0,2.1999069232947477e-12,1.0,1.0,d34df0ee35d5cdde507390d5c13f29c2ace3be843284c17069fa152433665f95
cancellation_shared_vs_action_dependent,24,static_shared,0.2,0.99,5000,0.2,0.00594350994791979,0.012217114388603956,29.71754973959895,0.00594350994791979,0.0,0.0,0.0,0.01221711438860398,0,5.4643789493269423e-17,0.0,0.0,1.1102230246251565e-16,0,1.058786391894273e-11,1.0,1.0,d34df0ee35d5cdde507390d5c13f29c2ace3be843284c17069fa152433665f95
cancellation_shared_vs_action_dependent,24,state_varying_shared,0.0,0.99,5000,0.000594350994791979,0.00594350994791979,0.012217114388603968,29.71754973959895,0.00594350994791979,0.0,0.0,0.0,0.012217114388603968,0,0.0,0.0,0.0,0.0,0,1.978417429882029e-13,0.01769589843168029,1.992733927905597,d34df0ee35d5cdde507390d5c13f29c2ace3be843284c17069fa152433665f95
cancellation_shared_vs_action_dependent,24,state_varying_shared,0.05,0.99,5000,0.05634194777920422,0.00594350994791979,0.012217114388603956,29.71754973959895,0.00594350994791979,0.0,0.0,0.0,0.012217114388603952,0,2.7755575615628914e-17,0.0,0.0,2.220446049250313e-16,0,2.1999069232947477e-12,0.01769589843168029,1.992733927905597,d34df0ee35d5cdde507390d5c13f29c2ace3be843284c17069fa152433665f95
cancellation_shared_vs_action_dependent,24,state_varying_shared,0.1,0.99,5000,0.1126791865621944,0.005943509947919791,0.012217114388603956,29.717549739598955,0.005943509947919791,0.0,0.0,0.0,0.01221711438860398,0,5.551115123125783e-17,0.0,0.0,2.220446049250313e-16,0,1.058786391894273e-11,0.01769589843168029,1.992733927905597,d34df0ee35d5cdde507390d5c13f29c2ace3be843284c17069fa152433665f95
cancellation_shared_vs_action_dependent,24,state_varying_shared,0.2,0.99,5000,0.22535619054082778,0.00594350994791979,0.012217114388603956,29.71754973959895,0.00594350994791979,0.0,0.0,0.0,0.01221711438860398,0,1.1102230246251565e-16,0.0,0.0,2.220446049250313e-16,0,1.058786391894273e-11,0.01769589843168029,1.992733927905597,d34df0ee35d5cdde507390d5c13f29c2ace3be843284c17069fa152433665f95
cancellation_shared_vs_action_dependent,24,static_shared,0.0,1.0,5000,0.0006003545401939182,0.006003545401939182,0.012340519584448453,30.01772700969591,0.006003545401939182,0.022222222222222223,0.5,0.0,0.012340519584448453,5000,0.0,0.0,0.0,0.0,0,2.220446049250313e-16,1.0,1.0,d34df0ee35d5cdde507390d5c13f29c2ace3be843284c17069fa152433665f95
cancellation_shared_vs_action_dependent,24,static_shared,0.05,1.0,5000,0.05,0.006003545401939182,0.012340519584448456,30.01772700969591,0.006003545401939182,0.022222222222222223,0.5,0.0,0.012340519584448453,5000,1.3877787807814457e-17,0.0,0.0,1.1102230246251565e-16,0,2.9971580772780726e-12,1.0,1.0,d34df0ee35d5cdde507390d5c13f29c2ace3be843284c17069fa152433665f95
cancellation_shared_vs_action_dependent,24,static_shared,0.1,1.0,5000,0.1,0.006003545401939182,0.012340519584448456,30.01772700969591,0.006003545401939182,0.022222222222222223,0.5,0.0,0.012340519584448453,5000,2.7755575615628914e-17,0.0,0.0,1.1102230246251565e-16,0,2.9971580772780726e-12,1.0,1.0,d34df0ee35d5cdde507390d5c13f29c2ace3be843284c17069fa152433665f95
cancellation_shared_vs_action_dependent,24,static_shared,0.2,1.0,5000,0.2,0.006003545401939182,0.012340519584448428,30.01772700969591,0.006003545401939182,0.022222222222222223,0.5,0.0,0.012340519584448453,5000,5.4643789493269423e-17,0.0,0.0,1.1102230246251565e-16,0,4.8965276278067904e-12,1.0,1.0,d34df0ee35d5cdde507390d5c13f29c2ace3be843284c17069fa152433665f95
cancellation_shared_vs_action_dependent,24,state_varying_shared,0.0,1.0,5000,0.0006003545401939182,0.006003545401939182,0.012340519584448453,30.01772700969591,0.006003545401939182,0.022222222222222223,0.5,0.0,0.012340519584448453,5000,0.0,0.0,0.0,0.0,0,2.220446049250313e-16,0.01769589843168029,1.992733927905597,d34df0ee35d5cdde507390d5c13f29c2ace3be843284c17069fa152433665f95
cancellation_shared_vs_action_dependent,24,state_varying_shared,0.05,1.0,5000,0.05634201346443832,0.006003545401939182,0.012340519584448456,30.01772700969591,0.006003545401939182,0.022222222222222223,0.5,0.0,0.012340519584448453,5000,2.7755575615628914e-17,0.0,0.0,1.1102230246251565e-16,0,2.9971580772780726e-12,0.01769589843168029,1.992733927905597,d34df0ee35d5cdde507390d5c13f29c2ace3be843284c17069fa152433665f95
cancellation_shared_vs_action_dependent,24,state_varying_shared,0.1,1.0,5000,0.11267921658229187,0.006003545401939182,0.012340519584448428,30.01772700969591,0.006003545401939182,0.022222222222222223,0.5,0.0,0.012340519584448453,5000,5.4643789493269423e-17,0.0,0.0,2.220446049250313e-16,0,4.8965276278067904e-12,0.01769589843168029,1.992733927905597,d34df0ee35d5cdde507390d5c13f29c2ace3be843284c17069fa152433665f95
cancellation_shared_vs_action_dependent,24,state_varying_shared,0.2,1.0,5000,0.22535620272152235,0.006003545401939182,0.012340519584448484,30.01772700969591,0.006003545401939182,0.022222222222222223,0.5,0.0,0.012340519584448453,5000,1.0928757898653885e-16,0.0,0.0,2.220446049250313e-16,0,2.2578383607196884e-11,0.01769589843168029,1.992733927905597,d34df0ee35d5cdde507390d5c13f29c2ace3be843284c17069fa152433665f95
cancellation_shared_vs_action_dependent,24,static_shared,0.0,1.01,5000,0.0006063580855958573,0.006063580855958574,0.012463924780292937,30.31790427979287,0.006063580855958574,0.022222222222222223,1.0,1.0,0.012340519584448453,5000,0.0,0.0,0.0,0.0,0,1.978417429882029e-13,1.0,1.0,d34df0ee35d5cdde507390d5c13f29c2ace3be843284c17069fa152433665f95
cancellation_shared_vs_action_dependent,24,static_shared,0.05,1.01,5000,0.05,0.006063580855958574,0.012463924780292943,30.31790427979287,0.006063580855958574,0.022222222222222223,1.0,1.0,0.012340519584448453,5000,1.3877787807814457e-17,0.0,0.0,1.1102230246251565e-16,0,2.5994761898573415e-12,1.0,1.0,d34df0ee35d5cdde507390d5c13f29c2ace3be843284c17069fa152433665f95
cancellation_shared_vs_action_dependent,24,static_shared,0.1,1.01,5000,0.1,0.006063580855958574,0.012463924780292929,30.31790427979287,0.006063580855958574,0.022222222222222223,1.0,1.0,0.012340519584448453,5000,2.949029909160572e-17,0.0,0.0,1.1102230246251565e-16,0,3.794298208958935e-12,1.0,1.0,d34df0ee35d5cdde507390d5c13f29c2ace3be843284c17069fa152433665f95
cancellation_shared_vs_action_dependent,24,static_shared,0.2,1.01,5000,0.2,0.006063580855958575,0.012463924780292956,30.317904279792874,0.006063580855958575,0.022222222222222223,1.0,1.0,0.012340519584448453,5000,7.28583859910259e-17,0.0,0.0,1.1102230246251565e-16,0,8.993472633278543e-12,1.0,1.0,d34df0ee35d5cdde507390d5c13f29c2ace3be843284c17069fa152433665f95
cancellation_shared_vs_action_dependent,24,state_varying_shared,0.0,1.01,5000,0.0006063580855958573,0.006063580855958574,0.012463924780292937,30.31790427979287,0.006063580855958574,0.022222222222222223,1.0,1.0,0.012340519584448453,5000,0.0,0.0,0.0,0.0,0,1.978417429882029e-13,0.01769589843168029,1.992733927905597,d34df0ee35d5cdde507390d5c13f29c2ace3be843284c17069fa152433665f95
cancellation_shared_vs_action_dependent,24,state_varying_shared,0.05,1.01,5000,0.05634208087500871,0.006063580855958574,0.012463924780292929,30.31790427979287,0.006063580855958574,0.022222222222222223,1.0,1.0,0.012340519584448453,5000,2.949029909160572e-17,0.0,0.0,2.220446049250313e-16,0,3.794298208958935e-12,0.01769589843168029,1.992733927905597,d34df0ee35d5cdde507390d5c13f29c2ace3be843284c17069fa152433665f95
cancellation_shared_vs_action_dependent,24,state_varying_shared,0.1,1.01,5000,0.1126792480311139,0.006063580855958574,0.012463924780292956,30.31790427979287,0.006063580855958574,0.022222222222222223,1.0,1.0,0.012340519584448453,5000,7.28583859910259e-17,0.0,0.0,2.220446049250313e-16,0,8.993472633278543e-12,0.01769589843168029,1.992733927905597,d34df0ee35d5cdde507390d5c13f29c2ace3be843284c17069fa152433665f95
cancellation_shared_vs_action_dependent,24,state_varying_shared,0.2,1.01,5000,0.22535621588801383,0.006063580855958574,0.012463924780292901,30.31790427979287,0.006063580855958574,0.022222222222222223,1.0,1.0,0.012340519584448453,5000,1.0581813203458523e-16,0.0,0.0,2.220446049250313e-16,0,1.6582069051196413e-11,0.01769589843168029,1.992733927905597,d34df0ee35d5cdde507390d5c13f29c2ace3be843284c17069fa152433665f95
cancellation_shared_vs_action_dependent,24,static_shared,0.0,1.5,5000,0.0009005318102908774,0.009005318102908774,0.018510779376672677,45.02659051454387,0.009005318102908774,0.022222222222222223,1.0,1.0,0.012340519584448453,5000,0.0,0.0,0.0,0.0,0,9.992007221626409e-14,1.0,1.0,d34df0ee35d5cdde507390d5c13f29c2ace3be843284c17069fa152433665f95
cancellation_shared_vs_action_dependent,24,static_shared,0.05,1.5,5000,0.05,0.009005318102908774,0.01851077937667267,45.02659051454387,0.009005318102908774,0.022222222222222223,1.0,1.0,0.012340519584448453,5000,1.3877787807814457e-17,0.0,0.0,1.1102230246251565e-16,0,1.8982593275040927e-12,1.0,1.0,d34df0ee35d5cdde507390d5c13f29c2ace3be843284c17069fa152433665f95
cancellation_shared_vs_action_dependent,24,static_shared,0.1,1.5,5000,0.1,0.009005318102908774,0.01851077937667267,45.02659051454387,0.009005318102908774,0.022222222222222223,1.0,1.0,0.012340519584448453,5000,2.7755575615628914e-17,0.0,0.0,1.1102230246251565e-16,0,4.495737115917109e-12,1.0,1.0,d34df0ee35d5cdde507390d5c13f29c2ace3be843284c17069fa152433665f95
cancellation_shared_vs_action_dependent,24,static_shared,0.2,1.5,5000,0.2,0.009005318102908772,0.01851077937667267,45.026590514543855,0.009005318102908772,0.022222222222222223,1.0,1.0,0.012340519584448453,5000,5.551115123125783e-17,0.0,0.0,1.1102230246251565e-16,0,8.292033726320369e-12,1.0,1.0,d34df0ee35d5cdde507390d5c13f29c2ace3be843284c17069fa152433665f95
cancellation_shared_vs_action_dependent,24,state_varying_shared,0.0,1.5,5000,0.0009005318102908774,0.009005318102908774,0.018510779376672677,45.02659051454387,0.009005318102908774,0.022222222222222223,1.0,1.0,0.012340519584448453,5000,0.0,0.0,0.0,0.0,0,9.992007221626409e-14,0.01769589843168029,1.992733927905597,d34df0ee35d5cdde507390d5c13f29c2ace3be843284c17069fa152433665f95
cancellation_shared_vs_action_dependent,24,state_varying_shared,0.05,1.5,5000,0.05634596206821741,0.009005318102908774,0.01851077937667267,45.02659051454387,0.009005318102908774,0.022222222222222223,1.0,1.0,0.012340519584448453,5000,2.7755575615628914e-17,0.0,0.0,1.1102230246251565e-16,0,4.495737115917109e-12,0.01769589843168029,1.992733927905597,d34df0ee35d5cdde507390d5c13f29c2ace3be843284c17069fa152433665f95
cancellation_shared_vs_action_dependent,24,state_varying_shared,0.1,1.5,5000,0.11268120496015635,0.009005318102908772,0.01851077937667267,45.026590514543855,0.009005318102908772,0.022222222222222223,1.0,1.0,0.012340519584448453,5000,5.204170427930421e-17,0.0,0.0,2.220446049250313e-16,0,8.292033726320369e-12,0.01769589843168029,1.992733927905597,d34df0ee35d5cdde507390d5c13f29c2ace3be843284c17069fa152433665f95
cancellation_shared_vs_action_dependent,24,state_varying_shared,0.2,1.5,5000,0.22535715831044378,0.009005318102908774,0.01851077937667267,45.02659051454387,0.009005318102908774,0.022222222222222223,1.0,1.0,0.012340519584448453,5000,1.0581813203458523e-16,0.0,0.0,2.220446049250313e-16,0,8.292033726320369e-12,0.01769589843168029,1.992733927905597,d34df0ee35d5cdde507390d5c13f29c2ace3be843284c17069fa152433665f95
cancellation_shared_vs_action_dependent,25,static_shared,0.0,0.0,5000,0.0,0.0,0.0,0.0,0.0,0.0,0.0,0.0,0.0,0,0.0,0.0,0.0,0.0,0,0.0,1.0,1.0,dec966ed2ce50893c81eddbfb1e64b0c90a1f66e8320bf6354d2244907fd819f
cancellation_shared_vs_action_dependent,25,static_shared,0.05,0.0,5000,0.05,4.397593400540245e-17,1.1102230246251565e-16,2.1987967002701225e-13,4.397593400540245e-17,0.0,0.0,0.0,1.1102230246251565e-16,0,1.1102230246251565e-16,0.0,0.0,1.1102230246251565e-16,0,4.6851253044404714e-11,1.0,1.0,dec966ed2ce50893c81eddbfb1e64b0c90a1f66e8320bf6354d2244907fd819f
cancellation_shared_vs_action_dependent,25,static_shared,0.1,0.0,5000,0.1,5.000166947155549e-17,1.1102230246251565e-16,2.5000834735777744e-13,5.000166947155549e-17,0.0,0.0,0.0,1.1102230246251565e-16,0,1.1102230246251565e-16,0.0,0.0,1.1102230246251565e-16,0,4.6851253044404714e-11,1.0,1.0,dec966ed2ce50893c81eddbfb1e64b0c90a1f66e8320bf6354d2244907fd819f
cancellation_shared_vs_action_dependent,25,static_shared,0.2,0.0,5000,0.2,7.384093336781916e-17,1.1102230246251565e-16,3.692046668390958e-13,7.384093336781916e-17,0.0,0.0,0.0,1.1102230246251565e-16,0,1.1102230246251565e-16,0.0,0.0,1.1102230246251565e-16,0,7.430753021522853e-11,1.0,1.0,dec966ed2ce50893c81eddbfb1e64b0c90a1f66e8320bf6354d2244907fd819f
cancellation_shared_vs_action_dependent,25,state_varying_shared,0.0,0.0,5000,0.0,0.0,0.0,0.0,0.0,0.0,0.0,0.0,0.0,0,0.0,0.0,0.0,0.0,0,0.0,0.01730808161102193,1.9850012414682057,dec966ed2ce50893c81eddbfb1e64b0c90a1f66e8320bf6354d2244907fd819f
cancellation_shared_vs_action_dependent,25,state_varying_shared,0.05,0.0,5000,0.0478826088563191,3.866481787517806e-17,1.6653345369377348e-16,1.933240893758903e-13,3.866481787517806e-17,0.0,0.0,0.0,2.220446049250313e-16,0,1.6653345369377348e-16,0.0,0.0,2.220446049250313e-16,0,3.7153765107614263e-11,0.01730808161102193,1.9850012414682057,dec966ed2ce50893c81eddbfb1e64b0c90a1f66e8320bf6354d2244907fd819f
cancellation_shared_vs_action_dependent,25,state_varying_shared,0.1,0.0,5000,0.0957652177126382,4.533491637648268e-17,1.6653345369377348e-16,2.266745818824134e-13,4.533491637648268e-17,0.0,0.0,0.0,2.220446049250313e-16,0,1.6653345369377348e-16,0.0,0.0,2.220446049250313e-16,0,4.6851253044404714e-11,0.01730808161102193,1.9850012414682057,dec966ed2ce50893c81eddbfb1e64b0c90a1f66e8320bf6354d2244907fd819f
cancellation_shared_vs_action_dependent,25,state_varying_shared,0.2,0.0,5000,0.1915304354252764,5.947395353977924e-17,2.220446049250313e-16,2.9736976769889623e-13,5.947395353977924e-17,0.0,0.0,0.0,2.220446049250313e-16,0,2.220446049250313e-16,0.0,0.0,2.220446049250313e-16,0,4.6851253044404714e-11,0.01730808161102193,1.9850012414682057,dec966ed2ce50893c81eddbfb1e64b0c90a1f66e8320bf6354d2244907fd819f
cancellation_shared_vs_action_dependent,25,static_shared,0.0,0.5,5000,0.00029999878670252777,0.0029999878670252775,0.0061711755831254066,14.999939335126388,0.0029999878670252775,0.0,0.0,0.0,0.0061711755831254066,0,0.0,0.0,0.0,0.0,0,2.902122986370159e-13,1.0,1.0,dec966ed2ce50893c81eddbfb1e64b0c90a1f66e8320bf6354d2244907fd819f
cancellation_shared_vs_action_dependent,25,static_shared,0.05,0.5,5000,0.05,0.0029999878670252775,0.00617117558312541,14.999939335126388,0.0029999878670252775,0.0,0.0,0.0,0.00617117558312541,0,1.3877787807814457e-17,0.0,0.0,1.1102230246251565e-16,0,8.417599950405474e-12,1.0,1.0,dec966ed2ce50893c81eddbfb1e64b0c90a1f66e8320bf6354d2244907fd819f
cancellation_shared_vs_action_dependent,25,static_shared,0.1,0.5,5000,0.1,0.0029999878670252775,0.00617117558312541,14.999939335126388,0.0029999878670252775,0.0,0.0,0.0,0.006171175583125403,0,2.7755575615628914e-17,0.0,0.0,1.1102230246251565e-16,0,1.0431766561680433e-11,1.0,1.0,dec966ed2ce50893c81eddbfb1e64b0c90a1f66e8320bf6354d2244907fd819f
cancellation_shared_vs_action_dependent,25,static_shared,0.2,0.5,5000,0.2,0.0029999878670252775,0.00617117558312541,14.999939335126387,0.0029999878670252775,0.0,0.0,0.0,0.006171175583125403,0,5.551115123125783e-17,0.0,0.0,1.1102230246251565e-16,0,1.6570744776345236e-11,1.0,1.0,dec966ed2ce50893c81eddbfb1e64b0c90a1f66e8320bf6354d2244907fd819f
cancellation_shared_vs_action_dependent,25,state_varying_shared,0.0,0.5,5000,0.00029999878670252777,0.0029999878670252775,0.0061711755831254066,14.999939335126388,0.0029999878670252775,0.0,0.0,0.0,0.0061711755831254066,0,0.0,0.0,0.0,0.0,0,2.902122986370159e-13,0.01730808161102193,1.9850012414682057,dec966ed2ce50893c81eddbfb1e64b0c90a1f66e8320bf6354d2244907fd819f
cancellation_shared_vs_action_dependent,25,state_varying_shared,0.05,0.5,5000,0.04788296622855718,0.0029999878670252775,0.006171175583125424,14.999939335126388,0.0029999878670252775,0.0,0.0,0.0,0.006171175583125417,0,3.469446951953614e-17,0.0,0.0,2.220446049250313e-16,0,1.770605884132692e-11,0.01730808161102193,1.9850012414682057,dec966ed2ce50893c81eddbfb1e64b0c90a1f66e8320bf6354d2244907fd819f
cancellation_shared_vs_action_dependent,25,state_varying_shared,0.1,0.5,5000,0.09576528555643825,0.0029999878670252775,0.00617117558312541,14.999939335126388,0.0029999878670252775,0.0,0.0,0.0,0.006171175583125403,0,5.551115123125783e-17,0.0,0.0,2.220446049250313e-16,0,1.2993883746759138e-11,0.01730808161102193,1.9850012414682057,dec966ed2ce50893c81eddbfb1e64b0c90a1f66e8320bf6354d2244907fd819f
cancellation_shared_vs_action_dependent,25,state_varying_shared,0.2,0.5,5000,0.19153043542527645,0.002999987867025277,0.00617117558312541,14.999939335126385,0.002999987867025277,0.0,0.0,0.0,0.006171175583125403,0,1.0234868508263162e-16,0.0,0.0,2.220446049250313e-16,0,3.3857361358968774e-11,0.01730808161102193,1.9850012414682057,dec966ed2ce50893c81eddbfb1e64b0c90a1f66e8320bf6354d2244907fd819f
cancellation_shared_vs_action_dependent,25,static_shared,0.0,0.99,5000,0.0005939975976710049,0.00593997597671005,0.012218927654588305,29.69987988355025,0.00593997597671005,0.0,0.0,0.0,0.012218927654588305,0,0.0,0.0,0.0,0.0,0,2.728928194528635e-13,1.0,1.0,dec966ed2ce50893c81eddbfb1e64b0c90a1f66e8320bf6354d2244907fd819f
cancellation_shared_vs_action_dependent,25,static_shared,0.05,0.99,5000,0.05,0.00593997597671005,0.012218927654588305,29.69987988355025,0.00593997597671005,0.0,0.0,0.0,0.012218927654588305,0,1.3877787807814457e-17,0.0,0.0,1.1102230246251565e-16,0,1.7142953723237042e-11,1.0,1.0,dec966ed2ce50893c81eddbfb1e64b0c90a1f66e8320bf6354d2244907fd819f
cancellation_shared_vs_action_dependent,25,static_shared,0.1,0.99,5000,0.1,0.00593997597671005,0.012218927654588319,29.69987988355025,0.00593997597671005,0.0,0.0,0.0,0.012218927654588312,0,2.688821387764051e-17,0.0,0.0,1.1102230246251565e-16,0,1.0722311927224837e-11,1.0,1.0,dec966ed2ce50893c81eddbfb1e64b0c90a1f66e8320bf6354d2244907fd819f
cancellation_shared_vs_action_dependent,25,static_shared,0.2,0.99,5000,0.2,0.005939975976710049,0.012218927654588319,29.699879883550246,0.005939975976710049,0.0,0.0,0.0,0.012218927654588312,0,5.4643789493269423e-17,0.0,0.0,1.1102230246251565e-16,0,1.9168777676270565e-11,1.0,1.0,dec966ed2ce50893c81eddbfb1e64b0c90a1f66e8320bf6354d2244907fd819f
cancellation_shared_vs_action_dependent,25,state_varying_shared,0.0,0.99,5000,0.0005939975976710049,0.00593997597671005,0.012218927654588305,29.69987988355025,0.00593997597671005,0.0,0.0,0.0,0.012218927654588305,0,0.0,0.0,0.0,0.0,0,2.728928194528635e-13,0.01730808161102193,1.9850012414682057,dec966ed2ce50893c81eddbfb1e64b0c90a1f66e8320bf6354d2244907fd819f
cancellation_shared_vs_action_dependent,25,state_varying_shared,0.05,0.99,5000,0.04788511539293695,0.005939975976710049,0.012218927654588312,29.699879883550246,0.005939975976710049,0.0,0.0,0.0,0.012218927654588312,0,2.7755575615628914e-17,0.0,0.0,1.1102230246251565e-16,0,2.0010770818146284e-11,0.01730808161102193,1.9850012414682057,dec966ed2ce50893c81eddbfb1e64b0c90a1f66e8320bf6354d2244907fd819f
cancellation_shared_vs_action_dependent,25,state_varying_shared,0.1,0.99,5000,0.09576590768223328,0.00593997597671005,0.012218927654588319,29.69987988355025,0.00593997597671005,0.0,0.0,0.0,0.012218927654588312,0,5.551115123125783e-17,0.0,0.0,2.220446049250313e-16,0,1.9168777676270565e-11,0.01730808161102193,1.9850012414682057,dec966ed2ce50893c81eddbfb1e64b0c90a1f66e8320bf6354d2244907fd819f
cancellation_shared_vs_action_dependent,25,state_varying_shared,0.2,0.99,5000,0.191530565020802,0.005939975976710049,0.012218927654588319,29.699879883550246,0.005939975976710049,0.0,0.0,0.0,0.012218927654588312,0,1.0755285551056204e-16,0.0,0.0,2.220446049250313e-16,0,2.7682522940608578e-11,0.01730808161102193,1.9850012414682057,dec966ed2ce50893c81eddbfb1e64b0c90a1f66e8320bf6354d2244907fd819f
cancellation_shared_vs_action_dependent,25,static_shared,0.0,1.0,5000,0.0005999975734050555,0.005999975734050555,0.012342351166250813,29.999878670252777,0.005999975734050555,0.022222222222222223,0.5,0.0,0.012342351166250813,5000,0.0,0.0,0.0,0.0,0,2.220446049250313e-16,1.0,1.0,dec966ed2ce50893c81eddbfb1e64b0c90a1f66e8320bf6354d2244907fd819f
cancellation_shared_vs_action_dependent,25,static_shared,0.05,1.0,5000,0.05,0.005999975734050555,0.012342351166250813,29.999878670252777,0.005999975734050555,0.022222222222222223,0.5,0.0,0.012342351166250813,5000,1.3877787807814457e-17,0.0,0.0,1.1102230246251565e-16,0,1.103006574965093e-11,1.0,1.0,dec966ed2ce50893c81eddbfb1e64b0c90a1f66e8320bf6354d2244907fd819f
cancellation_shared_vs_action_dependent,25,static_shared,0.1,1.0,5000,0.1,0.005999975734050555,0.01234235116625082,29.999878670252777,0.005999975734050555,0.022222222222222223,0.5,0.0,0.012342351166250813,5000,2.7321894746634712e-17,0.0,0.0,1.1102230246251565e-16,0,1.683519990081095e-11,1.0,1.0,dec966ed2ce50893c81eddbfb1e64b0c90a1f66e8320bf6354d2244907fd819f
cancellation_shared_vs_action_dependent,25,static_shared,0.2,1.0,5000,0.2,0.005999975734050555,0.01234235116625082,29.999878670252777,0.005999975734050555,0.022222222222222223,0.5,0.0,0.012342351166250813,5000,5.377642775528102e-17,0.0,0.0,1.1102230246251565e-16,0,2.0863533123360867e-11,1.0,1.0,dec966ed2ce50893c81eddbfb1e64b0c90a1f66e8320bf6354d2244907fd819f
cancellation_shared_vs_action_dependent,25,state_varying_shared,0.0,1.0,5000,0.0005999975734050555,0.005999975734050555,0.012342351166250813,29.999878670252777,0.005999975734050555,0.022222222222222223,0.5,0.0,0.012342351166250813,5000,0.0,0.0,0.0,0.0,0,2.220446049250313e-16,0.01730808161102193,1.9850012414682057,dec966ed2ce50893c81eddbfb1e64b0c90a1f66e8320bf6354d2244907fd819f
cancellation_shared_vs_action_dependent,25,state_varying_shared,0.05,1.0,5000,0.04788517215885673,0.005999975734050555,0.012342351166250827,29.999878670252777,0.005999975734050555,0.022222222222222223,0.5,0.0,0.012342351166250813,5000,4.163336342344337e-17,0.0,0.0,2.220446049250313e-16,0,2.612376981403486e-11,0.01730808161102193,1.9850012414682057,dec966ed2ce50893c81eddbfb1e64b0c90a1f66e8320bf6354d2244907fd819f
cancellation_shared_vs_action_dependent,25,state_varying_shared,0.1,1.0,5000,0.09576593245711436,0.005999975734050555,0.01234235116625082,29.999878670252777,0.005999975734050555,0.022222222222222223,0.5,0.0,0.012342351166250813,5000,4.85722573273506e-17,0.0,0.0,2.220446049250313e-16,0,2.0863533123360867e-11,0.01730808161102193,1.9850012414682057,dec966ed2ce50893c81eddbfb1e64b0c90a1f66e8320bf6354d2244907fd819f
cancellation_shared_vs_action_dependent,25,state_varying_shared,0.2,1.0,5000,0.1915305711128765,0.005999975734050555,0.01234235116625082,29.999878670252777,0.005999975734050555,0.022222222222222223,0.5,0.0,0.012342351166250813,5000,1.0495077029659683e-16,0.0,0.0,2.220446049250313e-16,0,2.5987767493518277e-11,0.01730808161102193,1.9850012414682057,dec966ed2ce50893c81eddbfb1e64b0c90a1f66e8320bf6354d2244907fd819f
cancellation_shared_vs_action_dependent,25,static_shared,0.0,1.01,5000,0.0006059975491391061,0.006059975491391061,0.012465774677913322,30.299877456955304,0.006059975491391061,0.022222222222222223,1.0,1.0,0.012342351166250813,5000,0.0,0.0,0.0,0.0,0,2.728928194528635e-13,1.0,1.0,dec966ed2ce50893c81eddbfb1e64b0c90a1f66e8320bf6354d2244907fd819f
cancellation_shared_vs_action_dependent,25,static_shared,0.05,1.01,5000,0.05,0.006059975491391061,0.012465774677913322,30.299877456955304,0.006059975491391061,0.022222222222222223,1.0,1.0,0.012342351166250813,5000,1.474514954580286e-17,0.0,0.0,1.1102230246251565e-16,0,4.917177776064818e-12,1.0,1.0,dec966ed2ce50893c81eddbfb1e64b0c90a1f66e8320bf6354d2244907fd819f
cancellation_shared_vs_action_dependent,25,static_shared,0.1,1.01,5000,0.1,0.006059975491391061,0.012465774677913322,30.299877456955304,0.006059975491391061,0.022222222222222223,1.0,1.0,0.012342351166250813,5000,2.688821387764051e-17,0.0,0.0,1.1102230246251565e-16,0,1.4205525644683803e-11,1.0,1.0,dec966ed2ce50893c81eddbfb1e64b0c90a1f66e8320bf6354d2244907fd819f
cancellation_shared_vs_action_dependent,25,static_shared,0.2,1.01,5000,0.2,0.00605997549139106,0.012465774677913322,30.2998774569553,0.00605997549139106,0.022222222222222223,1.0,1.0,0.012342351166250813,5000,5.2909066017292616e-17,0.0,0.0,1.1102230246251565e-16,0,2.2948309919001986e-11,1.0,1.0,dec966ed2ce50893c81eddbfb1e64b0c90a1f66e8320bf6354d2244907fd819f
cancellation_shared_vs_action_dependent,25,state_varying_shared,0.0,1.01,5000,0.0006059975491391061,0.006059975491391061,0.012465774677913322,30.299877456955304,0.006059975491391061,0.022222222222222223,1.0,1.0,0.012342351166250813,5000,0.0,0.0,0.0,0.0,0,2.728928194528635e-13,0.01730808161102193,1.9850012414682057,dec966ed2ce50893c81eddbfb1e64b0c90a1f66e8320bf6354d2244907fd819f
cancellation_shared_vs_action_dependent,25,state_varying_shared,0.05,1.01,5000,0.047885229715267486,0.006059975491391061,0.012465774677913329,30.299877456955304,0.006059975491391061,0.022222222222222223,1.0,1.0,0.012342351166250813,5000,2.7755575615628914e-17,0.0,0.0,2.220446049250313e-16,0,9.381162513477648e-12,0.01730808161102193,1.9850012414682057,dec966ed2ce50893c81eddbfb1e64b0c90a1f66e8320bf6354d2244907fd819f
cancellation_shared_vs_action_dependent,25,state_varying_shared,0.1,1.01,5000,0.09576595723199542,0.00605997549139106,0.012465774677913322,30.2998774569553,0.00605997549139106,0.022222222222222223,1.0,1.0,0.012342351166250813,5000,5.2909066017292616e-17,0.0,0.0,2.220446049250313e-16,0,1.404432126150823e-11,0.01730808161102193,1.9850012414682057,dec966ed2ce50893c81eddbfb1e64b0c90a1f66e8320bf6354d2244907fd819f
cancellation_shared_vs_action_dependent,25,state_varying_shared,0.2,1.01,5000,0.19153057720495098,0.006059975491391061,0.012465774677913322,30.299877456955304,0.006059975491391061,0.022222222222222223,1.0,1.0,0.012342351166250813,5000,1.1015494072452725e-16,0.0,0.0,2.220446049250313e-16,0,2.2948309919001986e-11,0.01730808161102193,1.9850012414682057,dec966ed2ce50893c81eddbfb1e64b0c90a1f66e8320bf6354d2244907fd819f
cancellation_shared_vs_action_dependent,25,static_shared,0.0,1.5,5000,0.0008999963601075832,0.008999963601075833,0.01851352674937622,44.99981800537916,0.008999963601075833,0.022222222222222223,1.0,1.0,0.012342351166250813,5000,0.0,0.0,0.0,0.0,0,2.902122986370159e-13,1.0,1.0,dec966ed2ce50893c81eddbfb1e64b0c90a1f66e8320bf6354d2244907fd819f
cancellation_shared_vs_action_dependent,25,static_shared,0.05,1.5,5000,0.05,0.008999963601075833,0.018513526749376216,44.99981800537917,0.008999963601075833,0.022222222222222223,1.0,1.0,0.012342351166250813,5000,1.734723475976807e-17,0.0,0.0,1.1102230246251565e-16,0,4.212852289242619e-12,1.0,1.0,dec966ed2ce50893c81eddbfb1e64b0c90a1f66e8320bf6354d2244907fd819f
cancellation_shared_vs_action_dependent,25,static_shared,0.1,1.5,5000,0.1,0.008999963601075833,0.01851352674937623,44.99981800537917,0.008999963601075833,0.022222222222222223,1.0,1.0,0.012342351166250813,5000,3.469446951953614e-17,0.0,0.0,1.1102230246251565e-16,0,1.1900924690166903e-11,1.0,1.0,dec966ed2ce50893c81eddbfb1e64b0c90a1f66e8320bf6354d2244907fd819f
cancellation_shared_vs_action_dependent,25,static_shared,0.2,1.5,5000,0.2,0.008999963601075831,0.01851352674937623,44.999818005379154,0.008999963601075831,0.022222222222222223,1.0,1.0,0.012342351166250813,5000,5.551115123125783e-17,0.0,0.0,1.1102230246251565e-16,0,2.5252910873518886e-11,1.0,1.0,dec966ed2ce50893c81eddbfb1e64b0c90a1f66e8320bf6354d2244907fd819f
cancellation_shared_vs_action_dependent,25,state_varying_shared,0.0,1.5,5000,0.0008999963601075832,0.008999963601075833,0.01851352674937622,44.99981800537916,0.008999963601075833,0.022222222222222223,1.0,1.0,0.012342351166250813,5000,0.0,0.0,0.0,0.0,0,2.902122986370159e-13,0.01730808161102193,1.9850012414682057,dec966ed2ce50893c81eddbfb1e64b0c90a1f66e8320bf6354d2244907fd819f
cancellation_shared_vs_action_dependent,25,state_varying_shared,0.05,1.5,5000,0.047888702375795476,0.008999963601075833,0.018513526749376237,44.99981800537916,0.008999963601075833,0.022222222222222223,1.0,1.0,0.012342351166250813,5000,2.7755575615628914e-17,0.0,0.0,1.1102230246251565e-16,0,7.869482843148035e-12,0.01730808161102193,1.9850012414682057,dec966ed2ce50893c81eddbfb1e64b0c90a1f66e8320bf6354d2244907fd819f
cancellation_shared_vs_action_dependent,25,state_varying_shared,0.1,1.5,5000,0.09576774419747944,0.008999963601075831,0.01851352674937623,44.999818005379154,0.008999963601075831,0.022222222222222223,1.0,1.0,0.012342351166250813,5000,5.4643789493269423e-17,0.0,0.0,2.220446049250313e-16,0,7.869482843148035e-12,0.01730808161102193,1.9850012414682057,dec966ed2ce50893c81eddbfb1e64b0c90a1f66e8320bf6354d2244907fd819f
cancellation_shared_vs_action_dependent,25,state_varying_shared,0.2,1.5,5000,0.19153098476351377,0.008999963601075833,0.01851352674937623,44.99981800537917,0.008999963601075833,0.022222222222222223,1.0,1.0,0.012342351166250813,5000,9.71445146547012e-17,0.0,0.0,2.220446049250313e-16,0,2.5252910873518886e-11,0.01730808161102193,1.9850012414682057,dec966ed2ce50893c81eddbfb1e64b0c90a1f66e8320bf6354d2244907fd819f
cancellation_shared_vs_action_dependent,26,static_shared,0.0,0.0,5000,0.0,0.0,0.0,0.0,0.0,0.0,0.0,0.0,0.0,0,0.0,0.0,0.0,0.0,0,0.0,1.0,1.0,d5b91c7b245451978681fbf55347da0c2d2ce629c51d74194f5dc6cf64896c9b
cancellation_shared_vs_action_dependent,26,static_shared,0.05,0.0,5000,0.05,4.544420395546922e-17,1.1102230246251565e-16,2.272210197773461e-13,4.544420395546922e-17,0.0,0.0,0.0,1.1102230246251565e-16,0,1.1102230246251565e-16,0.0,0.0,1.1102230246251565e-16,0,2.005775398771717e-11,1.0,1.0,d5b91c7b245451978681fbf55347da0c2d2ce629c51d74194f5dc6cf64896c9b
cancellation_shared_vs_action_dependent,26,static_shared,0.1,0.0,5000,0.1,5.0515147620444624e-17,1.1102230246251565e-16,2.525757381022231e-13,5.0515147620444624e-17,0.0,0.0,0.0,1.1102230246251565e-16,0,1.1102230246251565e-16,0.0,0.0,1.1102230246251565e-16,0,1.248785278742675e-11,1.0,1.0,d5b91c7b245451978681fbf55347da0c2d2ce629c51d74194f5dc6cf64896c9b
cancellation_shared_vs_action_dependent,26,static_shared,0.2,0.0,5000,0.2,7.668865542598269e-17,1.1102230246251565e-16,3.8344327712991344e-13,7.668865542598269e-17,0.0,0.0,0.0,1.1102230246251565e-16,0,1.1102230246251565e-16,0.0,0.0,1.1102230246251565e-16,0,4.011550797543434e-11,1.0,1.0,d5b91c7b245451978681fbf55347da0c2d2ce629c51d74194f5dc6cf64896c9b
cancellation_shared_vs_action_dependent,26,state_varying_shared,0.0,0.0,5000,0.0,0.0,0.0,0.0,0.0,0.0,0.0,0.0,0.0,0,0.0,0.0,0.0,0.0,0,0.0,0.011698648265677791,1.9679280882236911,d5b91c7b245451978681fbf55347da0c2d2ce629c51d74194f5dc6cf64896c9b
cancellation_shared_vs_action_dependent,26,state_varying_shared,0.05,0.0,5000,0.04650317718596161,3.900135422951756e-17,1.3877787807814457e-16,1.950067711475878e-13,3.900135422951756e-17,0.0,0.0,0.0,2.220446049250313e-16,0,1.3877787807814457e-16,0.0,0.0,2.220446049250313e-16,0,3.824731462110407e-11,0.011698648265677791,1.9679280882236911,d5b91c7b245451978681fbf55347da0c2d2ce629c51d74194f5dc6cf64896c9b
cancellation_shared_vs_action_dependent,26,state_varying_shared,0.1,0.0,5000,0.09300635437192321,4.538969027023665e-17,1.6653345369377348e-16,2.2694845135118324e-13,4.538969027023665e-17,0.0,0.0,0.0,2.220446049250313e-16,0,1.6653345369377348e-16,0.0,0.0,2.220446049250313e-16,0,2.1651947648831758e-11,0.011698648265677791,1.9679280882236911,d5b91c7b245451978681fbf55347da0c2d2ce629c51d74194f5dc6cf64896c9b
cancellation_shared_vs_action_dependent,26,state_varying_shared,0.2,0.0,5000,0.18601270874384643,5.880226860988102e-17,2.220446049250313e-16,2.9401134304940513e-13,5.880226860988102e-17,0.0,0.0,0.0,2.220446049250313e-16,0,2.220446049250313e-16,0.0,0.0,2.220446049250313e-16,0,3.824731462110407e-11,0.011698648265677791,1.9679280882236911,d5b91c7b245451978681fbf55347da0c2d2ce629c51d74194f5dc6cf64896c9b
cancellation_shared_vs_action_dependent,26,static_shared,0.0,0.5,5000,0.00030648655579226466,0.0030648655579226464,0.006172398204605915,15.324327789613232,0.0030648655579226464,0.0,0.0,0.0,0.006172398204605913,0,0.0,0.0,0.0,0.0,0,6.761258219967203e-14,1.0,1.0,d5b91c7b245451978681fbf55347da0c2d2ce629c51d74194f5dc6cf64896c9b
cancellation_shared_vs_action_dependent,26,static_shared,0.05,0.5,5000,0.05,0.0030648655579226464,0.006172398204605911,15.324327789613232,0.0030648655579226464,0.0,0.0,0.0,0.006172398204605909,0,1.3877787807814457e-17,0.0,0.0,1.1102230246251565e-16,0,2.091660178393795e-12,1.0,1.0,d5b91c7b245451978681fbf55347da0c2d2ce629c51d74194f5dc6cf64896c9b
cancellation_shared_vs_action_dependent,26,static_shared,0.1,0.5,5000,0.1,0.0030648655579226464,0.006172398204605911,15.324327789613232,0.0030648655579226464,0.0,0.0,0.0,0.0061723982046059025,0,2.7755575615628914e-17,0.0,0.0,1.1102230246251565e-16,0,4.387601393318619e-12,1.0,1.0,d5b91c7b245451978681fbf55347da0c2d2ce629c51d74194f5dc6cf64896c9b
cancellation_shared_vs_action_dependent,26,static_shared,0.2,0.5,5000,0.2,0.0030648655579226455,0.006172398204605911,15.324327789613228,0.0030648655579226455,0.0,0.0,0.0,0.006172398204605916,0,5.2909066017292616e-17,0.0,0.0,1.1102230246251565e-16,0,5.6412652327253454e-12,1.0,1.0,d5b91c7b245451978681fbf55347da0c2d2ce629c51d74194f5dc6cf64896c9b
cancellation_shared_vs_action_dependent,26,state_varying_shared,0.0,0.5,5000,0.00030648655579226466,0.0030648655579226464,0.006172398204605915,15.324327789613232,0.0030648655579226464,0.0,0.0,0.0,0.006172398204605913,0,0.0,0.0,0.0,0.0,0,6.761258219967203e-14,0.011698648265677791,1.9679280882236911,d5b91c7b245451978681fbf55347da0c2d2ce629c51d74194f5dc6cf64896c9b
cancellation_shared_vs_action_dependent,26,state_varying_shared,0.05,0.5,5000,0.046504867994443214,0.0030648655579226464,0.006172398204605915,15.324327789613232,0.0030648655579226464,0.0,0.0,0.0,0.006172398204605913,0,2.8189256484623115e-17,0.0,0.0,2.220446049250313e-16,0,2.091660178393795e-12,0.011698648265677791,1.9679280882236911,d5b91c7b245451978681fbf55347da0c2d2ce629c51d74194f5dc6cf64896c9b
cancellation_shared_vs_action_dependent,26,state_varying_shared,0.1,0.5,5000,0.0930068394534154,0.0030648655579226464,0.006172398204605911,15.324327789613232,0.0030648655579226464,0.0,0.0,0.0,0.006172398204605909,0,5.2909066017292616e-17,0.0,0.0,2.220446049250313e-16,0,3.856803765245331e-12,0.011698648265677791,1.9679280882236911,d5b91c7b245451978681fbf55347da0c2d2ce629c51d74194f5dc6cf64896c9b
cancellation_shared_vs_action_dependent,26,state_varying_shared,0.2,0.5,5000,0.1860127386093294,0.0030648655579226464,0.006172398204605911,15.324327789613232,0.0030648655579226464,0.0,0.0,0.0,0.0061723982046059025,0,1.0755285551056204e-16,0.0,0.0,2.220446049250313e-16,0,1.703204244307699e-11,0.011698648265677791,1.9679280882236911,d5b91c7b245451978681fbf55347da0c2d2ce629c51d74194f5dc6cf64896c9b
cancellation_shared_vs_action_dependent,26,static_shared,0.0,0.99,5000,0.0006068433804686839,0.00606843380468684,0.012221348445119708,30.342169023434202,0.00606843380468684,0.0,0.0,0.0,0.012221348445119708,0,0.0,0.0,0.0,0.0,0,9.370282327836321e-14,1.0,1.0,d5b91c7b245451978681fbf55347da0c2d2ce629c51d74194f5dc6cf64896c9b
cancellation_shared_vs_action_dependent,26,static_shared,0.05,0.99,5000,0.05,0.0060684338046868395,0.012221348445119712,30.3421690234342,0.0060684338046868395,0.0,0.0,0.0,0.01222134844511971,0,1.734723475976807e-17,0.0,0.0,1.1102230246251565e-16,0,2.169375790117556e-12,1.0,1.0,d5b91c7b245451978681fbf55347da0c2d2ce629c51d74194f5dc6cf64896c9b
cancellation_shared_vs_action_dependent,26,static_shared,0.1,0.99,5000,0.1,0.0060684338046868395,0.012221348445119712,30.3421690234342,0.0060684338046868395,0.0,0.0,0.0,0.012221348445119703,0,2.7755575615628914e-17,0.0,0.0,1.1102230246251565e-16,0,2.8708146970757298e-12,1.0,1.0,d5b91c7b245451978681fbf55347da0c2d2ce629c51d74194f5dc6cf64896c9b
cancellation_shared_vs_action_dependent,26,static_shared,0.2,0.99,5000,0.2,0.00606843380468684,0.012221348445119684,30.342169023434202,0.00606843380468684,0.0,0.0,0.0,0.01222134844511969,0,5.4643789493269423e-17,0.0,0.0,1.1102230246251565e-16,0,6.950218178758405e-12,1.0,1.0,d5b91c7b245451978681fbf55347da0c2d2ce629c51d74194f5dc6cf64896c9b
cancellation_shared_vs_action_dependent,26,state_varying_shared,0.0,0.99,5000,0.0006068433804686839,0.00606843380468684,0.012221348445119708,30.342169023434202,0.00606843380468684,0.0,0.0,0.0,0.012221348445119708,0,0.0,0.0,0.0,0.0,0,9.370282327836321e-14,0.011698648265677791,1.9679280882236911,d5b91c7b245451978681fbf55347da0c2d2ce629c51d74194f5dc6cf64896c9b
cancellation_shared_vs_action_dependent,26,state_varying_shared,0.05,0.99,5000,0.04651073621494733,0.0060684338046868395,0.012221348445119712,30.3421690234342,0.0060684338046868395,0.0,0.0,0.0,0.01222134844511971,0,2.7755575615628914e-17,0.0,0.0,1.1102230246251565e-16,0,2.6115776208257557e-12,0.011698648265677791,1.9679280882236911,d5b91c7b245451978681fbf55347da0c2d2ce629c51d74194f5dc6cf64896c9b
cancellation_shared_vs_action_dependent,26,state_varying_shared,0.1,0.99,5000,0.09300965412303272,0.00606843380468684,0.012221348445119712,30.342169023434202,0.00606843380468684,0.0,0.0,0.0,0.01222134844511971,0,5.377642775528102e-17,0.0,0.0,2.220446049250313e-16,0,6.950218178758405e-12,0.011698648265677791,1.9679280882236911,d5b91c7b245451978681fbf55347da0c2d2ce629c51d74194f5dc6cf64896c9b
cancellation_shared_vs_action_dependent,26,state_varying_shared,0.2,0.99,5000,0.18601364394753928,0.006068433804686839,0.012221348445119712,30.342169023434195,0.006068433804686839,0.0,0.0,0.0,0.012221348445119703,0,1.0061396160665481e-16,0.0,0.0,2.220446049250313e-16,0,6.950218178758405e-12,0.011698648265677791,1.9679280882236911,d5b91c7b245451978681fbf55347da0c2d2ce629c51d74194f5dc6cf64896c9b
cancellation_shared_vs_action_dependent,26,static_shared,0.0,1.0,5000,0.0006129731115845293,0.006129731115845293,0.012344796409211828,30.648655579226464,0.006129731115845293,0.022222222222222223,0.5,0.0,0.012344796409211826,5000,0.0,0.0,0.0,0.0,0,2.220446049250313e-16,1.0,1.0,d5b91c7b245451978681fbf55347da0c2d2ce629c51d74194f5dc6cf64896c9b
cancellation_shared_vs_action_dependent,26,static_shared,0.05,1.0,5000,0.05,0.006129731115845293,0.012344796409211822,30.648655579226464,0.006129731115845293,0.022222222222222223,0.5,0.0,0.01234479640921182,5000,1.3444106938820255e-17,0.0,0.0,1.1102230246251565e-16,0,1.2536638394067268e-12,1.0,1.0,d5b91c7b245451978681fbf55347da0c2d2ce629c51d74194f5dc6cf64896c9b
cancellation_shared_vs_action_dependent,26,static_shared,0.1,1.0,5000,0.1,0.006129731115845293,0.012344796409211822,30.648655579226464,0.006129731115845293,0.022222222222222223,0.5,0.0,0.012344796409211814,5000,2.688821387764051e-17,0.0,0.0,1.1102230246251565e-16,0,4.18332035678759e-12,1.0,1.0,d5b91c7b245451978681fbf55347da0c2d2ce629c51d74194f5dc6cf64896c9b
cancellation_shared_vs_action_dependent,26,static_shared,0.2,1.0,5000,0.2,0.006129731115845293,0.012344796409211822,30.648655579226464,0.006129731115845293,0.022222222222222223,0.5,0.0,0.012344796409211828,5000,5.4643789493269423e-17,0.0,0.0,1.1102230246251565e-16,0,8.775202786637237e-12,1.0,1.0,d5b91c7b245451978681fbf55347da0c2d2ce629c51d74194f5dc6cf64896c9b
cancellation_shared_vs_action_dependent,26,state_varying_shared,0.0,1.0,5000,0.0006129731115845293,0.006129731115845293,0.012344796409211828,30.648655579226464,0.006129731115845293,0.022222222222222223,0.5,0.0,0.012344796409211826,5000,0.0,0.0,0.0,0.0,0,2.220446049250313e-16,0.011698648265677791,1.9679280882236911,d5b91c7b245451978681fbf55347da0c2d2ce629c51d74194f5dc6cf64896c9b
cancellation_shared_vs_action_dependent,26,state_varying_shared,0.05,1.0,5000,0.046510882029915504,0.006129731115845293,0.01234479640921183,30.648655579226464,0.006129731115845293,0.022222222222222223,0.5,0.0,0.012344796409211828,5000,2.7755575615628914e-17,0.0,0.0,1.1102230246251565e-16,0,4.18332035678759e-12,0.011698648265677791,1.9679280882236911,d5b91c7b245451978681fbf55347da0c2d2ce629c51d74194f5dc6cf64896c9b
cancellation_shared_vs_action_dependent,26,state_varying_shared,0.1,1.0,5000,0.09300973598888643,0.006129731115845293,0.012344796409211822,30.648655579226464,0.006129731115845293,0.022222222222222223,0.5,0.0,0.01234479640921182,5000,5.2909066017292616e-17,0.0,0.0,2.220446049250313e-16,0,4.18332035678759e-12,0.011698648265677791,1.9679280882236911,d5b91c7b245451978681fbf55347da0c2d2ce629c51d74194f5dc6cf64896c9b
cancellation_shared_vs_action_dependent,26,state_varying_shared,0.2,1.0,5000,0.1860136789068308,0.006129731115845293,0.012344796409211822,30.648655579226464,0.006129731115845293,0.022222222222222223,0.5,0.0,0.012344796409211814,5000,1.1015494072452725e-16,0.0,0.0,2.220446049250313e-16,0,7.713607530490663e-12,0.011698648265677791,1.9679280882236911,d5b91c7b245451978681fbf55347da0c2d2ce629c51d74194f5dc6cf64896c9b
cancellation_shared_vs_action_dependent,26,static_shared,0.0,1.01,5000,0.0006191028427003746,0.006191028427003746,0.012468244373303947,30.95514213501873,0.006191028427003746,0.022222222222222223,1.0,1.0,0.012344796409211828,5000,0.0,0.0,0.0,0.0,0,9.370282327836321e-14,1.0,1.0,d5b91c7b245451978681fbf55347da0c2d2ce629c51d74194f5dc6cf64896c9b
cancellation_shared_vs_action_dependent,26,static_shared,0.05,1.01,5000,0.05,0.006191028427003746,0.012468244373303947,30.95514213501873,0.006191028427003746,0.022222222222222223,1.0,1.0,0.012344796409211828,5000,1.9081958235744878e-17,0.0,0.0,1.1102230246251565e-16,0,9.741096818061123e-13,1.0,1.0,d5b91c7b245451978681fbf55347da0c2d2ce629c51d74194f5dc6cf64896c9b
cancellation_shared_vs_action_dependent,26,static_shared,0.1,1.01,5000,0.1,0.006191028427003746,0.012468244373303947,30.95514213501873,0.006191028427003746,0.022222222222222223,1.0,1.0,0.012344796409211828,5000,2.7755575615628914e-17,0.0,0.0,1.1102230246251565e-16,0,4.650946294759706e-12,1.0,1.0,d5b91c7b245451978681fbf55347da0c2d2ce629c51d74194f5dc6cf64896c9b
cancellation_shared_vs_action_dependent,26,static_shared,0.2,1.01,5000,0.2,0.006191028427003746,0.01246824437330396,30.95514213501873,0.006191028427003746,0.022222222222222223,1.0,1.0,0.012344796409211828,5000,5.377642775528102e-17,0.0,0.0,1.1102230246251565e-16,0,5.377920331284258e-12,1.0,1.0,d5b91c7b245451978681fbf55347da0c2d2ce629c51d74194f5dc6cf64896c9b
cancellation_shared_vs_action_dependent,26,state_varying_shared,0.0,1.01,5000,0.0006191028427003746,0.006191028427003746,0.012468244373303947,30.95514213501873,0.006191028427003746,0.022222222222222223,1.0,1.0,0.012344796409211828,5000,0.0,0.0,0.0,0.0,0,9.370282327836321e-14,0.011698648265677791,1.9679280882236911,d5b91c7b245451978681fbf55347da0c2d2ce629c51d74194f5dc6cf64896c9b
cancellation_shared_vs_action_dependent,26,state_varying_shared,0.05,1.01,5000,0.04651102921371209,0.006191028427003746,0.01246824437330395,30.95514213501873,0.006191028427003746,0.022222222222222223,1.0,1.0,0.012344796409211828,5000,2.7755575615628914e-17,0.0,0.0,1.1102230246251565e-16,0,3.806732706834737e-12,0.011698648265677791,1.9679280882236911,d5b91c7b245451978681fbf55347da0c2d2ce629c51d74194f5dc6cf64896c9b
cancellation_shared_vs_action_dependent,26,state_varying_shared,0.1,1.01,5000,0.09300981790735972,0.006191028427003746,0.012468244373303947,30.95514213501873,0.006191028427003746,0.022222222222222223,1.0,1.0,0.012344796409211828,5000,5.377642775528102e-17,0.0,0.0,2.220446049250313e-16,0,3.806732706834737e-12,0.011698648265677791,1.9679280882236911,d5b91c7b245451978681fbf55347da0c2d2ce629c51d74194f5dc6cf64896c9b
cancellation_shared_vs_action_dependent,26,state_varying_shared,0.2,1.01,5000,0.1860137138661223,0.006191028427003746,0.012468244373303947,30.95514213501873,0.006191028427003746,0.022222222222222223,1.0,1.0,0.012344796409211828,5000,1.0581813203458523e-16,0.0,0.0,2.220446049250313e-16,0,1.5316858892333585e-11,0.011698648265677791,1.9679280882236911,d5b91c7b245451978681fbf55347da0c2d2ce629c51d74194f5dc6cf64896c9b
cancellation_shared_vs_action_dependent,26,static_shared,0.0,1.5,5000,0.0009194596673767939,0.009194596673767938,0.01851719461381774,45.97298336883969,0.009194596673767938,0.022222222222222223,1.0,1.0,0.012344796409211828,5000,0.0,0.0,0.0,0.0,0,6.772360450213455e-14,1.0,1.0,d5b91c7b245451978681fbf55347da0c2d2ce629c51d74194f5dc6cf64896c9b
cancellation_shared_vs_action_dependent,26,static_shared,0.05,1.5,5000,0.05,0.009194596673767938,0.01851719461381774,45.97298336883969,0.009194596673767938,0.022222222222222223,1.0,1.0,0.012344796409211828,5000,1.734723475976807e-17,0.0,0.0,1.1102230246251565e-16,0,1.88049575911009e-12,1.0,1.0,d5b91c7b245451978681fbf55347da0c2d2ce629c51d74194f5dc6cf64896c9b
cancellation_shared_vs_action_dependent,26,static_shared,0.1,1.5,5000,0.1,0.009194596673767938,0.018517194613817733,45.97298336883969,0.009194596673767938,0.022222222222222223,1.0,1.0,0.012344796409211828,5000,2.6020852139652106e-17,0.0,0.0,1.1102230246251565e-16,0,3.2869262867052385e-12,1.0,1.0,d5b91c7b245451978681fbf55347da0c2d2ce629c51d74194f5dc6cf64896c9b
cancellation_shared_vs_action_dependent,26,static_shared,0.2,1.5,5000,0.2,0.009194596673767938,0.018517194613817733,45.97298336883969,0.009194596673767938,0.022222222222222223,1.0,1.0,0.012344796409211828,5000,5.204170427930421e-17,0.0,0.0,1.1102230246251565e-16,0,6.274980535181385e-12,1.0,1.0,d5b91c7b245451978681fbf55347da0c2d2ce629c51d74194f5dc6cf64896c9b
cancellation_shared_vs_action_dependent,26,state_varying_shared,0.0,1.5,5000,0.0009194596673767939,0.009194596673767938,0.01851719461381774,45.97298336883969,0.009194596673767938,0.022222222222222223,1.0,1.0,0.012344796409211828,5000,0.0,0.0,0.0,0.0,0,6.772360450213455e-14,0.011698648265677791,1.9679280882236911,d5b91c7b245451978681fbf55347da0c2d2ce629c51d74194f5dc6cf64896c9b
cancellation_shared_vs_action_dependent,26,state_varying_shared,0.05,1.5,5000,0.046519230175670834,0.009194596673767938,0.01851719461381774,45.97298336883969,0.009194596673767938,0.022222222222222223,1.0,1.0,0.012344796409211828,5000,2.7755575615628914e-17,0.0,0.0,2.220446049250313e-16,0,3.2869262867052385e-12,0.011698648265677791,1.9679280882236911,d5b91c7b245451978681fbf55347da0c2d2ce629c51d74194f5dc6cf64896c9b
cancellation_shared_vs_action_dependent,26,state_varying_shared,0.1,1.5,5000,0.09301492008799098,0.009194596673767938,0.01851719461381774,45.97298336883969,0.009194596673767938,0.022222222222222223,1.0,1.0,0.012344796409211828,5000,5.551115123125783e-17,0.0,0.0,2.220446049250313e-16,0,6.274980535181385e-12,0.011698648265677791,1.9679280882236911,d5b91c7b245451978681fbf55347da0c2d2ce629c51d74194f5dc6cf64896c9b
cancellation_shared_vs_action_dependent,26,state_varying_shared,0.2,1.5,5000,0.18601591483066782,0.00919459667376794,0.018517194613817733,45.9729833688397,0.00919459667376794,0.022222222222222223,1.0,1.0,0.012344796409211828,5000,1.0755285551056204e-16,0.0,0.0,2.220446049250313e-16,0,1.2848611063986937e-11,0.011698648265677791,1.9679280882236911,d5b91c7b245451978681fbf55347da0c2d2ce629c51d74194f5dc6cf64896c9b
cancellation_shared_vs_action_dependent,27,static_shared,0.0,0.0,5000,0.0,0.0,0.0,0.0,0.0,0.0,0.0,0.0,0.0,0,0.0,0.0,0.0,0.0,0,0.0,1.0,1.0,be806ea832831c700633d61df528d0dc08fc4e05b0a40296b3b887b18b43e168
cancellation_shared_vs_action_dependent,27,static_shared,0.05,0.0,5000,0.05,4.47350489984899e-17,1.1102230246251565e-16,2.236752449924495e-13,4.47350489984899e-17,0.0,0.0,0.0,1.1102230246251565e-16,0,1.1102230246251565e-16,0.0,0.0,1.1102230246251565e-16,0,5.559161376544278e-10,1.0,1.0,be806ea832831c700633d61df528d0dc08fc4e05b0a40296b3b887b18b43e168
cancellation_shared_vs_action_dependent,27,static_shared,0.1,0.0,5000,0.1,5.083433674002435e-17,1.1102230246251565e-16,2.541716837001218e-13,5.083433674002435e-17,0.0,0.0,0.0,1.1102230246251565e-16,0,1.1102230246251565e-16,0.0,0.0,1.1102230246251565e-16,0,5.559161376544278e-10,1.0,1.0,be806ea832831c700633d61df528d0dc08fc4e05b0a40296b3b887b18b43e168
cancellation_shared_vs_action_dependent,27,static_shared,0.2,0.0,5000,0.2,7.396305790052793e-17,1.1102230246251565e-16,3.6981528950263964e-13,7.396305790052793e-17,0.0,0.0,0.0,1.1102230246251565e-16,0,1.1102230246251565e-16,0.0,0.0,1.1102230246251565e-16,0,1.1118322753088556e-09,1.0,1.0,be806ea832831c700633d61df528d0dc08fc4e05b0a40296b3b887b18b43e168
cancellation_shared_vs_action_dependent,27,state_varying_shared,0.0,0.0,5000,0.0,0.0,0.0,0.0,0.0,0.0,0.0,0.0,0.0,0,0.0,0.0,0.0,0.0,0,0.0,0.02595388051062686,1.9983340002054808,be806ea832831c700633d61df528d0dc08fc4e05b0a40296b3b887b18b43e168
cancellation_shared_vs_action_dependent,27,state_varying_shared,0.05,0.0,5000,0.054588686419656016,4.065428549360206e-17,1.6653345369377348e-16,2.032714274680103e-13,4.065428549360206e-17,0.0,0.0,0.0,1.1102230246251565e-16,0,1.6653345369377348e-16,0.0,0.0,1.1102230246251565e-16,0,5.559161376544278e-10,0.02595388051062686,1.9983340002054808,be806ea832831c700633d61df528d0dc08fc4e05b0a40296b3b887b18b43e168
cancellation_shared_vs_action_dependent,27,state_varying_shared,0.1,0.0,5000,0.10917737283931203,4.808670822642469e-17,1.6653345369377348e-16,2.4043354113212345e-13,4.808670822642469e-17,0.0,0.0,0.0,2.220446049250313e-16,0,1.6653345369377348e-16,0.0,0.0,2.220446049250313e-16,0,1.1118322753088556e-09,0.02595388051062686,1.9983340002054808,be806ea832831c700633d61df528d0dc08fc4e05b0a40296b3b887b18b43e168
cancellation_shared_vs_action_dependent,27,state_varying_shared,0.2,0.0,5000,0.21835474567862406,6.496227167307467e-17,2.220446049250313e-16,3.2481135836537334e-13,6.496227167307467e-17,0.0,0.0,0.0,2.220446049250313e-16,0,2.220446049250313e-16,0.0,0.0,2.220446049250313e-16,0,1.1118322753088556e-09,0.02595388051062686,1.9983340002054808,be806ea832831c700633d61df528d0dc08fc4e05b0a40296b3b887b18b43e168
cancellation_shared_vs_action_dependent,27,static_shared,0.0,0.5,5000,0.0003090647366879543,0.003090647366879543,0.006170236983930311,15.453236834397714,0.003090647366879543,0.0,0.0,0.0,0.006170236983930312,0,0.0,0.0,0.0,0.0,0,1.9761969838327786e-14,1.0,1.0,be806ea832831c700633d61df528d0dc08fc4e05b0a40296b3b887b18b43e168
cancellation_shared_vs_action_dependent,27,static_shared,0.05,0.5,5000,0.05,0.003090647366879543,0.006170236983930308,15.453236834397716,0.003090647366879543,0.0,0.0,0.0,0.00617023698393031,0,1.734723475976807e-17,0.0,0.0,1.1102230246251565e-16,0,6.080336234504102e-11,1.0,1.0,be806ea832831c700633d61df528d0dc08fc4e05b0a40296b3b887b18b43e168
cancellation_shared_vs_action_dependent,27,static_shared,0.1,0.5,5000,0.1,0.003090647366879543,0.006170236983930322,15.453236834397716,0.003090647366879543,0.0,0.0,0.0,0.0061702369839303165,0,2.7755575615628914e-17,0.0,0.0,1.1102230246251565e-16,0,6.080336234504102e-11,1.0,1.0,be806ea832831c700633d61df528d0dc08fc4e05b0a40296b3b887b18b43e168
cancellation_shared_vs_action_dependent,27,static_shared,0.2,0.5,5000,0.2,0.003090647366879542,0.006170236983930322,15.45323683439771,0.003090647366879542,0.0,0.0,0.0,0.00617023698393033,0,5.551115123125783e-17,0.0,0.0,1.1102230246251565e-16,0,6.080336234504102e-11,1.0,1.0,be806ea832831c700633d61df528d0dc08fc4e05b0a40296b3b887b18b43e168
cancellation_shared_vs_action_dependent,27,state_varying_shared,0.0,0.5,5000,0.0003090647366879543,0.003090647366879543,0.006170236983930311,15.453236834397714,0.003090647366879543,0.0,0.0,0.0,0.006170236983930312,0,0.0,0.0,0.0,0.0,0,1.9761969838327786e-14,0.02595388051062686,1.9983340002054808,be806ea832831c700633d61df528d0dc08fc4e05b0a40296b3b887b18b43e168
cancellation_shared_vs_action_dependent,27,state_varying_shared,0.05,0.5,5000,0.05458885966626931,0.003090647366879543,0.006170236983930308,15.453236834397716,0.003090647366879543,0.0,0.0,0.0,0.00617023698393031,0,2.7755575615628914e-17,0.0,0.0,2.220446049250313e-16,0,6.080336234504102e-11,0.02595388051062686,1.9983340002054808,be806ea832831c700633d61df528d0dc08fc4e05b0a40296b3b887b18b43e168
cancellation_shared_vs_action_dependent,27,state_varying_shared,0.1,0.5,5000,0.10917737283931202,0.0030906473668795426,0.006170236983930322,15.453236834397712,0.0030906473668795426,0.0,0.0,0.0,0.0061702369839303165,0,5.5077470362263625e-17,0.0,0.0,2.220446049250313e-16,0,6.080336234504102e-11,0.02595388051062686,1.9983340002054808,be806ea832831c700633d61df528d0dc08fc4e05b0a40296b3b887b18b43e168
cancellation_shared_vs_action_dependent,27,state_varying_shared,0.2,0.5,5000,0.21835474567862403,0.003090647366879543,0.006170236983930322,15.453236834397716,0.003090647366879543,0.0,0.0,0.0,0.00617023698393033,0,1.0581813203458523e-16,0.0,0.0,2.220446049250313e-16,0,6.080336234504102e-11,0.02595388051062686,1.9983340002054808,be806ea832831c700633d61df528d0dc08fc4e05b0a40296b3b887b18b43e168
cancellation_shared_vs_action_dependent,27,static_shared,0.0,0.99,5000,0.0006119481786421495,0.006119481786421494,0.012217069228182017,30.597408932107474,0.006119481786421494,0.0,0.0,0.0,0.012217069228182019,0,0.0,0.0,0.0,0.0,0,5.211386877590485e-13,1.0,1.0,be806ea832831c700633d61df528d0dc08fc4e05b0a40296b3b887b18b43e168
cancellation_shared_vs_action_dependent,27,static_shared,0.05,0.99,5000,0.05,0.006119481786421495,0.012217069228182012,30.597408932107477,0.006119481786421495,0.0,0.0,0.0,0.012217069228182014,0,1.3877787807814457e-17,0.0,0.0,1.1102230246251565e-16,0,3.526590131031071e-11,1.0,1.0,be806ea832831c700633d61df528d0dc08fc4e05b0a40296b3b887b18b43e168
cancellation_shared_vs_action_dependent,27,static_shared,0.1,0.99,5000,0.1,0.006119481786421495,0.012217069228182026,30.597408932107477,0.006119481786421495,0.0,0.0,0.0,0.01221706922818202,0,2.7755575615628914e-17,0.0,0.0,1.1102230246251565e-16,0,3.526590131031071e-11,1.0,1.0,be806ea832831c700633d61df528d0dc08fc4e05b0a40296b3b887b18b43e168
cancellation_shared_vs_action_dependent,27,static_shared,0.2,0.99,5000,0.2,0.006119481786421495,0.012217069228181998,30.597408932107477,0.006119481786421495,0.0,0.0,0.0,0.012217069228182007,0,5.551115123125783e-17,0.0,0.0,1.1102230246251565e-16,0,3.526590131031071e-11,1.0,1.0,be806ea832831c700633d61df528d0dc08fc4e05b0a40296b3b887b18b43e168
cancellation_shared_vs_action_dependent,27,state_varying_shared,0.0,0.99,5000,0.0006119481786421495,0.006119481786421494,0.012217069228182017,30.597408932107474,0.006119481786421494,0.0,0.0,0.0,0.012217069228182019,0,0.0,0.0,0.0,0.0,0,5.211386877590485e-13,0.02595388051062686,1.9983340002054808,be806ea832831c700633d61df528d0dc08fc4e05b0a40296b3b887b18b43e168
cancellation_shared_vs_action_dependent,27,state_varying_shared,0.05,0.99,5000,0.05458972126140443,0.006119481786421495,0.012217069228182012,30.597408932107477,0.006119481786421495,0.0,0.0,0.0,0.012217069228182014,0,2.7755575615628914e-17,0.0,0.0,1.1102230246251565e-16,0,3.526590131031071e-11,0.02595388051062686,1.9983340002054808,be806ea832831c700633d61df528d0dc08fc4e05b0a40296b3b887b18b43e168
cancellation_shared_vs_action_dependent,27,state_varying_shared,0.1,0.99,5000,0.10917770857125328,0.006119481786421495,0.012217069228182026,30.597408932107477,0.006119481786421495,0.0,0.0,0.0,0.01221706922818202,0,5.551115123125783e-17,0.0,0.0,2.220446049250313e-16,0,3.526590131031071e-11,0.02595388051062686,1.9983340002054808,be806ea832831c700633d61df528d0dc08fc4e05b0a40296b3b887b18b43e168
cancellation_shared_vs_action_dependent,27,state_varying_shared,0.2,0.99,5000,0.21835474567862403,0.006119481786421494,0.012217069228181998,30.59740893210747,0.006119481786421494,0.0,0.0,0.0,0.012217069228182007,0,1.0408340855860843e-16,0.0,0.0,2.220446049250313e-16,0,5.206501896282134e-10,0.02595388051062686,1.9983340002054808,be806ea832831c700633d61df528d0dc08fc4e05b0a40296b3b887b18b43e168
cancellation_shared_vs_action_dependent,27,static_shared,0.0,1.0,5000,0.0006181294733759086,0.006181294733759086,0.012340473967860624,30.90647366879543,0.006181294733759086,0.022222222222222223,0.5,0.0,0.012340473967860624,5000,0.0,0.0,0.0,0.0,0,2.220446049250313e-16,1.0,1.0,be806ea832831c700633d61df528d0dc08fc4e05b0a40296b3b887b18b43e168
cancellation_shared_vs_action_dependent,27,static_shared,0.05,1.0,5000,0.05,0.006181294733759086,0.01234047396786063,30.906473668795428,0.006181294733759086,0.022222222222222223,0.5,0.0,0.012340473967860624,5000,1.3877787807814457e-17,0.0,0.0,1.1102230246251565e-16,0,1.73723258001246e-11,1.0,1.0,be806ea832831c700633d61df528d0dc08fc4e05b0a40296b3b887b18b43e168
cancellation_shared_vs_action_dependent,27,static_shared,0.1,1.0,5000,0.1,0.006181294733759086,0.012340473967860616,30.90647366879543,0.006181294733759086,0.022222222222222223,0.5,0.0,0.01234047396786061,5000,2.688821387764051e-17,0.0,0.0,1.1102230246251565e-16,0,1.2160672469008205e-10,1.0,1.0,be806ea832831c700633d61df528d0dc08fc4e05b0a40296b3b887b18b43e168
cancellation_shared_vs_action_dependent,27,static_shared,0.2,1.0,5000,0.2,0.006181294733759086,0.012340473967860643,30.90647366879543,0.006181294733759086,0.022222222222222223,0.5,0.0,0.012340473967860624,5000,5.377642775528102e-17,0.0,0.0,1.1102230246251565e-16,0,1.2160672469008205e-10,1.0,1.0,be806ea832831c700633d61df528d0dc08fc4e05b0a40296b3b887b18b43e168
cancellation_shared_vs_action_dependent,27,state_varying_shared,0.0,1.0,5000,0.0006181294733759086,0.006181294733759086,0.012340473967860624,30.90647366879543,0.006181294733759086,0.022222222222222223,0.5,0.0,0.012340473967860624,5000,0.0,0.0,0.0,0.0,0,2.220446049250313e-16,0.02595388051062686,1.9983340002054808,be806ea832831c700633d61df528d0dc08fc4e05b0a40296b3b887b18b43e168
cancellation_shared_vs_action_dependent,27,state_varying_shared,0.05,1.0,5000,0.05458974319766294,0.006181294733759086,0.01234047396786063,30.90647366879543,0.006181294733759086,0.022222222222222223,0.5,0.0,0.012340473967860624,5000,2.7321894746634712e-17,0.0,0.0,2.220446049250313e-16,0,1.2160672469008205e-10,0.02595388051062686,1.9983340002054808,be806ea832831c700633d61df528d0dc08fc4e05b0a40296b3b887b18b43e168
cancellation_shared_vs_action_dependent,27,state_varying_shared,0.1,1.0,5000,0.10917771933253861,0.006181294733759086,0.012340473967860616,30.906473668795428,0.006181294733759086,0.022222222222222223,0.5,0.0,0.01234047396786061,5000,5.377642775528102e-17,0.0,0.0,2.220446049250313e-16,0,1.2160672469008205e-10,0.02595388051062686,1.9983340002054808,be806ea832831c700633d61df528d0dc08fc4e05b0a40296b3b887b18b43e168
cancellation_shared_vs_action_dependent,27,state_varying_shared,0.2,1.0,5000,0.21835474567862403,0.006181294733759086,0.012340473967860643,30.906473668795428,0.006181294733759086,0.022222222222222223,0.5,0.0,0.012340473967860624,5000,1.0408340855860843e-16,0.0,0.0,2.220446049250313e-16,0,1.2160672469008205e-10,0.02595388051062686,1.9983340002054808,be806ea832831c700633d61df528d0dc08fc4e05b0a40296b3b887b18b43e168
cancellation_shared_vs_action_dependent,27,static_shared,0.0,1.01,5000,0.0006243107681096677,0.006243107681096677,0.012463878707539231,31.215538405483382,0.006243107681096677,0.022222222222222223,1.0,1.0,0.012340473967860624,5000,0.0,0.0,0.0,0.0,0,5.211386877590485e-13,1.0,1.0,be806ea832831c700633d61df528d0dc08fc4e05b0a40296b3b887b18b43e168
cancellation_shared_vs_action_dependent,27,static_shared,0.05,1.01,5000,0.05,0.006243107681096677,0.012463878707539233,31.215538405483386,0.006243107681096677,0.022222222222222223,1.0,1.0,0.012340473967860624,5000,1.474514954580286e-17,0.0,0.0,1.1102230246251565e-16,0,6.146194664324867e-13,1.0,1.0,be806ea832831c700633d61df528d0dc08fc4e05b0a40296b3b887b18b43e168
cancellation_shared_vs_action_dependent,27,static_shared,0.1,1.01,5000,0.1,0.006243107681096677,0.012463878707539233,31.215538405483382,0.006243107681096677,0.022222222222222223,1.0,1.0,0.012340473967860624,5000,2.7755575615628914e-17,0.0,0.0,1.1102230246251565e-16,0,1.2314593789142236e-12,1.0,1.0,be806ea832831c700633d61df528d0dc08fc4e05b0a40296b3b887b18b43e168
cancellation_shared_vs_action_dependent,27,static_shared,0.2,1.01,5000,0.2,0.006243107681096677,0.012463878707539233,31.215538405483382,0.006243107681096677,0.022222222222222223,1.0,1.0,0.012340473967860624,5000,5.377642775528102e-17,0.0,0.0,1.1102230246251565e-16,0,2.7743696229265424e-10,1.0,1.0,be806ea832831c700633d61df528d0dc08fc4e05b0a40296b3b887b18b43e168
cancellation_shared_vs_action_dependent,27,state_varying_shared,0.0,1.01,5000,0.0006243107681096677,0.006243107681096677,0.012463878707539231,31.215538405483382,0.006243107681096677,0.022222222222222223,1.0,1.0,0.012340473967860624,5000,0.0,0.0,0.0,0.0,0,5.211386877590485e-13,0.02595388051062686,1.9983340002054808,be806ea832831c700633d61df528d0dc08fc4e05b0a40296b3b887b18b43e168
cancellation_shared_vs_action_dependent,27,state_varying_shared,0.05,1.01,5000,0.05458976513392146,0.006243107681096677,0.012463878707539233,31.215538405483386,0.006243107681096677,0.022222222222222223,1.0,1.0,0.012340473967860624,5000,2.7755575615628914e-17,0.0,0.0,2.220446049250313e-16,0,1.092459456231154e-12,0.02595388051062686,1.9983340002054808,be806ea832831c700633d61df528d0dc08fc4e05b0a40296b3b887b18b43e168
cancellation_shared_vs_action_dependent,27,state_varying_shared,0.1,1.01,5000,0.10917773009382396,0.006243107681096677,0.012463878707539233,31.215538405483382,0.006243107681096677,0.022222222222222223,1.0,1.0,0.012340473967860624,5000,5.377642775528102e-17,0.0,0.0,2.220446049250313e-16,0,2.7743696229265424e-10,0.02595388051062686,1.9983340002054808,be806ea832831c700633d61df528d0dc08fc4e05b0a40296b3b887b18b43e168
cancellation_shared_vs_action_dependent,27,state_varying_shared,0.2,1.01,5000,0.21835474567862403,0.006243107681096677,0.012463878707539233,31.215538405483386,0.006243107681096677,0.022222222222222223,1.0,1.0,0.012340473967860624,5000,1.1015494072452725e-16,0.0,0.0,2.220446049250313e-16,0,2.7743696229265424e-10,0.02595388051062686,1.9983340002054808,be806ea832831c700633d61df528d0dc08fc4e05b0a40296b3b887b18b43e168
cancellation_shared_vs_action_dependent,27,static_shared,0.0,1.5,5000,0.0009271942100638628,0.009271942100638628,0.018510710951790937,46.35971050319314,0.009271942100638628,0.022222222222222223,1.0,1.0,0.012340473967860624,5000,0.0,0.0,0.0,0.0,0,1.9761969838327786e-14,1.0,1.0,be806ea832831c700633d61df528d0dc08fc4e05b0a40296b3b887b18b43e168
cancellation_shared_vs_action_dependent,27,static_shared,0.05,1.5,5000,0.05,0.00927194210063863,0.018510710951790937,46.35971050319315,0.00927194210063863,0.022222222222222223,1.0,1.0,0.012340473967860624,5000,1.3877787807814457e-17,0.0,0.0,1.1102230246251565e-16,0,4.3431036544916424e-11,1.0,1.0,be806ea832831c700633d61df528d0dc08fc4e05b0a40296b3b887b18b43e168
cancellation_shared_vs_action_dependent,27,static_shared,0.1,1.5,5000,0.1,0.00927194210063863,0.018510710951790937,46.35971050319315,0.00927194210063863,0.022222222222222223,1.0,1.0,0.012340473967860624,5000,2.7755575615628914e-17,0.0,0.0,1.1102230246251565e-16,0,9.554801394529022e-11,1.0,1.0,be806ea832831c700633d61df528d0dc08fc4e05b0a40296b3b887b18b43e168
cancellation_shared_vs_action_dependent,27,static_shared,0.2,1.5,5000,0.2,0.009271942100638628,0.018510710951790937,46.359710503193135,0.009271942100638628,0.022222222222222223,1.0,1.0,0.012340473967860624,5000,5.551115123125783e-17,0.0,0.0,1.1102230246251565e-16,0,1.8241008703512307e-10,1.0,1.0,be806ea832831c700633d61df528d0dc08fc4e05b0a40296b3b887b18b43e168
cancellation_shared_vs_action_dependent,27,state_varying_shared,0.0,1.5,5000,0.0009271942100638628,0.009271942100638628,0.018510710951790937,46.35971050319314,0.009271942100638628,0.022222222222222223,1.0,1.0,0.012340473967860624,5000,0.0,0.0,0.0,0.0,0,1.9761969838327786e-14,0.02595388051062686,1.9983340002054808,be806ea832831c700633d61df528d0dc08fc4e05b0a40296b3b887b18b43e168
cancellation_shared_vs_action_dependent,27,state_varying_shared,0.05,1.5,5000,0.05459089072026272,0.009271942100638628,0.018510710951790937,46.35971050319314,0.009271942100638628,0.022222222222222223,1.0,1.0,0.012340473967860624,5000,2.688821387764051e-17,0.0,0.0,2.220446049250313e-16,0,9.554801394529022e-11,0.02595388051062686,1.9983340002054808,be806ea832831c700633d61df528d0dc08fc4e05b0a40296b3b887b18b43e168
cancellation_shared_vs_action_dependent,27,state_varying_shared,0.1,1.5,5000,0.10917844414366529,0.009271942100638628,0.018510710951790937,46.359710503193135,0.009271942100638628,0.022222222222222223,1.0,1.0,0.012340473967860624,5000,5.377642775528102e-17,0.0,0.0,2.220446049250313e-16,0,1.8241008703512307e-10,0.02595388051062686,1.9983340002054808,be806ea832831c700633d61df528d0dc08fc4e05b0a40296b3b887b18b43e168
cancellation_shared_vs_action_dependent,27,state_varying_shared,0.2,1.5,5000,0.21835495505875116,0.00927194210063863,0.018510710951790937,46.35971050319315,0.00927194210063863,0.022222222222222223,1.0,1.0,0.012340473967860624,5000,1.1015494072452725e-16,0.0,0.0,2.220446049250313e-16,0,1.8241008703512307e-10,0.02595388051062686,1.9983340002054808,be806ea832831c700633d61df528d0dc08fc4e05b0a40296b3b887b18b43e168
cancellation_shared_vs_action_dependent,28,static_shared,0.0,0.0,5000,0.0,0.0,0.0,0.0,0.0,0.0,0.0,0.0,0.0,0,0.0,0.0,0.0,0.0,0,0.0,1.0,1.0,af29803d1fd9ca6e68ee7a9c9f7416e2ad456c87f1caffe808a9f65449acba1f
cancellation_shared_vs_action_dependent,28,static_shared,0.05,0.0,5000,0.05,4.269640196952196e-17,1.1102230246251565e-16,2.134820098476098e-13,4.269640196952196e-17,0.0,0.0,0.0,1.1102230246251565e-16,0,1.1102230246251565e-16,0.0,0.0,1.1102230246251565e-16,0,1.0342423550324596e-10,1.0,1.0,af29803d1fd9ca6e68ee7a9c9f7416e2ad456c87f1caffe808a9f65449acba1f
cancellation_shared_vs_action_dependent,28,static_shared,0.1,0.0,5000,0.1,4.9357740117272897e-17,1.1102230246251565e-16,2.467887005863645e-13,4.9357740117272897e-17,0.0,0.0,0.0,1.1102230246251565e-16,0,1.1102230246251565e-16,0.0,0.0,1.1102230246251565e-16,0,2.757979613419892e-10,1.0,1.0,af29803d1fd9ca6e68ee7a9c9f7416e2ad456c87f1caffe808a9f65449acba1f
cancellation_shared_vs_action_dependent,28,static_shared,0.2,0.0,5000,0.2,7.135403379265882e-17,1.1102230246251565e-16,3.5677016896329405e-13,7.135403379265882e-17,0.0,0.0,0.0,1.1102230246251565e-16,0,1.1102230246251565e-16,0.0,0.0,1.1102230246251565e-16,0,3.3598791437750655e-11,1.0,1.0,af29803d1fd9ca6e68ee7a9c9f7416e2ad456c87f1caffe808a9f65449acba1f
cancellation_shared_vs_action_dependent,28,state_varying_shared,0.0,0.0,5000,0.0,0.0,0.0,0.0,0.0,0.0,0.0,0.0,0.0,0,0.0,0.0,0.0,0.0,0,0.0,0.014035008301579777,1.9580887059367467,af29803d1fd9ca6e68ee7a9c9f7416e2ad456c87f1caffe808a9f65449acba1f
cancellation_shared_vs_action_dependent,28,state_varying_shared,0.05,0.0,5000,0.04956977314556437,3.7440623518181226e-17,1.249000902703301e-16,1.8720311759090613e-13,3.7440623518181226e-17,0.0,0.0,0.0,1.1102230246251565e-16,0,1.249000902703301e-16,0.0,0.0,1.1102230246251565e-16,0,2.757979613419892e-10,0.014035008301579777,1.9580887059367467,af29803d1fd9ca6e68ee7a9c9f7416e2ad456c87f1caffe808a9f65449acba1f
cancellation_shared_vs_action_dependent,28,state_varying_shared,0.1,0.0,5000,0.09913954629112876,4.488163313220994e-17,1.6653345369377348e-16,2.244081656610497e-13,4.488163313220994e-17,0.0,0.0,0.0,2.220446049250313e-16,0,1.6653345369377348e-16,0.0,0.0,2.220446049250313e-16,0,1.378989806709946e-10,0.014035008301579777,1.9580887059367467,af29803d1fd9ca6e68ee7a9c9f7416e2ad456c87f1caffe808a9f65449acba1f
cancellation_shared_vs_action_dependent,28,state_varying_shared,0.2,0.0,5000,0.1982790925822575,6.00082483703801e-17,2.220446049250313e-16,3.000412418519005e-13,6.00082483703801e-17,0.0,0.0,0.0,2.220446049250313e-16,0,2.220446049250313e-16,0.0,0.0,2.220446049250313e-16,0,2.757979613419892e-10,0.014035008301579777,1.9580887059367467,af29803d1fd9ca6e68ee7a9c9f7416e2ad456c87f1caffe808a9f65449acba1f
cancellation_shared_vs_action_dependent,28,static_shared,0.0,0.5,5000,0.0003116169317449478,0.003116169317449479,0.006172542582352756,15.580846587247393,0.003116169317449479,0.0,0.0,0.0,0.006172542582352754,0,0.0,0.0,0.0,0.0,0,1.077360423096252e-12,1.0,1.0,af29803d1fd9ca6e68ee7a9c9f7416e2ad456c87f1caffe808a9f65449acba1f
cancellation_shared_vs_action_dependent,28,static_shared,0.05,0.5,5000,0.05,0.003116169317449479,0.0061725425823527524,15.580846587247393,0.003116169317449479,0.0,0.0,0.0,0.006172542582352751,0,1.734723475976807e-17,0.0,0.0,1.1102230246251565e-16,0,7.54135642822007e-12,1.0,1.0,af29803d1fd9ca6e68ee7a9c9f7416e2ad456c87f1caffe808a9f65449acba1f
cancellation_shared_vs_action_dependent,28,static_shared,0.1,0.5,5000,0.1,0.003116169317449479,0.0061725425823527524,15.580846587247393,0.003116169317449479,0.0,0.0,0.0,0.006172542582352744,0,2.7755575615628914e-17,0.0,0.0,1.1102230246251565e-16,0,7.54135642822007e-12,1.0,1.0,af29803d1fd9ca6e68ee7a9c9f7416e2ad456c87f1caffe808a9f65449acba1f
cancellation_shared_vs_action_dependent,28,static_shared,0.2,0.5,5000,0.2,0.003116169317449478,0.00617254258235278,15.58084658724739,0.003116169317449478,0.0,0.0,0.0,0.006172542582352785,0,5.551115123125783e-17,0.0,0.0,1.1102230246251565e-16,0,8.874789791946114e-12,1.0,1.0,af29803d1fd9ca6e68ee7a9c9f7416e2ad456c87f1caffe808a9f65449acba1f
cancellation_shared_vs_action_dependent,28,state_varying_shared,0.0,0.5,5000,0.0003116169317449478,0.003116169317449479,0.006172542582352756,15.580846587247393,0.003116169317449479,0.0,0.0,0.0,0.006172542582352754,0,0.0,0.0,0.0,0.0,0,1.077360423096252e-12,0.014035008301579777,1.9580887059367467,af29803d1fd9ca6e68ee7a9c9f7416e2ad456c87f1caffe808a9f65449acba1f
cancellation_shared_vs_action_dependent,28,state_varying_shared,0.05,0.5,5000,0.049571703258327125,0.0031161693174494784,0.006172542582352759,15.580846587247391,0.0031161693174494784,0.0,0.0,0.0,0.006172542582352758,0,2.7755575615628914e-17,0.0,0.0,1.1102230246251565e-16,0,2.6933344443591523e-11,0.014035008301579777,1.9580887059367467,af29803d1fd9ca6e68ee7a9c9f7416e2ad456c87f1caffe808a9f65449acba1f
cancellation_shared_vs_action_dependent,28,state_varying_shared,0.1,0.5,5000,0.09914007870596651,0.0031161693174494784,0.0061725425823527524,15.580846587247391,0.0031161693174494784,0.0,0.0,0.0,0.006172542582352744,0,5.377642775528102e-17,0.0,0.0,2.220446049250313e-16,0,7.54135642822007e-12,0.014035008301579777,1.9580887059367467,af29803d1fd9ca6e68ee7a9c9f7416e2ad456c87f1caffe808a9f65449acba1f
cancellation_shared_vs_action_dependent,28,state_varying_shared,0.2,0.5,5000,0.19827909258225748,0.003116169317449479,0.00617254258235278,15.580846587247393,0.003116169317449479,0.0,0.0,0.0,0.006172542582352785,0,1.1102230246251565e-16,0.0,0.0,2.220446049250313e-16,0,2.979266833236238e-11,0.014035008301579777,1.9580887059367467,af29803d1fd9ca6e68ee7a9c9f7416e2ad456c87f1caffe808a9f65449acba1f
cancellation_shared_vs_action_dependent,28,static_shared,0.0,0.99,5000,0.0006170015248549968,0.006170015248549967,0.012221634313058454,30.850076242749836,0.006170015248549967,0.0,0.0,0.0,0.012221634313058453,0,0.0,0.0,0.0,0.0,0,2.80109269112927e-13,1.0,1.0,af29803d1fd9ca6e68ee7a9c9f7416e2ad456c87f1caffe808a9f65449acba1f
cancellation_shared_vs_action_dependent,28,static_shared,0.05,0.99,5000,0.05,0.006170015248549967,0.01222163431305845,30.850076242749836,0.006170015248549967,0.0,0.0,0.0,0.012221634313058448,0,1.734723475976807e-17,0.0,0.0,1.1102230246251565e-16,0,1.2647882741134708e-11,1.0,1.0,af29803d1fd9ca6e68ee7a9c9f7416e2ad456c87f1caffe808a9f65449acba1f
cancellation_shared_vs_action_dependent,28,static_shared,0.1,0.99,5000,0.1,0.006170015248549966,0.01222163431305845,30.850076242749832,0.006170015248549966,0.0,0.0,0.0,0.01222163431305844,0,2.7755575615628914e-17,0.0,0.0,1.1102230246251565e-16,0,1.2647882741134708e-11,1.0,1.0,af29803d1fd9ca6e68ee7a9c9f7416e2ad456c87f1caffe808a9f65449acba1f
cancellation_shared_vs_action_dependent,28,static_shared,0.2,0.99,5000,0.2,0.006170015248549967,0.01222163431305845,30.850076242749836,0.006170015248549967,0.0,0.0,0.0,0.012221634313058454,0,5.377642775528102e-17,0.0,0.0,1.1102230246251565e-16,0,1.2647882741134708e-11,1.0,1.0,af29803d1fd9ca6e68ee7a9c9f7416e2ad456c87f1caffe808a9f65449acba1f
cancellation_shared_vs_action_dependent,28,state_varying_shared,0.0,0.99,5000,0.0006170015248549968,0.006170015248549967,0.012221634313058454,30.850076242749836,0.006170015248549967,0.0,0.0,0.0,0.012221634313058453,0,0.0,0.0,0.0,0.0,0,2.80109269112927e-13,0.014035008301579777,1.9580887059367467,af29803d1fd9ca6e68ee7a9c9f7416e2ad456c87f1caffe808a9f65449acba1f
cancellation_shared_vs_action_dependent,28,state_varying_shared,0.05,0.99,5000,0.04957775259202849,0.006170015248549967,0.012221634313058456,30.850076242749836,0.006170015248549967,0.0,0.0,0.0,0.012221634313058454,0,3.8163916471489756e-17,0.0,0.0,1.1102230246251565e-16,0,4.712263912409753e-11,0.014035008301579777,1.9580887059367467,af29803d1fd9ca6e68ee7a9c9f7416e2ad456c87f1caffe808a9f65449acba1f
cancellation_shared_vs_action_dependent,28,state_varying_shared,0.1,0.99,5000,0.09914331070849526,0.006170015248549967,0.01222163431305845,30.850076242749836,0.006170015248549967,0.0,0.0,0.0,0.01222163431305844,0,5.551115123125783e-17,0.0,0.0,2.220446049250313e-16,0,1.2647882741134708e-11,0.014035008301579777,1.9580887059367467,af29803d1fd9ca6e68ee7a9c9f7416e2ad456c87f1caffe808a9f65449acba1f
cancellation_shared_vs_action_dependent,28,state_varying_shared,0.2,0.99,5000,0.19828012031447725,0.006170015248549967,0.01222163431305845,30.850076242749836,0.006170015248549967,0.0,0.0,0.0,0.012221634313058454,0,1.0928757898653885e-16,0.0,0.0,2.220446049250313e-16,0,2.2702839608257364e-11,0.014035008301579777,1.9580887059367467,af29803d1fd9ca6e68ee7a9c9f7416e2ad456c87f1caffe808a9f65449acba1f
cancellation_shared_vs_action_dependent,28,static_shared,0.0,1.0,5000,0.0006232338634898957,0.006232338634898958,0.01234508516470551,31.161693174494786,0.006232338634898958,0.022222222222222223,0.5,0.0,0.012345085164705508,5000,0.0,0.0,0.0,0.0,0,2.220446049250313e-16,1.0,1.0,af29803d1fd9ca6e68ee7a9c9f7416e2ad456c87f1caffe808a9f65449acba1f
cancellation_shared_vs_action_dependent,28,static_shared,0.05,1.0,5000,0.05,0.006232338634898958,0.012345085164705505,31.161693174494786,0.006232338634898958,0.022222222222222223,0.5,0.0,0.012345085164705503,5000,1.3877787807814457e-17,0.0,0.0,1.1102230246251565e-16,0,1.508271285644014e-11,1.0,1.0,af29803d1fd9ca6e68ee7a9c9f7416e2ad456c87f1caffe808a9f65449acba1f
cancellation_shared_vs_action_dependent,28,static_shared,0.1,1.0,5000,0.1,0.006232338634898958,0.012345085164705505,31.161693174494786,0.006232338634898958,0.022222222222222223,0.5,0.0,0.012345085164705496,5000,2.688821387764051e-17,0.0,0.0,1.1102230246251565e-16,0,1.508271285644014e-11,1.0,1.0,af29803d1fd9ca6e68ee7a9c9f7416e2ad456c87f1caffe808a9f65449acba1f
cancellation_shared_vs_action_dependent,28,static_shared,0.2,1.0,5000,0.2,0.006232338634898958,0.012345085164705505,31.161693174494786,0.006232338634898958,0.022222222222222223,0.5,0.0,0.01234508516470551,5000,5.377642775528102e-17,0.0,0.0,1.1102230246251565e-16,0,1.508271285644014e-11,1.0,1.0,af29803d1fd9ca6e68ee7a9c9f7416e2ad456c87f1caffe808a9f65449acba1f
cancellation_shared_vs_action_dependent,28,state_varying_shared,0.0,1.0,5000,0.0006232338634898957,0.006232338634898958,0.01234508516470551,31.161693174494786,0.006232338634898958,0.022222222222222223,0.5,0.0,0.012345085164705508,5000,0.0,0.0,0.0,0.0,0,2.220446049250313e-16,0.014035008301579777,1.9580887059367467,af29803d1fd9ca6e68ee7a9c9f7416e2ad456c87f1caffe808a9f65449acba1f
cancellation_shared_vs_action_dependent,28,state_varying_shared,0.05,1.0,5000,0.049577887697859285,0.006232338634898958,0.012345085164705512,31.161693174494786,0.006232338634898958,0.022222222222222223,0.5,0.0,0.01234508516470551,5000,2.7755575615628914e-17,0.0,0.0,1.1102230246251565e-16,0,1.9392043526522684e-11,0.014035008301579777,1.9580887059367467,af29803d1fd9ca6e68ee7a9c9f7416e2ad456c87f1caffe808a9f65449acba1f
cancellation_shared_vs_action_dependent,28,state_varying_shared,0.1,1.0,5000,0.09914340651665424,0.006232338634898956,0.012345085164705505,31.16169317449478,0.006232338634898956,0.022222222222222223,0.5,0.0,0.012345085164705496,5000,5.551115123125783e-17,0.0,0.0,2.220446049250313e-16,0,1.508271285644014e-11,0.014035008301579777,1.9580887059367467,af29803d1fd9ca6e68ee7a9c9f7416e2ad456c87f1caffe808a9f65449acba1f
cancellation_shared_vs_action_dependent,28,state_varying_shared,0.2,1.0,5000,0.19828015741193303,0.006232338634898956,0.012345085164705505,31.16169317449478,0.006232338634898956,0.022222222222222223,0.5,0.0,0.01234508516470551,5000,1.0755285551056204e-16,0.0,0.0,2.220446049250313e-16,0,1.508271285644014e-11,0.014035008301579777,1.9580887059367467,af29803d1fd9ca6e68ee7a9c9f7416e2ad456c87f1caffe808a9f65449acba1f
cancellation_shared_vs_action_dependent,28,static_shared,0.0,1.01,5000,0.0006294662021247946,0.0062946620212479465,0.012468536016352566,31.473310106239733,0.0062946620212479465,0.022222222222222223,1.0,1.0,0.01234508516470551,5000,0.0,0.0,0.0,0.0,0,2.799982468104645e-13,1.0,1.0,af29803d1fd9ca6e68ee7a9c9f7416e2ad456c87f1caffe808a9f65449acba1f
cancellation_shared_vs_action_dependent,28,static_shared,0.05,1.01,5000,0.05,0.0062946620212479465,0.01246853601635256,31.473310106239733,0.0062946620212479465,0.022222222222222223,1.0,1.0,0.01234508516470551,5000,1.5612511283791264e-17,0.0,0.0,1.1102230246251565e-16,0,2.613620431191066e-11,1.0,1.0,af29803d1fd9ca6e68ee7a9c9f7416e2ad456c87f1caffe808a9f65449acba1f
cancellation_shared_vs_action_dependent,28,static_shared,0.1,1.01,5000,0.1,0.0062946620212479465,0.01246853601635256,31.473310106239733,0.0062946620212479465,0.022222222222222223,1.0,1.0,0.01234508516470551,5000,3.8163916471489756e-17,0.0,0.0,1.1102230246251565e-16,0,4.2813308454014987e-11,1.0,1.0,af29803d1fd9ca6e68ee7a9c9f7416e2ad456c87f1caffe808a9f65449acba1f
cancellation_shared_vs_action_dependent,28,static_shared,0.2,1.01,5000,0.2,0.006294662021247946,0.01246853601635256,31.47331010623973,0.006294662021247946,0.022222222222222223,1.0,1.0,0.01234508516470551,5000,5.551115123125783e-17,0.0,0.0,1.1102230246251565e-16,0,4.2813308454014987e-11,1.0,1.0,af29803d1fd9ca6e68ee7a9c9f7416e2ad456c87f1caffe808a9f65449acba1f
cancellation_shared_vs_action_dependent,28,state_varying_shared,0.0,1.01,5000,0.0006294662021247946,0.0062946620212479465,0.012468536016352566,31.473310106239733,0.0062946620212479465,0.022222222222222223,1.0,1.0,0.01234508516470551,5000,0.0,0.0,0.0,0.0,0,2.799982468104645e-13,0.014035008301579777,1.9580887059367467,af29803d1fd9ca6e68ee7a9c9f7416e2ad456c87f1caffe808a9f65449acba1f
cancellation_shared_vs_action_dependent,28,state_varying_shared,0.05,1.01,5000,0.04957802280369007,0.0062946620212479465,0.012468536016352567,31.473310106239733,0.0062946620212479465,0.022222222222222223,1.0,1.0,0.01234508516470551,5000,2.7755575615628914e-17,0.0,0.0,1.1102230246251565e-16,0,8.338663093354626e-12,0.014035008301579777,1.9580887059367467,af29803d1fd9ca6e68ee7a9c9f7416e2ad456c87f1caffe808a9f65449acba1f
cancellation_shared_vs_action_dependent,28,state_varying_shared,0.1,1.01,5000,0.09914350331005804,0.0062946620212479465,0.01246853601635256,31.473310106239733,0.0062946620212479465,0.022222222222222223,1.0,1.0,0.01234508516470551,5000,5.551115123125783e-17,0.0,0.0,2.220446049250313e-16,0,4.2813308454014987e-11,0.014035008301579777,1.9580887059367467,af29803d1fd9ca6e68ee7a9c9f7416e2ad456c87f1caffe808a9f65449acba1f
cancellation_shared_vs_action_dependent,28,state_varying_shared,0.2,1.01,5000,0.19828019480467857,0.0062946620212479465,0.01246853601635256,31.473310106239733,0.0062946620212479465,0.022222222222222223,1.0,1.0,0.01234508516470551,5000,1.1015494072452725e-16,0.0,0.0,2.220446049250313e-16,0,4.2813308454014987e-11,0.014035008301579777,1.9580887059367467,af29803d1fd9ca6e68ee7a9c9f7416e2ad456c87f1caffe808a9f65449acba1f
cancellation_shared_vs_action_dependent,28,static_shared,0.0,1.5,5000,0.0009348507952348435,0.009348507952348435,0.018517627747058264,46.74253976174218,0.009348507952348435,0.022222222222222223,1.0,1.0,0.01234508516470551,5000,0.0,0.0,0.0,0.0,0,1.077360423096252e-12,1.0,1.0,af29803d1fd9ca6e68ee7a9c9f7416e2ad456c87f1caffe808a9f65449acba1f
cancellation_shared_vs_action_dependent,28,static_shared,0.05,1.5,5000,0.05,0.009348507952348435,0.018517627747058264,46.74253976174218,0.009348507952348435,0.022222222222222223,1.0,1.0,0.01234508516470551,5000,1.3877787807814457e-17,0.0,0.0,1.1102230246251565e-16,0,2.262412479581144e-11,1.0,1.0,af29803d1fd9ca6e68ee7a9c9f7416e2ad456c87f1caffe808a9f65449acba1f
cancellation_shared_vs_action_dependent,28,static_shared,0.1,1.5,5000,0.1,0.009348507952348435,0.018517627747058257,46.74253976174218,0.009348507952348435,0.022222222222222223,1.0,1.0,0.01234508516470551,5000,2.688821387764051e-17,0.0,0.0,1.1102230246251565e-16,0,2.262412479581144e-11,1.0,1.0,af29803d1fd9ca6e68ee7a9c9f7416e2ad456c87f1caffe808a9f65449acba1f
cancellation_shared_vs_action_dependent,28,static_shared,0.2,1.5,5000,0.2,0.009348507952348435,0.018517627747058285,46.74253976174217,0.009348507952348435,0.022222222222222223,1.0,1.0,0.01234508516470551,5000,5.551115123125783e-17,0.0,0.0,1.1102230246251565e-16,0,2.262412479581144e-11,1.0,1.0,af29803d1fd9ca6e68ee7a9c9f7416e2ad456c87f1caffe808a9f65449acba1f
cancellation_shared_vs_action_dependent,28,state_varying_shared,0.0,1.5,5000,0.0009348507952348435,0.009348507952348435,0.018517627747058264,46.74253976174218,0.009348507952348435,0.022222222222222223,1.0,1.0,0.01234508516470551,5000,0.0,0.0,0.0,0.0,0,1.077360423096252e-12,0.014035008301579777,1.9580887059367467,af29803d1fd9ca6e68ee7a9c9f7416e2ad456c87f1caffe808a9f65449acba1f
cancellation_shared_vs_action_dependent,28,state_varying_shared,0.05,1.5,5000,0.04958505365017639,0.009348507952348435,0.01851762774705827,46.74253976174218,0.009348507952348435,0.022222222222222223,1.0,1.0,0.01234508516470551,5000,2.7755575615628914e-17,0.0,0.0,1.1102230246251565e-16,0,1.1850742609453846e-11,0.014035008301579777,1.9580887059367467,af29803d1fd9ca6e68ee7a9c9f7416e2ad456c87f1caffe808a9f65449acba1f
cancellation_shared_vs_action_dependent,28,state_varying_shared,0.1,1.5,5000,0.0991491495111515,0.009348507952348435,0.018517627747058257,46.74253976174218,0.009348507952348435,0.022222222222222223,1.0,1.0,0.01234508516470551,5000,5.377642775528102e-17,0.0,0.0,2.220446049250313e-16,0,2.262412479581144e-11,0.014035008301579777,1.9580887059367467,af29803d1fd9ca6e68ee7a9c9f7416e2ad456c87f1caffe808a9f65449acba1f
cancellation_shared_vs_action_dependent,28,state_varying_shared,0.2,1.5,5000,0.19828280462603634,0.009348507952348435,0.018517627747058285,46.74253976174218,0.009348507952348435,0.022222222222222223,1.0,1.0,0.01234508516470551,5000,1.0928757898653885e-16,0.0,0.0,2.220446049250313e-16,0,2.262412479581144e-11,0.014035008301579777,1.9580887059367467,af29803d1fd9ca6e68ee7a9c9f7416e2ad456c87f1caffe808a9f65449acba1f
cancellation_shared_vs_action_dependent,29,static_shared,0.0,0.0,5000,0.0,0.0,0.0,0.0,0.0,0.0,0.0,0.0,0.0,0,0.0,0.0,0.0,0.0,0,0.0,1.0,1.0,33270e43de936b5aa4398d2ee5c4818639e3bab4f77fc9f4b263d2afaf30f8fe
cancellation_shared_vs_action_dependent,29,static_shared,0.05,0.0,5000,0.05,4.423961197375093e-17,1.1102230246251565e-16,2.2119805986875463e-13,4.423961197375093e-17,0.0,0.0,0.0,1.1102230246251565e-16,0,1.1102230246251565e-16,0.0,0.0,1.1102230246251565e-16,0,2.8310165521783186e-11,1.0,1.0,33270e43de936b5aa4398d2ee5c4818639e3bab4f77fc9f4b263d2afaf30f8fe
cancellation_shared_vs_action_dependent,29,static_shared,0.1,0.0,5000,0.1,4.989342272665454e-17,1.1102230246251565e-16,2.4946711363327267e-13,4.989342272665454e-17,0.0,0.0,0.0,1.1102230246251565e-16,0,1.1102230246251565e-16,0.0,0.0,1.1102230246251565e-16,0,2.8310165521783186e-11,1.0,1.0,33270e43de936b5aa4398d2ee5c4818639e3bab4f77fc9f4b263d2afaf30f8fe
cancellation_shared_vs_action_dependent,29,static_shared,0.2,0.0,5000,0.2,7.434053372890048e-17,1.1102230246251565e-16,3.717026686445024e-13,7.434053372890048e-17,0.0,0.0,0.0,1.1102230246251565e-16,0,1.1102230246251565e-16,0.0,0.0,1.1102230246251565e-16,0,2.8310165521783186e-11,1.0,1.0,33270e43de936b5aa4398d2ee5c4818639e3bab4f77fc9f4b263d2afaf30f8fe
cancellation_shared_vs_action_dependent,29,state_varying_shared,0.0,0.0,5000,0.0,0.0,0.0,0.0,0.0,0.0,0.0,0.0,0.0,0,0.0,0.0,0.0,0.0,0,0.0,0.06990226838308333,1.9876039563816505,33270e43de936b5aa4398d2ee5c4818639e3bab4f77fc9f4b263d2afaf30f8fe
cancellation_shared_vs_action_dependent,29,state_varying_shared,0.05,0.0,5000,0.058477123746447944,4.052921193098413e-17,1.6653345369377348e-16,2.0264605965492066e-13,4.052921193098413e-17,0.0,0.0,0.0,2.220446049250313e-16,0,1.6653345369377348e-16,0.0,0.0,2.220446049250313e-16,0,2.8310165521783186e-11,0.06990226838308333,1.9876039563816505,33270e43de936b5aa4398d2ee5c4818639e3bab4f77fc9f4b263d2afaf30f8fe
cancellation_shared_vs_action_dependent,29,state_varying_shared,0.1,0.0,5000,0.11695424749289589,4.929980035317527e-17,1.6653345369377348e-16,2.4649900176587636e-13,4.929980035317527e-17,0.0,0.0,0.0,2.220446049250313e-16,0,1.6653345369377348e-16,0.0,0.0,2.220446049250313e-16,0,2.8310165521783186e-11,0.06990226838308333,1.9876039563816505,33270e43de936b5aa4398d2ee5c4818639e3bab4f77fc9f4b263d2afaf30f8fe
cancellation_shared_vs_action_dependent,29,state_varying_shared,0.2,0.0,5000,0.23390849498579178,6.825477683047865e-17,2.220446049250313e-16,3.4127388415239324e-13,6.825477683047865e-17,0.0,0.0,0.0,2.220446049250313e-16,0,2.220446049250313e-16,0.0,0.0,2.220446049250313e-16,0,2.8310165521783186e-11,0.06990226838308333,1.9876039563816505,33270e43de936b5aa4398d2ee5c4818639e3bab4f77fc9f4b263d2afaf30f8fe
cancellation_shared_vs_action_dependent,29,static_shared,0.0,0.5,5000,0.0003031381542755051,0.0030313815427550506,0.0061728228042575925,15.156907713775253,0.0030313815427550506,0.0,0.0,0.0,0.006172822804257593,0,0.0,0.0,0.0,0.0,0,2.2115642650533118e-13,1.0,1.0,33270e43de936b5aa4398d2ee5c4818639e3bab4f77fc9f4b263d2afaf30f8fe
cancellation_shared_vs_action_dependent,29,static_shared,0.05,0.5,5000,0.05,0.003031381542755051,0.0061728228042575994,15.156907713775254,0.003031381542755051,0.0,0.0,0.0,0.006172822804257601,0,1.3877787807814457e-17,0.0,0.0,1.1102230246251565e-16,0,1.5482060078397808e-12,1.0,1.0,33270e43de936b5aa4398d2ee5c4818639e3bab4f77fc9f4b263d2afaf30f8fe
cancellation_shared_vs_action_dependent,29,static_shared,0.1,0.5,5000,0.1,0.003031381542755051,0.0061728228042575994,15.156907713775254,0.003031381542755051,0.0,0.0,0.0,0.006172822804257601,0,2.7755575615628914e-17,0.0,0.0,1.1102230246251565e-16,0,1.5482060078397808e-12,1.0,1.0,33270e43de936b5aa4398d2ee5c4818639e3bab4f77fc9f4b263d2afaf30f8fe
cancellation_shared_vs_action_dependent,29,static_shared,0.2,0.5,5000,0.2,0.0030313815427550498,0.006172822804257572,15.156907713775249,0.0030313815427550498,0.0,0.0,0.0,0.0061728228042575595,0,5.4643789493269423e-17,0.0,0.0,1.1102230246251565e-16,0,1.789401959939596e-12,1.0,1.0,33270e43de936b5aa4398d2ee5c4818639e3bab4f77fc9f4b263d2afaf30f8fe
cancellation_shared_vs_action_dependent,29,state_varying_shared,0.0,0.5,5000,0.0003031381542755051,0.0030313815427550506,0.0061728228042575925,15.156907713775253,0.0030313815427550506,0.0,0.0,0.0,0.006172822804257593,0,0.0,0.0,0.0,0.0,0,2.2115642650533118e-13,0.06990226838308333,1.9876039563816505,33270e43de936b5aa4398d2ee5c4818639e3bab4f77fc9f4b263d2afaf30f8fe
cancellation_shared_vs_action_dependent,29,state_varying_shared,0.05,0.5,5000,0.058477123746447944,0.0030313815427550506,0.0061728228042575994,15.156907713775253,0.0030313815427550506,0.0,0.0,0.0,0.006172822804257601,0,2.7755575615628914e-17,0.0,0.0,2.220446049250313e-16,0,1.5482060078397808e-12,0.06990226838308333,1.9876039563816505,33270e43de936b5aa4398d2ee5c4818639e3bab4f77fc9f4b263d2afaf30f8fe
cancellation_shared_vs_action_dependent,29,state_varying_shared,0.1,0.5,5000,0.11695424749289589,0.00303138154275505,0.006172822804257572,15.15690771377525,0.00303138154275505,0.0,0.0,0.0,0.0061728228042575595,0,5.551115123125783e-17,0.0,0.0,2.220446049250313e-16,0,1.5482060078397808e-12,0.06990226838308333,1.9876039563816505,33270e43de936b5aa4398d2ee5c4818639e3bab4f77fc9f4b263d2afaf30f8fe
cancellation_shared_vs_action_dependent,29,state_varying_shared,0.2,0.5,5000,0.23390849498579178,0.003031381542755052,0.006172822804257572,15.15690771377526,0.003031381542755052,0.0,0.0,0.0,0.0061728228042575595,0,1.1102230246251565e-16,0.0,0.0,2.220446049250313e-16,0,2.67619260085894e-11,0.06990226838308333,1.9876039563816505,33270e43de936b5aa4398d2ee5c4818639e3bab4f77fc9f4b263d2afaf30f8fe
cancellation_shared_vs_action_dependent,29,static_shared,0.0,0.99,5000,0.0006002135454655001,0.006002135454655001,0.012222189152430035,30.010677273275004,0.006002135454655001,0.0,0.0,0.0,0.012222189152430035,0,0.0,0.0,0.0,0.0,0,6.639133687258436e-14,1.0,1.0,33270e43de936b5aa4398d2ee5c4818639e3bab4f77fc9f4b263d2afaf30f8fe
cancellation_shared_vs_action_dependent,29,static_shared,0.05,0.99,5000,0.05,0.006002135454655001,0.012222189152430035,30.010677273275004,0.006002135454655001,0.0,0.0,0.0,0.012222189152430037,0,1.3877787807814457e-17,0.0,0.0,1.1102230246251565e-16,0,3.162803352552146e-12,1.0,1.0,33270e43de936b5aa4398d2ee5c4818639e3bab4f77fc9f4b263d2afaf30f8fe
cancellation_shared_vs_action_dependent,29,static_shared,0.1,0.99,5000,0.1,0.006002135454655001,0.012222189152430035,30.010677273275004,0.006002135454655001,0.0,0.0,0.0,0.012222189152430037,0,2.688821387764051e-17,0.0,0.0,1.1102230246251565e-16,0,3.162803352552146e-12,1.0,1.0,33270e43de936b5aa4398d2ee5c4818639e3bab4f77fc9f4b263d2afaf30f8fe
cancellation_shared_vs_action_dependent,29,static_shared,0.2,0.99,5000,0.2,0.006002135454655,0.012222189152430007,30.010677273275,0.006002135454655,0.0,0.0,0.0,0.012222189152429995,0,5.377642775528102e-17,0.0,0.0,1.1102230246251565e-16,0,3.162803352552146e-12,1.0,1.0,33270e43de936b5aa4398d2ee5c4818639e3bab4f77fc9f4b263d2afaf30f8fe
cancellation_shared_vs_action_dependent,29,state_varying_shared,0.0,0.99,5000,0.0006002135454655001,0.006002135454655001,0.012222189152430035,30.010677273275004,0.006002135454655001,0.0,0.0,0.0,0.012222189152430035,0,0.0,0.0,0.0,0.0,0,6.639133687258436e-14,0.06990226838308333,1.9876039563816505,33270e43de936b5aa4398d2ee5c4818639e3bab4f77fc9f4b263d2afaf30f8fe
cancellation_shared_vs_action_dependent,29,state_varying_shared,0.05,0.99,5000,0.058477123746447944,0.006002135454655001,0.012222189152430035,30.010677273275004,0.006002135454655001,0.0,0.0,0.0,0.012222189152430037,0,2.7755575615628914e-17,0.0,0.0,2.220446049250313e-16,0,3.162803352552146e-12,0.06990226838308333,1.9876039563816505,33270e43de936b5aa4398d2ee5c4818639e3bab4f77fc9f4b263d2afaf30f8fe
cancellation_shared_vs_action_dependent,29,state_varying_shared,0.1,0.99,5000,0.11695424749289589,0.006002135454655001,0.012222189152430063,30.010677273275004,0.006002135454655001,0.0,0.0,0.0,0.01222218915243005,0,5.377642775528102e-17,0.0,0.0,2.220446049250313e-16,0,3.162803352552146e-12,0.06990226838308333,1.9876039563816505,33270e43de936b5aa4398d2ee5c4818639e3bab4f77fc9f4b263d2afaf30f8fe
cancellation_shared_vs_action_dependent,29,state_varying_shared,0.2,0.99,5000,0.23390849498579178,0.006002135454655,0.012222189152430007,30.010677273275,0.006002135454655,0.0,0.0,0.0,0.012222189152429995,0,1.0928757898653885e-16,0.0,0.0,2.220446049250313e-16,0,2.5147328663877033e-11,0.06990226838308333,1.9876039563816505,33270e43de936b5aa4398d2ee5c4818639e3bab4f77fc9f4b263d2afaf30f8fe
cancellation_shared_vs_action_dependent,29,static_shared,0.0,1.0,5000,0.0006062763085510101,0.006062763085510102,0.012345645608515187,30.31381542755051,0.006062763085510102,0.022222222222222223,0.5,0.0,0.012345645608515187,5000,0.0,0.0,0.0,0.0,0,2.220446049250313e-16,1.0,1.0,33270e43de936b5aa4398d2ee5c4818639e3bab4f77fc9f4b263d2afaf30f8fe
cancellation_shared_vs_action_dependent,29,static_shared,0.05,1.0,5000,0.05,0.006062763085510101,0.012345645608515192,30.313815427550505,0.006062763085510101,0.022222222222222223,0.5,0.0,0.012345645608515187,5000,1.3444106938820255e-17,0.0,0.0,1.1102230246251565e-16,0,3.0964120156795616e-12,1.0,1.0,33270e43de936b5aa4398d2ee5c4818639e3bab4f77fc9f4b263d2afaf30f8fe
cancellation_shared_vs_action_dependent,29,static_shared,0.1,1.0,5000,0.1,0.006062763085510102,0.012345645608515199,30.31381542755051,0.006062763085510102,0.022222222222222223,0.5,0.0,0.012345645608515187,5000,2.6020852139652106e-17,0.0,0.0,1.1102230246251565e-16,0,3.0964120156795616e-12,1.0,1.0,33270e43de936b5aa4398d2ee5c4818639e3bab4f77fc9f4b263d2afaf30f8fe
cancellation_shared_vs_action_dependent,29,static_shared,0.2,1.0,5000,0.2,0.006062763085510102,0.012345645608515199,30.31381542755051,0.006062763085510102,0.022222222222222223,0.5,0.0,0.012345645608515187,5000,5.551115123125783e-17,0.0,0.0,1.1102230246251565e-16,0,3.0964120156795616e-12,1.0,1.0,33270e43de936b5aa4398d2ee5c4818639e3bab4f77fc9f4b263d2afaf30f8fe
cancellation_shared_vs_action_dependent,29,state_varying_shared,0.0,1.0,5000,0.0006062763085510101,0.006062763085510102,0.012345645608515187,30.31381542755051,0.006062763085510102,0.022222222222222223,0.5,0.0,0.012345645608515187,5000,0.0,0.0,0.0,0.0,0,2.220446049250313e-16,0.06990226838308333,1.9876039563816505,33270e43de936b5aa4398d2ee5c4818639e3bab4f77fc9f4b263d2afaf30f8fe
cancellation_shared_vs_action_dependent,29,state_varying_shared,0.05,1.0,5000,0.058477123746447944,0.006062763085510102,0.012345645608515199,30.31381542755051,0.006062763085510102,0.022222222222222223,0.5,0.0,0.012345645608515187,5000,2.7755575615628914e-17,0.0,0.0,1.1102230246251565e-16,0,3.0964120156795616e-12,0.06990226838308333,1.9876039563816505,33270e43de936b5aa4398d2ee5c4818639e3bab4f77fc9f4b263d2afaf30f8fe
cancellation_shared_vs_action_dependent,29,state_varying_shared,0.1,1.0,5000,0.11695424749289589,0.006062763085510101,0.012345645608515199,30.313815427550505,0.006062763085510101,0.022222222222222223,0.5,0.0,0.012345645608515187,5000,5.4643789493269423e-17,0.0,0.0,2.220446049250313e-16,0,3.0964120156795616e-12,0.06990226838308333,1.9876039563816505,33270e43de936b5aa4398d2ee5c4818639e3bab4f77fc9f4b263d2afaf30f8fe
cancellation_shared_vs_action_dependent,29,state_varying_shared,0.2,1.0,5000,0.23390849498579178,0.0060627630855101,0.012345645608515143,30.3138154275505,0.0060627630855101,0.022222222222222223,0.5,0.0,0.012345645608515131,5000,1.1058862159352145e-16,0.0,0.0,2.220446049250313e-16,0,3.140654403210874e-11,0.06990226838308333,1.9876039563816505,33270e43de936b5aa4398d2ee5c4818639e3bab4f77fc9f4b263d2afaf30f8fe
cancellation_shared_vs_action_dependent,29,static_shared,0.0,1.01,5000,0.0006123390716365202,0.006123390716365203,0.012469102064600338,30.616953581826014,0.006123390716365203,0.022222222222222223,1.0,1.0,0.012345645608515187,5000,0.0,0.0,0.0,0.0,0,6.639133687258436e-14,1.0,1.0,33270e43de936b5aa4398d2ee5c4818639e3bab4f77fc9f4b263d2afaf30f8fe
cancellation_shared_vs_action_dependent,29,static_shared,0.05,1.01,5000,0.05,0.006123390716365203,0.012469102064600335,30.616953581826014,0.006123390716365203,0.022222222222222223,1.0,1.0,0.012345645608515187,5000,1.734723475976807e-17,0.0,0.0,1.1102230246251565e-16,0,2.2781776465308212e-12,1.0,1.0,33270e43de936b5aa4398d2ee5c4818639e3bab4f77fc9f4b263d2afaf30f8fe
cancellation_shared_vs_action_dependent,29,static_shared,0.1,1.01,5000,0.1,0.006123390716365203,0.012469102064600335,30.616953581826014,0.006123390716365203,0.022222222222222223,1.0,1.0,0.012345645608515187,5000,2.6454533008646308e-17,0.0,0.0,1.1102230246251565e-16,0,4.799494135454552e-12,1.0,1.0,33270e43de936b5aa4398d2ee5c4818639e3bab4f77fc9f4b263d2afaf30f8fe
cancellation_shared_vs_action_dependent,29,static_shared,0.2,1.01,5000,0.2,0.006123390716365202,0.012469102064600335,30.61695358182601,0.006123390716365202,0.022222222222222223,1.0,1.0,0.012345645608515187,5000,5.377642775528102e-17,0.0,0.0,1.1102230246251565e-16,0,9.355627383911269e-12,1.0,1.0,33270e43de936b5aa4398d2ee5c4818639e3bab4f77fc9f4b263d2afaf30f8fe
cancellation_shared_vs_action_dependent,29,state_varying_shared,0.0,1.01,5000,0.0006123390716365202,0.006123390716365203,0.012469102064600338,30.616953581826014,0.006123390716365203,0.022222222222222223,1.0,1.0,0.012345645608515187,5000,0.0,0.0,0.0,0.0,0,6.639133687258436e-14,0.06990226838308333,1.9876039563816505,33270e43de936b5aa4398d2ee5c4818639e3bab4f77fc9f4b263d2afaf30f8fe
cancellation_shared_vs_action_dependent,29,state_varying_shared,0.05,1.01,5000,0.058477123746447944,0.006123390716365202,0.012469102064600335,30.61695358182601,0.006123390716365202,0.022222222222222223,1.0,1.0,0.012345645608515187,5000,2.7755575615628914e-17,0.0,0.0,2.220446049250313e-16,0,4.799494135454552e-12,0.06990226838308333,1.9876039563816505,33270e43de936b5aa4398d2ee5c4818639e3bab4f77fc9f4b263d2afaf30f8fe
cancellation_shared_vs_action_dependent,29,state_varying_shared,0.1,1.01,5000,0.11695424749289589,0.006123390716365202,0.012469102064600335,30.61695358182601,0.006123390716365202,0.022222222222222223,1.0,1.0,0.012345645608515187,5000,5.551115123125783e-17,0.0,0.0,2.220446049250313e-16,0,9.355627383911269e-12,0.06990226838308333,1.9876039563816505,33270e43de936b5aa4398d2ee5c4818639e3bab4f77fc9f4b263d2afaf30f8fe
cancellation_shared_vs_action_dependent,29,state_varying_shared,0.2,1.01,5000,0.23390849498579178,0.006123390716365201,0.01246910206460039,30.616953581826007,0.006123390716365201,0.022222222222222223,1.0,1.0,0.012345645608515187,5000,1.0928757898653885e-16,0.0,0.0,2.220446049250313e-16,0,3.766587042264291e-11,0.06990226838308333,1.9876039563816505,33270e43de936b5aa4398d2ee5c4818639e3bab4f77fc9f4b263d2afaf30f8fe
cancellation_shared_vs_action_dependent,29,static_shared,0.0,1.5,5000,0.0009094144628265152,0.009094144628265152,0.01851846841277278,45.47072314132576,0.009094144628265152,0.022222222222222223,1.0,1.0,0.012345645608515187,5000,0.0,0.0,0.0,0.0,0,2.2115642650533118e-13,1.0,1.0,33270e43de936b5aa4398d2ee5c4818639e3bab4f77fc9f4b263d2afaf30f8fe
cancellation_shared_vs_action_dependent,29,static_shared,0.05,1.5,5000,0.05,0.009094144628265152,0.01851846841277279,45.47072314132576,0.009094144628265152,0.022222222222222223,1.0,1.0,0.012345645608515187,5000,1.734723475976807e-17,0.0,0.0,1.1102230246251565e-16,0,2.432942736163568e-12,1.0,1.0,33270e43de936b5aa4398d2ee5c4818639e3bab4f77fc9f4b263d2afaf30f8fe
cancellation_shared_vs_action_dependent,29,static_shared,0.1,1.5,5000,0.1,0.009094144628265152,0.01851846841277277,45.47072314132576,0.009094144628265152,0.022222222222222223,1.0,1.0,0.012345645608515187,5000,2.688821387764051e-17,0.0,0.0,1.1102230246251565e-16,0,4.644729045821805e-12,1.0,1.0,33270e43de936b5aa4398d2ee5c4818639e3bab4f77fc9f4b263d2afaf30f8fe
cancellation_shared_vs_action_dependent,29,static_shared,0.2,1.5,5000,0.2,0.00909414462826515,0.01851846841277277,45.47072314132575,0.00909414462826515,0.022222222222222223,1.0,1.0,0.012345645608515187,5000,5.551115123125783e-17,0.0,0.0,1.1102230246251565e-16,0,4.644729045821805e-12,1.0,1.0,33270e43de936b5aa4398d2ee5c4818639e3bab4f77fc9f4b263d2afaf30f8fe
cancellation_shared_vs_action_dependent,29,state_varying_shared,0.0,1.5,5000,0.0009094144628265152,0.009094144628265152,0.01851846841277278,45.47072314132576,0.009094144628265152,0.022222222222222223,1.0,1.0,0.012345645608515187,5000,0.0,0.0,0.0,0.0,0,2.2115642650533118e-13,0.06990226838308333,1.9876039563816505,33270e43de936b5aa4398d2ee5c4818639e3bab4f77fc9f4b263d2afaf30f8fe
cancellation_shared_vs_action_dependent,29,state_varying_shared,0.05,1.5,5000,0.058477123746447944,0.009094144628265152,0.01851846841277277,45.47072314132576,0.009094144628265152,0.022222222222222223,1.0,1.0,0.012345645608515187,5000,2.7755575615628914e-17,0.0,0.0,2.220446049250313e-16,0,4.644729045821805e-12,0.06990226838308333,1.9876039563816505,33270e43de936b5aa4398d2ee5c4818639e3bab4f77fc9f4b263d2afaf30f8fe
cancellation_shared_vs_action_dependent,29,state_varying_shared,0.1,1.5,5000,0.11695424749289589,0.009094144628265152,0.01851846841277277,45.470723141325756,0.009094144628265152,0.022222222222222223,1.0,1.0,0.012345645608515187,5000,5.4643789493269423e-17,0.0,0.0,2.220446049250313e-16,0,4.644729045821805e-12,0.06990226838308333,1.9876039563816505,33270e43de936b5aa4398d2ee5c4818639e3bab4f77fc9f4b263d2afaf30f8fe
cancellation_shared_vs_action_dependent,29,state_varying_shared,0.2,1.5,5000,0.23390849498579178,0.009094144628265154,0.018518468412772826,45.47072314132577,0.009094144628265154,0.022222222222222223,1.0,1.0,0.012345645608515187,5000,1.0842021724855044e-16,0.0,0.0,2.220446049250313e-16,0,4.644729045821805e-12,0.06990226838308333,1.9876039563816505,33270e43de936b5aa4398d2ee5c4818639e3bab4f77fc9f4b263d2afaf30f8fe
