run_id,run_tier,paper_result,analysis_tier,experiment_id,configuration_id,seed,mechanism_id,code_commit,config_hash,input_manifest_hash,calibration_manifest_hash,generated_at,analysis_component,route_id,diagnostic_policy_id,n_rounds,structural_regret,route_regret,alignment_budget,structural_regret_rate,route_regret_rate,alignment_budget_rate,transfer_bound_rate,transfer_slack_rate,numerical_tolerance,transfer_invariant_pass,regret_stability_slack_rate,regret_stability_tolerance,regret_stability_invariant_pass,pairwise_sign_disagreement_rate,directed_choice_disagreement_rate,ranking_reversal_rate,complete_conflict_rate,complete_conflict_count,mean_structural_conflict_margin,min_structural_conflict_margin,mean_route_conflict_margin,min_route_conflict_margin,margin_preservation_rate,mean_reversal_margin,q10_reversal_margin,generated_mean_delay,empty_arrival_clock_rate,multiarrival_clock_rate,mean_route_map_age,max_route_map_age,structural_path_hash,delay_path_hash,bundle_hash,targeted_component,target_horizon,alignment_budget_tolerance,regret_stability_utilization,utilization_defined
exp1_alignment_transfer:targeted:full:targeted_systematic_horizon_1000:2026-09-10T09:09:25.488314+00:00,paper,True,targeted,exp1_alignment_transfer,targeted_systematic_horizon_1000,0,systematic_misbinding,3ddb55654ed7020ccecce1477ee0dd89c92f37d7,63d64e34a200ec61e73424bbad568ccfc3246f798eacff93f5f654190ad16a1d,3ebb8ce93cecd9d76ef6358493113e3d186b46dc569038f73332c9cc58c495a3,3ebb8ce93cecd9d76ef6358493113e3d186b46dc569038f73332c9cc58c495a3,2026-09-10T09:09:25.533509+00:00,route_map_diagnostic,arrival_assigned,route_greedy,1000,153.08641975308643,0.0,551.1111111111111,0.15308641975308643,0.0,0.5511111111111111,0.5511111111111111,0.39802469135802465,1e-08,True,0.39802469135802465,1e-08,True,0.40782222222222214,0.496,0.496,0.496,496,0.3086419753086419,0.3086419753086419,0.012345679012345673,0.012345679012345664,0.504,0.3086419753086419,0.3086419753086419,15.0,0.0,0.0,15.0,15,c6e0c0f40bcc2968997bb2670bb8d42551cfeff2b06017b53493c56cab6d823a,05299765807fd9fa076bc78ce0f05c83a1f31a19d3895a7b3ba4e578c54c1879,7e85dfacb1a628a337afb1565742b0d7366affaa1d501d3c982b31711e18c3c1,horizon_route_map,1000,1e-05,0.2777777777777778,True
exp1_alignment_transfer:targeted:full:targeted_systematic_horizon_1000:2026-09-10T09:09:25.488314+00:00,paper,True,targeted,exp1_alignment_transfer,targeted_systematic_horizon_1000,0,systematic_misbinding,3ddb55654ed7020ccecce1477ee0dd89c92f37d7,63d64e34a200ec61e73424bbad568ccfc3246f798eacff93f5f654190ad16a1d,3ebb8ce93cecd9d76ef6358493113e3d186b46dc569038f73332c9cc58c495a3,3ebb8ce93cecd9d76ef6358493113e3d186b46dc569038f73332c9cc58c495a3,2026-09-10T09:09:25.533509+00:00,route_map_diagnostic,source_bound,route_greedy,1000,0.0,0.0,0.0,0.0,0.0,0.0,0.0,0.0,1e-08,True,0.0,1e-08,True,0.0,0.0,0.0,0.0,0,,,,,1.0,0.0,0.0,15.0,0.0,0.0,0.0,0,c6e0c0f40bcc2968997bb2670bb8d42551cfeff2b06017b53493c56cab6d823a,05299765807fd9fa076bc78ce0f05c83a1f31a19d3895a7b3ba4e578c54c1879,7e85dfacb1a628a337afb1565742b0d7366affaa1d501d3c982b31711e18c3c1,horizon_route_map,1000,1e-05,,False
exp1_alignment_transfer:targeted:full:targeted_systematic_horizon_5000:2026-09-10T09:09:25.893664+00:00,paper,True,targeted,exp1_alignment_transfer,targeted_systematic_horizon_5000,0,systematic_misbinding,3ddb55654ed7020ccecce1477ee0dd89c92f37d7,1738aa639b37c24c9a687969970adb435313e91ca717b336ca50525dd7d4e928,3ebb8ce93cecd9d76ef6358493113e3d186b46dc569038f73332c9cc58c495a3,3ebb8ce93cecd9d76ef6358493113e3d186b46dc569038f73332c9cc58c495a3,2026-09-10T09:09:25.936927+00:00,route_map_diagnostic,arrival_assigned,route_greedy,5000,771.9135802469134,0.0,2778.8888888888882,0.15438271604938267,0.0,0.5557777777777776,0.5557777777777776,0.40139506172839495,1e-08,True,0.40139506172839495,1e-08,True,0.41127555555555556,0.5002,0.5002,0.5002,2501,0.308641975308642,0.3086419753086419,0.012345679012345671,0.012345679012345664,0.4998,0.308641975308642,0.3086419753086419,15.0,0.0,0.0,15.0,15,518ddbe24dffbe578c3230b8f34f940a3e1069b5126fe8202e35306eb3cb3423,af5a1a0b23e1ac7af58311708632d7004a3b87cf594d371805774f01b9a41769,ddc144ce815d56b6392d282b47d515ee8eb64deccd1f467d19c2642730e5da43,horizon_route_map,5000,5e-05,0.2777777777777778,True
exp1_alignment_transfer:targeted:full:targeted_systematic_horizon_5000:2026-09-10T09:09:25.893664+00:00,paper,True,targeted,exp1_alignment_transfer,targeted_systematic_horizon_5000,0,systematic_misbinding,3ddb55654ed7020ccecce1477ee0dd89c92f37d7,1738aa639b37c24c9a687969970adb435313e91ca717b336ca50525dd7d4e928,3ebb8ce93cecd9d76ef6358493113e3d186b46dc569038f73332c9cc58c495a3,3ebb8ce93cecd9d76ef6358493113e3d186b46dc569038f73332c9cc58c495a3,2026-09-10T09:09:25.936927+00:00,route_map_diagnostic,source_bound,route_greedy,5000,0.0,0.0,0.0,0.0,0.0,0.0,0.0,0.0,1e-08,True,0.0,1e-08,True,0.0,0.0,0.0,0.0,0,,,,,1.0,0.0,0.0,15.0,0.0,0.0,0.0,0,518ddbe24dffbe578c3230b8f34f940a3e1069b5126fe8202e35306eb3cb3423,af5a1a0b23e1ac7af58311708632d7004a3b87cf594d371805774f01b9a41769,ddc144ce815d56b6392d282b47d515ee8eb64deccd1f467d19c2642730e5da43,horizon_route_map,5000,5e-05,,False
exp1_alignment_transfer:targeted:full:targeted_systematic_horizon_10000:2026-09-10T09:09:27.444262+00:00,paper,True,targeted,exp1_alignment_transfer,targeted_systematic_horizon_10000,0,systematic_misbinding,3ddb55654ed7020ccecce1477ee0dd89c92f37d7,da85e70825466cff842b6ebf9a9b518dc6d40d23fd2f752124f37a433b92c063,3ebb8ce93cecd9d76ef6358493113e3d186b46dc569038f73332c9cc58c495a3,3ebb8ce93cecd9d76ef6358493113e3d186b46dc569038f73332c9cc58c495a3,2026-09-10T09:09:27.482361+00:00,route_map_diagnostic,arrival_assigned,route_greedy,10000,1541.975308641975,0.0,5551.1111111111095,0.15419753086419752,0.0,0.555111111111111,0.555111111111111,0.4009135802469134,1e-08,True,0.4009135802469134,1e-08,True,0.4107822222222222,0.4996,0.4996,0.4996,4996,0.308641975308642,0.3086419753086419,0.012345679012345671,0.012345679012345664,0.5004,0.308641975308642,0.3086419753086419,15.0,0.0,0.0,15.0,15,88348b0a3b6c10ebd190ced42a10646c4271c60c60104284c37f265a9e007e26,2379554f2f04ea2c181d3921346eaf4499278313df843df3a9e2e20ebcc340a5,a5ada5e627930bd9a8b13095779efe47744fa79cf26c14fb0b5bc42896f19f73,horizon_route_map,10000,0.0001,0.2777777777777778,True
exp1_alignment_transfer:targeted:full:targeted_systematic_horizon_10000:2026-09-10T09:09:27.444262+00:00,paper,True,targeted,exp1_alignment_transfer,targeted_systematic_horizon_10000,0,systematic_misbinding,3ddb55654ed7020ccecce1477ee0dd89c92f37d7,da85e70825466cff842b6ebf9a9b518dc6d40d23fd2f752124f37a433b92c063,3ebb8ce93cecd9d76ef6358493113e3d186b46dc569038f73332c9cc58c495a3,3ebb8ce93cecd9d76ef6358493113e3d186b46dc569038f73332c9cc58c495a3,2026-09-10T09:09:27.482361+00:00,route_map_diagnostic,source_bound,route_greedy,10000,0.0,0.0,0.0,0.0,0.0,0.0,0.0,0.0,1e-08,True,0.0,1e-08,True,0.0,0.0,0.0,0.0,0,,,,,1.0,0.0,0.0,15.0,0.0,0.0,0.0,0,88348b0a3b6c10ebd190ced42a10646c4271c60c60104284c37f265a9e007e26,2379554f2f04ea2c181d3921346eaf4499278313df843df3a9e2e20ebcc340a5,a5ada5e627930bd9a8b13095779efe47744fa79cf26c14fb0b5bc42896f19f73,horizon_route_map,10000,0.0001,,False
exp1_alignment_transfer:targeted:full:targeted_systematic_horizon_1000:2026-09-10T09:09:30.462231+00:00,paper,True,targeted,exp1_alignment_transfer,targeted_systematic_horizon_1000,1,systematic_misbinding,3ddb55654ed7020ccecce1477ee0dd89c92f37d7,63d64e34a200ec61e73424bbad568ccfc3246f798eacff93f5f654190ad16a1d,3ebb8ce93cecd9d76ef6358493113e3d186b46dc569038f73332c9cc58c495a3,3ebb8ce93cecd9d76ef6358493113e3d186b46dc569038f73332c9cc58c495a3,2026-09-10T09:09:30.499380+00:00,route_map_diagnostic,arrival_assigned,route_greedy,1000,152.77777777777777,0.0,549.9999999999999,0.15277777777777776,0.0,0.5499999999999999,0.5499999999999999,0.3972222222222221,1e-08,True,0.3972222222222221,1e-08,True,0.4069999999999999,0.495,0.495,0.495,495,0.30864197530864196,0.3086419753086419,0.012345679012345675,0.012345679012345664,0.505,0.30864197530864196,0.3086419753086419,15.0,0.0,0.0,15.0,15,c3f080c3c69520ca771fe4eca506d65c73e4a5c2ebe1b3b74d5e8d2f05937557,ecd4652a5fc4fca15e73732f02bf2e963e7e392f6e2c7401849c634e6b5679b3,f99cedbdc725b55c497a963e0ffc37963db62447bbe781511201a045d6be0d66,horizon_route_map,1000,1e-05,0.27777777777777785,True
exp1_alignment_transfer:targeted:full:targeted_systematic_horizon_1000:2026-09-10T09:09:30.462231+00:00,paper,True,targeted,exp1_alignment_transfer,targeted_systematic_horizon_1000,1,systematic_misbinding,3ddb55654ed7020ccecce1477ee0dd89c92f37d7,63d64e34a200ec61e73424bbad568ccfc3246f798eacff93f5f654190ad16a1d,3ebb8ce93cecd9d76ef6358493113e3d186b46dc569038f73332c9cc58c495a3,3ebb8ce93cecd9d76ef6358493113e3d186b46dc569038f73332c9cc58c495a3,2026-09-10T09:09:30.499380+00:00,route_map_diagnostic,source_bound,route_greedy,1000,0.0,0.0,0.0,0.0,0.0,0.0,0.0,0.0,1e-08,True,0.0,1e-08,True,0.0,0.0,0.0,0.0,0,,,,,1.0,0.0,0.0,15.0,0.0,0.0,0.0,0,c3f080c3c69520ca771fe4eca506d65c73e4a5c2ebe1b3b74d5e8d2f05937557,ecd4652a5fc4fca15e73732f02bf2e963e7e392f6e2c7401849c634e6b5679b3,f99cedbdc725b55c497a963e0ffc37963db62447bbe781511201a045d6be0d66,horizon_route_map,1000,1e-05,,False
exp1_alignment_transfer:targeted:full:targeted_systematic_horizon_5000:2026-09-10T09:09:30.845161+00:00,paper,True,targeted,exp1_alignment_transfer,targeted_systematic_horizon_5000,1,systematic_misbinding,3ddb55654ed7020ccecce1477ee0dd89c92f37d7,1738aa639b37c24c9a687969970adb435313e91ca717b336ca50525dd7d4e928,3ebb8ce93cecd9d76ef6358493113e3d186b46dc569038f73332c9cc58c495a3,3ebb8ce93cecd9d76ef6358493113e3d186b46dc569038f73332c9cc58c495a3,2026-09-10T09:09:30.887473+00:00,route_map_diagnostic,arrival_assigned,route_greedy,5000,771.6049382716049,0.0,2777.7777777777774,0.15432098765432098,0.0,0.5555555555555555,0.5555555555555555,0.4012345679012345,1e-08,True,0.4012345679012345,1e-08,True,0.41111111111111104,0.5,0.5,0.5,2500,0.308641975308642,0.3086419753086419,0.012345679012345671,0.012345679012345664,0.5,0.308641975308642,0.3086419753086419,15.0,0.0,0.0,15.0,15,58163e4c284576e8e9dc0db4264f5d8ed820e9dcb6fd4a4d67029f89f0798daa,8373bb5d78a3a94f15ab7f25860493838224e487719bb274085b8e8d59a4d9ac,320d7223336fd06debb79efeff48a92b6048e136067dfd61d8712ed5ed37223d,horizon_route_map,5000,5e-05,0.2777777777777778,True
exp1_alignment_transfer:targeted:full:targeted_systematic_horizon_5000:2026-09-10T09:09:30.845161+00:00,paper,True,targeted,exp1_alignment_transfer,targeted_systematic_horizon_5000,1,systematic_misbinding,3ddb55654ed7020ccecce1477ee0dd89c92f37d7,1738aa639b37c24c9a687969970adb435313e91ca717b336ca50525dd7d4e928,3ebb8ce93cecd9d76ef6358493113e3d186b46dc569038f73332c9cc58c495a3,3ebb8ce93cecd9d76ef6358493113e3d186b46dc569038f73332c9cc58c495a3,2026-09-10T09:09:30.887473+00:00,route_map_diagnostic,source_bound,route_greedy,5000,0.0,0.0,0.0,0.0,0.0,0.0,0.0,0.0,1e-08,True,0.0,1e-08,True,0.0,0.0,0.0,0.0,0,,,,,1.0,0.0,0.0,15.0,0.0,0.0,0.0,0,58163e4c284576e8e9dc0db4264f5d8ed820e9dcb6fd4a4d67029f89f0798daa,8373bb5d78a3a94f15ab7f25860493838224e487719bb274085b8e8d59a4d9ac,320d7223336fd06debb79efeff48a92b6048e136067dfd61d8712ed5ed37223d,horizon_route_map,5000,5e-05,,False
exp1_alignment_transfer:targeted:full:targeted_systematic_horizon_10000:2026-09-10T09:09:32.424872+00:00,paper,True,targeted,exp1_alignment_transfer,targeted_systematic_horizon_10000,1,systematic_misbinding,3ddb55654ed7020ccecce1477ee0dd89c92f37d7,da85e70825466cff842b6ebf9a9b518dc6d40d23fd2f752124f37a433b92c063,3ebb8ce93cecd9d76ef6358493113e3d186b46dc569038f73332c9cc58c495a3,3ebb8ce93cecd9d76ef6358493113e3d186b46dc569038f73332c9cc58c495a3,2026-09-10T09:09:32.462359+00:00,route_map_diagnostic,arrival_assigned,route_greedy,10000,1541.6666666666665,0.0,5549.999999999999,0.15416666666666665,0.0,0.5549999999999999,0.5549999999999999,0.40083333333333326,1e-08,True,0.40083333333333326,1e-08,True,0.4107,0.4995,0.4995,0.4995,4995,0.308641975308642,0.3086419753086419,0.012345679012345671,0.012345679012345664,0.5005,0.308641975308642,0.3086419753086419,15.0,0.0,0.0,15.0,15,6238320e9258bb9e34637adb8b4b5002cc41b93c0c9da206e815c2a71c8bde23,2bf54c3e30b82bd9f99d486e372506efa84b5d0cc938fc097d2b77aa9d5ed7b8,eb1f0ba10c1a21dfba21ba6abf07bf69bc619c600008f8f222e3c2e0a897ab82,horizon_route_map,10000,0.0001,0.2777777777777778,True
exp1_alignment_transfer:targeted:full:targeted_systematic_horizon_10000:2026-09-10T09:09:32.424872+00:00,paper,True,targeted,exp1_alignment_transfer,targeted_systematic_horizon_10000,1,systematic_misbinding,3ddb55654ed7020ccecce1477ee0dd89c92f37d7,da85e70825466cff842b6ebf9a9b518dc6d40d23fd2f752124f37a433b92c063,3ebb8ce93cecd9d76ef6358493113e3d186b46dc569038f73332c9cc58c495a3,3ebb8ce93cecd9d76ef6358493113e3d186b46dc569038f73332c9cc58c495a3,2026-09-10T09:09:32.462359+00:00,route_map_diagnostic,source_bound,route_greedy,10000,0.0,0.0,0.0,0.0,0.0,0.0,0.0,0.0,1e-08,True,0.0,1e-08,True,0.0,0.0,0.0,0.0,0,,,,,1.0,0.0,0.0,15.0,0.0,0.0,0.0,0,6238320e9258bb9e34637adb8b4b5002cc41b93c0c9da206e815c2a71c8bde23,2bf54c3e30b82bd9f99d486e372506efa84b5d0cc938fc097d2b77aa9d5ed7b8,eb1f0ba10c1a21dfba21ba6abf07bf69bc619c600008f8f222e3c2e0a897ab82,horizon_route_map,10000,0.0001,,False
exp1_alignment_transfer:targeted:full:targeted_systematic_horizon_1000:2026-09-10T09:09:35.494851+00:00,paper,True,targeted,exp1_alignment_transfer,targeted_systematic_horizon_1000,2,systematic_misbinding,3ddb55654ed7020ccecce1477ee0dd89c92f37d7,63d64e34a200ec61e73424bbad568ccfc3246f798eacff93f5f654190ad16a1d,3ebb8ce93cecd9d76ef6358493113e3d186b46dc569038f73332c9cc58c495a3,3ebb8ce93cecd9d76ef6358493113e3d186b46dc569038f73332c9cc58c495a3,2026-09-10T09:09:35.533556+00:00,route_map_diagnostic,arrival_assigned,route_greedy,1000,152.77777777777777,0.0,549.9999999999999,0.15277777777777776,0.0,0.5499999999999999,0.5499999999999999,0.3972222222222221,1e-08,True,0.3972222222222221,1e-08,True,0.4069999999999999,0.495,0.495,0.495,495,0.30864197530864196,0.3086419753086419,0.012345679012345671,0.012345679012345664,0.505,0.30864197530864196,0.3086419753086419,15.0,0.0,0.0,15.0,15,abfcc9fc8e68bac1cde4a04e3ab17321aa5961ebf808f6fabe26c064879f9ea5,f701d8dce5b55a65625bdb630322a60801453e406789b815807f69bd5943479a,ec4269a33f4ea07e3746bc9f12e523848adf16a3b67bd99f36e1f31108cb8e2d,horizon_route_map,1000,1e-05,0.27777777777777785,True
exp1_alignment_transfer:targeted:full:targeted_systematic_horizon_1000:2026-09-10T09:09:35.494851+00:00,paper,True,targeted,exp1_alignment_transfer,targeted_systematic_horizon_1000,2,systematic_misbinding,3ddb55654ed7020ccecce1477ee0dd89c92f37d7,63d64e34a200ec61e73424bbad568ccfc3246f798eacff93f5f654190ad16a1d,3ebb8ce93cecd9d76ef6358493113e3d186b46dc569038f73332c9cc58c495a3,3ebb8ce93cecd9d76ef6358493113e3d186b46dc569038f73332c9cc58c495a3,2026-09-10T09:09:35.533556+00:00,route_map_diagnostic,source_bound,route_greedy,1000,0.0,0.0,0.0,0.0,0.0,0.0,0.0,0.0,1e-08,True,0.0,1e-08,True,0.0,0.0,0.0,0.0,0,,,,,1.0,0.0,0.0,15.0,0.0,0.0,0.0,0,abfcc9fc8e68bac1cde4a04e3ab17321aa5961ebf808f6fabe26c064879f9ea5,f701d8dce5b55a65625bdb630322a60801453e406789b815807f69bd5943479a,ec4269a33f4ea07e3746bc9f12e523848adf16a3b67bd99f36e1f31108cb8e2d,horizon_route_map,1000,1e-05,,False
exp1_alignment_transfer:targeted:full:targeted_systematic_horizon_5000:2026-09-10T09:09:35.937820+00:00,paper,True,targeted,exp1_alignment_transfer,targeted_systematic_horizon_5000,2,systematic_misbinding,3ddb55654ed7020ccecce1477ee0dd89c92f37d7,1738aa639b37c24c9a687969970adb435313e91ca717b336ca50525dd7d4e928,3ebb8ce93cecd9d76ef6358493113e3d186b46dc569038f73332c9cc58c495a3,3ebb8ce93cecd9d76ef6358493113e3d186b46dc569038f73332c9cc58c495a3,2026-09-10T09:09:35.978810+00:00,route_map_diagnostic,arrival_assigned,route_greedy,5000,770.0617283950617,0.0,2772.2222222222217,0.15401234567901234,0.0,0.5544444444444443,0.5544444444444443,0.400432098765432,1e-08,True,0.400432098765432,1e-08,True,0.41028888888888887,0.499,0.499,0.499,2495,0.308641975308642,0.3086419753086419,0.012345679012345671,0.012345679012345664,0.501,0.308641975308642,0.3086419753086419,15.0,0.0,0.0,15.0,15,fda1ec18b8adeb715bbfb9d8f55db76da330c5267c75c5d57a3045ca4f114baf,c6efb0a319c79012233e6d72ce34c34412dc96132709179d7c95cb5c90aa3fa9,5296b23e6ea85f5f6a59748c8787d6acab058d15b59e7bed6eb17a94a20736a6,horizon_route_map,5000,5e-05,0.2777777777777778,True
exp1_alignment_transfer:targeted:full:targeted_systematic_horizon_5000:2026-09-10T09:09:35.937820+00:00,paper,True,targeted,exp1_alignment_transfer,targeted_systematic_horizon_5000,2,systematic_misbinding,3ddb55654ed7020ccecce1477ee0dd89c92f37d7,1738aa639b37c24c9a687969970adb435313e91ca717b336ca50525dd7d4e928,3ebb8ce93cecd9d76ef6358493113e3d186b46dc569038f73332c9cc58c495a3,3ebb8ce93cecd9d76ef6358493113e3d186b46dc569038f73332c9cc58c495a3,2026-09-10T09:09:35.978810+00:00,route_map_diagnostic,source_bound,route_greedy,5000,0.0,0.0,0.0,0.0,0.0,0.0,0.0,0.0,1e-08,True,0.0,1e-08,True,0.0,0.0,0.0,0.0,0,,,,,1.0,0.0,0.0,15.0,0.0,0.0,0.0,0,fda1ec18b8adeb715bbfb9d8f55db76da330c5267c75c5d57a3045ca4f114baf,c6efb0a319c79012233e6d72ce34c34412dc96132709179d7c95cb5c90aa3fa9,5296b23e6ea85f5f6a59748c8787d6acab058d15b59e7bed6eb17a94a20736a6,horizon_route_map,5000,5e-05,,False
exp1_alignment_transfer:targeted:full:targeted_systematic_horizon_10000:2026-09-10T09:09:37.473420+00:00,paper,True,targeted,exp1_alignment_transfer,targeted_systematic_horizon_10000,2,systematic_misbinding,3ddb55654ed7020ccecce1477ee0dd89c92f37d7,da85e70825466cff842b6ebf9a9b518dc6d40d23fd2f752124f37a433b92c063,3ebb8ce93cecd9d76ef6358493113e3d186b46dc569038f73332c9cc58c495a3,3ebb8ce93cecd9d76ef6358493113e3d186b46dc569038f73332c9cc58c495a3,2026-09-10T09:09:37.518721+00:00,route_map_diagnostic,arrival_assigned,route_greedy,10000,1541.6666666666665,0.0,5549.999999999999,0.15416666666666665,0.0,0.5549999999999999,0.5549999999999999,0.40083333333333326,1e-08,True,0.40083333333333326,1e-08,True,0.4107,0.4995,0.4995,0.4995,4995,0.308641975308642,0.3086419753086419,0.012345679012345671,0.012345679012345664,0.5005,0.308641975308642,0.3086419753086419,15.0,0.0,0.0,15.0,15,0c768f80fa993523a6223015c5d1893f1f4eec41c1d6fe7b2ac05f70a713fcd8,a20972fb78a4bdae89e54624eb96a670561faacd67ded915b888f06b53cc7465,2f5bbb5e507fbdc8cf817f619e5dbce1c1450755bfa2d4c6e57ee67dd31710ef,horizon_route_map,10000,0.0001,0.2777777777777778,True
exp1_alignment_transfer:targeted:full:targeted_systematic_horizon_10000:2026-09-10T09:09:37.473420+00:00,paper,True,targeted,exp1_alignment_transfer,targeted_systematic_horizon_10000,2,systematic_misbinding,3ddb55654ed7020ccecce1477ee0dd89c92f37d7,da85e70825466cff842b6ebf9a9b518dc6d40d23fd2f752124f37a433b92c063,3ebb8ce93cecd9d76ef6358493113e3d186b46dc569038f73332c9cc58c495a3,3ebb8ce93cecd9d76ef6358493113e3d186b46dc569038f73332c9cc58c495a3,2026-09-10T09:09:37.518721+00:00,route_map_diagnostic,source_bound,route_greedy,10000,0.0,0.0,0.0,0.0,0.0,0.0,0.0,0.0,1e-08,True,0.0,1e-08,True,0.0,0.0,0.0,0.0,0,,,,,1.0,0.0,0.0,15.0,0.0,0.0,0.0,0,0c768f80fa993523a6223015c5d1893f1f4eec41c1d6fe7b2ac05f70a713fcd8,a20972fb78a4bdae89e54624eb96a670561faacd67ded915b888f06b53cc7465,2f5bbb5e507fbdc8cf817f619e5dbce1c1450755bfa2d4c6e57ee67dd31710ef,horizon_route_map,10000,0.0001,,False
exp1_alignment_transfer:targeted:full:targeted_systematic_horizon_1000:2026-09-10T09:09:40.468005+00:00,paper,True,targeted,exp1_alignment_transfer,targeted_systematic_horizon_1000,3,systematic_misbinding,3ddb55654ed7020ccecce1477ee0dd89c92f37d7,63d64e34a200ec61e73424bbad568ccfc3246f798eacff93f5f654190ad16a1d,3ebb8ce93cecd9d76ef6358493113e3d186b46dc569038f73332c9cc58c495a3,3ebb8ce93cecd9d76ef6358493113e3d186b46dc569038f73332c9cc58c495a3,2026-09-10T09:09:40.514523+00:00,route_map_diagnostic,arrival_assigned,route_greedy,1000,153.7037037037037,0.0,553.3333333333333,0.1537037037037037,0.0,0.5533333333333332,0.5533333333333332,0.39962962962962956,1e-08,True,0.39962962962962956,1e-08,True,0.4094666666666666,0.498,0.498,0.498,498,0.3086419753086419,0.3086419753086419,0.012345679012345673,0.012345679012345664,0.502,0.3086419753086419,0.3086419753086419,15.0,0.0,0.0,15.0,15,86daace625fe1bb6f8d8ec036e3feb0088ae883f984b59bf73153df9a4f61beb,5f8d45eeffa252d39762cb6c00e06a4ce7d72533bd8fca4af10793285fa0b681,add902e94e2e6b3bc1ce248b9342ae3c4a207a69796b1bcdad34a6bbc542e8d5,horizon_route_map,1000,1e-05,0.2777777777777778,True
exp1_alignment_transfer:targeted:full:targeted_systematic_horizon_1000:2026-09-10T09:09:40.468005+00:00,paper,True,targeted,exp1_alignment_transfer,targeted_systematic_horizon_1000,3,systematic_misbinding,3ddb55654ed7020ccecce1477ee0dd89c92f37d7,63d64e34a200ec61e73424bbad568ccfc3246f798eacff93f5f654190ad16a1d,3ebb8ce93cecd9d76ef6358493113e3d186b46dc569038f73332c9cc58c495a3,3ebb8ce93cecd9d76ef6358493113e3d186b46dc569038f73332c9cc58c495a3,2026-09-10T09:09:40.514523+00:00,route_map_diagnostic,source_bound,route_greedy,1000,0.0,0.0,0.0,0.0,0.0,0.0,0.0,0.0,1e-08,True,0.0,1e-08,True,0.0,0.0,0.0,0.0,0,,,,,1.0,0.0,0.0,15.0,0.0,0.0,0.0,0,86daace625fe1bb6f8d8ec036e3feb0088ae883f984b59bf73153df9a4f61beb,5f8d45eeffa252d39762cb6c00e06a4ce7d72533bd8fca4af10793285fa0b681,add902e94e2e6b3bc1ce248b9342ae3c4a207a69796b1bcdad34a6bbc542e8d5,horizon_route_map,1000,1e-05,,False
exp1_alignment_transfer:targeted:full:targeted_systematic_horizon_5000:2026-09-10T09:09:40.887266+00:00,paper,True,targeted,exp1_alignment_transfer,targeted_systematic_horizon_5000,3,systematic_misbinding,3ddb55654ed7020ccecce1477ee0dd89c92f37d7,1738aa639b37c24c9a687969970adb435313e91ca717b336ca50525dd7d4e928,3ebb8ce93cecd9d76ef6358493113e3d186b46dc569038f73332c9cc58c495a3,3ebb8ce93cecd9d76ef6358493113e3d186b46dc569038f73332c9cc58c495a3,2026-09-10T09:09:40.929017+00:00,route_map_diagnostic,arrival_assigned,route_greedy,5000,772.5308641975307,0.0,2781.1111111111104,0.15450617283950616,0.0,0.5562222222222221,0.5562222222222221,0.40171604938271593,1e-08,True,0.40171604938271593,1e-08,True,0.4116044444444444,0.5006,0.5006,0.5006,2503,0.308641975308642,0.3086419753086419,0.012345679012345671,0.012345679012345664,0.4994,0.308641975308642,0.3086419753086419,15.0,0.0,0.0,15.0,15,8016522a28d43deba5ae427c25b445262033f51e58c88adef975996980f5c0df,fb366c0fe7ee58afd174c57d55cc58ddc0d43e4aba2d9f5acbcae15518c83574,bbad0403d591c63dea9c3c1af790f8f5b8faa86fe91556eed73647a618cdf0bf,horizon_route_map,5000,5e-05,0.2777777777777778,True
exp1_alignment_transfer:targeted:full:targeted_systematic_horizon_5000:2026-09-10T09:09:40.887266+00:00,paper,True,targeted,exp1_alignment_transfer,targeted_systematic_horizon_5000,3,systematic_misbinding,3ddb55654ed7020ccecce1477ee0dd89c92f37d7,1738aa639b37c24c9a687969970adb435313e91ca717b336ca50525dd7d4e928,3ebb8ce93cecd9d76ef6358493113e3d186b46dc569038f73332c9cc58c495a3,3ebb8ce93cecd9d76ef6358493113e3d186b46dc569038f73332c9cc58c495a3,2026-09-10T09:09:40.929017+00:00,route_map_diagnostic,source_bound,route_greedy,5000,0.0,0.0,0.0,0.0,0.0,0.0,0.0,0.0,1e-08,True,0.0,1e-08,True,0.0,0.0,0.0,0.0,0,,,,,1.0,0.0,0.0,15.0,0.0,0.0,0.0,0,8016522a28d43deba5ae427c25b445262033f51e58c88adef975996980f5c0df,fb366c0fe7ee58afd174c57d55cc58ddc0d43e4aba2d9f5acbcae15518c83574,bbad0403d591c63dea9c3c1af790f8f5b8faa86fe91556eed73647a618cdf0bf,horizon_route_map,5000,5e-05,,False
exp1_alignment_transfer:targeted:full:targeted_systematic_horizon_10000:2026-09-10T09:09:42.533130+00:00,paper,True,targeted,exp1_alignment_transfer,targeted_systematic_horizon_10000,3,systematic_misbinding,3ddb55654ed7020ccecce1477ee0dd89c92f37d7,da85e70825466cff842b6ebf9a9b518dc6d40d23fd2f752124f37a433b92c063,3ebb8ce93cecd9d76ef6358493113e3d186b46dc569038f73332c9cc58c495a3,3ebb8ce93cecd9d76ef6358493113e3d186b46dc569038f73332c9cc58c495a3,2026-09-10T09:09:42.580975+00:00,route_map_diagnostic,arrival_assigned,route_greedy,10000,1542.5925925925924,0.0,5553.333333333332,0.15425925925925923,0.0,0.5553333333333332,0.5553333333333332,0.40107407407407397,1e-08,True,0.40107407407407397,1e-08,True,0.4109466666666666,0.4998,0.4998,0.4998,4998,0.30864197530864196,0.3086419753086419,0.012345679012345671,0.012345679012345664,0.5002,0.30864197530864196,0.3086419753086419,15.0,0.0,0.0,15.0,15,3404c790d9ff21d923fe5cf4255a8fa79914325144bb88d0bb0e82691b5bd708,35e6b45c9181be3961b38961ccb17070284460269e4a4a0e289a8412296937f5,b3d04af12a468a348d45d73706ff09f2ae0a6f3c3b67005ea778ec6d8d855cfc,horizon_route_map,10000,0.0001,0.2777777777777778,True
exp1_alignment_transfer:targeted:full:targeted_systematic_horizon_10000:2026-09-10T09:09:42.533130+00:00,paper,True,targeted,exp1_alignment_transfer,targeted_systematic_horizon_10000,3,systematic_misbinding,3ddb55654ed7020ccecce1477ee0dd89c92f37d7,da85e70825466cff842b6ebf9a9b518dc6d40d23fd2f752124f37a433b92c063,3ebb8ce93cecd9d76ef6358493113e3d186b46dc569038f73332c9cc58c495a3,3ebb8ce93cecd9d76ef6358493113e3d186b46dc569038f73332c9cc58c495a3,2026-09-10T09:09:42.580975+00:00,route_map_diagnostic,source_bound,route_greedy,10000,0.0,0.0,0.0,0.0,0.0,0.0,0.0,0.0,1e-08,True,0.0,1e-08,True,0.0,0.0,0.0,0.0,0,,,,,1.0,0.0,0.0,15.0,0.0,0.0,0.0,0,3404c790d9ff21d923fe5cf4255a8fa79914325144bb88d0bb0e82691b5bd708,35e6b45c9181be3961b38961ccb17070284460269e4a4a0e289a8412296937f5,b3d04af12a468a348d45d73706ff09f2ae0a6f3c3b67005ea778ec6d8d855cfc,horizon_route_map,10000,0.0001,,False
exp1_alignment_transfer:targeted:full:targeted_systematic_horizon_1000:2026-09-10T09:09:45.517533+00:00,paper,True,targeted,exp1_alignment_transfer,targeted_systematic_horizon_1000,4,systematic_misbinding,3ddb55654ed7020ccecce1477ee0dd89c92f37d7,63d64e34a200ec61e73424bbad568ccfc3246f798eacff93f5f654190ad16a1d,3ebb8ce93cecd9d76ef6358493113e3d186b46dc569038f73332c9cc58c495a3,3ebb8ce93cecd9d76ef6358493113e3d186b46dc569038f73332c9cc58c495a3,2026-09-10T09:09:45.559279+00:00,route_map_diagnostic,arrival_assigned,route_greedy,1000,155.8641975308642,0.0,561.111111111111,0.1558641975308642,0.0,0.561111111111111,0.561111111111111,0.4052469135802468,1e-08,True,0.4052469135802468,1e-08,True,0.41522222222222216,0.505,0.505,0.505,505,0.30864197530864185,0.3086419753086419,0.012345679012345673,0.012345679012345664,0.495,0.30864197530864185,0.3086419753086419,15.0,0.0,0.0,15.0,15,9ed968535765ff3c95cdee11794317fcbe38bf6fe3a0749f0943cea8ba32b269,33ac469722b21e4797cd5f6751572909512bcc7b629eb881b9fb73eda0c5c41e,d11a11b39bb827d9e466a6117f10bab8ed21d35c77cc43646d034a301ba64f3c,horizon_route_map,1000,1e-05,0.27777777777777785,True
exp1_alignment_transfer:targeted:full:targeted_systematic_horizon_1000:2026-09-10T09:09:45.517533+00:00,paper,True,targeted,exp1_alignment_transfer,targeted_systematic_horizon_1000,4,systematic_misbinding,3ddb55654ed7020ccecce1477ee0dd89c92f37d7,63d64e34a200ec61e73424bbad568ccfc3246f798eacff93f5f654190ad16a1d,3ebb8ce93cecd9d76ef6358493113e3d186b46dc569038f73332c9cc58c495a3,3ebb8ce93cecd9d76ef6358493113e3d186b46dc569038f73332c9cc58c495a3,2026-09-10T09:09:45.559279+00:00,route_map_diagnostic,source_bound,route_greedy,1000,0.0,0.0,0.0,0.0,0.0,0.0,0.0,0.0,1e-08,True,0.0,1e-08,True,0.0,0.0,0.0,0.0,0,,,,,1.0,0.0,0.0,15.0,0.0,0.0,0.0,0,9ed968535765ff3c95cdee11794317fcbe38bf6fe3a0749f0943cea8ba32b269,33ac469722b21e4797cd5f6751572909512bcc7b629eb881b9fb73eda0c5c41e,d11a11b39bb827d9e466a6117f10bab8ed21d35c77cc43646d034a301ba64f3c,horizon_route_map,1000,1e-05,,False
exp1_alignment_transfer:targeted:full:targeted_systematic_horizon_5000:2026-09-10T09:09:45.889387+00:00,paper,True,targeted,exp1_alignment_transfer,targeted_systematic_horizon_5000,4,systematic_misbinding,3ddb55654ed7020ccecce1477ee0dd89c92f37d7,1738aa639b37c24c9a687969970adb435313e91ca717b336ca50525dd7d4e928,3ebb8ce93cecd9d76ef6358493113e3d186b46dc569038f73332c9cc58c495a3,3ebb8ce93cecd9d76ef6358493113e3d186b46dc569038f73332c9cc58c495a3,2026-09-10T09:09:45.926845+00:00,route_map_diagnostic,arrival_assigned,route_greedy,5000,773.148148148148,0.0,2783.3333333333326,0.15462962962962962,0.0,0.5566666666666665,0.5566666666666665,0.4020370370370369,1e-08,True,0.4020370370370369,1e-08,True,0.4119333333333333,0.501,0.501,0.501,2505,0.308641975308642,0.3086419753086419,0.012345679012345671,0.012345679012345664,0.499,0.308641975308642,0.3086419753086419,15.0,0.0,0.0,15.0,15,c5e0db9d722a2d2b5d41dff132e5dce027a3dbc55ebb94cea4330db7f891bec9,06e62bac7913569a6525b93613ecae45f487066aa6a14dbc96b645beb882a1b0,b0798bcfa627c0b31b21b27f38e946bc0353853a0c45188a7afd7e962a77e705,horizon_route_map,5000,5e-05,0.2777777777777778,True
exp1_alignment_transfer:targeted:full:targeted_systematic_horizon_5000:2026-09-10T09:09:45.889387+00:00,paper,True,targeted,exp1_alignment_transfer,targeted_systematic_horizon_5000,4,systematic_misbinding,3ddb55654ed7020ccecce1477ee0dd89c92f37d7,1738aa639b37c24c9a687969970adb435313e91ca717b336ca50525dd7d4e928,3ebb8ce93cecd9d76ef6358493113e3d186b46dc569038f73332c9cc58c495a3,3ebb8ce93cecd9d76ef6358493113e3d186b46dc569038f73332c9cc58c495a3,2026-09-10T09:09:45.926845+00:00,route_map_diagnostic,source_bound,route_greedy,5000,0.0,0.0,0.0,0.0,0.0,0.0,0.0,0.0,1e-08,True,0.0,1e-08,True,0.0,0.0,0.0,0.0,0,,,,,1.0,0.0,0.0,15.0,0.0,0.0,0.0,0,c5e0db9d722a2d2b5d41dff132e5dce027a3dbc55ebb94cea4330db7f891bec9,06e62bac7913569a6525b93613ecae45f487066aa6a14dbc96b645beb882a1b0,b0798bcfa627c0b31b21b27f38e946bc0353853a0c45188a7afd7e962a77e705,horizon_route_map,5000,5e-05,,False
exp1_alignment_transfer:targeted:full:targeted_systematic_horizon_10000:2026-09-10T09:09:47.364367+00:00,paper,True,targeted,exp1_alignment_transfer,targeted_systematic_horizon_10000,4,systematic_misbinding,3ddb55654ed7020ccecce1477ee0dd89c92f37d7,da85e70825466cff842b6ebf9a9b518dc6d40d23fd2f752124f37a433b92c063,3ebb8ce93cecd9d76ef6358493113e3d186b46dc569038f73332c9cc58c495a3,3ebb8ce93cecd9d76ef6358493113e3d186b46dc569038f73332c9cc58c495a3,2026-09-10T09:09:47.410938+00:00,route_map_diagnostic,arrival_assigned,route_greedy,10000,1544.753086419753,0.0,5561.1111111111095,0.15447530864197528,0.0,0.556111111111111,0.556111111111111,0.40163580246913566,1e-08,True,0.40163580246913566,1e-08,True,0.4115222222222222,0.5005,0.5005,0.5005,5005,0.308641975308642,0.3086419753086419,0.012345679012345671,0.012345679012345664,0.4995,0.308641975308642,0.3086419753086419,15.0,0.0,0.0,15.0,15,cabd555c8b073f23c337d911a7188ab1c540bafaf540cb6377b5ca7bddca77fb,62c950e43e24812348166ae449121dae6061210a08846d8665be631f27f3367b,c12d6da5294597fb49110ebd70ec8e479195343c1229776a196b1d9f3bba7b38,horizon_route_map,10000,0.0001,0.27777777777777785,True
exp1_alignment_transfer:targeted:full:targeted_systematic_horizon_10000:2026-09-10T09:09:47.364367+00:00,paper,True,targeted,exp1_alignment_transfer,targeted_systematic_horizon_10000,4,systematic_misbinding,3ddb55654ed7020ccecce1477ee0dd89c92f37d7,da85e70825466cff842b6ebf9a9b518dc6d40d23fd2f752124f37a433b92c063,3ebb8ce93cecd9d76ef6358493113e3d186b46dc569038f73332c9cc58c495a3,3ebb8ce93cecd9d76ef6358493113e3d186b46dc569038f73332c9cc58c495a3,2026-09-10T09:09:47.410938+00:00,route_map_diagnostic,source_bound,route_greedy,10000,0.0,0.0,0.0,0.0,0.0,0.0,0.0,0.0,1e-08,True,0.0,1e-08,True,0.0,0.0,0.0,0.0,0,,,,,1.0,0.0,0.0,15.0,0.0,0.0,0.0,0,cabd555c8b073f23c337d911a7188ab1c540bafaf540cb6377b5ca7bddca77fb,62c950e43e24812348166ae449121dae6061210a08846d8665be631f27f3367b,c12d6da5294597fb49110ebd70ec8e479195343c1229776a196b1d9f3bba7b38,horizon_route_map,10000,0.0001,,False
exp1_alignment_transfer:targeted:full:targeted_systematic_horizon_1000:2026-09-10T09:09:50.341263+00:00,paper,True,targeted,exp1_alignment_transfer,targeted_systematic_horizon_1000,5,systematic_misbinding,3ddb55654ed7020ccecce1477ee0dd89c92f37d7,63d64e34a200ec61e73424bbad568ccfc3246f798eacff93f5f654190ad16a1d,3ebb8ce93cecd9d76ef6358493113e3d186b46dc569038f73332c9cc58c495a3,3ebb8ce93cecd9d76ef6358493113e3d186b46dc569038f73332c9cc58c495a3,2026-09-10T09:09:50.379291+00:00,route_map_diagnostic,arrival_assigned,route_greedy,1000,154.93827160493828,0.0,557.7777777777777,0.15493827160493828,0.0,0.5577777777777777,0.5577777777777777,0.4028395061728394,1e-08,True,0.4028395061728394,1e-08,True,0.4127555555555555,0.502,0.502,0.502,502,0.30864197530864196,0.3086419753086419,0.012345679012345673,0.012345679012345664,0.498,0.30864197530864196,0.3086419753086419,15.0,0.0,0.0,15.0,15,b326c3293381ec18f61dcecd132997d5646dea679bb6ab73e499beeb46a529c5,9813cc544170168ce86d3e06c98382345137c5e0561de403d363a99ad7268882,09e675b58b10288d7aa81e4d20d9129b2ef032a4043580bafc78a519e7c52343,horizon_route_map,1000,1e-05,0.27777777777777785,True
exp1_alignment_transfer:targeted:full:targeted_systematic_horizon_1000:2026-09-10T09:09:50.341263+00:00,paper,True,targeted,exp1_alignment_transfer,targeted_systematic_horizon_1000,5,systematic_misbinding,3ddb55654ed7020ccecce1477ee0dd89c92f37d7,63d64e34a200ec61e73424bbad568ccfc3246f798eacff93f5f654190ad16a1d,3ebb8ce93cecd9d76ef6358493113e3d186b46dc569038f73332c9cc58c495a3,3ebb8ce93cecd9d76ef6358493113e3d186b46dc569038f73332c9cc58c495a3,2026-09-10T09:09:50.379291+00:00,route_map_diagnostic,source_bound,route_greedy,1000,0.0,0.0,0.0,0.0,0.0,0.0,0.0,0.0,1e-08,True,0.0,1e-08,True,0.0,0.0,0.0,0.0,0,,,,,1.0,0.0,0.0,15.0,0.0,0.0,0.0,0,b326c3293381ec18f61dcecd132997d5646dea679bb6ab73e499beeb46a529c5,9813cc544170168ce86d3e06c98382345137c5e0561de403d363a99ad7268882,09e675b58b10288d7aa81e4d20d9129b2ef032a4043580bafc78a519e7c52343,horizon_route_map,1000,1e-05,,False
exp1_alignment_transfer:targeted:full:targeted_systematic_horizon_5000:2026-09-10T09:09:50.745974+00:00,paper,True,targeted,exp1_alignment_transfer,targeted_systematic_horizon_5000,5,systematic_misbinding,3ddb55654ed7020ccecce1477ee0dd89c92f37d7,1738aa639b37c24c9a687969970adb435313e91ca717b336ca50525dd7d4e928,3ebb8ce93cecd9d76ef6358493113e3d186b46dc569038f73332c9cc58c495a3,3ebb8ce93cecd9d76ef6358493113e3d186b46dc569038f73332c9cc58c495a3,2026-09-10T09:09:50.780434+00:00,route_map_diagnostic,arrival_assigned,route_greedy,5000,773.148148148148,0.0,2783.333333333333,0.15462962962962962,0.0,0.5566666666666666,0.5566666666666666,0.40203703703703697,1e-08,True,0.40203703703703697,1e-08,True,0.4119333333333333,0.501,0.501,0.501,2505,0.308641975308642,0.3086419753086419,0.012345679012345671,0.012345679012345664,0.499,0.308641975308642,0.3086419753086419,15.0,0.0,0.0,15.0,15,130d138256df6ce9ca0b108a76cf363501c5adc5017549ed1f355ac0d7bcb29d,3604b5bf5504bcaeb68683b144eef1a79c0a5e74e36aacc58c57d5a888617e7d,f2b40e75bb2a6ac829926b1fb571967220f9401a0bc239d17265ee92da840aed,horizon_route_map,5000,5e-05,0.2777777777777778,True
exp1_alignment_transfer:targeted:full:targeted_systematic_horizon_5000:2026-09-10T09:09:50.745974+00:00,paper,True,targeted,exp1_alignment_transfer,targeted_systematic_horizon_5000,5,systematic_misbinding,3ddb55654ed7020ccecce1477ee0dd89c92f37d7,1738aa639b37c24c9a687969970adb435313e91ca717b336ca50525dd7d4e928,3ebb8ce93cecd9d76ef6358493113e3d186b46dc569038f73332c9cc58c495a3,3ebb8ce93cecd9d76ef6358493113e3d186b46dc569038f73332c9cc58c495a3,2026-09-10T09:09:50.780434+00:00,route_map_diagnostic,source_bound,route_greedy,5000,0.0,0.0,0.0,0.0,0.0,0.0,0.0,0.0,1e-08,True,0.0,1e-08,True,0.0,0.0,0.0,0.0,0,,,,,1.0,0.0,0.0,15.0,0.0,0.0,0.0,0,130d138256df6ce9ca0b108a76cf363501c5adc5017549ed1f355ac0d7bcb29d,3604b5bf5504bcaeb68683b144eef1a79c0a5e74e36aacc58c57d5a888617e7d,f2b40e75bb2a6ac829926b1fb571967220f9401a0bc239d17265ee92da840aed,horizon_route_map,5000,5e-05,,False
exp1_alignment_transfer:targeted:full:targeted_systematic_horizon_10000:2026-09-10T09:09:52.351575+00:00,paper,True,targeted,exp1_alignment_transfer,targeted_systematic_horizon_10000,5,systematic_misbinding,3ddb55654ed7020ccecce1477ee0dd89c92f37d7,da85e70825466cff842b6ebf9a9b518dc6d40d23fd2f752124f37a433b92c063,3ebb8ce93cecd9d76ef6358493113e3d186b46dc569038f73332c9cc58c495a3,3ebb8ce93cecd9d76ef6358493113e3d186b46dc569038f73332c9cc58c495a3,2026-09-10T09:09:52.398698+00:00,route_map_diagnostic,arrival_assigned,route_greedy,10000,1543.827160493827,0.0,5557.777777777777,0.1543827160493827,0.0,0.5557777777777777,0.5557777777777777,0.401395061728395,1e-08,True,0.401395061728395,1e-08,True,0.41127555555555556,0.5002,0.5002,0.5002,5002,0.308641975308642,0.3086419753086419,0.012345679012345671,0.012345679012345664,0.4998,0.308641975308642,0.3086419753086419,15.0,0.0,0.0,15.0,15,479eb5bdcb7806c70922f66ba1d78d812242ada358e3afcf6da7daef153e1913,95e9a81b019c334f36d83d66e3edf2b3828d4dde01e01c1768dc15b0c2b84f51,95909ca0e4ed0978a5f26cc1df34677e689a95feef98549528668c9bf4bbb818,horizon_route_map,10000,0.0001,0.2777777777777778,True
exp1_alignment_transfer:targeted:full:targeted_systematic_horizon_10000:2026-09-10T09:09:52.351575+00:00,paper,True,targeted,exp1_alignment_transfer,targeted_systematic_horizon_10000,5,systematic_misbinding,3ddb55654ed7020ccecce1477ee0dd89c92f37d7,da85e70825466cff842b6ebf9a9b518dc6d40d23fd2f752124f37a433b92c063,3ebb8ce93cecd9d76ef6358493113e3d186b46dc569038f73332c9cc58c495a3,3ebb8ce93cecd9d76ef6358493113e3d186b46dc569038f73332c9cc58c495a3,2026-09-10T09:09:52.398698+00:00,route_map_diagnostic,source_bound,route_greedy,10000,0.0,0.0,0.0,0.0,0.0,0.0,0.0,0.0,1e-08,True,0.0,1e-08,True,0.0,0.0,0.0,0.0,0,,,,,1.0,0.0,0.0,15.0,0.0,0.0,0.0,0,479eb5bdcb7806c70922f66ba1d78d812242ada358e3afcf6da7daef153e1913,95e9a81b019c334f36d83d66e3edf2b3828d4dde01e01c1768dc15b0c2b84f51,95909ca0e4ed0978a5f26cc1df34677e689a95feef98549528668c9bf4bbb818,horizon_route_map,10000,0.0001,,False
exp1_alignment_transfer:targeted:full:targeted_systematic_horizon_1000:2026-09-10T09:09:55.376933+00:00,paper,True,targeted,exp1_alignment_transfer,targeted_systematic_horizon_1000,6,systematic_misbinding,3ddb55654ed7020ccecce1477ee0dd89c92f37d7,63d64e34a200ec61e73424bbad568ccfc3246f798eacff93f5f654190ad16a1d,3ebb8ce93cecd9d76ef6358493113e3d186b46dc569038f73332c9cc58c495a3,3ebb8ce93cecd9d76ef6358493113e3d186b46dc569038f73332c9cc58c495a3,2026-09-10T09:09:55.412904+00:00,route_map_diagnostic,arrival_assigned,route_greedy,1000,154.320987654321,0.0,555.5555555555554,0.15432098765432098,0.0,0.5555555555555555,0.5555555555555555,0.4012345679012344,1e-08,True,0.4012345679012344,1e-08,True,0.4111111111111111,0.5,0.5,0.5,500,0.3086419753086419,0.3086419753086419,0.012345679012345673,0.012345679012345664,0.5,0.3086419753086419,0.3086419753086419,15.0,0.0,0.0,15.0,15,424c4609d32b6f0b8572ff599336c57364062178ef0aa846dbd43eac89978b4f,3507a08d9b0bdccf1a532e9e59cd124ace33ca4957f2e01240eb821746f512f3,0008d7faea8dca90270a8328dcbc112317739746e5f6657ee887c8b74f54990c,horizon_route_map,1000,1e-05,0.27777777777777785,True
exp1_alignment_transfer:targeted:full:targeted_systematic_horizon_1000:2026-09-10T09:09:55.376933+00:00,paper,True,targeted,exp1_alignment_transfer,targeted_systematic_horizon_1000,6,systematic_misbinding,3ddb55654ed7020ccecce1477ee0dd89c92f37d7,63d64e34a200ec61e73424bbad568ccfc3246f798eacff93f5f654190ad16a1d,3ebb8ce93cecd9d76ef6358493113e3d186b46dc569038f73332c9cc58c495a3,3ebb8ce93cecd9d76ef6358493113e3d186b46dc569038f73332c9cc58c495a3,2026-09-10T09:09:55.412904+00:00,route_map_diagnostic,source_bound,route_greedy,1000,0.0,0.0,0.0,0.0,0.0,0.0,0.0,0.0,1e-08,True,0.0,1e-08,True,0.0,0.0,0.0,0.0,0,,,,,1.0,0.0,0.0,15.0,0.0,0.0,0.0,0,424c4609d32b6f0b8572ff599336c57364062178ef0aa846dbd43eac89978b4f,3507a08d9b0bdccf1a532e9e59cd124ace33ca4957f2e01240eb821746f512f3,0008d7faea8dca90270a8328dcbc112317739746e5f6657ee887c8b74f54990c,horizon_route_map,1000,1e-05,,False
exp1_alignment_transfer:targeted:full:targeted_systematic_horizon_5000:2026-09-10T09:09:55.720873+00:00,paper,True,targeted,exp1_alignment_transfer,targeted_systematic_horizon_5000,6,systematic_misbinding,3ddb55654ed7020ccecce1477ee0dd89c92f37d7,1738aa639b37c24c9a687969970adb435313e91ca717b336ca50525dd7d4e928,3ebb8ce93cecd9d76ef6358493113e3d186b46dc569038f73332c9cc58c495a3,3ebb8ce93cecd9d76ef6358493113e3d186b46dc569038f73332c9cc58c495a3,2026-09-10T09:09:55.758059+00:00,route_map_diagnostic,arrival_assigned,route_greedy,5000,773.148148148148,0.0,2783.333333333333,0.15462962962962962,0.0,0.5566666666666666,0.5566666666666666,0.40203703703703697,1e-08,True,0.40203703703703697,1e-08,True,0.4119333333333334,0.501,0.501,0.501,2505,0.308641975308642,0.3086419753086419,0.012345679012345671,0.012345679012345664,0.499,0.308641975308642,0.3086419753086419,15.0,0.0,0.0,15.0,15,da3f164b4a63423b5a5466907da2144692b789fdfcbe47867c426d48a40e7bba,42750c0de1ff32aecea166bd9d0e07814e98e4b5e9455918c6efbcb529169cf1,2d2e3adb395333518785052e17199d708f77c637f7042dd2519d587aacb0c33c,horizon_route_map,5000,5e-05,0.2777777777777778,True
exp1_alignment_transfer:targeted:full:targeted_systematic_horizon_5000:2026-09-10T09:09:55.720873+00:00,paper,True,targeted,exp1_alignment_transfer,targeted_systematic_horizon_5000,6,systematic_misbinding,3ddb55654ed7020ccecce1477ee0dd89c92f37d7,1738aa639b37c24c9a687969970adb435313e91ca717b336ca50525dd7d4e928,3ebb8ce93cecd9d76ef6358493113e3d186b46dc569038f73332c9cc58c495a3,3ebb8ce93cecd9d76ef6358493113e3d186b46dc569038f73332c9cc58c495a3,2026-09-10T09:09:55.758059+00:00,route_map_diagnostic,source_bound,route_greedy,5000,0.0,0.0,0.0,0.0,0.0,0.0,0.0,0.0,1e-08,True,0.0,1e-08,True,0.0,0.0,0.0,0.0,0,,,,,1.0,0.0,0.0,15.0,0.0,0.0,0.0,0,da3f164b4a63423b5a5466907da2144692b789fdfcbe47867c426d48a40e7bba,42750c0de1ff32aecea166bd9d0e07814e98e4b5e9455918c6efbcb529169cf1,2d2e3adb395333518785052e17199d708f77c637f7042dd2519d587aacb0c33c,horizon_route_map,5000,5e-05,,False
exp1_alignment_transfer:targeted:full:targeted_systematic_horizon_10000:2026-09-10T09:09:57.216030+00:00,paper,True,targeted,exp1_alignment_transfer,targeted_systematic_horizon_10000,6,systematic_misbinding,3ddb55654ed7020ccecce1477ee0dd89c92f37d7,da85e70825466cff842b6ebf9a9b518dc6d40d23fd2f752124f37a433b92c063,3ebb8ce93cecd9d76ef6358493113e3d186b46dc569038f73332c9cc58c495a3,3ebb8ce93cecd9d76ef6358493113e3d186b46dc569038f73332c9cc58c495a3,2026-09-10T09:09:57.268085+00:00,route_map_diagnostic,arrival_assigned,route_greedy,10000,1543.2098765432097,0.0,5555.555555555555,0.15432098765432098,0.0,0.5555555555555555,0.5555555555555555,0.4012345679012345,1e-08,True,0.4012345679012345,1e-08,True,0.41111111111111115,0.5,0.5,0.5,5000,0.308641975308642,0.3086419753086419,0.012345679012345671,0.012345679012345664,0.5,0.308641975308642,0.3086419753086419,15.0,0.0,0.0,15.0,15,cb24cac2dfcaa76a7e93b9f2dc0a09d150de90fac6e6b0549938273d2752acba,230624223aaf2e20c5fbbfa3d37a7bcbbf2d252bb63feaa18b6986d760b766ca,67c37b5d22bbccbc4b3f036e3a68deca4163bf4da4ce80d72811586e15967a2f,horizon_route_map,10000,0.0001,0.2777777777777778,True
exp1_alignment_transfer:targeted:full:targeted_systematic_horizon_10000:2026-09-10T09:09:57.216030+00:00,paper,True,targeted,exp1_alignment_transfer,targeted_systematic_horizon_10000,6,systematic_misbinding,3ddb55654ed7020ccecce1477ee0dd89c92f37d7,da85e70825466cff842b6ebf9a9b518dc6d40d23fd2f752124f37a433b92c063,3ebb8ce93cecd9d76ef6358493113e3d186b46dc569038f73332c9cc58c495a3,3ebb8ce93cecd9d76ef6358493113e3d186b46dc569038f73332c9cc58c495a3,2026-09-10T09:09:57.268085+00:00,route_map_diagnostic,source_bound,route_greedy,10000,0.0,0.0,0.0,0.0,0.0,0.0,0.0,0.0,1e-08,True,0.0,1e-08,True,0.0,0.0,0.0,0.0,0,,,,,1.0,0.0,0.0,15.0,0.0,0.0,0.0,0,cb24cac2dfcaa76a7e93b9f2dc0a09d150de90fac6e6b0549938273d2752acba,230624223aaf2e20c5fbbfa3d37a7bcbbf2d252bb63feaa18b6986d760b766ca,67c37b5d22bbccbc4b3f036e3a68deca4163bf4da4ce80d72811586e15967a2f,horizon_route_map,10000,0.0001,,False
exp1_alignment_transfer:targeted:full:targeted_systematic_horizon_1000:2026-09-10T09:10:00.365064+00:00,paper,True,targeted,exp1_alignment_transfer,targeted_systematic_horizon_1000,7,systematic_misbinding,3ddb55654ed7020ccecce1477ee0dd89c92f37d7,63d64e34a200ec61e73424bbad568ccfc3246f798eacff93f5f654190ad16a1d,3ebb8ce93cecd9d76ef6358493113e3d186b46dc569038f73332c9cc58c495a3,3ebb8ce93cecd9d76ef6358493113e3d186b46dc569038f73332c9cc58c495a3,2026-09-10T09:10:00.410472+00:00,route_map_diagnostic,arrival_assigned,route_greedy,1000,152.77777777777777,0.0,549.9999999999999,0.15277777777777776,0.0,0.5499999999999999,0.5499999999999999,0.3972222222222221,1e-08,True,0.3972222222222221,1e-08,True,0.4069999999999999,0.495,0.495,0.495,495,0.30864197530864196,0.3086419753086419,0.012345679012345675,0.012345679012345664,0.505,0.30864197530864196,0.3086419753086419,15.0,0.0,0.0,15.0,15,5dc26de16c078f79621e4d75cae876a81929580dd3c9b1bdb4496be43f89af5d,2b5366b5341898334c2b775f93cde971236f6c081a74edb767f0d6b6486cafe1,ccb0175a4647c87be7780351af03a44ba555e4452545872e790f8b304da04930,horizon_route_map,1000,1e-05,0.27777777777777785,True
exp1_alignment_transfer:targeted:full:targeted_systematic_horizon_1000:2026-09-10T09:10:00.365064+00:00,paper,True,targeted,exp1_alignment_transfer,targeted_systematic_horizon_1000,7,systematic_misbinding,3ddb55654ed7020ccecce1477ee0dd89c92f37d7,63d64e34a200ec61e73424bbad568ccfc3246f798eacff93f5f654190ad16a1d,3ebb8ce93cecd9d76ef6358493113e3d186b46dc569038f73332c9cc58c495a3,3ebb8ce93cecd9d76ef6358493113e3d186b46dc569038f73332c9cc58c495a3,2026-09-10T09:10:00.410472+00:00,route_map_diagnostic,source_bound,route_greedy,1000,0.0,0.0,0.0,0.0,0.0,0.0,0.0,0.0,1e-08,True,0.0,1e-08,True,0.0,0.0,0.0,0.0,0,,,,,1.0,0.0,0.0,15.0,0.0,0.0,0.0,0,5dc26de16c078f79621e4d75cae876a81929580dd3c9b1bdb4496be43f89af5d,2b5366b5341898334c2b775f93cde971236f6c081a74edb767f0d6b6486cafe1,ccb0175a4647c87be7780351af03a44ba555e4452545872e790f8b304da04930,horizon_route_map,1000,1e-05,,False
exp1_alignment_transfer:targeted:full:targeted_systematic_horizon_5000:2026-09-10T09:10:00.817344+00:00,paper,True,targeted,exp1_alignment_transfer,targeted_systematic_horizon_5000,7,systematic_misbinding,3ddb55654ed7020ccecce1477ee0dd89c92f37d7,1738aa639b37c24c9a687969970adb435313e91ca717b336ca50525dd7d4e928,3ebb8ce93cecd9d76ef6358493113e3d186b46dc569038f73332c9cc58c495a3,3ebb8ce93cecd9d76ef6358493113e3d186b46dc569038f73332c9cc58c495a3,2026-09-10T09:10:00.859929+00:00,route_map_diagnostic,arrival_assigned,route_greedy,5000,770.9876543209875,0.0,2775.5555555555547,0.15419753086419752,0.0,0.555111111111111,0.555111111111111,0.4009135802469134,1e-08,True,0.4009135802469134,1e-08,True,0.4107822222222221,0.4996,0.4996,0.4996,2498,0.308641975308642,0.3086419753086419,0.012345679012345671,0.012345679012345664,0.5004,0.308641975308642,0.3086419753086419,15.0,0.0,0.0,15.0,15,057ed4045224896cad5c7af46c5de421af6bc1811c82e41b0994a799baf85916,56d9755badba2369b620386ca370941d2e88a5b39b38af2cfb712c03abd7bb72,3294ccec50f3b0c5f4136a320b0707c17caf88bb07902ce7250a46d9d65b4a81,horizon_route_map,5000,5e-05,0.2777777777777778,True
exp1_alignment_transfer:targeted:full:targeted_systematic_horizon_5000:2026-09-10T09:10:00.817344+00:00,paper,True,targeted,exp1_alignment_transfer,targeted_systematic_horizon_5000,7,systematic_misbinding,3ddb55654ed7020ccecce1477ee0dd89c92f37d7,1738aa639b37c24c9a687969970adb435313e91ca717b336ca50525dd7d4e928,3ebb8ce93cecd9d76ef6358493113e3d186b46dc569038f73332c9cc58c495a3,3ebb8ce93cecd9d76ef6358493113e3d186b46dc569038f73332c9cc58c495a3,2026-09-10T09:10:00.859929+00:00,route_map_diagnostic,source_bound,route_greedy,5000,0.0,0.0,0.0,0.0,0.0,0.0,0.0,0.0,1e-08,True,0.0,1e-08,True,0.0,0.0,0.0,0.0,0,,,,,1.0,0.0,0.0,15.0,0.0,0.0,0.0,0,057ed4045224896cad5c7af46c5de421af6bc1811c82e41b0994a799baf85916,56d9755badba2369b620386ca370941d2e88a5b39b38af2cfb712c03abd7bb72,3294ccec50f3b0c5f4136a320b0707c17caf88bb07902ce7250a46d9d65b4a81,horizon_route_map,5000,5e-05,,False
exp1_alignment_transfer:targeted:full:targeted_systematic_horizon_10000:2026-09-10T09:10:02.369709+00:00,paper,True,targeted,exp1_alignment_transfer,targeted_systematic_horizon_10000,7,systematic_misbinding,3ddb55654ed7020ccecce1477ee0dd89c92f37d7,da85e70825466cff842b6ebf9a9b518dc6d40d23fd2f752124f37a433b92c063,3ebb8ce93cecd9d76ef6358493113e3d186b46dc569038f73332c9cc58c495a3,3ebb8ce93cecd9d76ef6358493113e3d186b46dc569038f73332c9cc58c495a3,2026-09-10T09:10:02.412756+00:00,route_map_diagnostic,arrival_assigned,route_greedy,10000,1541.6666666666665,0.0,5549.999999999998,0.15416666666666665,0.0,0.5549999999999998,0.5549999999999998,0.40083333333333315,1e-08,True,0.40083333333333315,1e-08,True,0.4106999999999999,0.4995,0.4995,0.4995,4995,0.308641975308642,0.3086419753086419,0.012345679012345671,0.012345679012345664,0.5005,0.308641975308642,0.3086419753086419,15.0,0.0,0.0,15.0,15,ba63ea11f881bea33a15607661be7195b6a8868d4185c63449a4bc7ad9f5ce6c,964d8556ec93ef6b4407c9fd4e800e154e3b335401c1ce1f4ba62e72dcd70351,03b49fa59fd333cca4f133f36bcdfabbf3cadc747fd605cb556960499f5d51b7,horizon_route_map,10000,0.0001,0.27777777777777785,True
exp1_alignment_transfer:targeted:full:targeted_systematic_horizon_10000:2026-09-10T09:10:02.369709+00:00,paper,True,targeted,exp1_alignment_transfer,targeted_systematic_horizon_10000,7,systematic_misbinding,3ddb55654ed7020ccecce1477ee0dd89c92f37d7,da85e70825466cff842b6ebf9a9b518dc6d40d23fd2f752124f37a433b92c063,3ebb8ce93cecd9d76ef6358493113e3d186b46dc569038f73332c9cc58c495a3,3ebb8ce93cecd9d76ef6358493113e3d186b46dc569038f73332c9cc58c495a3,2026-09-10T09:10:02.412756+00:00,route_map_diagnostic,source_bound,route_greedy,10000,0.0,0.0,0.0,0.0,0.0,0.0,0.0,0.0,1e-08,True,0.0,1e-08,True,0.0,0.0,0.0,0.0,0,,,,,1.0,0.0,0.0,15.0,0.0,0.0,0.0,0,ba63ea11f881bea33a15607661be7195b6a8868d4185c63449a4bc7ad9f5ce6c,964d8556ec93ef6b4407c9fd4e800e154e3b335401c1ce1f4ba62e72dcd70351,03b49fa59fd333cca4f133f36bcdfabbf3cadc747fd605cb556960499f5d51b7,horizon_route_map,10000,0.0001,,False
exp1_alignment_transfer:targeted:full:targeted_systematic_horizon_1000:2026-09-10T09:10:05.337618+00:00,paper,True,targeted,exp1_alignment_transfer,targeted_systematic_horizon_1000,8,systematic_misbinding,3ddb55654ed7020ccecce1477ee0dd89c92f37d7,63d64e34a200ec61e73424bbad568ccfc3246f798eacff93f5f654190ad16a1d,3ebb8ce93cecd9d76ef6358493113e3d186b46dc569038f73332c9cc58c495a3,3ebb8ce93cecd9d76ef6358493113e3d186b46dc569038f73332c9cc58c495a3,2026-09-10T09:10:05.375248+00:00,route_map_diagnostic,arrival_assigned,route_greedy,1000,153.7037037037037,0.0,553.3333333333333,0.1537037037037037,0.0,0.5533333333333332,0.5533333333333332,0.39962962962962956,1e-08,True,0.39962962962962956,1e-08,True,0.4094666666666666,0.498,0.498,0.498,498,0.3086419753086419,0.3086419753086419,0.012345679012345673,0.012345679012345664,0.502,0.3086419753086419,0.3086419753086419,15.0,0.0,0.0,15.0,15,b07bfe8933e2c41416fa940789975d6577ed345450c629ab24d6f6f955ba144e,704e721addbafb184ccd15a5900a47e0e0ae186b6bc05c2a498cd26a3a7acd33,b829cd004e0f9d5d2046b123a6c9d31b4d2e8f1bbb8812fd15f1a817f5788c86,horizon_route_map,1000,1e-05,0.2777777777777778,True
exp1_alignment_transfer:targeted:full:targeted_systematic_horizon_1000:2026-09-10T09:10:05.337618+00:00,paper,True,targeted,exp1_alignment_transfer,targeted_systematic_horizon_1000,8,systematic_misbinding,3ddb55654ed7020ccecce1477ee0dd89c92f37d7,63d64e34a200ec61e73424bbad568ccfc3246f798eacff93f5f654190ad16a1d,3ebb8ce93cecd9d76ef6358493113e3d186b46dc569038f73332c9cc58c495a3,3ebb8ce93cecd9d76ef6358493113e3d186b46dc569038f73332c9cc58c495a3,2026-09-10T09:10:05.375248+00:00,route_map_diagnostic,source_bound,route_greedy,1000,0.0,0.0,0.0,0.0,0.0,0.0,0.0,0.0,1e-08,True,0.0,1e-08,True,0.0,0.0,0.0,0.0,0,,,,,1.0,0.0,0.0,15.0,0.0,0.0,0.0,0,b07bfe8933e2c41416fa940789975d6577ed345450c629ab24d6f6f955ba144e,704e721addbafb184ccd15a5900a47e0e0ae186b6bc05c2a498cd26a3a7acd33,b829cd004e0f9d5d2046b123a6c9d31b4d2e8f1bbb8812fd15f1a817f5788c86,horizon_route_map,1000,1e-05,,False
exp1_alignment_transfer:targeted:full:targeted_systematic_horizon_5000:2026-09-10T09:10:05.732876+00:00,paper,True,targeted,exp1_alignment_transfer,targeted_systematic_horizon_5000,8,systematic_misbinding,3ddb55654ed7020ccecce1477ee0dd89c92f37d7,1738aa639b37c24c9a687969970adb435313e91ca717b336ca50525dd7d4e928,3ebb8ce93cecd9d76ef6358493113e3d186b46dc569038f73332c9cc58c495a3,3ebb8ce93cecd9d76ef6358493113e3d186b46dc569038f73332c9cc58c495a3,2026-09-10T09:10:05.770810+00:00,route_map_diagnostic,arrival_assigned,route_greedy,5000,772.5308641975307,0.0,2781.1111111111104,0.15450617283950616,0.0,0.5562222222222221,0.5562222222222221,0.40171604938271593,1e-08,True,0.40171604938271593,1e-08,True,0.4116044444444444,0.5006,0.5006,0.5006,2503,0.308641975308642,0.3086419753086419,0.012345679012345671,0.012345679012345664,0.4994,0.308641975308642,0.3086419753086419,15.0,0.0,0.0,15.0,15,c2f16f032d3127210b283dcf4ecacc7931104f80401a347397e3742eac1ee2e1,410e926c5f917ce094feea06dc6cd1fb83640691deb5ac07afcb4c1acde4f828,de8a5961586f27ed8429b23bce02aff1025e408f7db252b3a4a40528d6312ce6,horizon_route_map,5000,5e-05,0.2777777777777778,True
exp1_alignment_transfer:targeted:full:targeted_systematic_horizon_5000:2026-09-10T09:10:05.732876+00:00,paper,True,targeted,exp1_alignment_transfer,targeted_systematic_horizon_5000,8,systematic_misbinding,3ddb55654ed7020ccecce1477ee0dd89c92f37d7,1738aa639b37c24c9a687969970adb435313e91ca717b336ca50525dd7d4e928,3ebb8ce93cecd9d76ef6358493113e3d186b46dc569038f73332c9cc58c495a3,3ebb8ce93cecd9d76ef6358493113e3d186b46dc569038f73332c9cc58c495a3,2026-09-10T09:10:05.770810+00:00,route_map_diagnostic,source_bound,route_greedy,5000,0.0,0.0,0.0,0.0,0.0,0.0,0.0,0.0,1e-08,True,0.0,1e-08,True,0.0,0.0,0.0,0.0,0,,,,,1.0,0.0,0.0,15.0,0.0,0.0,0.0,0,c2f16f032d3127210b283dcf4ecacc7931104f80401a347397e3742eac1ee2e1,410e926c5f917ce094feea06dc6cd1fb83640691deb5ac07afcb4c1acde4f828,de8a5961586f27ed8429b23bce02aff1025e408f7db252b3a4a40528d6312ce6,horizon_route_map,5000,5e-05,,False
exp1_alignment_transfer:targeted:full:targeted_systematic_horizon_10000:2026-09-10T09:10:07.318323+00:00,paper,True,targeted,exp1_alignment_transfer,targeted_systematic_horizon_10000,8,systematic_misbinding,3ddb55654ed7020ccecce1477ee0dd89c92f37d7,da85e70825466cff842b6ebf9a9b518dc6d40d23fd2f752124f37a433b92c063,3ebb8ce93cecd9d76ef6358493113e3d186b46dc569038f73332c9cc58c495a3,3ebb8ce93cecd9d76ef6358493113e3d186b46dc569038f73332c9cc58c495a3,2026-09-10T09:10:07.355176+00:00,route_map_diagnostic,arrival_assigned,route_greedy,10000,1542.5925925925924,0.0,5553.333333333332,0.15425925925925923,0.0,0.5553333333333332,0.5553333333333332,0.40107407407407397,1e-08,True,0.40107407407407397,1e-08,True,0.4109466666666666,0.4998,0.4998,0.4998,4998,0.30864197530864196,0.3086419753086419,0.012345679012345671,0.012345679012345664,0.5002,0.30864197530864196,0.3086419753086419,15.0,0.0,0.0,15.0,15,24c1d6443cc5c891f1b95acde288e1a4eeb8d907af4f2062ed4e4ca90f46b18f,4f99954c56e7ab19b135613c183bbca36b250f0adb7878ceed5e37ea57213809,5ee90c0acc281f4cae795bfd0d36bf705366ed9711c9b5cb35aff10a8a639f75,horizon_route_map,10000,0.0001,0.2777777777777778,True
exp1_alignment_transfer:targeted:full:targeted_systematic_horizon_10000:2026-09-10T09:10:07.318323+00:00,paper,True,targeted,exp1_alignment_transfer,targeted_systematic_horizon_10000,8,systematic_misbinding,3ddb55654ed7020ccecce1477ee0dd89c92f37d7,da85e70825466cff842b6ebf9a9b518dc6d40d23fd2f752124f37a433b92c063,3ebb8ce93cecd9d76ef6358493113e3d186b46dc569038f73332c9cc58c495a3,3ebb8ce93cecd9d76ef6358493113e3d186b46dc569038f73332c9cc58c495a3,2026-09-10T09:10:07.355176+00:00,route_map_diagnostic,source_bound,route_greedy,10000,0.0,0.0,0.0,0.0,0.0,0.0,0.0,0.0,1e-08,True,0.0,1e-08,True,0.0,0.0,0.0,0.0,0,,,,,1.0,0.0,0.0,15.0,0.0,0.0,0.0,0,24c1d6443cc5c891f1b95acde288e1a4eeb8d907af4f2062ed4e4ca90f46b18f,4f99954c56e7ab19b135613c183bbca36b250f0adb7878ceed5e37ea57213809,5ee90c0acc281f4cae795bfd0d36bf705366ed9711c9b5cb35aff10a8a639f75,horizon_route_map,10000,0.0001,,False
exp1_alignment_transfer:targeted:full:targeted_systematic_horizon_1000:2026-09-10T09:10:10.349291+00:00,paper,True,targeted,exp1_alignment_transfer,targeted_systematic_horizon_1000,9,systematic_misbinding,3ddb55654ed7020ccecce1477ee0dd89c92f37d7,63d64e34a200ec61e73424bbad568ccfc3246f798eacff93f5f654190ad16a1d,3ebb8ce93cecd9d76ef6358493113e3d186b46dc569038f73332c9cc58c495a3,3ebb8ce93cecd9d76ef6358493113e3d186b46dc569038f73332c9cc58c495a3,2026-09-10T09:10:10.391680+00:00,route_map_diagnostic,arrival_assigned,route_greedy,1000,155.8641975308642,0.0,561.111111111111,0.1558641975308642,0.0,0.561111111111111,0.561111111111111,0.4052469135802468,1e-08,True,0.4052469135802468,1e-08,True,0.41522222222222216,0.505,0.505,0.505,505,0.30864197530864185,0.3086419753086419,0.012345679012345675,0.012345679012345664,0.495,0.30864197530864185,0.3086419753086419,15.0,0.0,0.0,15.0,15,b0fdbe9c3d26fc2c16afe09d3c0c421bb9b9133e850de075390c8b72d0642354,2a2f1b57f48294453541ce360b79b9391aa6659f458736e7e89a6881397971bb,44fdb512d5ebac68d8d116fc01fe5f185a711c4d94578675fd3a7a4eabfe2204,horizon_route_map,1000,1e-05,0.27777777777777785,True
exp1_alignment_transfer:targeted:full:targeted_systematic_horizon_1000:2026-09-10T09:10:10.349291+00:00,paper,True,targeted,exp1_alignment_transfer,targeted_systematic_horizon_1000,9,systematic_misbinding,3ddb55654ed7020ccecce1477ee0dd89c92f37d7,63d64e34a200ec61e73424bbad568ccfc3246f798eacff93f5f654190ad16a1d,3ebb8ce93cecd9d76ef6358493113e3d186b46dc569038f73332c9cc58c495a3,3ebb8ce93cecd9d76ef6358493113e3d186b46dc569038f73332c9cc58c495a3,2026-09-10T09:10:10.391680+00:00,route_map_diagnostic,source_bound,route_greedy,1000,0.0,0.0,0.0,0.0,0.0,0.0,0.0,0.0,1e-08,True,0.0,1e-08,True,0.0,0.0,0.0,0.0,0,,,,,1.0,0.0,0.0,15.0,0.0,0.0,0.0,0,b0fdbe9c3d26fc2c16afe09d3c0c421bb9b9133e850de075390c8b72d0642354,2a2f1b57f48294453541ce360b79b9391aa6659f458736e7e89a6881397971bb,44fdb512d5ebac68d8d116fc01fe5f185a711c4d94578675fd3a7a4eabfe2204,horizon_route_map,1000,1e-05,,False
exp1_alignment_transfer:targeted:full:targeted_systematic_horizon_5000:2026-09-10T09:10:10.714205+00:00,paper,True,targeted,exp1_alignment_transfer,targeted_systematic_horizon_5000,9,systematic_misbinding,3ddb55654ed7020ccecce1477ee0dd89c92f37d7,1738aa639b37c24c9a687969970adb435313e91ca717b336ca50525dd7d4e928,3ebb8ce93cecd9d76ef6358493113e3d186b46dc569038f73332c9cc58c495a3,3ebb8ce93cecd9d76ef6358493113e3d186b46dc569038f73332c9cc58c495a3,2026-09-10T09:10:10.763333+00:00,route_map_diagnostic,arrival_assigned,route_greedy,5000,771.6049382716049,0.0,2777.7777777777774,0.15432098765432098,0.0,0.5555555555555555,0.5555555555555555,0.4012345679012345,1e-08,True,0.4012345679012345,1e-08,True,0.41111111111111115,0.5,0.5,0.5,2500,0.308641975308642,0.3086419753086419,0.012345679012345671,0.012345679012345664,0.5,0.308641975308642,0.3086419753086419,15.0,0.0,0.0,15.0,15,e177e4516b8b5bb6d2d50c2316a857a6a91fce5ac6f19e1defc7805cac9d5ab0,5e956ede3cb9227062becb8725ac2cc2935bcdb9e9108d72f0de029c074f9eca,7ed17fc20c473a669ce34d348a20dff77fa84b807d2a3f207b8bbb725307d51e,horizon_route_map,5000,5e-05,0.2777777777777778,True
exp1_alignment_transfer:targeted:full:targeted_systematic_horizon_5000:2026-09-10T09:10:10.714205+00:00,paper,True,targeted,exp1_alignment_transfer,targeted_systematic_horizon_5000,9,systematic_misbinding,3ddb55654ed7020ccecce1477ee0dd89c92f37d7,1738aa639b37c24c9a687969970adb435313e91ca717b336ca50525dd7d4e928,3ebb8ce93cecd9d76ef6358493113e3d186b46dc569038f73332c9cc58c495a3,3ebb8ce93cecd9d76ef6358493113e3d186b46dc569038f73332c9cc58c495a3,2026-09-10T09:10:10.763333+00:00,route_map_diagnostic,source_bound,route_greedy,5000,0.0,0.0,0.0,0.0,0.0,0.0,0.0,0.0,1e-08,True,0.0,1e-08,True,0.0,0.0,0.0,0.0,0,,,,,1.0,0.0,0.0,15.0,0.0,0.0,0.0,0,e177e4516b8b5bb6d2d50c2316a857a6a91fce5ac6f19e1defc7805cac9d5ab0,5e956ede3cb9227062becb8725ac2cc2935bcdb9e9108d72f0de029c074f9eca,7ed17fc20c473a669ce34d348a20dff77fa84b807d2a3f207b8bbb725307d51e,horizon_route_map,5000,5e-05,,False
exp1_alignment_transfer:targeted:full:targeted_systematic_horizon_10000:2026-09-10T09:10:12.194789+00:00,paper,True,targeted,exp1_alignment_transfer,targeted_systematic_horizon_10000,9,systematic_misbinding,3ddb55654ed7020ccecce1477ee0dd89c92f37d7,da85e70825466cff842b6ebf9a9b518dc6d40d23fd2f752124f37a433b92c063,3ebb8ce93cecd9d76ef6358493113e3d186b46dc569038f73332c9cc58c495a3,3ebb8ce93cecd9d76ef6358493113e3d186b46dc569038f73332c9cc58c495a3,2026-09-10T09:10:12.236874+00:00,route_map_diagnostic,arrival_assigned,route_greedy,10000,1544.753086419753,0.0,5561.11111111111,0.15447530864197528,0.0,0.556111111111111,0.556111111111111,0.40163580246913577,1e-08,True,0.40163580246913577,1e-08,True,0.4115222222222223,0.5005,0.5005,0.5005,5005,0.308641975308642,0.3086419753086419,0.012345679012345671,0.012345679012345664,0.4995,0.308641975308642,0.3086419753086419,15.0,0.0,0.0,15.0,15,29e1d19340ec7eacb685fa64e544e24b88a6077e95cba97d58c3479d1dab0474,5e68699c3870609140dca77d331f823cb2d89697bd9a8abce36ce8f0e5d28023,aae5a3031f1ff5dba02228f231c40a7a4879382b2a0a748bdaf74dec2a0bd232,horizon_route_map,10000,0.0001,0.2777777777777778,True
exp1_alignment_transfer:targeted:full:targeted_systematic_horizon_10000:2026-09-10T09:10:12.194789+00:00,paper,True,targeted,exp1_alignment_transfer,targeted_systematic_horizon_10000,9,systematic_misbinding,3ddb55654ed7020ccecce1477ee0dd89c92f37d7,da85e70825466cff842b6ebf9a9b518dc6d40d23fd2f752124f37a433b92c063,3ebb8ce93cecd9d76ef6358493113e3d186b46dc569038f73332c9cc58c495a3,3ebb8ce93cecd9d76ef6358493113e3d186b46dc569038f73332c9cc58c495a3,2026-09-10T09:10:12.236874+00:00,route_map_diagnostic,source_bound,route_greedy,10000,0.0,0.0,0.0,0.0,0.0,0.0,0.0,0.0,1e-08,True,0.0,1e-08,True,0.0,0.0,0.0,0.0,0,,,,,1.0,0.0,0.0,15.0,0.0,0.0,0.0,0,29e1d19340ec7eacb685fa64e544e24b88a6077e95cba97d58c3479d1dab0474,5e68699c3870609140dca77d331f823cb2d89697bd9a8abce36ce8f0e5d28023,aae5a3031f1ff5dba02228f231c40a7a4879382b2a0a748bdaf74dec2a0bd232,horizon_route_map,10000,0.0001,,False
exp1_alignment_transfer:targeted:full:targeted_systematic_horizon_1000:2026-09-10T09:10:15.220069+00:00,paper,True,targeted,exp1_alignment_transfer,targeted_systematic_horizon_1000,10,systematic_misbinding,3ddb55654ed7020ccecce1477ee0dd89c92f37d7,63d64e34a200ec61e73424bbad568ccfc3246f798eacff93f5f654190ad16a1d,3ebb8ce93cecd9d76ef6358493113e3d186b46dc569038f73332c9cc58c495a3,3ebb8ce93cecd9d76ef6358493113e3d186b46dc569038f73332c9cc58c495a3,2026-09-10T09:10:15.263550+00:00,route_map_diagnostic,arrival_assigned,route_greedy,1000,153.39506172839506,0.0,552.2222222222222,0.15339506172839507,0.0,0.5522222222222222,0.5522222222222222,0.39882716049382716,1e-08,True,0.39882716049382716,1e-08,True,0.40864444444444437,0.497,0.497,0.497,497,0.3086419753086419,0.3086419753086419,0.012345679012345671,0.012345679012345664,0.503,0.3086419753086419,0.3086419753086419,15.0,0.0,0.0,15.0,15,55b9bf35cda979954f286001da1f47d752dc3d7203f4933610cf5ac45886b782,47d838098f5a1083977a05cfcbf56b3aad306fc87a0bc4d651533b0fa76197e1,14b148482ab1d6b1d868c998f843a1064aa4c01c3b56dce13430096eaa4d6eab,horizon_route_map,1000,1e-05,0.2777777777777778,True
exp1_alignment_transfer:targeted:full:targeted_systematic_horizon_1000:2026-09-10T09:10:15.220069+00:00,paper,True,targeted,exp1_alignment_transfer,targeted_systematic_horizon_1000,10,systematic_misbinding,3ddb55654ed7020ccecce1477ee0dd89c92f37d7,63d64e34a200ec61e73424bbad568ccfc3246f798eacff93f5f654190ad16a1d,3ebb8ce93cecd9d76ef6358493113e3d186b46dc569038f73332c9cc58c495a3,3ebb8ce93cecd9d76ef6358493113e3d186b46dc569038f73332c9cc58c495a3,2026-09-10T09:10:15.263550+00:00,route_map_diagnostic,source_bound,route_greedy,1000,0.0,0.0,0.0,0.0,0.0,0.0,0.0,0.0,1e-08,True,0.0,1e-08,True,0.0,0.0,0.0,0.0,0,,,,,1.0,0.0,0.0,15.0,0.0,0.0,0.0,0,55b9bf35cda979954f286001da1f47d752dc3d7203f4933610cf5ac45886b782,47d838098f5a1083977a05cfcbf56b3aad306fc87a0bc4d651533b0fa76197e1,14b148482ab1d6b1d868c998f843a1064aa4c01c3b56dce13430096eaa4d6eab,horizon_route_map,1000,1e-05,,False
exp1_alignment_transfer:targeted:full:targeted_systematic_horizon_5000:2026-09-10T09:10:15.612329+00:00,paper,True,targeted,exp1_alignment_transfer,targeted_systematic_horizon_5000,10,systematic_misbinding,3ddb55654ed7020ccecce1477ee0dd89c92f37d7,1738aa639b37c24c9a687969970adb435313e91ca717b336ca50525dd7d4e928,3ebb8ce93cecd9d76ef6358493113e3d186b46dc569038f73332c9cc58c495a3,3ebb8ce93cecd9d76ef6358493113e3d186b46dc569038f73332c9cc58c495a3,2026-09-10T09:10:15.652243+00:00,route_map_diagnostic,arrival_assigned,route_greedy,5000,772.2222222222222,0.0,2779.9999999999995,0.15444444444444444,0.0,0.5559999999999999,0.5559999999999999,0.4015555555555555,1e-08,True,0.4015555555555555,1e-08,True,0.41144,0.5004,0.5004,0.5004,2502,0.308641975308642,0.3086419753086419,0.012345679012345671,0.012345679012345664,0.4996,0.308641975308642,0.3086419753086419,15.0,0.0,0.0,15.0,15,cfda2346343cfca7f7b6f5a0c234034a3c1c6bb90732a4bb60be0460f7640c3c,3203a0c671b6f0994d3e6a1194cb8a1103c58bc3ba92a9a1628c438084b5ca6c,f587ca49f46c5dbeea2f62ad8a5b34829becbae483e310dcc2c3df1c49aa1a65,horizon_route_map,5000,5e-05,0.2777777777777778,True
exp1_alignment_transfer:targeted:full:targeted_systematic_horizon_5000:2026-09-10T09:10:15.612329+00:00,paper,True,targeted,exp1_alignment_transfer,targeted_systematic_horizon_5000,10,systematic_misbinding,3ddb55654ed7020ccecce1477ee0dd89c92f37d7,1738aa639b37c24c9a687969970adb435313e91ca717b336ca50525dd7d4e928,3ebb8ce93cecd9d76ef6358493113e3d186b46dc569038f73332c9cc58c495a3,3ebb8ce93cecd9d76ef6358493113e3d186b46dc569038f73332c9cc58c495a3,2026-09-10T09:10:15.652243+00:00,route_map_diagnostic,source_bound,route_greedy,5000,0.0,0.0,0.0,0.0,0.0,0.0,0.0,0.0,1e-08,True,0.0,1e-08,True,0.0,0.0,0.0,0.0,0,,,,,1.0,0.0,0.0,15.0,0.0,0.0,0.0,0,cfda2346343cfca7f7b6f5a0c234034a3c1c6bb90732a4bb60be0460f7640c3c,3203a0c671b6f0994d3e6a1194cb8a1103c58bc3ba92a9a1628c438084b5ca6c,f587ca49f46c5dbeea2f62ad8a5b34829becbae483e310dcc2c3df1c49aa1a65,horizon_route_map,5000,5e-05,,False
exp1_alignment_transfer:targeted:full:targeted_systematic_horizon_10000:2026-09-10T09:10:17.118067+00:00,paper,True,targeted,exp1_alignment_transfer,targeted_systematic_horizon_10000,10,systematic_misbinding,3ddb55654ed7020ccecce1477ee0dd89c92f37d7,da85e70825466cff842b6ebf9a9b518dc6d40d23fd2f752124f37a433b92c063,3ebb8ce93cecd9d76ef6358493113e3d186b46dc569038f73332c9cc58c495a3,3ebb8ce93cecd9d76ef6358493113e3d186b46dc569038f73332c9cc58c495a3,2026-09-10T09:10:17.158526+00:00,route_map_diagnostic,arrival_assigned,route_greedy,10000,1542.2839506172838,0.0,5552.222222222221,0.1542283950617284,0.0,0.5552222222222221,0.5552222222222221,0.4009938271604937,1e-08,True,0.4009938271604937,1e-08,True,0.4108644444444444,0.4997,0.4997,0.4997,4997,0.308641975308642,0.3086419753086419,0.012345679012345671,0.012345679012345664,0.5003,0.308641975308642,0.3086419753086419,15.0,0.0,0.0,15.0,15,69d558944574156d41863b567ef33ab86ef94d40269d10d30a165f5f86087cd3,e088293d43f1655cad22ddc8b8a96ff2fcff65c7019a37e9543a9dd2c56e4dd9,704ea571d36d1e1c3084da2f5885533ec7cd0d0c0b5d57934f236c3d14c4b705,horizon_route_map,10000,0.0001,0.27777777777777785,True
exp1_alignment_transfer:targeted:full:targeted_systematic_horizon_10000:2026-09-10T09:10:17.118067+00:00,paper,True,targeted,exp1_alignment_transfer,targeted_systematic_horizon_10000,10,systematic_misbinding,3ddb55654ed7020ccecce1477ee0dd89c92f37d7,da85e70825466cff842b6ebf9a9b518dc6d40d23fd2f752124f37a433b92c063,3ebb8ce93cecd9d76ef6358493113e3d186b46dc569038f73332c9cc58c495a3,3ebb8ce93cecd9d76ef6358493113e3d186b46dc569038f73332c9cc58c495a3,2026-09-10T09:10:17.158526+00:00,route_map_diagnostic,source_bound,route_greedy,10000,0.0,0.0,0.0,0.0,0.0,0.0,0.0,0.0,1e-08,True,0.0,1e-08,True,0.0,0.0,0.0,0.0,0,,,,,1.0,0.0,0.0,15.0,0.0,0.0,0.0,0,69d558944574156d41863b567ef33ab86ef94d40269d10d30a165f5f86087cd3,e088293d43f1655cad22ddc8b8a96ff2fcff65c7019a37e9543a9dd2c56e4dd9,704ea571d36d1e1c3084da2f5885533ec7cd0d0c0b5d57934f236c3d14c4b705,horizon_route_map,10000,0.0001,,False
exp1_alignment_transfer:targeted:full:targeted_systematic_horizon_1000:2026-09-10T09:10:20.123907+00:00,paper,True,targeted,exp1_alignment_transfer,targeted_systematic_horizon_1000,11,systematic_misbinding,3ddb55654ed7020ccecce1477ee0dd89c92f37d7,63d64e34a200ec61e73424bbad568ccfc3246f798eacff93f5f654190ad16a1d,3ebb8ce93cecd9d76ef6358493113e3d186b46dc569038f73332c9cc58c495a3,3ebb8ce93cecd9d76ef6358493113e3d186b46dc569038f73332c9cc58c495a3,2026-09-10T09:10:20.165388+00:00,route_map_diagnostic,arrival_assigned,route_greedy,1000,155.8641975308642,0.0,561.1111111111111,0.1558641975308642,0.0,0.5611111111111111,0.5611111111111111,0.4052469135802469,1e-08,True,0.4052469135802469,1e-08,True,0.41522222222222216,0.505,0.505,0.505,505,0.30864197530864185,0.3086419753086419,0.012345679012345675,0.012345679012345664,0.495,0.30864197530864185,0.3086419753086419,15.0,0.0,0.0,15.0,15,c487a92d3c5b7d9641fdc6361a1cd2d99bbaa8aebf781b7983bbc15b89a504a5,45ee18f9bb1717311be4534976929acbcd23d569ae46188081efae86bfb4fd0c,e3e075c47180288035ec735d237625b8722188efb8fff8de42abd44687a15a4d,horizon_route_map,1000,1e-05,0.2777777777777778,True
exp1_alignment_transfer:targeted:full:targeted_systematic_horizon_1000:2026-09-10T09:10:20.123907+00:00,paper,True,targeted,exp1_alignment_transfer,targeted_systematic_horizon_1000,11,systematic_misbinding,3ddb55654ed7020ccecce1477ee0dd89c92f37d7,63d64e34a200ec61e73424bbad568ccfc3246f798eacff93f5f654190ad16a1d,3ebb8ce93cecd9d76ef6358493113e3d186b46dc569038f73332c9cc58c495a3,3ebb8ce93cecd9d76ef6358493113e3d186b46dc569038f73332c9cc58c495a3,2026-09-10T09:10:20.165388+00:00,route_map_diagnostic,source_bound,route_greedy,1000,0.0,0.0,0.0,0.0,0.0,0.0,0.0,0.0,1e-08,True,0.0,1e-08,True,0.0,0.0,0.0,0.0,0,,,,,1.0,0.0,0.0,15.0,0.0,0.0,0.0,0,c487a92d3c5b7d9641fdc6361a1cd2d99bbaa8aebf781b7983bbc15b89a504a5,45ee18f9bb1717311be4534976929acbcd23d569ae46188081efae86bfb4fd0c,e3e075c47180288035ec735d237625b8722188efb8fff8de42abd44687a15a4d,horizon_route_map,1000,1e-05,,False
exp1_alignment_transfer:targeted:full:targeted_systematic_horizon_5000:2026-09-10T09:10:20.515837+00:00,paper,True,targeted,exp1_alignment_transfer,targeted_systematic_horizon_5000,11,systematic_misbinding,3ddb55654ed7020ccecce1477ee0dd89c92f37d7,1738aa639b37c24c9a687969970adb435313e91ca717b336ca50525dd7d4e928,3ebb8ce93cecd9d76ef6358493113e3d186b46dc569038f73332c9cc58c495a3,3ebb8ce93cecd9d76ef6358493113e3d186b46dc569038f73332c9cc58c495a3,2026-09-10T09:10:20.563125+00:00,route_map_diagnostic,arrival_assigned,route_greedy,5000,772.2222222222221,0.0,2779.9999999999995,0.1544444444444444,0.0,0.5559999999999999,0.5559999999999999,0.4015555555555555,1e-08,True,0.4015555555555555,1e-08,True,0.41144,0.5004,0.5004,0.5004,2502,0.308641975308642,0.3086419753086419,0.012345679012345671,0.012345679012345664,0.4996,0.308641975308642,0.3086419753086419,15.0,0.0,0.0,15.0,15,17f6c9bebdeccd04e979ffa0d1da2f4815905412ddd60fd394ccc7fd7d407741,67c4c1ecfdb211e4f5af5616c988a37f2a912f4f522db5ff1a0d35a69ff40df4,c3e4ee8b8e7c57b6454f98ebfd4eb051dd3eeb1df0875c3ad845e3830db43ebd,horizon_route_map,5000,5e-05,0.2777777777777778,True
exp1_alignment_transfer:targeted:full:targeted_systematic_horizon_5000:2026-09-10T09:10:20.515837+00:00,paper,True,targeted,exp1_alignment_transfer,targeted_systematic_horizon_5000,11,systematic_misbinding,3ddb55654ed7020ccecce1477ee0dd89c92f37d7,1738aa639b37c24c9a687969970adb435313e91ca717b336ca50525dd7d4e928,3ebb8ce93cecd9d76ef6358493113e3d186b46dc569038f73332c9cc58c495a3,3ebb8ce93cecd9d76ef6358493113e3d186b46dc569038f73332c9cc58c495a3,2026-09-10T09:10:20.563125+00:00,route_map_diagnostic,source_bound,route_greedy,5000,0.0,0.0,0.0,0.0,0.0,0.0,0.0,0.0,1e-08,True,0.0,1e-08,True,0.0,0.0,0.0,0.0,0,,,,,1.0,0.0,0.0,15.0,0.0,0.0,0.0,0,17f6c9bebdeccd04e979ffa0d1da2f4815905412ddd60fd394ccc7fd7d407741,67c4c1ecfdb211e4f5af5616c988a37f2a912f4f522db5ff1a0d35a69ff40df4,c3e4ee8b8e7c57b6454f98ebfd4eb051dd3eeb1df0875c3ad845e3830db43ebd,horizon_route_map,5000,5e-05,,False
exp1_alignment_transfer:targeted:full:targeted_systematic_horizon_10000:2026-09-10T09:10:22.177483+00:00,paper,True,targeted,exp1_alignment_transfer,targeted_systematic_horizon_10000,11,systematic_misbinding,3ddb55654ed7020ccecce1477ee0dd89c92f37d7,da85e70825466cff842b6ebf9a9b518dc6d40d23fd2f752124f37a433b92c063,3ebb8ce93cecd9d76ef6358493113e3d186b46dc569038f73332c9cc58c495a3,3ebb8ce93cecd9d76ef6358493113e3d186b46dc569038f73332c9cc58c495a3,2026-09-10T09:10:22.219001+00:00,route_map_diagnostic,arrival_assigned,route_greedy,10000,1544.753086419753,0.0,5561.1111111111095,0.15447530864197528,0.0,0.556111111111111,0.556111111111111,0.40163580246913566,1e-08,True,0.40163580246913566,1e-08,True,0.4115222222222222,0.5005,0.5005,0.5005,5005,0.308641975308642,0.3086419753086419,0.012345679012345671,0.012345679012345664,0.4995,0.308641975308642,0.3086419753086419,15.0,0.0,0.0,15.0,15,ad96dad172b9fdb553938a2e98764a90fa6bca9dd275b1d23fbd2df3fe66d124,712d6e383fceafb736a6280c7e1577ab24a8615a5bec6572f2b9b107ac144fb8,0b1a6a66f37ea674deda2d6a9a1f52539d2f9d7b5f2dc8389ba9d8ec7c7a60c2,horizon_route_map,10000,0.0001,0.27777777777777785,True
exp1_alignment_transfer:targeted:full:targeted_systematic_horizon_10000:2026-09-10T09:10:22.177483+00:00,paper,True,targeted,exp1_alignment_transfer,targeted_systematic_horizon_10000,11,systematic_misbinding,3ddb55654ed7020ccecce1477ee0dd89c92f37d7,da85e70825466cff842b6ebf9a9b518dc6d40d23fd2f752124f37a433b92c063,3ebb8ce93cecd9d76ef6358493113e3d186b46dc569038f73332c9cc58c495a3,3ebb8ce93cecd9d76ef6358493113e3d186b46dc569038f73332c9cc58c495a3,2026-09-10T09:10:22.219001+00:00,route_map_diagnostic,source_bound,route_greedy,10000,0.0,0.0,0.0,0.0,0.0,0.0,0.0,0.0,1e-08,True,0.0,1e-08,True,0.0,0.0,0.0,0.0,0,,,,,1.0,0.0,0.0,15.0,0.0,0.0,0.0,0,ad96dad172b9fdb553938a2e98764a90fa6bca9dd275b1d23fbd2df3fe66d124,712d6e383fceafb736a6280c7e1577ab24a8615a5bec6572f2b9b107ac144fb8,0b1a6a66f37ea674deda2d6a9a1f52539d2f9d7b5f2dc8389ba9d8ec7c7a60c2,horizon_route_map,10000,0.0001,,False
exp1_alignment_transfer:targeted:full:targeted_systematic_horizon_1000:2026-09-10T09:10:24.959032+00:00,paper,True,targeted,exp1_alignment_transfer,targeted_systematic_horizon_1000,12,systematic_misbinding,3ddb55654ed7020ccecce1477ee0dd89c92f37d7,63d64e34a200ec61e73424bbad568ccfc3246f798eacff93f5f654190ad16a1d,3ebb8ce93cecd9d76ef6358493113e3d186b46dc569038f73332c9cc58c495a3,3ebb8ce93cecd9d76ef6358493113e3d186b46dc569038f73332c9cc58c495a3,2026-09-10T09:10:24.997828+00:00,route_map_diagnostic,arrival_assigned,route_greedy,1000,155.8641975308642,0.0,561.1111111111111,0.1558641975308642,0.0,0.5611111111111111,0.5611111111111111,0.4052469135802469,1e-08,True,0.4052469135802469,1e-08,True,0.41522222222222216,0.505,0.505,0.505,505,0.30864197530864185,0.3086419753086419,0.012345679012345673,0.012345679012345664,0.495,0.30864197530864185,0.3086419753086419,15.0,0.0,0.0,15.0,15,2bf9dcf57d084e3f4d4de532e723251cf47d2ed8a2fc10fb7afdd03f5f3b82b2,5c5a6c3eabece5d8906b84c70abb455bff4433785e41e10af045c444afbad599,251a649a9a618f348618dfd5957cb3c124247e71f1386e0926682a066a14f449,horizon_route_map,1000,1e-05,0.2777777777777778,True
exp1_alignment_transfer:targeted:full:targeted_systematic_horizon_1000:2026-09-10T09:10:24.959032+00:00,paper,True,targeted,exp1_alignment_transfer,targeted_systematic_horizon_1000,12,systematic_misbinding,3ddb55654ed7020ccecce1477ee0dd89c92f37d7,63d64e34a200ec61e73424bbad568ccfc3246f798eacff93f5f654190ad16a1d,3ebb8ce93cecd9d76ef6358493113e3d186b46dc569038f73332c9cc58c495a3,3ebb8ce93cecd9d76ef6358493113e3d186b46dc569038f73332c9cc58c495a3,2026-09-10T09:10:24.997828+00:00,route_map_diagnostic,source_bound,route_greedy,1000,0.0,0.0,0.0,0.0,0.0,0.0,0.0,0.0,1e-08,True,0.0,1e-08,True,0.0,0.0,0.0,0.0,0,,,,,1.0,0.0,0.0,15.0,0.0,0.0,0.0,0,2bf9dcf57d084e3f4d4de532e723251cf47d2ed8a2fc10fb7afdd03f5f3b82b2,5c5a6c3eabece5d8906b84c70abb455bff4433785e41e10af045c444afbad599,251a649a9a618f348618dfd5957cb3c124247e71f1386e0926682a066a14f449,horizon_route_map,1000,1e-05,,False
exp1_alignment_transfer:targeted:full:targeted_systematic_horizon_5000:2026-09-10T09:10:25.409955+00:00,paper,True,targeted,exp1_alignment_transfer,targeted_systematic_horizon_5000,12,systematic_misbinding,3ddb55654ed7020ccecce1477ee0dd89c92f37d7,1738aa639b37c24c9a687969970adb435313e91ca717b336ca50525dd7d4e928,3ebb8ce93cecd9d76ef6358493113e3d186b46dc569038f73332c9cc58c495a3,3ebb8ce93cecd9d76ef6358493113e3d186b46dc569038f73332c9cc58c495a3,2026-09-10T09:10:25.449661+00:00,route_map_diagnostic,arrival_assigned,route_greedy,5000,772.2222222222221,0.0,2779.9999999999995,0.1544444444444444,0.0,0.5559999999999999,0.5559999999999999,0.4015555555555555,1e-08,True,0.4015555555555555,1e-08,True,0.41144,0.5004,0.5004,0.5004,2502,0.308641975308642,0.3086419753086419,0.012345679012345671,0.012345679012345664,0.4996,0.308641975308642,0.3086419753086419,15.0,0.0,0.0,15.0,15,b003dadf595d73a0988c8db6d046eb521902d3cb4ee8990a663ec1aaf4b5cde5,e3121765c58cd366260eaa170985377b4042bd3498e4f7de501cd4230efd146b,35dcf0c65218e60ce93e1979780133102bb35be75b4e15839bd1001f1e147875,horizon_route_map,5000,5e-05,0.2777777777777778,True
exp1_alignment_transfer:targeted:full:targeted_systematic_horizon_5000:2026-09-10T09:10:25.409955+00:00,paper,True,targeted,exp1_alignment_transfer,targeted_systematic_horizon_5000,12,systematic_misbinding,3ddb55654ed7020ccecce1477ee0dd89c92f37d7,1738aa639b37c24c9a687969970adb435313e91ca717b336ca50525dd7d4e928,3ebb8ce93cecd9d76ef6358493113e3d186b46dc569038f73332c9cc58c495a3,3ebb8ce93cecd9d76ef6358493113e3d186b46dc569038f73332c9cc58c495a3,2026-09-10T09:10:25.449661+00:00,route_map_diagnostic,source_bound,route_greedy,5000,0.0,0.0,0.0,0.0,0.0,0.0,0.0,0.0,1e-08,True,0.0,1e-08,True,0.0,0.0,0.0,0.0,0,,,,,1.0,0.0,0.0,15.0,0.0,0.0,0.0,0,b003dadf595d73a0988c8db6d046eb521902d3cb4ee8990a663ec1aaf4b5cde5,e3121765c58cd366260eaa170985377b4042bd3498e4f7de501cd4230efd146b,35dcf0c65218e60ce93e1979780133102bb35be75b4e15839bd1001f1e147875,horizon_route_map,5000,5e-05,,False
exp1_alignment_transfer:targeted:full:targeted_systematic_horizon_10000:2026-09-10T09:10:26.972793+00:00,paper,True,targeted,exp1_alignment_transfer,targeted_systematic_horizon_10000,12,systematic_misbinding,3ddb55654ed7020ccecce1477ee0dd89c92f37d7,da85e70825466cff842b6ebf9a9b518dc6d40d23fd2f752124f37a433b92c063,3ebb8ce93cecd9d76ef6358493113e3d186b46dc569038f73332c9cc58c495a3,3ebb8ce93cecd9d76ef6358493113e3d186b46dc569038f73332c9cc58c495a3,2026-09-10T09:10:27.018065+00:00,route_map_diagnostic,arrival_assigned,route_greedy,10000,1544.753086419753,0.0,5561.1111111111095,0.15447530864197528,0.0,0.556111111111111,0.556111111111111,0.40163580246913566,1e-08,True,0.40163580246913566,1e-08,True,0.4115222222222222,0.5005,0.5005,0.5005,5005,0.308641975308642,0.3086419753086419,0.012345679012345671,0.012345679012345664,0.4995,0.308641975308642,0.3086419753086419,15.0,0.0,0.0,15.0,15,8e3c78afcaad5aad5e6a4c25e61c327ac2c047cd069761b0ca4adfbd70868177,4d8bf413b04e79eb435464b11a62bfb830c6c58f77db7a1f72864568da3b2e47,930deb2616a03f9d671c401cfab2669a2a7e8c8ae047351e778502f74cae5b52,horizon_route_map,10000,0.0001,0.27777777777777785,True
exp1_alignment_transfer:targeted:full:targeted_systematic_horizon_10000:2026-09-10T09:10:26.972793+00:00,paper,True,targeted,exp1_alignment_transfer,targeted_systematic_horizon_10000,12,systematic_misbinding,3ddb55654ed7020ccecce1477ee0dd89c92f37d7,da85e70825466cff842b6ebf9a9b518dc6d40d23fd2f752124f37a433b92c063,3ebb8ce93cecd9d76ef6358493113e3d186b46dc569038f73332c9cc58c495a3,3ebb8ce93cecd9d76ef6358493113e3d186b46dc569038f73332c9cc58c495a3,2026-09-10T09:10:27.018065+00:00,route_map_diagnostic,source_bound,route_greedy,10000,0.0,0.0,0.0,0.0,0.0,0.0,0.0,0.0,1e-08,True,0.0,1e-08,True,0.0,0.0,0.0,0.0,0,,,,,1.0,0.0,0.0,15.0,0.0,0.0,0.0,0,8e3c78afcaad5aad5e6a4c25e61c327ac2c047cd069761b0ca4adfbd70868177,4d8bf413b04e79eb435464b11a62bfb830c6c58f77db7a1f72864568da3b2e47,930deb2616a03f9d671c401cfab2669a2a7e8c8ae047351e778502f74cae5b52,horizon_route_map,10000,0.0001,,False
exp1_alignment_transfer:targeted:full:targeted_systematic_horizon_1000:2026-09-10T09:10:30.025098+00:00,paper,True,targeted,exp1_alignment_transfer,targeted_systematic_horizon_1000,13,systematic_misbinding,3ddb55654ed7020ccecce1477ee0dd89c92f37d7,63d64e34a200ec61e73424bbad568ccfc3246f798eacff93f5f654190ad16a1d,3ebb8ce93cecd9d76ef6358493113e3d186b46dc569038f73332c9cc58c495a3,3ebb8ce93cecd9d76ef6358493113e3d186b46dc569038f73332c9cc58c495a3,2026-09-10T09:10:30.061576+00:00,route_map_diagnostic,arrival_assigned,route_greedy,1000,153.08641975308643,0.0,551.111111111111,0.15308641975308643,0.0,0.551111111111111,0.551111111111111,0.39802469135802454,1e-08,True,0.39802469135802454,1e-08,True,0.4078222222222222,0.496,0.496,0.496,496,0.3086419753086419,0.3086419753086419,0.012345679012345673,0.012345679012345664,0.504,0.3086419753086419,0.3086419753086419,15.0,0.0,0.0,15.0,15,51f757f7c2701078b78d65a584049511bafcf0cbe40178178c118bbe63720246,88d8dede47e116321e6a48591877fe31662a6e9973657692902a093ebeba3969,e65549f39c92f7dd1d66bdc61c9b4550902c6ba346d5fdf982f8d81ab02dbd05,horizon_route_map,1000,1e-05,0.27777777777777785,True
exp1_alignment_transfer:targeted:full:targeted_systematic_horizon_1000:2026-09-10T09:10:30.025098+00:00,paper,True,targeted,exp1_alignment_transfer,targeted_systematic_horizon_1000,13,systematic_misbinding,3ddb55654ed7020ccecce1477ee0dd89c92f37d7,63d64e34a200ec61e73424bbad568ccfc3246f798eacff93f5f654190ad16a1d,3ebb8ce93cecd9d76ef6358493113e3d186b46dc569038f73332c9cc58c495a3,3ebb8ce93cecd9d76ef6358493113e3d186b46dc569038f73332c9cc58c495a3,2026-09-10T09:10:30.061576+00:00,route_map_diagnostic,source_bound,route_greedy,1000,0.0,0.0,0.0,0.0,0.0,0.0,0.0,0.0,1e-08,True,0.0,1e-08,True,0.0,0.0,0.0,0.0,0,,,,,1.0,0.0,0.0,15.0,0.0,0.0,0.0,0,51f757f7c2701078b78d65a584049511bafcf0cbe40178178c118bbe63720246,88d8dede47e116321e6a48591877fe31662a6e9973657692902a093ebeba3969,e65549f39c92f7dd1d66bdc61c9b4550902c6ba346d5fdf982f8d81ab02dbd05,horizon_route_map,1000,1e-05,,False
exp1_alignment_transfer:targeted:full:targeted_systematic_horizon_5000:2026-09-10T09:10:30.442684+00:00,paper,True,targeted,exp1_alignment_transfer,targeted_systematic_horizon_5000,13,systematic_misbinding,3ddb55654ed7020ccecce1477ee0dd89c92f37d7,1738aa639b37c24c9a687969970adb435313e91ca717b336ca50525dd7d4e928,3ebb8ce93cecd9d76ef6358493113e3d186b46dc569038f73332c9cc58c495a3,3ebb8ce93cecd9d76ef6358493113e3d186b46dc569038f73332c9cc58c495a3,2026-09-10T09:10:30.479040+00:00,route_map_diagnostic,arrival_assigned,route_greedy,5000,770.0617283950617,0.0,2772.2222222222217,0.15401234567901234,0.0,0.5544444444444443,0.5544444444444443,0.400432098765432,1e-08,True,0.400432098765432,1e-08,True,0.41028888888888887,0.499,0.499,0.499,2495,0.308641975308642,0.3086419753086419,0.012345679012345671,0.012345679012345664,0.501,0.308641975308642,0.3086419753086419,15.0,0.0,0.0,15.0,15,0338c17787b037f56b1bac53239d7600bbf0f7631dc40a3cd83a5e7b4cfa504b,a6bd7aa34a96e9f63a979fae2e08f57cb529b536e394e033dbb86ac83f0ed0ea,64069bb0a0d9920818fc363264c65f866f2639e1deffae5bf4ff067eddc2ee76,horizon_route_map,5000,5e-05,0.2777777777777778,True
exp1_alignment_transfer:targeted:full:targeted_systematic_horizon_5000:2026-09-10T09:10:30.442684+00:00,paper,True,targeted,exp1_alignment_transfer,targeted_systematic_horizon_5000,13,systematic_misbinding,3ddb55654ed7020ccecce1477ee0dd89c92f37d7,1738aa639b37c24c9a687969970adb435313e91ca717b336ca50525dd7d4e928,3ebb8ce93cecd9d76ef6358493113e3d186b46dc569038f73332c9cc58c495a3,3ebb8ce93cecd9d76ef6358493113e3d186b46dc569038f73332c9cc58c495a3,2026-09-10T09:10:30.479040+00:00,route_map_diagnostic,source_bound,route_greedy,5000,0.0,0.0,0.0,0.0,0.0,0.0,0.0,0.0,1e-08,True,0.0,1e-08,True,0.0,0.0,0.0,0.0,0,,,,,1.0,0.0,0.0,15.0,0.0,0.0,0.0,0,0338c17787b037f56b1bac53239d7600bbf0f7631dc40a3cd83a5e7b4cfa504b,a6bd7aa34a96e9f63a979fae2e08f57cb529b536e394e033dbb86ac83f0ed0ea,64069bb0a0d9920818fc363264c65f866f2639e1deffae5bf4ff067eddc2ee76,horizon_route_map,5000,5e-05,,False
exp1_alignment_transfer:targeted:full:targeted_systematic_horizon_10000:2026-09-10T09:10:31.903668+00:00,paper,True,targeted,exp1_alignment_transfer,targeted_systematic_horizon_10000,13,systematic_misbinding,3ddb55654ed7020ccecce1477ee0dd89c92f37d7,da85e70825466cff842b6ebf9a9b518dc6d40d23fd2f752124f37a433b92c063,3ebb8ce93cecd9d76ef6358493113e3d186b46dc569038f73332c9cc58c495a3,3ebb8ce93cecd9d76ef6358493113e3d186b46dc569038f73332c9cc58c495a3,2026-09-10T09:10:31.938518+00:00,route_map_diagnostic,arrival_assigned,route_greedy,10000,1541.975308641975,0.0,5551.11111111111,0.15419753086419752,0.0,0.555111111111111,0.555111111111111,0.40091358024691354,1e-08,True,0.40091358024691354,1e-08,True,0.4107822222222222,0.4996,0.4996,0.4996,4996,0.308641975308642,0.3086419753086419,0.012345679012345671,0.012345679012345664,0.5004,0.308641975308642,0.3086419753086419,15.0,0.0,0.0,15.0,15,bdc536ba5290d243f76ed192b6fa9381f62a29bf67a55431269499c3eface8b8,9c6ff99f322732188b6ad11b6c05d2418ceab29db63a64082d9152fcd2f3501b,b160ef7ddda1ab288431b6ebb04f76b44bc742803add1655f71c0f5b8e5cbf5b,horizon_route_map,10000,0.0001,0.2777777777777778,True
exp1_alignment_transfer:targeted:full:targeted_systematic_horizon_10000:2026-09-10T09:10:31.903668+00:00,paper,True,targeted,exp1_alignment_transfer,targeted_systematic_horizon_10000,13,systematic_misbinding,3ddb55654ed7020ccecce1477ee0dd89c92f37d7,da85e70825466cff842b6ebf9a9b518dc6d40d23fd2f752124f37a433b92c063,3ebb8ce93cecd9d76ef6358493113e3d186b46dc569038f73332c9cc58c495a3,3ebb8ce93cecd9d76ef6358493113e3d186b46dc569038f73332c9cc58c495a3,2026-09-10T09:10:31.938518+00:00,route_map_diagnostic,source_bound,route_greedy,10000,0.0,0.0,0.0,0.0,0.0,0.0,0.0,0.0,1e-08,True,0.0,1e-08,True,0.0,0.0,0.0,0.0,0,,,,,1.0,0.0,0.0,15.0,0.0,0.0,0.0,0,bdc536ba5290d243f76ed192b6fa9381f62a29bf67a55431269499c3eface8b8,9c6ff99f322732188b6ad11b6c05d2418ceab29db63a64082d9152fcd2f3501b,b160ef7ddda1ab288431b6ebb04f76b44bc742803add1655f71c0f5b8e5cbf5b,horizon_route_map,10000,0.0001,,False
exp1_alignment_transfer:targeted:full:targeted_systematic_horizon_1000:2026-09-10T09:10:34.802000+00:00,paper,True,targeted,exp1_alignment_transfer,targeted_systematic_horizon_1000,14,systematic_misbinding,3ddb55654ed7020ccecce1477ee0dd89c92f37d7,63d64e34a200ec61e73424bbad568ccfc3246f798eacff93f5f654190ad16a1d,3ebb8ce93cecd9d76ef6358493113e3d186b46dc569038f73332c9cc58c495a3,3ebb8ce93cecd9d76ef6358493113e3d186b46dc569038f73332c9cc58c495a3,2026-09-10T09:10:34.838990+00:00,route_map_diagnostic,arrival_assigned,route_greedy,1000,152.77777777777777,0.0,550.0,0.15277777777777776,0.0,0.55,0.55,0.39722222222222225,1e-08,True,0.39722222222222225,1e-08,True,0.4069999999999999,0.495,0.495,0.495,495,0.30864197530864196,0.3086419753086419,0.012345679012345675,0.012345679012345664,0.505,0.30864197530864196,0.3086419753086419,15.0,0.0,0.0,15.0,15,86f7954cf89f4a08cecad4663a9e3f5e584a89be56725af9edbf73526d62d052,7b3c459493d3e45741db596f54c5d2b79bf4dc9f7b2fa9b9bccfcf050df470f6,56e62bf7908bd5ec29557670c142b78329d8a6481654a8a14fafc3d7905f522f,horizon_route_map,1000,1e-05,0.2777777777777778,True
exp1_alignment_transfer:targeted:full:targeted_systematic_horizon_1000:2026-09-10T09:10:34.802000+00:00,paper,True,targeted,exp1_alignment_transfer,targeted_systematic_horizon_1000,14,systematic_misbinding,3ddb55654ed7020ccecce1477ee0dd89c92f37d7,63d64e34a200ec61e73424bbad568ccfc3246f798eacff93f5f654190ad16a1d,3ebb8ce93cecd9d76ef6358493113e3d186b46dc569038f73332c9cc58c495a3,3ebb8ce93cecd9d76ef6358493113e3d186b46dc569038f73332c9cc58c495a3,2026-09-10T09:10:34.838990+00:00,route_map_diagnostic,source_bound,route_greedy,1000,0.0,0.0,0.0,0.0,0.0,0.0,0.0,0.0,1e-08,True,0.0,1e-08,True,0.0,0.0,0.0,0.0,0,,,,,1.0,0.0,0.0,15.0,0.0,0.0,0.0,0,86f7954cf89f4a08cecad4663a9e3f5e584a89be56725af9edbf73526d62d052,7b3c459493d3e45741db596f54c5d2b79bf4dc9f7b2fa9b9bccfcf050df470f6,56e62bf7908bd5ec29557670c142b78329d8a6481654a8a14fafc3d7905f522f,horizon_route_map,1000,1e-05,,False
exp1_alignment_transfer:targeted:full:targeted_systematic_horizon_5000:2026-09-10T09:10:35.169811+00:00,paper,True,targeted,exp1_alignment_transfer,targeted_systematic_horizon_5000,14,systematic_misbinding,3ddb55654ed7020ccecce1477ee0dd89c92f37d7,1738aa639b37c24c9a687969970adb435313e91ca717b336ca50525dd7d4e928,3ebb8ce93cecd9d76ef6358493113e3d186b46dc569038f73332c9cc58c495a3,3ebb8ce93cecd9d76ef6358493113e3d186b46dc569038f73332c9cc58c495a3,2026-09-10T09:10:35.203913+00:00,route_map_diagnostic,arrival_assigned,route_greedy,5000,770.3703703703703,0.0,2773.333333333333,0.15407407407407406,0.0,0.5546666666666666,0.5546666666666666,0.4005925925925925,1e-08,True,0.4005925925925925,1e-08,True,0.4104533333333333,0.4992,0.4992,0.4992,2496,0.308641975308642,0.3086419753086419,0.012345679012345671,0.012345679012345664,0.5008,0.308641975308642,0.3086419753086419,15.0,0.0,0.0,15.0,15,d6257ca3e86823207bc4d00d71209c76eb2e63d649658d5353d9ece9e4098f77,178fa26cbe4942a99ca2dd0e9d0cbee086b016b56f42efbafdf368bd394c2ad4,62f9c0604bc5cba5eaa778965e688ff67b180c6eaaea9951239aa0a6b292f26c,horizon_route_map,5000,5e-05,0.2777777777777778,True
exp1_alignment_transfer:targeted:full:targeted_systematic_horizon_5000:2026-09-10T09:10:35.169811+00:00,paper,True,targeted,exp1_alignment_transfer,targeted_systematic_horizon_5000,14,systematic_misbinding,3ddb55654ed7020ccecce1477ee0dd89c92f37d7,1738aa639b37c24c9a687969970adb435313e91ca717b336ca50525dd7d4e928,3ebb8ce93cecd9d76ef6358493113e3d186b46dc569038f73332c9cc58c495a3,3ebb8ce93cecd9d76ef6358493113e3d186b46dc569038f73332c9cc58c495a3,2026-09-10T09:10:35.203913+00:00,route_map_diagnostic,source_bound,route_greedy,5000,0.0,0.0,0.0,0.0,0.0,0.0,0.0,0.0,1e-08,True,0.0,1e-08,True,0.0,0.0,0.0,0.0,0,,,,,1.0,0.0,0.0,15.0,0.0,0.0,0.0,0,d6257ca3e86823207bc4d00d71209c76eb2e63d649658d5353d9ece9e4098f77,178fa26cbe4942a99ca2dd0e9d0cbee086b016b56f42efbafdf368bd394c2ad4,62f9c0604bc5cba5eaa778965e688ff67b180c6eaaea9951239aa0a6b292f26c,horizon_route_map,5000,5e-05,,False
exp1_alignment_transfer:targeted:full:targeted_systematic_horizon_10000:2026-09-10T09:10:36.665503+00:00,paper,True,targeted,exp1_alignment_transfer,targeted_systematic_horizon_10000,14,systematic_misbinding,3ddb55654ed7020ccecce1477ee0dd89c92f37d7,da85e70825466cff842b6ebf9a9b518dc6d40d23fd2f752124f37a433b92c063,3ebb8ce93cecd9d76ef6358493113e3d186b46dc569038f73332c9cc58c495a3,3ebb8ce93cecd9d76ef6358493113e3d186b46dc569038f73332c9cc58c495a3,2026-09-10T09:10:36.711179+00:00,route_map_diagnostic,arrival_assigned,route_greedy,10000,1541.6666666666665,0.0,5549.999999999999,0.15416666666666665,0.0,0.5549999999999999,0.5549999999999999,0.40083333333333326,1e-08,True,0.40083333333333326,1e-08,True,0.4107,0.4995,0.4995,0.4995,4995,0.308641975308642,0.3086419753086419,0.012345679012345671,0.012345679012345664,0.5005,0.308641975308642,0.3086419753086419,15.0,0.0,0.0,15.0,15,247cda4601968c6d2d18ccf5a05a4bb4f0919417fb01681be86e5dc1a6348b28,5a65dffb016107baa5714ad34b5b99d59aff6729d20effcc628bd4ff1d26c351,03d790ed97860e89fef9f6ac5c525c92c6519ded9b1d3f637fee94540a23d62d,horizon_route_map,10000,0.0001,0.2777777777777778,True
exp1_alignment_transfer:targeted:full:targeted_systematic_horizon_10000:2026-09-10T09:10:36.665503+00:00,paper,True,targeted,exp1_alignment_transfer,targeted_systematic_horizon_10000,14,systematic_misbinding,3ddb55654ed7020ccecce1477ee0dd89c92f37d7,da85e70825466cff842b6ebf9a9b518dc6d40d23fd2f752124f37a433b92c063,3ebb8ce93cecd9d76ef6358493113e3d186b46dc569038f73332c9cc58c495a3,3ebb8ce93cecd9d76ef6358493113e3d186b46dc569038f73332c9cc58c495a3,2026-09-10T09:10:36.711179+00:00,route_map_diagnostic,source_bound,route_greedy,10000,0.0,0.0,0.0,0.0,0.0,0.0,0.0,0.0,1e-08,True,0.0,1e-08,True,0.0,0.0,0.0,0.0,0,,,,,1.0,0.0,0.0,15.0,0.0,0.0,0.0,0,247cda4601968c6d2d18ccf5a05a4bb4f0919417fb01681be86e5dc1a6348b28,5a65dffb016107baa5714ad34b5b99d59aff6729d20effcc628bd4ff1d26c351,03d790ed97860e89fef9f6ac5c525c92c6519ded9b1d3f637fee94540a23d62d,horizon_route_map,10000,0.0001,,False
exp1_alignment_transfer:targeted:full:targeted_systematic_horizon_1000:2026-09-10T09:10:39.583308+00:00,paper,True,targeted,exp1_alignment_transfer,targeted_systematic_horizon_1000,15,systematic_misbinding,3ddb55654ed7020ccecce1477ee0dd89c92f37d7,63d64e34a200ec61e73424bbad568ccfc3246f798eacff93f5f654190ad16a1d,3ebb8ce93cecd9d76ef6358493113e3d186b46dc569038f73332c9cc58c495a3,3ebb8ce93cecd9d76ef6358493113e3d186b46dc569038f73332c9cc58c495a3,2026-09-10T09:10:39.624872+00:00,route_map_diagnostic,arrival_assigned,route_greedy,1000,153.39506172839506,0.0,552.2222222222222,0.15339506172839507,0.0,0.5522222222222222,0.5522222222222222,0.39882716049382716,1e-08,True,0.39882716049382716,1e-08,True,0.40864444444444437,0.497,0.497,0.497,497,0.3086419753086419,0.3086419753086419,0.012345679012345673,0.012345679012345664,0.503,0.3086419753086419,0.3086419753086419,15.0,0.0,0.0,15.0,15,8a6e24cc07f3c0076faf49ad2267097a9b759ef15d8b6ce5dfb5417a5898dcf8,a49837125f28c5e33640a245164e5fc8e1583ffd37be965eb67d754e3341208a,f72471a2ae790fabf938e9ba57a5bb00176192d6806ffbdae7231727587e21fe,horizon_route_map,1000,1e-05,0.2777777777777778,True
exp1_alignment_transfer:targeted:full:targeted_systematic_horizon_1000:2026-09-10T09:10:39.583308+00:00,paper,True,targeted,exp1_alignment_transfer,targeted_systematic_horizon_1000,15,systematic_misbinding,3ddb55654ed7020ccecce1477ee0dd89c92f37d7,63d64e34a200ec61e73424bbad568ccfc3246f798eacff93f5f654190ad16a1d,3ebb8ce93cecd9d76ef6358493113e3d186b46dc569038f73332c9cc58c495a3,3ebb8ce93cecd9d76ef6358493113e3d186b46dc569038f73332c9cc58c495a3,2026-09-10T09:10:39.624872+00:00,route_map_diagnostic,source_bound,route_greedy,1000,0.0,0.0,0.0,0.0,0.0,0.0,0.0,0.0,1e-08,True,0.0,1e-08,True,0.0,0.0,0.0,0.0,0,,,,,1.0,0.0,0.0,15.0,0.0,0.0,0.0,0,8a6e24cc07f3c0076faf49ad2267097a9b759ef15d8b6ce5dfb5417a5898dcf8,a49837125f28c5e33640a245164e5fc8e1583ffd37be965eb67d754e3341208a,f72471a2ae790fabf938e9ba57a5bb00176192d6806ffbdae7231727587e21fe,horizon_route_map,1000,1e-05,,False
exp1_alignment_transfer:targeted:full:targeted_systematic_horizon_5000:2026-09-10T09:10:39.962195+00:00,paper,True,targeted,exp1_alignment_transfer,targeted_systematic_horizon_5000,15,systematic_misbinding,3ddb55654ed7020ccecce1477ee0dd89c92f37d7,1738aa639b37c24c9a687969970adb435313e91ca717b336ca50525dd7d4e928,3ebb8ce93cecd9d76ef6358493113e3d186b46dc569038f73332c9cc58c495a3,3ebb8ce93cecd9d76ef6358493113e3d186b46dc569038f73332c9cc58c495a3,2026-09-10T09:10:40.002476+00:00,route_map_diagnostic,arrival_assigned,route_greedy,5000,772.2222222222222,0.0,2779.9999999999995,0.15444444444444444,0.0,0.5559999999999999,0.5559999999999999,0.4015555555555555,1e-08,True,0.4015555555555555,1e-08,True,0.41144,0.5004,0.5004,0.5004,2502,0.308641975308642,0.3086419753086419,0.012345679012345671,0.012345679012345664,0.4996,0.308641975308642,0.3086419753086419,15.0,0.0,0.0,15.0,15,956f3dea9bc06ae790d51004c24e31509b0081e770c1fc56012727659e6274b9,411822371fa2bfa974e0e710c2432e78fa0b01cf83df68fc2d1050428d1ebf51,aec557de9a4e02c737e36cf0599415fd099fcc5c8cb2f8b5e7fafe565ee14122,horizon_route_map,5000,5e-05,0.2777777777777778,True
exp1_alignment_transfer:targeted:full:targeted_systematic_horizon_5000:2026-09-10T09:10:39.962195+00:00,paper,True,targeted,exp1_alignment_transfer,targeted_systematic_horizon_5000,15,systematic_misbinding,3ddb55654ed7020ccecce1477ee0dd89c92f37d7,1738aa639b37c24c9a687969970adb435313e91ca717b336ca50525dd7d4e928,3ebb8ce93cecd9d76ef6358493113e3d186b46dc569038f73332c9cc58c495a3,3ebb8ce93cecd9d76ef6358493113e3d186b46dc569038f73332c9cc58c495a3,2026-09-10T09:10:40.002476+00:00,route_map_diagnostic,source_bound,route_greedy,5000,0.0,0.0,0.0,0.0,0.0,0.0,0.0,0.0,1e-08,True,0.0,1e-08,True,0.0,0.0,0.0,0.0,0,,,,,1.0,0.0,0.0,15.0,0.0,0.0,0.0,0,956f3dea9bc06ae790d51004c24e31509b0081e770c1fc56012727659e6274b9,411822371fa2bfa974e0e710c2432e78fa0b01cf83df68fc2d1050428d1ebf51,aec557de9a4e02c737e36cf0599415fd099fcc5c8cb2f8b5e7fafe565ee14122,horizon_route_map,5000,5e-05,,False
exp1_alignment_transfer:targeted:full:targeted_systematic_horizon_10000:2026-09-10T09:10:41.548105+00:00,paper,True,targeted,exp1_alignment_transfer,targeted_systematic_horizon_10000,15,systematic_misbinding,3ddb55654ed7020ccecce1477ee0dd89c92f37d7,da85e70825466cff842b6ebf9a9b518dc6d40d23fd2f752124f37a433b92c063,3ebb8ce93cecd9d76ef6358493113e3d186b46dc569038f73332c9cc58c495a3,3ebb8ce93cecd9d76ef6358493113e3d186b46dc569038f73332c9cc58c495a3,2026-09-10T09:10:41.584051+00:00,route_map_diagnostic,arrival_assigned,route_greedy,10000,1542.2839506172838,0.0,5552.222222222221,0.1542283950617284,0.0,0.5552222222222221,0.5552222222222221,0.4009938271604937,1e-08,True,0.4009938271604937,1e-08,True,0.4108644444444444,0.4997,0.4997,0.4997,4997,0.308641975308642,0.3086419753086419,0.012345679012345671,0.012345679012345664,0.5003,0.308641975308642,0.3086419753086419,15.0,0.0,0.0,15.0,15,eb6c0ff3438d3dbafd3e638dbf727b195af97edd5fb636732c5b2680be6cb4bc,5132d9547d3aaaef27682b39c9bafb3b88d69ca266834f9930204b62aad73c3c,4a2b76e67ce985ac7e7bda86a9e7ae6a4b9f68a2a02b3ac78140b683556d3899,horizon_route_map,10000,0.0001,0.27777777777777785,True
exp1_alignment_transfer:targeted:full:targeted_systematic_horizon_10000:2026-09-10T09:10:41.548105+00:00,paper,True,targeted,exp1_alignment_transfer,targeted_systematic_horizon_10000,15,systematic_misbinding,3ddb55654ed7020ccecce1477ee0dd89c92f37d7,da85e70825466cff842b6ebf9a9b518dc6d40d23fd2f752124f37a433b92c063,3ebb8ce93cecd9d76ef6358493113e3d186b46dc569038f73332c9cc58c495a3,3ebb8ce93cecd9d76ef6358493113e3d186b46dc569038f73332c9cc58c495a3,2026-09-10T09:10:41.584051+00:00,route_map_diagnostic,source_bound,route_greedy,10000,0.0,0.0,0.0,0.0,0.0,0.0,0.0,0.0,1e-08,True,0.0,1e-08,True,0.0,0.0,0.0,0.0,0,,,,,1.0,0.0,0.0,15.0,0.0,0.0,0.0,0,eb6c0ff3438d3dbafd3e638dbf727b195af97edd5fb636732c5b2680be6cb4bc,5132d9547d3aaaef27682b39c9bafb3b88d69ca266834f9930204b62aad73c3c,4a2b76e67ce985ac7e7bda86a9e7ae6a4b9f68a2a02b3ac78140b683556d3899,horizon_route_map,10000,0.0001,,False
exp1_alignment_transfer:targeted:full:targeted_systematic_horizon_1000:2026-09-10T09:10:44.357253+00:00,paper,True,targeted,exp1_alignment_transfer,targeted_systematic_horizon_1000,16,systematic_misbinding,3ddb55654ed7020ccecce1477ee0dd89c92f37d7,63d64e34a200ec61e73424bbad568ccfc3246f798eacff93f5f654190ad16a1d,3ebb8ce93cecd9d76ef6358493113e3d186b46dc569038f73332c9cc58c495a3,3ebb8ce93cecd9d76ef6358493113e3d186b46dc569038f73332c9cc58c495a3,2026-09-10T09:10:44.402659+00:00,route_map_diagnostic,arrival_assigned,route_greedy,1000,155.8641975308642,0.0,561.111111111111,0.1558641975308642,0.0,0.561111111111111,0.561111111111111,0.4052469135802468,1e-08,True,0.4052469135802468,1e-08,True,0.41522222222222216,0.505,0.505,0.505,505,0.30864197530864185,0.3086419753086419,0.012345679012345675,0.012345679012345664,0.495,0.30864197530864185,0.3086419753086419,15.0,0.0,0.0,15.0,15,bd0715b81b763d526f3c77f5cabcff41e42bd1d6fb08c27c42c0194f59b30903,5810c26d025c6ff26f73004ee1af939e72f9f15eddc8012a73cd307f3fc02309,f30b92c771d40689b98f0515fd3edc311bed3faa8823c9b370920aad21f913df,horizon_route_map,1000,1e-05,0.27777777777777785,True
exp1_alignment_transfer:targeted:full:targeted_systematic_horizon_1000:2026-09-10T09:10:44.357253+00:00,paper,True,targeted,exp1_alignment_transfer,targeted_systematic_horizon_1000,16,systematic_misbinding,3ddb55654ed7020ccecce1477ee0dd89c92f37d7,63d64e34a200ec61e73424bbad568ccfc3246f798eacff93f5f654190ad16a1d,3ebb8ce93cecd9d76ef6358493113e3d186b46dc569038f73332c9cc58c495a3,3ebb8ce93cecd9d76ef6358493113e3d186b46dc569038f73332c9cc58c495a3,2026-09-10T09:10:44.402659+00:00,route_map_diagnostic,source_bound,route_greedy,1000,0.0,0.0,0.0,0.0,0.0,0.0,0.0,0.0,1e-08,True,0.0,1e-08,True,0.0,0.0,0.0,0.0,0,,,,,1.0,0.0,0.0,15.0,0.0,0.0,0.0,0,bd0715b81b763d526f3c77f5cabcff41e42bd1d6fb08c27c42c0194f59b30903,5810c26d025c6ff26f73004ee1af939e72f9f15eddc8012a73cd307f3fc02309,f30b92c771d40689b98f0515fd3edc311bed3faa8823c9b370920aad21f913df,horizon_route_map,1000,1e-05,,False
exp1_alignment_transfer:targeted:full:targeted_systematic_horizon_5000:2026-09-10T09:10:44.779066+00:00,paper,True,targeted,exp1_alignment_transfer,targeted_systematic_horizon_5000,16,systematic_misbinding,3ddb55654ed7020ccecce1477ee0dd89c92f37d7,1738aa639b37c24c9a687969970adb435313e91ca717b336ca50525dd7d4e928,3ebb8ce93cecd9d76ef6358493113e3d186b46dc569038f73332c9cc58c495a3,3ebb8ce93cecd9d76ef6358493113e3d186b46dc569038f73332c9cc58c495a3,2026-09-10T09:10:44.817823+00:00,route_map_diagnostic,arrival_assigned,route_greedy,5000,771.9135802469135,0.0,2778.8888888888887,0.1543827160493827,0.0,0.5557777777777777,0.5557777777777777,0.401395061728395,1e-08,True,0.401395061728395,1e-08,True,0.41127555555555556,0.5002,0.5002,0.5002,2501,0.308641975308642,0.3086419753086419,0.012345679012345671,0.012345679012345664,0.4998,0.308641975308642,0.3086419753086419,15.0,0.0,0.0,15.0,15,0c349967bca2089273c2b03ef41bf9c2dfdc9ebad88c2d6076d32914d1b6a766,34c139c05f9b0a2ba0d874d2c19193fe241df40dbab75a57dc361d341b8aa8ec,13e5f83d9945532c8a30a50a13d2668b0ddc8311b7a00afc755c573c835e5780,horizon_route_map,5000,5e-05,0.2777777777777778,True
exp1_alignment_transfer:targeted:full:targeted_systematic_horizon_5000:2026-09-10T09:10:44.779066+00:00,paper,True,targeted,exp1_alignment_transfer,targeted_systematic_horizon_5000,16,systematic_misbinding,3ddb55654ed7020ccecce1477ee0dd89c92f37d7,1738aa639b37c24c9a687969970adb435313e91ca717b336ca50525dd7d4e928,3ebb8ce93cecd9d76ef6358493113e3d186b46dc569038f73332c9cc58c495a3,3ebb8ce93cecd9d76ef6358493113e3d186b46dc569038f73332c9cc58c495a3,2026-09-10T09:10:44.817823+00:00,route_map_diagnostic,source_bound,route_greedy,5000,0.0,0.0,0.0,0.0,0.0,0.0,0.0,0.0,1e-08,True,0.0,1e-08,True,0.0,0.0,0.0,0.0,0,,,,,1.0,0.0,0.0,15.0,0.0,0.0,0.0,0,0c349967bca2089273c2b03ef41bf9c2dfdc9ebad88c2d6076d32914d1b6a766,34c139c05f9b0a2ba0d874d2c19193fe241df40dbab75a57dc361d341b8aa8ec,13e5f83d9945532c8a30a50a13d2668b0ddc8311b7a00afc755c573c835e5780,horizon_route_map,5000,5e-05,,False
exp1_alignment_transfer:targeted:full:targeted_systematic_horizon_10000:2026-09-10T09:10:46.261271+00:00,paper,True,targeted,exp1_alignment_transfer,targeted_systematic_horizon_10000,16,systematic_misbinding,3ddb55654ed7020ccecce1477ee0dd89c92f37d7,da85e70825466cff842b6ebf9a9b518dc6d40d23fd2f752124f37a433b92c063,3ebb8ce93cecd9d76ef6358493113e3d186b46dc569038f73332c9cc58c495a3,3ebb8ce93cecd9d76ef6358493113e3d186b46dc569038f73332c9cc58c495a3,2026-09-10T09:10:46.297867+00:00,route_map_diagnostic,arrival_assigned,route_greedy,10000,1544.753086419753,0.0,5561.11111111111,0.15447530864197528,0.0,0.556111111111111,0.556111111111111,0.40163580246913577,1e-08,True,0.40163580246913577,1e-08,True,0.4115222222222223,0.5005,0.5005,0.5005,5005,0.308641975308642,0.3086419753086419,0.012345679012345671,0.012345679012345664,0.4995,0.308641975308642,0.3086419753086419,15.0,0.0,0.0,15.0,15,d0216954855034a49873fb0c637273f89716e9e652ef93db1e8a0f505596cffc,c08b4f3b2f74be38891e7c34b92657384af05c2c3017190077a860ecfbbf43f1,f5b9484357140a6ad8f28f6af7795da2174f18d9c53b5ec1231fb72c3d64a786,horizon_route_map,10000,0.0001,0.2777777777777778,True
exp1_alignment_transfer:targeted:full:targeted_systematic_horizon_10000:2026-09-10T09:10:46.261271+00:00,paper,True,targeted,exp1_alignment_transfer,targeted_systematic_horizon_10000,16,systematic_misbinding,3ddb55654ed7020ccecce1477ee0dd89c92f37d7,da85e70825466cff842b6ebf9a9b518dc6d40d23fd2f752124f37a433b92c063,3ebb8ce93cecd9d76ef6358493113e3d186b46dc569038f73332c9cc58c495a3,3ebb8ce93cecd9d76ef6358493113e3d186b46dc569038f73332c9cc58c495a3,2026-09-10T09:10:46.297867+00:00,route_map_diagnostic,source_bound,route_greedy,10000,0.0,0.0,0.0,0.0,0.0,0.0,0.0,0.0,1e-08,True,0.0,1e-08,True,0.0,0.0,0.0,0.0,0,,,,,1.0,0.0,0.0,15.0,0.0,0.0,0.0,0,d0216954855034a49873fb0c637273f89716e9e652ef93db1e8a0f505596cffc,c08b4f3b2f74be38891e7c34b92657384af05c2c3017190077a860ecfbbf43f1,f5b9484357140a6ad8f28f6af7795da2174f18d9c53b5ec1231fb72c3d64a786,horizon_route_map,10000,0.0001,,False
exp1_alignment_transfer:targeted:full:targeted_systematic_horizon_1000:2026-09-10T09:10:49.077654+00:00,paper,True,targeted,exp1_alignment_transfer,targeted_systematic_horizon_1000,17,systematic_misbinding,3ddb55654ed7020ccecce1477ee0dd89c92f37d7,63d64e34a200ec61e73424bbad568ccfc3246f798eacff93f5f654190ad16a1d,3ebb8ce93cecd9d76ef6358493113e3d186b46dc569038f73332c9cc58c495a3,3ebb8ce93cecd9d76ef6358493113e3d186b46dc569038f73332c9cc58c495a3,2026-09-10T09:10:49.116738+00:00,route_map_diagnostic,arrival_assigned,route_greedy,1000,154.01234567901236,0.0,554.4444444444443,0.15401234567901237,0.0,0.5544444444444443,0.5544444444444443,0.400432098765432,1e-08,True,0.400432098765432,1e-08,True,0.4102888888888888,0.499,0.499,0.499,499,0.30864197530864196,0.3086419753086419,0.012345679012345673,0.012345679012345664,0.501,0.30864197530864196,0.3086419753086419,15.0,0.0,0.0,15.0,15,08c11b8706fad5d51d739900cba6878ad045de0ed31fc2b17aa20ce248595203,961dfd09dfdc53c7885577056c0dc64b1ed89476ca6433562af218e1b04db83f,f7eadef4bed396baa46f84d8acf8f1e13fcb65467ca2b6f47e85534a274a19f5,horizon_route_map,1000,1e-05,0.27777777777777785,True
exp1_alignment_transfer:targeted:full:targeted_systematic_horizon_1000:2026-09-10T09:10:49.077654+00:00,paper,True,targeted,exp1_alignment_transfer,targeted_systematic_horizon_1000,17,systematic_misbinding,3ddb55654ed7020ccecce1477ee0dd89c92f37d7,63d64e34a200ec61e73424bbad568ccfc3246f798eacff93f5f654190ad16a1d,3ebb8ce93cecd9d76ef6358493113e3d186b46dc569038f73332c9cc58c495a3,3ebb8ce93cecd9d76ef6358493113e3d186b46dc569038f73332c9cc58c495a3,2026-09-10T09:10:49.116738+00:00,route_map_diagnostic,source_bound,route_greedy,1000,0.0,0.0,0.0,0.0,0.0,0.0,0.0,0.0,1e-08,True,0.0,1e-08,True,0.0,0.0,0.0,0.0,0,,,,,1.0,0.0,0.0,15.0,0.0,0.0,0.0,0,08c11b8706fad5d51d739900cba6878ad045de0ed31fc2b17aa20ce248595203,961dfd09dfdc53c7885577056c0dc64b1ed89476ca6433562af218e1b04db83f,f7eadef4bed396baa46f84d8acf8f1e13fcb65467ca2b6f47e85534a274a19f5,horizon_route_map,1000,1e-05,,False
exp1_alignment_transfer:targeted:full:targeted_systematic_horizon_5000:2026-09-10T09:10:49.471720+00:00,paper,True,targeted,exp1_alignment_transfer,targeted_systematic_horizon_5000,17,systematic_misbinding,3ddb55654ed7020ccecce1477ee0dd89c92f37d7,1738aa639b37c24c9a687969970adb435313e91ca717b336ca50525dd7d4e928,3ebb8ce93cecd9d76ef6358493113e3d186b46dc569038f73332c9cc58c495a3,3ebb8ce93cecd9d76ef6358493113e3d186b46dc569038f73332c9cc58c495a3,2026-09-10T09:10:49.506602+00:00,route_map_diagnostic,arrival_assigned,route_greedy,5000,770.0617283950617,0.0,2772.2222222222217,0.15401234567901234,0.0,0.5544444444444443,0.5544444444444443,0.400432098765432,1e-08,True,0.400432098765432,1e-08,True,0.41028888888888887,0.499,0.499,0.499,2495,0.308641975308642,0.3086419753086419,0.012345679012345671,0.012345679012345664,0.501,0.308641975308642,0.3086419753086419,15.0,0.0,0.0,15.0,15,3f199757e9b3c9f8f6532dceb990e63d2e10ea979b3b319d08e99af6f133a209,9fc33f0ff77fce102752f5567c78674f4945287cd93030a62c9c050a42ddb154,79ee1a65e4682794d03517d9006e625731c1327688e505ff254d8b3b808891af,horizon_route_map,5000,5e-05,0.2777777777777778,True
exp1_alignment_transfer:targeted:full:targeted_systematic_horizon_5000:2026-09-10T09:10:49.471720+00:00,paper,True,targeted,exp1_alignment_transfer,targeted_systematic_horizon_5000,17,systematic_misbinding,3ddb55654ed7020ccecce1477ee0dd89c92f37d7,1738aa639b37c24c9a687969970adb435313e91ca717b336ca50525dd7d4e928,3ebb8ce93cecd9d76ef6358493113e3d186b46dc569038f73332c9cc58c495a3,3ebb8ce93cecd9d76ef6358493113e3d186b46dc569038f73332c9cc58c495a3,2026-09-10T09:10:49.506602+00:00,route_map_diagnostic,source_bound,route_greedy,5000,0.0,0.0,0.0,0.0,0.0,0.0,0.0,0.0,1e-08,True,0.0,1e-08,True,0.0,0.0,0.0,0.0,0,,,,,1.0,0.0,0.0,15.0,0.0,0.0,0.0,0,3f199757e9b3c9f8f6532dceb990e63d2e10ea979b3b319d08e99af6f133a209,9fc33f0ff77fce102752f5567c78674f4945287cd93030a62c9c050a42ddb154,79ee1a65e4682794d03517d9006e625731c1327688e505ff254d8b3b808891af,horizon_route_map,5000,5e-05,,False
exp1_alignment_transfer:targeted:full:targeted_systematic_horizon_10000:2026-09-10T09:10:50.956504+00:00,paper,True,targeted,exp1_alignment_transfer,targeted_systematic_horizon_10000,17,systematic_misbinding,3ddb55654ed7020ccecce1477ee0dd89c92f37d7,da85e70825466cff842b6ebf9a9b518dc6d40d23fd2f752124f37a433b92c063,3ebb8ce93cecd9d76ef6358493113e3d186b46dc569038f73332c9cc58c495a3,3ebb8ce93cecd9d76ef6358493113e3d186b46dc569038f73332c9cc58c495a3,2026-09-10T09:10:50.998157+00:00,route_map_diagnostic,arrival_assigned,route_greedy,10000,1542.9012345679012,0.0,5554.444444444443,0.1542901234567901,0.0,0.5554444444444443,0.5554444444444443,0.40115432098765424,1e-08,True,0.40115432098765424,1e-08,True,0.41102888888888883,0.4999,0.4999,0.4999,4999,0.308641975308642,0.3086419753086419,0.012345679012345671,0.012345679012345664,0.5001,0.308641975308642,0.3086419753086419,15.0,0.0,0.0,15.0,15,b85159486c47c54d1acd9498fea0624114676b4c78ce1f2740c477200c7a45e2,402beb6153626e73d6a00f666dc583f73d23c8ccf9b224e0ae14ed98679718ed,de4288385676d7783acba2305626f359af273d5fb0ab3f3679f02bf10ddc145b,horizon_route_map,10000,0.0001,0.2777777777777778,True
exp1_alignment_transfer:targeted:full:targeted_systematic_horizon_10000:2026-09-10T09:10:50.956504+00:00,paper,True,targeted,exp1_alignment_transfer,targeted_systematic_horizon_10000,17,systematic_misbinding,3ddb55654ed7020ccecce1477ee0dd89c92f37d7,da85e70825466cff842b6ebf9a9b518dc6d40d23fd2f752124f37a433b92c063,3ebb8ce93cecd9d76ef6358493113e3d186b46dc569038f73332c9cc58c495a3,3ebb8ce93cecd9d76ef6358493113e3d186b46dc569038f73332c9cc58c495a3,2026-09-10T09:10:50.998157+00:00,route_map_diagnostic,source_bound,route_greedy,10000,0.0,0.0,0.0,0.0,0.0,0.0,0.0,0.0,1e-08,True,0.0,1e-08,True,0.0,0.0,0.0,0.0,0,,,,,1.0,0.0,0.0,15.0,0.0,0.0,0.0,0,b85159486c47c54d1acd9498fea0624114676b4c78ce1f2740c477200c7a45e2,402beb6153626e73d6a00f666dc583f73d23c8ccf9b224e0ae14ed98679718ed,de4288385676d7783acba2305626f359af273d5fb0ab3f3679f02bf10ddc145b,horizon_route_map,10000,0.0001,,False
exp1_alignment_transfer:targeted:full:targeted_systematic_horizon_1000:2026-09-10T09:10:53.931082+00:00,paper,True,targeted,exp1_alignment_transfer,targeted_systematic_horizon_1000,18,systematic_misbinding,3ddb55654ed7020ccecce1477ee0dd89c92f37d7,63d64e34a200ec61e73424bbad568ccfc3246f798eacff93f5f654190ad16a1d,3ebb8ce93cecd9d76ef6358493113e3d186b46dc569038f73332c9cc58c495a3,3ebb8ce93cecd9d76ef6358493113e3d186b46dc569038f73332c9cc58c495a3,2026-09-10T09:10:53.972138+00:00,route_map_diagnostic,arrival_assigned,route_greedy,1000,155.55555555555554,0.0,559.9999999999999,0.15555555555555553,0.0,0.5599999999999998,0.5599999999999998,0.40444444444444433,1e-08,True,0.40444444444444433,1e-08,True,0.41439999999999994,0.504,0.504,0.504,504,0.3086419753086419,0.3086419753086419,0.012345679012345673,0.012345679012345664,0.496,0.3086419753086419,0.3086419753086419,15.0,0.0,0.0,15.0,15,961816bcf9963515fe9f18bbe6dfe3405933ebd79f38aa45974711a741c35ccd,e39b57f131dfb32de80d84b84a82f155750b6cf2b79dbb94a255194e1869fdf9,eec30e7500959b15dcf61bca21bcba4e5fb802684311a2c71f247bf945997956,horizon_route_map,1000,1e-05,0.2777777777777778,True
exp1_alignment_transfer:targeted:full:targeted_systematic_horizon_1000:2026-09-10T09:10:53.931082+00:00,paper,True,targeted,exp1_alignment_transfer,targeted_systematic_horizon_1000,18,systematic_misbinding,3ddb55654ed7020ccecce1477ee0dd89c92f37d7,63d64e34a200ec61e73424bbad568ccfc3246f798eacff93f5f654190ad16a1d,3ebb8ce93cecd9d76ef6358493113e3d186b46dc569038f73332c9cc58c495a3,3ebb8ce93cecd9d76ef6358493113e3d186b46dc569038f73332c9cc58c495a3,2026-09-10T09:10:53.972138+00:00,route_map_diagnostic,source_bound,route_greedy,1000,0.0,0.0,0.0,0.0,0.0,0.0,0.0,0.0,1e-08,True,0.0,1e-08,True,0.0,0.0,0.0,0.0,0,,,,,1.0,0.0,0.0,15.0,0.0,0.0,0.0,0,961816bcf9963515fe9f18bbe6dfe3405933ebd79f38aa45974711a741c35ccd,e39b57f131dfb32de80d84b84a82f155750b6cf2b79dbb94a255194e1869fdf9,eec30e7500959b15dcf61bca21bcba4e5fb802684311a2c71f247bf945997956,horizon_route_map,1000,1e-05,,False
exp1_alignment_transfer:targeted:full:targeted_systematic_horizon_5000:2026-09-10T09:10:54.321594+00:00,paper,True,targeted,exp1_alignment_transfer,targeted_systematic_horizon_5000,18,systematic_misbinding,3ddb55654ed7020ccecce1477ee0dd89c92f37d7,1738aa639b37c24c9a687969970adb435313e91ca717b336ca50525dd7d4e928,3ebb8ce93cecd9d76ef6358493113e3d186b46dc569038f73332c9cc58c495a3,3ebb8ce93cecd9d76ef6358493113e3d186b46dc569038f73332c9cc58c495a3,2026-09-10T09:10:54.370656+00:00,route_map_diagnostic,arrival_assigned,route_greedy,5000,771.2962962962961,0.0,2776.666666666666,0.1542592592592592,0.0,0.5553333333333332,0.5553333333333332,0.40107407407407397,1e-08,True,0.40107407407407397,1e-08,True,0.4109466666666666,0.4998,0.4998,0.4998,2499,0.30864197530864196,0.3086419753086419,0.012345679012345671,0.012345679012345664,0.5002,0.30864197530864196,0.3086419753086419,15.0,0.0,0.0,15.0,15,fa10469c6b633c304d1ba62425de3ea1024c07785db9d0995104ca81e01fff5f,9e4b81f8cf2fde8c352e00c8914fd83fe49d3c8f29df77aa51370d953b140721,de7c8a04670294248671b6fcd3099ee1b436fde8c4e4ee6f1c9d0c594fa50a0d,horizon_route_map,5000,5e-05,0.27777777777777773,True
exp1_alignment_transfer:targeted:full:targeted_systematic_horizon_5000:2026-09-10T09:10:54.321594+00:00,paper,True,targeted,exp1_alignment_transfer,targeted_systematic_horizon_5000,18,systematic_misbinding,3ddb55654ed7020ccecce1477ee0dd89c92f37d7,1738aa639b37c24c9a687969970adb435313e91ca717b336ca50525dd7d4e928,3ebb8ce93cecd9d76ef6358493113e3d186b46dc569038f73332c9cc58c495a3,3ebb8ce93cecd9d76ef6358493113e3d186b46dc569038f73332c9cc58c495a3,2026-09-10T09:10:54.370656+00:00,route_map_diagnostic,source_bound,route_greedy,5000,0.0,0.0,0.0,0.0,0.0,0.0,0.0,0.0,1e-08,True,0.0,1e-08,True,0.0,0.0,0.0,0.0,0,,,,,1.0,0.0,0.0,15.0,0.0,0.0,0.0,0,fa10469c6b633c304d1ba62425de3ea1024c07785db9d0995104ca81e01fff5f,9e4b81f8cf2fde8c352e00c8914fd83fe49d3c8f29df77aa51370d953b140721,de7c8a04670294248671b6fcd3099ee1b436fde8c4e4ee6f1c9d0c594fa50a0d,horizon_route_map,5000,5e-05,,False
exp1_alignment_transfer:targeted:full:targeted_systematic_horizon_10000:2026-09-10T09:10:55.902957+00:00,paper,True,targeted,exp1_alignment_transfer,targeted_systematic_horizon_10000,18,systematic_misbinding,3ddb55654ed7020ccecce1477ee0dd89c92f37d7,da85e70825466cff842b6ebf9a9b518dc6d40d23fd2f752124f37a433b92c063,3ebb8ce93cecd9d76ef6358493113e3d186b46dc569038f73332c9cc58c495a3,3ebb8ce93cecd9d76ef6358493113e3d186b46dc569038f73332c9cc58c495a3,2026-09-10T09:10:55.943741+00:00,route_map_diagnostic,arrival_assigned,route_greedy,10000,1544.4444444444441,0.0,5559.999999999998,0.1544444444444444,0.0,0.5559999999999998,0.5559999999999998,0.4015555555555554,1e-08,True,0.4015555555555554,1e-08,True,0.41144,0.5004,0.5004,0.5004,5004,0.308641975308642,0.3086419753086419,0.012345679012345671,0.012345679012345664,0.4996,0.308641975308642,0.3086419753086419,15.0,0.0,0.0,15.0,15,8b3d1f79741cd134c4d3f5679374cc4a9a6b13d9e69e04cee10b327a43a49942,f369eceea44449c52cb2a8e15e6e00c0caf612cbc3978f2744a177fa511bef52,7340308915e0755dc8099f203080629d253b90b0d51bc2db4326fc7156d9f740,horizon_route_map,10000,0.0001,0.2777777777777778,True
exp1_alignment_transfer:targeted:full:targeted_systematic_horizon_10000:2026-09-10T09:10:55.902957+00:00,paper,True,targeted,exp1_alignment_transfer,targeted_systematic_horizon_10000,18,systematic_misbinding,3ddb55654ed7020ccecce1477ee0dd89c92f37d7,da85e70825466cff842b6ebf9a9b518dc6d40d23fd2f752124f37a433b92c063,3ebb8ce93cecd9d76ef6358493113e3d186b46dc569038f73332c9cc58c495a3,3ebb8ce93cecd9d76ef6358493113e3d186b46dc569038f73332c9cc58c495a3,2026-09-10T09:10:55.943741+00:00,route_map_diagnostic,source_bound,route_greedy,10000,0.0,0.0,0.0,0.0,0.0,0.0,0.0,0.0,1e-08,True,0.0,1e-08,True,0.0,0.0,0.0,0.0,0,,,,,1.0,0.0,0.0,15.0,0.0,0.0,0.0,0,8b3d1f79741cd134c4d3f5679374cc4a9a6b13d9e69e04cee10b327a43a49942,f369eceea44449c52cb2a8e15e6e00c0caf612cbc3978f2744a177fa511bef52,7340308915e0755dc8099f203080629d253b90b0d51bc2db4326fc7156d9f740,horizon_route_map,10000,0.0001,,False
exp1_alignment_transfer:targeted:full:targeted_systematic_horizon_1000:2026-09-10T09:10:58.772117+00:00,paper,True,targeted,exp1_alignment_transfer,targeted_systematic_horizon_1000,19,systematic_misbinding,3ddb55654ed7020ccecce1477ee0dd89c92f37d7,63d64e34a200ec61e73424bbad568ccfc3246f798eacff93f5f654190ad16a1d,3ebb8ce93cecd9d76ef6358493113e3d186b46dc569038f73332c9cc58c495a3,3ebb8ce93cecd9d76ef6358493113e3d186b46dc569038f73332c9cc58c495a3,2026-09-10T09:10:58.816493+00:00,route_map_diagnostic,arrival_assigned,route_greedy,1000,152.77777777777777,0.0,549.9999999999999,0.15277777777777776,0.0,0.5499999999999999,0.5499999999999999,0.3972222222222221,1e-08,True,0.3972222222222221,1e-08,True,0.4069999999999999,0.495,0.495,0.495,495,0.30864197530864196,0.3086419753086419,0.012345679012345675,0.012345679012345664,0.505,0.30864197530864196,0.3086419753086419,15.0,0.0,0.0,15.0,15,ef361022f604ce23b14175f19d1b3408c2eac71c5bf00ead52a58d39a9f2d883,e542cf176d0f93832de5a24bbcc6e10dccee1ff5cf998fefbeae1896ba228e4a,b07aae75ff996e498127ebed67fcdef6804059c5508f70688192fc8f36ec3fa9,horizon_route_map,1000,1e-05,0.27777777777777785,True
exp1_alignment_transfer:targeted:full:targeted_systematic_horizon_1000:2026-09-10T09:10:58.772117+00:00,paper,True,targeted,exp1_alignment_transfer,targeted_systematic_horizon_1000,19,systematic_misbinding,3ddb55654ed7020ccecce1477ee0dd89c92f37d7,63d64e34a200ec61e73424bbad568ccfc3246f798eacff93f5f654190ad16a1d,3ebb8ce93cecd9d76ef6358493113e3d186b46dc569038f73332c9cc58c495a3,3ebb8ce93cecd9d76ef6358493113e3d186b46dc569038f73332c9cc58c495a3,2026-09-10T09:10:58.816493+00:00,route_map_diagnostic,source_bound,route_greedy,1000,0.0,0.0,0.0,0.0,0.0,0.0,0.0,0.0,1e-08,True,0.0,1e-08,True,0.0,0.0,0.0,0.0,0,,,,,1.0,0.0,0.0,15.0,0.0,0.0,0.0,0,ef361022f604ce23b14175f19d1b3408c2eac71c5bf00ead52a58d39a9f2d883,e542cf176d0f93832de5a24bbcc6e10dccee1ff5cf998fefbeae1896ba228e4a,b07aae75ff996e498127ebed67fcdef6804059c5508f70688192fc8f36ec3fa9,horizon_route_map,1000,1e-05,,False
exp1_alignment_transfer:targeted:full:targeted_systematic_horizon_5000:2026-09-10T09:10:59.135819+00:00,paper,True,targeted,exp1_alignment_transfer,targeted_systematic_horizon_5000,19,systematic_misbinding,3ddb55654ed7020ccecce1477ee0dd89c92f37d7,1738aa639b37c24c9a687969970adb435313e91ca717b336ca50525dd7d4e928,3ebb8ce93cecd9d76ef6358493113e3d186b46dc569038f73332c9cc58c495a3,3ebb8ce93cecd9d76ef6358493113e3d186b46dc569038f73332c9cc58c495a3,2026-09-10T09:10:59.192767+00:00,route_map_diagnostic,arrival_assigned,route_greedy,5000,771.6049382716049,0.0,2777.7777777777774,0.15432098765432098,0.0,0.5555555555555555,0.5555555555555555,0.4012345679012345,1e-08,True,0.4012345679012345,1e-08,True,0.41111111111111104,0.5,0.5,0.5,2500,0.308641975308642,0.3086419753086419,0.012345679012345671,0.012345679012345664,0.5,0.308641975308642,0.3086419753086419,15.0,0.0,0.0,15.0,15,3525884854f8d8b544c5a59272cd2238451d30a19dc89d2077ec74a5a1841d0e,525a6d6f36f260dcebb7cec0077b9dfdfbba6c44496e5107292d9db96d021c5a,835684d8c935ca5ff7b50be622def3aa87070a00f657d08ef7eaa875d3a78508,horizon_route_map,5000,5e-05,0.2777777777777778,True
exp1_alignment_transfer:targeted:full:targeted_systematic_horizon_5000:2026-09-10T09:10:59.135819+00:00,paper,True,targeted,exp1_alignment_transfer,targeted_systematic_horizon_5000,19,systematic_misbinding,3ddb55654ed7020ccecce1477ee0dd89c92f37d7,1738aa639b37c24c9a687969970adb435313e91ca717b336ca50525dd7d4e928,3ebb8ce93cecd9d76ef6358493113e3d186b46dc569038f73332c9cc58c495a3,3ebb8ce93cecd9d76ef6358493113e3d186b46dc569038f73332c9cc58c495a3,2026-09-10T09:10:59.192767+00:00,route_map_diagnostic,source_bound,route_greedy,5000,0.0,0.0,0.0,0.0,0.0,0.0,0.0,0.0,1e-08,True,0.0,1e-08,True,0.0,0.0,0.0,0.0,0,,,,,1.0,0.0,0.0,15.0,0.0,0.0,0.0,0,3525884854f8d8b544c5a59272cd2238451d30a19dc89d2077ec74a5a1841d0e,525a6d6f36f260dcebb7cec0077b9dfdfbba6c44496e5107292d9db96d021c5a,835684d8c935ca5ff7b50be622def3aa87070a00f657d08ef7eaa875d3a78508,horizon_route_map,5000,5e-05,,False
exp1_alignment_transfer:targeted:full:targeted_systematic_horizon_10000:2026-09-10T09:11:00.598856+00:00,paper,True,targeted,exp1_alignment_transfer,targeted_systematic_horizon_10000,19,systematic_misbinding,3ddb55654ed7020ccecce1477ee0dd89c92f37d7,da85e70825466cff842b6ebf9a9b518dc6d40d23fd2f752124f37a433b92c063,3ebb8ce93cecd9d76ef6358493113e3d186b46dc569038f73332c9cc58c495a3,3ebb8ce93cecd9d76ef6358493113e3d186b46dc569038f73332c9cc58c495a3,2026-09-10T09:11:00.678791+00:00,route_map_diagnostic,arrival_assigned,route_greedy,10000,1541.6666666666665,0.0,5549.999999999999,0.15416666666666665,0.0,0.5549999999999999,0.5549999999999999,0.40083333333333326,1e-08,True,0.40083333333333326,1e-08,True,0.4107,0.4995,0.4995,0.4995,4995,0.308641975308642,0.3086419753086419,0.012345679012345671,0.012345679012345664,0.5005,0.308641975308642,0.3086419753086419,15.0,0.0,0.0,15.0,15,3b6b90dca87090123f411a82452050061f5153b2e99c5da3d048f0f2bc42d437,19c79345771598d16592717d08aacc7999eaddae03193a4490badd785f66aae1,b8a4e074bd077d7c90474df544a281f995d5d67092600019d45b3688c1e8d4bd,horizon_route_map,10000,0.0001,0.2777777777777778,True
exp1_alignment_transfer:targeted:full:targeted_systematic_horizon_10000:2026-09-10T09:11:00.598856+00:00,paper,True,targeted,exp1_alignment_transfer,targeted_systematic_horizon_10000,19,systematic_misbinding,3ddb55654ed7020ccecce1477ee0dd89c92f37d7,da85e70825466cff842b6ebf9a9b518dc6d40d23fd2f752124f37a433b92c063,3ebb8ce93cecd9d76ef6358493113e3d186b46dc569038f73332c9cc58c495a3,3ebb8ce93cecd9d76ef6358493113e3d186b46dc569038f73332c9cc58c495a3,2026-09-10T09:11:00.678791+00:00,route_map_diagnostic,source_bound,route_greedy,10000,0.0,0.0,0.0,0.0,0.0,0.0,0.0,0.0,1e-08,True,0.0,1e-08,True,0.0,0.0,0.0,0.0,0,,,,,1.0,0.0,0.0,15.0,0.0,0.0,0.0,0,3b6b90dca87090123f411a82452050061f5153b2e99c5da3d048f0f2bc42d437,19c79345771598d16592717d08aacc7999eaddae03193a4490badd785f66aae1,b8a4e074bd077d7c90474df544a281f995d5d67092600019d45b3688c1e8d4bd,horizon_route_map,10000,0.0001,,False
exp1_alignment_transfer:targeted:full:targeted_systematic_horizon_1000:2026-09-10T09:11:03.430283+00:00,paper,True,targeted,exp1_alignment_transfer,targeted_systematic_horizon_1000,20,systematic_misbinding,3ddb55654ed7020ccecce1477ee0dd89c92f37d7,63d64e34a200ec61e73424bbad568ccfc3246f798eacff93f5f654190ad16a1d,3ebb8ce93cecd9d76ef6358493113e3d186b46dc569038f73332c9cc58c495a3,3ebb8ce93cecd9d76ef6358493113e3d186b46dc569038f73332c9cc58c495a3,2026-09-10T09:11:03.476108+00:00,route_map_diagnostic,arrival_assigned,route_greedy,1000,153.39506172839506,0.0,552.2222222222222,0.15339506172839507,0.0,0.5522222222222222,0.5522222222222222,0.39882716049382716,1e-08,True,0.39882716049382716,1e-08,True,0.40864444444444437,0.497,0.497,0.497,497,0.3086419753086419,0.3086419753086419,0.012345679012345673,0.012345679012345664,0.503,0.3086419753086419,0.3086419753086419,15.0,0.0,0.0,15.0,15,461aad64086b5fc55c33ffb579d6aa62f21bb7fa6a526002b21fd81b1ce264bf,afd84a96c841f634218e371b966587996bc5bd3b74b608f004bc1f51c438d760,285012b47402f9854b0c48bf9b652df0b0c92e1e17cefbb6fc9af42a96d6cf87,horizon_route_map,1000,1e-05,0.2777777777777778,True
exp1_alignment_transfer:targeted:full:targeted_systematic_horizon_1000:2026-09-10T09:11:03.430283+00:00,paper,True,targeted,exp1_alignment_transfer,targeted_systematic_horizon_1000,20,systematic_misbinding,3ddb55654ed7020ccecce1477ee0dd89c92f37d7,63d64e34a200ec61e73424bbad568ccfc3246f798eacff93f5f654190ad16a1d,3ebb8ce93cecd9d76ef6358493113e3d186b46dc569038f73332c9cc58c495a3,3ebb8ce93cecd9d76ef6358493113e3d186b46dc569038f73332c9cc58c495a3,2026-09-10T09:11:03.476108+00:00,route_map_diagnostic,source_bound,route_greedy,1000,0.0,0.0,0.0,0.0,0.0,0.0,0.0,0.0,1e-08,True,0.0,1e-08,True,0.0,0.0,0.0,0.0,0,,,,,1.0,0.0,0.0,15.0,0.0,0.0,0.0,0,461aad64086b5fc55c33ffb579d6aa62f21bb7fa6a526002b21fd81b1ce264bf,afd84a96c841f634218e371b966587996bc5bd3b74b608f004bc1f51c438d760,285012b47402f9854b0c48bf9b652df0b0c92e1e17cefbb6fc9af42a96d6cf87,horizon_route_map,1000,1e-05,,False
exp1_alignment_transfer:targeted:full:targeted_systematic_horizon_5000:2026-09-10T09:11:03.867118+00:00,paper,True,targeted,exp1_alignment_transfer,targeted_systematic_horizon_5000,20,systematic_misbinding,3ddb55654ed7020ccecce1477ee0dd89c92f37d7,1738aa639b37c24c9a687969970adb435313e91ca717b336ca50525dd7d4e928,3ebb8ce93cecd9d76ef6358493113e3d186b46dc569038f73332c9cc58c495a3,3ebb8ce93cecd9d76ef6358493113e3d186b46dc569038f73332c9cc58c495a3,2026-09-10T09:11:03.910622+00:00,route_map_diagnostic,arrival_assigned,route_greedy,5000,772.2222222222222,0.0,2779.9999999999995,0.15444444444444444,0.0,0.5559999999999999,0.5559999999999999,0.4015555555555555,1e-08,True,0.4015555555555555,1e-08,True,0.41144,0.5004,0.5004,0.5004,2502,0.308641975308642,0.3086419753086419,0.012345679012345671,0.012345679012345664,0.4996,0.308641975308642,0.3086419753086419,15.0,0.0,0.0,15.0,15,6eaec8f6917b7852464dd2e9514404a5e53bb385dce4daba910959ef2b73920a,99d221f22e88461b7e33c8605efb5a0541a4d657b58a9f9e173281ab69d52732,9b782cb41a2cad32566f7c59c24a81d5821e2c9be49b5abae68c5cc03e5052d6,horizon_route_map,5000,5e-05,0.2777777777777778,True
exp1_alignment_transfer:targeted:full:targeted_systematic_horizon_5000:2026-09-10T09:11:03.867118+00:00,paper,True,targeted,exp1_alignment_transfer,targeted_systematic_horizon_5000,20,systematic_misbinding,3ddb55654ed7020ccecce1477ee0dd89c92f37d7,1738aa639b37c24c9a687969970adb435313e91ca717b336ca50525dd7d4e928,3ebb8ce93cecd9d76ef6358493113e3d186b46dc569038f73332c9cc58c495a3,3ebb8ce93cecd9d76ef6358493113e3d186b46dc569038f73332c9cc58c495a3,2026-09-10T09:11:03.910622+00:00,route_map_diagnostic,source_bound,route_greedy,5000,0.0,0.0,0.0,0.0,0.0,0.0,0.0,0.0,1e-08,True,0.0,1e-08,True,0.0,0.0,0.0,0.0,0,,,,,1.0,0.0,0.0,15.0,0.0,0.0,0.0,0,6eaec8f6917b7852464dd2e9514404a5e53bb385dce4daba910959ef2b73920a,99d221f22e88461b7e33c8605efb5a0541a4d657b58a9f9e173281ab69d52732,9b782cb41a2cad32566f7c59c24a81d5821e2c9be49b5abae68c5cc03e5052d6,horizon_route_map,5000,5e-05,,False
exp1_alignment_transfer:targeted:full:targeted_systematic_horizon_10000:2026-09-10T09:11:05.368849+00:00,paper,True,targeted,exp1_alignment_transfer,targeted_systematic_horizon_10000,20,systematic_misbinding,3ddb55654ed7020ccecce1477ee0dd89c92f37d7,da85e70825466cff842b6ebf9a9b518dc6d40d23fd2f752124f37a433b92c063,3ebb8ce93cecd9d76ef6358493113e3d186b46dc569038f73332c9cc58c495a3,3ebb8ce93cecd9d76ef6358493113e3d186b46dc569038f73332c9cc58c495a3,2026-09-10T09:11:05.417257+00:00,route_map_diagnostic,arrival_assigned,route_greedy,10000,1542.2839506172838,0.0,5552.222222222221,0.1542283950617284,0.0,0.5552222222222221,0.5552222222222221,0.4009938271604937,1e-08,True,0.4009938271604937,1e-08,True,0.4108644444444444,0.4997,0.4997,0.4997,4997,0.308641975308642,0.3086419753086419,0.012345679012345671,0.012345679012345664,0.5003,0.308641975308642,0.3086419753086419,15.0,0.0,0.0,15.0,15,28c5f466ffb1ad6593526ce0e31056ca205ff141c369285543e46ec278d0b54c,ce06508a9520e1e509b279e4618dbef83a3202f317fb41544e161d35222ba28b,ece6c9cfb64d1d71aadb6a67d8a213879d9e04b605109274b6e40858f2af25fb,horizon_route_map,10000,0.0001,0.27777777777777785,True
exp1_alignment_transfer:targeted:full:targeted_systematic_horizon_10000:2026-09-10T09:11:05.368849+00:00,paper,True,targeted,exp1_alignment_transfer,targeted_systematic_horizon_10000,20,systematic_misbinding,3ddb55654ed7020ccecce1477ee0dd89c92f37d7,da85e70825466cff842b6ebf9a9b518dc6d40d23fd2f752124f37a433b92c063,3ebb8ce93cecd9d76ef6358493113e3d186b46dc569038f73332c9cc58c495a3,3ebb8ce93cecd9d76ef6358493113e3d186b46dc569038f73332c9cc58c495a3,2026-09-10T09:11:05.417257+00:00,route_map_diagnostic,source_bound,route_greedy,10000,0.0,0.0,0.0,0.0,0.0,0.0,0.0,0.0,1e-08,True,0.0,1e-08,True,0.0,0.0,0.0,0.0,0,,,,,1.0,0.0,0.0,15.0,0.0,0.0,0.0,0,28c5f466ffb1ad6593526ce0e31056ca205ff141c369285543e46ec278d0b54c,ce06508a9520e1e509b279e4618dbef83a3202f317fb41544e161d35222ba28b,ece6c9cfb64d1d71aadb6a67d8a213879d9e04b605109274b6e40858f2af25fb,horizon_route_map,10000,0.0001,,False
exp1_alignment_transfer:targeted:full:targeted_systematic_horizon_1000:2026-09-10T09:11:08.204409+00:00,paper,True,targeted,exp1_alignment_transfer,targeted_systematic_horizon_1000,21,systematic_misbinding,3ddb55654ed7020ccecce1477ee0dd89c92f37d7,63d64e34a200ec61e73424bbad568ccfc3246f798eacff93f5f654190ad16a1d,3ebb8ce93cecd9d76ef6358493113e3d186b46dc569038f73332c9cc58c495a3,3ebb8ce93cecd9d76ef6358493113e3d186b46dc569038f73332c9cc58c495a3,2026-09-10T09:11:08.240376+00:00,route_map_diagnostic,arrival_assigned,route_greedy,1000,154.62962962962962,0.0,556.6666666666665,0.15462962962962962,0.0,0.5566666666666665,0.5566666666666665,0.4020370370370369,1e-08,True,0.4020370370370369,1e-08,True,0.41193333333333326,0.501,0.501,0.501,501,0.3086419753086419,0.3086419753086419,0.012345679012345671,0.012345679012345664,0.499,0.3086419753086419,0.3086419753086419,15.0,0.0,0.0,15.0,15,fe862e315758a5fb34a9a8035b0cd84db677a172a22cc25e379d2f82f9e8f896,de22ff4bd51995b01f1aafbbee7cb8851c3a0dcf27da2a809e8436ecde39d82a,90792bfa0270064e95eacd221b6e249182b13b1499e8a0058f5695b269901c82,horizon_route_map,1000,1e-05,0.27777777777777785,True
exp1_alignment_transfer:targeted:full:targeted_systematic_horizon_1000:2026-09-10T09:11:08.204409+00:00,paper,True,targeted,exp1_alignment_transfer,targeted_systematic_horizon_1000,21,systematic_misbinding,3ddb55654ed7020ccecce1477ee0dd89c92f37d7,63d64e34a200ec61e73424bbad568ccfc3246f798eacff93f5f654190ad16a1d,3ebb8ce93cecd9d76ef6358493113e3d186b46dc569038f73332c9cc58c495a3,3ebb8ce93cecd9d76ef6358493113e3d186b46dc569038f73332c9cc58c495a3,2026-09-10T09:11:08.240376+00:00,route_map_diagnostic,source_bound,route_greedy,1000,0.0,0.0,0.0,0.0,0.0,0.0,0.0,0.0,1e-08,True,0.0,1e-08,True,0.0,0.0,0.0,0.0,0,,,,,1.0,0.0,0.0,15.0,0.0,0.0,0.0,0,fe862e315758a5fb34a9a8035b0cd84db677a172a22cc25e379d2f82f9e8f896,de22ff4bd51995b01f1aafbbee7cb8851c3a0dcf27da2a809e8436ecde39d82a,90792bfa0270064e95eacd221b6e249182b13b1499e8a0058f5695b269901c82,horizon_route_map,1000,1e-05,,False
exp1_alignment_transfer:targeted:full:targeted_systematic_horizon_5000:2026-09-10T09:11:08.621434+00:00,paper,True,targeted,exp1_alignment_transfer,targeted_systematic_horizon_5000,21,systematic_misbinding,3ddb55654ed7020ccecce1477ee0dd89c92f37d7,1738aa639b37c24c9a687969970adb435313e91ca717b336ca50525dd7d4e928,3ebb8ce93cecd9d76ef6358493113e3d186b46dc569038f73332c9cc58c495a3,3ebb8ce93cecd9d76ef6358493113e3d186b46dc569038f73332c9cc58c495a3,2026-09-10T09:11:08.659181+00:00,route_map_diagnostic,arrival_assigned,route_greedy,5000,770.3703703703702,0.0,2773.333333333333,0.15407407407407403,0.0,0.5546666666666666,0.5546666666666666,0.40059259259259256,1e-08,True,0.40059259259259256,1e-08,True,0.4104533333333333,0.4992,0.4992,0.4992,2496,0.308641975308642,0.3086419753086419,0.012345679012345671,0.012345679012345664,0.5008,0.308641975308642,0.3086419753086419,15.0,0.0,0.0,15.0,15,4765cfb9b5369e62c6b54ddb8490640c3810537744f8befcf6a74f015ebc777c,e351fba0d806debcc7ba77bcd560dfbe9c5d23a2791e381f83f3ebfeb73a30ee,849545dee7d3f94ad783fa65ffd11c3bdd4258bdd3b77e2064812d2eb8b6a4ea,horizon_route_map,5000,5e-05,0.27777777777777773,True
exp1_alignment_transfer:targeted:full:targeted_systematic_horizon_5000:2026-09-10T09:11:08.621434+00:00,paper,True,targeted,exp1_alignment_transfer,targeted_systematic_horizon_5000,21,systematic_misbinding,3ddb55654ed7020ccecce1477ee0dd89c92f37d7,1738aa639b37c24c9a687969970adb435313e91ca717b336ca50525dd7d4e928,3ebb8ce93cecd9d76ef6358493113e3d186b46dc569038f73332c9cc58c495a3,3ebb8ce93cecd9d76ef6358493113e3d186b46dc569038f73332c9cc58c495a3,2026-09-10T09:11:08.659181+00:00,route_map_diagnostic,source_bound,route_greedy,5000,0.0,0.0,0.0,0.0,0.0,0.0,0.0,0.0,1e-08,True,0.0,1e-08,True,0.0,0.0,0.0,0.0,0,,,,,1.0,0.0,0.0,15.0,0.0,0.0,0.0,0,4765cfb9b5369e62c6b54ddb8490640c3810537744f8befcf6a74f015ebc777c,e351fba0d806debcc7ba77bcd560dfbe9c5d23a2791e381f83f3ebfeb73a30ee,849545dee7d3f94ad783fa65ffd11c3bdd4258bdd3b77e2064812d2eb8b6a4ea,horizon_route_map,5000,5e-05,,False
exp1_alignment_transfer:targeted:full:targeted_systematic_horizon_10000:2026-09-10T09:11:10.092954+00:00,paper,True,targeted,exp1_alignment_transfer,targeted_systematic_horizon_10000,21,systematic_misbinding,3ddb55654ed7020ccecce1477ee0dd89c92f37d7,da85e70825466cff842b6ebf9a9b518dc6d40d23fd2f752124f37a433b92c063,3ebb8ce93cecd9d76ef6358493113e3d186b46dc569038f73332c9cc58c495a3,3ebb8ce93cecd9d76ef6358493113e3d186b46dc569038f73332c9cc58c495a3,2026-09-10T09:11:10.129617+00:00,route_map_diagnostic,arrival_assigned,route_greedy,10000,1543.5185185185182,0.0,5556.666666666666,0.15435185185185182,0.0,0.5556666666666666,0.5556666666666666,0.4013148148148148,1e-08,True,0.4013148148148148,1e-08,True,0.41119333333333336,0.5001,0.5001,0.5001,5001,0.308641975308642,0.3086419753086419,0.012345679012345671,0.012345679012345664,0.4999,0.308641975308642,0.3086419753086419,15.0,0.0,0.0,15.0,15,156ed1afaf5741d858b9def30490d31a3fb9bba7cce2dd8a08dee8ac65c3bd01,3cd1eb84a362034b8378b2425ce849f9f0920b3fd1b53da18cce98a77406bccc,9c6d6f95f6eb0550a436c2bedb76a30da8968f375a22489b064f978244ea3510,horizon_route_map,10000,0.0001,0.27777777777777773,True
exp1_alignment_transfer:targeted:full:targeted_systematic_horizon_10000:2026-09-10T09:11:10.092954+00:00,paper,True,targeted,exp1_alignment_transfer,targeted_systematic_horizon_10000,21,systematic_misbinding,3ddb55654ed7020ccecce1477ee0dd89c92f37d7,da85e70825466cff842b6ebf9a9b518dc6d40d23fd2f752124f37a433b92c063,3ebb8ce93cecd9d76ef6358493113e3d186b46dc569038f73332c9cc58c495a3,3ebb8ce93cecd9d76ef6358493113e3d186b46dc569038f73332c9cc58c495a3,2026-09-10T09:11:10.129617+00:00,route_map_diagnostic,source_bound,route_greedy,10000,0.0,0.0,0.0,0.0,0.0,0.0,0.0,0.0,1e-08,True,0.0,1e-08,True,0.0,0.0,0.0,0.0,0,,,,,1.0,0.0,0.0,15.0,0.0,0.0,0.0,0,156ed1afaf5741d858b9def30490d31a3fb9bba7cce2dd8a08dee8ac65c3bd01,3cd1eb84a362034b8378b2425ce849f9f0920b3fd1b53da18cce98a77406bccc,9c6d6f95f6eb0550a436c2bedb76a30da8968f375a22489b064f978244ea3510,horizon_route_map,10000,0.0001,,False
exp1_alignment_transfer:targeted:full:targeted_systematic_horizon_1000:2026-09-10T09:11:13.004866+00:00,paper,True,targeted,exp1_alignment_transfer,targeted_systematic_horizon_1000,22,systematic_misbinding,3ddb55654ed7020ccecce1477ee0dd89c92f37d7,63d64e34a200ec61e73424bbad568ccfc3246f798eacff93f5f654190ad16a1d,3ebb8ce93cecd9d76ef6358493113e3d186b46dc569038f73332c9cc58c495a3,3ebb8ce93cecd9d76ef6358493113e3d186b46dc569038f73332c9cc58c495a3,2026-09-10T09:11:13.045973+00:00,route_map_diagnostic,arrival_assigned,route_greedy,1000,155.8641975308642,0.0,561.1111111111111,0.1558641975308642,0.0,0.5611111111111111,0.5611111111111111,0.4052469135802469,1e-08,True,0.4052469135802469,1e-08,True,0.41522222222222216,0.505,0.505,0.505,505,0.30864197530864185,0.3086419753086419,0.012345679012345673,0.012345679012345664,0.495,0.30864197530864185,0.3086419753086419,15.0,0.0,0.0,15.0,15,3c36bccdda480bcfddc13619b32d8728f273faf124cc0e3f14f3d56ae63ea393,5a7d5cb0ca6691ca2f576d99b75ad753e52ea3fa671e02947c702f519e850be0,e9b3efe28566be17e425c3013999a0fbc071c5fbc25d2b1f43b18cd317924cc8,horizon_route_map,1000,1e-05,0.2777777777777778,True
exp1_alignment_transfer:targeted:full:targeted_systematic_horizon_1000:2026-09-10T09:11:13.004866+00:00,paper,True,targeted,exp1_alignment_transfer,targeted_systematic_horizon_1000,22,systematic_misbinding,3ddb55654ed7020ccecce1477ee0dd89c92f37d7,63d64e34a200ec61e73424bbad568ccfc3246f798eacff93f5f654190ad16a1d,3ebb8ce93cecd9d76ef6358493113e3d186b46dc569038f73332c9cc58c495a3,3ebb8ce93cecd9d76ef6358493113e3d186b46dc569038f73332c9cc58c495a3,2026-09-10T09:11:13.045973+00:00,route_map_diagnostic,source_bound,route_greedy,1000,0.0,0.0,0.0,0.0,0.0,0.0,0.0,0.0,1e-08,True,0.0,1e-08,True,0.0,0.0,0.0,0.0,0,,,,,1.0,0.0,0.0,15.0,0.0,0.0,0.0,0,3c36bccdda480bcfddc13619b32d8728f273faf124cc0e3f14f3d56ae63ea393,5a7d5cb0ca6691ca2f576d99b75ad753e52ea3fa671e02947c702f519e850be0,e9b3efe28566be17e425c3013999a0fbc071c5fbc25d2b1f43b18cd317924cc8,horizon_route_map,1000,1e-05,,False
exp1_alignment_transfer:targeted:full:targeted_systematic_horizon_5000:2026-09-10T09:11:13.369781+00:00,paper,True,targeted,exp1_alignment_transfer,targeted_systematic_horizon_5000,22,systematic_misbinding,3ddb55654ed7020ccecce1477ee0dd89c92f37d7,1738aa639b37c24c9a687969970adb435313e91ca717b336ca50525dd7d4e928,3ebb8ce93cecd9d76ef6358493113e3d186b46dc569038f73332c9cc58c495a3,3ebb8ce93cecd9d76ef6358493113e3d186b46dc569038f73332c9cc58c495a3,2026-09-10T09:11:13.404783+00:00,route_map_diagnostic,arrival_assigned,route_greedy,5000,772.8395061728394,0.0,2782.2222222222213,0.15456790123456787,0.0,0.5564444444444443,0.5564444444444443,0.4018765432098764,1e-08,True,0.4018765432098764,1e-08,True,0.4117688888888889,0.5008,0.5008,0.5008,2504,0.30864197530864196,0.3086419753086419,0.012345679012345671,0.012345679012345664,0.4992,0.30864197530864196,0.3086419753086419,15.0,0.0,0.0,15.0,15,c726aeafe97f1683b472b72bf21df6f2682bfddc70ece01a6027b3a93d8175bf,89eeeaf31c88c92d0e2024695bc39541a5fd7be2ddfbd54394f21b3aefe27691,9c2536eba496193342e1d8a6b6278b03820da04302c3696da12659f3a9bba802,horizon_route_map,5000,5e-05,0.27777777777777785,True
exp1_alignment_transfer:targeted:full:targeted_systematic_horizon_5000:2026-09-10T09:11:13.369781+00:00,paper,True,targeted,exp1_alignment_transfer,targeted_systematic_horizon_5000,22,systematic_misbinding,3ddb55654ed7020ccecce1477ee0dd89c92f37d7,1738aa639b37c24c9a687969970adb435313e91ca717b336ca50525dd7d4e928,3ebb8ce93cecd9d76ef6358493113e3d186b46dc569038f73332c9cc58c495a3,3ebb8ce93cecd9d76ef6358493113e3d186b46dc569038f73332c9cc58c495a3,2026-09-10T09:11:13.404783+00:00,route_map_diagnostic,source_bound,route_greedy,5000,0.0,0.0,0.0,0.0,0.0,0.0,0.0,0.0,1e-08,True,0.0,1e-08,True,0.0,0.0,0.0,0.0,0,,,,,1.0,0.0,0.0,15.0,0.0,0.0,0.0,0,c726aeafe97f1683b472b72bf21df6f2682bfddc70ece01a6027b3a93d8175bf,89eeeaf31c88c92d0e2024695bc39541a5fd7be2ddfbd54394f21b3aefe27691,9c2536eba496193342e1d8a6b6278b03820da04302c3696da12659f3a9bba802,horizon_route_map,5000,5e-05,,False
exp1_alignment_transfer:targeted:full:targeted_systematic_horizon_10000:2026-09-10T09:11:14.956249+00:00,paper,True,targeted,exp1_alignment_transfer,targeted_systematic_horizon_10000,22,systematic_misbinding,3ddb55654ed7020ccecce1477ee0dd89c92f37d7,da85e70825466cff842b6ebf9a9b518dc6d40d23fd2f752124f37a433b92c063,3ebb8ce93cecd9d76ef6358493113e3d186b46dc569038f73332c9cc58c495a3,3ebb8ce93cecd9d76ef6358493113e3d186b46dc569038f73332c9cc58c495a3,2026-09-10T09:11:15.008134+00:00,route_map_diagnostic,arrival_assigned,route_greedy,10000,1544.753086419753,0.0,5561.1111111111095,0.15447530864197528,0.0,0.556111111111111,0.556111111111111,0.40163580246913566,1e-08,True,0.40163580246913566,1e-08,True,0.4115222222222223,0.5005,0.5005,0.5005,5005,0.308641975308642,0.3086419753086419,0.012345679012345671,0.012345679012345664,0.4995,0.308641975308642,0.3086419753086419,15.0,0.0,0.0,15.0,15,eb6713fef2d393f8f6fc3a0e0f22227598f63284bf42f7cdf8f37e2c4d04208a,0f322a287e23c3380c5f875c704f1dec324dec7efb4fa131572155da51fdd836,461b6491868adb86632d1f3b0f85582128271fce83f5cff6f2e5ec34c9fc7b79,horizon_route_map,10000,0.0001,0.27777777777777785,True
exp1_alignment_transfer:targeted:full:targeted_systematic_horizon_10000:2026-09-10T09:11:14.956249+00:00,paper,True,targeted,exp1_alignment_transfer,targeted_systematic_horizon_10000,22,systematic_misbinding,3ddb55654ed7020ccecce1477ee0dd89c92f37d7,da85e70825466cff842b6ebf9a9b518dc6d40d23fd2f752124f37a433b92c063,3ebb8ce93cecd9d76ef6358493113e3d186b46dc569038f73332c9cc58c495a3,3ebb8ce93cecd9d76ef6358493113e3d186b46dc569038f73332c9cc58c495a3,2026-09-10T09:11:15.008134+00:00,route_map_diagnostic,source_bound,route_greedy,10000,0.0,0.0,0.0,0.0,0.0,0.0,0.0,0.0,1e-08,True,0.0,1e-08,True,0.0,0.0,0.0,0.0,0,,,,,1.0,0.0,0.0,15.0,0.0,0.0,0.0,0,eb6713fef2d393f8f6fc3a0e0f22227598f63284bf42f7cdf8f37e2c4d04208a,0f322a287e23c3380c5f875c704f1dec324dec7efb4fa131572155da51fdd836,461b6491868adb86632d1f3b0f85582128271fce83f5cff6f2e5ec34c9fc7b79,horizon_route_map,10000,0.0001,,False
exp1_alignment_transfer:targeted:full:targeted_systematic_horizon_1000:2026-09-10T09:11:17.869790+00:00,paper,True,targeted,exp1_alignment_transfer,targeted_systematic_horizon_1000,23,systematic_misbinding,3ddb55654ed7020ccecce1477ee0dd89c92f37d7,63d64e34a200ec61e73424bbad568ccfc3246f798eacff93f5f654190ad16a1d,3ebb8ce93cecd9d76ef6358493113e3d186b46dc569038f73332c9cc58c495a3,3ebb8ce93cecd9d76ef6358493113e3d186b46dc569038f73332c9cc58c495a3,2026-09-10T09:11:17.912254+00:00,route_map_diagnostic,arrival_assigned,route_greedy,1000,155.2469135802469,0.0,558.8888888888888,0.15524691358024692,0.0,0.5588888888888888,0.5588888888888888,0.40364197530864193,1e-08,True,0.40364197530864193,1e-08,True,0.4135777777777777,0.503,0.503,0.503,503,0.3086419753086419,0.3086419753086419,0.012345679012345675,0.012345679012345664,0.497,0.3086419753086419,0.3086419753086419,15.0,0.0,0.0,15.0,15,a8b8831b16740efd8afd8b5284c31227afcd2613c5656d3e113c6cc5d4d5e44b,8cd931f7e094d3e438d6359bb6ed2df83e60e2bf1b3b40f34b99dc74bf7336f1,29d57b9545b00054030faaa66b609b0a4e70254f6faaea928977ff5aac6e0833,horizon_route_map,1000,1e-05,0.2777777777777778,True
exp1_alignment_transfer:targeted:full:targeted_systematic_horizon_1000:2026-09-10T09:11:17.869790+00:00,paper,True,targeted,exp1_alignment_transfer,targeted_systematic_horizon_1000,23,systematic_misbinding,3ddb55654ed7020ccecce1477ee0dd89c92f37d7,63d64e34a200ec61e73424bbad568ccfc3246f798eacff93f5f654190ad16a1d,3ebb8ce93cecd9d76ef6358493113e3d186b46dc569038f73332c9cc58c495a3,3ebb8ce93cecd9d76ef6358493113e3d186b46dc569038f73332c9cc58c495a3,2026-09-10T09:11:17.912254+00:00,route_map_diagnostic,source_bound,route_greedy,1000,0.0,0.0,0.0,0.0,0.0,0.0,0.0,0.0,1e-08,True,0.0,1e-08,True,0.0,0.0,0.0,0.0,0,,,,,1.0,0.0,0.0,15.0,0.0,0.0,0.0,0,a8b8831b16740efd8afd8b5284c31227afcd2613c5656d3e113c6cc5d4d5e44b,8cd931f7e094d3e438d6359bb6ed2df83e60e2bf1b3b40f34b99dc74bf7336f1,29d57b9545b00054030faaa66b609b0a4e70254f6faaea928977ff5aac6e0833,horizon_route_map,1000,1e-05,,False
exp1_alignment_transfer:targeted:full:targeted_systematic_horizon_5000:2026-09-10T09:11:18.244855+00:00,paper,True,targeted,exp1_alignment_transfer,targeted_systematic_horizon_5000,23,systematic_misbinding,3ddb55654ed7020ccecce1477ee0dd89c92f37d7,1738aa639b37c24c9a687969970adb435313e91ca717b336ca50525dd7d4e928,3ebb8ce93cecd9d76ef6358493113e3d186b46dc569038f73332c9cc58c495a3,3ebb8ce93cecd9d76ef6358493113e3d186b46dc569038f73332c9cc58c495a3,2026-09-10T09:11:18.284199+00:00,route_map_diagnostic,arrival_assigned,route_greedy,5000,770.9876543209875,0.0,2775.5555555555547,0.15419753086419752,0.0,0.555111111111111,0.555111111111111,0.4009135802469134,1e-08,True,0.4009135802469134,1e-08,True,0.4107822222222222,0.4996,0.4996,0.4996,2498,0.308641975308642,0.3086419753086419,0.012345679012345671,0.012345679012345664,0.5004,0.308641975308642,0.3086419753086419,15.0,0.0,0.0,15.0,15,783cf3004996f907a6aecc5952c123da99fe93db77249da76f01d3910b4c36bc,2fb732e487485a3a62b30b7cc205d70310ef4e9c119957c2b3bd37c928be1e0e,7263c1d12d45e665ebe2afcf72d6ea17ee89907a231b3dbc6f222950f95486ae,horizon_route_map,5000,5e-05,0.2777777777777778,True
exp1_alignment_transfer:targeted:full:targeted_systematic_horizon_5000:2026-09-10T09:11:18.244855+00:00,paper,True,targeted,exp1_alignment_transfer,targeted_systematic_horizon_5000,23,systematic_misbinding,3ddb55654ed7020ccecce1477ee0dd89c92f37d7,1738aa639b37c24c9a687969970adb435313e91ca717b336ca50525dd7d4e928,3ebb8ce93cecd9d76ef6358493113e3d186b46dc569038f73332c9cc58c495a3,3ebb8ce93cecd9d76ef6358493113e3d186b46dc569038f73332c9cc58c495a3,2026-09-10T09:11:18.284199+00:00,route_map_diagnostic,source_bound,route_greedy,5000,0.0,0.0,0.0,0.0,0.0,0.0,0.0,0.0,1e-08,True,0.0,1e-08,True,0.0,0.0,0.0,0.0,0,,,,,1.0,0.0,0.0,15.0,0.0,0.0,0.0,0,783cf3004996f907a6aecc5952c123da99fe93db77249da76f01d3910b4c36bc,2fb732e487485a3a62b30b7cc205d70310ef4e9c119957c2b3bd37c928be1e0e,7263c1d12d45e665ebe2afcf72d6ea17ee89907a231b3dbc6f222950f95486ae,horizon_route_map,5000,5e-05,,False
exp1_alignment_transfer:targeted:full:targeted_systematic_horizon_10000:2026-09-10T09:11:19.772540+00:00,paper,True,targeted,exp1_alignment_transfer,targeted_systematic_horizon_10000,23,systematic_misbinding,3ddb55654ed7020ccecce1477ee0dd89c92f37d7,da85e70825466cff842b6ebf9a9b518dc6d40d23fd2f752124f37a433b92c063,3ebb8ce93cecd9d76ef6358493113e3d186b46dc569038f73332c9cc58c495a3,3ebb8ce93cecd9d76ef6358493113e3d186b46dc569038f73332c9cc58c495a3,2026-09-10T09:11:19.807897+00:00,route_map_diagnostic,arrival_assigned,route_greedy,10000,1544.1358024691356,0.0,5558.888888888888,0.15441358024691357,0.0,0.5558888888888888,0.5558888888888888,0.4014753086419752,1e-08,True,0.4014753086419752,1e-08,True,0.41135777777777777,0.5003,0.5003,0.5003,5003,0.30864197530864196,0.3086419753086419,0.012345679012345671,0.012345679012345664,0.4997,0.30864197530864196,0.3086419753086419,15.0,0.0,0.0,15.0,15,e858fe0c35ef963744058c6b7b61eb901e08838af230a9df8353a63b9aff7fd7,529cce557f607129af7f75881f2ea1136e19803ab68198c504f31fe6fedaf47f,c7118f80d004a4ca9932bb4e2828416d11cf5561d59220f8e06179d01af12f54,horizon_route_map,10000,0.0001,0.2777777777777778,True
exp1_alignment_transfer:targeted:full:targeted_systematic_horizon_10000:2026-09-10T09:11:19.772540+00:00,paper,True,targeted,exp1_alignment_transfer,targeted_systematic_horizon_10000,23,systematic_misbinding,3ddb55654ed7020ccecce1477ee0dd89c92f37d7,da85e70825466cff842b6ebf9a9b518dc6d40d23fd2f752124f37a433b92c063,3ebb8ce93cecd9d76ef6358493113e3d186b46dc569038f73332c9cc58c495a3,3ebb8ce93cecd9d76ef6358493113e3d186b46dc569038f73332c9cc58c495a3,2026-09-10T09:11:19.807897+00:00,route_map_diagnostic,source_bound,route_greedy,10000,0.0,0.0,0.0,0.0,0.0,0.0,0.0,0.0,1e-08,True,0.0,1e-08,True,0.0,0.0,0.0,0.0,0,,,,,1.0,0.0,0.0,15.0,0.0,0.0,0.0,0,e858fe0c35ef963744058c6b7b61eb901e08838af230a9df8353a63b9aff7fd7,529cce557f607129af7f75881f2ea1136e19803ab68198c504f31fe6fedaf47f,c7118f80d004a4ca9932bb4e2828416d11cf5561d59220f8e06179d01af12f54,horizon_route_map,10000,0.0001,,False
exp1_alignment_transfer:targeted:full:targeted_systematic_horizon_1000:2026-09-10T09:11:22.662775+00:00,paper,True,targeted,exp1_alignment_transfer,targeted_systematic_horizon_1000,24,systematic_misbinding,3ddb55654ed7020ccecce1477ee0dd89c92f37d7,63d64e34a200ec61e73424bbad568ccfc3246f798eacff93f5f654190ad16a1d,3ebb8ce93cecd9d76ef6358493113e3d186b46dc569038f73332c9cc58c495a3,3ebb8ce93cecd9d76ef6358493113e3d186b46dc569038f73332c9cc58c495a3,2026-09-10T09:11:22.708024+00:00,route_map_diagnostic,arrival_assigned,route_greedy,1000,153.7037037037037,0.0,553.3333333333333,0.1537037037037037,0.0,0.5533333333333332,0.5533333333333332,0.39962962962962956,1e-08,True,0.39962962962962956,1e-08,True,0.4094666666666666,0.498,0.498,0.498,498,0.3086419753086419,0.3086419753086419,0.012345679012345673,0.012345679012345664,0.502,0.3086419753086419,0.3086419753086419,15.0,0.0,0.0,15.0,15,3f32d245f9c0ca429496d4f344a9150c6aa83499e02e528d76ae0d8c5869412e,3a37c7c522e3dd01db1e3826b0d4bf8429d0de203e7911a3e4b8e5985ab92a6f,0290d97b0b26dacd5aed609e5b0aa2d4c79942102fdec49fb6fcbeccef670a5f,horizon_route_map,1000,1e-05,0.2777777777777778,True
exp1_alignment_transfer:targeted:full:targeted_systematic_horizon_1000:2026-09-10T09:11:22.662775+00:00,paper,True,targeted,exp1_alignment_transfer,targeted_systematic_horizon_1000,24,systematic_misbinding,3ddb55654ed7020ccecce1477ee0dd89c92f37d7,63d64e34a200ec61e73424bbad568ccfc3246f798eacff93f5f654190ad16a1d,3ebb8ce93cecd9d76ef6358493113e3d186b46dc569038f73332c9cc58c495a3,3ebb8ce93cecd9d76ef6358493113e3d186b46dc569038f73332c9cc58c495a3,2026-09-10T09:11:22.708024+00:00,route_map_diagnostic,source_bound,route_greedy,1000,0.0,0.0,0.0,0.0,0.0,0.0,0.0,0.0,1e-08,True,0.0,1e-08,True,0.0,0.0,0.0,0.0,0,,,,,1.0,0.0,0.0,15.0,0.0,0.0,0.0,0,3f32d245f9c0ca429496d4f344a9150c6aa83499e02e528d76ae0d8c5869412e,3a37c7c522e3dd01db1e3826b0d4bf8429d0de203e7911a3e4b8e5985ab92a6f,0290d97b0b26dacd5aed609e5b0aa2d4c79942102fdec49fb6fcbeccef670a5f,horizon_route_map,1000,1e-05,,False
exp1_alignment_transfer:targeted:full:targeted_systematic_horizon_5000:2026-09-10T09:11:23.060196+00:00,paper,True,targeted,exp1_alignment_transfer,targeted_systematic_horizon_5000,24,systematic_misbinding,3ddb55654ed7020ccecce1477ee0dd89c92f37d7,1738aa639b37c24c9a687969970adb435313e91ca717b336ca50525dd7d4e928,3ebb8ce93cecd9d76ef6358493113e3d186b46dc569038f73332c9cc58c495a3,3ebb8ce93cecd9d76ef6358493113e3d186b46dc569038f73332c9cc58c495a3,2026-09-10T09:11:23.103761+00:00,route_map_diagnostic,arrival_assigned,route_greedy,5000,770.0617283950617,0.0,2772.2222222222217,0.15401234567901234,0.0,0.5544444444444443,0.5544444444444443,0.400432098765432,1e-08,True,0.400432098765432,1e-08,True,0.41028888888888887,0.499,0.499,0.499,2495,0.308641975308642,0.3086419753086419,0.012345679012345671,0.012345679012345664,0.501,0.308641975308642,0.3086419753086419,15.0,0.0,0.0,15.0,15,1a355e9727599fe542db53e65dcb488ffaa2f721f90a3092be97f80ab677bf6e,71633b72a362ca9f9b5553f10b6349ab892cb8938cdd9bcbc78347cadb0cefbe,06302240528faf509087c008bb8eb59c91ac38ab34b20060c2179ec1129d88ee,horizon_route_map,5000,5e-05,0.2777777777777778,True
exp1_alignment_transfer:targeted:full:targeted_systematic_horizon_5000:2026-09-10T09:11:23.060196+00:00,paper,True,targeted,exp1_alignment_transfer,targeted_systematic_horizon_5000,24,systematic_misbinding,3ddb55654ed7020ccecce1477ee0dd89c92f37d7,1738aa639b37c24c9a687969970adb435313e91ca717b336ca50525dd7d4e928,3ebb8ce93cecd9d76ef6358493113e3d186b46dc569038f73332c9cc58c495a3,3ebb8ce93cecd9d76ef6358493113e3d186b46dc569038f73332c9cc58c495a3,2026-09-10T09:11:23.103761+00:00,route_map_diagnostic,source_bound,route_greedy,5000,0.0,0.0,0.0,0.0,0.0,0.0,0.0,0.0,1e-08,True,0.0,1e-08,True,0.0,0.0,0.0,0.0,0,,,,,1.0,0.0,0.0,15.0,0.0,0.0,0.0,0,1a355e9727599fe542db53e65dcb488ffaa2f721f90a3092be97f80ab677bf6e,71633b72a362ca9f9b5553f10b6349ab892cb8938cdd9bcbc78347cadb0cefbe,06302240528faf509087c008bb8eb59c91ac38ab34b20060c2179ec1129d88ee,horizon_route_map,5000,5e-05,,False
exp1_alignment_transfer:targeted:full:targeted_systematic_horizon_10000:2026-09-10T09:11:24.600355+00:00,paper,True,targeted,exp1_alignment_transfer,targeted_systematic_horizon_10000,24,systematic_misbinding,3ddb55654ed7020ccecce1477ee0dd89c92f37d7,da85e70825466cff842b6ebf9a9b518dc6d40d23fd2f752124f37a433b92c063,3ebb8ce93cecd9d76ef6358493113e3d186b46dc569038f73332c9cc58c495a3,3ebb8ce93cecd9d76ef6358493113e3d186b46dc569038f73332c9cc58c495a3,2026-09-10T09:11:24.646819+00:00,route_map_diagnostic,arrival_assigned,route_greedy,10000,1542.5925925925924,0.0,5553.333333333332,0.15425925925925923,0.0,0.5553333333333332,0.5553333333333332,0.40107407407407397,1e-08,True,0.40107407407407397,1e-08,True,0.4109466666666666,0.4998,0.4998,0.4998,4998,0.30864197530864196,0.3086419753086419,0.012345679012345671,0.012345679012345664,0.5002,0.30864197530864196,0.3086419753086419,15.0,0.0,0.0,15.0,15,c0389089905b73d5d1a5bea8ca35cb8d3e3a2d50604511eb3e677a4f148a98df,0bb99b19131f5b8e3b6102532ba90c4f218979a4067ed39960678a9d35965353,7f57c46607e97d3956e30c50d6af2a1ec6813602d5dac183d374ea83a2fca10e,horizon_route_map,10000,0.0001,0.2777777777777778,True
exp1_alignment_transfer:targeted:full:targeted_systematic_horizon_10000:2026-09-10T09:11:24.600355+00:00,paper,True,targeted,exp1_alignment_transfer,targeted_systematic_horizon_10000,24,systematic_misbinding,3ddb55654ed7020ccecce1477ee0dd89c92f37d7,da85e70825466cff842b6ebf9a9b518dc6d40d23fd2f752124f37a433b92c063,3ebb8ce93cecd9d76ef6358493113e3d186b46dc569038f73332c9cc58c495a3,3ebb8ce93cecd9d76ef6358493113e3d186b46dc569038f73332c9cc58c495a3,2026-09-10T09:11:24.646819+00:00,route_map_diagnostic,source_bound,route_greedy,10000,0.0,0.0,0.0,0.0,0.0,0.0,0.0,0.0,1e-08,True,0.0,1e-08,True,0.0,0.0,0.0,0.0,0,,,,,1.0,0.0,0.0,15.0,0.0,0.0,0.0,0,c0389089905b73d5d1a5bea8ca35cb8d3e3a2d50604511eb3e677a4f148a98df,0bb99b19131f5b8e3b6102532ba90c4f218979a4067ed39960678a9d35965353,7f57c46607e97d3956e30c50d6af2a1ec6813602d5dac183d374ea83a2fca10e,horizon_route_map,10000,0.0001,,False
exp1_alignment_transfer:targeted:full:targeted_systematic_horizon_1000:2026-09-10T09:11:27.501234+00:00,paper,True,targeted,exp1_alignment_transfer,targeted_systematic_horizon_1000,25,systematic_misbinding,3ddb55654ed7020ccecce1477ee0dd89c92f37d7,63d64e34a200ec61e73424bbad568ccfc3246f798eacff93f5f654190ad16a1d,3ebb8ce93cecd9d76ef6358493113e3d186b46dc569038f73332c9cc58c495a3,3ebb8ce93cecd9d76ef6358493113e3d186b46dc569038f73332c9cc58c495a3,2026-09-10T09:11:27.537925+00:00,route_map_diagnostic,arrival_assigned,route_greedy,1000,155.55555555555554,0.0,559.9999999999999,0.15555555555555553,0.0,0.5599999999999998,0.5599999999999998,0.40444444444444433,1e-08,True,0.40444444444444433,1e-08,True,0.41439999999999994,0.504,0.504,0.504,504,0.3086419753086419,0.3086419753086419,0.012345679012345673,0.012345679012345664,0.496,0.3086419753086419,0.3086419753086419,15.0,0.0,0.0,15.0,15,4ea0a3d6900daad7395561bbeb8f34ae28bc535e064a0b4825db2df11efc3cf7,67a4b9eeb278de14cbd6b6381247a21be15aa48f0f0de1c9c74056a3a162d2ee,50f7af24b5043421239d14d83ec32d66b2a9ac715e4503f16746941bcf7cabc0,horizon_route_map,1000,1e-05,0.2777777777777778,True
exp1_alignment_transfer:targeted:full:targeted_systematic_horizon_1000:2026-09-10T09:11:27.501234+00:00,paper,True,targeted,exp1_alignment_transfer,targeted_systematic_horizon_1000,25,systematic_misbinding,3ddb55654ed7020ccecce1477ee0dd89c92f37d7,63d64e34a200ec61e73424bbad568ccfc3246f798eacff93f5f654190ad16a1d,3ebb8ce93cecd9d76ef6358493113e3d186b46dc569038f73332c9cc58c495a3,3ebb8ce93cecd9d76ef6358493113e3d186b46dc569038f73332c9cc58c495a3,2026-09-10T09:11:27.537925+00:00,route_map_diagnostic,source_bound,route_greedy,1000,0.0,0.0,0.0,0.0,0.0,0.0,0.0,0.0,1e-08,True,0.0,1e-08,True,0.0,0.0,0.0,0.0,0,,,,,1.0,0.0,0.0,15.0,0.0,0.0,0.0,0,4ea0a3d6900daad7395561bbeb8f34ae28bc535e064a0b4825db2df11efc3cf7,67a4b9eeb278de14cbd6b6381247a21be15aa48f0f0de1c9c74056a3a162d2ee,50f7af24b5043421239d14d83ec32d66b2a9ac715e4503f16746941bcf7cabc0,horizon_route_map,1000,1e-05,,False
exp1_alignment_transfer:targeted:full:targeted_systematic_horizon_5000:2026-09-10T09:11:27.893252+00:00,paper,True,targeted,exp1_alignment_transfer,targeted_systematic_horizon_5000,25,systematic_misbinding,3ddb55654ed7020ccecce1477ee0dd89c92f37d7,1738aa639b37c24c9a687969970adb435313e91ca717b336ca50525dd7d4e928,3ebb8ce93cecd9d76ef6358493113e3d186b46dc569038f73332c9cc58c495a3,3ebb8ce93cecd9d76ef6358493113e3d186b46dc569038f73332c9cc58c495a3,2026-09-10T09:11:27.941615+00:00,route_map_diagnostic,arrival_assigned,route_greedy,5000,773.148148148148,0.0,2783.3333333333326,0.15462962962962962,0.0,0.5566666666666665,0.5566666666666665,0.4020370370370369,1e-08,True,0.4020370370370369,1e-08,True,0.4119333333333334,0.501,0.501,0.501,2505,0.308641975308642,0.3086419753086419,0.012345679012345671,0.012345679012345664,0.499,0.308641975308642,0.3086419753086419,15.0,0.0,0.0,15.0,15,78f91bd3936a66933531ff386cba1af5d0aae51caa912b0bf24f55d25ea72c1b,deac3426dc88143ddb6e607ce6f9d5ca316500c7c99a973ccbf00f4a40e97a8e,3ca2a69d9b341f68e1be694b933a2d2aa5fda96d508ea2ee246d8d0952ae3b91,horizon_route_map,5000,5e-05,0.2777777777777778,True
exp1_alignment_transfer:targeted:full:targeted_systematic_horizon_5000:2026-09-10T09:11:27.893252+00:00,paper,True,targeted,exp1_alignment_transfer,targeted_systematic_horizon_5000,25,systematic_misbinding,3ddb55654ed7020ccecce1477ee0dd89c92f37d7,1738aa639b37c24c9a687969970adb435313e91ca717b336ca50525dd7d4e928,3ebb8ce93cecd9d76ef6358493113e3d186b46dc569038f73332c9cc58c495a3,3ebb8ce93cecd9d76ef6358493113e3d186b46dc569038f73332c9cc58c495a3,2026-09-10T09:11:27.941615+00:00,route_map_diagnostic,source_bound,route_greedy,5000,0.0,0.0,0.0,0.0,0.0,0.0,0.0,0.0,1e-08,True,0.0,1e-08,True,0.0,0.0,0.0,0.0,0,,,,,1.0,0.0,0.0,15.0,0.0,0.0,0.0,0,78f91bd3936a66933531ff386cba1af5d0aae51caa912b0bf24f55d25ea72c1b,deac3426dc88143ddb6e607ce6f9d5ca316500c7c99a973ccbf00f4a40e97a8e,3ca2a69d9b341f68e1be694b933a2d2aa5fda96d508ea2ee246d8d0952ae3b91,horizon_route_map,5000,5e-05,,False
exp1_alignment_transfer:targeted:full:targeted_systematic_horizon_10000:2026-09-10T09:11:29.387226+00:00,paper,True,targeted,exp1_alignment_transfer,targeted_systematic_horizon_10000,25,systematic_misbinding,3ddb55654ed7020ccecce1477ee0dd89c92f37d7,da85e70825466cff842b6ebf9a9b518dc6d40d23fd2f752124f37a433b92c063,3ebb8ce93cecd9d76ef6358493113e3d186b46dc569038f73332c9cc58c495a3,3ebb8ce93cecd9d76ef6358493113e3d186b46dc569038f73332c9cc58c495a3,2026-09-10T09:11:29.428443+00:00,route_map_diagnostic,arrival_assigned,route_greedy,10000,1544.4444444444443,0.0,5559.999999999998,0.15444444444444444,0.0,0.5559999999999998,0.5559999999999998,0.4015555555555554,1e-08,True,0.4015555555555554,1e-08,True,0.41144,0.5004,0.5004,0.5004,5004,0.308641975308642,0.3086419753086419,0.012345679012345671,0.012345679012345664,0.4996,0.308641975308642,0.3086419753086419,15.0,0.0,0.0,15.0,15,40f27d45939ebb6466b9116f3f029241653b10fa1d172d49df22ffaf4d1243fe,999127a2d6c47f41870c1dd0e5d8c1e94e88e0bec8dda114882c3e215d063b09,f6b6a746427a8ef9425f76a369b6fc8fc6ceb15d46cb633158fe365b0ab5bff5,horizon_route_map,10000,0.0001,0.27777777777777785,True
exp1_alignment_transfer:targeted:full:targeted_systematic_horizon_10000:2026-09-10T09:11:29.387226+00:00,paper,True,targeted,exp1_alignment_transfer,targeted_systematic_horizon_10000,25,systematic_misbinding,3ddb55654ed7020ccecce1477ee0dd89c92f37d7,da85e70825466cff842b6ebf9a9b518dc6d40d23fd2f752124f37a433b92c063,3ebb8ce93cecd9d76ef6358493113e3d186b46dc569038f73332c9cc58c495a3,3ebb8ce93cecd9d76ef6358493113e3d186b46dc569038f73332c9cc58c495a3,2026-09-10T09:11:29.428443+00:00,route_map_diagnostic,source_bound,route_greedy,10000,0.0,0.0,0.0,0.0,0.0,0.0,0.0,0.0,1e-08,True,0.0,1e-08,True,0.0,0.0,0.0,0.0,0,,,,,1.0,0.0,0.0,15.0,0.0,0.0,0.0,0,40f27d45939ebb6466b9116f3f029241653b10fa1d172d49df22ffaf4d1243fe,999127a2d6c47f41870c1dd0e5d8c1e94e88e0bec8dda114882c3e215d063b09,f6b6a746427a8ef9425f76a369b6fc8fc6ceb15d46cb633158fe365b0ab5bff5,horizon_route_map,10000,0.0001,,False
exp1_alignment_transfer:targeted:full:targeted_systematic_horizon_1000:2026-09-10T09:11:32.411264+00:00,paper,True,targeted,exp1_alignment_transfer,targeted_systematic_horizon_1000,26,systematic_misbinding,3ddb55654ed7020ccecce1477ee0dd89c92f37d7,63d64e34a200ec61e73424bbad568ccfc3246f798eacff93f5f654190ad16a1d,3ebb8ce93cecd9d76ef6358493113e3d186b46dc569038f73332c9cc58c495a3,3ebb8ce93cecd9d76ef6358493113e3d186b46dc569038f73332c9cc58c495a3,2026-09-10T09:11:32.450990+00:00,route_map_diagnostic,arrival_assigned,route_greedy,1000,155.2469135802469,0.0,558.8888888888888,0.15524691358024692,0.0,0.5588888888888888,0.5588888888888888,0.40364197530864193,1e-08,True,0.40364197530864193,1e-08,True,0.4135777777777777,0.503,0.503,0.503,503,0.3086419753086419,0.3086419753086419,0.01234567901234567,0.012345679012345664,0.497,0.3086419753086419,0.3086419753086419,15.0,0.0,0.0,15.0,15,529afc6a750d74fd8baba65a7a890d05933e30a140a81dcd08293572e5be18a4,5ca10fede51a90b8d1ca10a93098801d4b5482f4e8c4303e1081f0389b705203,a733ae9de5fd2f57f69d90958cf1021834d85407489c866c73b4306576de4e1b,horizon_route_map,1000,1e-05,0.2777777777777778,True
exp1_alignment_transfer:targeted:full:targeted_systematic_horizon_1000:2026-09-10T09:11:32.411264+00:00,paper,True,targeted,exp1_alignment_transfer,targeted_systematic_horizon_1000,26,systematic_misbinding,3ddb55654ed7020ccecce1477ee0dd89c92f37d7,63d64e34a200ec61e73424bbad568ccfc3246f798eacff93f5f654190ad16a1d,3ebb8ce93cecd9d76ef6358493113e3d186b46dc569038f73332c9cc58c495a3,3ebb8ce93cecd9d76ef6358493113e3d186b46dc569038f73332c9cc58c495a3,2026-09-10T09:11:32.450990+00:00,route_map_diagnostic,source_bound,route_greedy,1000,0.0,0.0,0.0,0.0,0.0,0.0,0.0,0.0,1e-08,True,0.0,1e-08,True,0.0,0.0,0.0,0.0,0,,,,,1.0,0.0,0.0,15.0,0.0,0.0,0.0,0,529afc6a750d74fd8baba65a7a890d05933e30a140a81dcd08293572e5be18a4,5ca10fede51a90b8d1ca10a93098801d4b5482f4e8c4303e1081f0389b705203,a733ae9de5fd2f57f69d90958cf1021834d85407489c866c73b4306576de4e1b,horizon_route_map,1000,1e-05,,False
exp1_alignment_transfer:targeted:full:targeted_systematic_horizon_5000:2026-09-10T09:11:32.839905+00:00,paper,True,targeted,exp1_alignment_transfer,targeted_systematic_horizon_5000,26,systematic_misbinding,3ddb55654ed7020ccecce1477ee0dd89c92f37d7,1738aa639b37c24c9a687969970adb435313e91ca717b336ca50525dd7d4e928,3ebb8ce93cecd9d76ef6358493113e3d186b46dc569038f73332c9cc58c495a3,3ebb8ce93cecd9d76ef6358493113e3d186b46dc569038f73332c9cc58c495a3,2026-09-10T09:11:32.884964+00:00,route_map_diagnostic,arrival_assigned,route_greedy,5000,770.9876543209875,0.0,2775.5555555555547,0.15419753086419752,0.0,0.555111111111111,0.555111111111111,0.4009135802469134,1e-08,True,0.4009135802469134,1e-08,True,0.4107822222222222,0.4996,0.4996,0.4996,2498,0.308641975308642,0.3086419753086419,0.012345679012345671,0.012345679012345664,0.5004,0.308641975308642,0.3086419753086419,15.0,0.0,0.0,15.0,15,28b869d18f298db7455f5cd11f9a1bb48d08862e84461b630a36c48b4c6e35e8,774ae03f0b0fda6edf6a3b449e3ec6f295b8ce88464cfc4d910e4e6ff2b4f504,00bdc3d7310cd0e8a6fac035610f532c58e0c040fe9139f44df2282f5587e128,horizon_route_map,5000,5e-05,0.2777777777777778,True
exp1_alignment_transfer:targeted:full:targeted_systematic_horizon_5000:2026-09-10T09:11:32.839905+00:00,paper,True,targeted,exp1_alignment_transfer,targeted_systematic_horizon_5000,26,systematic_misbinding,3ddb55654ed7020ccecce1477ee0dd89c92f37d7,1738aa639b37c24c9a687969970adb435313e91ca717b336ca50525dd7d4e928,3ebb8ce93cecd9d76ef6358493113e3d186b46dc569038f73332c9cc58c495a3,3ebb8ce93cecd9d76ef6358493113e3d186b46dc569038f73332c9cc58c495a3,2026-09-10T09:11:32.884964+00:00,route_map_diagnostic,source_bound,route_greedy,5000,0.0,0.0,0.0,0.0,0.0,0.0,0.0,0.0,1e-08,True,0.0,1e-08,True,0.0,0.0,0.0,0.0,0,,,,,1.0,0.0,0.0,15.0,0.0,0.0,0.0,0,28b869d18f298db7455f5cd11f9a1bb48d08862e84461b630a36c48b4c6e35e8,774ae03f0b0fda6edf6a3b449e3ec6f295b8ce88464cfc4d910e4e6ff2b4f504,00bdc3d7310cd0e8a6fac035610f532c58e0c040fe9139f44df2282f5587e128,horizon_route_map,5000,5e-05,,False
exp1_alignment_transfer:targeted:full:targeted_systematic_horizon_10000:2026-09-10T09:11:34.354119+00:00,paper,True,targeted,exp1_alignment_transfer,targeted_systematic_horizon_10000,26,systematic_misbinding,3ddb55654ed7020ccecce1477ee0dd89c92f37d7,da85e70825466cff842b6ebf9a9b518dc6d40d23fd2f752124f37a433b92c063,3ebb8ce93cecd9d76ef6358493113e3d186b46dc569038f73332c9cc58c495a3,3ebb8ce93cecd9d76ef6358493113e3d186b46dc569038f73332c9cc58c495a3,2026-09-10T09:11:34.388671+00:00,route_map_diagnostic,arrival_assigned,route_greedy,10000,1544.1358024691356,0.0,5558.888888888888,0.15441358024691357,0.0,0.5558888888888888,0.5558888888888888,0.4014753086419752,1e-08,True,0.4014753086419752,1e-08,True,0.41135777777777777,0.5003,0.5003,0.5003,5003,0.30864197530864196,0.3086419753086419,0.012345679012345671,0.012345679012345664,0.4997,0.30864197530864196,0.3086419753086419,15.0,0.0,0.0,15.0,15,d7a0247d68e91172a8e004053ddb43400c037f1b486cf97cbdf967a73fdb6265,7f48dd2e1bf8ee32764a7e8622c592da3674a8285c2f6c07553170c8a05ca3be,ba1d65fb5b9514375ce90b8d060b02c31219b0ad58ca92a6262a783b7b715845,horizon_route_map,10000,0.0001,0.2777777777777778,True
exp1_alignment_transfer:targeted:full:targeted_systematic_horizon_10000:2026-09-10T09:11:34.354119+00:00,paper,True,targeted,exp1_alignment_transfer,targeted_systematic_horizon_10000,26,systematic_misbinding,3ddb55654ed7020ccecce1477ee0dd89c92f37d7,da85e70825466cff842b6ebf9a9b518dc6d40d23fd2f752124f37a433b92c063,3ebb8ce93cecd9d76ef6358493113e3d186b46dc569038f73332c9cc58c495a3,3ebb8ce93cecd9d76ef6358493113e3d186b46dc569038f73332c9cc58c495a3,2026-09-10T09:11:34.388671+00:00,route_map_diagnostic,source_bound,route_greedy,10000,0.0,0.0,0.0,0.0,0.0,0.0,0.0,0.0,1e-08,True,0.0,1e-08,True,0.0,0.0,0.0,0.0,0,,,,,1.0,0.0,0.0,15.0,0.0,0.0,0.0,0,d7a0247d68e91172a8e004053ddb43400c037f1b486cf97cbdf967a73fdb6265,7f48dd2e1bf8ee32764a7e8622c592da3674a8285c2f6c07553170c8a05ca3be,ba1d65fb5b9514375ce90b8d060b02c31219b0ad58ca92a6262a783b7b715845,horizon_route_map,10000,0.0001,,False
exp1_alignment_transfer:targeted:full:targeted_systematic_horizon_1000:2026-09-10T09:11:37.237617+00:00,paper,True,targeted,exp1_alignment_transfer,targeted_systematic_horizon_1000,27,systematic_misbinding,3ddb55654ed7020ccecce1477ee0dd89c92f37d7,63d64e34a200ec61e73424bbad568ccfc3246f798eacff93f5f654190ad16a1d,3ebb8ce93cecd9d76ef6358493113e3d186b46dc569038f73332c9cc58c495a3,3ebb8ce93cecd9d76ef6358493113e3d186b46dc569038f73332c9cc58c495a3,2026-09-10T09:11:37.276476+00:00,route_map_diagnostic,arrival_assigned,route_greedy,1000,152.77777777777777,0.0,549.9999999999999,0.15277777777777776,0.0,0.5499999999999999,0.5499999999999999,0.3972222222222221,1e-08,True,0.3972222222222221,1e-08,True,0.4069999999999999,0.495,0.495,0.495,495,0.30864197530864196,0.3086419753086419,0.012345679012345671,0.012345679012345664,0.505,0.30864197530864196,0.3086419753086419,15.0,0.0,0.0,15.0,15,1a1f39bf42823e2f618800910c11921947b9739f12850b689283ec65349a75a0,1f8e772ee5a4f7f3beeaa8ddbd8ba601649f779e6541f876ba19165fe039ae61,2fc3a645468a4aa6173cceed5934686355ce25a8502990df224c8454f3286af7,horizon_route_map,1000,1e-05,0.27777777777777785,True
exp1_alignment_transfer:targeted:full:targeted_systematic_horizon_1000:2026-09-10T09:11:37.237617+00:00,paper,True,targeted,exp1_alignment_transfer,targeted_systematic_horizon_1000,27,systematic_misbinding,3ddb55654ed7020ccecce1477ee0dd89c92f37d7,63d64e34a200ec61e73424bbad568ccfc3246f798eacff93f5f654190ad16a1d,3ebb8ce93cecd9d76ef6358493113e3d186b46dc569038f73332c9cc58c495a3,3ebb8ce93cecd9d76ef6358493113e3d186b46dc569038f73332c9cc58c495a3,2026-09-10T09:11:37.276476+00:00,route_map_diagnostic,source_bound,route_greedy,1000,0.0,0.0,0.0,0.0,0.0,0.0,0.0,0.0,1e-08,True,0.0,1e-08,True,0.0,0.0,0.0,0.0,0,,,,,1.0,0.0,0.0,15.0,0.0,0.0,0.0,0,1a1f39bf42823e2f618800910c11921947b9739f12850b689283ec65349a75a0,1f8e772ee5a4f7f3beeaa8ddbd8ba601649f779e6541f876ba19165fe039ae61,2fc3a645468a4aa6173cceed5934686355ce25a8502990df224c8454f3286af7,horizon_route_map,1000,1e-05,,False
exp1_alignment_transfer:targeted:full:targeted_systematic_horizon_5000:2026-09-10T09:11:37.598715+00:00,paper,True,targeted,exp1_alignment_transfer,targeted_systematic_horizon_5000,27,systematic_misbinding,3ddb55654ed7020ccecce1477ee0dd89c92f37d7,1738aa639b37c24c9a687969970adb435313e91ca717b336ca50525dd7d4e928,3ebb8ce93cecd9d76ef6358493113e3d186b46dc569038f73332c9cc58c495a3,3ebb8ce93cecd9d76ef6358493113e3d186b46dc569038f73332c9cc58c495a3,2026-09-10T09:11:37.636095+00:00,route_map_diagnostic,arrival_assigned,route_greedy,5000,770.0617283950617,0.0,2772.2222222222217,0.15401234567901234,0.0,0.5544444444444443,0.5544444444444443,0.400432098765432,1e-08,True,0.400432098765432,1e-08,True,0.41028888888888887,0.499,0.499,0.499,2495,0.308641975308642,0.3086419753086419,0.012345679012345671,0.012345679012345664,0.501,0.308641975308642,0.3086419753086419,15.0,0.0,0.0,15.0,15,903c66d8dfe924abd698c466997b2e40e6660654538fa590de238cfdb07ff569,05c0a13bedea88efc7a1265f3f5fdf2adae064f5352e022c1b56456eac8e8d27,1cd4c0e94d2fb27b4be8a5cc471f867879179af4ecb141e4b58e963c798e21bf,horizon_route_map,5000,5e-05,0.2777777777777778,True
exp1_alignment_transfer:targeted:full:targeted_systematic_horizon_5000:2026-09-10T09:11:37.598715+00:00,paper,True,targeted,exp1_alignment_transfer,targeted_systematic_horizon_5000,27,systematic_misbinding,3ddb55654ed7020ccecce1477ee0dd89c92f37d7,1738aa639b37c24c9a687969970adb435313e91ca717b336ca50525dd7d4e928,3ebb8ce93cecd9d76ef6358493113e3d186b46dc569038f73332c9cc58c495a3,3ebb8ce93cecd9d76ef6358493113e3d186b46dc569038f73332c9cc58c495a3,2026-09-10T09:11:37.636095+00:00,route_map_diagnostic,source_bound,route_greedy,5000,0.0,0.0,0.0,0.0,0.0,0.0,0.0,0.0,1e-08,True,0.0,1e-08,True,0.0,0.0,0.0,0.0,0,,,,,1.0,0.0,0.0,15.0,0.0,0.0,0.0,0,903c66d8dfe924abd698c466997b2e40e6660654538fa590de238cfdb07ff569,05c0a13bedea88efc7a1265f3f5fdf2adae064f5352e022c1b56456eac8e8d27,1cd4c0e94d2fb27b4be8a5cc471f867879179af4ecb141e4b58e963c798e21bf,horizon_route_map,5000,5e-05,,False
exp1_alignment_transfer:targeted:full:targeted_systematic_horizon_10000:2026-09-10T09:11:39.232843+00:00,paper,True,targeted,exp1_alignment_transfer,targeted_systematic_horizon_10000,27,systematic_misbinding,3ddb55654ed7020ccecce1477ee0dd89c92f37d7,da85e70825466cff842b6ebf9a9b518dc6d40d23fd2f752124f37a433b92c063,3ebb8ce93cecd9d76ef6358493113e3d186b46dc569038f73332c9cc58c495a3,3ebb8ce93cecd9d76ef6358493113e3d186b46dc569038f73332c9cc58c495a3,2026-09-10T09:11:39.268501+00:00,route_map_diagnostic,arrival_assigned,route_greedy,10000,1541.6666666666665,0.0,5549.999999999999,0.15416666666666665,0.0,0.5549999999999999,0.5549999999999999,0.40083333333333326,1e-08,True,0.40083333333333326,1e-08,True,0.4107,0.4995,0.4995,0.4995,4995,0.308641975308642,0.3086419753086419,0.012345679012345671,0.012345679012345664,0.5005,0.308641975308642,0.3086419753086419,15.0,0.0,0.0,15.0,15,2c09888b122ddfdb4edbe96efb1a79212beb1950c53b89c8606c374cfe8c19f7,9a3dab6456f3b6354d982f2a8db9504dddc3b14a4bfd4dbcb121fc59e16fa63b,e8d6080d51c2c929d032950e7573e7c0f13fbfb797d66cee6dc350327171926b,horizon_route_map,10000,0.0001,0.2777777777777778,True
exp1_alignment_transfer:targeted:full:targeted_systematic_horizon_10000:2026-09-10T09:11:39.232843+00:00,paper,True,targeted,exp1_alignment_transfer,targeted_systematic_horizon_10000,27,systematic_misbinding,3ddb55654ed7020ccecce1477ee0dd89c92f37d7,da85e70825466cff842b6ebf9a9b518dc6d40d23fd2f752124f37a433b92c063,3ebb8ce93cecd9d76ef6358493113e3d186b46dc569038f73332c9cc58c495a3,3ebb8ce93cecd9d76ef6358493113e3d186b46dc569038f73332c9cc58c495a3,2026-09-10T09:11:39.268501+00:00,route_map_diagnostic,source_bound,route_greedy,10000,0.0,0.0,0.0,0.0,0.0,0.0,0.0,0.0,1e-08,True,0.0,1e-08,True,0.0,0.0,0.0,0.0,0,,,,,1.0,0.0,0.0,15.0,0.0,0.0,0.0,0,2c09888b122ddfdb4edbe96efb1a79212beb1950c53b89c8606c374cfe8c19f7,9a3dab6456f3b6354d982f2a8db9504dddc3b14a4bfd4dbcb121fc59e16fa63b,e8d6080d51c2c929d032950e7573e7c0f13fbfb797d66cee6dc350327171926b,horizon_route_map,10000,0.0001,,False
exp1_alignment_transfer:targeted:full:targeted_systematic_horizon_1000:2026-09-10T09:11:42.113660+00:00,paper,True,targeted,exp1_alignment_transfer,targeted_systematic_horizon_1000,28,systematic_misbinding,3ddb55654ed7020ccecce1477ee0dd89c92f37d7,63d64e34a200ec61e73424bbad568ccfc3246f798eacff93f5f654190ad16a1d,3ebb8ce93cecd9d76ef6358493113e3d186b46dc569038f73332c9cc58c495a3,3ebb8ce93cecd9d76ef6358493113e3d186b46dc569038f73332c9cc58c495a3,2026-09-10T09:11:42.158148+00:00,route_map_diagnostic,arrival_assigned,route_greedy,1000,152.77777777777777,0.0,549.9999999999999,0.15277777777777776,0.0,0.5499999999999999,0.5499999999999999,0.3972222222222221,1e-08,True,0.3972222222222221,1e-08,True,0.4069999999999999,0.495,0.495,0.495,495,0.30864197530864196,0.3086419753086419,0.012345679012345675,0.012345679012345664,0.505,0.30864197530864196,0.3086419753086419,15.0,0.0,0.0,15.0,15,7eeb43f339a64b72ba52a0aa9a8acaeab5d39b33efd631c09e247149ded8d022,940129c042d993f76b593902a661208698efc86cd75e464d1057282962a209b6,a88acaca99ce05f51e3200134284cdfbdb6e7065b729a86d2e50afc30e7badc7,horizon_route_map,1000,1e-05,0.27777777777777785,True
exp1_alignment_transfer:targeted:full:targeted_systematic_horizon_1000:2026-09-10T09:11:42.113660+00:00,paper,True,targeted,exp1_alignment_transfer,targeted_systematic_horizon_1000,28,systematic_misbinding,3ddb55654ed7020ccecce1477ee0dd89c92f37d7,63d64e34a200ec61e73424bbad568ccfc3246f798eacff93f5f654190ad16a1d,3ebb8ce93cecd9d76ef6358493113e3d186b46dc569038f73332c9cc58c495a3,3ebb8ce93cecd9d76ef6358493113e3d186b46dc569038f73332c9cc58c495a3,2026-09-10T09:11:42.158148+00:00,route_map_diagnostic,source_bound,route_greedy,1000,0.0,0.0,0.0,0.0,0.0,0.0,0.0,0.0,1e-08,True,0.0,1e-08,True,0.0,0.0,0.0,0.0,0,,,,,1.0,0.0,0.0,15.0,0.0,0.0,0.0,0,7eeb43f339a64b72ba52a0aa9a8acaeab5d39b33efd631c09e247149ded8d022,940129c042d993f76b593902a661208698efc86cd75e464d1057282962a209b6,a88acaca99ce05f51e3200134284cdfbdb6e7065b729a86d2e50afc30e7badc7,horizon_route_map,1000,1e-05,,False
exp1_alignment_transfer:targeted:full:targeted_systematic_horizon_5000:2026-09-10T09:11:42.534552+00:00,paper,True,targeted,exp1_alignment_transfer,targeted_systematic_horizon_5000,28,systematic_misbinding,3ddb55654ed7020ccecce1477ee0dd89c92f37d7,1738aa639b37c24c9a687969970adb435313e91ca717b336ca50525dd7d4e928,3ebb8ce93cecd9d76ef6358493113e3d186b46dc569038f73332c9cc58c495a3,3ebb8ce93cecd9d76ef6358493113e3d186b46dc569038f73332c9cc58c495a3,2026-09-10T09:11:42.573373+00:00,route_map_diagnostic,arrival_assigned,route_greedy,5000,771.6049382716049,0.0,2777.7777777777774,0.15432098765432098,0.0,0.5555555555555555,0.5555555555555555,0.4012345679012345,1e-08,True,0.4012345679012345,1e-08,True,0.41111111111111104,0.5,0.5,0.5,2500,0.308641975308642,0.3086419753086419,0.012345679012345671,0.012345679012345664,0.5,0.308641975308642,0.3086419753086419,15.0,0.0,0.0,15.0,15,fa0ea78c4cf53f062dc5da095e017be4ed3dbf6be908f838f123b82fdd3902a6,fc6f62a5bf3c29b387a8cb8045e96dcbffd37dabf50fd949add6aeaff3361bbc,1729704086c61a1ca1f6651c14ac76bac69d3e5e4cb955649cc7109ed23034f4,horizon_route_map,5000,5e-05,0.2777777777777778,True
exp1_alignment_transfer:targeted:full:targeted_systematic_horizon_5000:2026-09-10T09:11:42.534552+00:00,paper,True,targeted,exp1_alignment_transfer,targeted_systematic_horizon_5000,28,systematic_misbinding,3ddb55654ed7020ccecce1477ee0dd89c92f37d7,1738aa639b37c24c9a687969970adb435313e91ca717b336ca50525dd7d4e928,3ebb8ce93cecd9d76ef6358493113e3d186b46dc569038f73332c9cc58c495a3,3ebb8ce93cecd9d76ef6358493113e3d186b46dc569038f73332c9cc58c495a3,2026-09-10T09:11:42.573373+00:00,route_map_diagnostic,source_bound,route_greedy,5000,0.0,0.0,0.0,0.0,0.0,0.0,0.0,0.0,1e-08,True,0.0,1e-08,True,0.0,0.0,0.0,0.0,0,,,,,1.0,0.0,0.0,15.0,0.0,0.0,0.0,0,fa0ea78c4cf53f062dc5da095e017be4ed3dbf6be908f838f123b82fdd3902a6,fc6f62a5bf3c29b387a8cb8045e96dcbffd37dabf50fd949add6aeaff3361bbc,1729704086c61a1ca1f6651c14ac76bac69d3e5e4cb955649cc7109ed23034f4,horizon_route_map,5000,5e-05,,False
exp1_alignment_transfer:targeted:full:targeted_systematic_horizon_10000:2026-09-10T09:11:43.961777+00:00,paper,True,targeted,exp1_alignment_transfer,targeted_systematic_horizon_10000,28,systematic_misbinding,3ddb55654ed7020ccecce1477ee0dd89c92f37d7,da85e70825466cff842b6ebf9a9b518dc6d40d23fd2f752124f37a433b92c063,3ebb8ce93cecd9d76ef6358493113e3d186b46dc569038f73332c9cc58c495a3,3ebb8ce93cecd9d76ef6358493113e3d186b46dc569038f73332c9cc58c495a3,2026-09-10T09:11:44.001750+00:00,route_map_diagnostic,arrival_assigned,route_greedy,10000,1541.6666666666665,0.0,5549.999999999999,0.15416666666666665,0.0,0.5549999999999999,0.5549999999999999,0.40083333333333326,1e-08,True,0.40083333333333326,1e-08,True,0.4107,0.4995,0.4995,0.4995,4995,0.308641975308642,0.3086419753086419,0.012345679012345671,0.012345679012345664,0.5005,0.308641975308642,0.3086419753086419,15.0,0.0,0.0,15.0,15,8a00d970c4309e51034ae50362de664aa0609ef64d91109efd2efd7abc7b229b,166e5abbbe14b49dadfd4d28e146507c46edc00df4d12008d753cadc9d95d55b,745946a59f4446f84efc209a0e80dda9d07ed8226fbaa7a3bdb665f047e949ac,horizon_route_map,10000,0.0001,0.2777777777777778,True
exp1_alignment_transfer:targeted:full:targeted_systematic_horizon_10000:2026-09-10T09:11:43.961777+00:00,paper,True,targeted,exp1_alignment_transfer,targeted_systematic_horizon_10000,28,systematic_misbinding,3ddb55654ed7020ccecce1477ee0dd89c92f37d7,da85e70825466cff842b6ebf9a9b518dc6d40d23fd2f752124f37a433b92c063,3ebb8ce93cecd9d76ef6358493113e3d186b46dc569038f73332c9cc58c495a3,3ebb8ce93cecd9d76ef6358493113e3d186b46dc569038f73332c9cc58c495a3,2026-09-10T09:11:44.001750+00:00,route_map_diagnostic,source_bound,route_greedy,10000,0.0,0.0,0.0,0.0,0.0,0.0,0.0,0.0,1e-08,True,0.0,1e-08,True,0.0,0.0,0.0,0.0,0,,,,,1.0,0.0,0.0,15.0,0.0,0.0,0.0,0,8a00d970c4309e51034ae50362de664aa0609ef64d91109efd2efd7abc7b229b,166e5abbbe14b49dadfd4d28e146507c46edc00df4d12008d753cadc9d95d55b,745946a59f4446f84efc209a0e80dda9d07ed8226fbaa7a3bdb665f047e949ac,horizon_route_map,10000,0.0001,,False
exp1_alignment_transfer:targeted:full:targeted_systematic_horizon_1000:2026-09-10T09:11:47.127761+00:00,paper,True,targeted,exp1_alignment_transfer,targeted_systematic_horizon_1000,29,systematic_misbinding,3ddb55654ed7020ccecce1477ee0dd89c92f37d7,63d64e34a200ec61e73424bbad568ccfc3246f798eacff93f5f654190ad16a1d,3ebb8ce93cecd9d76ef6358493113e3d186b46dc569038f73332c9cc58c495a3,3ebb8ce93cecd9d76ef6358493113e3d186b46dc569038f73332c9cc58c495a3,2026-09-10T09:11:47.167883+00:00,route_map_diagnostic,arrival_assigned,route_greedy,1000,155.8641975308642,0.0,561.111111111111,0.1558641975308642,0.0,0.561111111111111,0.561111111111111,0.4052469135802468,1e-08,True,0.4052469135802468,1e-08,True,0.41522222222222216,0.505,0.505,0.505,505,0.30864197530864185,0.3086419753086419,0.012345679012345675,0.012345679012345664,0.495,0.30864197530864185,0.3086419753086419,15.0,0.0,0.0,15.0,15,951a0d2a5862fffd047e1341d442e3768e85fa571ef2025d0abe0b261b1e65d6,c8eedb6538cdbc0db4978cd45658fed4d12a591cc3c93e10edd470eb7c9cdd78,e56e8d77b1c218058b326d07a2e84d6f53a02971170ba1ce7cc9c77e231584fe,horizon_route_map,1000,1e-05,0.27777777777777785,True
exp1_alignment_transfer:targeted:full:targeted_systematic_horizon_1000:2026-09-10T09:11:47.127761+00:00,paper,True,targeted,exp1_alignment_transfer,targeted_systematic_horizon_1000,29,systematic_misbinding,3ddb55654ed7020ccecce1477ee0dd89c92f37d7,63d64e34a200ec61e73424bbad568ccfc3246f798eacff93f5f654190ad16a1d,3ebb8ce93cecd9d76ef6358493113e3d186b46dc569038f73332c9cc58c495a3,3ebb8ce93cecd9d76ef6358493113e3d186b46dc569038f73332c9cc58c495a3,2026-09-10T09:11:47.167883+00:00,route_map_diagnostic,source_bound,route_greedy,1000,0.0,0.0,0.0,0.0,0.0,0.0,0.0,0.0,1e-08,True,0.0,1e-08,True,0.0,0.0,0.0,0.0,0,,,,,1.0,0.0,0.0,15.0,0.0,0.0,0.0,0,951a0d2a5862fffd047e1341d442e3768e85fa571ef2025d0abe0b261b1e65d6,c8eedb6538cdbc0db4978cd45658fed4d12a591cc3c93e10edd470eb7c9cdd78,e56e8d77b1c218058b326d07a2e84d6f53a02971170ba1ce7cc9c77e231584fe,horizon_route_map,1000,1e-05,,False
exp1_alignment_transfer:targeted:full:targeted_systematic_horizon_5000:2026-09-10T09:11:47.481406+00:00,paper,True,targeted,exp1_alignment_transfer,targeted_systematic_horizon_5000,29,systematic_misbinding,3ddb55654ed7020ccecce1477ee0dd89c92f37d7,1738aa639b37c24c9a687969970adb435313e91ca717b336ca50525dd7d4e928,3ebb8ce93cecd9d76ef6358493113e3d186b46dc569038f73332c9cc58c495a3,3ebb8ce93cecd9d76ef6358493113e3d186b46dc569038f73332c9cc58c495a3,2026-09-10T09:11:47.523016+00:00,route_map_diagnostic,arrival_assigned,route_greedy,5000,771.6049382716049,0.0,2777.7777777777774,0.15432098765432098,0.0,0.5555555555555555,0.5555555555555555,0.4012345679012345,1e-08,True,0.4012345679012345,1e-08,True,0.41111111111111115,0.5,0.5,0.5,2500,0.308641975308642,0.3086419753086419,0.012345679012345671,0.012345679012345664,0.5,0.308641975308642,0.3086419753086419,15.0,0.0,0.0,15.0,15,b2ae9938fed49893867584371c3659995b2bf635ec55de1475bbdfa01344d8f1,28db95969dbf6204ec00ded4f4ccb00b531f20e62d0c9edb8d213c13885cda23,f92dcdd4de4c24f4fe3b4b609050f7f96a0b2a2d38a4c239638a9159c2c1044a,horizon_route_map,5000,5e-05,0.2777777777777778,True
exp1_alignment_transfer:targeted:full:targeted_systematic_horizon_5000:2026-09-10T09:11:47.481406+00:00,paper,True,targeted,exp1_alignment_transfer,targeted_systematic_horizon_5000,29,systematic_misbinding,3ddb55654ed7020ccecce1477ee0dd89c92f37d7,1738aa639b37c24c9a687969970adb435313e91ca717b336ca50525dd7d4e928,3ebb8ce93cecd9d76ef6358493113e3d186b46dc569038f73332c9cc58c495a3,3ebb8ce93cecd9d76ef6358493113e3d186b46dc569038f73332c9cc58c495a3,2026-09-10T09:11:47.523016+00:00,route_map_diagnostic,source_bound,route_greedy,5000,0.0,0.0,0.0,0.0,0.0,0.0,0.0,0.0,1e-08,True,0.0,1e-08,True,0.0,0.0,0.0,0.0,0,,,,,1.0,0.0,0.0,15.0,0.0,0.0,0.0,0,b2ae9938fed49893867584371c3659995b2bf635ec55de1475bbdfa01344d8f1,28db95969dbf6204ec00ded4f4ccb00b531f20e62d0c9edb8d213c13885cda23,f92dcdd4de4c24f4fe3b4b609050f7f96a0b2a2d38a4c239638a9159c2c1044a,horizon_route_map,5000,5e-05,,False
exp1_alignment_transfer:targeted:full:targeted_systematic_horizon_10000:2026-09-10T09:11:48.929604+00:00,paper,True,targeted,exp1_alignment_transfer,targeted_systematic_horizon_10000,29,systematic_misbinding,3ddb55654ed7020ccecce1477ee0dd89c92f37d7,da85e70825466cff842b6ebf9a9b518dc6d40d23fd2f752124f37a433b92c063,3ebb8ce93cecd9d76ef6358493113e3d186b46dc569038f73332c9cc58c495a3,3ebb8ce93cecd9d76ef6358493113e3d186b46dc569038f73332c9cc58c495a3,2026-09-10T09:11:48.967482+00:00,route_map_diagnostic,arrival_assigned,route_greedy,10000,1544.753086419753,0.0,5561.11111111111,0.15447530864197528,0.0,0.556111111111111,0.556111111111111,0.40163580246913577,1e-08,True,0.40163580246913577,1e-08,True,0.4115222222222223,0.5005,0.5005,0.5005,5005,0.308641975308642,0.3086419753086419,0.012345679012345671,0.012345679012345664,0.4995,0.308641975308642,0.3086419753086419,15.0,0.0,0.0,15.0,15,c8510d5e6619bfcb2307d8926a021b28b70b8580c13b6e45d8e0c49a935163ec,1e885db1289503c127ff99d50047e60903f68169a27e6e46b1a046ee5768fd53,5017ea0ae516c5a25405cec4688caf38ee73378fdba4dab55af7e70c7fdcb31e,horizon_route_map,10000,0.0001,0.2777777777777778,True
exp1_alignment_transfer:targeted:full:targeted_systematic_horizon_10000:2026-09-10T09:11:48.929604+00:00,paper,True,targeted,exp1_alignment_transfer,targeted_systematic_horizon_10000,29,systematic_misbinding,3ddb55654ed7020ccecce1477ee0dd89c92f37d7,da85e70825466cff842b6ebf9a9b518dc6d40d23fd2f752124f37a433b92c063,3ebb8ce93cecd9d76ef6358493113e3d186b46dc569038f73332c9cc58c495a3,3ebb8ce93cecd9d76ef6358493113e3d186b46dc569038f73332c9cc58c495a3,2026-09-10T09:11:48.967482+00:00,route_map_diagnostic,source_bound,route_greedy,10000,0.0,0.0,0.0,0.0,0.0,0.0,0.0,0.0,1e-08,True,0.0,1e-08,True,0.0,0.0,0.0,0.0,0,,,,,1.0,0.0,0.0,15.0,0.0,0.0,0.0,0,c8510d5e6619bfcb2307d8926a021b28b70b8580c13b6e45d8e0c49a935163ec,1e885db1289503c127ff99d50047e60903f68169a27e6e46b1a046ee5768fd53,5017ea0ae516c5a25405cec4688caf38ee73378fdba4dab55af7e70c7fdcb31e,horizon_route_map,10000,0.0001,,False
