run_id,run_tier,paper_result,analysis_tier,experiment_id,configuration_id,seed,mechanism_id,code_commit,config_hash,input_manifest_hash,calibration_manifest_hash,generated_at,analysis_component,learner_id,feedback_binding_id,n_rounds,structural_regret,structural_regret_rate,context_constrained_regret,context_constrained_regret_rate,feedback_units_processed,terminal_unobserved_feedback,final_log_weight_hash,structural_path_hash,delay_path_hash,learner_uniform_tape_hash,bundle_hash,paired_arrival_minus_source_regret_rate,targeted_component,target_mean_delay,generated_mean_delay
exp1_alignment_transfer:targeted:full:targeted_geometric_mean_5:2026-08-17T10:10:48.451283+00:00,paper,True,targeted,exp1_alignment_transfer,targeted_geometric_mean_5,0,geometric_delay,eb5ae7e32d26e3d2326388733285644cfe0b7398,1738aa639b37c24c9a687969970adb435313e91ca717b336ca50525dd7d4e928,3ebb8ce93cecd9d76ef6358493113e3d186b46dc569038f73332c9cc58c495a3,3ebb8ce93cecd9d76ef6358493113e3d186b46dc569038f73332c9cc58c495a3,2026-08-17T10:10:48.488500+00:00,learner_consequence,contextual_delayed_exp3,arrival_clock,5000,828.4910036060351,0.165698200721207,760.8985315193001,0.15217970630386,4994,6,6efd84568eccbafc62fd7fb1bac5bc5de49b7b219bba639549699789ac0daff5,3eac5d8df853cf8877a8cf2da4676afa083247dfec16cc899f30c0dac1d94879,2b28876a60717de9975c5d5b54f134f3c853f96cbf1f73c6d240c197127975fa,8a258e2df74321bce841079d8a6cc78cb6483f6c9d87ede96c0b9cc5aaa70878,c416e3b86e17b6a6390076d620ce77b4fe2a06631028b45bbc2f7553a572070d,0.0520410806555681,mean_delay_robustness,5.0,4.906078431372549
exp1_alignment_transfer:targeted:full:targeted_geometric_mean_5:2026-08-17T10:10:48.451283+00:00,paper,True,targeted,exp1_alignment_transfer,targeted_geometric_mean_5,0,geometric_delay,eb5ae7e32d26e3d2326388733285644cfe0b7398,1738aa639b37c24c9a687969970adb435313e91ca717b336ca50525dd7d4e928,3ebb8ce93cecd9d76ef6358493113e3d186b46dc569038f73332c9cc58c495a3,3ebb8ce93cecd9d76ef6358493113e3d186b46dc569038f73332c9cc58c495a3,2026-08-17T10:10:48.488500+00:00,learner_consequence,contextual_delayed_exp3,source_round,5000,568.2856003281943,0.1136571200656388,500.6931282414592,0.1001386256482918,4994,6,96f3829c3804ed6ca859727861ae822035719361509ddbaca47df00bb02be6d4,3eac5d8df853cf8877a8cf2da4676afa083247dfec16cc899f30c0dac1d94879,2b28876a60717de9975c5d5b54f134f3c853f96cbf1f73c6d240c197127975fa,8a258e2df74321bce841079d8a6cc78cb6483f6c9d87ede96c0b9cc5aaa70878,c416e3b86e17b6a6390076d620ce77b4fe2a06631028b45bbc2f7553a572070d,0.0520410806555681,mean_delay_robustness,5.0,4.906078431372549
exp1_alignment_transfer:targeted:full:targeted_geometric_mean_5:2026-08-17T10:10:49.299321+00:00,paper,True,targeted,exp1_alignment_transfer,targeted_geometric_mean_5,1,geometric_delay,eb5ae7e32d26e3d2326388733285644cfe0b7398,1738aa639b37c24c9a687969970adb435313e91ca717b336ca50525dd7d4e928,3ebb8ce93cecd9d76ef6358493113e3d186b46dc569038f73332c9cc58c495a3,3ebb8ce93cecd9d76ef6358493113e3d186b46dc569038f73332c9cc58c495a3,2026-08-17T10:10:49.333437+00:00,learner_consequence,contextual_delayed_exp3,arrival_clock,5000,754.844847622432,0.1509689695244864,682.4353104766268,0.1364870620953253,4997,3,d99b0cda8d450cc8b1c714b15343644fd4b5ad02f13206524c9ff44ab5af75cf,e1430fe6f9f591e9188c1a5b7f54fe22e3e9178eae3e37f663672f70a33fb6cb,9457e2b8136d21edc95111daaafb1a46729b8b0f38aebffedf3ad6cfed1bb08a,8175329a155820b75fc606818dd1371946844bb4bbbaf586983154f65d95c6d3,db94f453026623d3d112cb3bd51d8ef7501decabbc95755f274835beff0d1000,0.0408077071694382,mean_delay_robustness,5.0,5.09921568627451
exp1_alignment_transfer:targeted:full:targeted_geometric_mean_5:2026-08-17T10:10:49.299321+00:00,paper,True,targeted,exp1_alignment_transfer,targeted_geometric_mean_5,1,geometric_delay,eb5ae7e32d26e3d2326388733285644cfe0b7398,1738aa639b37c24c9a687969970adb435313e91ca717b336ca50525dd7d4e928,3ebb8ce93cecd9d76ef6358493113e3d186b46dc569038f73332c9cc58c495a3,3ebb8ce93cecd9d76ef6358493113e3d186b46dc569038f73332c9cc58c495a3,2026-08-17T10:10:49.333437+00:00,learner_consequence,contextual_delayed_exp3,source_round,5000,550.8063117752408,0.1101612623550481,478.3967746294357,0.0956793549258871,4997,3,4e5a553c1f0e8769edd6d7e364c8c72c11d093fab530a7a7f5251537c7647c2f,e1430fe6f9f591e9188c1a5b7f54fe22e3e9178eae3e37f663672f70a33fb6cb,9457e2b8136d21edc95111daaafb1a46729b8b0f38aebffedf3ad6cfed1bb08a,8175329a155820b75fc606818dd1371946844bb4bbbaf586983154f65d95c6d3,db94f453026623d3d112cb3bd51d8ef7501decabbc95755f274835beff0d1000,0.0408077071694382,mean_delay_robustness,5.0,5.09921568627451
exp1_alignment_transfer:targeted:full:targeted_geometric_mean_5:2026-08-17T10:10:50.129113+00:00,paper,True,targeted,exp1_alignment_transfer,targeted_geometric_mean_5,2,geometric_delay,eb5ae7e32d26e3d2326388733285644cfe0b7398,1738aa639b37c24c9a687969970adb435313e91ca717b336ca50525dd7d4e928,3ebb8ce93cecd9d76ef6358493113e3d186b46dc569038f73332c9cc58c495a3,3ebb8ce93cecd9d76ef6358493113e3d186b46dc569038f73332c9cc58c495a3,2026-08-17T10:10:50.160200+00:00,learner_consequence,contextual_delayed_exp3,arrival_clock,5000,771.773334880665,0.1543546669761329,696.6353277571452,0.139327065551429,4995,5,996de6b0412de92fc750f88d270e97be74cd872a40536d714daf72e41a589fdd,f1f1f54c693a3b82ceee433ec452c51e33e4eca98b3d9b07b5c1fa97d8671aa5,4466439e911390101f40165ee431709d5d06887638726d151c16b1f1f67d9bfc,324b29476d9e5ae89ed31f587606366a51e7e71cdf1f6cf9c3d3c71382d23f40,a13f24263c4075b928f3692a0998bb1c52b39b1bb79341e7d2141a5aadcbb37f,0.0416628206663958,mean_delay_robustness,5.0,5.010980392156863
exp1_alignment_transfer:targeted:full:targeted_geometric_mean_5:2026-08-17T10:10:50.129113+00:00,paper,True,targeted,exp1_alignment_transfer,targeted_geometric_mean_5,2,geometric_delay,eb5ae7e32d26e3d2326388733285644cfe0b7398,1738aa639b37c24c9a687969970adb435313e91ca717b336ca50525dd7d4e928,3ebb8ce93cecd9d76ef6358493113e3d186b46dc569038f73332c9cc58c495a3,3ebb8ce93cecd9d76ef6358493113e3d186b46dc569038f73332c9cc58c495a3,2026-08-17T10:10:50.160200+00:00,learner_consequence,contextual_delayed_exp3,source_round,5000,563.4592315486857,0.1126918463097371,488.32122442516606,0.0976642448850332,4995,5,240d30ef85b0fdeb60b85a009088df2d5835c0d5cea652e10c3d67fe92ad4856,f1f1f54c693a3b82ceee433ec452c51e33e4eca98b3d9b07b5c1fa97d8671aa5,4466439e911390101f40165ee431709d5d06887638726d151c16b1f1f67d9bfc,324b29476d9e5ae89ed31f587606366a51e7e71cdf1f6cf9c3d3c71382d23f40,a13f24263c4075b928f3692a0998bb1c52b39b1bb79341e7d2141a5aadcbb37f,0.0416628206663958,mean_delay_robustness,5.0,5.010980392156863
exp1_alignment_transfer:targeted:full:targeted_geometric_mean_5:2026-08-17T10:10:50.953965+00:00,paper,True,targeted,exp1_alignment_transfer,targeted_geometric_mean_5,3,geometric_delay,eb5ae7e32d26e3d2326388733285644cfe0b7398,1738aa639b37c24c9a687969970adb435313e91ca717b336ca50525dd7d4e928,3ebb8ce93cecd9d76ef6358493113e3d186b46dc569038f73332c9cc58c495a3,3ebb8ce93cecd9d76ef6358493113e3d186b46dc569038f73332c9cc58c495a3,2026-08-17T10:10:50.986076+00:00,learner_consequence,contextual_delayed_exp3,arrival_clock,5000,787.4178617006384,0.1574835723401276,710.8523735632464,0.1421704747126492,4994,6,8a60959e3b728a7aa6da6aed059b3a4c020ef3edc36bb1f772d6b14e15ae59dd,ab8c80d80c972f75215ece83fcdb7a3d3ba875e4f0d90517c339ae1fbba2a5b0,d16794d21c62137194352ca90cb64512bdfeba2bfec547844fba1c9e137fadd9,5aede2a1d0bae22936b8f9f9cc59c265fbcdbcc5a4f60e51ed527b99e811dcfb,0a613cb4bb0d0a86931c7318fb1a14d423dbad2f9a366bb50a1d440de4978578,0.0447069021385709,mean_delay_robustness,5.0,4.992549019607843
exp1_alignment_transfer:targeted:full:targeted_geometric_mean_5:2026-08-17T10:10:50.953965+00:00,paper,True,targeted,exp1_alignment_transfer,targeted_geometric_mean_5,3,geometric_delay,eb5ae7e32d26e3d2326388733285644cfe0b7398,1738aa639b37c24c9a687969970adb435313e91ca717b336ca50525dd7d4e928,3ebb8ce93cecd9d76ef6358493113e3d186b46dc569038f73332c9cc58c495a3,3ebb8ce93cecd9d76ef6358493113e3d186b46dc569038f73332c9cc58c495a3,2026-08-17T10:10:50.986076+00:00,learner_consequence,contextual_delayed_exp3,source_round,5000,563.8833510077837,0.1127766702015567,487.3178628703919,0.0974635725740783,4994,6,47166bb791e264678fdd3243bac1b63a6ed140802cb5688bf102acefeba4ecad,ab8c80d80c972f75215ece83fcdb7a3d3ba875e4f0d90517c339ae1fbba2a5b0,d16794d21c62137194352ca90cb64512bdfeba2bfec547844fba1c9e137fadd9,5aede2a1d0bae22936b8f9f9cc59c265fbcdbcc5a4f60e51ed527b99e811dcfb,0a613cb4bb0d0a86931c7318fb1a14d423dbad2f9a366bb50a1d440de4978578,0.0447069021385709,mean_delay_robustness,5.0,4.992549019607843
exp1_alignment_transfer:targeted:full:targeted_geometric_mean_5:2026-08-17T10:10:51.784335+00:00,paper,True,targeted,exp1_alignment_transfer,targeted_geometric_mean_5,4,geometric_delay,eb5ae7e32d26e3d2326388733285644cfe0b7398,1738aa639b37c24c9a687969970adb435313e91ca717b336ca50525dd7d4e928,3ebb8ce93cecd9d76ef6358493113e3d186b46dc569038f73332c9cc58c495a3,3ebb8ce93cecd9d76ef6358493113e3d186b46dc569038f73332c9cc58c495a3,2026-08-17T10:10:51.869701+00:00,learner_consequence,contextual_delayed_exp3,arrival_clock,5000,773.0889472883694,0.1546177894576738,701.5161413294045,0.1403032282658809,4996,4,4a5ae08a455fd17842bff7bc1f2c63b4e1812c5c849c01653629c6beca1f0023,90c95fb67bc01729003331b35a86714c4f51b6fa8b78234042cb20737c134db9,efbdf9952038897f9600790694bb64868acfd64fe2172f7497b96eb87bf2daeb,6d7f5dfcdbab14a25c13639db0048a2ed55445cb2af74c669cb6b94c5baab200,5563191baaa200428d7730ca9e4b4cbf7d315744561db06423e05e30760e1842,0.0427945289912874,mean_delay_robustness,5.0,5.01313725490196
exp1_alignment_transfer:targeted:full:targeted_geometric_mean_5:2026-08-17T10:10:51.784335+00:00,paper,True,targeted,exp1_alignment_transfer,targeted_geometric_mean_5,4,geometric_delay,eb5ae7e32d26e3d2326388733285644cfe0b7398,1738aa639b37c24c9a687969970adb435313e91ca717b336ca50525dd7d4e928,3ebb8ce93cecd9d76ef6358493113e3d186b46dc569038f73332c9cc58c495a3,3ebb8ce93cecd9d76ef6358493113e3d186b46dc569038f73332c9cc58c495a3,2026-08-17T10:10:51.869701+00:00,learner_consequence,contextual_delayed_exp3,source_round,5000,559.1163023319319,0.1118232604663863,487.5434963729672,0.0975086992745934,4996,4,2d73ead0f6dd32f8dd7edd40b8b83c30cebe82ca077fec73cb85391eacb1c963,90c95fb67bc01729003331b35a86714c4f51b6fa8b78234042cb20737c134db9,efbdf9952038897f9600790694bb64868acfd64fe2172f7497b96eb87bf2daeb,6d7f5dfcdbab14a25c13639db0048a2ed55445cb2af74c669cb6b94c5baab200,5563191baaa200428d7730ca9e4b4cbf7d315744561db06423e05e30760e1842,0.0427945289912874,mean_delay_robustness,5.0,5.01313725490196
exp1_alignment_transfer:targeted:full:targeted_geometric_mean_5:2026-08-17T10:10:52.817318+00:00,paper,True,targeted,exp1_alignment_transfer,targeted_geometric_mean_5,5,geometric_delay,eb5ae7e32d26e3d2326388733285644cfe0b7398,1738aa639b37c24c9a687969970adb435313e91ca717b336ca50525dd7d4e928,3ebb8ce93cecd9d76ef6358493113e3d186b46dc569038f73332c9cc58c495a3,3ebb8ce93cecd9d76ef6358493113e3d186b46dc569038f73332c9cc58c495a3,2026-08-17T10:10:52.854559+00:00,learner_consequence,contextual_delayed_exp3,arrival_clock,5000,782.5460811948622,0.1565092162389724,711.1334103490501,0.14222668206981,4995,5,9ef9ff2d35728391410bf77434f9344e119310d7f8f280d4e2b7e8d17add26d8,882eaffd5793dff1d3105d390ce80cdf84e730430a786692e72f675cc4249ef9,c98ace6ee1619e09161d596ae95859b9eb04fdfac3f4ea707900df34e01d7aaf,aff0c2208642bdc8ffc03a9760ee114d5f49aa916dd545ada66e3a2f415bb9fb,188621130b667b7a88a96a221084fb67c8fea9226d71e843f7cebeb9a7d0a58c,0.0422004729909322,mean_delay_robustness,5.0,5.042941176470588
exp1_alignment_transfer:targeted:full:targeted_geometric_mean_5:2026-08-17T10:10:52.817318+00:00,paper,True,targeted,exp1_alignment_transfer,targeted_geometric_mean_5,5,geometric_delay,eb5ae7e32d26e3d2326388733285644cfe0b7398,1738aa639b37c24c9a687969970adb435313e91ca717b336ca50525dd7d4e928,3ebb8ce93cecd9d76ef6358493113e3d186b46dc569038f73332c9cc58c495a3,3ebb8ce93cecd9d76ef6358493113e3d186b46dc569038f73332c9cc58c495a3,2026-08-17T10:10:52.854559+00:00,learner_consequence,contextual_delayed_exp3,source_round,5000,571.5437162402011,0.1143087432480402,500.1310453943894,0.1000262090788778,4995,5,f352a597cc65e5c61c3175595adb8fa028956f34573d4ca7eda2ded088298388,882eaffd5793dff1d3105d390ce80cdf84e730430a786692e72f675cc4249ef9,c98ace6ee1619e09161d596ae95859b9eb04fdfac3f4ea707900df34e01d7aaf,aff0c2208642bdc8ffc03a9760ee114d5f49aa916dd545ada66e3a2f415bb9fb,188621130b667b7a88a96a221084fb67c8fea9226d71e843f7cebeb9a7d0a58c,0.0422004729909322,mean_delay_robustness,5.0,5.042941176470588
exp1_alignment_transfer:targeted:full:targeted_geometric_mean_5:2026-08-17T10:10:53.581500+00:00,paper,True,targeted,exp1_alignment_transfer,targeted_geometric_mean_5,6,geometric_delay,eb5ae7e32d26e3d2326388733285644cfe0b7398,1738aa639b37c24c9a687969970adb435313e91ca717b336ca50525dd7d4e928,3ebb8ce93cecd9d76ef6358493113e3d186b46dc569038f73332c9cc58c495a3,3ebb8ce93cecd9d76ef6358493113e3d186b46dc569038f73332c9cc58c495a3,2026-08-17T10:10:53.613609+00:00,learner_consequence,contextual_delayed_exp3,arrival_clock,5000,795.7092812214258,0.1591418562442851,722.4262639064782,0.1444852527812956,4996,4,9ee00639b05536f0090f1b564c9b2a89b7a9e62a88ecb64de7316137faeae3d8,f0a3a3f7dc9950599bb0975c54aa7c5b247bc208ed9faab74a3510bbde9c57e4,07c8601720bcad39bdc9d90c27f906b1750f8ba34a4e8c346d4ee402b2561edc,9c12dabbad9882466fadacb829b981c1f59d18c6bb40c71feac97dd45f662b8b,bc63d1e7e3d815e9939d94b067971a5df27d3f6350d84dd63f1578b4e44d5989,0.0469463131768638,mean_delay_robustness,5.0,5.017450980392157
exp1_alignment_transfer:targeted:full:targeted_geometric_mean_5:2026-08-17T10:10:53.581500+00:00,paper,True,targeted,exp1_alignment_transfer,targeted_geometric_mean_5,6,geometric_delay,eb5ae7e32d26e3d2326388733285644cfe0b7398,1738aa639b37c24c9a687969970adb435313e91ca717b336ca50525dd7d4e928,3ebb8ce93cecd9d76ef6358493113e3d186b46dc569038f73332c9cc58c495a3,3ebb8ce93cecd9d76ef6358493113e3d186b46dc569038f73332c9cc58c495a3,2026-08-17T10:10:53.613609+00:00,learner_consequence,contextual_delayed_exp3,source_round,5000,560.9777153371065,0.1121955430674213,487.6946980221588,0.0975389396044317,4996,4,c0226f62e6778ac5bcd63f2ea7ea1bb94b1a9f1a2a3aaec3e383612239bb807e,f0a3a3f7dc9950599bb0975c54aa7c5b247bc208ed9faab74a3510bbde9c57e4,07c8601720bcad39bdc9d90c27f906b1750f8ba34a4e8c346d4ee402b2561edc,9c12dabbad9882466fadacb829b981c1f59d18c6bb40c71feac97dd45f662b8b,bc63d1e7e3d815e9939d94b067971a5df27d3f6350d84dd63f1578b4e44d5989,0.0469463131768638,mean_delay_robustness,5.0,5.017450980392157
exp1_alignment_transfer:targeted:full:targeted_geometric_mean_5:2026-08-17T10:10:54.375967+00:00,paper,True,targeted,exp1_alignment_transfer,targeted_geometric_mean_5,7,geometric_delay,eb5ae7e32d26e3d2326388733285644cfe0b7398,1738aa639b37c24c9a687969970adb435313e91ca717b336ca50525dd7d4e928,3ebb8ce93cecd9d76ef6358493113e3d186b46dc569038f73332c9cc58c495a3,3ebb8ce93cecd9d76ef6358493113e3d186b46dc569038f73332c9cc58c495a3,2026-08-17T10:10:54.406534+00:00,learner_consequence,contextual_delayed_exp3,arrival_clock,5000,808.1851160260725,0.1616370232052145,736.1491774437714,0.1472298354887542,4995,5,c1633d37af7659a6721930cf3a253ba135762d043e4951b75030191a935e4472,6bad13c1e816ada49fbfb5f75b828736c15ac5d21735f1ab0f3049085505dea4,2eaf4b9a3728d7804f2358b352ab1f3266a4f575f25cc74464c8ba7a5da14af3,bf9efdb82d04207dce4d45d309df4713a1d165db36efe8d74932d98e7647a82c,448e89dfe535eb8d436f5b6d767cab2355517b63e64ccfa39b54f21457c5e690,0.044502688442929,mean_delay_robustness,5.0,4.998823529411765
exp1_alignment_transfer:targeted:full:targeted_geometric_mean_5:2026-08-17T10:10:54.375967+00:00,paper,True,targeted,exp1_alignment_transfer,targeted_geometric_mean_5,7,geometric_delay,eb5ae7e32d26e3d2326388733285644cfe0b7398,1738aa639b37c24c9a687969970adb435313e91ca717b336ca50525dd7d4e928,3ebb8ce93cecd9d76ef6358493113e3d186b46dc569038f73332c9cc58c495a3,3ebb8ce93cecd9d76ef6358493113e3d186b46dc569038f73332c9cc58c495a3,2026-08-17T10:10:54.406534+00:00,learner_consequence,contextual_delayed_exp3,source_round,5000,585.6716738114272,0.1171343347622854,513.6357352291261,0.1027271470458252,4995,5,008bc0a2f42eb45bd5a1c959585c0f984dc5781b6e0f1b17ccc4d5dd3ab63521,6bad13c1e816ada49fbfb5f75b828736c15ac5d21735f1ab0f3049085505dea4,2eaf4b9a3728d7804f2358b352ab1f3266a4f575f25cc74464c8ba7a5da14af3,bf9efdb82d04207dce4d45d309df4713a1d165db36efe8d74932d98e7647a82c,448e89dfe535eb8d436f5b6d767cab2355517b63e64ccfa39b54f21457c5e690,0.044502688442929,mean_delay_robustness,5.0,4.998823529411765
exp1_alignment_transfer:targeted:full:targeted_geometric_mean_5:2026-08-17T10:10:55.195920+00:00,paper,True,targeted,exp1_alignment_transfer,targeted_geometric_mean_5,8,geometric_delay,eb5ae7e32d26e3d2326388733285644cfe0b7398,1738aa639b37c24c9a687969970adb435313e91ca717b336ca50525dd7d4e928,3ebb8ce93cecd9d76ef6358493113e3d186b46dc569038f73332c9cc58c495a3,3ebb8ce93cecd9d76ef6358493113e3d186b46dc569038f73332c9cc58c495a3,2026-08-17T10:10:55.230450+00:00,learner_consequence,contextual_delayed_exp3,arrival_clock,5000,779.2080672162192,0.1558416134432438,703.0850123627181,0.1406170024725436,4992,8,0398317f9778e438c448b8657163bf791d809a38236baa7054a8f21c2fb2ce5c,b83334272e998ef7db2cdd2cd63317895137b29beca41ea7f7137dea09f69899,177c644c06d6cb519c64ea593543179f8d54dc7f70e9232fd12794a9f3da57d5,b7e4a2ec280768226a7112d94cae02b729882bcf9ee97faa6f210f34f246f2c1,7a53c8291b7b35fbb0d75800e17318b9b32177f919b676f7e2910420693f61ba,0.0426543143515704,mean_delay_robustness,5.0,4.878627450980392
exp1_alignment_transfer:targeted:full:targeted_geometric_mean_5:2026-08-17T10:10:55.195920+00:00,paper,True,targeted,exp1_alignment_transfer,targeted_geometric_mean_5,8,geometric_delay,eb5ae7e32d26e3d2326388733285644cfe0b7398,1738aa639b37c24c9a687969970adb435313e91ca717b336ca50525dd7d4e928,3ebb8ce93cecd9d76ef6358493113e3d186b46dc569038f73332c9cc58c495a3,3ebb8ce93cecd9d76ef6358493113e3d186b46dc569038f73332c9cc58c495a3,2026-08-17T10:10:55.230450+00:00,learner_consequence,contextual_delayed_exp3,source_round,5000,565.9364954583671,0.1131872990916734,489.813440604866,0.0979626881209732,4992,8,9c3fa4123cfb4be92891531f8f60d142c44e2187d12612d67fa4b678757a43cd,b83334272e998ef7db2cdd2cd63317895137b29beca41ea7f7137dea09f69899,177c644c06d6cb519c64ea593543179f8d54dc7f70e9232fd12794a9f3da57d5,b7e4a2ec280768226a7112d94cae02b729882bcf9ee97faa6f210f34f246f2c1,7a53c8291b7b35fbb0d75800e17318b9b32177f919b676f7e2910420693f61ba,0.0426543143515704,mean_delay_robustness,5.0,4.878627450980392
exp1_alignment_transfer:targeted:full:targeted_geometric_mean_5:2026-08-17T10:10:56.035113+00:00,paper,True,targeted,exp1_alignment_transfer,targeted_geometric_mean_5,9,geometric_delay,eb5ae7e32d26e3d2326388733285644cfe0b7398,1738aa639b37c24c9a687969970adb435313e91ca717b336ca50525dd7d4e928,3ebb8ce93cecd9d76ef6358493113e3d186b46dc569038f73332c9cc58c495a3,3ebb8ce93cecd9d76ef6358493113e3d186b46dc569038f73332c9cc58c495a3,2026-08-17T10:10:56.067150+00:00,learner_consequence,contextual_delayed_exp3,arrival_clock,5000,808.4698680376641,0.1616939736075328,733.4385083338127,0.1466877016667625,4996,4,006af76f8c0b79db9a94bdad0acd8d327fb408c4962fcd7ce8a477e47227b559,cdf23c99ea1c442aa15d9b1523fa379231b42070696aa42b3e25f85bc88c21ef,c920d191daf69f963420b73c15d07ddf9685279f82bf1589b8a40b0751b504ba,083f68833c72f857205bcc4ddc0f2b04d6cb09ba702357f8e59415f9528620c3,cbfcff7f3d3107ec81af5230d1a3df212a5e98f2d2fea811efe0e2da2c315309,0.0478192122089878,mean_delay_robustness,5.0,4.90921568627451
exp1_alignment_transfer:targeted:full:targeted_geometric_mean_5:2026-08-17T10:10:56.035113+00:00,paper,True,targeted,exp1_alignment_transfer,targeted_geometric_mean_5,9,geometric_delay,eb5ae7e32d26e3d2326388733285644cfe0b7398,1738aa639b37c24c9a687969970adb435313e91ca717b336ca50525dd7d4e928,3ebb8ce93cecd9d76ef6358493113e3d186b46dc569038f73332c9cc58c495a3,3ebb8ce93cecd9d76ef6358493113e3d186b46dc569038f73332c9cc58c495a3,2026-08-17T10:10:56.067150+00:00,learner_consequence,contextual_delayed_exp3,source_round,5000,569.3738069927248,0.1138747613985449,494.34244728887336,0.0988684894577746,4996,4,95feac168dda64018b9b39a161be4ac7d5b8388291b640734d6972a669b40c81,cdf23c99ea1c442aa15d9b1523fa379231b42070696aa42b3e25f85bc88c21ef,c920d191daf69f963420b73c15d07ddf9685279f82bf1589b8a40b0751b504ba,083f68833c72f857205bcc4ddc0f2b04d6cb09ba702357f8e59415f9528620c3,cbfcff7f3d3107ec81af5230d1a3df212a5e98f2d2fea811efe0e2da2c315309,0.0478192122089878,mean_delay_robustness,5.0,4.90921568627451
exp1_alignment_transfer:targeted:full:targeted_geometric_mean_5:2026-08-17T10:10:56.906904+00:00,paper,True,targeted,exp1_alignment_transfer,targeted_geometric_mean_5,10,geometric_delay,eb5ae7e32d26e3d2326388733285644cfe0b7398,1738aa639b37c24c9a687969970adb435313e91ca717b336ca50525dd7d4e928,3ebb8ce93cecd9d76ef6358493113e3d186b46dc569038f73332c9cc58c495a3,3ebb8ce93cecd9d76ef6358493113e3d186b46dc569038f73332c9cc58c495a3,2026-08-17T10:10:56.946685+00:00,learner_consequence,contextual_delayed_exp3,arrival_clock,5000,783.5743881343712,0.1567148776268742,713.446725778623,0.1426893451557246,4997,3,28f34435a37d2ba305ce996eb5130d58041670f76d6a53f9bb3e0048134aa691,5a6503ee69e78060fc44b427e4004b217da30ba54f2d3291cd821f1573f831c3,5df3635a7ae4ec0a6356cefed1a0c712ac74052e53cb4082ddeb0397f73bd0bb,3da2c617a1b4504b0f8f454259bdb0c742589491c2a0dc1e37a4b7ae8bc7ed50,ec337cddcee1033e1fc027c0715c01a4fb6d5e2b57eb7c0b76f83266ef1ec69e,0.0449053562405288,mean_delay_robustness,5.0,4.9107843137254905
exp1_alignment_transfer:targeted:full:targeted_geometric_mean_5:2026-08-17T10:10:56.906904+00:00,paper,True,targeted,exp1_alignment_transfer,targeted_geometric_mean_5,10,geometric_delay,eb5ae7e32d26e3d2326388733285644cfe0b7398,1738aa639b37c24c9a687969970adb435313e91ca717b336ca50525dd7d4e928,3ebb8ce93cecd9d76ef6358493113e3d186b46dc569038f73332c9cc58c495a3,3ebb8ce93cecd9d76ef6358493113e3d186b46dc569038f73332c9cc58c495a3,2026-08-17T10:10:56.946685+00:00,learner_consequence,contextual_delayed_exp3,source_round,5000,559.0476069317272,0.1118095213863454,488.9199445759788,0.0977839889151957,4997,3,1993b82538dfd0c7d5a8a105eac14d632158e2098ecce6262d5ee1c8aaaf40af,5a6503ee69e78060fc44b427e4004b217da30ba54f2d3291cd821f1573f831c3,5df3635a7ae4ec0a6356cefed1a0c712ac74052e53cb4082ddeb0397f73bd0bb,3da2c617a1b4504b0f8f454259bdb0c742589491c2a0dc1e37a4b7ae8bc7ed50,ec337cddcee1033e1fc027c0715c01a4fb6d5e2b57eb7c0b76f83266ef1ec69e,0.0449053562405288,mean_delay_robustness,5.0,4.9107843137254905
exp1_alignment_transfer:targeted:full:targeted_geometric_mean_5:2026-08-17T10:10:57.826845+00:00,paper,True,targeted,exp1_alignment_transfer,targeted_geometric_mean_5,11,geometric_delay,eb5ae7e32d26e3d2326388733285644cfe0b7398,1738aa639b37c24c9a687969970adb435313e91ca717b336ca50525dd7d4e928,3ebb8ce93cecd9d76ef6358493113e3d186b46dc569038f73332c9cc58c495a3,3ebb8ce93cecd9d76ef6358493113e3d186b46dc569038f73332c9cc58c495a3,2026-08-17T10:10:57.862812+00:00,learner_consequence,contextual_delayed_exp3,arrival_clock,5000,789.4260722027606,0.1578852144405521,717.2383726698931,0.1434476745339786,4992,8,43448a07cf89339b28c28a0c462e72478c6c41d5a42b2952593c1ea8acee9825,c442c399cf179a43e1d273ce99f7f5766a44555cd41cbea4450339e037c2c077,ef59bcf4c12d44853ea0010ee3d271093344a9046872dd48066ad36bbf676655,c4d750953fb573d642268628dcd35d930d1982502571e79ffb20c68423b80dbe,91607427dfbb8f9ade211849ec18fa5fba69df03e6b8b56b901b03dcbf4f3abe,0.0428937870078984,mean_delay_robustness,5.0,4.975686274509804
exp1_alignment_transfer:targeted:full:targeted_geometric_mean_5:2026-08-17T10:10:57.826845+00:00,paper,True,targeted,exp1_alignment_transfer,targeted_geometric_mean_5,11,geometric_delay,eb5ae7e32d26e3d2326388733285644cfe0b7398,1738aa639b37c24c9a687969970adb435313e91ca717b336ca50525dd7d4e928,3ebb8ce93cecd9d76ef6358493113e3d186b46dc569038f73332c9cc58c495a3,3ebb8ce93cecd9d76ef6358493113e3d186b46dc569038f73332c9cc58c495a3,2026-08-17T10:10:57.862812+00:00,learner_consequence,contextual_delayed_exp3,source_round,5000,574.9571371632683,0.1149914274326536,502.7694376304008,0.1005538875260801,4992,8,d54b6d48ddc6f50db3d8be2b40fc0d4c06422f819351da6d68427e324c9cebd3,c442c399cf179a43e1d273ce99f7f5766a44555cd41cbea4450339e037c2c077,ef59bcf4c12d44853ea0010ee3d271093344a9046872dd48066ad36bbf676655,c4d750953fb573d642268628dcd35d930d1982502571e79ffb20c68423b80dbe,91607427dfbb8f9ade211849ec18fa5fba69df03e6b8b56b901b03dcbf4f3abe,0.0428937870078984,mean_delay_robustness,5.0,4.975686274509804
exp1_alignment_transfer:targeted:full:targeted_geometric_mean_5:2026-08-17T10:10:58.822289+00:00,paper,True,targeted,exp1_alignment_transfer,targeted_geometric_mean_5,12,geometric_delay,eb5ae7e32d26e3d2326388733285644cfe0b7398,1738aa639b37c24c9a687969970adb435313e91ca717b336ca50525dd7d4e928,3ebb8ce93cecd9d76ef6358493113e3d186b46dc569038f73332c9cc58c495a3,3ebb8ce93cecd9d76ef6358493113e3d186b46dc569038f73332c9cc58c495a3,2026-08-17T10:10:58.858494+00:00,learner_consequence,contextual_delayed_exp3,arrival_clock,5000,798.2365902296536,0.1596473180459307,726.0292714322678,0.1452058542864535,4992,8,0cd424df79e9ac7e13de6f6be95b64d9148e2bf6955030d9e02765419df76035,2fcf83f38a12340796be6f78d33fb5e73109330565d578fc8093f77a7aed73cd,6fce69ab3706526d39accb1aacae490cfc99c1e132119655694d8a9cdef0fb37,4316373a43f98b6620b6d007bfa9a27885477d46ada2cfe907487f449dc9038f,83c53e35b56e013a832171c5216235273216af730f2a7b10e9b256c7ffe81060,0.0469121268684192,mean_delay_robustness,5.0,4.951372549019608
exp1_alignment_transfer:targeted:full:targeted_geometric_mean_5:2026-08-17T10:10:58.822289+00:00,paper,True,targeted,exp1_alignment_transfer,targeted_geometric_mean_5,12,geometric_delay,eb5ae7e32d26e3d2326388733285644cfe0b7398,1738aa639b37c24c9a687969970adb435313e91ca717b336ca50525dd7d4e928,3ebb8ce93cecd9d76ef6358493113e3d186b46dc569038f73332c9cc58c495a3,3ebb8ce93cecd9d76ef6358493113e3d186b46dc569038f73332c9cc58c495a3,2026-08-17T10:10:58.858494+00:00,learner_consequence,contextual_delayed_exp3,source_round,5000,563.6759558875576,0.1127351911775115,491.4686370901718,0.0982937274180343,4992,8,6bd2aa74f6812e625be1280bdba81d91ef4ca6af9d1937662adc20468892c42e,2fcf83f38a12340796be6f78d33fb5e73109330565d578fc8093f77a7aed73cd,6fce69ab3706526d39accb1aacae490cfc99c1e132119655694d8a9cdef0fb37,4316373a43f98b6620b6d007bfa9a27885477d46ada2cfe907487f449dc9038f,83c53e35b56e013a832171c5216235273216af730f2a7b10e9b256c7ffe81060,0.0469121268684192,mean_delay_robustness,5.0,4.951372549019608
exp1_alignment_transfer:targeted:full:targeted_geometric_mean_5:2026-08-17T10:10:59.823174+00:00,paper,True,targeted,exp1_alignment_transfer,targeted_geometric_mean_5,13,geometric_delay,eb5ae7e32d26e3d2326388733285644cfe0b7398,1738aa639b37c24c9a687969970adb435313e91ca717b336ca50525dd7d4e928,3ebb8ce93cecd9d76ef6358493113e3d186b46dc569038f73332c9cc58c495a3,3ebb8ce93cecd9d76ef6358493113e3d186b46dc569038f73332c9cc58c495a3,2026-08-17T10:10:59.855256+00:00,learner_consequence,contextual_delayed_exp3,arrival_clock,5000,792.4279184438406,0.1584855836887681,722.6635406175993,0.1445327081235198,4997,3,09ab96f70769e1e636aea1ecbab8f1ba8eb244e46d7bd91bbc18345c1a85d7fb,0903c8bd19ce171e4daf075dbfcd89d04eeccf1d230d5d5229d54cb929ca6d04,ba520608b9c55f25593c39d4e1faa9ed80659f81ebcbd5e8171c5cc74232fb96,2d18035ba330bc15bcde22b7e25ee40cc22e454f2ca8751105ed2a6609322625,0ba4e56832d06f1de2160005e365d49db938f357f79b5058b554f16e7305e2ff,0.0446579945799475,mean_delay_robustness,5.0,4.996078431372549
exp1_alignment_transfer:targeted:full:targeted_geometric_mean_5:2026-08-17T10:10:59.823174+00:00,paper,True,targeted,exp1_alignment_transfer,targeted_geometric_mean_5,13,geometric_delay,eb5ae7e32d26e3d2326388733285644cfe0b7398,1738aa639b37c24c9a687969970adb435313e91ca717b336ca50525dd7d4e928,3ebb8ce93cecd9d76ef6358493113e3d186b46dc569038f73332c9cc58c495a3,3ebb8ce93cecd9d76ef6358493113e3d186b46dc569038f73332c9cc58c495a3,2026-08-17T10:10:59.855256+00:00,learner_consequence,contextual_delayed_exp3,source_round,5000,569.1379455441026,0.1138275891088205,499.37356771786153,0.0998747135435723,4997,3,d1508c53a186fc78b815d6fd666fc979a0bd002b88456dcf0b60735aadec78eb,0903c8bd19ce171e4daf075dbfcd89d04eeccf1d230d5d5229d54cb929ca6d04,ba520608b9c55f25593c39d4e1faa9ed80659f81ebcbd5e8171c5cc74232fb96,2d18035ba330bc15bcde22b7e25ee40cc22e454f2ca8751105ed2a6609322625,0ba4e56832d06f1de2160005e365d49db938f357f79b5058b554f16e7305e2ff,0.0446579945799475,mean_delay_robustness,5.0,4.996078431372549
exp1_alignment_transfer:targeted:full:targeted_geometric_mean_5:2026-08-17T10:11:00.652870+00:00,paper,True,targeted,exp1_alignment_transfer,targeted_geometric_mean_5,14,geometric_delay,eb5ae7e32d26e3d2326388733285644cfe0b7398,1738aa639b37c24c9a687969970adb435313e91ca717b336ca50525dd7d4e928,3ebb8ce93cecd9d76ef6358493113e3d186b46dc569038f73332c9cc58c495a3,3ebb8ce93cecd9d76ef6358493113e3d186b46dc569038f73332c9cc58c495a3,2026-08-17T10:11:00.688040+00:00,learner_consequence,contextual_delayed_exp3,arrival_clock,5000,801.3629914903877,0.1602725982980775,731.3301277985363,0.1462660255597072,4996,4,1f9004983078ed92ccf43ce5ecde78d42852c496d40d29e78d94c4f051ff7434,8513d46f3e95fea187ec4f6afab945f63e07d0b80408bd67c92f59c8812b1eef,57d325d0c3a4cbb5030e8b3a05f1b973920f66f5dba40e53ab94fd296e2985fb,7c774dcb633dd8bcf036365529ca0d5a1ded63fc68a5e48d9f2c115212790e4f,aaf9400437afb82829a9ff1d5c97ea76cdb364731241cb2ecfb025a51d92ad55,0.0482913680154169,mean_delay_robustness,5.0,5.000980392156863
exp1_alignment_transfer:targeted:full:targeted_geometric_mean_5:2026-08-17T10:11:00.652870+00:00,paper,True,targeted,exp1_alignment_transfer,targeted_geometric_mean_5,14,geometric_delay,eb5ae7e32d26e3d2326388733285644cfe0b7398,1738aa639b37c24c9a687969970adb435313e91ca717b336ca50525dd7d4e928,3ebb8ce93cecd9d76ef6358493113e3d186b46dc569038f73332c9cc58c495a3,3ebb8ce93cecd9d76ef6358493113e3d186b46dc569038f73332c9cc58c495a3,2026-08-17T10:11:00.688040+00:00,learner_consequence,contextual_delayed_exp3,source_round,5000,559.9061514133027,0.1119812302826605,489.8732877214513,0.0979746575442902,4996,4,bd85cdbe05e05fa0ae09471e4f97e82bc7dabf0a8e3b869505b849a0b8323d03,8513d46f3e95fea187ec4f6afab945f63e07d0b80408bd67c92f59c8812b1eef,57d325d0c3a4cbb5030e8b3a05f1b973920f66f5dba40e53ab94fd296e2985fb,7c774dcb633dd8bcf036365529ca0d5a1ded63fc68a5e48d9f2c115212790e4f,aaf9400437afb82829a9ff1d5c97ea76cdb364731241cb2ecfb025a51d92ad55,0.0482913680154169,mean_delay_robustness,5.0,5.000980392156863
exp1_alignment_transfer:targeted:full:targeted_geometric_mean_5:2026-08-17T10:11:01.519749+00:00,paper,True,targeted,exp1_alignment_transfer,targeted_geometric_mean_5,15,geometric_delay,eb5ae7e32d26e3d2326388733285644cfe0b7398,1738aa639b37c24c9a687969970adb435313e91ca717b336ca50525dd7d4e928,3ebb8ce93cecd9d76ef6358493113e3d186b46dc569038f73332c9cc58c495a3,3ebb8ce93cecd9d76ef6358493113e3d186b46dc569038f73332c9cc58c495a3,2026-08-17T10:11:01.551308+00:00,learner_consequence,contextual_delayed_exp3,arrival_clock,5000,780.4026433938756,0.1560805286787751,708.4500574049089,0.1416900114809818,4997,3,ef0b454003111ef32268ec1e8b046598a3cf49d9da95b078ff563c342d2b0913,eb2dac3e6b7d2233a24c9c4e58f6299b32ae3daf87a2c935aced5253b2e4c1d4,8bda2c70ae92305ea9627409592f12fd086509045d074d56c45dbdd5f7ae8ad0,5ddae1694418c7dd9291f11e95df334bcbac9dc7a077d33255414198e1becbf7,256574e273f174d544bfbce24d05102aaaa04f3906004e92e95d41daa273d05b,0.0413770544694694,mean_delay_robustness,5.0,5.027450980392157
exp1_alignment_transfer:targeted:full:targeted_geometric_mean_5:2026-08-17T10:11:01.519749+00:00,paper,True,targeted,exp1_alignment_transfer,targeted_geometric_mean_5,15,geometric_delay,eb5ae7e32d26e3d2326388733285644cfe0b7398,1738aa639b37c24c9a687969970adb435313e91ca717b336ca50525dd7d4e928,3ebb8ce93cecd9d76ef6358493113e3d186b46dc569038f73332c9cc58c495a3,3ebb8ce93cecd9d76ef6358493113e3d186b46dc569038f73332c9cc58c495a3,2026-08-17T10:11:01.551308+00:00,learner_consequence,contextual_delayed_exp3,source_round,5000,573.5173710465285,0.1147034742093057,501.5647850575618,0.1003129570115123,4997,3,1b92a43ee243800cd200cd75d4e1371feb3f5a94f21b71382800374647ed875f,eb2dac3e6b7d2233a24c9c4e58f6299b32ae3daf87a2c935aced5253b2e4c1d4,8bda2c70ae92305ea9627409592f12fd086509045d074d56c45dbdd5f7ae8ad0,5ddae1694418c7dd9291f11e95df334bcbac9dc7a077d33255414198e1becbf7,256574e273f174d544bfbce24d05102aaaa04f3906004e92e95d41daa273d05b,0.0413770544694694,mean_delay_robustness,5.0,5.027450980392157
exp1_alignment_transfer:targeted:full:targeted_geometric_mean_5:2026-08-17T10:11:02.521988+00:00,paper,True,targeted,exp1_alignment_transfer,targeted_geometric_mean_5,16,geometric_delay,eb5ae7e32d26e3d2326388733285644cfe0b7398,1738aa639b37c24c9a687969970adb435313e91ca717b336ca50525dd7d4e928,3ebb8ce93cecd9d76ef6358493113e3d186b46dc569038f73332c9cc58c495a3,3ebb8ce93cecd9d76ef6358493113e3d186b46dc569038f73332c9cc58c495a3,2026-08-17T10:11:02.555919+00:00,learner_consequence,contextual_delayed_exp3,arrival_clock,5000,783.4653053371087,0.1566930610674217,713.7114138597765,0.1427422827719553,4997,3,b085a3b6933f92a45c0645d83813ad294ac88d0895b405131572834795fe157b,30bcd6b70488f6a9f5f4d302855e6e8303f776139b82a965d99e8aa122dbdc6e,339507e6df37333458b7694e60009667c92e53373ce191fa331a0261e96d4375,016bc9a81e8ea37b41132d84eced1c071051b0c583cd703ec251aa885f8001f5,f7924e2aaf3acc1d26ab9fbed5e7c71f652708122783e3495a9b3e7d7006b1b3,0.0439233286503825,mean_delay_robustness,5.0,4.892156862745098
exp1_alignment_transfer:targeted:full:targeted_geometric_mean_5:2026-08-17T10:11:02.521988+00:00,paper,True,targeted,exp1_alignment_transfer,targeted_geometric_mean_5,16,geometric_delay,eb5ae7e32d26e3d2326388733285644cfe0b7398,1738aa639b37c24c9a687969970adb435313e91ca717b336ca50525dd7d4e928,3ebb8ce93cecd9d76ef6358493113e3d186b46dc569038f73332c9cc58c495a3,3ebb8ce93cecd9d76ef6358493113e3d186b46dc569038f73332c9cc58c495a3,2026-08-17T10:11:02.555919+00:00,learner_consequence,contextual_delayed_exp3,source_round,5000,563.8486620851958,0.1127697324170391,494.0947706078636,0.0988189541215727,4997,3,da91c132e71232fbe1b582ea40e1a9d4bb0bb51589abc4f7bf21bafbabb203af,30bcd6b70488f6a9f5f4d302855e6e8303f776139b82a965d99e8aa122dbdc6e,339507e6df37333458b7694e60009667c92e53373ce191fa331a0261e96d4375,016bc9a81e8ea37b41132d84eced1c071051b0c583cd703ec251aa885f8001f5,f7924e2aaf3acc1d26ab9fbed5e7c71f652708122783e3495a9b3e7d7006b1b3,0.0439233286503825,mean_delay_robustness,5.0,4.892156862745098
exp1_alignment_transfer:targeted:full:targeted_geometric_mean_5:2026-08-17T10:11:03.539637+00:00,paper,True,targeted,exp1_alignment_transfer,targeted_geometric_mean_5,17,geometric_delay,eb5ae7e32d26e3d2326388733285644cfe0b7398,1738aa639b37c24c9a687969970adb435313e91ca717b336ca50525dd7d4e928,3ebb8ce93cecd9d76ef6358493113e3d186b46dc569038f73332c9cc58c495a3,3ebb8ce93cecd9d76ef6358493113e3d186b46dc569038f73332c9cc58c495a3,2026-08-17T10:11:03.581614+00:00,learner_consequence,contextual_delayed_exp3,arrival_clock,5000,768.6094065177549,0.153721881303551,690.3545894366293,0.1380709178873258,4992,8,2ab501c82b40213131511bb585bcb9e461b78ce7b2beb42ea7104ccf0d09f48f,0ca25680c3d930da200320f79670420f7443bc960e9a22cfe2b4ec3699a737be,9f46fadc87897f8eed2bfb231057d31d1aad5d8a79c90e8f3f884e34bf1d31f6,c91dd95692133eb38ad7d7fd64ab4d497c191b3db0d5c7cb6a3f8770c9405daa,4b9bb81be6e63cce2c573a2254456163d2932503dc9c099363549a29f5a15262,0.0421715010380362,mean_delay_robustness,5.0,5.0729411764705885
exp1_alignment_transfer:targeted:full:targeted_geometric_mean_5:2026-08-17T10:11:03.539637+00:00,paper,True,targeted,exp1_alignment_transfer,targeted_geometric_mean_5,17,geometric_delay,eb5ae7e32d26e3d2326388733285644cfe0b7398,1738aa639b37c24c9a687969970adb435313e91ca717b336ca50525dd7d4e928,3ebb8ce93cecd9d76ef6358493113e3d186b46dc569038f73332c9cc58c495a3,3ebb8ce93cecd9d76ef6358493113e3d186b46dc569038f73332c9cc58c495a3,2026-08-17T10:11:03.581614+00:00,learner_consequence,contextual_delayed_exp3,source_round,5000,557.7519013275736,0.1115503802655147,479.49708424644814,0.0958994168492896,4992,8,d9f123489acc0cd2b0bbcad6e7ac34984a8b35c866073e9fbd985df901de5239,0ca25680c3d930da200320f79670420f7443bc960e9a22cfe2b4ec3699a737be,9f46fadc87897f8eed2bfb231057d31d1aad5d8a79c90e8f3f884e34bf1d31f6,c91dd95692133eb38ad7d7fd64ab4d497c191b3db0d5c7cb6a3f8770c9405daa,4b9bb81be6e63cce2c573a2254456163d2932503dc9c099363549a29f5a15262,0.0421715010380362,mean_delay_robustness,5.0,5.0729411764705885
exp1_alignment_transfer:targeted:full:targeted_geometric_mean_5:2026-08-17T10:11:04.483141+00:00,paper,True,targeted,exp1_alignment_transfer,targeted_geometric_mean_5,18,geometric_delay,eb5ae7e32d26e3d2326388733285644cfe0b7398,1738aa639b37c24c9a687969970adb435313e91ca717b336ca50525dd7d4e928,3ebb8ce93cecd9d76ef6358493113e3d186b46dc569038f73332c9cc58c495a3,3ebb8ce93cecd9d76ef6358493113e3d186b46dc569038f73332c9cc58c495a3,2026-08-17T10:11:04.512680+00:00,learner_consequence,contextual_delayed_exp3,arrival_clock,5000,749.9498128717996,0.1499899625743599,676.1240893506015,0.1352248178701203,4996,4,b6065a29185058bdf91a941d1c7a38341d90db71977688f0a3ef7e5f5b832174,67bfea69218a9c63f814a9eded0366581ee940bf053b31c9663e32949f13dd2c,4a9923a2b2157f51249b402e7584a40ded79c1a45f8d9d55ddf09c5238914e06,2bb10991c27b95e11ba9f73b99d1d47ff9519cb8068d09c01f11934a09bd4b13,d7e83dc05f4e868fdeb71e61d6d41f9f71581238b422d37041ed171f2a638000,0.0387300191718394,mean_delay_robustness,5.0,5.026274509803922
exp1_alignment_transfer:targeted:full:targeted_geometric_mean_5:2026-08-17T10:11:04.483141+00:00,paper,True,targeted,exp1_alignment_transfer,targeted_geometric_mean_5,18,geometric_delay,eb5ae7e32d26e3d2326388733285644cfe0b7398,1738aa639b37c24c9a687969970adb435313e91ca717b336ca50525dd7d4e928,3ebb8ce93cecd9d76ef6358493113e3d186b46dc569038f73332c9cc58c495a3,3ebb8ce93cecd9d76ef6358493113e3d186b46dc569038f73332c9cc58c495a3,2026-08-17T10:11:04.512680+00:00,learner_consequence,contextual_delayed_exp3,source_round,5000,556.2997170126025,0.1112599434025205,482.4739934914043,0.0964947986982808,4996,4,08d1a9ee0fe978d3d409a9e20f86014ecd9f671fc4103fe10ef90a0f79c63ffb,67bfea69218a9c63f814a9eded0366581ee940bf053b31c9663e32949f13dd2c,4a9923a2b2157f51249b402e7584a40ded79c1a45f8d9d55ddf09c5238914e06,2bb10991c27b95e11ba9f73b99d1d47ff9519cb8068d09c01f11934a09bd4b13,d7e83dc05f4e868fdeb71e61d6d41f9f71581238b422d37041ed171f2a638000,0.0387300191718394,mean_delay_robustness,5.0,5.026274509803922
exp1_alignment_transfer:targeted:full:targeted_geometric_mean_5:2026-08-17T10:11:05.280845+00:00,paper,True,targeted,exp1_alignment_transfer,targeted_geometric_mean_5,19,geometric_delay,eb5ae7e32d26e3d2326388733285644cfe0b7398,1738aa639b37c24c9a687969970adb435313e91ca717b336ca50525dd7d4e928,3ebb8ce93cecd9d76ef6358493113e3d186b46dc569038f73332c9cc58c495a3,3ebb8ce93cecd9d76ef6358493113e3d186b46dc569038f73332c9cc58c495a3,2026-08-17T10:11:05.311085+00:00,learner_consequence,contextual_delayed_exp3,arrival_clock,5000,782.5570611230112,0.1565114122246022,709.0933874625422,0.1418186774925084,4995,5,8e8ac54d59897c9aaf786054cb98682362d9f7a4388671d2bd18a34e2653c7a3,e57be6bd0c06ea894d638322f9fc7101a5da7437490d4def64b956f32b8b28ac,beee9beb8876b1ad04a8672017650ec4a6dd18924a8c90ef6db6c2b4801069e3,0e975229880c6db1024084b11db6943af002aad6f9ba26ed7e3ba3c6000bda12,f52ad132480573e7284942207133ed15324faee242aff2da555dbcb43da87fb1,0.0424013963741247,mean_delay_robustness,5.0,4.9586274509803925
exp1_alignment_transfer:targeted:full:targeted_geometric_mean_5:2026-08-17T10:11:05.280845+00:00,paper,True,targeted,exp1_alignment_transfer,targeted_geometric_mean_5,19,geometric_delay,eb5ae7e32d26e3d2326388733285644cfe0b7398,1738aa639b37c24c9a687969970adb435313e91ca717b336ca50525dd7d4e928,3ebb8ce93cecd9d76ef6358493113e3d186b46dc569038f73332c9cc58c495a3,3ebb8ce93cecd9d76ef6358493113e3d186b46dc569038f73332c9cc58c495a3,2026-08-17T10:11:05.311085+00:00,learner_consequence,contextual_delayed_exp3,source_round,5000,570.5500792523877,0.1141100158504775,497.0864055919188,0.0994172811183837,4995,5,2f43e30ef0a6a77ec996dd23804927cad7148c4c9fc35476b6cd2fd6dc2ea38e,e57be6bd0c06ea894d638322f9fc7101a5da7437490d4def64b956f32b8b28ac,beee9beb8876b1ad04a8672017650ec4a6dd18924a8c90ef6db6c2b4801069e3,0e975229880c6db1024084b11db6943af002aad6f9ba26ed7e3ba3c6000bda12,f52ad132480573e7284942207133ed15324faee242aff2da555dbcb43da87fb1,0.0424013963741247,mean_delay_robustness,5.0,4.9586274509803925
exp1_alignment_transfer:targeted:full:targeted_geometric_mean_5:2026-08-17T10:11:06.068281+00:00,paper,True,targeted,exp1_alignment_transfer,targeted_geometric_mean_5,20,geometric_delay,eb5ae7e32d26e3d2326388733285644cfe0b7398,1738aa639b37c24c9a687969970adb435313e91ca717b336ca50525dd7d4e928,3ebb8ce93cecd9d76ef6358493113e3d186b46dc569038f73332c9cc58c495a3,3ebb8ce93cecd9d76ef6358493113e3d186b46dc569038f73332c9cc58c495a3,2026-08-17T10:11:06.099552+00:00,learner_consequence,contextual_delayed_exp3,arrival_clock,5000,797.250184952398,0.1594500369904795,723.7308961120849,0.1447461792224169,4997,3,f225aa838a4a4a4c00f795b1dfbe0e273078cb360db4e5fc6a052c093d92ff0e,1b55d7740c7f78c666e319546d60ba4b6f3a058ab28d202dbf39149cda8ea481,91a2c24dff4b30af48dc4263077882970a13540a107c739ffbc9b9d70c436c1e,b3c76fb1c66d62face9b9f0b0dfe9a7a131c54fce653452a499aa4f907f923e4,52dde185d72acbb12e9a2b01d78174c3012cfd0c613d74a6ec2288baefe144dd,0.0453338105100317,mean_delay_robustness,5.0,5.046274509803921
exp1_alignment_transfer:targeted:full:targeted_geometric_mean_5:2026-08-17T10:11:06.068281+00:00,paper,True,targeted,exp1_alignment_transfer,targeted_geometric_mean_5,20,geometric_delay,eb5ae7e32d26e3d2326388733285644cfe0b7398,1738aa639b37c24c9a687969970adb435313e91ca717b336ca50525dd7d4e928,3ebb8ce93cecd9d76ef6358493113e3d186b46dc569038f73332c9cc58c495a3,3ebb8ce93cecd9d76ef6358493113e3d186b46dc569038f73332c9cc58c495a3,2026-08-17T10:11:06.099552+00:00,learner_consequence,contextual_delayed_exp3,source_round,5000,570.5811324022394,0.1141162264804478,497.0618435619264,0.0994123687123852,4997,3,d181f774748a10d6bd0662bc7c7f4a464410a87bff88ff5dc0af9a60282653f7,1b55d7740c7f78c666e319546d60ba4b6f3a058ab28d202dbf39149cda8ea481,91a2c24dff4b30af48dc4263077882970a13540a107c739ffbc9b9d70c436c1e,b3c76fb1c66d62face9b9f0b0dfe9a7a131c54fce653452a499aa4f907f923e4,52dde185d72acbb12e9a2b01d78174c3012cfd0c613d74a6ec2288baefe144dd,0.0453338105100317,mean_delay_robustness,5.0,5.046274509803921
exp1_alignment_transfer:targeted:full:targeted_geometric_mean_5:2026-08-17T10:11:06.871923+00:00,paper,True,targeted,exp1_alignment_transfer,targeted_geometric_mean_5,21,geometric_delay,eb5ae7e32d26e3d2326388733285644cfe0b7398,1738aa639b37c24c9a687969970adb435313e91ca717b336ca50525dd7d4e928,3ebb8ce93cecd9d76ef6358493113e3d186b46dc569038f73332c9cc58c495a3,3ebb8ce93cecd9d76ef6358493113e3d186b46dc569038f73332c9cc58c495a3,2026-08-17T10:11:06.905597+00:00,learner_consequence,contextual_delayed_exp3,arrival_clock,5000,821.03704409227,0.164207408818454,747.1233486805727,0.1494246697361145,4994,6,32f4e86d00859e07b17487f2818488f3d46e8a50120743c653376a87ef1a8435,452d71727e77e202a76f9516ba982e6cd9be61cdfcbcbb4a0cc9f5cfc4e5263b,9cb77289e0dcb86b3a0299fe91269273b591c16d981c4569e0af307981b36bdf,db93b063a651635c23f5b752bf08ee2c9a0683ba6a6bc018ca2cecea2241948c,00355411473ea19ca1d31bf4139ea2deb35d5ad2b89b41350bd4bb3ac9fa780b,0.0484161109659023,mean_delay_robustness,5.0,4.983137254901961
exp1_alignment_transfer:targeted:full:targeted_geometric_mean_5:2026-08-17T10:11:06.871923+00:00,paper,True,targeted,exp1_alignment_transfer,targeted_geometric_mean_5,21,geometric_delay,eb5ae7e32d26e3d2326388733285644cfe0b7398,1738aa639b37c24c9a687969970adb435313e91ca717b336ca50525dd7d4e928,3ebb8ce93cecd9d76ef6358493113e3d186b46dc569038f73332c9cc58c495a3,3ebb8ce93cecd9d76ef6358493113e3d186b46dc569038f73332c9cc58c495a3,2026-08-17T10:11:06.905597+00:00,learner_consequence,contextual_delayed_exp3,source_round,5000,578.9564892627584,0.1157912978525516,505.0427938510611,0.1010085587702122,4994,6,fd2ab92326d4e80fb3ee474fd5d4b3245e6f7e2a86d87c76d017e9abd97ac7d7,452d71727e77e202a76f9516ba982e6cd9be61cdfcbcbb4a0cc9f5cfc4e5263b,9cb77289e0dcb86b3a0299fe91269273b591c16d981c4569e0af307981b36bdf,db93b063a651635c23f5b752bf08ee2c9a0683ba6a6bc018ca2cecea2241948c,00355411473ea19ca1d31bf4139ea2deb35d5ad2b89b41350bd4bb3ac9fa780b,0.0484161109659023,mean_delay_robustness,5.0,4.983137254901961
exp1_alignment_transfer:targeted:full:targeted_geometric_mean_5:2026-08-17T10:11:07.703769+00:00,paper,True,targeted,exp1_alignment_transfer,targeted_geometric_mean_5,22,geometric_delay,eb5ae7e32d26e3d2326388733285644cfe0b7398,1738aa639b37c24c9a687969970adb435313e91ca717b336ca50525dd7d4e928,3ebb8ce93cecd9d76ef6358493113e3d186b46dc569038f73332c9cc58c495a3,3ebb8ce93cecd9d76ef6358493113e3d186b46dc569038f73332c9cc58c495a3,2026-08-17T10:11:07.743656+00:00,learner_consequence,contextual_delayed_exp3,arrival_clock,5000,781.4496763123486,0.1562899352624697,708.0062627193156,0.1416012525438631,4995,5,c85b2b9ab6a439efe40796f2b1d59cd43c3697bc30a52afc6b498034892619ee,8e38b16c6e4f54bc3f091a5387bc8c8bb63e994e7d9cc2901c6feaf321c11f7a,6fd382b23fc8c01cee0953841208499d1f0864a89cfe11f4f903b9b078f998cb,a23e4be14e7f9583437e6dc1530728db9aa431f271a34b0ded0ceb3c8634cd7f,8fb27c74984b4b644df45b85aa47baf8aa2547cc11b411e9258616743d064ec9,0.0443530063897142,mean_delay_robustness,5.0,5.076470588235294
exp1_alignment_transfer:targeted:full:targeted_geometric_mean_5:2026-08-17T10:11:07.703769+00:00,paper,True,targeted,exp1_alignment_transfer,targeted_geometric_mean_5,22,geometric_delay,eb5ae7e32d26e3d2326388733285644cfe0b7398,1738aa639b37c24c9a687969970adb435313e91ca717b336ca50525dd7d4e928,3ebb8ce93cecd9d76ef6358493113e3d186b46dc569038f73332c9cc58c495a3,3ebb8ce93cecd9d76ef6358493113e3d186b46dc569038f73332c9cc58c495a3,2026-08-17T10:11:07.743656+00:00,learner_consequence,contextual_delayed_exp3,source_round,5000,559.6846443637772,0.1119369288727554,486.2412307707443,0.0972482461541488,4995,5,d1dea5be196756aa85dc3bd7274e7894c9ed537df5db05e1ee53fe8d818ee9b6,8e38b16c6e4f54bc3f091a5387bc8c8bb63e994e7d9cc2901c6feaf321c11f7a,6fd382b23fc8c01cee0953841208499d1f0864a89cfe11f4f903b9b078f998cb,a23e4be14e7f9583437e6dc1530728db9aa431f271a34b0ded0ceb3c8634cd7f,8fb27c74984b4b644df45b85aa47baf8aa2547cc11b411e9258616743d064ec9,0.0443530063897142,mean_delay_robustness,5.0,5.076470588235294
exp1_alignment_transfer:targeted:full:targeted_geometric_mean_5:2026-08-17T10:11:08.682524+00:00,paper,True,targeted,exp1_alignment_transfer,targeted_geometric_mean_5,23,geometric_delay,eb5ae7e32d26e3d2326388733285644cfe0b7398,1738aa639b37c24c9a687969970adb435313e91ca717b336ca50525dd7d4e928,3ebb8ce93cecd9d76ef6358493113e3d186b46dc569038f73332c9cc58c495a3,3ebb8ce93cecd9d76ef6358493113e3d186b46dc569038f73332c9cc58c495a3,2026-08-17T10:11:08.717659+00:00,learner_consequence,contextual_delayed_exp3,arrival_clock,5000,768.9777186721014,0.1537955437344202,697.4326061197203,0.139486521223944,4996,4,bedc3884aa9519be4d523a615ddea9b7df308c60c58e33f3c99fda8ba03e5ea8,f9922560961084f8c4d59ff0c368314ed0c86070282b5ead4684deae3af3aece,422beb9d79a5390deee9b6d312cbf98309d23ad84661518d6ad0736e0f128e21,adc0cbb114a75b7b9a89a0b494abc8f06e1e128a10d90752353882b71923d831,48a20fa0642de7dfedf83423fb501f9370defe89a8529cbbc67f4a3048aaacae,0.0422011055561737,mean_delay_robustness,5.0,5.021764705882353
exp1_alignment_transfer:targeted:full:targeted_geometric_mean_5:2026-08-17T10:11:08.682524+00:00,paper,True,targeted,exp1_alignment_transfer,targeted_geometric_mean_5,23,geometric_delay,eb5ae7e32d26e3d2326388733285644cfe0b7398,1738aa639b37c24c9a687969970adb435313e91ca717b336ca50525dd7d4e928,3ebb8ce93cecd9d76ef6358493113e3d186b46dc569038f73332c9cc58c495a3,3ebb8ce93cecd9d76ef6358493113e3d186b46dc569038f73332c9cc58c495a3,2026-08-17T10:11:08.717659+00:00,learner_consequence,contextual_delayed_exp3,source_round,5000,557.9721908912327,0.1115944381782465,486.4270783388517,0.0972854156677703,4996,4,6616a99a2c44dcc358698ede70e94e85d242ccca72e7970a525f52e50a865ba7,f9922560961084f8c4d59ff0c368314ed0c86070282b5ead4684deae3af3aece,422beb9d79a5390deee9b6d312cbf98309d23ad84661518d6ad0736e0f128e21,adc0cbb114a75b7b9a89a0b494abc8f06e1e128a10d90752353882b71923d831,48a20fa0642de7dfedf83423fb501f9370defe89a8529cbbc67f4a3048aaacae,0.0422011055561737,mean_delay_robustness,5.0,5.021764705882353
exp1_alignment_transfer:targeted:full:targeted_geometric_mean_5:2026-08-17T10:11:09.489495+00:00,paper,True,targeted,exp1_alignment_transfer,targeted_geometric_mean_5,24,geometric_delay,eb5ae7e32d26e3d2326388733285644cfe0b7398,1738aa639b37c24c9a687969970adb435313e91ca717b336ca50525dd7d4e928,3ebb8ce93cecd9d76ef6358493113e3d186b46dc569038f73332c9cc58c495a3,3ebb8ce93cecd9d76ef6358493113e3d186b46dc569038f73332c9cc58c495a3,2026-08-17T10:11:09.524281+00:00,learner_consequence,contextual_delayed_exp3,arrival_clock,5000,809.6036103047556,0.1619207220609511,737.0387889847059,0.1474077577969411,4996,4,eb3b5f77e8e3a48512017d7ccdccbe121d52c002665c5daaa2c1e7d85cd36125,d34df0ee35d5cdde507390d5c13f29c2ace3be843284c17069fa152433665f95,2537bd709e9a1f6714b851f52c8837e327940f02619bac59e9365be1eccf8adc,28ddb8fe61c6999c81f2bd336d7a532ded7f1225a2934280d18be65e8479bd2b,b3a4276af54114922c2bbd2275076b553fe5a88151e76e8df94e14213f1938f5,0.0476542401322002,mean_delay_robustness,5.0,4.952549019607843
exp1_alignment_transfer:targeted:full:targeted_geometric_mean_5:2026-08-17T10:11:09.489495+00:00,paper,True,targeted,exp1_alignment_transfer,targeted_geometric_mean_5,24,geometric_delay,eb5ae7e32d26e3d2326388733285644cfe0b7398,1738aa639b37c24c9a687969970adb435313e91ca717b336ca50525dd7d4e928,3ebb8ce93cecd9d76ef6358493113e3d186b46dc569038f73332c9cc58c495a3,3ebb8ce93cecd9d76ef6358493113e3d186b46dc569038f73332c9cc58c495a3,2026-08-17T10:11:09.524281+00:00,learner_consequence,contextual_delayed_exp3,source_round,5000,571.3324096437543,0.1142664819287508,498.76758832370456,0.0997535176647409,4996,4,f91c1bf8a790a11b4e138866870f1334b54a4d3cf7457b443552f099ef04180e,d34df0ee35d5cdde507390d5c13f29c2ace3be843284c17069fa152433665f95,2537bd709e9a1f6714b851f52c8837e327940f02619bac59e9365be1eccf8adc,28ddb8fe61c6999c81f2bd336d7a532ded7f1225a2934280d18be65e8479bd2b,b3a4276af54114922c2bbd2275076b553fe5a88151e76e8df94e14213f1938f5,0.0476542401322002,mean_delay_robustness,5.0,4.952549019607843
exp1_alignment_transfer:targeted:full:targeted_geometric_mean_5:2026-08-17T10:11:10.303347+00:00,paper,True,targeted,exp1_alignment_transfer,targeted_geometric_mean_5,25,geometric_delay,eb5ae7e32d26e3d2326388733285644cfe0b7398,1738aa639b37c24c9a687969970adb435313e91ca717b336ca50525dd7d4e928,3ebb8ce93cecd9d76ef6358493113e3d186b46dc569038f73332c9cc58c495a3,3ebb8ce93cecd9d76ef6358493113e3d186b46dc569038f73332c9cc58c495a3,2026-08-17T10:11:10.335029+00:00,learner_consequence,contextual_delayed_exp3,arrival_clock,5000,779.1378421822342,0.1558275684364468,708.498171328665,0.1416996342657329,4998,2,58bac07c971f669c82763502d32f9494420329403aded5584ccdc38d747f6ab2,dec966ed2ce50893c81eddbfb1e64b0c90a1f66e8320bf6354d2244907fd819f,0a6057bc6a3e5e508f5b7765d175f4ac15becd4e2da56f9e0e4c7b94511978f4,4ab5bfb61f06121692c9f4c79b4aea98e001e8c01c15fb9c060f33d990e34316,1e9c60bd75a5495ea11b3b984ad9e1bff05f863bedeff8504912d6c18b751acf,0.0412483663799537,mean_delay_robustness,5.0,4.853725490196078
exp1_alignment_transfer:targeted:full:targeted_geometric_mean_5:2026-08-17T10:11:10.303347+00:00,paper,True,targeted,exp1_alignment_transfer,targeted_geometric_mean_5,25,geometric_delay,eb5ae7e32d26e3d2326388733285644cfe0b7398,1738aa639b37c24c9a687969970adb435313e91ca717b336ca50525dd7d4e928,3ebb8ce93cecd9d76ef6358493113e3d186b46dc569038f73332c9cc58c495a3,3ebb8ce93cecd9d76ef6358493113e3d186b46dc569038f73332c9cc58c495a3,2026-08-17T10:11:10.335029+00:00,learner_consequence,contextual_delayed_exp3,source_round,5000,572.8960102824655,0.114579202056493,502.2563394288962,0.1004512678857792,4998,2,174a5de7805f81df67ff8ee5e4662185098dde2eb5121ebfb58e5a8901c36db5,dec966ed2ce50893c81eddbfb1e64b0c90a1f66e8320bf6354d2244907fd819f,0a6057bc6a3e5e508f5b7765d175f4ac15becd4e2da56f9e0e4c7b94511978f4,4ab5bfb61f06121692c9f4c79b4aea98e001e8c01c15fb9c060f33d990e34316,1e9c60bd75a5495ea11b3b984ad9e1bff05f863bedeff8504912d6c18b751acf,0.0412483663799537,mean_delay_robustness,5.0,4.853725490196078
exp1_alignment_transfer:targeted:full:targeted_geometric_mean_5:2026-08-17T10:11:11.149634+00:00,paper,True,targeted,exp1_alignment_transfer,targeted_geometric_mean_5,26,geometric_delay,eb5ae7e32d26e3d2326388733285644cfe0b7398,1738aa639b37c24c9a687969970adb435313e91ca717b336ca50525dd7d4e928,3ebb8ce93cecd9d76ef6358493113e3d186b46dc569038f73332c9cc58c495a3,3ebb8ce93cecd9d76ef6358493113e3d186b46dc569038f73332c9cc58c495a3,2026-08-17T10:11:11.180318+00:00,learner_consequence,contextual_delayed_exp3,arrival_clock,5000,836.0885976483007,0.1672177195296601,762.4499220732995,0.1524899844146598,4996,4,ab68e7b2b98ecacc0e9f8094ee4daa0044d32ad38bc9ee40b9206b4c41caf47b,d5b91c7b245451978681fbf55347da0c2d2ce629c51d74194f5dc6cf64896c9b,8b45995d9a77a8ceacdf5210fcc64c2b347ea4e772dd3d7b7c6d680d87bdc99c,92cbcc212034b8a4b204d0d8f323b8c63a1a24dfbca32bcb43835c54670201e3,d3fd45732a77a990d6b143ab71a3da7654d9b7d8ce5036e088ffe1a8f8739aa6,0.0520331298048444,mean_delay_robustness,5.0,4.952549019607843
exp1_alignment_transfer:targeted:full:targeted_geometric_mean_5:2026-08-17T10:11:11.149634+00:00,paper,True,targeted,exp1_alignment_transfer,targeted_geometric_mean_5,26,geometric_delay,eb5ae7e32d26e3d2326388733285644cfe0b7398,1738aa639b37c24c9a687969970adb435313e91ca717b336ca50525dd7d4e928,3ebb8ce93cecd9d76ef6358493113e3d186b46dc569038f73332c9cc58c495a3,3ebb8ce93cecd9d76ef6358493113e3d186b46dc569038f73332c9cc58c495a3,2026-08-17T10:11:11.180318+00:00,learner_consequence,contextual_delayed_exp3,source_round,5000,575.9229486240782,0.1151845897248156,502.28427304907706,0.1004568546098154,4996,4,76c0f919daa0406f4fb032269740466ff3d6df418127e0efaadb21990118fbf0,d5b91c7b245451978681fbf55347da0c2d2ce629c51d74194f5dc6cf64896c9b,8b45995d9a77a8ceacdf5210fcc64c2b347ea4e772dd3d7b7c6d680d87bdc99c,92cbcc212034b8a4b204d0d8f323b8c63a1a24dfbca32bcb43835c54670201e3,d3fd45732a77a990d6b143ab71a3da7654d9b7d8ce5036e088ffe1a8f8739aa6,0.0520331298048444,mean_delay_robustness,5.0,4.952549019607843
exp1_alignment_transfer:targeted:full:targeted_geometric_mean_5:2026-08-17T10:11:11.976169+00:00,paper,True,targeted,exp1_alignment_transfer,targeted_geometric_mean_5,27,geometric_delay,eb5ae7e32d26e3d2326388733285644cfe0b7398,1738aa639b37c24c9a687969970adb435313e91ca717b336ca50525dd7d4e928,3ebb8ce93cecd9d76ef6358493113e3d186b46dc569038f73332c9cc58c495a3,3ebb8ce93cecd9d76ef6358493113e3d186b46dc569038f73332c9cc58c495a3,2026-08-17T10:11:12.007048+00:00,learner_consequence,contextual_delayed_exp3,arrival_clock,5000,793.1332028273105,0.1586266405654621,719.8206357578364,0.1439641271515672,4997,3,6035a991ab27e8913a8bb3180c742a629de47a151169c252c4ae0cec94ef9004,be806ea832831c700633d61df528d0dc08fc4e05b0a40296b3b887b18b43e168,dffe01fa9e9e530376a57e1c6ff1cd53c15c32cb80822b66c5f05778edc8cbe9,46eb58f8413d966a86ff000cbbdf85e07a75f26b7b35f3eccda095372e6952b8,80cd974e92506f5af75039d6b7fbc75372d65218a3f0805594399a1901d2cdee,0.0442339675251159,mean_delay_robustness,5.0,5.052941176470588
exp1_alignment_transfer:targeted:full:targeted_geometric_mean_5:2026-08-17T10:11:11.976169+00:00,paper,True,targeted,exp1_alignment_transfer,targeted_geometric_mean_5,27,geometric_delay,eb5ae7e32d26e3d2326388733285644cfe0b7398,1738aa639b37c24c9a687969970adb435313e91ca717b336ca50525dd7d4e928,3ebb8ce93cecd9d76ef6358493113e3d186b46dc569038f73332c9cc58c495a3,3ebb8ce93cecd9d76ef6358493113e3d186b46dc569038f73332c9cc58c495a3,2026-08-17T10:11:12.007048+00:00,learner_consequence,contextual_delayed_exp3,source_round,5000,571.9633652017308,0.1143926730403461,498.6507981322567,0.0997301596264513,4997,3,919e87cdc954e6419a7d632bde2a2ee831b1e0b2a4939e8cbb644c05eb17e8f0,be806ea832831c700633d61df528d0dc08fc4e05b0a40296b3b887b18b43e168,dffe01fa9e9e530376a57e1c6ff1cd53c15c32cb80822b66c5f05778edc8cbe9,46eb58f8413d966a86ff000cbbdf85e07a75f26b7b35f3eccda095372e6952b8,80cd974e92506f5af75039d6b7fbc75372d65218a3f0805594399a1901d2cdee,0.0442339675251159,mean_delay_robustness,5.0,5.052941176470588
exp1_alignment_transfer:targeted:full:targeted_geometric_mean_5:2026-08-17T10:11:12.809177+00:00,paper,True,targeted,exp1_alignment_transfer,targeted_geometric_mean_5,28,geometric_delay,eb5ae7e32d26e3d2326388733285644cfe0b7398,1738aa639b37c24c9a687969970adb435313e91ca717b336ca50525dd7d4e928,3ebb8ce93cecd9d76ef6358493113e3d186b46dc569038f73332c9cc58c495a3,3ebb8ce93cecd9d76ef6358493113e3d186b46dc569038f73332c9cc58c495a3,2026-08-17T10:11:12.838101+00:00,learner_consequence,contextual_delayed_exp3,arrival_clock,5000,790.3425987993446,0.1580685197598689,715.9251071615663,0.1431850214323132,4997,3,2d976da5e6cb52c80bf69b3b664dd1ab847a195b2d693400f645ce29616ee0f1,af29803d1fd9ca6e68ee7a9c9f7416e2ad456c87f1caffe808a9f65449acba1f,c871c6f020b489051da7f0cb2f2bd2ea9718a753ac9202ccc8c41ad02d04bedb,c2d0a50a0c7617c0bf87f9808a4e4480edcce781e52d9303e9ecd1ae49d50d88,0580ebaa7cc2f31509bd7e666951998543d4bd1ee9c07cb7d7c6e61349f71dca,0.0427902257945854,mean_delay_robustness,5.0,5.0329411764705885
exp1_alignment_transfer:targeted:full:targeted_geometric_mean_5:2026-08-17T10:11:12.809177+00:00,paper,True,targeted,exp1_alignment_transfer,targeted_geometric_mean_5,28,geometric_delay,eb5ae7e32d26e3d2326388733285644cfe0b7398,1738aa639b37c24c9a687969970adb435313e91ca717b336ca50525dd7d4e928,3ebb8ce93cecd9d76ef6358493113e3d186b46dc569038f73332c9cc58c495a3,3ebb8ce93cecd9d76ef6358493113e3d186b46dc569038f73332c9cc58c495a3,2026-08-17T10:11:12.838101+00:00,learner_consequence,contextual_delayed_exp3,source_round,5000,576.3914698264175,0.1152782939652835,501.9739781886394,0.1003947956377278,4997,3,8785b34c175738599834e8acbf6e38683ec634d001397ae54763bb57577be283,af29803d1fd9ca6e68ee7a9c9f7416e2ad456c87f1caffe808a9f65449acba1f,c871c6f020b489051da7f0cb2f2bd2ea9718a753ac9202ccc8c41ad02d04bedb,c2d0a50a0c7617c0bf87f9808a4e4480edcce781e52d9303e9ecd1ae49d50d88,0580ebaa7cc2f31509bd7e666951998543d4bd1ee9c07cb7d7c6e61349f71dca,0.0427902257945854,mean_delay_robustness,5.0,5.0329411764705885
exp1_alignment_transfer:targeted:full:targeted_geometric_mean_5:2026-08-17T10:11:13.663397+00:00,paper,True,targeted,exp1_alignment_transfer,targeted_geometric_mean_5,29,geometric_delay,eb5ae7e32d26e3d2326388733285644cfe0b7398,1738aa639b37c24c9a687969970adb435313e91ca717b336ca50525dd7d4e928,3ebb8ce93cecd9d76ef6358493113e3d186b46dc569038f73332c9cc58c495a3,3ebb8ce93cecd9d76ef6358493113e3d186b46dc569038f73332c9cc58c495a3,2026-08-17T10:11:13.692849+00:00,learner_consequence,contextual_delayed_exp3,arrival_clock,5000,769.217631156132,0.1538435262312264,695.118969015349,0.1390237938030697,4996,4,adf08aea7d04978da2f3d0238f18220b2ce35965b71bb23f07c72eddf805385b,33270e43de936b5aa4398d2ee5c4818639e3bab4f77fc9f4b263d2afaf30f8fe,5329df34e96facdb8df46711d613f847b9ddcaf85af4efa7589eb574837a32d4,46391ca745341195e353e3c92f7ef6ceb2ead6b74491f0c86736bb4f2aa670f8,384623d7061d3bc0373fdf87ef6c7316878d7069f52c7461b1fa958f21debb95,0.0451891286560837,mean_delay_robustness,5.0,4.991960784313726
exp1_alignment_transfer:targeted:full:targeted_geometric_mean_5:2026-08-17T10:11:13.663397+00:00,paper,True,targeted,exp1_alignment_transfer,targeted_geometric_mean_5,29,geometric_delay,eb5ae7e32d26e3d2326388733285644cfe0b7398,1738aa639b37c24c9a687969970adb435313e91ca717b336ca50525dd7d4e928,3ebb8ce93cecd9d76ef6358493113e3d186b46dc569038f73332c9cc58c495a3,3ebb8ce93cecd9d76ef6358493113e3d186b46dc569038f73332c9cc58c495a3,2026-08-17T10:11:13.692849+00:00,learner_consequence,contextual_delayed_exp3,source_round,5000,543.2719878757132,0.1086543975751426,469.1733257349302,0.093834665146986,4996,4,95d55b332d6cda43cd0c00e6e61c7dd2b9a980a3aefbd1c4b8e9b270578fb808,33270e43de936b5aa4398d2ee5c4818639e3bab4f77fc9f4b263d2afaf30f8fe,5329df34e96facdb8df46711d613f847b9ddcaf85af4efa7589eb574837a32d4,46391ca745341195e353e3c92f7ef6ceb2ead6b74491f0c86736bb4f2aa670f8,384623d7061d3bc0373fdf87ef6c7316878d7069f52c7461b1fa958f21debb95,0.0451891286560837,mean_delay_robustness,5.0,4.991960784313726
exp1_alignment_transfer:targeted:full:targeted_geometric_mean_15:2026-08-17T10:11:14.394937+00:00,paper,True,targeted,exp1_alignment_transfer,targeted_geometric_mean_15,0,geometric_delay,eb5ae7e32d26e3d2326388733285644cfe0b7398,1738aa639b37c24c9a687969970adb435313e91ca717b336ca50525dd7d4e928,3ebb8ce93cecd9d76ef6358493113e3d186b46dc569038f73332c9cc58c495a3,3ebb8ce93cecd9d76ef6358493113e3d186b46dc569038f73332c9cc58c495a3,2026-08-17T10:11:14.426339+00:00,learner_consequence,contextual_delayed_exp3,arrival_clock,5000,879.3771447863146,0.1758754289572629,811.7846726995796,0.1623569345399159,4984,16,52078eb135b5af0f5bd7edaa0639c0cc842aea1f929d88ec4ff773d65a667796,3eac5d8df853cf8877a8cf2da4676afa083247dfec16cc899f30c0dac1d94879,449d0528613e9bd741367ae635170bd2e73e6815704622422f7f064e1aabef19,8a258e2df74321bce841079d8a6cc78cb6483f6c9d87ede96c0b9cc5aaa70878,2cc225e7fbf2b226013473ba18601150be26ee3318d8fa69d9da24e89ab278b8,0.0614366749902419,mean_delay_robustness,15.0,14.742549019607845
exp1_alignment_transfer:targeted:full:targeted_geometric_mean_15:2026-08-17T10:11:14.394937+00:00,paper,True,targeted,exp1_alignment_transfer,targeted_geometric_mean_15,0,geometric_delay,eb5ae7e32d26e3d2326388733285644cfe0b7398,1738aa639b37c24c9a687969970adb435313e91ca717b336ca50525dd7d4e928,3ebb8ce93cecd9d76ef6358493113e3d186b46dc569038f73332c9cc58c495a3,3ebb8ce93cecd9d76ef6358493113e3d186b46dc569038f73332c9cc58c495a3,2026-08-17T10:11:14.426339+00:00,learner_consequence,contextual_delayed_exp3,source_round,5000,572.1937698351051,0.114438753967021,504.6012977483699,0.1009202595496739,4984,16,1e65c03f5f36fac7a1d2e4bbc94b3c0135806ea12e07e1a15226c3bb7ea50877,3eac5d8df853cf8877a8cf2da4676afa083247dfec16cc899f30c0dac1d94879,449d0528613e9bd741367ae635170bd2e73e6815704622422f7f064e1aabef19,8a258e2df74321bce841079d8a6cc78cb6483f6c9d87ede96c0b9cc5aaa70878,2cc225e7fbf2b226013473ba18601150be26ee3318d8fa69d9da24e89ab278b8,0.0614366749902419,mean_delay_robustness,15.0,14.742549019607845
exp1_alignment_transfer:targeted:full:targeted_geometric_mean_15:2026-08-17T10:11:15.292436+00:00,paper,True,targeted,exp1_alignment_transfer,targeted_geometric_mean_15,1,geometric_delay,eb5ae7e32d26e3d2326388733285644cfe0b7398,1738aa639b37c24c9a687969970adb435313e91ca717b336ca50525dd7d4e928,3ebb8ce93cecd9d76ef6358493113e3d186b46dc569038f73332c9cc58c495a3,3ebb8ce93cecd9d76ef6358493113e3d186b46dc569038f73332c9cc58c495a3,2026-08-17T10:11:15.324783+00:00,learner_consequence,contextual_delayed_exp3,arrival_clock,5000,806.3975701664715,0.1612795140332943,733.9880330206664,0.1467976066041333,4987,13,4ddf5f08d86a56b7cadcc54a69b465851b3b1bfde6c115f7c1993f3ad46fb3c8,e1430fe6f9f591e9188c1a5b7f54fe22e3e9178eae3e37f663672f70a33fb6cb,89eff64041f2ff6c415bb09978616cc0077c546d34080b751ab6327c9f017bbe,8175329a155820b75fc606818dd1371946844bb4bbbaf586983154f65d95c6d3,80b829ad8b0e0d6027f2ade8334225c32d5cbd3bfe8501e9908dd3e7e93a6d03,0.0505670087000731,mean_delay_robustness,15.0,15.295686274509803
exp1_alignment_transfer:targeted:full:targeted_geometric_mean_15:2026-08-17T10:11:15.292436+00:00,paper,True,targeted,exp1_alignment_transfer,targeted_geometric_mean_15,1,geometric_delay,eb5ae7e32d26e3d2326388733285644cfe0b7398,1738aa639b37c24c9a687969970adb435313e91ca717b336ca50525dd7d4e928,3ebb8ce93cecd9d76ef6358493113e3d186b46dc569038f73332c9cc58c495a3,3ebb8ce93cecd9d76ef6358493113e3d186b46dc569038f73332c9cc58c495a3,2026-08-17T10:11:15.324783+00:00,learner_consequence,contextual_delayed_exp3,source_round,5000,553.5625266661057,0.1107125053332211,481.1529895203005,0.0962305979040601,4987,13,37254773aececbec2d57f33667fdcf8872b01d6581f667d8f4e6db3e21038bf8,e1430fe6f9f591e9188c1a5b7f54fe22e3e9178eae3e37f663672f70a33fb6cb,89eff64041f2ff6c415bb09978616cc0077c546d34080b751ab6327c9f017bbe,8175329a155820b75fc606818dd1371946844bb4bbbaf586983154f65d95c6d3,80b829ad8b0e0d6027f2ade8334225c32d5cbd3bfe8501e9908dd3e7e93a6d03,0.0505670087000731,mean_delay_robustness,15.0,15.295686274509803
exp1_alignment_transfer:targeted:full:targeted_geometric_mean_15:2026-08-17T10:11:16.186923+00:00,paper,True,targeted,exp1_alignment_transfer,targeted_geometric_mean_15,2,geometric_delay,eb5ae7e32d26e3d2326388733285644cfe0b7398,1738aa639b37c24c9a687969970adb435313e91ca717b336ca50525dd7d4e928,3ebb8ce93cecd9d76ef6358493113e3d186b46dc569038f73332c9cc58c495a3,3ebb8ce93cecd9d76ef6358493113e3d186b46dc569038f73332c9cc58c495a3,2026-08-17T10:11:16.221754+00:00,learner_consequence,contextual_delayed_exp3,arrival_clock,5000,814.0372084371515,0.1628074416874303,738.8992013136319,0.1477798402627264,4984,16,e99d98d8e4ad64dff7fd4b87f6a7f310a1a123d4cb1a491d8d6f07e0b802e97e,f1f1f54c693a3b82ceee433ec452c51e33e4eca98b3d9b07b5c1fa97d8671aa5,c361d78a29acdbdb00f9f1d97794be5a7af75623f86a01da0e689cfb15c95219,324b29476d9e5ae89ed31f587606366a51e7e71cdf1f6cf9c3d3c71382d23f40,dba5ad30cff2e2bfa62d20fcb68ea7010fc11199fe9c11ff97d400af10eaf0b1,0.0495361413103503,mean_delay_robustness,15.0,15.031176470588235
exp1_alignment_transfer:targeted:full:targeted_geometric_mean_15:2026-08-17T10:11:16.186923+00:00,paper,True,targeted,exp1_alignment_transfer,targeted_geometric_mean_15,2,geometric_delay,eb5ae7e32d26e3d2326388733285644cfe0b7398,1738aa639b37c24c9a687969970adb435313e91ca717b336ca50525dd7d4e928,3ebb8ce93cecd9d76ef6358493113e3d186b46dc569038f73332c9cc58c495a3,3ebb8ce93cecd9d76ef6358493113e3d186b46dc569038f73332c9cc58c495a3,2026-08-17T10:11:16.221754+00:00,learner_consequence,contextual_delayed_exp3,source_round,5000,566.3565018853999,0.1132713003770799,491.21849476188027,0.098243698952376,4984,16,17a670123bf2cfd729c95fa18991f5a08441c30ce74a264c109b0b3c72561944,f1f1f54c693a3b82ceee433ec452c51e33e4eca98b3d9b07b5c1fa97d8671aa5,c361d78a29acdbdb00f9f1d97794be5a7af75623f86a01da0e689cfb15c95219,324b29476d9e5ae89ed31f587606366a51e7e71cdf1f6cf9c3d3c71382d23f40,dba5ad30cff2e2bfa62d20fcb68ea7010fc11199fe9c11ff97d400af10eaf0b1,0.0495361413103503,mean_delay_robustness,15.0,15.031176470588235
exp1_alignment_transfer:targeted:full:targeted_geometric_mean_15:2026-08-17T10:11:17.087433+00:00,paper,True,targeted,exp1_alignment_transfer,targeted_geometric_mean_15,3,geometric_delay,eb5ae7e32d26e3d2326388733285644cfe0b7398,1738aa639b37c24c9a687969970adb435313e91ca717b336ca50525dd7d4e928,3ebb8ce93cecd9d76ef6358493113e3d186b46dc569038f73332c9cc58c495a3,3ebb8ce93cecd9d76ef6358493113e3d186b46dc569038f73332c9cc58c495a3,2026-08-17T10:11:17.120551+00:00,learner_consequence,contextual_delayed_exp3,arrival_clock,5000,880.2489583755283,0.1760497916751056,803.6834702381365,0.1607366940476273,4987,13,3f5238dcfe491e7d874c7eedf85109d07199625c4ee5769d2e62188e71e32f4d,ab8c80d80c972f75215ece83fcdb7a3d3ba875e4f0d90517c339ae1fbba2a5b0,5057c1c98deb6918368f3839215c13133169b8353eaa2eb776c33ca196db070e,5aede2a1d0bae22936b8f9f9cc59c265fbcdbcc5a4f60e51ed527b99e811dcfb,1204761e52c8d877917f7d025b3b64909b7485699a1c730c8b4238cd20f89c00,0.0627295980748814,mean_delay_robustness,15.0,14.964117647058824
exp1_alignment_transfer:targeted:full:targeted_geometric_mean_15:2026-08-17T10:11:17.087433+00:00,paper,True,targeted,exp1_alignment_transfer,targeted_geometric_mean_15,3,geometric_delay,eb5ae7e32d26e3d2326388733285644cfe0b7398,1738aa639b37c24c9a687969970adb435313e91ca717b336ca50525dd7d4e928,3ebb8ce93cecd9d76ef6358493113e3d186b46dc569038f73332c9cc58c495a3,3ebb8ce93cecd9d76ef6358493113e3d186b46dc569038f73332c9cc58c495a3,2026-08-17T10:11:17.120551+00:00,learner_consequence,contextual_delayed_exp3,source_round,5000,566.6009680011209,0.1133201936002241,490.035479863729,0.0980070959727458,4987,13,a9fd5f504c6b7a95a7b86d41a0d4eca4b8dcc3ff9c260c5bb5316d5ed7447c27,ab8c80d80c972f75215ece83fcdb7a3d3ba875e4f0d90517c339ae1fbba2a5b0,5057c1c98deb6918368f3839215c13133169b8353eaa2eb776c33ca196db070e,5aede2a1d0bae22936b8f9f9cc59c265fbcdbcc5a4f60e51ed527b99e811dcfb,1204761e52c8d877917f7d025b3b64909b7485699a1c730c8b4238cd20f89c00,0.0627295980748814,mean_delay_robustness,15.0,14.964117647058824
exp1_alignment_transfer:targeted:full:targeted_geometric_mean_15:2026-08-17T10:11:18.011079+00:00,paper,True,targeted,exp1_alignment_transfer,targeted_geometric_mean_15,4,geometric_delay,eb5ae7e32d26e3d2326388733285644cfe0b7398,1738aa639b37c24c9a687969970adb435313e91ca717b336ca50525dd7d4e928,3ebb8ce93cecd9d76ef6358493113e3d186b46dc569038f73332c9cc58c495a3,3ebb8ce93cecd9d76ef6358493113e3d186b46dc569038f73332c9cc58c495a3,2026-08-17T10:11:18.045853+00:00,learner_consequence,contextual_delayed_exp3,arrival_clock,5000,804.7715007231648,0.1609543001446329,733.1986947641999,0.14663973895284,4988,12,1e2252bbff5197f90ba2d49ddbed3e1904f6b0cc45ef8b70f5d99ccad7281b8b,90c95fb67bc01729003331b35a86714c4f51b6fa8b78234042cb20737c134db9,d3e5a596e8348c13330fbbf6503d913f604e525b451f7c2cd771057c864af9ee,6d7f5dfcdbab14a25c13639db0048a2ed55445cb2af74c669cb6b94c5baab200,b5e4f84936b6f56fa4c3fd2ef94362ceb47ab9a1dcae2309ca8d10b18bac89d3,0.0485484864634419,mean_delay_robustness,15.0,15.04921568627451
exp1_alignment_transfer:targeted:full:targeted_geometric_mean_15:2026-08-17T10:11:18.011079+00:00,paper,True,targeted,exp1_alignment_transfer,targeted_geometric_mean_15,4,geometric_delay,eb5ae7e32d26e3d2326388733285644cfe0b7398,1738aa639b37c24c9a687969970adb435313e91ca717b336ca50525dd7d4e928,3ebb8ce93cecd9d76ef6358493113e3d186b46dc569038f73332c9cc58c495a3,3ebb8ce93cecd9d76ef6358493113e3d186b46dc569038f73332c9cc58c495a3,2026-08-17T10:11:18.045853+00:00,learner_consequence,contextual_delayed_exp3,source_round,5000,562.029068405955,0.1124058136811909,490.4562624469903,0.098091252489398,4988,12,550e9bc7332d0fdb3d2b81b4cdfbd1353df9d4305267671bb605f50fbef589b7,90c95fb67bc01729003331b35a86714c4f51b6fa8b78234042cb20737c134db9,d3e5a596e8348c13330fbbf6503d913f604e525b451f7c2cd771057c864af9ee,6d7f5dfcdbab14a25c13639db0048a2ed55445cb2af74c669cb6b94c5baab200,b5e4f84936b6f56fa4c3fd2ef94362ceb47ab9a1dcae2309ca8d10b18bac89d3,0.0485484864634419,mean_delay_robustness,15.0,15.04921568627451
exp1_alignment_transfer:targeted:full:targeted_geometric_mean_15:2026-08-17T10:11:18.820223+00:00,paper,True,targeted,exp1_alignment_transfer,targeted_geometric_mean_15,5,geometric_delay,eb5ae7e32d26e3d2326388733285644cfe0b7398,1738aa639b37c24c9a687969970adb435313e91ca717b336ca50525dd7d4e928,3ebb8ce93cecd9d76ef6358493113e3d186b46dc569038f73332c9cc58c495a3,3ebb8ce93cecd9d76ef6358493113e3d186b46dc569038f73332c9cc58c495a3,2026-08-17T10:11:18.851698+00:00,learner_consequence,contextual_delayed_exp3,arrival_clock,5000,847.0865773735359,0.1694173154747071,775.6739065277241,0.1551347813055448,4986,14,298b797e03f3f4cfe158597ffc17b3384a1895f36c619516d7502bb2880d20f1,882eaffd5793dff1d3105d390ce80cdf84e730430a786692e72f675cc4249ef9,3d8d2611d0cbd98125737b3ce0ebe8e209ef1980cd20523b325eb36b18d2f19b,aff0c2208642bdc8ffc03a9760ee114d5f49aa916dd545ada66e3a2f415bb9fb,f769a1ac9aa2adeff1f010b17a0c60ec4964935c1410e5ae5e4cd730368cb058,0.0545681798554798,mean_delay_robustness,15.0,15.122352941176471
exp1_alignment_transfer:targeted:full:targeted_geometric_mean_15:2026-08-17T10:11:18.820223+00:00,paper,True,targeted,exp1_alignment_transfer,targeted_geometric_mean_15,5,geometric_delay,eb5ae7e32d26e3d2326388733285644cfe0b7398,1738aa639b37c24c9a687969970adb435313e91ca717b336ca50525dd7d4e928,3ebb8ce93cecd9d76ef6358493113e3d186b46dc569038f73332c9cc58c495a3,3ebb8ce93cecd9d76ef6358493113e3d186b46dc569038f73332c9cc58c495a3,2026-08-17T10:11:18.851698+00:00,learner_consequence,contextual_delayed_exp3,source_round,5000,574.2456780961365,0.1148491356192273,502.8330072503248,0.1005666014500649,4986,14,9efa804e2035c31695cc18c707e4699949fde558918efa91e9b740c96641957f,882eaffd5793dff1d3105d390ce80cdf84e730430a786692e72f675cc4249ef9,3d8d2611d0cbd98125737b3ce0ebe8e209ef1980cd20523b325eb36b18d2f19b,aff0c2208642bdc8ffc03a9760ee114d5f49aa916dd545ada66e3a2f415bb9fb,f769a1ac9aa2adeff1f010b17a0c60ec4964935c1410e5ae5e4cd730368cb058,0.0545681798554798,mean_delay_robustness,15.0,15.122352941176471
exp1_alignment_transfer:targeted:full:targeted_geometric_mean_15:2026-08-17T10:11:19.661586+00:00,paper,True,targeted,exp1_alignment_transfer,targeted_geometric_mean_15,6,geometric_delay,eb5ae7e32d26e3d2326388733285644cfe0b7398,1738aa639b37c24c9a687969970adb435313e91ca717b336ca50525dd7d4e928,3ebb8ce93cecd9d76ef6358493113e3d186b46dc569038f73332c9cc58c495a3,3ebb8ce93cecd9d76ef6358493113e3d186b46dc569038f73332c9cc58c495a3,2026-08-17T10:11:19.696305+00:00,learner_consequence,contextual_delayed_exp3,arrival_clock,5000,826.5540040478686,0.1653108008095737,753.2709867329208,0.1506541973465841,4980,20,d08930b6a93e114166c3cbbac2b1ec9e922c26125049ab2dca0ca23b3f603d98,f0a3a3f7dc9950599bb0975c54aa7c5b247bc208ed9faab74a3510bbde9c57e4,96c520f6082f8d4725ea6619ed2da8663b432e1a804feb465f4c7fad290c2438,9c12dabbad9882466fadacb829b981c1f59d18c6bb40c71feac97dd45f662b8b,db9d3032c0fbf3f7b61de85d0276c3fa1b3ccd24108296fb3ca4b53d19b66d51,0.0528304244822894,mean_delay_robustness,15.0,15.05607843137255
exp1_alignment_transfer:targeted:full:targeted_geometric_mean_15:2026-08-17T10:11:19.661586+00:00,paper,True,targeted,exp1_alignment_transfer,targeted_geometric_mean_15,6,geometric_delay,eb5ae7e32d26e3d2326388733285644cfe0b7398,1738aa639b37c24c9a687969970adb435313e91ca717b336ca50525dd7d4e928,3ebb8ce93cecd9d76ef6358493113e3d186b46dc569038f73332c9cc58c495a3,3ebb8ce93cecd9d76ef6358493113e3d186b46dc569038f73332c9cc58c495a3,2026-08-17T10:11:19.696305+00:00,learner_consequence,contextual_delayed_exp3,source_round,5000,562.4018816364214,0.1124803763272842,489.1188643214738,0.0978237728642947,4980,20,5f6d2b78c2c004cb062aebb153df7e763dc3ff68ef8fa28aa0685c733314b186,f0a3a3f7dc9950599bb0975c54aa7c5b247bc208ed9faab74a3510bbde9c57e4,96c520f6082f8d4725ea6619ed2da8663b432e1a804feb465f4c7fad290c2438,9c12dabbad9882466fadacb829b981c1f59d18c6bb40c71feac97dd45f662b8b,db9d3032c0fbf3f7b61de85d0276c3fa1b3ccd24108296fb3ca4b53d19b66d51,0.0528304244822894,mean_delay_robustness,15.0,15.05607843137255
exp1_alignment_transfer:targeted:full:targeted_geometric_mean_15:2026-08-17T10:11:20.505504+00:00,paper,True,targeted,exp1_alignment_transfer,targeted_geometric_mean_15,7,geometric_delay,eb5ae7e32d26e3d2326388733285644cfe0b7398,1738aa639b37c24c9a687969970adb435313e91ca717b336ca50525dd7d4e928,3ebb8ce93cecd9d76ef6358493113e3d186b46dc569038f73332c9cc58c495a3,3ebb8ce93cecd9d76ef6358493113e3d186b46dc569038f73332c9cc58c495a3,2026-08-17T10:11:20.536310+00:00,learner_consequence,contextual_delayed_exp3,arrival_clock,5000,875.9698156726647,0.1751939631345329,803.9338770903637,0.1607867754180727,4986,14,4c1fe6df521b3122c3c39f592415f19b7131844a0a24d7f5d707bda4a93509bb,6bad13c1e816ada49fbfb5f75b828736c15ac5d21735f1ab0f3049085505dea4,f92ebe2402fd77705d671106c278b491938f9d341252e323a700da3523b90f62,bf9efdb82d04207dce4d45d309df4713a1d165db36efe8d74932d98e7647a82c,d019ddf448a5307da4a3ec42881781182b0cb79ebb833dae3d7f406932286267,0.0576148860811822,mean_delay_robustness,15.0,14.98686274509804
exp1_alignment_transfer:targeted:full:targeted_geometric_mean_15:2026-08-17T10:11:20.505504+00:00,paper,True,targeted,exp1_alignment_transfer,targeted_geometric_mean_15,7,geometric_delay,eb5ae7e32d26e3d2326388733285644cfe0b7398,1738aa639b37c24c9a687969970adb435313e91ca717b336ca50525dd7d4e928,3ebb8ce93cecd9d76ef6358493113e3d186b46dc569038f73332c9cc58c495a3,3ebb8ce93cecd9d76ef6358493113e3d186b46dc569038f73332c9cc58c495a3,2026-08-17T10:11:20.536310+00:00,learner_consequence,contextual_delayed_exp3,source_round,5000,587.8953852667534,0.1175790770533506,515.8594466844522,0.1031718893368904,4986,14,7cc92d446cbcff909a11f296dfb3d02f94a5a3463d3902d87ce4efbc6dccf99e,6bad13c1e816ada49fbfb5f75b828736c15ac5d21735f1ab0f3049085505dea4,f92ebe2402fd77705d671106c278b491938f9d341252e323a700da3523b90f62,bf9efdb82d04207dce4d45d309df4713a1d165db36efe8d74932d98e7647a82c,d019ddf448a5307da4a3ec42881781182b0cb79ebb833dae3d7f406932286267,0.0576148860811822,mean_delay_robustness,15.0,14.98686274509804
exp1_alignment_transfer:targeted:full:targeted_geometric_mean_15:2026-08-17T10:11:21.316924+00:00,paper,True,targeted,exp1_alignment_transfer,targeted_geometric_mean_15,8,geometric_delay,eb5ae7e32d26e3d2326388733285644cfe0b7398,1738aa639b37c24c9a687969970adb435313e91ca717b336ca50525dd7d4e928,3ebb8ce93cecd9d76ef6358493113e3d186b46dc569038f73332c9cc58c495a3,3ebb8ce93cecd9d76ef6358493113e3d186b46dc569038f73332c9cc58c495a3,2026-08-17T10:11:21.348917+00:00,learner_consequence,contextual_delayed_exp3,arrival_clock,5000,823.4598319095096,0.1646919663819019,747.3367770560087,0.1494673554112017,4983,17,6075f83bbab8350591b6ffdcd4f3a1d183f9081c700140ea8cd67e2206bdd022,b83334272e998ef7db2cdd2cd63317895137b29beca41ea7f7137dea09f69899,d6b2a2ec2c3eac8075bf8da3b35795abb17284b6649a218db7f6855b1ae777b2,b7e4a2ec280768226a7112d94cae02b729882bcf9ee97faa6f210f34f246f2c1,a90486095daaf537a0ccb5b3ebbb3f47ba6e393360aace9029924f7d1d371bcf,0.0511795950826794,mean_delay_robustness,15.0,14.681960784313723
exp1_alignment_transfer:targeted:full:targeted_geometric_mean_15:2026-08-17T10:11:21.316924+00:00,paper,True,targeted,exp1_alignment_transfer,targeted_geometric_mean_15,8,geometric_delay,eb5ae7e32d26e3d2326388733285644cfe0b7398,1738aa639b37c24c9a687969970adb435313e91ca717b336ca50525dd7d4e928,3ebb8ce93cecd9d76ef6358493113e3d186b46dc569038f73332c9cc58c495a3,3ebb8ce93cecd9d76ef6358493113e3d186b46dc569038f73332c9cc58c495a3,2026-08-17T10:11:21.348917+00:00,learner_consequence,contextual_delayed_exp3,source_round,5000,567.5618564961126,0.1135123712992225,491.4388016426117,0.0982877603285223,4983,17,2934b5a71441af586ed1b9186e59b8edfc8d60bf057866b619e2d7689291bd86,b83334272e998ef7db2cdd2cd63317895137b29beca41ea7f7137dea09f69899,d6b2a2ec2c3eac8075bf8da3b35795abb17284b6649a218db7f6855b1ae777b2,b7e4a2ec280768226a7112d94cae02b729882bcf9ee97faa6f210f34f246f2c1,a90486095daaf537a0ccb5b3ebbb3f47ba6e393360aace9029924f7d1d371bcf,0.0511795950826794,mean_delay_robustness,15.0,14.681960784313723
exp1_alignment_transfer:targeted:full:targeted_geometric_mean_15:2026-08-17T10:11:22.208678+00:00,paper,True,targeted,exp1_alignment_transfer,targeted_geometric_mean_15,9,geometric_delay,eb5ae7e32d26e3d2326388733285644cfe0b7398,1738aa639b37c24c9a687969970adb435313e91ca717b336ca50525dd7d4e928,3ebb8ce93cecd9d76ef6358493113e3d186b46dc569038f73332c9cc58c495a3,3ebb8ce93cecd9d76ef6358493113e3d186b46dc569038f73332c9cc58c495a3,2026-08-17T10:11:22.239834+00:00,learner_consequence,contextual_delayed_exp3,arrival_clock,5000,836.1106794595103,0.167222135891902,761.0793197556591,0.1522158639511318,4981,19,40fa4249040b80046ed8a53253bab87041db154c7e16747056935b2987649efb,cdf23c99ea1c442aa15d9b1523fa379231b42070696aa42b3e25f85bc88c21ef,2cf0076d9e32df7f505ac43573fb89242e62f9a354c4df37819f52d65a70e287,083f68833c72f857205bcc4ddc0f2b04d6cb09ba702357f8e59415f9528620c3,79f4719a962d3ba69a57c1b16c919c73f4547b97d7d86c057ef04b32ff50410e,0.0527303761133722,mean_delay_robustness,15.0,14.781960784313725
exp1_alignment_transfer:targeted:full:targeted_geometric_mean_15:2026-08-17T10:11:22.208678+00:00,paper,True,targeted,exp1_alignment_transfer,targeted_geometric_mean_15,9,geometric_delay,eb5ae7e32d26e3d2326388733285644cfe0b7398,1738aa639b37c24c9a687969970adb435313e91ca717b336ca50525dd7d4e928,3ebb8ce93cecd9d76ef6358493113e3d186b46dc569038f73332c9cc58c495a3,3ebb8ce93cecd9d76ef6358493113e3d186b46dc569038f73332c9cc58c495a3,2026-08-17T10:11:22.239834+00:00,learner_consequence,contextual_delayed_exp3,source_round,5000,572.4587988926492,0.1144917597785298,497.4274391887978,0.0994854878377595,4981,19,b9c62e949c2c60cd80a7e99be70fdbaa44d886944725b38b6c1a0ee0ebd7c095,cdf23c99ea1c442aa15d9b1523fa379231b42070696aa42b3e25f85bc88c21ef,2cf0076d9e32df7f505ac43573fb89242e62f9a354c4df37819f52d65a70e287,083f68833c72f857205bcc4ddc0f2b04d6cb09ba702357f8e59415f9528620c3,79f4719a962d3ba69a57c1b16c919c73f4547b97d7d86c057ef04b32ff50410e,0.0527303761133722,mean_delay_robustness,15.0,14.781960784313725
exp1_alignment_transfer:targeted:full:targeted_geometric_mean_15:2026-08-17T10:11:23.073079+00:00,paper,True,targeted,exp1_alignment_transfer,targeted_geometric_mean_15,10,geometric_delay,eb5ae7e32d26e3d2326388733285644cfe0b7398,1738aa639b37c24c9a687969970adb435313e91ca717b336ca50525dd7d4e928,3ebb8ce93cecd9d76ef6358493113e3d186b46dc569038f73332c9cc58c495a3,3ebb8ce93cecd9d76ef6358493113e3d186b46dc569038f73332c9cc58c495a3,2026-08-17T10:11:23.106356+00:00,learner_consequence,contextual_delayed_exp3,arrival_clock,5000,820.3985032582941,0.1640797006516588,750.2708409025458,0.1500541681805091,4991,9,56b7651dd3788685a33270f7c60def794a69e30b7e19d4c135ae0bebb1965c6b,5a6503ee69e78060fc44b427e4004b217da30ba54f2d3291cd821f1573f831c3,e4b74a3cde65255882e3945af3c6ed43ab0448501144ba6bcf7d58ee53d9cbc7,3da2c617a1b4504b0f8f454259bdb0c742589491c2a0dc1e37a4b7ae8bc7ed50,fba72f64f847ace802d37c159383cf56b63c86592534c5ac7d40d0e70c227f90,0.0516713222245806,mean_delay_robustness,15.0,14.735686274509805
exp1_alignment_transfer:targeted:full:targeted_geometric_mean_15:2026-08-17T10:11:23.073079+00:00,paper,True,targeted,exp1_alignment_transfer,targeted_geometric_mean_15,10,geometric_delay,eb5ae7e32d26e3d2326388733285644cfe0b7398,1738aa639b37c24c9a687969970adb435313e91ca717b336ca50525dd7d4e928,3ebb8ce93cecd9d76ef6358493113e3d186b46dc569038f73332c9cc58c495a3,3ebb8ce93cecd9d76ef6358493113e3d186b46dc569038f73332c9cc58c495a3,2026-08-17T10:11:23.106356+00:00,learner_consequence,contextual_delayed_exp3,source_round,5000,562.041892135391,0.1124083784270782,491.9142297796427,0.0983828459559285,4991,9,f291e6fbd42106812ab022cb676cf6dbdbe50d0f4862ad5d90e92e387d6b7cb2,5a6503ee69e78060fc44b427e4004b217da30ba54f2d3291cd821f1573f831c3,e4b74a3cde65255882e3945af3c6ed43ab0448501144ba6bcf7d58ee53d9cbc7,3da2c617a1b4504b0f8f454259bdb0c742589491c2a0dc1e37a4b7ae8bc7ed50,fba72f64f847ace802d37c159383cf56b63c86592534c5ac7d40d0e70c227f90,0.0516713222245806,mean_delay_robustness,15.0,14.735686274509805
exp1_alignment_transfer:targeted:full:targeted_geometric_mean_15:2026-08-17T10:11:23.945144+00:00,paper,True,targeted,exp1_alignment_transfer,targeted_geometric_mean_15,11,geometric_delay,eb5ae7e32d26e3d2326388733285644cfe0b7398,1738aa639b37c24c9a687969970adb435313e91ca717b336ca50525dd7d4e928,3ebb8ce93cecd9d76ef6358493113e3d186b46dc569038f73332c9cc58c495a3,3ebb8ce93cecd9d76ef6358493113e3d186b46dc569038f73332c9cc58c495a3,2026-08-17T10:11:23.979021+00:00,learner_consequence,contextual_delayed_exp3,arrival_clock,5000,860.0586214261509,0.1720117242852301,787.8709218932836,0.1575741843786567,4986,14,f22664ee2e668e795e0d3d3998a829c62e9f884d95a34ee38b98d79e6966d348,c442c399cf179a43e1d273ce99f7f5766a44555cd41cbea4450339e037c2c077,9899cfe29a40793b325867ca623b85f20581cbc01bb5e1cdf9b96fd3a1e8a1a2,c4d750953fb573d642268628dcd35d930d1982502571e79ffb20c68423b80dbe,bfb01fa795a449c78b721b81b818a7ff5afccf5d8a84a076061e7a4e454e0393,0.0565220538623123,mean_delay_robustness,15.0,14.938039215686274
exp1_alignment_transfer:targeted:full:targeted_geometric_mean_15:2026-08-17T10:11:23.945144+00:00,paper,True,targeted,exp1_alignment_transfer,targeted_geometric_mean_15,11,geometric_delay,eb5ae7e32d26e3d2326388733285644cfe0b7398,1738aa639b37c24c9a687969970adb435313e91ca717b336ca50525dd7d4e928,3ebb8ce93cecd9d76ef6358493113e3d186b46dc569038f73332c9cc58c495a3,3ebb8ce93cecd9d76ef6358493113e3d186b46dc569038f73332c9cc58c495a3,2026-08-17T10:11:23.979021+00:00,learner_consequence,contextual_delayed_exp3,source_round,5000,577.4483521145889,0.1154896704229177,505.2606525817216,0.1010521305163443,4986,14,db9458434a931040c630060ec33501782d95341ce8fc1f5ec049b07a3e8c2782,c442c399cf179a43e1d273ce99f7f5766a44555cd41cbea4450339e037c2c077,9899cfe29a40793b325867ca623b85f20581cbc01bb5e1cdf9b96fd3a1e8a1a2,c4d750953fb573d642268628dcd35d930d1982502571e79ffb20c68423b80dbe,bfb01fa795a449c78b721b81b818a7ff5afccf5d8a84a076061e7a4e454e0393,0.0565220538623123,mean_delay_robustness,15.0,14.938039215686274
exp1_alignment_transfer:targeted:full:targeted_geometric_mean_15:2026-08-17T10:11:24.732231+00:00,paper,True,targeted,exp1_alignment_transfer,targeted_geometric_mean_15,12,geometric_delay,eb5ae7e32d26e3d2326388733285644cfe0b7398,1738aa639b37c24c9a687969970adb435313e91ca717b336ca50525dd7d4e928,3ebb8ce93cecd9d76ef6358493113e3d186b46dc569038f73332c9cc58c495a3,3ebb8ce93cecd9d76ef6358493113e3d186b46dc569038f73332c9cc58c495a3,2026-08-17T10:11:24.765009+00:00,learner_consequence,contextual_delayed_exp3,arrival_clock,5000,839.740273937412,0.1679480547874824,767.5329551400264,0.1535065910280053,4987,13,a559e909443467dd0aff141a1bf42c791d7e6c1f6b791d69e905e29c74d084c9,2fcf83f38a12340796be6f78d33fb5e73109330565d578fc8093f77a7aed73cd,49f098474f55f33518d521d12e62ff4b0b3ff564eafb654bb752a3aea06850ed,4316373a43f98b6620b6d007bfa9a27885477d46ada2cfe907487f449dc9038f,988c9dc969e569b1a055224775662879fe2a49c4e6287fbdb21129085fc4e24e,0.0546848580280492,mean_delay_robustness,15.0,14.845882352941176
exp1_alignment_transfer:targeted:full:targeted_geometric_mean_15:2026-08-17T10:11:24.732231+00:00,paper,True,targeted,exp1_alignment_transfer,targeted_geometric_mean_15,12,geometric_delay,eb5ae7e32d26e3d2326388733285644cfe0b7398,1738aa639b37c24c9a687969970adb435313e91ca717b336ca50525dd7d4e928,3ebb8ce93cecd9d76ef6358493113e3d186b46dc569038f73332c9cc58c495a3,3ebb8ce93cecd9d76ef6358493113e3d186b46dc569038f73332c9cc58c495a3,2026-08-17T10:11:24.765009+00:00,learner_consequence,contextual_delayed_exp3,source_round,5000,566.3159837971658,0.1132631967594331,494.1086649997801,0.098821732999956,4987,13,fc754daa76e3d7c2154aefd910614623949c2b617015e7a862365fbda42d6d45,2fcf83f38a12340796be6f78d33fb5e73109330565d578fc8093f77a7aed73cd,49f098474f55f33518d521d12e62ff4b0b3ff564eafb654bb752a3aea06850ed,4316373a43f98b6620b6d007bfa9a27885477d46ada2cfe907487f449dc9038f,988c9dc969e569b1a055224775662879fe2a49c4e6287fbdb21129085fc4e24e,0.0546848580280492,mean_delay_robustness,15.0,14.845882352941176
exp1_alignment_transfer:targeted:full:targeted_geometric_mean_15:2026-08-17T10:11:25.612452+00:00,paper,True,targeted,exp1_alignment_transfer,targeted_geometric_mean_15,13,geometric_delay,eb5ae7e32d26e3d2326388733285644cfe0b7398,1738aa639b37c24c9a687969970adb435313e91ca717b336ca50525dd7d4e928,3ebb8ce93cecd9d76ef6358493113e3d186b46dc569038f73332c9cc58c495a3,3ebb8ce93cecd9d76ef6358493113e3d186b46dc569038f73332c9cc58c495a3,2026-08-17T10:11:25.648221+00:00,learner_consequence,contextual_delayed_exp3,arrival_clock,5000,856.3382109580565,0.1712676421916113,786.5738331318153,0.157314766626363,4981,19,b37392b63fa11a703b0af6582fdb05b992a312949a359203381a6e92f859fa25,0903c8bd19ce171e4daf075dbfcd89d04eeccf1d230d5d5229d54cb929ca6d04,779e231dc29bc1f44352852501039e30e552d021432352f386abe8b09583be3b,2d18035ba330bc15bcde22b7e25ee40cc22e454f2ca8751105ed2a6609322625,3e7bdee76a6233555237bdfcaf9e12e4e8f609b136e37f8dc92a1c1c0f0bac78,0.056935829468387,mean_delay_robustness,15.0,14.98372549019608
exp1_alignment_transfer:targeted:full:targeted_geometric_mean_15:2026-08-17T10:11:25.612452+00:00,paper,True,targeted,exp1_alignment_transfer,targeted_geometric_mean_15,13,geometric_delay,eb5ae7e32d26e3d2326388733285644cfe0b7398,1738aa639b37c24c9a687969970adb435313e91ca717b336ca50525dd7d4e928,3ebb8ce93cecd9d76ef6358493113e3d186b46dc569038f73332c9cc58c495a3,3ebb8ce93cecd9d76ef6358493113e3d186b46dc569038f73332c9cc58c495a3,2026-08-17T10:11:25.648221+00:00,learner_consequence,contextual_delayed_exp3,source_round,5000,571.6590636161214,0.1143318127232242,501.8946857898803,0.100378937157976,4981,19,18e34367e4428687e1b4195691534055fcc37cd4dc78fca3bf2add1582919d27,0903c8bd19ce171e4daf075dbfcd89d04eeccf1d230d5d5229d54cb929ca6d04,779e231dc29bc1f44352852501039e30e552d021432352f386abe8b09583be3b,2d18035ba330bc15bcde22b7e25ee40cc22e454f2ca8751105ed2a6609322625,3e7bdee76a6233555237bdfcaf9e12e4e8f609b136e37f8dc92a1c1c0f0bac78,0.056935829468387,mean_delay_robustness,15.0,14.98372549019608
exp1_alignment_transfer:targeted:full:targeted_geometric_mean_15:2026-08-17T10:11:26.481327+00:00,paper,True,targeted,exp1_alignment_transfer,targeted_geometric_mean_15,14,geometric_delay,eb5ae7e32d26e3d2326388733285644cfe0b7398,1738aa639b37c24c9a687969970adb435313e91ca717b336ca50525dd7d4e928,3ebb8ce93cecd9d76ef6358493113e3d186b46dc569038f73332c9cc58c495a3,3ebb8ce93cecd9d76ef6358493113e3d186b46dc569038f73332c9cc58c495a3,2026-08-17T10:11:26.514691+00:00,learner_consequence,contextual_delayed_exp3,arrival_clock,5000,893.1062172586019,0.1786212434517203,823.0733535667504,0.16461467071335,4984,16,e425590045c50a38e3c32a0f5850be0a5b6e613194bf96f810973e2e1ebbf721,8513d46f3e95fea187ec4f6afab945f63e07d0b80408bd67c92f59c8812b1eef,477ca8ed94572320d3169f5aa2d64a2032c2325e828d4c9c4969b5cd3aa07ad7,7c774dcb633dd8bcf036365529ca0d5a1ded63fc68a5e48d9f2c115212790e4f,693b576d16a8b7bcf81a051adb8581f9c3cb2d6f187d971b582ac8048534b006,0.0663314091355775,mean_delay_robustness,15.0,15.028823529411763
exp1_alignment_transfer:targeted:full:targeted_geometric_mean_15:2026-08-17T10:11:26.481327+00:00,paper,True,targeted,exp1_alignment_transfer,targeted_geometric_mean_15,14,geometric_delay,eb5ae7e32d26e3d2326388733285644cfe0b7398,1738aa639b37c24c9a687969970adb435313e91ca717b336ca50525dd7d4e928,3ebb8ce93cecd9d76ef6358493113e3d186b46dc569038f73332c9cc58c495a3,3ebb8ce93cecd9d76ef6358493113e3d186b46dc569038f73332c9cc58c495a3,2026-08-17T10:11:26.514691+00:00,learner_consequence,contextual_delayed_exp3,source_round,5000,561.4491715807139,0.1122898343161427,491.41630788886266,0.0982832615777725,4984,16,9588ac56487b6387171dd5af4af6835609afb6ac3b6bc72e96f0ada6980cfa73,8513d46f3e95fea187ec4f6afab945f63e07d0b80408bd67c92f59c8812b1eef,477ca8ed94572320d3169f5aa2d64a2032c2325e828d4c9c4969b5cd3aa07ad7,7c774dcb633dd8bcf036365529ca0d5a1ded63fc68a5e48d9f2c115212790e4f,693b576d16a8b7bcf81a051adb8581f9c3cb2d6f187d971b582ac8048534b006,0.0663314091355775,mean_delay_robustness,15.0,15.028823529411763
exp1_alignment_transfer:targeted:full:targeted_geometric_mean_15:2026-08-17T10:11:27.334352+00:00,paper,True,targeted,exp1_alignment_transfer,targeted_geometric_mean_15,15,geometric_delay,eb5ae7e32d26e3d2326388733285644cfe0b7398,1738aa639b37c24c9a687969970adb435313e91ca717b336ca50525dd7d4e928,3ebb8ce93cecd9d76ef6358493113e3d186b46dc569038f73332c9cc58c495a3,3ebb8ce93cecd9d76ef6358493113e3d186b46dc569038f73332c9cc58c495a3,2026-08-17T10:11:27.370505+00:00,learner_consequence,contextual_delayed_exp3,arrival_clock,5000,840.3087813486418,0.1680617562697283,768.356195359675,0.153671239071935,4988,12,380516e59d8739f9443331af33d27fab58e815745d69af1799b8e20fb2736af2,eb2dac3e6b7d2233a24c9c4e58f6299b32ae3daf87a2c935aced5253b2e4c1d4,6617b7da8ad34461ed59d33b9f09aed8badff50d3f48e2d078dad7d713c0bdde,5ddae1694418c7dd9291f11e95df334bcbac9dc7a077d33255414198e1becbf7,928e58b3333add450de3da4ba677148fd76f63f2271cf434f164af3c221f2176,0.052640875849432,mean_delay_robustness,15.0,15.1221568627451
exp1_alignment_transfer:targeted:full:targeted_geometric_mean_15:2026-08-17T10:11:27.334352+00:00,paper,True,targeted,exp1_alignment_transfer,targeted_geometric_mean_15,15,geometric_delay,eb5ae7e32d26e3d2326388733285644cfe0b7398,1738aa639b37c24c9a687969970adb435313e91ca717b336ca50525dd7d4e928,3ebb8ce93cecd9d76ef6358493113e3d186b46dc569038f73332c9cc58c495a3,3ebb8ce93cecd9d76ef6358493113e3d186b46dc569038f73332c9cc58c495a3,2026-08-17T10:11:27.370505+00:00,learner_consequence,contextual_delayed_exp3,source_round,5000,577.1044021014816,0.1154208804202963,505.1518161125149,0.1010303632225029,4988,12,24bfc44acc90e2938c1cecbbf38a91c47373b6213dfc263c95d1af1ae12b9779,eb2dac3e6b7d2233a24c9c4e58f6299b32ae3daf87a2c935aced5253b2e4c1d4,6617b7da8ad34461ed59d33b9f09aed8badff50d3f48e2d078dad7d713c0bdde,5ddae1694418c7dd9291f11e95df334bcbac9dc7a077d33255414198e1becbf7,928e58b3333add450de3da4ba677148fd76f63f2271cf434f164af3c221f2176,0.052640875849432,mean_delay_robustness,15.0,15.1221568627451
exp1_alignment_transfer:targeted:full:targeted_geometric_mean_15:2026-08-17T10:11:28.133481+00:00,paper,True,targeted,exp1_alignment_transfer,targeted_geometric_mean_15,16,geometric_delay,eb5ae7e32d26e3d2326388733285644cfe0b7398,1738aa639b37c24c9a687969970adb435313e91ca717b336ca50525dd7d4e928,3ebb8ce93cecd9d76ef6358493113e3d186b46dc569038f73332c9cc58c495a3,3ebb8ce93cecd9d76ef6358493113e3d186b46dc569038f73332c9cc58c495a3,2026-08-17T10:11:28.166576+00:00,learner_consequence,contextual_delayed_exp3,arrival_clock,5000,859.3014071769304,0.1718602814353861,789.5475156995982,0.1579095031399196,4987,13,8444382e7e5546549147659b64f831a6e4fec8a03307b4e56d284f8695a909b9,30bcd6b70488f6a9f5f4d302855e6e8303f776139b82a965d99e8aa122dbdc6e,f0fab9435e884255149c8b077be121d2cff39a074c7b12d5894cda820be36b38,016bc9a81e8ea37b41132d84eced1c071051b0c583cd703ec251aa885f8001f5,b61253002ac28fd0da773fc4de30a0ed803710b6f1a385c22cce18d63caa1fa0,0.0585224891679513,mean_delay_robustness,15.0,14.684313725490195
exp1_alignment_transfer:targeted:full:targeted_geometric_mean_15:2026-08-17T10:11:28.133481+00:00,paper,True,targeted,exp1_alignment_transfer,targeted_geometric_mean_15,16,geometric_delay,eb5ae7e32d26e3d2326388733285644cfe0b7398,1738aa639b37c24c9a687969970adb435313e91ca717b336ca50525dd7d4e928,3ebb8ce93cecd9d76ef6358493113e3d186b46dc569038f73332c9cc58c495a3,3ebb8ce93cecd9d76ef6358493113e3d186b46dc569038f73332c9cc58c495a3,2026-08-17T10:11:28.166576+00:00,learner_consequence,contextual_delayed_exp3,source_round,5000,566.6889613371735,0.1133377922674347,496.9350698598413,0.0993870139719682,4987,13,ea9a83de52a8d9bf6e9cb84989933e8b6cc5fab3dd07d17191fecfd307e86d40,30bcd6b70488f6a9f5f4d302855e6e8303f776139b82a965d99e8aa122dbdc6e,f0fab9435e884255149c8b077be121d2cff39a074c7b12d5894cda820be36b38,016bc9a81e8ea37b41132d84eced1c071051b0c583cd703ec251aa885f8001f5,b61253002ac28fd0da773fc4de30a0ed803710b6f1a385c22cce18d63caa1fa0,0.0585224891679513,mean_delay_robustness,15.0,14.684313725490195
exp1_alignment_transfer:targeted:full:targeted_geometric_mean_15:2026-08-17T10:11:28.965307+00:00,paper,True,targeted,exp1_alignment_transfer,targeted_geometric_mean_15,17,geometric_delay,eb5ae7e32d26e3d2326388733285644cfe0b7398,1738aa639b37c24c9a687969970adb435313e91ca717b336ca50525dd7d4e928,3ebb8ce93cecd9d76ef6358493113e3d186b46dc569038f73332c9cc58c495a3,3ebb8ce93cecd9d76ef6358493113e3d186b46dc569038f73332c9cc58c495a3,2026-08-17T10:11:28.995841+00:00,learner_consequence,contextual_delayed_exp3,arrival_clock,5000,811.188191397967,0.1622376382795934,732.9333743168414,0.1465866748633683,4983,17,77e479bcab2286ead997674429349476a34a1d74f1a834f30e545e156901e419,0ca25680c3d930da200320f79670420f7443bc960e9a22cfe2b4ec3699a737be,771ede43c4a2d4711480170fbf7531514409a0531e53b3a0f2914b1238534bd7,c91dd95692133eb38ad7d7fd64ab4d497c191b3db0d5c7cb6a3f8770c9405daa,2c45afbe32ce8fa4dbe1ce52a314350507150c5f328e37793643f4cdb490834b,0.0504397073223576,mean_delay_robustness,15.0,15.194901960784314
exp1_alignment_transfer:targeted:full:targeted_geometric_mean_15:2026-08-17T10:11:28.965307+00:00,paper,True,targeted,exp1_alignment_transfer,targeted_geometric_mean_15,17,geometric_delay,eb5ae7e32d26e3d2326388733285644cfe0b7398,1738aa639b37c24c9a687969970adb435313e91ca717b336ca50525dd7d4e928,3ebb8ce93cecd9d76ef6358493113e3d186b46dc569038f73332c9cc58c495a3,3ebb8ce93cecd9d76ef6358493113e3d186b46dc569038f73332c9cc58c495a3,2026-08-17T10:11:28.995841+00:00,learner_consequence,contextual_delayed_exp3,source_round,5000,558.9896547861786,0.1117979309572357,480.73483770505294,0.0961469675410105,4983,17,94cf59e5bcf730040f73bae04abb31328f53a3b1d13ecc2cf523e6902f6640e6,0ca25680c3d930da200320f79670420f7443bc960e9a22cfe2b4ec3699a737be,771ede43c4a2d4711480170fbf7531514409a0531e53b3a0f2914b1238534bd7,c91dd95692133eb38ad7d7fd64ab4d497c191b3db0d5c7cb6a3f8770c9405daa,2c45afbe32ce8fa4dbe1ce52a314350507150c5f328e37793643f4cdb490834b,0.0504397073223576,mean_delay_robustness,15.0,15.194901960784314
exp1_alignment_transfer:targeted:full:targeted_geometric_mean_15:2026-08-17T10:11:29.774487+00:00,paper,True,targeted,exp1_alignment_transfer,targeted_geometric_mean_15,18,geometric_delay,eb5ae7e32d26e3d2326388733285644cfe0b7398,1738aa639b37c24c9a687969970adb435313e91ca717b336ca50525dd7d4e928,3ebb8ce93cecd9d76ef6358493113e3d186b46dc569038f73332c9cc58c495a3,3ebb8ce93cecd9d76ef6358493113e3d186b46dc569038f73332c9cc58c495a3,2026-08-17T10:11:29.805926+00:00,learner_consequence,contextual_delayed_exp3,arrival_clock,5000,783.8489528445582,0.1567697905689116,710.02322932336,0.142004645864672,4985,15,e8117d18f21ea306a2b9ab7d03220de2e716064023e1966534ffd2f1cd89bfcb,67bfea69218a9c63f814a9eded0366581ee940bf053b31c9663e32949f13dd2c,cf4075ae3adc21fe8c0f6232838f4ff1e493759d8b63652c426af7529ffb2b66,2bb10991c27b95e11ba9f73b99d1d47ff9519cb8068d09c01f11934a09bd4b13,1defeb5d77740dded4f0199325175f28956b3abc540661e48d4808286fe3fc18,0.0452104928103597,mean_delay_robustness,15.0,15.077843137254902
exp1_alignment_transfer:targeted:full:targeted_geometric_mean_15:2026-08-17T10:11:29.774487+00:00,paper,True,targeted,exp1_alignment_transfer,targeted_geometric_mean_15,18,geometric_delay,eb5ae7e32d26e3d2326388733285644cfe0b7398,1738aa639b37c24c9a687969970adb435313e91ca717b336ca50525dd7d4e928,3ebb8ce93cecd9d76ef6358493113e3d186b46dc569038f73332c9cc58c495a3,3ebb8ce93cecd9d76ef6358493113e3d186b46dc569038f73332c9cc58c495a3,2026-08-17T10:11:29.805926+00:00,learner_consequence,contextual_delayed_exp3,source_round,5000,557.7964887927594,0.1115592977585518,483.9707652715613,0.0967941530543122,4985,15,ec32e746119ed249eaf321152f651adbf8b3d3fcc83dcfd75357477f9c74ca4f,67bfea69218a9c63f814a9eded0366581ee940bf053b31c9663e32949f13dd2c,cf4075ae3adc21fe8c0f6232838f4ff1e493759d8b63652c426af7529ffb2b66,2bb10991c27b95e11ba9f73b99d1d47ff9519cb8068d09c01f11934a09bd4b13,1defeb5d77740dded4f0199325175f28956b3abc540661e48d4808286fe3fc18,0.0452104928103597,mean_delay_robustness,15.0,15.077843137254902
exp1_alignment_transfer:targeted:full:targeted_geometric_mean_15:2026-08-17T10:11:30.584967+00:00,paper,True,targeted,exp1_alignment_transfer,targeted_geometric_mean_15,19,geometric_delay,eb5ae7e32d26e3d2326388733285644cfe0b7398,1738aa639b37c24c9a687969970adb435313e91ca717b336ca50525dd7d4e928,3ebb8ce93cecd9d76ef6358493113e3d186b46dc569038f73332c9cc58c495a3,3ebb8ce93cecd9d76ef6358493113e3d186b46dc569038f73332c9cc58c495a3,2026-08-17T10:11:30.616342+00:00,learner_consequence,contextual_delayed_exp3,arrival_clock,5000,794.9008106857619,0.1589801621371523,721.4371370252929,0.1442874274050586,4985,15,0f7a7541639314dd1e54d064a04d9c8d59b18dd691e0a813b3e75b9cd638b88c,e57be6bd0c06ea894d638322f9fc7101a5da7437490d4def64b956f32b8b28ac,cfe9a7e03a043f1b0f81cc397cb566212d5f4e594b047f0dd739e1dc6cfda118,0e975229880c6db1024084b11db6943af002aad6f9ba26ed7e3ba3c6000bda12,0a15a92c26229f92f4e2fe875061bb7339d509157dc9313c8b7bdd231b7842e3,0.0446120991359908,mean_delay_robustness,15.0,14.875490196078433
exp1_alignment_transfer:targeted:full:targeted_geometric_mean_15:2026-08-17T10:11:30.584967+00:00,paper,True,targeted,exp1_alignment_transfer,targeted_geometric_mean_15,19,geometric_delay,eb5ae7e32d26e3d2326388733285644cfe0b7398,1738aa639b37c24c9a687969970adb435313e91ca717b336ca50525dd7d4e928,3ebb8ce93cecd9d76ef6358493113e3d186b46dc569038f73332c9cc58c495a3,3ebb8ce93cecd9d76ef6358493113e3d186b46dc569038f73332c9cc58c495a3,2026-08-17T10:11:30.616342+00:00,learner_consequence,contextual_delayed_exp3,source_round,5000,571.8403150058077,0.1143680630011615,498.3766413453387,0.0996753282690677,4985,15,42defaea275fa7fda3cfca4f721a46b4064a808b0de902703592f97f46f2e773,e57be6bd0c06ea894d638322f9fc7101a5da7437490d4def64b956f32b8b28ac,cfe9a7e03a043f1b0f81cc397cb566212d5f4e594b047f0dd739e1dc6cfda118,0e975229880c6db1024084b11db6943af002aad6f9ba26ed7e3ba3c6000bda12,0a15a92c26229f92f4e2fe875061bb7339d509157dc9313c8b7bdd231b7842e3,0.0446120991359908,mean_delay_robustness,15.0,14.875490196078433
exp1_alignment_transfer:targeted:full:targeted_geometric_mean_15:2026-08-17T10:11:31.413764+00:00,paper,True,targeted,exp1_alignment_transfer,targeted_geometric_mean_15,20,geometric_delay,eb5ae7e32d26e3d2326388733285644cfe0b7398,1738aa639b37c24c9a687969970adb435313e91ca717b336ca50525dd7d4e928,3ebb8ce93cecd9d76ef6358493113e3d186b46dc569038f73332c9cc58c495a3,3ebb8ce93cecd9d76ef6358493113e3d186b46dc569038f73332c9cc58c495a3,2026-08-17T10:11:31.444296+00:00,learner_consequence,contextual_delayed_exp3,arrival_clock,5000,866.1947432688768,0.1732389486537753,792.6754544285637,0.1585350908857127,4983,17,923726eed3965d2c69cf91ce9ebe7d534387f9fed69d0c144366fefa8f4f4d22,1b55d7740c7f78c666e319546d60ba4b6f3a058ab28d202dbf39149cda8ea481,5e666b745d30a41690e21adce1afc2aa5a01c1dbc357cdfaa505c235931e1770,b3c76fb1c66d62face9b9f0b0dfe9a7a131c54fce653452a499aa4f907f923e4,da6a844e7aac942cfb2ada85c2356216845391e497dba5d86ab865bce38e5c8a,0.0585472888152473,mean_delay_robustness,15.0,15.136274509803922
exp1_alignment_transfer:targeted:full:targeted_geometric_mean_15:2026-08-17T10:11:31.413764+00:00,paper,True,targeted,exp1_alignment_transfer,targeted_geometric_mean_15,20,geometric_delay,eb5ae7e32d26e3d2326388733285644cfe0b7398,1738aa639b37c24c9a687969970adb435313e91ca717b336ca50525dd7d4e928,3ebb8ce93cecd9d76ef6358493113e3d186b46dc569038f73332c9cc58c495a3,3ebb8ce93cecd9d76ef6358493113e3d186b46dc569038f73332c9cc58c495a3,2026-08-17T10:11:31.444296+00:00,learner_consequence,contextual_delayed_exp3,source_round,5000,573.45829919264,0.114691659838528,499.939010352327,0.0999878020704654,4983,17,738aee68b6fe15f3730bd423ccb4ee8a8e69950c4d2085f62e5526bd1992fbf6,1b55d7740c7f78c666e319546d60ba4b6f3a058ab28d202dbf39149cda8ea481,5e666b745d30a41690e21adce1afc2aa5a01c1dbc357cdfaa505c235931e1770,b3c76fb1c66d62face9b9f0b0dfe9a7a131c54fce653452a499aa4f907f923e4,da6a844e7aac942cfb2ada85c2356216845391e497dba5d86ab865bce38e5c8a,0.0585472888152473,mean_delay_robustness,15.0,15.136274509803922
exp1_alignment_transfer:targeted:full:targeted_geometric_mean_15:2026-08-17T10:11:32.194789+00:00,paper,True,targeted,exp1_alignment_transfer,targeted_geometric_mean_15,21,geometric_delay,eb5ae7e32d26e3d2326388733285644cfe0b7398,1738aa639b37c24c9a687969970adb435313e91ca717b336ca50525dd7d4e928,3ebb8ce93cecd9d76ef6358493113e3d186b46dc569038f73332c9cc58c495a3,3ebb8ce93cecd9d76ef6358493113e3d186b46dc569038f73332c9cc58c495a3,2026-08-17T10:11:32.225622+00:00,learner_consequence,contextual_delayed_exp3,arrival_clock,5000,849.0372448925018,0.1698074489785003,775.1235494808046,0.1550247098961609,4988,12,67286d38ab05dd87717709ea66bac1f45d4502a341781dee4a729c608ec116ad,452d71727e77e202a76f9516ba982e6cd9be61cdfcbcbb4a0cc9f5cfc4e5263b,f6726a10e63ec5ba9bf2dc8c035d754d5ab44da365ff6fe3e88de0ece9bd825d,db93b063a651635c23f5b752bf08ee2c9a0683ba6a6bc018ca2cecea2241948c,245be8f4489afc375584f6f98df3a8f60502634abe24c4057b8b7205ff8d773d,0.0535543517077999,mean_delay_robustness,15.0,14.94
exp1_alignment_transfer:targeted:full:targeted_geometric_mean_15:2026-08-17T10:11:32.194789+00:00,paper,True,targeted,exp1_alignment_transfer,targeted_geometric_mean_15,21,geometric_delay,eb5ae7e32d26e3d2326388733285644cfe0b7398,1738aa639b37c24c9a687969970adb435313e91ca717b336ca50525dd7d4e928,3ebb8ce93cecd9d76ef6358493113e3d186b46dc569038f73332c9cc58c495a3,3ebb8ce93cecd9d76ef6358493113e3d186b46dc569038f73332c9cc58c495a3,2026-08-17T10:11:32.225622+00:00,learner_consequence,contextual_delayed_exp3,source_round,5000,581.265486353502,0.1162530972707003,507.3517909418048,0.1014703581883609,4988,12,5c3d7c7dff6cb2f85af293b820ec172570cc16f4b47dce2ca407b644f9c91be3,452d71727e77e202a76f9516ba982e6cd9be61cdfcbcbb4a0cc9f5cfc4e5263b,f6726a10e63ec5ba9bf2dc8c035d754d5ab44da365ff6fe3e88de0ece9bd825d,db93b063a651635c23f5b752bf08ee2c9a0683ba6a6bc018ca2cecea2241948c,245be8f4489afc375584f6f98df3a8f60502634abe24c4057b8b7205ff8d773d,0.0535543517077999,mean_delay_robustness,15.0,14.94
exp1_alignment_transfer:targeted:full:targeted_geometric_mean_15:2026-08-17T10:11:32.971069+00:00,paper,True,targeted,exp1_alignment_transfer,targeted_geometric_mean_15,22,geometric_delay,eb5ae7e32d26e3d2326388733285644cfe0b7398,1738aa639b37c24c9a687969970adb435313e91ca717b336ca50525dd7d4e928,3ebb8ce93cecd9d76ef6358493113e3d186b46dc569038f73332c9cc58c495a3,3ebb8ce93cecd9d76ef6358493113e3d186b46dc569038f73332c9cc58c495a3,2026-08-17T10:11:33.005039+00:00,learner_consequence,contextual_delayed_exp3,arrival_clock,5000,816.798185667442,0.1633596371334884,743.3547720744091,0.1486709544148818,4986,14,777d92f6c0ec7875931e08f92216144c341b484d1fa43a2aed03403c91a74488,8e38b16c6e4f54bc3f091a5387bc8c8bb63e994e7d9cc2901c6feaf321c11f7a,7f8e03989d8b0ef54ed0a81e5e8450c0aed2175b03996ad10d6313ecab9dd1ec,a23e4be14e7f9583437e6dc1530728db9aa431f271a34b0ded0ceb3c8634cd7f,862f6db2f158fc884057f574476b97742af6c7e3a5de62eb02045eeb0dcccf28,0.0509478371232002,mean_delay_robustness,15.0,15.23078431372549
exp1_alignment_transfer:targeted:full:targeted_geometric_mean_15:2026-08-17T10:11:32.971069+00:00,paper,True,targeted,exp1_alignment_transfer,targeted_geometric_mean_15,22,geometric_delay,eb5ae7e32d26e3d2326388733285644cfe0b7398,1738aa639b37c24c9a687969970adb435313e91ca717b336ca50525dd7d4e928,3ebb8ce93cecd9d76ef6358493113e3d186b46dc569038f73332c9cc58c495a3,3ebb8ce93cecd9d76ef6358493113e3d186b46dc569038f73332c9cc58c495a3,2026-08-17T10:11:33.005039+00:00,learner_consequence,contextual_delayed_exp3,source_round,5000,562.0590000514406,0.1124118000102881,488.6155864584077,0.0977231172916815,4986,14,024fad4bfd907540e755457687954159d3797f64d52a81e7fb86a7ecd6dd4bc3,8e38b16c6e4f54bc3f091a5387bc8c8bb63e994e7d9cc2901c6feaf321c11f7a,7f8e03989d8b0ef54ed0a81e5e8450c0aed2175b03996ad10d6313ecab9dd1ec,a23e4be14e7f9583437e6dc1530728db9aa431f271a34b0ded0ceb3c8634cd7f,862f6db2f158fc884057f574476b97742af6c7e3a5de62eb02045eeb0dcccf28,0.0509478371232002,mean_delay_robustness,15.0,15.23078431372549
exp1_alignment_transfer:targeted:full:targeted_geometric_mean_15:2026-08-17T10:11:33.964792+00:00,paper,True,targeted,exp1_alignment_transfer,targeted_geometric_mean_15,23,geometric_delay,eb5ae7e32d26e3d2326388733285644cfe0b7398,1738aa639b37c24c9a687969970adb435313e91ca717b336ca50525dd7d4e928,3ebb8ce93cecd9d76ef6358493113e3d186b46dc569038f73332c9cc58c495a3,3ebb8ce93cecd9d76ef6358493113e3d186b46dc569038f73332c9cc58c495a3,2026-08-17T10:11:34.000916+00:00,learner_consequence,contextual_delayed_exp3,arrival_clock,5000,843.5554133846731,0.1687110826769346,772.0103008322919,0.1544020601664583,4988,12,b6eacb5138e8fccc221aaa076375ec651d7bbd9e377fab8f9f67075a15d4f60e,f9922560961084f8c4d59ff0c368314ed0c86070282b5ead4684deae3af3aece,cbecbfe9b38323bd2a375146d4c54380d4d73d3f73d9e795ee3bfb87df40d4d0,adc0cbb114a75b7b9a89a0b494abc8f06e1e128a10d90752353882b71923d831,b54a6c7c645a15e180e1a5111da305fc5f461b4b8e3103c333bf6b17edf57c16,0.056606643503966,mean_delay_robustness,15.0,15.062156862745098
exp1_alignment_transfer:targeted:full:targeted_geometric_mean_15:2026-08-17T10:11:33.964792+00:00,paper,True,targeted,exp1_alignment_transfer,targeted_geometric_mean_15,23,geometric_delay,eb5ae7e32d26e3d2326388733285644cfe0b7398,1738aa639b37c24c9a687969970adb435313e91ca717b336ca50525dd7d4e928,3ebb8ce93cecd9d76ef6358493113e3d186b46dc569038f73332c9cc58c495a3,3ebb8ce93cecd9d76ef6358493113e3d186b46dc569038f73332c9cc58c495a3,2026-08-17T10:11:34.000916+00:00,learner_consequence,contextual_delayed_exp3,source_round,5000,560.5221958648428,0.1121044391729685,488.9770833124619,0.0977954166624923,4988,12,095bbb7210ffdd2c8655f6345c3d93c5c52568d954acbc85fb43dc115d9d3799,f9922560961084f8c4d59ff0c368314ed0c86070282b5ead4684deae3af3aece,cbecbfe9b38323bd2a375146d4c54380d4d73d3f73d9e795ee3bfb87df40d4d0,adc0cbb114a75b7b9a89a0b494abc8f06e1e128a10d90752353882b71923d831,b54a6c7c645a15e180e1a5111da305fc5f461b4b8e3103c333bf6b17edf57c16,0.056606643503966,mean_delay_robustness,15.0,15.062156862745098
exp1_alignment_transfer:targeted:full:targeted_geometric_mean_15:2026-08-17T10:11:35.000449+00:00,paper,True,targeted,exp1_alignment_transfer,targeted_geometric_mean_15,24,geometric_delay,eb5ae7e32d26e3d2326388733285644cfe0b7398,1738aa639b37c24c9a687969970adb435313e91ca717b336ca50525dd7d4e928,3ebb8ce93cecd9d76ef6358493113e3d186b46dc569038f73332c9cc58c495a3,3ebb8ce93cecd9d76ef6358493113e3d186b46dc569038f73332c9cc58c495a3,2026-08-17T10:11:35.033275+00:00,learner_consequence,contextual_delayed_exp3,arrival_clock,5000,856.7842961131582,0.1713568592226316,784.2194747931084,0.1568438949586216,4983,17,5f1783e14bd7f7ddae02b678dafa32a05a9d977a9da8a7ab75328be6536c4818,d34df0ee35d5cdde507390d5c13f29c2ace3be843284c17069fa152433665f95,bc3959bf48160011252633e03c7903fe6a081d184462e6c6a74c0a9b80c09696,28ddb8fe61c6999c81f2bd336d7a532ded7f1225a2934280d18be65e8479bd2b,ca6fc9d402e96351a0a2f7d216ee1ccbd72ca796644e2c05385be3d305347a33,0.0567079939495726,mean_delay_robustness,15.0,14.860588235294118
exp1_alignment_transfer:targeted:full:targeted_geometric_mean_15:2026-08-17T10:11:35.000449+00:00,paper,True,targeted,exp1_alignment_transfer,targeted_geometric_mean_15,24,geometric_delay,eb5ae7e32d26e3d2326388733285644cfe0b7398,1738aa639b37c24c9a687969970adb435313e91ca717b336ca50525dd7d4e928,3ebb8ce93cecd9d76ef6358493113e3d186b46dc569038f73332c9cc58c495a3,3ebb8ce93cecd9d76ef6358493113e3d186b46dc569038f73332c9cc58c495a3,2026-08-17T10:11:35.033275+00:00,learner_consequence,contextual_delayed_exp3,source_round,5000,573.2443263652949,0.1146488652730589,500.679505045245,0.100135901009049,4983,17,dc3305480f1ebe2fad9a87bacf8a30db4a3dae4fe63d5639585fb68abb79946e,d34df0ee35d5cdde507390d5c13f29c2ace3be843284c17069fa152433665f95,bc3959bf48160011252633e03c7903fe6a081d184462e6c6a74c0a9b80c09696,28ddb8fe61c6999c81f2bd336d7a532ded7f1225a2934280d18be65e8479bd2b,ca6fc9d402e96351a0a2f7d216ee1ccbd72ca796644e2c05385be3d305347a33,0.0567079939495726,mean_delay_robustness,15.0,14.860588235294118
exp1_alignment_transfer:targeted:full:targeted_geometric_mean_15:2026-08-17T10:11:35.801397+00:00,paper,True,targeted,exp1_alignment_transfer,targeted_geometric_mean_15,25,geometric_delay,eb5ae7e32d26e3d2326388733285644cfe0b7398,1738aa639b37c24c9a687969970adb435313e91ca717b336ca50525dd7d4e928,3ebb8ce93cecd9d76ef6358493113e3d186b46dc569038f73332c9cc58c495a3,3ebb8ce93cecd9d76ef6358493113e3d186b46dc569038f73332c9cc58c495a3,2026-08-17T10:11:35.837449+00:00,learner_consequence,contextual_delayed_exp3,arrival_clock,5000,869.7325330108604,0.173946506602172,799.0928621572912,0.1598185724314582,4982,18,ca44a8b0ea7c4c5fc7544ad278ee73bae8f5e37a699d8ad72f1e0845c97bf8fb,dec966ed2ce50893c81eddbfb1e64b0c90a1f66e8320bf6354d2244907fd819f,67643870cc2805c29dfd17624592846e05fcdc830c4cb3f80dd019a5e801f1f5,4ab5bfb61f06121692c9f4c79b4aea98e001e8c01c15fb9c060f33d990e34316,bfff076ab04d20aea66617b601d0f87b59495772e7c393bc17951927a4c78043,0.0588439736416442,mean_delay_robustness,15.0,14.569215686274507
exp1_alignment_transfer:targeted:full:targeted_geometric_mean_15:2026-08-17T10:11:35.801397+00:00,paper,True,targeted,exp1_alignment_transfer,targeted_geometric_mean_15,25,geometric_delay,eb5ae7e32d26e3d2326388733285644cfe0b7398,1738aa639b37c24c9a687969970adb435313e91ca717b336ca50525dd7d4e928,3ebb8ce93cecd9d76ef6358493113e3d186b46dc569038f73332c9cc58c495a3,3ebb8ce93cecd9d76ef6358493113e3d186b46dc569038f73332c9cc58c495a3,2026-08-17T10:11:35.837449+00:00,learner_consequence,contextual_delayed_exp3,source_round,5000,575.5126648026392,0.1151025329605278,504.87299394907,0.1009745987898139,4982,18,159f01fea5f274ab3320e41cf4a7ef3a78ad425ecf55d9740ccd1a6bf53c53a5,dec966ed2ce50893c81eddbfb1e64b0c90a1f66e8320bf6354d2244907fd819f,67643870cc2805c29dfd17624592846e05fcdc830c4cb3f80dd019a5e801f1f5,4ab5bfb61f06121692c9f4c79b4aea98e001e8c01c15fb9c060f33d990e34316,bfff076ab04d20aea66617b601d0f87b59495772e7c393bc17951927a4c78043,0.0588439736416442,mean_delay_robustness,15.0,14.569215686274507
exp1_alignment_transfer:targeted:full:targeted_geometric_mean_15:2026-08-17T10:11:36.695032+00:00,paper,True,targeted,exp1_alignment_transfer,targeted_geometric_mean_15,26,geometric_delay,eb5ae7e32d26e3d2326388733285644cfe0b7398,1738aa639b37c24c9a687969970adb435313e91ca717b336ca50525dd7d4e928,3ebb8ce93cecd9d76ef6358493113e3d186b46dc569038f73332c9cc58c495a3,3ebb8ce93cecd9d76ef6358493113e3d186b46dc569038f73332c9cc58c495a3,2026-08-17T10:11:36.725971+00:00,learner_consequence,contextual_delayed_exp3,arrival_clock,5000,850.4470552571595,0.1700894110514319,776.8083796821581,0.1553616759364316,4983,17,356893c58a0bad9f1d6e289afdd6684ca32c7e919c0d9c2b21e63a64fc9c416d,d5b91c7b245451978681fbf55347da0c2d2ce629c51d74194f5dc6cf64896c9b,e628de97734b46a825183edac49519228f791e14bed2bc7b4a95a73c1e061e8e,92cbcc212034b8a4b204d0d8f323b8c63a1a24dfbca32bcb43835c54670201e3,0fd671a753d129187141d05d6462e6013279de14ae52f9d24f6b7922e7d0f65c,0.0544039886744217,mean_delay_robustness,15.0,14.90156862745098
exp1_alignment_transfer:targeted:full:targeted_geometric_mean_15:2026-08-17T10:11:36.695032+00:00,paper,True,targeted,exp1_alignment_transfer,targeted_geometric_mean_15,26,geometric_delay,eb5ae7e32d26e3d2326388733285644cfe0b7398,1738aa639b37c24c9a687969970adb435313e91ca717b336ca50525dd7d4e928,3ebb8ce93cecd9d76ef6358493113e3d186b46dc569038f73332c9cc58c495a3,3ebb8ce93cecd9d76ef6358493113e3d186b46dc569038f73332c9cc58c495a3,2026-08-17T10:11:36.725971+00:00,learner_consequence,contextual_delayed_exp3,source_round,5000,578.4271118850509,0.1156854223770101,504.7884363100497,0.1009576872620099,4983,17,e64efb65971e82f8cd5d3a2937f0d7f96871d65d4c667f19e17141b747d1efad,d5b91c7b245451978681fbf55347da0c2d2ce629c51d74194f5dc6cf64896c9b,e628de97734b46a825183edac49519228f791e14bed2bc7b4a95a73c1e061e8e,92cbcc212034b8a4b204d0d8f323b8c63a1a24dfbca32bcb43835c54670201e3,0fd671a753d129187141d05d6462e6013279de14ae52f9d24f6b7922e7d0f65c,0.0544039886744217,mean_delay_robustness,15.0,14.90156862745098
exp1_alignment_transfer:targeted:full:targeted_geometric_mean_15:2026-08-17T10:11:37.551415+00:00,paper,True,targeted,exp1_alignment_transfer,targeted_geometric_mean_15,27,geometric_delay,eb5ae7e32d26e3d2326388733285644cfe0b7398,1738aa639b37c24c9a687969970adb435313e91ca717b336ca50525dd7d4e928,3ebb8ce93cecd9d76ef6358493113e3d186b46dc569038f73332c9cc58c495a3,3ebb8ce93cecd9d76ef6358493113e3d186b46dc569038f73332c9cc58c495a3,2026-08-17T10:11:37.582879+00:00,learner_consequence,contextual_delayed_exp3,arrival_clock,5000,863.8495165608481,0.1727699033121696,790.5369494913741,0.1581073898982748,4984,16,a03a8f7d4804d114cf94aaff880424cc734a31ca218d76f4c22aadb3c6342888,be806ea832831c700633d61df528d0dc08fc4e05b0a40296b3b887b18b43e168,c7cb0a1207162fa1b32b3cd2e2596f5f4f6efd66b738367a7598cdd4542bc61d,46eb58f8413d966a86ff000cbbdf85e07a75f26b7b35f3eccda095372e6952b8,384d5c7cf60028e6818dacd4085a7dc3318aa20eed4382475fe4784889c39908,0.0579312346787846,mean_delay_robustness,15.0,15.123725490196078
exp1_alignment_transfer:targeted:full:targeted_geometric_mean_15:2026-08-17T10:11:37.551415+00:00,paper,True,targeted,exp1_alignment_transfer,targeted_geometric_mean_15,27,geometric_delay,eb5ae7e32d26e3d2326388733285644cfe0b7398,1738aa639b37c24c9a687969970adb435313e91ca717b336ca50525dd7d4e928,3ebb8ce93cecd9d76ef6358493113e3d186b46dc569038f73332c9cc58c495a3,3ebb8ce93cecd9d76ef6358493113e3d186b46dc569038f73332c9cc58c495a3,2026-08-17T10:11:37.582879+00:00,learner_consequence,contextual_delayed_exp3,source_round,5000,574.1933431669249,0.1148386686333849,500.8807760974509,0.1001761552194901,4984,16,6515a7cd08282deefe7f342314e4d35cf8237cf44c81978c03ca6d216960e8f9,be806ea832831c700633d61df528d0dc08fc4e05b0a40296b3b887b18b43e168,c7cb0a1207162fa1b32b3cd2e2596f5f4f6efd66b738367a7598cdd4542bc61d,46eb58f8413d966a86ff000cbbdf85e07a75f26b7b35f3eccda095372e6952b8,384d5c7cf60028e6818dacd4085a7dc3318aa20eed4382475fe4784889c39908,0.0579312346787846,mean_delay_robustness,15.0,15.123725490196078
exp1_alignment_transfer:targeted:full:targeted_geometric_mean_15:2026-08-17T10:11:38.653040+00:00,paper,True,targeted,exp1_alignment_transfer,targeted_geometric_mean_15,28,geometric_delay,eb5ae7e32d26e3d2326388733285644cfe0b7398,1738aa639b37c24c9a687969970adb435313e91ca717b336ca50525dd7d4e928,3ebb8ce93cecd9d76ef6358493113e3d186b46dc569038f73332c9cc58c495a3,3ebb8ce93cecd9d76ef6358493113e3d186b46dc569038f73332c9cc58c495a3,2026-08-17T10:11:38.698158+00:00,learner_consequence,contextual_delayed_exp3,arrival_clock,5000,818.3504359564947,0.1636700871912989,743.9329443187166,0.1487865888637433,4986,14,7679b4e79574b4ed42896e13e2478a072cc19f232515264b8d83fbd381c5c674,af29803d1fd9ca6e68ee7a9c9f7416e2ad456c87f1caffe808a9f65449acba1f,ab31a5cec6013d5e51ab249cfc7be8067c11500bf01ac840e6d0f5aa64de073c,c2d0a50a0c7617c0bf87f9808a4e4480edcce781e52d9303e9ecd1ae49d50d88,1e12af24c3f7d3a675c834db5681f1fc13ea14f2afb88866ec885b11f5b78455,0.0481264911180435,mean_delay_robustness,15.0,15.092549019607842
exp1_alignment_transfer:targeted:full:targeted_geometric_mean_15:2026-08-17T10:11:38.653040+00:00,paper,True,targeted,exp1_alignment_transfer,targeted_geometric_mean_15,28,geometric_delay,eb5ae7e32d26e3d2326388733285644cfe0b7398,1738aa639b37c24c9a687969970adb435313e91ca717b336ca50525dd7d4e928,3ebb8ce93cecd9d76ef6358493113e3d186b46dc569038f73332c9cc58c495a3,3ebb8ce93cecd9d76ef6358493113e3d186b46dc569038f73332c9cc58c495a3,2026-08-17T10:11:38.698158+00:00,learner_consequence,contextual_delayed_exp3,source_round,5000,577.7179803662771,0.1155435960732554,503.30048872849886,0.1006600977456997,4986,14,4c16c82aed132ca6990c6a5164eea96d2c5dddc79402843a93678dd242bfd1f2,af29803d1fd9ca6e68ee7a9c9f7416e2ad456c87f1caffe808a9f65449acba1f,ab31a5cec6013d5e51ab249cfc7be8067c11500bf01ac840e6d0f5aa64de073c,c2d0a50a0c7617c0bf87f9808a4e4480edcce781e52d9303e9ecd1ae49d50d88,1e12af24c3f7d3a675c834db5681f1fc13ea14f2afb88866ec885b11f5b78455,0.0481264911180435,mean_delay_robustness,15.0,15.092549019607842
exp1_alignment_transfer:targeted:full:targeted_geometric_mean_15:2026-08-17T10:11:39.589039+00:00,paper,True,targeted,exp1_alignment_transfer,targeted_geometric_mean_15,29,geometric_delay,eb5ae7e32d26e3d2326388733285644cfe0b7398,1738aa639b37c24c9a687969970adb435313e91ca717b336ca50525dd7d4e928,3ebb8ce93cecd9d76ef6358493113e3d186b46dc569038f73332c9cc58c495a3,3ebb8ce93cecd9d76ef6358493113e3d186b46dc569038f73332c9cc58c495a3,2026-08-17T10:11:39.623964+00:00,learner_consequence,contextual_delayed_exp3,arrival_clock,5000,836.9252640678203,0.167385052813564,762.8266019270374,0.1525653203854074,4986,14,bdeffcd4c7f402b03d0617ddb0ca91860ca71d354982b4fa98818212166b64bc,33270e43de936b5aa4398d2ee5c4818639e3bab4f77fc9f4b263d2afaf30f8fe,76dd9c9091e2b4782a95258643236f59477dc7ce306dfef1b48478b531c459cf,46391ca745341195e353e3c92f7ef6ceb2ead6b74491f0c86736bb4f2aa670f8,721378385abf0cfa9670905c12b014d683072a9654a31a60dcba9dfabb01a167,0.0582085984722467,mean_delay_robustness,15.0,15.009803921568627
exp1_alignment_transfer:targeted:full:targeted_geometric_mean_15:2026-08-17T10:11:39.589039+00:00,paper,True,targeted,exp1_alignment_transfer,targeted_geometric_mean_15,29,geometric_delay,eb5ae7e32d26e3d2326388733285644cfe0b7398,1738aa639b37c24c9a687969970adb435313e91ca717b336ca50525dd7d4e928,3ebb8ce93cecd9d76ef6358493113e3d186b46dc569038f73332c9cc58c495a3,3ebb8ce93cecd9d76ef6358493113e3d186b46dc569038f73332c9cc58c495a3,2026-08-17T10:11:39.623964+00:00,learner_consequence,contextual_delayed_exp3,source_round,5000,545.8822717065864,0.1091764543413172,471.7836095658034,0.0943567219131606,4986,14,cb6842d3a8f4903c7e568e6c2f5cf7fd8d27f8446fe216fd2cad3134251c48e2,33270e43de936b5aa4398d2ee5c4818639e3bab4f77fc9f4b263d2afaf30f8fe,76dd9c9091e2b4782a95258643236f59477dc7ce306dfef1b48478b531c459cf,46391ca745341195e353e3c92f7ef6ceb2ead6b74491f0c86736bb4f2aa670f8,721378385abf0cfa9670905c12b014d683072a9654a31a60dcba9dfabb01a167,0.0582085984722467,mean_delay_robustness,15.0,15.009803921568627
exp1_alignment_transfer:targeted:full:targeted_geometric_mean_30:2026-08-17T10:11:40.507871+00:00,paper,True,targeted,exp1_alignment_transfer,targeted_geometric_mean_30,0,geometric_delay,eb5ae7e32d26e3d2326388733285644cfe0b7398,1738aa639b37c24c9a687969970adb435313e91ca717b336ca50525dd7d4e928,3ebb8ce93cecd9d76ef6358493113e3d186b46dc569038f73332c9cc58c495a3,3ebb8ce93cecd9d76ef6358493113e3d186b46dc569038f73332c9cc58c495a3,2026-08-17T10:11:40.543593+00:00,learner_consequence,contextual_delayed_exp3,arrival_clock,5000,898.7313435222429,0.1797462687044486,831.1388714355078,0.1662277742871015,4969,31,b397e73a03317ac183a860b3fa6325623093cec22b1ce86ad9f9c4006b02ad17,3eac5d8df853cf8877a8cf2da4676afa083247dfec16cc899f30c0dac1d94879,726804f43cd380fcac70ca91ff6b57e87bc1de09a17eec5ee0af210eda0076dd,8a258e2df74321bce841079d8a6cc78cb6483f6c9d87ede96c0b9cc5aaa70878,d30b8630642f34b06f25dbbe1b1cc0df21c937e73f2c8618cc3d0d9bffa5e7c7,0.0650075928177176,mean_delay_robustness,30.0,29.6878431372549
exp1_alignment_transfer:targeted:full:targeted_geometric_mean_30:2026-08-17T10:11:40.507871+00:00,paper,True,targeted,exp1_alignment_transfer,targeted_geometric_mean_30,0,geometric_delay,eb5ae7e32d26e3d2326388733285644cfe0b7398,1738aa639b37c24c9a687969970adb435313e91ca717b336ca50525dd7d4e928,3ebb8ce93cecd9d76ef6358493113e3d186b46dc569038f73332c9cc58c495a3,3ebb8ce93cecd9d76ef6358493113e3d186b46dc569038f73332c9cc58c495a3,2026-08-17T10:11:40.543593+00:00,learner_consequence,contextual_delayed_exp3,source_round,5000,573.6933794336545,0.1147386758867309,506.1009073469195,0.1012201814693839,4969,31,ebafc1545e91aeb1b871edb64c6c363300a910aa1fd1a588c4cc650c07348985,3eac5d8df853cf8877a8cf2da4676afa083247dfec16cc899f30c0dac1d94879,726804f43cd380fcac70ca91ff6b57e87bc1de09a17eec5ee0af210eda0076dd,8a258e2df74321bce841079d8a6cc78cb6483f6c9d87ede96c0b9cc5aaa70878,d30b8630642f34b06f25dbbe1b1cc0df21c937e73f2c8618cc3d0d9bffa5e7c7,0.0650075928177176,mean_delay_robustness,30.0,29.6878431372549
exp1_alignment_transfer:targeted:full:targeted_geometric_mean_30:2026-08-17T10:11:41.398176+00:00,paper,True,targeted,exp1_alignment_transfer,targeted_geometric_mean_30,1,geometric_delay,eb5ae7e32d26e3d2326388733285644cfe0b7398,1738aa639b37c24c9a687969970adb435313e91ca717b336ca50525dd7d4e928,3ebb8ce93cecd9d76ef6358493113e3d186b46dc569038f73332c9cc58c495a3,3ebb8ce93cecd9d76ef6358493113e3d186b46dc569038f73332c9cc58c495a3,2026-08-17T10:11:41.434108+00:00,learner_consequence,contextual_delayed_exp3,arrival_clock,5000,802.1159425864564,0.1604231885172913,729.7064054406513,0.1459412810881302,4973,27,df7cdfd6fd379116cdb1e143102377d614aa87bf71e021dea3e2748a1aa71b8b,e1430fe6f9f591e9188c1a5b7f54fe22e3e9178eae3e37f663672f70a33fb6cb,a3990006269ace2d5b00755f874505aa9ee4ce452ae5f0076759a367a68f8a09,8175329a155820b75fc606818dd1371946844bb4bbbaf586983154f65d95c6d3,0b4e7b18b6cb5425b973492a1bcb1a67f7b2e2db9cadb248bea44ae886f6a97b,0.0494019874291951,mean_delay_robustness,30.0,30.50019607843137
exp1_alignment_transfer:targeted:full:targeted_geometric_mean_30:2026-08-17T10:11:41.398176+00:00,paper,True,targeted,exp1_alignment_transfer,targeted_geometric_mean_30,1,geometric_delay,eb5ae7e32d26e3d2326388733285644cfe0b7398,1738aa639b37c24c9a687969970adb435313e91ca717b336ca50525dd7d4e928,3ebb8ce93cecd9d76ef6358493113e3d186b46dc569038f73332c9cc58c495a3,3ebb8ce93cecd9d76ef6358493113e3d186b46dc569038f73332c9cc58c495a3,2026-08-17T10:11:41.434108+00:00,learner_consequence,contextual_delayed_exp3,source_round,5000,555.1060054404809,0.1110212010880961,482.6964682946757,0.0965392936589351,4973,27,daed76de3444f84d8fd2b25f671e0f88e051840520282a966677a8a627a94b88,e1430fe6f9f591e9188c1a5b7f54fe22e3e9178eae3e37f663672f70a33fb6cb,a3990006269ace2d5b00755f874505aa9ee4ce452ae5f0076759a367a68f8a09,8175329a155820b75fc606818dd1371946844bb4bbbaf586983154f65d95c6d3,0b4e7b18b6cb5425b973492a1bcb1a67f7b2e2db9cadb248bea44ae886f6a97b,0.0494019874291951,mean_delay_robustness,30.0,30.50019607843137
exp1_alignment_transfer:targeted:full:targeted_geometric_mean_30:2026-08-17T10:11:42.324184+00:00,paper,True,targeted,exp1_alignment_transfer,targeted_geometric_mean_30,2,geometric_delay,eb5ae7e32d26e3d2326388733285644cfe0b7398,1738aa639b37c24c9a687969970adb435313e91ca717b336ca50525dd7d4e928,3ebb8ce93cecd9d76ef6358493113e3d186b46dc569038f73332c9cc58c495a3,3ebb8ce93cecd9d76ef6358493113e3d186b46dc569038f73332c9cc58c495a3,2026-08-17T10:11:42.355711+00:00,learner_consequence,contextual_delayed_exp3,arrival_clock,5000,821.6668287049406,0.1643333657409881,746.528821581421,0.1493057643162842,4970,30,7b03a2863336cc8d988b4e15b3682850ebeca71870c90461769e4561bbcabd07,f1f1f54c693a3b82ceee433ec452c51e33e4eca98b3d9b07b5c1fa97d8671aa5,abe82847bfe43b675d67a5a43c4c3bbc3cee28f287a5b0d25d4107b4b5d884ba,324b29476d9e5ae89ed31f587606366a51e7e71cdf1f6cf9c3d3c71382d23f40,0166aa16381350a73b21d8ccf9661cfe26fa47ad57c120f4b2b26d39c2af8c2a,0.0503951919197657,mean_delay_robustness,30.0,30.133333333333333
exp1_alignment_transfer:targeted:full:targeted_geometric_mean_30:2026-08-17T10:11:42.324184+00:00,paper,True,targeted,exp1_alignment_transfer,targeted_geometric_mean_30,2,geometric_delay,eb5ae7e32d26e3d2326388733285644cfe0b7398,1738aa639b37c24c9a687969970adb435313e91ca717b336ca50525dd7d4e928,3ebb8ce93cecd9d76ef6358493113e3d186b46dc569038f73332c9cc58c495a3,3ebb8ce93cecd9d76ef6358493113e3d186b46dc569038f73332c9cc58c495a3,2026-08-17T10:11:42.355711+00:00,learner_consequence,contextual_delayed_exp3,source_round,5000,569.6908691061119,0.1139381738212223,494.5528619825922,0.0989105723965184,4970,30,0d9da36442c44b9bd0ccf1e478e0b11263babf3a905ccf61e399d7a1c35da572,f1f1f54c693a3b82ceee433ec452c51e33e4eca98b3d9b07b5c1fa97d8671aa5,abe82847bfe43b675d67a5a43c4c3bbc3cee28f287a5b0d25d4107b4b5d884ba,324b29476d9e5ae89ed31f587606366a51e7e71cdf1f6cf9c3d3c71382d23f40,0166aa16381350a73b21d8ccf9661cfe26fa47ad57c120f4b2b26d39c2af8c2a,0.0503951919197657,mean_delay_robustness,30.0,30.133333333333333
exp1_alignment_transfer:targeted:full:targeted_geometric_mean_30:2026-08-17T10:11:43.442985+00:00,paper,True,targeted,exp1_alignment_transfer,targeted_geometric_mean_30,3,geometric_delay,eb5ae7e32d26e3d2326388733285644cfe0b7398,1738aa639b37c24c9a687969970adb435313e91ca717b336ca50525dd7d4e928,3ebb8ce93cecd9d76ef6358493113e3d186b46dc569038f73332c9cc58c495a3,3ebb8ce93cecd9d76ef6358493113e3d186b46dc569038f73332c9cc58c495a3,2026-08-17T10:11:43.481737+00:00,learner_consequence,contextual_delayed_exp3,arrival_clock,5000,875.1316860793089,0.1750263372158617,798.5661979419169,0.1597132395883833,4971,29,0140f1c3f109d9ff512c4c5e85b6f881f45d449ec2997313d73d6d973b7aed8f,ab8c80d80c972f75215ece83fcdb7a3d3ba875e4f0d90517c339ae1fbba2a5b0,c4a3f99dc7194fe593bb2761bca93679b46aab15006426680bce6ed0e88f0de3,5aede2a1d0bae22936b8f9f9cc59c265fbcdbcc5a4f60e51ed527b99e811dcfb,9d262575ac6c45a3423d3ce305e08b5191aa08eeec247f8cc8b555a4899b379e,0.0608823484776084,mean_delay_robustness,30.0,29.93098039215686
exp1_alignment_transfer:targeted:full:targeted_geometric_mean_30:2026-08-17T10:11:43.442985+00:00,paper,True,targeted,exp1_alignment_transfer,targeted_geometric_mean_30,3,geometric_delay,eb5ae7e32d26e3d2326388733285644cfe0b7398,1738aa639b37c24c9a687969970adb435313e91ca717b336ca50525dd7d4e928,3ebb8ce93cecd9d76ef6358493113e3d186b46dc569038f73332c9cc58c495a3,3ebb8ce93cecd9d76ef6358493113e3d186b46dc569038f73332c9cc58c495a3,2026-08-17T10:11:43.481737+00:00,learner_consequence,contextual_delayed_exp3,source_round,5000,570.7199436912665,0.1141439887382533,494.1544555538746,0.0988308911107749,4971,29,1340c8f3206547b2fb13c8e97d0ddcaafd4d17dc905518922ac037b59f335bbe,ab8c80d80c972f75215ece83fcdb7a3d3ba875e4f0d90517c339ae1fbba2a5b0,c4a3f99dc7194fe593bb2761bca93679b46aab15006426680bce6ed0e88f0de3,5aede2a1d0bae22936b8f9f9cc59c265fbcdbcc5a4f60e51ed527b99e811dcfb,9d262575ac6c45a3423d3ce305e08b5191aa08eeec247f8cc8b555a4899b379e,0.0608823484776084,mean_delay_robustness,30.0,29.93098039215686
exp1_alignment_transfer:targeted:full:targeted_geometric_mean_30:2026-08-17T10:11:44.563057+00:00,paper,True,targeted,exp1_alignment_transfer,targeted_geometric_mean_30,4,geometric_delay,eb5ae7e32d26e3d2326388733285644cfe0b7398,1738aa639b37c24c9a687969970adb435313e91ca717b336ca50525dd7d4e928,3ebb8ce93cecd9d76ef6358493113e3d186b46dc569038f73332c9cc58c495a3,3ebb8ce93cecd9d76ef6358493113e3d186b46dc569038f73332c9cc58c495a3,2026-08-17T10:11:44.598338+00:00,learner_consequence,contextual_delayed_exp3,arrival_clock,5000,823.8815828159993,0.1647763165631998,752.3087768570344,0.1504617553714068,4973,27,a733cbf899063cd22a40f9072fc3956d15f97bb18ffc67f9434b7bff29c72fc5,90c95fb67bc01729003331b35a86714c4f51b6fa8b78234042cb20737c134db9,856fd5fe4175146e0dda38a4e24c72cb625da2137b711e1a28719c50d96a8dcf,6d7f5dfcdbab14a25c13639db0048a2ed55445cb2af74c669cb6b94c5baab200,ea86aff8185185adb0b5b0eb9129dee5e2f8b4385cbecefa3b5f2c2779e21757,0.05198547155506,mean_delay_robustness,30.0,30.14666666666667
exp1_alignment_transfer:targeted:full:targeted_geometric_mean_30:2026-08-17T10:11:44.563057+00:00,paper,True,targeted,exp1_alignment_transfer,targeted_geometric_mean_30,4,geometric_delay,eb5ae7e32d26e3d2326388733285644cfe0b7398,1738aa639b37c24c9a687969970adb435313e91ca717b336ca50525dd7d4e928,3ebb8ce93cecd9d76ef6358493113e3d186b46dc569038f73332c9cc58c495a3,3ebb8ce93cecd9d76ef6358493113e3d186b46dc569038f73332c9cc58c495a3,2026-08-17T10:11:44.598338+00:00,learner_consequence,contextual_delayed_exp3,source_round,5000,563.9542250406993,0.1127908450081398,492.3814190817345,0.0984762838163469,4973,27,5e19f0fe2332f35e3ecee73a43983534db21e0c11f245d5e0e68fd22e831fddf,90c95fb67bc01729003331b35a86714c4f51b6fa8b78234042cb20737c134db9,856fd5fe4175146e0dda38a4e24c72cb625da2137b711e1a28719c50d96a8dcf,6d7f5dfcdbab14a25c13639db0048a2ed55445cb2af74c669cb6b94c5baab200,ea86aff8185185adb0b5b0eb9129dee5e2f8b4385cbecefa3b5f2c2779e21757,0.05198547155506,mean_delay_robustness,30.0,30.14666666666667
exp1_alignment_transfer:targeted:full:targeted_geometric_mean_30:2026-08-17T10:11:45.486690+00:00,paper,True,targeted,exp1_alignment_transfer,targeted_geometric_mean_30,5,geometric_delay,eb5ae7e32d26e3d2326388733285644cfe0b7398,1738aa639b37c24c9a687969970adb435313e91ca717b336ca50525dd7d4e928,3ebb8ce93cecd9d76ef6358493113e3d186b46dc569038f73332c9cc58c495a3,3ebb8ce93cecd9d76ef6358493113e3d186b46dc569038f73332c9cc58c495a3,2026-08-17T10:11:45.522579+00:00,learner_consequence,contextual_delayed_exp3,arrival_clock,5000,853.3560829849112,0.1706712165969822,781.9434121390993,0.1563886824278198,4974,26,1cae911f80bdbc584e3519b96481947e50a3658a9e5ae588afea8008dd21997a,882eaffd5793dff1d3105d390ce80cdf84e730430a786692e72f675cc4249ef9,f7c27aeda05f6aa20afe632ac03bd2e371713c02f64ba62244b9da61843443a4,aff0c2208642bdc8ffc03a9760ee114d5f49aa916dd545ada66e3a2f415bb9fb,dde5b3652106b2dd40e15ad9b668db6b53e6fc8e046dfcb713538b0fdc4e9ee9,0.0554668651106039,mean_delay_robustness,30.0,30.29156862745098
exp1_alignment_transfer:targeted:full:targeted_geometric_mean_30:2026-08-17T10:11:45.486690+00:00,paper,True,targeted,exp1_alignment_transfer,targeted_geometric_mean_30,5,geometric_delay,eb5ae7e32d26e3d2326388733285644cfe0b7398,1738aa639b37c24c9a687969970adb435313e91ca717b336ca50525dd7d4e928,3ebb8ce93cecd9d76ef6358493113e3d186b46dc569038f73332c9cc58c495a3,3ebb8ce93cecd9d76ef6358493113e3d186b46dc569038f73332c9cc58c495a3,2026-08-17T10:11:45.522579+00:00,learner_consequence,contextual_delayed_exp3,source_round,5000,576.0217574318915,0.1152043514863783,504.6090865860797,0.1009218173172159,4974,26,4d7c14f6bc3541502a1e442d1063f941669aecfe99e789299107d485dac74c40,882eaffd5793dff1d3105d390ce80cdf84e730430a786692e72f675cc4249ef9,f7c27aeda05f6aa20afe632ac03bd2e371713c02f64ba62244b9da61843443a4,aff0c2208642bdc8ffc03a9760ee114d5f49aa916dd545ada66e3a2f415bb9fb,dde5b3652106b2dd40e15ad9b668db6b53e6fc8e046dfcb713538b0fdc4e9ee9,0.0554668651106039,mean_delay_robustness,30.0,30.29156862745098
exp1_alignment_transfer:targeted:full:targeted_geometric_mean_30:2026-08-17T10:11:46.447430+00:00,paper,True,targeted,exp1_alignment_transfer,targeted_geometric_mean_30,6,geometric_delay,eb5ae7e32d26e3d2326388733285644cfe0b7398,1738aa639b37c24c9a687969970adb435313e91ca717b336ca50525dd7d4e928,3ebb8ce93cecd9d76ef6358493113e3d186b46dc569038f73332c9cc58c495a3,3ebb8ce93cecd9d76ef6358493113e3d186b46dc569038f73332c9cc58c495a3,2026-08-17T10:11:46.488369+00:00,learner_consequence,contextual_delayed_exp3,arrival_clock,5000,847.9218219723577,0.1695843643944715,774.63880465741,0.154927760931482,4968,32,54dba69aef79fe2d05387cbab2ae708a0f46ff05f401b3cb84393a38fea8a4f3,f0a3a3f7dc9950599bb0975c54aa7c5b247bc208ed9faab74a3510bbde9c57e4,d69535630855289adbae45e0aeae8c2b27729b6735f31e6f52f5f14ffbea34d8,9c12dabbad9882466fadacb829b981c1f59d18c6bb40c71feac97dd45f662b8b,a703e9af95565cb54c15ce0c52c253d87df059e4a6ccf7611ae1055acffb8e1b,0.0563762193565756,mean_delay_robustness,30.0,30.00549019607843
exp1_alignment_transfer:targeted:full:targeted_geometric_mean_30:2026-08-17T10:11:46.447430+00:00,paper,True,targeted,exp1_alignment_transfer,targeted_geometric_mean_30,6,geometric_delay,eb5ae7e32d26e3d2326388733285644cfe0b7398,1738aa639b37c24c9a687969970adb435313e91ca717b336ca50525dd7d4e928,3ebb8ce93cecd9d76ef6358493113e3d186b46dc569038f73332c9cc58c495a3,3ebb8ce93cecd9d76ef6358493113e3d186b46dc569038f73332c9cc58c495a3,2026-08-17T10:11:46.488369+00:00,learner_consequence,contextual_delayed_exp3,source_round,5000,566.0407251894794,0.1132081450378958,492.75770787453183,0.0985515415749063,4968,32,34c5e699d6a459bc33aaf10b401b89deafe9fc25f6ef71a544f1eb667155d53d,f0a3a3f7dc9950599bb0975c54aa7c5b247bc208ed9faab74a3510bbde9c57e4,d69535630855289adbae45e0aeae8c2b27729b6735f31e6f52f5f14ffbea34d8,9c12dabbad9882466fadacb829b981c1f59d18c6bb40c71feac97dd45f662b8b,a703e9af95565cb54c15ce0c52c253d87df059e4a6ccf7611ae1055acffb8e1b,0.0563762193565756,mean_delay_robustness,30.0,30.00549019607843
exp1_alignment_transfer:targeted:full:targeted_geometric_mean_30:2026-08-17T10:11:47.436063+00:00,paper,True,targeted,exp1_alignment_transfer,targeted_geometric_mean_30,7,geometric_delay,eb5ae7e32d26e3d2326388733285644cfe0b7398,1738aa639b37c24c9a687969970adb435313e91ca717b336ca50525dd7d4e928,3ebb8ce93cecd9d76ef6358493113e3d186b46dc569038f73332c9cc58c495a3,3ebb8ce93cecd9d76ef6358493113e3d186b46dc569038f73332c9cc58c495a3,2026-08-17T10:11:47.484638+00:00,learner_consequence,contextual_delayed_exp3,arrival_clock,5000,895.3645375908304,0.1790729075181661,823.3285990085293,0.1646657198017058,4972,28,1138c70d2da0e08efe4ea353c34c63dfce49f5837aca98132ca0f155860c2363,6bad13c1e816ada49fbfb5f75b828736c15ac5d21735f1ab0f3049085505dea4,460a8a754bf42e6ecb1a0b061cd83f5d80fd8318634deb72e4b91385dd662672,bf9efdb82d04207dce4d45d309df4713a1d165db36efe8d74932d98e7647a82c,2c2301da37a38117021314f1e210c76de5c4845430130572c46793fa3291478e,0.0608056730780297,mean_delay_robustness,30.0,29.979803921568628
exp1_alignment_transfer:targeted:full:targeted_geometric_mean_30:2026-08-17T10:11:47.436063+00:00,paper,True,targeted,exp1_alignment_transfer,targeted_geometric_mean_30,7,geometric_delay,eb5ae7e32d26e3d2326388733285644cfe0b7398,1738aa639b37c24c9a687969970adb435313e91ca717b336ca50525dd7d4e928,3ebb8ce93cecd9d76ef6358493113e3d186b46dc569038f73332c9cc58c495a3,3ebb8ce93cecd9d76ef6358493113e3d186b46dc569038f73332c9cc58c495a3,2026-08-17T10:11:47.484638+00:00,learner_consequence,contextual_delayed_exp3,source_round,5000,591.3361722006816,0.1182672344401363,519.3002336183805,0.1038600467236761,4972,28,d321e769634fe8fc04ed0695c0f273b21ae11e6d6bc414b970973aa9b167519d,6bad13c1e816ada49fbfb5f75b828736c15ac5d21735f1ab0f3049085505dea4,460a8a754bf42e6ecb1a0b061cd83f5d80fd8318634deb72e4b91385dd662672,bf9efdb82d04207dce4d45d309df4713a1d165db36efe8d74932d98e7647a82c,2c2301da37a38117021314f1e210c76de5c4845430130572c46793fa3291478e,0.0608056730780297,mean_delay_robustness,30.0,29.979803921568628
exp1_alignment_transfer:targeted:full:targeted_geometric_mean_30:2026-08-17T10:11:48.617869+00:00,paper,True,targeted,exp1_alignment_transfer,targeted_geometric_mean_30,8,geometric_delay,eb5ae7e32d26e3d2326388733285644cfe0b7398,1738aa639b37c24c9a687969970adb435313e91ca717b336ca50525dd7d4e928,3ebb8ce93cecd9d76ef6358493113e3d186b46dc569038f73332c9cc58c495a3,3ebb8ce93cecd9d76ef6358493113e3d186b46dc569038f73332c9cc58c495a3,2026-08-17T10:11:48.654522+00:00,learner_consequence,contextual_delayed_exp3,arrival_clock,5000,836.0021375362255,0.1672004275072451,759.8790826827244,0.1519758165365448,4972,28,c9c51744c35325ffb1f37c7ceafad646fad1c3c1047a22bc3d024e99c99e4007,b83334272e998ef7db2cdd2cd63317895137b29beca41ea7f7137dea09f69899,91433333bbc6a1612dae67631070533503be2ca6145443cdf475edfcd7b3f2ab,b7e4a2ec280768226a7112d94cae02b729882bcf9ee97faa6f210f34f246f2c1,f8e53cb6cf4d0eac8705c77c09649bea0caf77e97e27af3d322d77cbdf59ea1d,0.0533190275818705,mean_delay_robustness,30.0,29.551960784313724
exp1_alignment_transfer:targeted:full:targeted_geometric_mean_30:2026-08-17T10:11:48.617869+00:00,paper,True,targeted,exp1_alignment_transfer,targeted_geometric_mean_30,8,geometric_delay,eb5ae7e32d26e3d2326388733285644cfe0b7398,1738aa639b37c24c9a687969970adb435313e91ca717b336ca50525dd7d4e928,3ebb8ce93cecd9d76ef6358493113e3d186b46dc569038f73332c9cc58c495a3,3ebb8ce93cecd9d76ef6358493113e3d186b46dc569038f73332c9cc58c495a3,2026-08-17T10:11:48.654522+00:00,learner_consequence,contextual_delayed_exp3,source_round,5000,569.4069996268726,0.1138813999253745,493.2839447733716,0.0986567889546743,4972,28,fb2ade25ee8ee69412fe25c1a7b11b1f7af13ab3655e34018d08efda400c6fa7,b83334272e998ef7db2cdd2cd63317895137b29beca41ea7f7137dea09f69899,91433333bbc6a1612dae67631070533503be2ca6145443cdf475edfcd7b3f2ab,b7e4a2ec280768226a7112d94cae02b729882bcf9ee97faa6f210f34f246f2c1,f8e53cb6cf4d0eac8705c77c09649bea0caf77e97e27af3d322d77cbdf59ea1d,0.0533190275818705,mean_delay_robustness,30.0,29.551960784313724
exp1_alignment_transfer:targeted:full:targeted_geometric_mean_30:2026-08-17T10:11:49.587488+00:00,paper,True,targeted,exp1_alignment_transfer,targeted_geometric_mean_30,9,geometric_delay,eb5ae7e32d26e3d2326388733285644cfe0b7398,1738aa639b37c24c9a687969970adb435313e91ca717b336ca50525dd7d4e928,3ebb8ce93cecd9d76ef6358493113e3d186b46dc569038f73332c9cc58c495a3,3ebb8ce93cecd9d76ef6358493113e3d186b46dc569038f73332c9cc58c495a3,2026-08-17T10:11:49.618155+00:00,learner_consequence,contextual_delayed_exp3,arrival_clock,5000,863.2355889515104,0.1726471177903021,788.204229247659,0.1576408458495318,4967,33,0a464d070b85ff658231f795e700dbd772a1d17ab9cf5bfd5de279bc998a47ae,cdf23c99ea1c442aa15d9b1523fa379231b42070696aa42b3e25f85bc88c21ef,42b2ea2aa9fb5a98b859fdc10fdad6abef006b149a0671f956561aadd8acb461,083f68833c72f857205bcc4ddc0f2b04d6cb09ba702357f8e59415f9528620c3,caf2bded58d38a3067c5539da5abbaecc9e25bfbb096f18a59a17c34a13f44cb,0.0576359014982781,mean_delay_robustness,30.0,29.850392156862743
exp1_alignment_transfer:targeted:full:targeted_geometric_mean_30:2026-08-17T10:11:49.587488+00:00,paper,True,targeted,exp1_alignment_transfer,targeted_geometric_mean_30,9,geometric_delay,eb5ae7e32d26e3d2326388733285644cfe0b7398,1738aa639b37c24c9a687969970adb435313e91ca717b336ca50525dd7d4e928,3ebb8ce93cecd9d76ef6358493113e3d186b46dc569038f73332c9cc58c495a3,3ebb8ce93cecd9d76ef6358493113e3d186b46dc569038f73332c9cc58c495a3,2026-08-17T10:11:49.618155+00:00,learner_consequence,contextual_delayed_exp3,source_round,5000,575.0560814601199,0.1150112162920239,500.0247217562686,0.1000049443512537,4967,33,b1bfb64075ba2b4855c9df1dcc5a707d675cd3c05c439187210fcca70b811ba6,cdf23c99ea1c442aa15d9b1523fa379231b42070696aa42b3e25f85bc88c21ef,42b2ea2aa9fb5a98b859fdc10fdad6abef006b149a0671f956561aadd8acb461,083f68833c72f857205bcc4ddc0f2b04d6cb09ba702357f8e59415f9528620c3,caf2bded58d38a3067c5539da5abbaecc9e25bfbb096f18a59a17c34a13f44cb,0.0576359014982781,mean_delay_robustness,30.0,29.850392156862743
exp1_alignment_transfer:targeted:full:targeted_geometric_mean_30:2026-08-17T10:11:50.488145+00:00,paper,True,targeted,exp1_alignment_transfer,targeted_geometric_mean_30,10,geometric_delay,eb5ae7e32d26e3d2326388733285644cfe0b7398,1738aa639b37c24c9a687969970adb435313e91ca717b336ca50525dd7d4e928,3ebb8ce93cecd9d76ef6358493113e3d186b46dc569038f73332c9cc58c495a3,3ebb8ce93cecd9d76ef6358493113e3d186b46dc569038f73332c9cc58c495a3,2026-08-17T10:11:50.519025+00:00,learner_consequence,contextual_delayed_exp3,arrival_clock,5000,861.1346346232654,0.172226926924653,791.0069722675171,0.1582013944535034,4972,28,abebec927bf922771f52e3b65d287d2b08da84278bd5ef8022f0f84fd2ddfc3f,5a6503ee69e78060fc44b427e4004b217da30ba54f2d3291cd821f1573f831c3,1679804790549b6626860d4ced266476777f5c8519b76b187c0581d0df342736,3da2c617a1b4504b0f8f454259bdb0c742589491c2a0dc1e37a4b7ae8bc7ed50,d090143d89dd68eeda14c775ff789f2d70fde6eab15e43afc27fa37e602571c1,0.059019479251458,mean_delay_robustness,30.0,29.473333333333333
exp1_alignment_transfer:targeted:full:targeted_geometric_mean_30:2026-08-17T10:11:50.488145+00:00,paper,True,targeted,exp1_alignment_transfer,targeted_geometric_mean_30,10,geometric_delay,eb5ae7e32d26e3d2326388733285644cfe0b7398,1738aa639b37c24c9a687969970adb435313e91ca717b336ca50525dd7d4e928,3ebb8ce93cecd9d76ef6358493113e3d186b46dc569038f73332c9cc58c495a3,3ebb8ce93cecd9d76ef6358493113e3d186b46dc569038f73332c9cc58c495a3,2026-08-17T10:11:50.519025+00:00,learner_consequence,contextual_delayed_exp3,source_round,5000,566.037238365975,0.113207447673195,495.90957601022666,0.0991819152020453,4972,28,b214df5cacdb83a245c4217e61b0d936a43decad12d78bcd3f7291c5df8ec213,5a6503ee69e78060fc44b427e4004b217da30ba54f2d3291cd821f1573f831c3,1679804790549b6626860d4ced266476777f5c8519b76b187c0581d0df342736,3da2c617a1b4504b0f8f454259bdb0c742589491c2a0dc1e37a4b7ae8bc7ed50,d090143d89dd68eeda14c775ff789f2d70fde6eab15e43afc27fa37e602571c1,0.059019479251458,mean_delay_robustness,30.0,29.473333333333333
exp1_alignment_transfer:targeted:full:targeted_geometric_mean_30:2026-08-17T10:11:51.245025+00:00,paper,True,targeted,exp1_alignment_transfer,targeted_geometric_mean_30,11,geometric_delay,eb5ae7e32d26e3d2326388733285644cfe0b7398,1738aa639b37c24c9a687969970adb435313e91ca717b336ca50525dd7d4e928,3ebb8ce93cecd9d76ef6358493113e3d186b46dc569038f73332c9cc58c495a3,3ebb8ce93cecd9d76ef6358493113e3d186b46dc569038f73332c9cc58c495a3,2026-08-17T10:11:51.345114+00:00,learner_consequence,contextual_delayed_exp3,arrival_clock,5000,865.1854814459434,0.1730370962891886,792.9977819130761,0.1585995563826152,4965,35,2669e3165127c5f7df312d2665bee5fda542815921460b2a7f52a11164d9fdd7,c442c399cf179a43e1d273ce99f7f5766a44555cd41cbea4450339e037c2c077,f3546712cabcdc27ab30116a49fceb40e17a099c32ac2ebc9f1846bcf024841c,c4d750953fb573d642268628dcd35d930d1982502571e79ffb20c68423b80dbe,465faae3c61a79a437231224283071a1b2f446c8f72caaf3a459862a4c718a66,0.0571391923874597,mean_delay_robustness,30.0,29.868823529411763
exp1_alignment_transfer:targeted:full:targeted_geometric_mean_30:2026-08-17T10:11:51.245025+00:00,paper,True,targeted,exp1_alignment_transfer,targeted_geometric_mean_30,11,geometric_delay,eb5ae7e32d26e3d2326388733285644cfe0b7398,1738aa639b37c24c9a687969970adb435313e91ca717b336ca50525dd7d4e928,3ebb8ce93cecd9d76ef6358493113e3d186b46dc569038f73332c9cc58c495a3,3ebb8ce93cecd9d76ef6358493113e3d186b46dc569038f73332c9cc58c495a3,2026-08-17T10:11:51.345114+00:00,learner_consequence,contextual_delayed_exp3,source_round,5000,579.4895195086447,0.1158979039017289,507.3018199757772,0.1014603639951554,4965,35,767563d440dabdf5662d93bb8209a3930cf140400e71aa9c53215283879af10c,c442c399cf179a43e1d273ce99f7f5766a44555cd41cbea4450339e037c2c077,f3546712cabcdc27ab30116a49fceb40e17a099c32ac2ebc9f1846bcf024841c,c4d750953fb573d642268628dcd35d930d1982502571e79ffb20c68423b80dbe,465faae3c61a79a437231224283071a1b2f446c8f72caaf3a459862a4c718a66,0.0571391923874597,mean_delay_robustness,30.0,29.868823529411763
exp1_alignment_transfer:targeted:full:targeted_geometric_mean_30:2026-08-17T10:11:52.119335+00:00,paper,True,targeted,exp1_alignment_transfer,targeted_geometric_mean_30,12,geometric_delay,eb5ae7e32d26e3d2326388733285644cfe0b7398,1738aa639b37c24c9a687969970adb435313e91ca717b336ca50525dd7d4e928,3ebb8ce93cecd9d76ef6358493113e3d186b46dc569038f73332c9cc58c495a3,3ebb8ce93cecd9d76ef6358493113e3d186b46dc569038f73332c9cc58c495a3,2026-08-17T10:11:52.155629+00:00,learner_consequence,contextual_delayed_exp3,arrival_clock,5000,866.9963551410449,0.1733992710282089,794.7890363436591,0.1589578072687318,4975,25,8f34ef698fceaa72d550d327f1a59d3e76005e6662601c59cbd836104341babc,2fcf83f38a12340796be6f78d33fb5e73109330565d578fc8093f77a7aed73cd,4aa68330ec7b9aaf05c86f1aa001bc57993d29196e780b1595607ba0aeef3c8d,4316373a43f98b6620b6d007bfa9a27885477d46ada2cfe907487f449dc9038f,c8249d7924db2eb3d3dab93a8a9db656e33c613cfdfff5b0e41f28d744fe66d8,0.0593996361032189,mean_delay_robustness,30.0,29.66176470588235
exp1_alignment_transfer:targeted:full:targeted_geometric_mean_30:2026-08-17T10:11:52.119335+00:00,paper,True,targeted,exp1_alignment_transfer,targeted_geometric_mean_30,12,geometric_delay,eb5ae7e32d26e3d2326388733285644cfe0b7398,1738aa639b37c24c9a687969970adb435313e91ca717b336ca50525dd7d4e928,3ebb8ce93cecd9d76ef6358493113e3d186b46dc569038f73332c9cc58c495a3,3ebb8ce93cecd9d76ef6358493113e3d186b46dc569038f73332c9cc58c495a3,2026-08-17T10:11:52.155629+00:00,learner_consequence,contextual_delayed_exp3,source_round,5000,569.9981746249503,0.11399963492499,497.7908558275644,0.0995581711655128,4975,25,7677ca03d20c9f61902fd96ab674ca672d001c0c1f3863e5d30ccfcf06936a1c,2fcf83f38a12340796be6f78d33fb5e73109330565d578fc8093f77a7aed73cd,4aa68330ec7b9aaf05c86f1aa001bc57993d29196e780b1595607ba0aeef3c8d,4316373a43f98b6620b6d007bfa9a27885477d46ada2cfe907487f449dc9038f,c8249d7924db2eb3d3dab93a8a9db656e33c613cfdfff5b0e41f28d744fe66d8,0.0593996361032189,mean_delay_robustness,30.0,29.66176470588235
exp1_alignment_transfer:targeted:full:targeted_geometric_mean_30:2026-08-17T10:11:53.024656+00:00,paper,True,targeted,exp1_alignment_transfer,targeted_geometric_mean_30,13,geometric_delay,eb5ae7e32d26e3d2326388733285644cfe0b7398,1738aa639b37c24c9a687969970adb435313e91ca717b336ca50525dd7d4e928,3ebb8ce93cecd9d76ef6358493113e3d186b46dc569038f73332c9cc58c495a3,3ebb8ce93cecd9d76ef6358493113e3d186b46dc569038f73332c9cc58c495a3,2026-08-17T10:11:53.055231+00:00,learner_consequence,contextual_delayed_exp3,arrival_clock,5000,883.7573511928798,0.1767514702385759,813.9929733666387,0.1627985946733277,4961,39,b72ed06f42984492173acac3e2a7df338bd9a9e66be6d5fdbd64cea0f886baba,0903c8bd19ce171e4daf075dbfcd89d04eeccf1d230d5d5229d54cb929ca6d04,c5b01c282338fa470231f023ed8cf2c16ab57d7aaabc088b4a578d52919c0a2b,2d18035ba330bc15bcde22b7e25ee40cc22e454f2ca8751105ed2a6609322625,97014f8fd365aa383938296ae98b0a956a64625123ba98a7af4b2f17a08e2857,0.0616528084646756,mean_delay_robustness,30.0,29.89960784313725
exp1_alignment_transfer:targeted:full:targeted_geometric_mean_30:2026-08-17T10:11:53.024656+00:00,paper,True,targeted,exp1_alignment_transfer,targeted_geometric_mean_30,13,geometric_delay,eb5ae7e32d26e3d2326388733285644cfe0b7398,1738aa639b37c24c9a687969970adb435313e91ca717b336ca50525dd7d4e928,3ebb8ce93cecd9d76ef6358493113e3d186b46dc569038f73332c9cc58c495a3,3ebb8ce93cecd9d76ef6358493113e3d186b46dc569038f73332c9cc58c495a3,2026-08-17T10:11:53.055231+00:00,learner_consequence,contextual_delayed_exp3,source_round,5000,575.4933088695013,0.1150986617739002,505.7289310432602,0.101145786208652,4961,39,f629581ba9a9d7b39850864e72d87100ec2ea599ecd74a652de47ce9a9019ccd,0903c8bd19ce171e4daf075dbfcd89d04eeccf1d230d5d5229d54cb929ca6d04,c5b01c282338fa470231f023ed8cf2c16ab57d7aaabc088b4a578d52919c0a2b,2d18035ba330bc15bcde22b7e25ee40cc22e454f2ca8751105ed2a6609322625,97014f8fd365aa383938296ae98b0a956a64625123ba98a7af4b2f17a08e2857,0.0616528084646756,mean_delay_robustness,30.0,29.89960784313725
exp1_alignment_transfer:targeted:full:targeted_geometric_mean_30:2026-08-17T10:11:53.979546+00:00,paper,True,targeted,exp1_alignment_transfer,targeted_geometric_mean_30,14,geometric_delay,eb5ae7e32d26e3d2326388733285644cfe0b7398,1738aa639b37c24c9a687969970adb435313e91ca717b336ca50525dd7d4e928,3ebb8ce93cecd9d76ef6358493113e3d186b46dc569038f73332c9cc58c495a3,3ebb8ce93cecd9d76ef6358493113e3d186b46dc569038f73332c9cc58c495a3,2026-08-17T10:11:54.015930+00:00,learner_consequence,contextual_delayed_exp3,arrival_clock,5000,879.3265800703433,0.1758653160140686,809.2937163784919,0.1618587432756983,4973,27,cb581999cf5f0896bffb2dcc0b050a7fda5e4596535cb8b0bffb782c5dd37f88,8513d46f3e95fea187ec4f6afab945f63e07d0b80408bd67c92f59c8812b1eef,68fdfe5005fb0b82e69d29f4b5badd86c0c879072754ff5f21d3b9137e1764e9,7c774dcb633dd8bcf036365529ca0d5a1ded63fc68a5e48d9f2c115212790e4f,60d138da427b3b41e2cdb1d23848f9524a7a5aec66ab4a9e095f9bcfb9d18ca8,0.0626248458058029,mean_delay_robustness,30.0,30.00843137254902
exp1_alignment_transfer:targeted:full:targeted_geometric_mean_30:2026-08-17T10:11:53.979546+00:00,paper,True,targeted,exp1_alignment_transfer,targeted_geometric_mean_30,14,geometric_delay,eb5ae7e32d26e3d2326388733285644cfe0b7398,1738aa639b37c24c9a687969970adb435313e91ca717b336ca50525dd7d4e928,3ebb8ce93cecd9d76ef6358493113e3d186b46dc569038f73332c9cc58c495a3,3ebb8ce93cecd9d76ef6358493113e3d186b46dc569038f73332c9cc58c495a3,2026-08-17T10:11:54.015930+00:00,learner_consequence,contextual_delayed_exp3,source_round,5000,566.2023510413287,0.1132404702082657,496.1694873494774,0.0992338974698954,4973,27,1c0a58a7fd5e2c3d94f8473a1e4509923b61c3aaad0d698228eef26982c89f6a,8513d46f3e95fea187ec4f6afab945f63e07d0b80408bd67c92f59c8812b1eef,68fdfe5005fb0b82e69d29f4b5badd86c0c879072754ff5f21d3b9137e1764e9,7c774dcb633dd8bcf036365529ca0d5a1ded63fc68a5e48d9f2c115212790e4f,60d138da427b3b41e2cdb1d23848f9524a7a5aec66ab4a9e095f9bcfb9d18ca8,0.0626248458058029,mean_delay_robustness,30.0,30.00843137254902
exp1_alignment_transfer:targeted:full:targeted_geometric_mean_30:2026-08-17T10:11:54.918081+00:00,paper,True,targeted,exp1_alignment_transfer,targeted_geometric_mean_30,15,geometric_delay,eb5ae7e32d26e3d2326388733285644cfe0b7398,1738aa639b37c24c9a687969970adb435313e91ca717b336ca50525dd7d4e928,3ebb8ce93cecd9d76ef6358493113e3d186b46dc569038f73332c9cc58c495a3,3ebb8ce93cecd9d76ef6358493113e3d186b46dc569038f73332c9cc58c495a3,2026-08-17T10:11:54.954026+00:00,learner_consequence,contextual_delayed_exp3,arrival_clock,5000,850.2158149590517,0.1700431629918103,778.263228970085,0.155652645794017,4974,26,add349dea80294a487851af5ca27b52dd375b80e9f9969f80027b457d8016164,eb2dac3e6b7d2233a24c9c4e58f6299b32ae3daf87a2c935aced5253b2e4c1d4,e80315426bc8025fdfcfb239d9dfa64d9aa72a528e4e0b3a85bbe17941de8914,5ddae1694418c7dd9291f11e95df334bcbac9dc7a077d33255414198e1becbf7,01590eff6097f2cf02054ef49e2cd35a9d83d20ef4b6087c6fe2233ab55a24ad,0.0540210464658555,mean_delay_robustness,30.0,30.382549019607843
exp1_alignment_transfer:targeted:full:targeted_geometric_mean_30:2026-08-17T10:11:54.918081+00:00,paper,True,targeted,exp1_alignment_transfer,targeted_geometric_mean_30,15,geometric_delay,eb5ae7e32d26e3d2326388733285644cfe0b7398,1738aa639b37c24c9a687969970adb435313e91ca717b336ca50525dd7d4e928,3ebb8ce93cecd9d76ef6358493113e3d186b46dc569038f73332c9cc58c495a3,3ebb8ce93cecd9d76ef6358493113e3d186b46dc569038f73332c9cc58c495a3,2026-08-17T10:11:54.954026+00:00,learner_consequence,contextual_delayed_exp3,source_round,5000,580.1105826297738,0.1160221165259547,508.1579966408072,0.1016315993281614,4974,26,5ff02efb2933613479d04a7f1081e83d9acb10344f6cf9804c5d343e10b820f3,eb2dac3e6b7d2233a24c9c4e58f6299b32ae3daf87a2c935aced5253b2e4c1d4,e80315426bc8025fdfcfb239d9dfa64d9aa72a528e4e0b3a85bbe17941de8914,5ddae1694418c7dd9291f11e95df334bcbac9dc7a077d33255414198e1becbf7,01590eff6097f2cf02054ef49e2cd35a9d83d20ef4b6087c6fe2233ab55a24ad,0.0540210464658555,mean_delay_robustness,30.0,30.382549019607843
exp1_alignment_transfer:targeted:full:targeted_geometric_mean_30:2026-08-17T10:11:55.901286+00:00,paper,True,targeted,exp1_alignment_transfer,targeted_geometric_mean_30,16,geometric_delay,eb5ae7e32d26e3d2326388733285644cfe0b7398,1738aa639b37c24c9a687969970adb435313e91ca717b336ca50525dd7d4e928,3ebb8ce93cecd9d76ef6358493113e3d186b46dc569038f73332c9cc58c495a3,3ebb8ce93cecd9d76ef6358493113e3d186b46dc569038f73332c9cc58c495a3,2026-08-17T10:11:55.932146+00:00,learner_consequence,contextual_delayed_exp3,arrival_clock,5000,864.7114576950669,0.1729422915390134,794.9575662177347,0.1589915132435469,4967,33,d18a9e195307af4057df3a2708a7fa7bdbe7ad9176af4228975fcf40ced0a971,30bcd6b70488f6a9f5f4d302855e6e8303f776139b82a965d99e8aa122dbdc6e,70045c4cc7ccfde601e09119431a4510f1077d92adc6b6958280100ad86bf982,016bc9a81e8ea37b41132d84eced1c071051b0c583cd703ec251aa885f8001f5,0bed394d6d5b3eec5a89d2de6370a1b82ae1e111dfad79445649d4b113624dda,0.0588887719795394,mean_delay_robustness,30.0,29.51627450980392
exp1_alignment_transfer:targeted:full:targeted_geometric_mean_30:2026-08-17T10:11:55.901286+00:00,paper,True,targeted,exp1_alignment_transfer,targeted_geometric_mean_30,16,geometric_delay,eb5ae7e32d26e3d2326388733285644cfe0b7398,1738aa639b37c24c9a687969970adb435313e91ca717b336ca50525dd7d4e928,3ebb8ce93cecd9d76ef6358493113e3d186b46dc569038f73332c9cc58c495a3,3ebb8ce93cecd9d76ef6358493113e3d186b46dc569038f73332c9cc58c495a3,2026-08-17T10:11:55.932146+00:00,learner_consequence,contextual_delayed_exp3,source_round,5000,570.26759779737,0.1140535195594739,500.5137063200377,0.1001027412640075,4967,33,3b78bb92d1ec613d2bd61721604f2185eb5296c292cc8f5f411d06b165f79845,30bcd6b70488f6a9f5f4d302855e6e8303f776139b82a965d99e8aa122dbdc6e,70045c4cc7ccfde601e09119431a4510f1077d92adc6b6958280100ad86bf982,016bc9a81e8ea37b41132d84eced1c071051b0c583cd703ec251aa885f8001f5,0bed394d6d5b3eec5a89d2de6370a1b82ae1e111dfad79445649d4b113624dda,0.0588887719795394,mean_delay_robustness,30.0,29.51627450980392
exp1_alignment_transfer:targeted:full:targeted_geometric_mean_30:2026-08-17T10:11:56.741657+00:00,paper,True,targeted,exp1_alignment_transfer,targeted_geometric_mean_30,17,geometric_delay,eb5ae7e32d26e3d2326388733285644cfe0b7398,1738aa639b37c24c9a687969970adb435313e91ca717b336ca50525dd7d4e928,3ebb8ce93cecd9d76ef6358493113e3d186b46dc569038f73332c9cc58c495a3,3ebb8ce93cecd9d76ef6358493113e3d186b46dc569038f73332c9cc58c495a3,2026-08-17T10:11:56.773397+00:00,learner_consequence,contextual_delayed_exp3,arrival_clock,5000,834.6179999435283,0.1669235999887056,756.3631828624027,0.1512726365724805,4968,32,de0f0ddce284384ee2b89b3008d3f80b1f79dcb756a0468cfd009451500d19da,0ca25680c3d930da200320f79670420f7443bc960e9a22cfe2b4ec3699a737be,dda485833b3cfcbc6de04d3e4144e0f16cd8a4f5747c0b085f062b21701650bb,c91dd95692133eb38ad7d7fd64ab4d497c191b3db0d5c7cb6a3f8770c9405daa,1cb308200fc489a60992430c8d243273f2e4f69f0077a20efb46bfdb990115b5,0.0544865942945734,mean_delay_robustness,30.0,30.31901960784314
exp1_alignment_transfer:targeted:full:targeted_geometric_mean_30:2026-08-17T10:11:56.741657+00:00,paper,True,targeted,exp1_alignment_transfer,targeted_geometric_mean_30,17,geometric_delay,eb5ae7e32d26e3d2326388733285644cfe0b7398,1738aa639b37c24c9a687969970adb435313e91ca717b336ca50525dd7d4e928,3ebb8ce93cecd9d76ef6358493113e3d186b46dc569038f73332c9cc58c495a3,3ebb8ce93cecd9d76ef6358493113e3d186b46dc569038f73332c9cc58c495a3,2026-08-17T10:11:56.773397+00:00,learner_consequence,contextual_delayed_exp3,source_round,5000,562.1850284706611,0.1124370056941322,483.9302113895355,0.0967860422779071,4968,32,7cb82cefe676610415b31c713e5a2b2db4b170430e045285b09e2e9a5698af53,0ca25680c3d930da200320f79670420f7443bc960e9a22cfe2b4ec3699a737be,dda485833b3cfcbc6de04d3e4144e0f16cd8a4f5747c0b085f062b21701650bb,c91dd95692133eb38ad7d7fd64ab4d497c191b3db0d5c7cb6a3f8770c9405daa,1cb308200fc489a60992430c8d243273f2e4f69f0077a20efb46bfdb990115b5,0.0544865942945734,mean_delay_robustness,30.0,30.31901960784314
exp1_alignment_transfer:targeted:full:targeted_geometric_mean_30:2026-08-17T10:11:57.602626+00:00,paper,True,targeted,exp1_alignment_transfer,targeted_geometric_mean_30,18,geometric_delay,eb5ae7e32d26e3d2326388733285644cfe0b7398,1738aa639b37c24c9a687969970adb435313e91ca717b336ca50525dd7d4e928,3ebb8ce93cecd9d76ef6358493113e3d186b46dc569038f73332c9cc58c495a3,3ebb8ce93cecd9d76ef6358493113e3d186b46dc569038f73332c9cc58c495a3,2026-08-17T10:11:57.633733+00:00,learner_consequence,contextual_delayed_exp3,arrival_clock,5000,797.7628375175079,0.1595525675035015,723.9371139963098,0.1447874227992619,4969,31,f672b0821a717a3b26db3836e80099e623e6dfbfe63813c862c3560924094611,67bfea69218a9c63f814a9eded0366581ee940bf053b31c9663e32949f13dd2c,ce79caf7ccb124607e3d095ea9b19987229d3cd7d137b71cd111098673296e71,2bb10991c27b95e11ba9f73b99d1d47ff9519cb8068d09c01f11934a09bd4b13,8391c07f430cb3cdfca7af1431ae294e8eafe3b34bf985e15c2aadff9f970ad3,0.0475434553726463,mean_delay_robustness,30.0,30.064313725490194
exp1_alignment_transfer:targeted:full:targeted_geometric_mean_30:2026-08-17T10:11:57.602626+00:00,paper,True,targeted,exp1_alignment_transfer,targeted_geometric_mean_30,18,geometric_delay,eb5ae7e32d26e3d2326388733285644cfe0b7398,1738aa639b37c24c9a687969970adb435313e91ca717b336ca50525dd7d4e928,3ebb8ce93cecd9d76ef6358493113e3d186b46dc569038f73332c9cc58c495a3,3ebb8ce93cecd9d76ef6358493113e3d186b46dc569038f73332c9cc58c495a3,2026-08-17T10:11:57.633733+00:00,learner_consequence,contextual_delayed_exp3,source_round,5000,560.045560654276,0.1120091121308552,486.2198371330778,0.0972439674266155,4969,31,6910213d0882d20fcde81b11c3da10804ca59f9ed0a461248088a052ca14e477,67bfea69218a9c63f814a9eded0366581ee940bf053b31c9663e32949f13dd2c,ce79caf7ccb124607e3d095ea9b19987229d3cd7d137b71cd111098673296e71,2bb10991c27b95e11ba9f73b99d1d47ff9519cb8068d09c01f11934a09bd4b13,8391c07f430cb3cdfca7af1431ae294e8eafe3b34bf985e15c2aadff9f970ad3,0.0475434553726463,mean_delay_robustness,30.0,30.064313725490194
exp1_alignment_transfer:targeted:full:targeted_geometric_mean_30:2026-08-17T10:11:58.423056+00:00,paper,True,targeted,exp1_alignment_transfer,targeted_geometric_mean_30,19,geometric_delay,eb5ae7e32d26e3d2326388733285644cfe0b7398,1738aa639b37c24c9a687969970adb435313e91ca717b336ca50525dd7d4e928,3ebb8ce93cecd9d76ef6358493113e3d186b46dc569038f73332c9cc58c495a3,3ebb8ce93cecd9d76ef6358493113e3d186b46dc569038f73332c9cc58c495a3,2026-08-17T10:11:58.453792+00:00,learner_consequence,contextual_delayed_exp3,arrival_clock,5000,835.5981160552496,0.1671196232110499,762.1344423947808,0.1524268884789561,4970,30,6756079290db5b853062d0d1c2be3763d25ef1c991e2e8f7131aaa8792450088,e57be6bd0c06ea894d638322f9fc7101a5da7437490d4def64b956f32b8b28ac,4c5d0429709c5263d4ecbe954ec97ce16ac727d5d20321d03271b2c821fb1e3a,0e975229880c6db1024084b11db6943af002aad6f9ba26ed7e3ba3c6000bda12,62f909524cb6e27d4a2c2b5313fd32708e7f67ed3c89e26d1a0783e11ac2d522,0.0521937919886216,mean_delay_robustness,30.0,29.649019607843137
exp1_alignment_transfer:targeted:full:targeted_geometric_mean_30:2026-08-17T10:11:58.423056+00:00,paper,True,targeted,exp1_alignment_transfer,targeted_geometric_mean_30,19,geometric_delay,eb5ae7e32d26e3d2326388733285644cfe0b7398,1738aa639b37c24c9a687969970adb435313e91ca717b336ca50525dd7d4e928,3ebb8ce93cecd9d76ef6358493113e3d186b46dc569038f73332c9cc58c495a3,3ebb8ce93cecd9d76ef6358493113e3d186b46dc569038f73332c9cc58c495a3,2026-08-17T10:11:58.453792+00:00,learner_consequence,contextual_delayed_exp3,source_round,5000,574.6291561121413,0.1149258312224282,501.16548245167246,0.1002330964903344,4970,30,1dc02c212253ffb230100a6a82476cc424ca9d8707d01586879d3ba838b67204,e57be6bd0c06ea894d638322f9fc7101a5da7437490d4def64b956f32b8b28ac,4c5d0429709c5263d4ecbe954ec97ce16ac727d5d20321d03271b2c821fb1e3a,0e975229880c6db1024084b11db6943af002aad6f9ba26ed7e3ba3c6000bda12,62f909524cb6e27d4a2c2b5313fd32708e7f67ed3c89e26d1a0783e11ac2d522,0.0521937919886216,mean_delay_robustness,30.0,29.649019607843137
exp1_alignment_transfer:targeted:full:targeted_geometric_mean_30:2026-08-17T10:11:59.238640+00:00,paper,True,targeted,exp1_alignment_transfer,targeted_geometric_mean_30,20,geometric_delay,eb5ae7e32d26e3d2326388733285644cfe0b7398,1738aa639b37c24c9a687969970adb435313e91ca717b336ca50525dd7d4e928,3ebb8ce93cecd9d76ef6358493113e3d186b46dc569038f73332c9cc58c495a3,3ebb8ce93cecd9d76ef6358493113e3d186b46dc569038f73332c9cc58c495a3,2026-08-17T10:11:59.270995+00:00,learner_consequence,contextual_delayed_exp3,arrival_clock,5000,850.9207111308534,0.1701841422261706,777.4014222905405,0.1554802844581081,4963,37,87e233f9ade94914f89624297892461ba016847f33709872c6525de8717e7c49,1b55d7740c7f78c666e319546d60ba4b6f3a058ab28d202dbf39149cda8ea481,b99da234ea2f8015ee89d59194e5568e9b85fce653258c9f03d26b1342eb3db0,b3c76fb1c66d62face9b9f0b0dfe9a7a131c54fce653452a499aa4f907f923e4,8b13737f6392fe55b0410a208ce7f02f4d8c4ecdee78ec9199dc8ec7a52a4ae6,0.0549015747825773,mean_delay_robustness,30.0,30.259607843137253
exp1_alignment_transfer:targeted:full:targeted_geometric_mean_30:2026-08-17T10:11:59.238640+00:00,paper,True,targeted,exp1_alignment_transfer,targeted_geometric_mean_30,20,geometric_delay,eb5ae7e32d26e3d2326388733285644cfe0b7398,1738aa639b37c24c9a687969970adb435313e91ca717b336ca50525dd7d4e928,3ebb8ce93cecd9d76ef6358493113e3d186b46dc569038f73332c9cc58c495a3,3ebb8ce93cecd9d76ef6358493113e3d186b46dc569038f73332c9cc58c495a3,2026-08-17T10:11:59.270995+00:00,learner_consequence,contextual_delayed_exp3,source_round,5000,576.4128372179665,0.1152825674435933,502.8935483776535,0.1005787096755306,4963,37,d8b917ae4e387510908b1881508b201d18481269130c1697936bf0603dc607ef,1b55d7740c7f78c666e319546d60ba4b6f3a058ab28d202dbf39149cda8ea481,b99da234ea2f8015ee89d59194e5568e9b85fce653258c9f03d26b1342eb3db0,b3c76fb1c66d62face9b9f0b0dfe9a7a131c54fce653452a499aa4f907f923e4,8b13737f6392fe55b0410a208ce7f02f4d8c4ecdee78ec9199dc8ec7a52a4ae6,0.0549015747825773,mean_delay_robustness,30.0,30.259607843137253
exp1_alignment_transfer:targeted:full:targeted_geometric_mean_30:2026-08-17T10:12:00.126160+00:00,paper,True,targeted,exp1_alignment_transfer,targeted_geometric_mean_30,21,geometric_delay,eb5ae7e32d26e3d2326388733285644cfe0b7398,1738aa639b37c24c9a687969970adb435313e91ca717b336ca50525dd7d4e928,3ebb8ce93cecd9d76ef6358493113e3d186b46dc569038f73332c9cc58c495a3,3ebb8ce93cecd9d76ef6358493113e3d186b46dc569038f73332c9cc58c495a3,2026-08-17T10:12:00.157040+00:00,learner_consequence,contextual_delayed_exp3,arrival_clock,5000,875.8057561213641,0.1751611512242728,801.8920607096668,0.1603784121419333,4972,28,e8c008415cac8c722e25871eeec87006029b11641a8fc14a99a576f49ba99c6c,452d71727e77e202a76f9516ba982e6cd9be61cdfcbcbb4a0cc9f5cfc4e5263b,b6c0d3ed5b3cb28d8c1449af99e3d407310605c61c47d4979d3bc31553c348ed,db93b063a651635c23f5b752bf08ee2c9a0683ba6a6bc018ca2cecea2241948c,13c2893087850607648f3ac167b386db6dfb8f05ae465d4e994e9a34d51904b7,0.0582728932923279,mean_delay_robustness,30.0,29.889607843137256
exp1_alignment_transfer:targeted:full:targeted_geometric_mean_30:2026-08-17T10:12:00.126160+00:00,paper,True,targeted,exp1_alignment_transfer,targeted_geometric_mean_30,21,geometric_delay,eb5ae7e32d26e3d2326388733285644cfe0b7398,1738aa639b37c24c9a687969970adb435313e91ca717b336ca50525dd7d4e928,3ebb8ce93cecd9d76ef6358493113e3d186b46dc569038f73332c9cc58c495a3,3ebb8ce93cecd9d76ef6358493113e3d186b46dc569038f73332c9cc58c495a3,2026-08-17T10:12:00.157040+00:00,learner_consequence,contextual_delayed_exp3,source_round,5000,584.4412896597241,0.1168882579319448,510.52759424802696,0.1021055188496053,4972,28,dd0f6a942f30524281f4a2a9b8a76b6fde5f1fbb8ea0488d636a79d4367b8d18,452d71727e77e202a76f9516ba982e6cd9be61cdfcbcbb4a0cc9f5cfc4e5263b,b6c0d3ed5b3cb28d8c1449af99e3d407310605c61c47d4979d3bc31553c348ed,db93b063a651635c23f5b752bf08ee2c9a0683ba6a6bc018ca2cecea2241948c,13c2893087850607648f3ac167b386db6dfb8f05ae465d4e994e9a34d51904b7,0.0582728932923279,mean_delay_robustness,30.0,29.889607843137256
exp1_alignment_transfer:targeted:full:targeted_geometric_mean_30:2026-08-17T10:12:01.011533+00:00,paper,True,targeted,exp1_alignment_transfer,targeted_geometric_mean_30,22,geometric_delay,eb5ae7e32d26e3d2326388733285644cfe0b7398,1738aa639b37c24c9a687969970adb435313e91ca717b336ca50525dd7d4e928,3ebb8ce93cecd9d76ef6358493113e3d186b46dc569038f73332c9cc58c495a3,3ebb8ce93cecd9d76ef6358493113e3d186b46dc569038f73332c9cc58c495a3,2026-08-17T10:12:01.047274+00:00,learner_consequence,contextual_delayed_exp3,arrival_clock,5000,828.9397297101164,0.1657879459420232,755.4963161170834,0.1510992632234166,4965,35,397c9b777deebbde4d09f1f076d3cd65c17254c755c261c18815ba441457ceda,8e38b16c6e4f54bc3f091a5387bc8c8bb63e994e7d9cc2901c6feaf321c11f7a,ad127f22157bedd3ff5d7bdd4b4051bc154947493537bfd6ff6a2d39a804eea6,a23e4be14e7f9583437e6dc1530728db9aa431f271a34b0ded0ceb3c8634cd7f,be3708d42db30c170edec6bd3c1123dd6b5eec66a2ac5430c55c2f2f0b76668c,0.0527941504248763,mean_delay_robustness,30.0,30.487058823529413
exp1_alignment_transfer:targeted:full:targeted_geometric_mean_30:2026-08-17T10:12:01.011533+00:00,paper,True,targeted,exp1_alignment_transfer,targeted_geometric_mean_30,22,geometric_delay,eb5ae7e32d26e3d2326388733285644cfe0b7398,1738aa639b37c24c9a687969970adb435313e91ca717b336ca50525dd7d4e928,3ebb8ce93cecd9d76ef6358493113e3d186b46dc569038f73332c9cc58c495a3,3ebb8ce93cecd9d76ef6358493113e3d186b46dc569038f73332c9cc58c495a3,2026-08-17T10:12:01.047274+00:00,learner_consequence,contextual_delayed_exp3,source_round,5000,564.9689775857344,0.1129937955171468,491.5255639927013,0.0983051127985402,4965,35,b16ffb6336aee1888ffde1786cd0d0a81069aabd2638bd8b9a1ff215d8dbf66e,8e38b16c6e4f54bc3f091a5387bc8c8bb63e994e7d9cc2901c6feaf321c11f7a,ad127f22157bedd3ff5d7bdd4b4051bc154947493537bfd6ff6a2d39a804eea6,a23e4be14e7f9583437e6dc1530728db9aa431f271a34b0ded0ceb3c8634cd7f,be3708d42db30c170edec6bd3c1123dd6b5eec66a2ac5430c55c2f2f0b76668c,0.0527941504248763,mean_delay_robustness,30.0,30.487058823529413
exp1_alignment_transfer:targeted:full:targeted_geometric_mean_30:2026-08-17T10:12:01.916514+00:00,paper,True,targeted,exp1_alignment_transfer,targeted_geometric_mean_30,23,geometric_delay,eb5ae7e32d26e3d2326388733285644cfe0b7398,1738aa639b37c24c9a687969970adb435313e91ca717b336ca50525dd7d4e928,3ebb8ce93cecd9d76ef6358493113e3d186b46dc569038f73332c9cc58c495a3,3ebb8ce93cecd9d76ef6358493113e3d186b46dc569038f73332c9cc58c495a3,2026-08-17T10:12:01.957134+00:00,learner_consequence,contextual_delayed_exp3,arrival_clock,5000,858.8196534060291,0.1717639306812058,787.2745408536481,0.1574549081707296,4970,30,760a4094676469a9b70661f62462f6d3d1f7840bed1a700e7d0323c0981d3aba,f9922560961084f8c4d59ff0c368314ed0c86070282b5ead4684deae3af3aece,8e52fbbb9f0ff60631b6fde2cc6f60b169bc12fca52ab8b6ad6a0c19cb40e144,adc0cbb114a75b7b9a89a0b494abc8f06e1e128a10d90752353882b71923d831,fe81f008231637496005d25afdb0d295bc4eb68e7fdeb8567006f70ac7407abf,0.0589785382669947,mean_delay_robustness,30.0,30.11607843137255
exp1_alignment_transfer:targeted:full:targeted_geometric_mean_30:2026-08-17T10:12:01.916514+00:00,paper,True,targeted,exp1_alignment_transfer,targeted_geometric_mean_30,23,geometric_delay,eb5ae7e32d26e3d2326388733285644cfe0b7398,1738aa639b37c24c9a687969970adb435313e91ca717b336ca50525dd7d4e928,3ebb8ce93cecd9d76ef6358493113e3d186b46dc569038f73332c9cc58c495a3,3ebb8ce93cecd9d76ef6358493113e3d186b46dc569038f73332c9cc58c495a3,2026-08-17T10:12:01.957134+00:00,learner_consequence,contextual_delayed_exp3,source_round,5000,563.9269620710552,0.112785392414211,492.3818495186742,0.0984763699037348,4970,30,574b8a7b4f700877ee8e29048c45e2c3c1d371d36e79cdb608a4463b276f99df,f9922560961084f8c4d59ff0c368314ed0c86070282b5ead4684deae3af3aece,8e52fbbb9f0ff60631b6fde2cc6f60b169bc12fca52ab8b6ad6a0c19cb40e144,adc0cbb114a75b7b9a89a0b494abc8f06e1e128a10d90752353882b71923d831,fe81f008231637496005d25afdb0d295bc4eb68e7fdeb8567006f70ac7407abf,0.0589785382669947,mean_delay_robustness,30.0,30.11607843137255
exp1_alignment_transfer:targeted:full:targeted_geometric_mean_30:2026-08-17T10:12:02.749902+00:00,paper,True,targeted,exp1_alignment_transfer,targeted_geometric_mean_30,24,geometric_delay,eb5ae7e32d26e3d2326388733285644cfe0b7398,1738aa639b37c24c9a687969970adb435313e91ca717b336ca50525dd7d4e928,3ebb8ce93cecd9d76ef6358493113e3d186b46dc569038f73332c9cc58c495a3,3ebb8ce93cecd9d76ef6358493113e3d186b46dc569038f73332c9cc58c495a3,2026-08-17T10:12:02.784447+00:00,learner_consequence,contextual_delayed_exp3,arrival_clock,5000,880.3071086025948,0.1760614217205189,807.7422872825448,0.1615484574565089,4971,29,2d9c0c91daedaf48baf40e0438f61708230d25976728e48d8affa07dc989a817,d34df0ee35d5cdde507390d5c13f29c2ace3be843284c17069fa152433665f95,25c803e2d185ec022651c84c80b13969453fdb6c0682cca06a592a439c19298f,28ddb8fe61c6999c81f2bd336d7a532ded7f1225a2934280d18be65e8479bd2b,004bcf9b9a9d6cb0991f7beb3a478b842baa3940b6393a1b712754be41e10a4d,0.0605427460560978,mean_delay_robustness,30.0,29.83882352941177
exp1_alignment_transfer:targeted:full:targeted_geometric_mean_30:2026-08-17T10:12:02.749902+00:00,paper,True,targeted,exp1_alignment_transfer,targeted_geometric_mean_30,24,geometric_delay,eb5ae7e32d26e3d2326388733285644cfe0b7398,1738aa639b37c24c9a687969970adb435313e91ca717b336ca50525dd7d4e928,3ebb8ce93cecd9d76ef6358493113e3d186b46dc569038f73332c9cc58c495a3,3ebb8ce93cecd9d76ef6358493113e3d186b46dc569038f73332c9cc58c495a3,2026-08-17T10:12:02.784447+00:00,learner_consequence,contextual_delayed_exp3,source_round,5000,577.5933783221055,0.1155186756644211,505.02855700205566,0.1010057114004111,4971,29,633fc0e53a20a3f8e73a9aef515b409bc4e7b0590ece88df2a7a6dd0882586c5,d34df0ee35d5cdde507390d5c13f29c2ace3be843284c17069fa152433665f95,25c803e2d185ec022651c84c80b13969453fdb6c0682cca06a592a439c19298f,28ddb8fe61c6999c81f2bd336d7a532ded7f1225a2934280d18be65e8479bd2b,004bcf9b9a9d6cb0991f7beb3a478b842baa3940b6393a1b712754be41e10a4d,0.0605427460560978,mean_delay_robustness,30.0,29.83882352941177
exp1_alignment_transfer:targeted:full:targeted_geometric_mean_30:2026-08-17T10:12:03.596370+00:00,paper,True,targeted,exp1_alignment_transfer,targeted_geometric_mean_30,25,geometric_delay,eb5ae7e32d26e3d2326388733285644cfe0b7398,1738aa639b37c24c9a687969970adb435313e91ca717b336ca50525dd7d4e928,3ebb8ce93cecd9d76ef6358493113e3d186b46dc569038f73332c9cc58c495a3,3ebb8ce93cecd9d76ef6358493113e3d186b46dc569038f73332c9cc58c495a3,2026-08-17T10:12:03.630092+00:00,learner_consequence,contextual_delayed_exp3,arrival_clock,5000,889.0410386559248,0.1778082077311849,818.4013678023556,0.1636802735604711,4965,35,c2465ef2219e93ec91fabfab31c5a58badde147fc900b7a6335277d59fc00bc2,dec966ed2ce50893c81eddbfb1e64b0c90a1f66e8320bf6354d2244907fd819f,50b39d3ed0f5ff781d4aa193ca3039eea91e5c5b72d7bc295fcdf6e5d7e79da9,4ab5bfb61f06121692c9f4c79b4aea98e001e8c01c15fb9c060f33d990e34316,f0e208636ef66024218cc89683ca85946a2f30009dcac77f601730eadeae580a,0.0621263760527635,mean_delay_robustness,30.0,29.30372549019608
exp1_alignment_transfer:targeted:full:targeted_geometric_mean_30:2026-08-17T10:12:03.596370+00:00,paper,True,targeted,exp1_alignment_transfer,targeted_geometric_mean_30,25,geometric_delay,eb5ae7e32d26e3d2326388733285644cfe0b7398,1738aa639b37c24c9a687969970adb435313e91ca717b336ca50525dd7d4e928,3ebb8ce93cecd9d76ef6358493113e3d186b46dc569038f73332c9cc58c495a3,3ebb8ce93cecd9d76ef6358493113e3d186b46dc569038f73332c9cc58c495a3,2026-08-17T10:12:03.630092+00:00,learner_consequence,contextual_delayed_exp3,source_round,5000,578.409158392107,0.1156818316784214,507.76948753853776,0.1015538975077075,4965,35,796aaa22c560133f61aa25c4f6069d0ce6a7edea9f2e7969271b0a75fee21f6a,dec966ed2ce50893c81eddbfb1e64b0c90a1f66e8320bf6354d2244907fd819f,50b39d3ed0f5ff781d4aa193ca3039eea91e5c5b72d7bc295fcdf6e5d7e79da9,4ab5bfb61f06121692c9f4c79b4aea98e001e8c01c15fb9c060f33d990e34316,f0e208636ef66024218cc89683ca85946a2f30009dcac77f601730eadeae580a,0.0621263760527635,mean_delay_robustness,30.0,29.30372549019608
exp1_alignment_transfer:targeted:full:targeted_geometric_mean_30:2026-08-17T10:12:04.411220+00:00,paper,True,targeted,exp1_alignment_transfer,targeted_geometric_mean_30,26,geometric_delay,eb5ae7e32d26e3d2326388733285644cfe0b7398,1738aa639b37c24c9a687969970adb435313e91ca717b336ca50525dd7d4e928,3ebb8ce93cecd9d76ef6358493113e3d186b46dc569038f73332c9cc58c495a3,3ebb8ce93cecd9d76ef6358493113e3d186b46dc569038f73332c9cc58c495a3,2026-08-17T10:12:04.444046+00:00,learner_consequence,contextual_delayed_exp3,arrival_clock,5000,906.8072312758436,0.1813614462551687,833.1685557008423,0.1666337111401684,4962,38,b34513bd3d3ba19f05f23d4d45ee182f228a15b45a044bac5cce96a58951b6e2,d5b91c7b245451978681fbf55347da0c2d2ce629c51d74194f5dc6cf64896c9b,39dad1a98e1b748e379536a4bd84a286120a28a7ecfd5bdb43f73a16e3cce74f,92cbcc212034b8a4b204d0d8f323b8c63a1a24dfbca32bcb43835c54670201e3,ffa2c7af0fcafd91acbc1f1db9596c2d91c6d439fad4da86aa7920ca7a52153c,0.0649985353973076,mean_delay_robustness,30.0,29.932745098039216
exp1_alignment_transfer:targeted:full:targeted_geometric_mean_30:2026-08-17T10:12:04.411220+00:00,paper,True,targeted,exp1_alignment_transfer,targeted_geometric_mean_30,26,geometric_delay,eb5ae7e32d26e3d2326388733285644cfe0b7398,1738aa639b37c24c9a687969970adb435313e91ca717b336ca50525dd7d4e928,3ebb8ce93cecd9d76ef6358493113e3d186b46dc569038f73332c9cc58c495a3,3ebb8ce93cecd9d76ef6358493113e3d186b46dc569038f73332c9cc58c495a3,2026-08-17T10:12:04.444046+00:00,learner_consequence,contextual_delayed_exp3,source_round,5000,581.8145542893051,0.116362910857861,508.175878714304,0.1016351757428608,4962,38,dbc0d896a1fb5456cfbc1e2af006cda34f947e15c4160fc1fc1ecfdf371751a8,d5b91c7b245451978681fbf55347da0c2d2ce629c51d74194f5dc6cf64896c9b,39dad1a98e1b748e379536a4bd84a286120a28a7ecfd5bdb43f73a16e3cce74f,92cbcc212034b8a4b204d0d8f323b8c63a1a24dfbca32bcb43835c54670201e3,ffa2c7af0fcafd91acbc1f1db9596c2d91c6d439fad4da86aa7920ca7a52153c,0.0649985353973076,mean_delay_robustness,30.0,29.932745098039216
exp1_alignment_transfer:targeted:full:targeted_geometric_mean_30:2026-08-17T10:12:05.263548+00:00,paper,True,targeted,exp1_alignment_transfer,targeted_geometric_mean_30,27,geometric_delay,eb5ae7e32d26e3d2326388733285644cfe0b7398,1738aa639b37c24c9a687969970adb435313e91ca717b336ca50525dd7d4e928,3ebb8ce93cecd9d76ef6358493113e3d186b46dc569038f73332c9cc58c495a3,3ebb8ce93cecd9d76ef6358493113e3d186b46dc569038f73332c9cc58c495a3,2026-08-17T10:12:05.296845+00:00,learner_consequence,contextual_delayed_exp3,arrival_clock,5000,871.174851282481,0.1742349702564962,797.8622842130068,0.1595724568426013,4969,31,ed5afff4584b8683fa2a1297485dba87d8487a76277b61c7a071f6ff2feb12ee,be806ea832831c700633d61df528d0dc08fc4e05b0a40296b3b887b18b43e168,5d0ff06a4d2417383438c3e9119ec0b170a285374067a61fd6a77616eb68458a,46eb58f8413d966a86ff000cbbdf85e07a75f26b7b35f3eccda095372e6952b8,d45a80c91c08f3e750ab05a53d98339d0f82957b181b9dffe52c1fbdf3fbf400,0.0588014499029209,mean_delay_robustness,30.0,30.218039215686275
exp1_alignment_transfer:targeted:full:targeted_geometric_mean_30:2026-08-17T10:12:05.263548+00:00,paper,True,targeted,exp1_alignment_transfer,targeted_geometric_mean_30,27,geometric_delay,eb5ae7e32d26e3d2326388733285644cfe0b7398,1738aa639b37c24c9a687969970adb435313e91ca717b336ca50525dd7d4e928,3ebb8ce93cecd9d76ef6358493113e3d186b46dc569038f73332c9cc58c495a3,3ebb8ce93cecd9d76ef6358493113e3d186b46dc569038f73332c9cc58c495a3,2026-08-17T10:12:05.296845+00:00,learner_consequence,contextual_delayed_exp3,source_round,5000,577.1676017678761,0.1154335203535752,503.8550346984021,0.1007710069396804,4969,31,a096ecc0c97f2f96abdc7c93bd5b3bf8805461ffffe4455600ccea77ab7f12fd,be806ea832831c700633d61df528d0dc08fc4e05b0a40296b3b887b18b43e168,5d0ff06a4d2417383438c3e9119ec0b170a285374067a61fd6a77616eb68458a,46eb58f8413d966a86ff000cbbdf85e07a75f26b7b35f3eccda095372e6952b8,d45a80c91c08f3e750ab05a53d98339d0f82957b181b9dffe52c1fbdf3fbf400,0.0588014499029209,mean_delay_robustness,30.0,30.218039215686275
exp1_alignment_transfer:targeted:full:targeted_geometric_mean_30:2026-08-17T10:12:06.049970+00:00,paper,True,targeted,exp1_alignment_transfer,targeted_geometric_mean_30,28,geometric_delay,eb5ae7e32d26e3d2326388733285644cfe0b7398,1738aa639b37c24c9a687969970adb435313e91ca717b336ca50525dd7d4e928,3ebb8ce93cecd9d76ef6358493113e3d186b46dc569038f73332c9cc58c495a3,3ebb8ce93cecd9d76ef6358493113e3d186b46dc569038f73332c9cc58c495a3,2026-08-17T10:12:06.084570+00:00,learner_consequence,contextual_delayed_exp3,arrival_clock,5000,815.9594591377763,0.1631918918275552,741.5419674999981,0.1483083934999996,4975,25,2f8775660c456a13d5553a1eaad3a45063e748c6ddf616dd7c4548675b8be726,af29803d1fd9ca6e68ee7a9c9f7416e2ad456c87f1caffe808a9f65449acba1f,4fa6c118cfbfe304c1a1efce1dc39a15fceb097524b0a2aa2eb29c5c35be7916,c2d0a50a0c7617c0bf87f9808a4e4480edcce781e52d9303e9ecd1ae49d50d88,81ec5759462ebc464190f9f55cc562b84cdd7f8adb3cf940881f78593e7a1821,0.0470794672684727,mean_delay_robustness,30.0,30.146078431372548
exp1_alignment_transfer:targeted:full:targeted_geometric_mean_30:2026-08-17T10:12:06.049970+00:00,paper,True,targeted,exp1_alignment_transfer,targeted_geometric_mean_30,28,geometric_delay,eb5ae7e32d26e3d2326388733285644cfe0b7398,1738aa639b37c24c9a687969970adb435313e91ca717b336ca50525dd7d4e928,3ebb8ce93cecd9d76ef6358493113e3d186b46dc569038f73332c9cc58c495a3,3ebb8ce93cecd9d76ef6358493113e3d186b46dc569038f73332c9cc58c495a3,2026-08-17T10:12:06.084570+00:00,learner_consequence,contextual_delayed_exp3,source_round,5000,580.5621227954125,0.1161124245590825,506.1446311576344,0.1012289262315268,4975,25,0ab85fbae70625bf0bc56ce117ca73a05b19fcde724e295ab101792ac6ed21dd,af29803d1fd9ca6e68ee7a9c9f7416e2ad456c87f1caffe808a9f65449acba1f,4fa6c118cfbfe304c1a1efce1dc39a15fceb097524b0a2aa2eb29c5c35be7916,c2d0a50a0c7617c0bf87f9808a4e4480edcce781e52d9303e9ecd1ae49d50d88,81ec5759462ebc464190f9f55cc562b84cdd7f8adb3cf940881f78593e7a1821,0.0470794672684727,mean_delay_robustness,30.0,30.146078431372548
exp1_alignment_transfer:targeted:full:targeted_geometric_mean_30:2026-08-17T10:12:06.918934+00:00,paper,True,targeted,exp1_alignment_transfer,targeted_geometric_mean_30,29,geometric_delay,eb5ae7e32d26e3d2326388733285644cfe0b7398,1738aa639b37c24c9a687969970adb435313e91ca717b336ca50525dd7d4e928,3ebb8ce93cecd9d76ef6358493113e3d186b46dc569038f73332c9cc58c495a3,3ebb8ce93cecd9d76ef6358493113e3d186b46dc569038f73332c9cc58c495a3,2026-08-17T10:12:06.951804+00:00,learner_consequence,contextual_delayed_exp3,arrival_clock,5000,803.8731554391072,0.1607746310878214,729.7744932983242,0.1459548986596648,4966,34,a02bc80a875897bcbb6199857251afd9ac14dd861e527ed5693093bb6730d0b4,33270e43de936b5aa4398d2ee5c4818639e3bab4f77fc9f4b263d2afaf30f8fe,ccaa0151341b6ded19a5203555834858f8385f29104e19000346c35da8c1a93c,46391ca745341195e353e3c92f7ef6ceb2ead6b74491f0c86736bb4f2aa670f8,bb7b9b659df11f918d6b91362fb265ddf20e37158595765ba21e3ab8fba86c58,0.0511325148147446,mean_delay_robustness,30.0,30.194117647058825
exp1_alignment_transfer:targeted:full:targeted_geometric_mean_30:2026-08-17T10:12:06.918934+00:00,paper,True,targeted,exp1_alignment_transfer,targeted_geometric_mean_30,29,geometric_delay,eb5ae7e32d26e3d2326388733285644cfe0b7398,1738aa639b37c24c9a687969970adb435313e91ca717b336ca50525dd7d4e928,3ebb8ce93cecd9d76ef6358493113e3d186b46dc569038f73332c9cc58c495a3,3ebb8ce93cecd9d76ef6358493113e3d186b46dc569038f73332c9cc58c495a3,2026-08-17T10:12:06.951804+00:00,learner_consequence,contextual_delayed_exp3,source_round,5000,548.2105813653842,0.1096421162730768,474.1119192246012,0.0948223838449202,4966,34,98de7f01bef21d5e8d94aef363c772ba663fbbd5509393e65fb7f472f2a44de8,33270e43de936b5aa4398d2ee5c4818639e3bab4f77fc9f4b263d2afaf30f8fe,ccaa0151341b6ded19a5203555834858f8385f29104e19000346c35da8c1a93c,46391ca745341195e353e3c92f7ef6ceb2ead6b74491f0c86736bb4f2aa670f8,bb7b9b659df11f918d6b91362fb265ddf20e37158595765ba21e3ab8fba86c58,0.0511325148147446,mean_delay_robustness,30.0,30.194117647058825
