run_id,run_tier,paper_result,analysis_tier,experiment_id,configuration_id,seed,mechanism_id,code_commit,config_hash,input_manifest_hash,calibration_manifest_hash,generated_at,analysis_component,learner_id,feedback_binding_id,n_rounds,structural_regret,structural_regret_rate,context_constrained_regret,context_constrained_regret_rate,feedback_units_processed,terminal_unobserved_feedback,final_log_weight_hash,structural_path_hash,delay_path_hash,learner_uniform_tape_hash,bundle_hash,paired_arrival_minus_source_regret_rate,targeted_component,target_horizon
exp1_alignment_transfer:targeted:full:targeted_systematic_horizon_1000:2026-07-26T12:02:00.262719+00:00,paper,True,targeted,exp1_alignment_transfer,targeted_systematic_horizon_1000,0,systematic_misbinding,6e09fa90a1fcdeccc861cf2960bd31c4b60e2df4,57839e6123d5ed61dd16f09d3da4b687dceadb7e6c2a934854034adfa90c5458,b4bf2ad829be75d27f6ac4d3792968e90467c80f1b4949e56d7f1566f488630b,b4bf2ad829be75d27f6ac4d3792968e90467c80f1b4949e56d7f1566f488630b,2026-07-26T12:02:00.313865+00:00,learner_consequence,contextual_delayed_exp3,arrival_clock,1000,175.5185185185185,0.1755185185185185,158.28395061728392,0.1582839506172839,985,15,ac542f06fe962d5295240f506057154c7f0cdc618607c0af475ecdcec6c90c04,c6e0c0f40bcc2968997bb2670bb8d42551cfeff2b06017b53493c56cab6d823a,05299765807fd9fa076bc78ce0f05c83a1f31a19d3895a7b3ba4e578c54c1879,8e6cd1cc530f5f70d89f537555db13b0934c79903d1760a57bd4b053004a6907,7e85dfacb1a628a337afb1565742b0d7366affaa1d501d3c982b31711e18c3c1,0.0235061728395062,horizon_scaling,1000
exp1_alignment_transfer:targeted:full:targeted_systematic_horizon_1000:2026-07-26T12:02:00.262719+00:00,paper,True,targeted,exp1_alignment_transfer,targeted_systematic_horizon_1000,0,systematic_misbinding,6e09fa90a1fcdeccc861cf2960bd31c4b60e2df4,57839e6123d5ed61dd16f09d3da4b687dceadb7e6c2a934854034adfa90c5458,b4bf2ad829be75d27f6ac4d3792968e90467c80f1b4949e56d7f1566f488630b,b4bf2ad829be75d27f6ac4d3792968e90467c80f1b4949e56d7f1566f488630b,2026-07-26T12:02:00.313865+00:00,learner_consequence,contextual_delayed_exp3,source_round,1000,152.0123456790123,0.1520123456790123,134.77777777777774,0.1347777777777777,985,15,08f610754ffa0270194fffe9b70b9aee0338727c96afb6fe14aeebfe3177b315,c6e0c0f40bcc2968997bb2670bb8d42551cfeff2b06017b53493c56cab6d823a,05299765807fd9fa076bc78ce0f05c83a1f31a19d3895a7b3ba4e578c54c1879,8e6cd1cc530f5f70d89f537555db13b0934c79903d1760a57bd4b053004a6907,7e85dfacb1a628a337afb1565742b0d7366affaa1d501d3c982b31711e18c3c1,0.0235061728395062,horizon_scaling,1000
exp1_alignment_transfer:targeted:full:targeted_systematic_horizon_5000:2026-07-26T12:02:00.587418+00:00,paper,True,targeted,exp1_alignment_transfer,targeted_systematic_horizon_5000,0,systematic_misbinding,6e09fa90a1fcdeccc861cf2960bd31c4b60e2df4,21563d9a7d6a3134d56776beef7f02b88fbe31e8f18ac118a957eac374c3df02,b4bf2ad829be75d27f6ac4d3792968e90467c80f1b4949e56d7f1566f488630b,b4bf2ad829be75d27f6ac4d3792968e90467c80f1b4949e56d7f1566f488630b,2026-07-26T12:02:00.645858+00:00,learner_consequence,contextual_delayed_exp3,arrival_clock,5000,876.6172839506172,0.1753234567901234,786.0123456790122,0.1572024691358024,4985,15,9f63eb0fec113bce44ca7f57f3c286880b0be749ff8aa688950359204d23c045,518ddbe24dffbe578c3230b8f34f940a3e1069b5126fe8202e35306eb3cb3423,af5a1a0b23e1ac7af58311708632d7004a3b87cf594d371805774f01b9a41769,8a258e2df74321bce841079d8a6cc78cb6483f6c9d87ede96c0b9cc5aaa70878,ddc144ce815d56b6392d282b47d515ee8eb64deccd1f467d19c2642730e5da43,0.0703679012345678,horizon_scaling,5000
exp1_alignment_transfer:targeted:full:targeted_systematic_horizon_5000:2026-07-26T12:02:00.587418+00:00,paper,True,targeted,exp1_alignment_transfer,targeted_systematic_horizon_5000,0,systematic_misbinding,6e09fa90a1fcdeccc861cf2960bd31c4b60e2df4,21563d9a7d6a3134d56776beef7f02b88fbe31e8f18ac118a957eac374c3df02,b4bf2ad829be75d27f6ac4d3792968e90467c80f1b4949e56d7f1566f488630b,b4bf2ad829be75d27f6ac4d3792968e90467c80f1b4949e56d7f1566f488630b,2026-07-26T12:02:00.645858+00:00,learner_consequence,contextual_delayed_exp3,source_round,5000,524.7777777777777,0.1049555555555555,434.1728395061728,0.0868345679012345,4985,15,c0b5a739df2101cb916db50b6ad1f2f39761b8ac567c8da8ec833c02ebd8d46f,518ddbe24dffbe578c3230b8f34f940a3e1069b5126fe8202e35306eb3cb3423,af5a1a0b23e1ac7af58311708632d7004a3b87cf594d371805774f01b9a41769,8a258e2df74321bce841079d8a6cc78cb6483f6c9d87ede96c0b9cc5aaa70878,ddc144ce815d56b6392d282b47d515ee8eb64deccd1f467d19c2642730e5da43,0.0703679012345678,horizon_scaling,5000
exp1_alignment_transfer:targeted:full:targeted_systematic_horizon_10000:2026-07-26T12:02:01.944624+00:00,paper,True,targeted,exp1_alignment_transfer,targeted_systematic_horizon_10000,0,systematic_misbinding,6e09fa90a1fcdeccc861cf2960bd31c4b60e2df4,20fa105b3af7fa2eb97c8b7ed39f227f09ceef9b13f7c56ce48703547f2778de,b4bf2ad829be75d27f6ac4d3792968e90467c80f1b4949e56d7f1566f488630b,b4bf2ad829be75d27f6ac4d3792968e90467c80f1b4949e56d7f1566f488630b,2026-07-26T12:02:02.001265+00:00,learner_consequence,contextual_delayed_exp3,arrival_clock,10000,1749.2345679012342,0.1749234567901234,1563.222222222222,0.1563222222222222,9985,15,5b2e8758ce2d2e94fb84ee73fa331fb4e0e4c529e68038ba29304cfe4dd9d412,88348b0a3b6c10ebd190ced42a10646c4271c60c60104284c37f265a9e007e26,2379554f2f04ea2c181d3921346eaf4499278313df843df3a9e2e20ebcc340a5,77776421d55098044282a46a58bbf7aecdd7776898daef7f6b5b8392299b6a71,a5ada5e627930bd9a8b13095779efe47744fa79cf26c14fb0b5bc42896f19f73,0.0892765432098765,horizon_scaling,10000
exp1_alignment_transfer:targeted:full:targeted_systematic_horizon_10000:2026-07-26T12:02:01.944624+00:00,paper,True,targeted,exp1_alignment_transfer,targeted_systematic_horizon_10000,0,systematic_misbinding,6e09fa90a1fcdeccc861cf2960bd31c4b60e2df4,20fa105b3af7fa2eb97c8b7ed39f227f09ceef9b13f7c56ce48703547f2778de,b4bf2ad829be75d27f6ac4d3792968e90467c80f1b4949e56d7f1566f488630b,b4bf2ad829be75d27f6ac4d3792968e90467c80f1b4949e56d7f1566f488630b,2026-07-26T12:02:02.001265+00:00,learner_consequence,contextual_delayed_exp3,source_round,10000,856.469135802469,0.0856469135802469,670.4567901234567,0.0670456790123456,9985,15,80d1d12e7d4d7a83633d2b29c58e0c78cc307598b1290b3f71056f08f2124004,88348b0a3b6c10ebd190ced42a10646c4271c60c60104284c37f265a9e007e26,2379554f2f04ea2c181d3921346eaf4499278313df843df3a9e2e20ebcc340a5,77776421d55098044282a46a58bbf7aecdd7776898daef7f6b5b8392299b6a71,a5ada5e627930bd9a8b13095779efe47744fa79cf26c14fb0b5bc42896f19f73,0.0892765432098765,horizon_scaling,10000
exp1_alignment_transfer:targeted:full:targeted_systematic_horizon_1000:2026-07-26T12:02:04.378823+00:00,paper,True,targeted,exp1_alignment_transfer,targeted_systematic_horizon_1000,1,systematic_misbinding,6e09fa90a1fcdeccc861cf2960bd31c4b60e2df4,57839e6123d5ed61dd16f09d3da4b687dceadb7e6c2a934854034adfa90c5458,b4bf2ad829be75d27f6ac4d3792968e90467c80f1b4949e56d7f1566f488630b,b4bf2ad829be75d27f6ac4d3792968e90467c80f1b4949e56d7f1566f488630b,2026-07-26T12:02:04.423986+00:00,learner_consequence,contextual_delayed_exp3,arrival_clock,1000,184.0,0.184,166.8395061728395,0.1668395061728395,985,15,e7bd577429017eefd81f2180f4cfcf92e25a171b44e108b3cdf7329c0197fa4b,c3f080c3c69520ca771fe4eca506d65c73e4a5c2ebe1b3b74d5e8d2f05937557,ecd4652a5fc4fca15e73732f02bf2e963e7e392f6e2c7401849c634e6b5679b3,ce0d2acd98347d3eb0d28481433f8da80bbde38db767146406b61b2e143e74d9,f99cedbdc725b55c497a963e0ffc37963db62447bbe781511201a045d6be0d66,0.0254197530864197,horizon_scaling,1000
exp1_alignment_transfer:targeted:full:targeted_systematic_horizon_1000:2026-07-26T12:02:04.378823+00:00,paper,True,targeted,exp1_alignment_transfer,targeted_systematic_horizon_1000,1,systematic_misbinding,6e09fa90a1fcdeccc861cf2960bd31c4b60e2df4,57839e6123d5ed61dd16f09d3da4b687dceadb7e6c2a934854034adfa90c5458,b4bf2ad829be75d27f6ac4d3792968e90467c80f1b4949e56d7f1566f488630b,b4bf2ad829be75d27f6ac4d3792968e90467c80f1b4949e56d7f1566f488630b,2026-07-26T12:02:04.423986+00:00,learner_consequence,contextual_delayed_exp3,source_round,1000,158.58024691358025,0.1585802469135802,141.41975308641975,0.1414197530864197,985,15,66f068f54dd51a7994323a00ee135211e66ed5489ac35358ec0abf7deb77b1a7,c3f080c3c69520ca771fe4eca506d65c73e4a5c2ebe1b3b74d5e8d2f05937557,ecd4652a5fc4fca15e73732f02bf2e963e7e392f6e2c7401849c634e6b5679b3,ce0d2acd98347d3eb0d28481433f8da80bbde38db767146406b61b2e143e74d9,f99cedbdc725b55c497a963e0ffc37963db62447bbe781511201a045d6be0d66,0.0254197530864197,horizon_scaling,1000
exp1_alignment_transfer:targeted:full:targeted_systematic_horizon_5000:2026-07-26T12:02:04.695648+00:00,paper,True,targeted,exp1_alignment_transfer,targeted_systematic_horizon_5000,1,systematic_misbinding,6e09fa90a1fcdeccc861cf2960bd31c4b60e2df4,21563d9a7d6a3134d56776beef7f02b88fbe31e8f18ac118a957eac374c3df02,b4bf2ad829be75d27f6ac4d3792968e90467c80f1b4949e56d7f1566f488630b,b4bf2ad829be75d27f6ac4d3792968e90467c80f1b4949e56d7f1566f488630b,2026-07-26T12:02:04.752025+00:00,learner_consequence,contextual_delayed_exp3,arrival_clock,5000,868.6543209876543,0.1737308641975308,773.0246913580245,0.1546049382716049,4985,15,c6e611eb8a70849533268009bd394a9bec459fbcfdf6304fb5a9a5b3802e061d,58163e4c284576e8e9dc0db4264f5d8ed820e9dcb6fd4a4d67029f89f0798daa,8373bb5d78a3a94f15ab7f25860493838224e487719bb274085b8e8d59a4d9ac,8175329a155820b75fc606818dd1371946844bb4bbbaf586983154f65d95c6d3,320d7223336fd06debb79efeff48a92b6048e136067dfd61d8712ed5ed37223d,0.0661530864197531,horizon_scaling,5000
exp1_alignment_transfer:targeted:full:targeted_systematic_horizon_5000:2026-07-26T12:02:04.695648+00:00,paper,True,targeted,exp1_alignment_transfer,targeted_systematic_horizon_5000,1,systematic_misbinding,6e09fa90a1fcdeccc861cf2960bd31c4b60e2df4,21563d9a7d6a3134d56776beef7f02b88fbe31e8f18ac118a957eac374c3df02,b4bf2ad829be75d27f6ac4d3792968e90467c80f1b4949e56d7f1566f488630b,b4bf2ad829be75d27f6ac4d3792968e90467c80f1b4949e56d7f1566f488630b,2026-07-26T12:02:04.752025+00:00,learner_consequence,contextual_delayed_exp3,source_round,5000,537.8888888888888,0.1075777777777777,442.2592592592592,0.0884518518518518,4985,15,d47f44a5fb5364dfcc26352168e8e80a8ad9802b2ed2dd8fa50ff3d34f2b66e8,58163e4c284576e8e9dc0db4264f5d8ed820e9dcb6fd4a4d67029f89f0798daa,8373bb5d78a3a94f15ab7f25860493838224e487719bb274085b8e8d59a4d9ac,8175329a155820b75fc606818dd1371946844bb4bbbaf586983154f65d95c6d3,320d7223336fd06debb79efeff48a92b6048e136067dfd61d8712ed5ed37223d,0.0661530864197531,horizon_scaling,5000
exp1_alignment_transfer:targeted:full:targeted_systematic_horizon_10000:2026-07-26T12:02:06.008567+00:00,paper,True,targeted,exp1_alignment_transfer,targeted_systematic_horizon_10000,1,systematic_misbinding,6e09fa90a1fcdeccc861cf2960bd31c4b60e2df4,20fa105b3af7fa2eb97c8b7ed39f227f09ceef9b13f7c56ce48703547f2778de,b4bf2ad829be75d27f6ac4d3792968e90467c80f1b4949e56d7f1566f488630b,b4bf2ad829be75d27f6ac4d3792968e90467c80f1b4949e56d7f1566f488630b,2026-07-26T12:02:06.067926+00:00,learner_consequence,contextual_delayed_exp3,arrival_clock,10000,1735.753086419753,0.1735753086419753,1544.1851851851848,0.1544185185185184,9985,15,c9666be98088bbcdcae84ea90bf5aa580873ec86b7924c8e6f36358e2041864c,6238320e9258bb9e34637adb8b4b5002cc41b93c0c9da206e815c2a71c8bde23,2bf54c3e30b82bd9f99d486e372506efa84b5d0cc938fc097d2b77aa9d5ed7b8,26a996aec94f2560ef421ed07ef9d3fde5319c8cb001a6a024831d3f0d02228b,eb1f0ba10c1a21dfba21ba6abf07bf69bc619c600008f8f222e3c2e0a897ab82,0.0860962962962963,horizon_scaling,10000
exp1_alignment_transfer:targeted:full:targeted_systematic_horizon_10000:2026-07-26T12:02:06.008567+00:00,paper,True,targeted,exp1_alignment_transfer,targeted_systematic_horizon_10000,1,systematic_misbinding,6e09fa90a1fcdeccc861cf2960bd31c4b60e2df4,20fa105b3af7fa2eb97c8b7ed39f227f09ceef9b13f7c56ce48703547f2778de,b4bf2ad829be75d27f6ac4d3792968e90467c80f1b4949e56d7f1566f488630b,b4bf2ad829be75d27f6ac4d3792968e90467c80f1b4949e56d7f1566f488630b,2026-07-26T12:02:06.067926+00:00,learner_consequence,contextual_delayed_exp3,source_round,10000,874.79012345679,0.087479012345679,683.2222222222222,0.0683222222222222,9985,15,8a7408013b2dcf5938a7b38656737773a3002c57808e6827de10ce2ddd3c0eea,6238320e9258bb9e34637adb8b4b5002cc41b93c0c9da206e815c2a71c8bde23,2bf54c3e30b82bd9f99d486e372506efa84b5d0cc938fc097d2b77aa9d5ed7b8,26a996aec94f2560ef421ed07ef9d3fde5319c8cb001a6a024831d3f0d02228b,eb1f0ba10c1a21dfba21ba6abf07bf69bc619c600008f8f222e3c2e0a897ab82,0.0860962962962963,horizon_scaling,10000
exp1_alignment_transfer:targeted:full:targeted_systematic_horizon_1000:2026-07-26T12:02:08.522062+00:00,paper,True,targeted,exp1_alignment_transfer,targeted_systematic_horizon_1000,2,systematic_misbinding,6e09fa90a1fcdeccc861cf2960bd31c4b60e2df4,57839e6123d5ed61dd16f09d3da4b687dceadb7e6c2a934854034adfa90c5458,b4bf2ad829be75d27f6ac4d3792968e90467c80f1b4949e56d7f1566f488630b,b4bf2ad829be75d27f6ac4d3792968e90467c80f1b4949e56d7f1566f488630b,2026-07-26T12:02:08.567128+00:00,learner_consequence,contextual_delayed_exp3,arrival_clock,1000,187.76543209876544,0.1877654320987654,169.1111111111111,0.169111111111111,985,15,86415bc6d1ee016c30f386bd0d17b6d00e06abbb125e42c0ff34e9df6a24dac8,abfcc9fc8e68bac1cde4a04e3ab17321aa5961ebf808f6fabe26c064879f9ea5,f701d8dce5b55a65625bdb630322a60801453e406789b815807f69bd5943479a,eb1f3ea38f91e4dc36246645e10de499ca7c1034b7c2b344ab466bbdc73ad3b0,ec4269a33f4ea07e3746bc9f12e523848adf16a3b67bd99f36e1f31108cb8e2d,0.0255802469135802,horizon_scaling,1000
exp1_alignment_transfer:targeted:full:targeted_systematic_horizon_1000:2026-07-26T12:02:08.522062+00:00,paper,True,targeted,exp1_alignment_transfer,targeted_systematic_horizon_1000,2,systematic_misbinding,6e09fa90a1fcdeccc861cf2960bd31c4b60e2df4,57839e6123d5ed61dd16f09d3da4b687dceadb7e6c2a934854034adfa90c5458,b4bf2ad829be75d27f6ac4d3792968e90467c80f1b4949e56d7f1566f488630b,b4bf2ad829be75d27f6ac4d3792968e90467c80f1b4949e56d7f1566f488630b,2026-07-26T12:02:08.567128+00:00,learner_consequence,contextual_delayed_exp3,source_round,1000,162.18518518518516,0.1621851851851851,143.53086419753083,0.1435308641975308,985,15,aa8425c22600a5eff06482a1df590bd3cc8651877399388c2548767fe9932dd4,abfcc9fc8e68bac1cde4a04e3ab17321aa5961ebf808f6fabe26c064879f9ea5,f701d8dce5b55a65625bdb630322a60801453e406789b815807f69bd5943479a,eb1f3ea38f91e4dc36246645e10de499ca7c1034b7c2b344ab466bbdc73ad3b0,ec4269a33f4ea07e3746bc9f12e523848adf16a3b67bd99f36e1f31108cb8e2d,0.0255802469135802,horizon_scaling,1000
exp1_alignment_transfer:targeted:full:targeted_systematic_horizon_5000:2026-07-26T12:02:08.857260+00:00,paper,True,targeted,exp1_alignment_transfer,targeted_systematic_horizon_5000,2,systematic_misbinding,6e09fa90a1fcdeccc861cf2960bd31c4b60e2df4,21563d9a7d6a3134d56776beef7f02b88fbe31e8f18ac118a957eac374c3df02,b4bf2ad829be75d27f6ac4d3792968e90467c80f1b4949e56d7f1566f488630b,b4bf2ad829be75d27f6ac4d3792968e90467c80f1b4949e56d7f1566f488630b,2026-07-26T12:02:08.912329+00:00,learner_consequence,contextual_delayed_exp3,arrival_clock,5000,872.506172839506,0.1745012345679012,777.9135802469134,0.1555827160493826,4985,15,80cf7697c0316b2f0803dcb4c4519d6fed8713d447fa4abac2281fc137ab7500,fda1ec18b8adeb715bbfb9d8f55db76da330c5267c75c5d57a3045ca4f114baf,c6efb0a319c79012233e6d72ce34c34412dc96132709179d7c95cb5c90aa3fa9,324b29476d9e5ae89ed31f587606366a51e7e71cdf1f6cf9c3d3c71382d23f40,5296b23e6ea85f5f6a59748c8787d6acab058d15b59e7bed6eb17a94a20736a6,0.0671728395061728,horizon_scaling,5000
exp1_alignment_transfer:targeted:full:targeted_systematic_horizon_5000:2026-07-26T12:02:08.857260+00:00,paper,True,targeted,exp1_alignment_transfer,targeted_systematic_horizon_5000,2,systematic_misbinding,6e09fa90a1fcdeccc861cf2960bd31c4b60e2df4,21563d9a7d6a3134d56776beef7f02b88fbe31e8f18ac118a957eac374c3df02,b4bf2ad829be75d27f6ac4d3792968e90467c80f1b4949e56d7f1566f488630b,b4bf2ad829be75d27f6ac4d3792968e90467c80f1b4949e56d7f1566f488630b,2026-07-26T12:02:08.912329+00:00,learner_consequence,contextual_delayed_exp3,source_round,5000,536.6419753086418,0.1073283950617283,442.0493827160493,0.0884098765432098,4985,15,b7df264f63b39d60c695a5d77ad87d7bc892f5e5752d31ba9eaf08dcaf0f84de,fda1ec18b8adeb715bbfb9d8f55db76da330c5267c75c5d57a3045ca4f114baf,c6efb0a319c79012233e6d72ce34c34412dc96132709179d7c95cb5c90aa3fa9,324b29476d9e5ae89ed31f587606366a51e7e71cdf1f6cf9c3d3c71382d23f40,5296b23e6ea85f5f6a59748c8787d6acab058d15b59e7bed6eb17a94a20736a6,0.0671728395061728,horizon_scaling,5000
exp1_alignment_transfer:targeted:full:targeted_systematic_horizon_10000:2026-07-26T12:02:10.173446+00:00,paper,True,targeted,exp1_alignment_transfer,targeted_systematic_horizon_10000,2,systematic_misbinding,6e09fa90a1fcdeccc861cf2960bd31c4b60e2df4,20fa105b3af7fa2eb97c8b7ed39f227f09ceef9b13f7c56ce48703547f2778de,b4bf2ad829be75d27f6ac4d3792968e90467c80f1b4949e56d7f1566f488630b,b4bf2ad829be75d27f6ac4d3792968e90467c80f1b4949e56d7f1566f488630b,2026-07-26T12:02:10.221243+00:00,learner_consequence,contextual_delayed_exp3,arrival_clock,10000,1751.7654320987651,0.1751765432098765,1564.7160493827157,0.1564716049382715,9985,15,d4e110deb7b24d3e993e1b41cbed742c2d3233a405c1db1703d0c615e9ce1c09,0c768f80fa993523a6223015c5d1893f1f4eec41c1d6fe7b2ac05f70a713fcd8,a20972fb78a4bdae89e54624eb96a670561faacd67ded915b888f06b53cc7465,9caa4af892c47c140e6c4fee56694cf3a3e72ad6cd3642377bd7a592109df421,2f5bbb5e507fbdc8cf817f619e5dbce1c1450755bfa2d4c6e57ee67dd31710ef,0.0885839506172839,horizon_scaling,10000
exp1_alignment_transfer:targeted:full:targeted_systematic_horizon_10000:2026-07-26T12:02:10.173446+00:00,paper,True,targeted,exp1_alignment_transfer,targeted_systematic_horizon_10000,2,systematic_misbinding,6e09fa90a1fcdeccc861cf2960bd31c4b60e2df4,20fa105b3af7fa2eb97c8b7ed39f227f09ceef9b13f7c56ce48703547f2778de,b4bf2ad829be75d27f6ac4d3792968e90467c80f1b4949e56d7f1566f488630b,b4bf2ad829be75d27f6ac4d3792968e90467c80f1b4949e56d7f1566f488630b,2026-07-26T12:02:10.221243+00:00,learner_consequence,contextual_delayed_exp3,source_round,10000,865.9259259259258,0.0865925925925925,678.8765432098764,0.0678876543209876,9985,15,e906591e1adcf05c5f48cd5cbb4bb3d23b0eb6fa8ca91e971f59441e8ef9f5ed,0c768f80fa993523a6223015c5d1893f1f4eec41c1d6fe7b2ac05f70a713fcd8,a20972fb78a4bdae89e54624eb96a670561faacd67ded915b888f06b53cc7465,9caa4af892c47c140e6c4fee56694cf3a3e72ad6cd3642377bd7a592109df421,2f5bbb5e507fbdc8cf817f619e5dbce1c1450755bfa2d4c6e57ee67dd31710ef,0.0885839506172839,horizon_scaling,10000
exp1_alignment_transfer:targeted:full:targeted_systematic_horizon_1000:2026-07-26T12:02:12.648293+00:00,paper,True,targeted,exp1_alignment_transfer,targeted_systematic_horizon_1000,3,systematic_misbinding,6e09fa90a1fcdeccc861cf2960bd31c4b60e2df4,57839e6123d5ed61dd16f09d3da4b687dceadb7e6c2a934854034adfa90c5458,b4bf2ad829be75d27f6ac4d3792968e90467c80f1b4949e56d7f1566f488630b,b4bf2ad829be75d27f6ac4d3792968e90467c80f1b4949e56d7f1566f488630b,2026-07-26T12:02:12.715852+00:00,learner_consequence,contextual_delayed_exp3,arrival_clock,1000,177.4691358024691,0.1774691358024691,159.45679012345676,0.1594567901234567,985,15,18963b6bd842dba0e895c2c4cfe22bcfb902047abbe4b459cdd60a9910628dba,86daace625fe1bb6f8d8ec036e3feb0088ae883f984b59bf73153df9a4f61beb,5f8d45eeffa252d39762cb6c00e06a4ce7d72533bd8fca4af10793285fa0b681,54662998d2ca2420c6569c9853f03acf462ea495fbe6e5feacddf26b8101aa1e,add902e94e2e6b3bc1ce248b9342ae3c4a207a69796b1bcdad34a6bbc542e8d5,0.0231975308641975,horizon_scaling,1000
exp1_alignment_transfer:targeted:full:targeted_systematic_horizon_1000:2026-07-26T12:02:12.648293+00:00,paper,True,targeted,exp1_alignment_transfer,targeted_systematic_horizon_1000,3,systematic_misbinding,6e09fa90a1fcdeccc861cf2960bd31c4b60e2df4,57839e6123d5ed61dd16f09d3da4b687dceadb7e6c2a934854034adfa90c5458,b4bf2ad829be75d27f6ac4d3792968e90467c80f1b4949e56d7f1566f488630b,b4bf2ad829be75d27f6ac4d3792968e90467c80f1b4949e56d7f1566f488630b,2026-07-26T12:02:12.715852+00:00,learner_consequence,contextual_delayed_exp3,source_round,1000,154.2716049382716,0.1542716049382716,136.25925925925924,0.1362592592592592,985,15,bcc1a1833ca8c6283f90f27932a1d45158636ef1858daedb66e7e42f1ea9a748,86daace625fe1bb6f8d8ec036e3feb0088ae883f984b59bf73153df9a4f61beb,5f8d45eeffa252d39762cb6c00e06a4ce7d72533bd8fca4af10793285fa0b681,54662998d2ca2420c6569c9853f03acf462ea495fbe6e5feacddf26b8101aa1e,add902e94e2e6b3bc1ce248b9342ae3c4a207a69796b1bcdad34a6bbc542e8d5,0.0231975308641975,horizon_scaling,1000
exp1_alignment_transfer:targeted:full:targeted_systematic_horizon_5000:2026-07-26T12:02:13.026746+00:00,paper,True,targeted,exp1_alignment_transfer,targeted_systematic_horizon_5000,3,systematic_misbinding,6e09fa90a1fcdeccc861cf2960bd31c4b60e2df4,21563d9a7d6a3134d56776beef7f02b88fbe31e8f18ac118a957eac374c3df02,b4bf2ad829be75d27f6ac4d3792968e90467c80f1b4949e56d7f1566f488630b,b4bf2ad829be75d27f6ac4d3792968e90467c80f1b4949e56d7f1566f488630b,2026-07-26T12:02:13.074161+00:00,learner_consequence,contextual_delayed_exp3,arrival_clock,5000,882.4567901234567,0.1764913580246913,789.6543209876543,0.1579308641975308,4985,15,947de6403cd8ee22933f6a0bcedbbaccdbe2d76ce9352e09c5df203269d10909,8016522a28d43deba5ae427c25b445262033f51e58c88adef975996980f5c0df,fb366c0fe7ee58afd174c57d55cc58ddc0d43e4aba2d9f5acbcae15518c83574,5aede2a1d0bae22936b8f9f9cc59c265fbcdbcc5a4f60e51ed527b99e811dcfb,bbad0403d591c63dea9c3c1af790f8f5b8faa86fe91556eed73647a618cdf0bf,0.0702691358024691,horizon_scaling,5000
exp1_alignment_transfer:targeted:full:targeted_systematic_horizon_5000:2026-07-26T12:02:13.026746+00:00,paper,True,targeted,exp1_alignment_transfer,targeted_systematic_horizon_5000,3,systematic_misbinding,6e09fa90a1fcdeccc861cf2960bd31c4b60e2df4,21563d9a7d6a3134d56776beef7f02b88fbe31e8f18ac118a957eac374c3df02,b4bf2ad829be75d27f6ac4d3792968e90467c80f1b4949e56d7f1566f488630b,b4bf2ad829be75d27f6ac4d3792968e90467c80f1b4949e56d7f1566f488630b,2026-07-26T12:02:13.074161+00:00,learner_consequence,contextual_delayed_exp3,source_round,5000,531.1111111111111,0.1062222222222222,438.30864197530855,0.0876617283950617,4985,15,5b17f68c3672ce55e3bba6c382b7c607fdc441a6e2a5665e5f070e6f48f37a54,8016522a28d43deba5ae427c25b445262033f51e58c88adef975996980f5c0df,fb366c0fe7ee58afd174c57d55cc58ddc0d43e4aba2d9f5acbcae15518c83574,5aede2a1d0bae22936b8f9f9cc59c265fbcdbcc5a4f60e51ed527b99e811dcfb,bbad0403d591c63dea9c3c1af790f8f5b8faa86fe91556eed73647a618cdf0bf,0.0702691358024691,horizon_scaling,5000
exp1_alignment_transfer:targeted:full:targeted_systematic_horizon_10000:2026-07-26T12:02:14.389587+00:00,paper,True,targeted,exp1_alignment_transfer,targeted_systematic_horizon_10000,3,systematic_misbinding,6e09fa90a1fcdeccc861cf2960bd31c4b60e2df4,20fa105b3af7fa2eb97c8b7ed39f227f09ceef9b13f7c56ce48703547f2778de,b4bf2ad829be75d27f6ac4d3792968e90467c80f1b4949e56d7f1566f488630b,b4bf2ad829be75d27f6ac4d3792968e90467c80f1b4949e56d7f1566f488630b,2026-07-26T12:02:14.439455+00:00,learner_consequence,contextual_delayed_exp3,arrival_clock,10000,1797.6049382716046,0.1797604938271604,1612.0246913580245,0.1612024691358024,9985,15,b6a42889cae4d019bcc1c4d01a29f6f042c894d7620123a102f1e3f1d5ba9085,3404c790d9ff21d923fe5cf4255a8fa79914325144bb88d0bb0e82691b5bd708,35e6b45c9181be3961b38961ccb17070284460269e4a4a0e289a8412296937f5,15f2d4d7d6cf2d6d3d563694a9017e55aa2bbae4f57218b32106f5efde6a713b,b3d04af12a468a348d45d73706ff09f2ae0a6f3c3b67005ea778ec6d8d855cfc,0.0947037037037036,horizon_scaling,10000
exp1_alignment_transfer:targeted:full:targeted_systematic_horizon_10000:2026-07-26T12:02:14.389587+00:00,paper,True,targeted,exp1_alignment_transfer,targeted_systematic_horizon_10000,3,systematic_misbinding,6e09fa90a1fcdeccc861cf2960bd31c4b60e2df4,20fa105b3af7fa2eb97c8b7ed39f227f09ceef9b13f7c56ce48703547f2778de,b4bf2ad829be75d27f6ac4d3792968e90467c80f1b4949e56d7f1566f488630b,b4bf2ad829be75d27f6ac4d3792968e90467c80f1b4949e56d7f1566f488630b,2026-07-26T12:02:14.439455+00:00,learner_consequence,contextual_delayed_exp3,source_round,10000,850.5679012345679,0.0850567901234568,664.9876543209875,0.0664987654320987,9985,15,437ea3eef42a5127dc302dc4a61e8a0ff3dbb24eb084a8681eaf14690ef6d421,3404c790d9ff21d923fe5cf4255a8fa79914325144bb88d0bb0e82691b5bd708,35e6b45c9181be3961b38961ccb17070284460269e4a4a0e289a8412296937f5,15f2d4d7d6cf2d6d3d563694a9017e55aa2bbae4f57218b32106f5efde6a713b,b3d04af12a468a348d45d73706ff09f2ae0a6f3c3b67005ea778ec6d8d855cfc,0.0947037037037036,horizon_scaling,10000
exp1_alignment_transfer:targeted:full:targeted_systematic_horizon_1000:2026-07-26T12:02:16.951370+00:00,paper,True,targeted,exp1_alignment_transfer,targeted_systematic_horizon_1000,4,systematic_misbinding,6e09fa90a1fcdeccc861cf2960bd31c4b60e2df4,57839e6123d5ed61dd16f09d3da4b687dceadb7e6c2a934854034adfa90c5458,b4bf2ad829be75d27f6ac4d3792968e90467c80f1b4949e56d7f1566f488630b,b4bf2ad829be75d27f6ac4d3792968e90467c80f1b4949e56d7f1566f488630b,2026-07-26T12:02:17.008829+00:00,learner_consequence,contextual_delayed_exp3,arrival_clock,1000,184.85185185185185,0.1848518518518518,165.99999999999997,0.1659999999999999,985,15,00f8e767d72e81e93d241be583dd938cf88e243a17996e01022797b0d3bafc43,9ed968535765ff3c95cdee11794317fcbe38bf6fe3a0749f0943cea8ba32b269,33ac469722b21e4797cd5f6751572909512bcc7b629eb881b9fb73eda0c5c41e,e47b23253c7396de9addbcb77e536d37ec3b27904ce588733895a3898bade934,d11a11b39bb827d9e466a6117f10bab8ed21d35c77cc43646d034a301ba64f3c,0.0259999999999999,horizon_scaling,1000
exp1_alignment_transfer:targeted:full:targeted_systematic_horizon_1000:2026-07-26T12:02:16.951370+00:00,paper,True,targeted,exp1_alignment_transfer,targeted_systematic_horizon_1000,4,systematic_misbinding,6e09fa90a1fcdeccc861cf2960bd31c4b60e2df4,57839e6123d5ed61dd16f09d3da4b687dceadb7e6c2a934854034adfa90c5458,b4bf2ad829be75d27f6ac4d3792968e90467c80f1b4949e56d7f1566f488630b,b4bf2ad829be75d27f6ac4d3792968e90467c80f1b4949e56d7f1566f488630b,2026-07-26T12:02:17.008829+00:00,learner_consequence,contextual_delayed_exp3,source_round,1000,158.85185185185185,0.1588518518518518,139.99999999999997,0.1399999999999999,985,15,d7e4a376fbcf8e83efbcb293cf78cfc4e754e61712f79bcf060c4062faa3817b,9ed968535765ff3c95cdee11794317fcbe38bf6fe3a0749f0943cea8ba32b269,33ac469722b21e4797cd5f6751572909512bcc7b629eb881b9fb73eda0c5c41e,e47b23253c7396de9addbcb77e536d37ec3b27904ce588733895a3898bade934,d11a11b39bb827d9e466a6117f10bab8ed21d35c77cc43646d034a301ba64f3c,0.0259999999999999,horizon_scaling,1000
exp1_alignment_transfer:targeted:full:targeted_systematic_horizon_5000:2026-07-26T12:02:17.287237+00:00,paper,True,targeted,exp1_alignment_transfer,targeted_systematic_horizon_5000,4,systematic_misbinding,6e09fa90a1fcdeccc861cf2960bd31c4b60e2df4,21563d9a7d6a3134d56776beef7f02b88fbe31e8f18ac118a957eac374c3df02,b4bf2ad829be75d27f6ac4d3792968e90467c80f1b4949e56d7f1566f488630b,b4bf2ad829be75d27f6ac4d3792968e90467c80f1b4949e56d7f1566f488630b,2026-07-26T12:02:17.390260+00:00,learner_consequence,contextual_delayed_exp3,arrival_clock,5000,874.1358024691357,0.1748271604938271,778.9753086419752,0.155795061728395,4985,15,d69fb652cb1810aa53d95ca9666c9864198c3b63c793c1216e89ac216200075a,c5e0db9d722a2d2b5d41dff132e5dce027a3dbc55ebb94cea4330db7f891bec9,06e62bac7913569a6525b93613ecae45f487066aa6a14dbc96b645beb882a1b0,6d7f5dfcdbab14a25c13639db0048a2ed55445cb2af74c669cb6b94c5baab200,b0798bcfa627c0b31b21b27f38e946bc0353853a0c45188a7afd7e962a77e705,0.0693086419753086,horizon_scaling,5000
exp1_alignment_transfer:targeted:full:targeted_systematic_horizon_5000:2026-07-26T12:02:17.287237+00:00,paper,True,targeted,exp1_alignment_transfer,targeted_systematic_horizon_5000,4,systematic_misbinding,6e09fa90a1fcdeccc861cf2960bd31c4b60e2df4,21563d9a7d6a3134d56776beef7f02b88fbe31e8f18ac118a957eac374c3df02,b4bf2ad829be75d27f6ac4d3792968e90467c80f1b4949e56d7f1566f488630b,b4bf2ad829be75d27f6ac4d3792968e90467c80f1b4949e56d7f1566f488630b,2026-07-26T12:02:17.390260+00:00,learner_consequence,contextual_delayed_exp3,source_round,5000,527.5925925925925,0.1055185185185185,432.432098765432,0.0864864197530864,4985,15,d3d8b35171e111b3372cd92bedb527846b34008e2811cbf11652741a3ee1b9ec,c5e0db9d722a2d2b5d41dff132e5dce027a3dbc55ebb94cea4330db7f891bec9,06e62bac7913569a6525b93613ecae45f487066aa6a14dbc96b645beb882a1b0,6d7f5dfcdbab14a25c13639db0048a2ed55445cb2af74c669cb6b94c5baab200,b0798bcfa627c0b31b21b27f38e946bc0353853a0c45188a7afd7e962a77e705,0.0693086419753086,horizon_scaling,5000
exp1_alignment_transfer:targeted:full:targeted_systematic_horizon_10000:2026-07-26T12:02:18.517145+00:00,paper,True,targeted,exp1_alignment_transfer,targeted_systematic_horizon_10000,4,systematic_misbinding,6e09fa90a1fcdeccc861cf2960bd31c4b60e2df4,20fa105b3af7fa2eb97c8b7ed39f227f09ceef9b13f7c56ce48703547f2778de,b4bf2ad829be75d27f6ac4d3792968e90467c80f1b4949e56d7f1566f488630b,b4bf2ad829be75d27f6ac4d3792968e90467c80f1b4949e56d7f1566f488630b,2026-07-26T12:02:18.567231+00:00,learner_consequence,contextual_delayed_exp3,arrival_clock,10000,1751.6049382716046,0.1751604938271604,1565.3456790123455,0.1565345679012345,9985,15,b20a28599d939526ac3cb953de8053eed8b4a15e1baf742c6a508aee95422d51,cabd555c8b073f23c337d911a7188ab1c540bafaf540cb6377b5ca7bddca77fb,62c950e43e24812348166ae449121dae6061210a08846d8665be631f27f3367b,fede2b580fe843d8ac00840549f58d40d306cdb32e9a492330c705630439c055,c12d6da5294597fb49110ebd70ec8e479195343c1229776a196b1d9f3bba7b38,0.0904049382716049,horizon_scaling,10000
exp1_alignment_transfer:targeted:full:targeted_systematic_horizon_10000:2026-07-26T12:02:18.517145+00:00,paper,True,targeted,exp1_alignment_transfer,targeted_systematic_horizon_10000,4,systematic_misbinding,6e09fa90a1fcdeccc861cf2960bd31c4b60e2df4,20fa105b3af7fa2eb97c8b7ed39f227f09ceef9b13f7c56ce48703547f2778de,b4bf2ad829be75d27f6ac4d3792968e90467c80f1b4949e56d7f1566f488630b,b4bf2ad829be75d27f6ac4d3792968e90467c80f1b4949e56d7f1566f488630b,2026-07-26T12:02:18.567231+00:00,learner_consequence,contextual_delayed_exp3,source_round,10000,847.5555555555554,0.0847555555555555,661.2962962962962,0.0661296296296296,9985,15,93bf8e9ce83e3cd06c85aa9ed0a990bf61c4a9d8ddb06f126c5ab6de61780b83,cabd555c8b073f23c337d911a7188ab1c540bafaf540cb6377b5ca7bddca77fb,62c950e43e24812348166ae449121dae6061210a08846d8665be631f27f3367b,fede2b580fe843d8ac00840549f58d40d306cdb32e9a492330c705630439c055,c12d6da5294597fb49110ebd70ec8e479195343c1229776a196b1d9f3bba7b38,0.0904049382716049,horizon_scaling,10000
exp1_alignment_transfer:targeted:full:targeted_systematic_horizon_1000:2026-07-26T12:02:21.119261+00:00,paper,True,targeted,exp1_alignment_transfer,targeted_systematic_horizon_1000,5,systematic_misbinding,6e09fa90a1fcdeccc861cf2960bd31c4b60e2df4,57839e6123d5ed61dd16f09d3da4b687dceadb7e6c2a934854034adfa90c5458,b4bf2ad829be75d27f6ac4d3792968e90467c80f1b4949e56d7f1566f488630b,b4bf2ad829be75d27f6ac4d3792968e90467c80f1b4949e56d7f1566f488630b,2026-07-26T12:02:21.174552+00:00,learner_consequence,contextual_delayed_exp3,arrival_clock,1000,169.4074074074074,0.1694074074074074,150.04938271604937,0.1500493827160493,985,15,a839b918ee73ad79dba6b2842b4263824d9ffe95576e4bf0c98fce8e07ddc733,b326c3293381ec18f61dcecd132997d5646dea679bb6ab73e499beeb46a529c5,9813cc544170168ce86d3e06c98382345137c5e0561de403d363a99ad7268882,3f664071da91e74faa88788384e281c6d223b105cceb69ef5fba46df597be5ba,09e675b58b10288d7aa81e4d20d9129b2ef032a4043580bafc78a519e7c52343,0.0243703703703703,horizon_scaling,1000
exp1_alignment_transfer:targeted:full:targeted_systematic_horizon_1000:2026-07-26T12:02:21.119261+00:00,paper,True,targeted,exp1_alignment_transfer,targeted_systematic_horizon_1000,5,systematic_misbinding,6e09fa90a1fcdeccc861cf2960bd31c4b60e2df4,57839e6123d5ed61dd16f09d3da4b687dceadb7e6c2a934854034adfa90c5458,b4bf2ad829be75d27f6ac4d3792968e90467c80f1b4949e56d7f1566f488630b,b4bf2ad829be75d27f6ac4d3792968e90467c80f1b4949e56d7f1566f488630b,2026-07-26T12:02:21.174552+00:00,learner_consequence,contextual_delayed_exp3,source_round,1000,145.037037037037,0.145037037037037,125.67901234567898,0.125679012345679,985,15,b2d5c2517c6df06db5684aba303f66eb09196285fc50125b0423fae9a374ec98,b326c3293381ec18f61dcecd132997d5646dea679bb6ab73e499beeb46a529c5,9813cc544170168ce86d3e06c98382345137c5e0561de403d363a99ad7268882,3f664071da91e74faa88788384e281c6d223b105cceb69ef5fba46df597be5ba,09e675b58b10288d7aa81e4d20d9129b2ef032a4043580bafc78a519e7c52343,0.0243703703703703,horizon_scaling,1000
exp1_alignment_transfer:targeted:full:targeted_systematic_horizon_5000:2026-07-26T12:02:21.449501+00:00,paper,True,targeted,exp1_alignment_transfer,targeted_systematic_horizon_5000,5,systematic_misbinding,6e09fa90a1fcdeccc861cf2960bd31c4b60e2df4,21563d9a7d6a3134d56776beef7f02b88fbe31e8f18ac118a957eac374c3df02,b4bf2ad829be75d27f6ac4d3792968e90467c80f1b4949e56d7f1566f488630b,b4bf2ad829be75d27f6ac4d3792968e90467c80f1b4949e56d7f1566f488630b,2026-07-26T12:02:21.505615+00:00,learner_consequence,contextual_delayed_exp3,arrival_clock,5000,895.432098765432,0.1790864197530864,801.0246913580246,0.1602049382716049,4985,15,96a949b0f2bdb1c0b087ede6501983c3b1734a5f139ba47bb51d84dc28dd96a6,130d138256df6ce9ca0b108a76cf363501c5adc5017549ed1f355ac0d7bcb29d,3604b5bf5504bcaeb68683b144eef1a79c0a5e74e36aacc58c57d5a888617e7d,aff0c2208642bdc8ffc03a9760ee114d5f49aa916dd545ada66e3a2f415bb9fb,f2b40e75bb2a6ac829926b1fb571967220f9401a0bc239d17265ee92da840aed,0.0735012345679012,horizon_scaling,5000
exp1_alignment_transfer:targeted:full:targeted_systematic_horizon_5000:2026-07-26T12:02:21.449501+00:00,paper,True,targeted,exp1_alignment_transfer,targeted_systematic_horizon_5000,5,systematic_misbinding,6e09fa90a1fcdeccc861cf2960bd31c4b60e2df4,21563d9a7d6a3134d56776beef7f02b88fbe31e8f18ac118a957eac374c3df02,b4bf2ad829be75d27f6ac4d3792968e90467c80f1b4949e56d7f1566f488630b,b4bf2ad829be75d27f6ac4d3792968e90467c80f1b4949e56d7f1566f488630b,2026-07-26T12:02:21.505615+00:00,learner_consequence,contextual_delayed_exp3,source_round,5000,527.9259259259259,0.1055851851851851,433.5185185185185,0.0867037037037037,4985,15,d6ef794a905cd67c6f565ac01c1fbb3bbe26c46543df8d63bcd9849d1f48ef58,130d138256df6ce9ca0b108a76cf363501c5adc5017549ed1f355ac0d7bcb29d,3604b5bf5504bcaeb68683b144eef1a79c0a5e74e36aacc58c57d5a888617e7d,aff0c2208642bdc8ffc03a9760ee114d5f49aa916dd545ada66e3a2f415bb9fb,f2b40e75bb2a6ac829926b1fb571967220f9401a0bc239d17265ee92da840aed,0.0735012345679012,horizon_scaling,5000
exp1_alignment_transfer:targeted:full:targeted_systematic_horizon_10000:2026-07-26T12:02:22.730262+00:00,paper,True,targeted,exp1_alignment_transfer,targeted_systematic_horizon_10000,5,systematic_misbinding,6e09fa90a1fcdeccc861cf2960bd31c4b60e2df4,20fa105b3af7fa2eb97c8b7ed39f227f09ceef9b13f7c56ce48703547f2778de,b4bf2ad829be75d27f6ac4d3792968e90467c80f1b4949e56d7f1566f488630b,b4bf2ad829be75d27f6ac4d3792968e90467c80f1b4949e56d7f1566f488630b,2026-07-26T12:02:22.787526+00:00,learner_consequence,contextual_delayed_exp3,arrival_clock,10000,1822.148148148148,0.1822148148148147,1634.0987654320984,0.1634098765432098,9985,15,d559a5a65811466071ae717d0fb27983b5a0a673dc3c6b3632502876f10bc78b,479eb5bdcb7806c70922f66ba1d78d812242ada358e3afcf6da7daef153e1913,95e9a81b019c334f36d83d66e3edf2b3828d4dde01e01c1768dc15b0c2b84f51,8b46c7ef7797f39e9b19249eed1c7a42a6813c3921034a9e30bde53890e7fb0e,95909ca0e4ed0978a5f26cc1df34677e689a95feef98549528668c9bf4bbb818,0.0957999999999999,horizon_scaling,10000
exp1_alignment_transfer:targeted:full:targeted_systematic_horizon_10000:2026-07-26T12:02:22.730262+00:00,paper,True,targeted,exp1_alignment_transfer,targeted_systematic_horizon_10000,5,systematic_misbinding,6e09fa90a1fcdeccc861cf2960bd31c4b60e2df4,20fa105b3af7fa2eb97c8b7ed39f227f09ceef9b13f7c56ce48703547f2778de,b4bf2ad829be75d27f6ac4d3792968e90467c80f1b4949e56d7f1566f488630b,b4bf2ad829be75d27f6ac4d3792968e90467c80f1b4949e56d7f1566f488630b,2026-07-26T12:02:22.787526+00:00,learner_consequence,contextual_delayed_exp3,source_round,10000,864.148148148148,0.0864148148148148,676.0987654320987,0.0676098765432098,9985,15,034770bd923427349898290af4bad33f045add5f28658585c0bcfccbeb58d627,479eb5bdcb7806c70922f66ba1d78d812242ada358e3afcf6da7daef153e1913,95e9a81b019c334f36d83d66e3edf2b3828d4dde01e01c1768dc15b0c2b84f51,8b46c7ef7797f39e9b19249eed1c7a42a6813c3921034a9e30bde53890e7fb0e,95909ca0e4ed0978a5f26cc1df34677e689a95feef98549528668c9bf4bbb818,0.0957999999999999,horizon_scaling,10000
exp1_alignment_transfer:targeted:full:targeted_systematic_horizon_1000:2026-07-26T12:02:25.332055+00:00,paper,True,targeted,exp1_alignment_transfer,targeted_systematic_horizon_1000,6,systematic_misbinding,6e09fa90a1fcdeccc861cf2960bd31c4b60e2df4,57839e6123d5ed61dd16f09d3da4b687dceadb7e6c2a934854034adfa90c5458,b4bf2ad829be75d27f6ac4d3792968e90467c80f1b4949e56d7f1566f488630b,b4bf2ad829be75d27f6ac4d3792968e90467c80f1b4949e56d7f1566f488630b,2026-07-26T12:02:25.388923+00:00,learner_consequence,contextual_delayed_exp3,arrival_clock,1000,181.25925925925924,0.1812592592592592,163.55555555555554,0.1635555555555555,985,15,082c6e28a9a22543ba1ec6b25813b651bedaa89145a5080a194a9e494ae0435d,424c4609d32b6f0b8572ff599336c57364062178ef0aa846dbd43eac89978b4f,3507a08d9b0bdccf1a532e9e59cd124ace33ca4957f2e01240eb821746f512f3,0ad35b278f1e236fbeb1348fc6fe34add34b008bc30e70e09d291eef583571b3,0008d7faea8dca90270a8328dcbc112317739746e5f6657ee887c8b74f54990c,0.0259506172839505,horizon_scaling,1000
exp1_alignment_transfer:targeted:full:targeted_systematic_horizon_1000:2026-07-26T12:02:25.332055+00:00,paper,True,targeted,exp1_alignment_transfer,targeted_systematic_horizon_1000,6,systematic_misbinding,6e09fa90a1fcdeccc861cf2960bd31c4b60e2df4,57839e6123d5ed61dd16f09d3da4b687dceadb7e6c2a934854034adfa90c5458,b4bf2ad829be75d27f6ac4d3792968e90467c80f1b4949e56d7f1566f488630b,b4bf2ad829be75d27f6ac4d3792968e90467c80f1b4949e56d7f1566f488630b,2026-07-26T12:02:25.388923+00:00,learner_consequence,contextual_delayed_exp3,source_round,1000,155.30864197530863,0.1553086419753086,137.60493827160494,0.1376049382716049,985,15,01d1ec8b957858d4c0616f3ebfa701dccfd665fea2b5f85ba51a7afc62fdb84e,424c4609d32b6f0b8572ff599336c57364062178ef0aa846dbd43eac89978b4f,3507a08d9b0bdccf1a532e9e59cd124ace33ca4957f2e01240eb821746f512f3,0ad35b278f1e236fbeb1348fc6fe34add34b008bc30e70e09d291eef583571b3,0008d7faea8dca90270a8328dcbc112317739746e5f6657ee887c8b74f54990c,0.0259506172839505,horizon_scaling,1000
exp1_alignment_transfer:targeted:full:targeted_systematic_horizon_5000:2026-07-26T12:02:25.743974+00:00,paper,True,targeted,exp1_alignment_transfer,targeted_systematic_horizon_5000,6,systematic_misbinding,6e09fa90a1fcdeccc861cf2960bd31c4b60e2df4,21563d9a7d6a3134d56776beef7f02b88fbe31e8f18ac118a957eac374c3df02,b4bf2ad829be75d27f6ac4d3792968e90467c80f1b4949e56d7f1566f488630b,b4bf2ad829be75d27f6ac4d3792968e90467c80f1b4949e56d7f1566f488630b,2026-07-26T12:02:25.794619+00:00,learner_consequence,contextual_delayed_exp3,arrival_clock,5000,887.2962962962962,0.1774592592592592,794.4814814814813,0.1588962962962962,4985,15,d5ae76c5bda509e8854ff6b771b4a70cd2ff3c96bb244c37272b8bff371459c1,da3f164b4a63423b5a5466907da2144692b789fdfcbe47867c426d48a40e7bba,42750c0de1ff32aecea166bd9d0e07814e98e4b5e9455918c6efbcb529169cf1,9c12dabbad9882466fadacb829b981c1f59d18c6bb40c71feac97dd45f662b8b,2d2e3adb395333518785052e17199d708f77c637f7042dd2519d587aacb0c33c,0.0704395061728394,horizon_scaling,5000
exp1_alignment_transfer:targeted:full:targeted_systematic_horizon_5000:2026-07-26T12:02:25.743974+00:00,paper,True,targeted,exp1_alignment_transfer,targeted_systematic_horizon_5000,6,systematic_misbinding,6e09fa90a1fcdeccc861cf2960bd31c4b60e2df4,21563d9a7d6a3134d56776beef7f02b88fbe31e8f18ac118a957eac374c3df02,b4bf2ad829be75d27f6ac4d3792968e90467c80f1b4949e56d7f1566f488630b,b4bf2ad829be75d27f6ac4d3792968e90467c80f1b4949e56d7f1566f488630b,2026-07-26T12:02:25.794619+00:00,learner_consequence,contextual_delayed_exp3,source_round,5000,535.0987654320987,0.1070197530864197,442.28395061728384,0.0884567901234567,4985,15,416659089357e044fb606251e6c47b4ae4567c8808ffc7984c9ec0befe6cb671,da3f164b4a63423b5a5466907da2144692b789fdfcbe47867c426d48a40e7bba,42750c0de1ff32aecea166bd9d0e07814e98e4b5e9455918c6efbcb529169cf1,9c12dabbad9882466fadacb829b981c1f59d18c6bb40c71feac97dd45f662b8b,2d2e3adb395333518785052e17199d708f77c637f7042dd2519d587aacb0c33c,0.0704395061728394,horizon_scaling,5000
exp1_alignment_transfer:targeted:full:targeted_systematic_horizon_10000:2026-07-26T12:02:27.111175+00:00,paper,True,targeted,exp1_alignment_transfer,targeted_systematic_horizon_10000,6,systematic_misbinding,6e09fa90a1fcdeccc861cf2960bd31c4b60e2df4,20fa105b3af7fa2eb97c8b7ed39f227f09ceef9b13f7c56ce48703547f2778de,b4bf2ad829be75d27f6ac4d3792968e90467c80f1b4949e56d7f1566f488630b,b4bf2ad829be75d27f6ac4d3792968e90467c80f1b4949e56d7f1566f488630b,2026-07-26T12:02:27.157733+00:00,learner_consequence,contextual_delayed_exp3,arrival_clock,10000,1741.938271604938,0.1741938271604938,1559.8395061728393,0.1559839506172839,9985,15,95437f734641a3a491175d79f8b8b8592faf5b4ae66fad202f3e4c8b955304bf,cb24cac2dfcaa76a7e93b9f2dc0a09d150de90fac6e6b0549938273d2752acba,230624223aaf2e20c5fbbfa3d37a7bcbbf2d252bb63feaa18b6986d760b766ca,bab40cfb19a373f556e5d5d8a4094907055141c1bec627a90be825626fdb3246,67c37b5d22bbccbc4b3f036e3a68deca4163bf4da4ce80d72811586e15967a2f,0.0895592592592592,horizon_scaling,10000
exp1_alignment_transfer:targeted:full:targeted_systematic_horizon_10000:2026-07-26T12:02:27.111175+00:00,paper,True,targeted,exp1_alignment_transfer,targeted_systematic_horizon_10000,6,systematic_misbinding,6e09fa90a1fcdeccc861cf2960bd31c4b60e2df4,20fa105b3af7fa2eb97c8b7ed39f227f09ceef9b13f7c56ce48703547f2778de,b4bf2ad829be75d27f6ac4d3792968e90467c80f1b4949e56d7f1566f488630b,b4bf2ad829be75d27f6ac4d3792968e90467c80f1b4949e56d7f1566f488630b,2026-07-26T12:02:27.157733+00:00,learner_consequence,contextual_delayed_exp3,source_round,10000,846.3456790123456,0.0846345679012345,664.2469135802468,0.0664246913580246,9985,15,61be09ebeace2e8cf81e571d7187cf5b41d2e46e1cc1cebac266373ae1c2e120,cb24cac2dfcaa76a7e93b9f2dc0a09d150de90fac6e6b0549938273d2752acba,230624223aaf2e20c5fbbfa3d37a7bcbbf2d252bb63feaa18b6986d760b766ca,bab40cfb19a373f556e5d5d8a4094907055141c1bec627a90be825626fdb3246,67c37b5d22bbccbc4b3f036e3a68deca4163bf4da4ce80d72811586e15967a2f,0.0895592592592592,horizon_scaling,10000
exp1_alignment_transfer:targeted:full:targeted_systematic_horizon_1000:2026-07-26T12:02:29.549607+00:00,paper,True,targeted,exp1_alignment_transfer,targeted_systematic_horizon_1000,7,systematic_misbinding,6e09fa90a1fcdeccc861cf2960bd31c4b60e2df4,57839e6123d5ed61dd16f09d3da4b687dceadb7e6c2a934854034adfa90c5458,b4bf2ad829be75d27f6ac4d3792968e90467c80f1b4949e56d7f1566f488630b,b4bf2ad829be75d27f6ac4d3792968e90467c80f1b4949e56d7f1566f488630b,2026-07-26T12:02:29.600323+00:00,learner_consequence,contextual_delayed_exp3,arrival_clock,1000,188.4691358024691,0.1884691358024691,169.98765432098764,0.1699876543209876,985,15,1f7334900ef35cdd3d84fe34ec6afcc20b3010da79f79a8c8c5dd9979489e706,5dc26de16c078f79621e4d75cae876a81929580dd3c9b1bdb4496be43f89af5d,2b5366b5341898334c2b775f93cde971236f6c081a74edb767f0d6b6486cafe1,8cac55378d4db5cc4a9f1f6134fc6cda4e02195cf2f7ea32f3b9918d418b66c0,ccb0175a4647c87be7780351af03a44ba555e4452545872e790f8b304da04930,0.0237777777777777,horizon_scaling,1000
exp1_alignment_transfer:targeted:full:targeted_systematic_horizon_1000:2026-07-26T12:02:29.549607+00:00,paper,True,targeted,exp1_alignment_transfer,targeted_systematic_horizon_1000,7,systematic_misbinding,6e09fa90a1fcdeccc861cf2960bd31c4b60e2df4,57839e6123d5ed61dd16f09d3da4b687dceadb7e6c2a934854034adfa90c5458,b4bf2ad829be75d27f6ac4d3792968e90467c80f1b4949e56d7f1566f488630b,b4bf2ad829be75d27f6ac4d3792968e90467c80f1b4949e56d7f1566f488630b,2026-07-26T12:02:29.600323+00:00,learner_consequence,contextual_delayed_exp3,source_round,1000,164.69135802469134,0.1646913580246913,146.20987654320987,0.1462098765432098,985,15,a9e770e8726ee0bc8d03b2f00039ec1df85f5fd21ad4df14e17742b811735298,5dc26de16c078f79621e4d75cae876a81929580dd3c9b1bdb4496be43f89af5d,2b5366b5341898334c2b775f93cde971236f6c081a74edb767f0d6b6486cafe1,8cac55378d4db5cc4a9f1f6134fc6cda4e02195cf2f7ea32f3b9918d418b66c0,ccb0175a4647c87be7780351af03a44ba555e4452545872e790f8b304da04930,0.0237777777777777,horizon_scaling,1000
exp1_alignment_transfer:targeted:full:targeted_systematic_horizon_5000:2026-07-26T12:02:29.898984+00:00,paper,True,targeted,exp1_alignment_transfer,targeted_systematic_horizon_5000,7,systematic_misbinding,6e09fa90a1fcdeccc861cf2960bd31c4b60e2df4,21563d9a7d6a3134d56776beef7f02b88fbe31e8f18ac118a957eac374c3df02,b4bf2ad829be75d27f6ac4d3792968e90467c80f1b4949e56d7f1566f488630b,b4bf2ad829be75d27f6ac4d3792968e90467c80f1b4949e56d7f1566f488630b,2026-07-26T12:02:29.953186+00:00,learner_consequence,contextual_delayed_exp3,arrival_clock,5000,889.5185185185184,0.1779037037037036,797.4074074074072,0.1594814814814814,4985,15,9065fd3b7aee91c4909b26075efc9706872f3271890b6391d8ae1b893843d016,057ed4045224896cad5c7af46c5de421af6bc1811c82e41b0994a799baf85916,56d9755badba2369b620386ca370941d2e88a5b39b38af2cfb712c03abd7bb72,bf9efdb82d04207dce4d45d309df4713a1d165db36efe8d74932d98e7647a82c,3294ccec50f3b0c5f4136a320b0707c17caf88bb07902ce7250a46d9d65b4a81,0.0684888888888888,horizon_scaling,5000
exp1_alignment_transfer:targeted:full:targeted_systematic_horizon_5000:2026-07-26T12:02:29.898984+00:00,paper,True,targeted,exp1_alignment_transfer,targeted_systematic_horizon_5000,7,systematic_misbinding,6e09fa90a1fcdeccc861cf2960bd31c4b60e2df4,21563d9a7d6a3134d56776beef7f02b88fbe31e8f18ac118a957eac374c3df02,b4bf2ad829be75d27f6ac4d3792968e90467c80f1b4949e56d7f1566f488630b,b4bf2ad829be75d27f6ac4d3792968e90467c80f1b4949e56d7f1566f488630b,2026-07-26T12:02:29.953186+00:00,learner_consequence,contextual_delayed_exp3,source_round,5000,547.074074074074,0.1094148148148148,454.9629629629629,0.0909925925925925,4985,15,861bb36998401f2d16288c237e5e9ff854aadee02dec1b023b3a850e7a5a28af,057ed4045224896cad5c7af46c5de421af6bc1811c82e41b0994a799baf85916,56d9755badba2369b620386ca370941d2e88a5b39b38af2cfb712c03abd7bb72,bf9efdb82d04207dce4d45d309df4713a1d165db36efe8d74932d98e7647a82c,3294ccec50f3b0c5f4136a320b0707c17caf88bb07902ce7250a46d9d65b4a81,0.0684888888888888,horizon_scaling,5000
exp1_alignment_transfer:targeted:full:targeted_systematic_horizon_10000:2026-07-26T12:02:31.178030+00:00,paper,True,targeted,exp1_alignment_transfer,targeted_systematic_horizon_10000,7,systematic_misbinding,6e09fa90a1fcdeccc861cf2960bd31c4b60e2df4,20fa105b3af7fa2eb97c8b7ed39f227f09ceef9b13f7c56ce48703547f2778de,b4bf2ad829be75d27f6ac4d3792968e90467c80f1b4949e56d7f1566f488630b,b4bf2ad829be75d27f6ac4d3792968e90467c80f1b4949e56d7f1566f488630b,2026-07-26T12:02:31.226586+00:00,learner_consequence,contextual_delayed_exp3,arrival_clock,10000,1736.1481481481478,0.1736148148148147,1552.8148148148143,0.1552814814814814,9985,15,5aae413e5adacfd1bc9a5459e554efd4ea6812802c0698d90403c7eba4819502,ba63ea11f881bea33a15607661be7195b6a8868d4185c63449a4bc7ad9f5ce6c,964d8556ec93ef6b4407c9fd4e800e154e3b335401c1ce1f4ba62e72dcd70351,18c5c204832a00f71c9837027520e06e3fb88520a8393bc00974a845de12217c,03b49fa59fd333cca4f133f36bcdfabbf3cadc747fd605cb556960499f5d51b7,0.0860604938271604,horizon_scaling,10000
exp1_alignment_transfer:targeted:full:targeted_systematic_horizon_10000:2026-07-26T12:02:31.178030+00:00,paper,True,targeted,exp1_alignment_transfer,targeted_systematic_horizon_10000,7,systematic_misbinding,6e09fa90a1fcdeccc861cf2960bd31c4b60e2df4,20fa105b3af7fa2eb97c8b7ed39f227f09ceef9b13f7c56ce48703547f2778de,b4bf2ad829be75d27f6ac4d3792968e90467c80f1b4949e56d7f1566f488630b,b4bf2ad829be75d27f6ac4d3792968e90467c80f1b4949e56d7f1566f488630b,2026-07-26T12:02:31.226586+00:00,learner_consequence,contextual_delayed_exp3,source_round,10000,875.5432098765432,0.0875543209876543,692.2098765432098,0.0692209876543209,9985,15,9bf9d623068448a834364a74ae9952f36a15ea6e42dee62e0d4615bb0b94d53b,ba63ea11f881bea33a15607661be7195b6a8868d4185c63449a4bc7ad9f5ce6c,964d8556ec93ef6b4407c9fd4e800e154e3b335401c1ce1f4ba62e72dcd70351,18c5c204832a00f71c9837027520e06e3fb88520a8393bc00974a845de12217c,03b49fa59fd333cca4f133f36bcdfabbf3cadc747fd605cb556960499f5d51b7,0.0860604938271604,horizon_scaling,10000
exp1_alignment_transfer:targeted:full:targeted_systematic_horizon_1000:2026-07-26T12:02:33.656061+00:00,paper,True,targeted,exp1_alignment_transfer,targeted_systematic_horizon_1000,8,systematic_misbinding,6e09fa90a1fcdeccc861cf2960bd31c4b60e2df4,57839e6123d5ed61dd16f09d3da4b687dceadb7e6c2a934854034adfa90c5458,b4bf2ad829be75d27f6ac4d3792968e90467c80f1b4949e56d7f1566f488630b,b4bf2ad829be75d27f6ac4d3792968e90467c80f1b4949e56d7f1566f488630b,2026-07-26T12:02:33.719369+00:00,learner_consequence,contextual_delayed_exp3,arrival_clock,1000,179.77777777777777,0.1797777777777777,161.50617283950612,0.1615061728395061,985,15,4d30217445528b0f2c22de032bc3df3e400ec9c3e40aea7c90e668869d4eeaa1,b07bfe8933e2c41416fa940789975d6577ed345450c629ab24d6f6f955ba144e,704e721addbafb184ccd15a5900a47e0e0ae186b6bc05c2a498cd26a3a7acd33,9ddf41f41a650529a0ca86d1a797ba2e012a3eb397fc9f82677da3f75a46e62a,b829cd004e0f9d5d2046b123a6c9d31b4d2e8f1bbb8812fd15f1a817f5788c86,0.0225432098765432,horizon_scaling,1000
exp1_alignment_transfer:targeted:full:targeted_systematic_horizon_1000:2026-07-26T12:02:33.656061+00:00,paper,True,targeted,exp1_alignment_transfer,targeted_systematic_horizon_1000,8,systematic_misbinding,6e09fa90a1fcdeccc861cf2960bd31c4b60e2df4,57839e6123d5ed61dd16f09d3da4b687dceadb7e6c2a934854034adfa90c5458,b4bf2ad829be75d27f6ac4d3792968e90467c80f1b4949e56d7f1566f488630b,b4bf2ad829be75d27f6ac4d3792968e90467c80f1b4949e56d7f1566f488630b,2026-07-26T12:02:33.719369+00:00,learner_consequence,contextual_delayed_exp3,source_round,1000,157.23456790123453,0.1572345679012345,138.96296296296293,0.1389629629629629,985,15,cb8cad3f26040893a2b93ed3a5f0bf879e7f2509efd78db0f360c5d9ffd50f39,b07bfe8933e2c41416fa940789975d6577ed345450c629ab24d6f6f955ba144e,704e721addbafb184ccd15a5900a47e0e0ae186b6bc05c2a498cd26a3a7acd33,9ddf41f41a650529a0ca86d1a797ba2e012a3eb397fc9f82677da3f75a46e62a,b829cd004e0f9d5d2046b123a6c9d31b4d2e8f1bbb8812fd15f1a817f5788c86,0.0225432098765432,horizon_scaling,1000
exp1_alignment_transfer:targeted:full:targeted_systematic_horizon_5000:2026-07-26T12:02:34.023947+00:00,paper,True,targeted,exp1_alignment_transfer,targeted_systematic_horizon_5000,8,systematic_misbinding,6e09fa90a1fcdeccc861cf2960bd31c4b60e2df4,21563d9a7d6a3134d56776beef7f02b88fbe31e8f18ac118a957eac374c3df02,b4bf2ad829be75d27f6ac4d3792968e90467c80f1b4949e56d7f1566f488630b,b4bf2ad829be75d27f6ac4d3792968e90467c80f1b4949e56d7f1566f488630b,2026-07-26T12:02:34.084386+00:00,learner_consequence,contextual_delayed_exp3,arrival_clock,5000,886.9629629629628,0.1773925925925925,793.0493827160492,0.1586098765432098,4985,15,d3f292f0d348f4885f369acabcf3ae90fe8747f84db30d16247fffe31348f928,c2f16f032d3127210b283dcf4ecacc7931104f80401a347397e3742eac1ee2e1,410e926c5f917ce094feea06dc6cd1fb83640691deb5ac07afcb4c1acde4f828,b7e4a2ec280768226a7112d94cae02b729882bcf9ee97faa6f210f34f246f2c1,de8a5961586f27ed8429b23bce02aff1025e408f7db252b3a4a40528d6312ce6,0.0677728395061728,horizon_scaling,5000
exp1_alignment_transfer:targeted:full:targeted_systematic_horizon_5000:2026-07-26T12:02:34.023947+00:00,paper,True,targeted,exp1_alignment_transfer,targeted_systematic_horizon_5000,8,systematic_misbinding,6e09fa90a1fcdeccc861cf2960bd31c4b60e2df4,21563d9a7d6a3134d56776beef7f02b88fbe31e8f18ac118a957eac374c3df02,b4bf2ad829be75d27f6ac4d3792968e90467c80f1b4949e56d7f1566f488630b,b4bf2ad829be75d27f6ac4d3792968e90467c80f1b4949e56d7f1566f488630b,2026-07-26T12:02:34.084386+00:00,learner_consequence,contextual_delayed_exp3,source_round,5000,548.0987654320987,0.1096197530864197,454.1851851851851,0.090837037037037,4985,15,7ea8b3073c314294a5bd6c7b6f149532d33f02f56bb3ec16dfa41905a10b505f,c2f16f032d3127210b283dcf4ecacc7931104f80401a347397e3742eac1ee2e1,410e926c5f917ce094feea06dc6cd1fb83640691deb5ac07afcb4c1acde4f828,b7e4a2ec280768226a7112d94cae02b729882bcf9ee97faa6f210f34f246f2c1,de8a5961586f27ed8429b23bce02aff1025e408f7db252b3a4a40528d6312ce6,0.0677728395061728,horizon_scaling,5000
exp1_alignment_transfer:targeted:full:targeted_systematic_horizon_10000:2026-07-26T12:02:35.304941+00:00,paper,True,targeted,exp1_alignment_transfer,targeted_systematic_horizon_10000,8,systematic_misbinding,6e09fa90a1fcdeccc861cf2960bd31c4b60e2df4,20fa105b3af7fa2eb97c8b7ed39f227f09ceef9b13f7c56ce48703547f2778de,b4bf2ad829be75d27f6ac4d3792968e90467c80f1b4949e56d7f1566f488630b,b4bf2ad829be75d27f6ac4d3792968e90467c80f1b4949e56d7f1566f488630b,2026-07-26T12:02:35.365076+00:00,learner_consequence,contextual_delayed_exp3,arrival_clock,10000,1776.7654320987651,0.1776765432098765,1591.4567901234564,0.1591456790123456,9985,15,496506eefa2357b5a0cf8efcc4a01ac085b628c1625d1cee0f59a864e5bb46dc,24c1d6443cc5c891f1b95acde288e1a4eeb8d907af4f2062ed4e4ca90f46b18f,4f99954c56e7ab19b135613c183bbca36b250f0adb7878ceed5e37ea57213809,16bc5e37125665ade0daba0f538e9ca114d75f29ac73803f4ff5c31b6561f03f,5ee90c0acc281f4cae795bfd0d36bf705366ed9711c9b5cb35aff10a8a639f75,0.090074074074074,horizon_scaling,10000
exp1_alignment_transfer:targeted:full:targeted_systematic_horizon_10000:2026-07-26T12:02:35.304941+00:00,paper,True,targeted,exp1_alignment_transfer,targeted_systematic_horizon_10000,8,systematic_misbinding,6e09fa90a1fcdeccc861cf2960bd31c4b60e2df4,20fa105b3af7fa2eb97c8b7ed39f227f09ceef9b13f7c56ce48703547f2778de,b4bf2ad829be75d27f6ac4d3792968e90467c80f1b4949e56d7f1566f488630b,b4bf2ad829be75d27f6ac4d3792968e90467c80f1b4949e56d7f1566f488630b,2026-07-26T12:02:35.365076+00:00,learner_consequence,contextual_delayed_exp3,source_round,10000,876.0246913580246,0.0876024691358024,690.7160493827159,0.0690716049382716,9985,15,c98fdf3c0be44452260cf6119b94461ab5f92dfc65549d777e3005bd2fbbaa5e,24c1d6443cc5c891f1b95acde288e1a4eeb8d907af4f2062ed4e4ca90f46b18f,4f99954c56e7ab19b135613c183bbca36b250f0adb7878ceed5e37ea57213809,16bc5e37125665ade0daba0f538e9ca114d75f29ac73803f4ff5c31b6561f03f,5ee90c0acc281f4cae795bfd0d36bf705366ed9711c9b5cb35aff10a8a639f75,0.090074074074074,horizon_scaling,10000
exp1_alignment_transfer:targeted:full:targeted_systematic_horizon_1000:2026-07-26T12:02:37.772834+00:00,paper,True,targeted,exp1_alignment_transfer,targeted_systematic_horizon_1000,9,systematic_misbinding,6e09fa90a1fcdeccc861cf2960bd31c4b60e2df4,57839e6123d5ed61dd16f09d3da4b687dceadb7e6c2a934854034adfa90c5458,b4bf2ad829be75d27f6ac4d3792968e90467c80f1b4949e56d7f1566f488630b,b4bf2ad829be75d27f6ac4d3792968e90467c80f1b4949e56d7f1566f488630b,2026-07-26T12:02:37.820539+00:00,learner_consequence,contextual_delayed_exp3,arrival_clock,1000,178.6543209876543,0.1786543209876543,159.09876543209873,0.1590987654320987,985,15,b25e253273ec4f5236d206d1206c70d0901d8a34e72019f46476294fcf04fb9a,b0fdbe9c3d26fc2c16afe09d3c0c421bb9b9133e850de075390c8b72d0642354,2a2f1b57f48294453541ce360b79b9391aa6659f458736e7e89a6881397971bb,e81bdbc9eac187228314e791c5eeb2d6264d7c53c83081abf069e397ac3d1db4,44fdb512d5ebac68d8d116fc01fe5f185a711c4d94578675fd3a7a4eabfe2204,0.0258395061728395,horizon_scaling,1000
exp1_alignment_transfer:targeted:full:targeted_systematic_horizon_1000:2026-07-26T12:02:37.772834+00:00,paper,True,targeted,exp1_alignment_transfer,targeted_systematic_horizon_1000,9,systematic_misbinding,6e09fa90a1fcdeccc861cf2960bd31c4b60e2df4,57839e6123d5ed61dd16f09d3da4b687dceadb7e6c2a934854034adfa90c5458,b4bf2ad829be75d27f6ac4d3792968e90467c80f1b4949e56d7f1566f488630b,b4bf2ad829be75d27f6ac4d3792968e90467c80f1b4949e56d7f1566f488630b,2026-07-26T12:02:37.820539+00:00,learner_consequence,contextual_delayed_exp3,source_round,1000,152.81481481481478,0.1528148148148148,133.25925925925924,0.1332592592592592,985,15,15b4b2fc3966a0e29a56b7993b0678041d340143c4b9160b95016edc870626b5,b0fdbe9c3d26fc2c16afe09d3c0c421bb9b9133e850de075390c8b72d0642354,2a2f1b57f48294453541ce360b79b9391aa6659f458736e7e89a6881397971bb,e81bdbc9eac187228314e791c5eeb2d6264d7c53c83081abf069e397ac3d1db4,44fdb512d5ebac68d8d116fc01fe5f185a711c4d94578675fd3a7a4eabfe2204,0.0258395061728395,horizon_scaling,1000
exp1_alignment_transfer:targeted:full:targeted_systematic_horizon_5000:2026-07-26T12:02:38.123746+00:00,paper,True,targeted,exp1_alignment_transfer,targeted_systematic_horizon_5000,9,systematic_misbinding,6e09fa90a1fcdeccc861cf2960bd31c4b60e2df4,21563d9a7d6a3134d56776beef7f02b88fbe31e8f18ac118a957eac374c3df02,b4bf2ad829be75d27f6ac4d3792968e90467c80f1b4949e56d7f1566f488630b,b4bf2ad829be75d27f6ac4d3792968e90467c80f1b4949e56d7f1566f488630b,2026-07-26T12:02:38.176991+00:00,learner_consequence,contextual_delayed_exp3,arrival_clock,5000,917.3209876543208,0.1834641975308641,823.2839506172838,0.1646567901234567,4985,15,3ca02705b14815a34fa2cbd87ecb6b7bacf1afeccb21963cd16c29b87cff0949,e177e4516b8b5bb6d2d50c2316a857a6a91fce5ac6f19e1defc7805cac9d5ab0,5e956ede3cb9227062becb8725ac2cc2935bcdb9e9108d72f0de029c074f9eca,083f68833c72f857205bcc4ddc0f2b04d6cb09ba702357f8e59415f9528620c3,7ed17fc20c473a669ce34d348a20dff77fa84b807d2a3f207b8bbb725307d51e,0.0763135802469135,horizon_scaling,5000
exp1_alignment_transfer:targeted:full:targeted_systematic_horizon_5000:2026-07-26T12:02:38.123746+00:00,paper,True,targeted,exp1_alignment_transfer,targeted_systematic_horizon_5000,9,systematic_misbinding,6e09fa90a1fcdeccc861cf2960bd31c4b60e2df4,21563d9a7d6a3134d56776beef7f02b88fbe31e8f18ac118a957eac374c3df02,b4bf2ad829be75d27f6ac4d3792968e90467c80f1b4949e56d7f1566f488630b,b4bf2ad829be75d27f6ac4d3792968e90467c80f1b4949e56d7f1566f488630b,2026-07-26T12:02:38.176991+00:00,learner_consequence,contextual_delayed_exp3,source_round,5000,535.7530864197529,0.1071506172839505,441.716049382716,0.0883432098765431,4985,15,d682e950abf8982978590a8f0cecc51adca52488922a2448a4486e3cb58701c4,e177e4516b8b5bb6d2d50c2316a857a6a91fce5ac6f19e1defc7805cac9d5ab0,5e956ede3cb9227062becb8725ac2cc2935bcdb9e9108d72f0de029c074f9eca,083f68833c72f857205bcc4ddc0f2b04d6cb09ba702357f8e59415f9528620c3,7ed17fc20c473a669ce34d348a20dff77fa84b807d2a3f207b8bbb725307d51e,0.0763135802469135,horizon_scaling,5000
exp1_alignment_transfer:targeted:full:targeted_systematic_horizon_10000:2026-07-26T12:02:39.474075+00:00,paper,True,targeted,exp1_alignment_transfer,targeted_systematic_horizon_10000,9,systematic_misbinding,6e09fa90a1fcdeccc861cf2960bd31c4b60e2df4,20fa105b3af7fa2eb97c8b7ed39f227f09ceef9b13f7c56ce48703547f2778de,b4bf2ad829be75d27f6ac4d3792968e90467c80f1b4949e56d7f1566f488630b,b4bf2ad829be75d27f6ac4d3792968e90467c80f1b4949e56d7f1566f488630b,2026-07-26T12:02:39.523821+00:00,learner_consequence,contextual_delayed_exp3,arrival_clock,10000,1783.4938271604935,0.1783493827160493,1593.8888888888887,0.1593888888888888,9985,15,e5b779fd1f7e169940e2c21ba036eb32d7d1ff0c7966e235828bde7db53af925,29e1d19340ec7eacb685fa64e544e24b88a6077e95cba97d58c3479d1dab0474,5e68699c3870609140dca77d331f823cb2d89697bd9a8abce36ce8f0e5d28023,f3bce5705f9149c7585a0ef7945907ac185e20da10215513145538e4f50bd2b3,aae5a3031f1ff5dba02228f231c40a7a4879382b2a0a748bdaf74dec2a0bd232,0.0924432098765432,horizon_scaling,10000
exp1_alignment_transfer:targeted:full:targeted_systematic_horizon_10000:2026-07-26T12:02:39.474075+00:00,paper,True,targeted,exp1_alignment_transfer,targeted_systematic_horizon_10000,9,systematic_misbinding,6e09fa90a1fcdeccc861cf2960bd31c4b60e2df4,20fa105b3af7fa2eb97c8b7ed39f227f09ceef9b13f7c56ce48703547f2778de,b4bf2ad829be75d27f6ac4d3792968e90467c80f1b4949e56d7f1566f488630b,b4bf2ad829be75d27f6ac4d3792968e90467c80f1b4949e56d7f1566f488630b,2026-07-26T12:02:39.523821+00:00,learner_consequence,contextual_delayed_exp3,source_round,10000,859.0617283950614,0.0859061728395061,669.4567901234566,0.0669456790123456,9985,15,836083745230ee27929ccefd28af3f345b422d03c41974991e748a979875d4e2,29e1d19340ec7eacb685fa64e544e24b88a6077e95cba97d58c3479d1dab0474,5e68699c3870609140dca77d331f823cb2d89697bd9a8abce36ce8f0e5d28023,f3bce5705f9149c7585a0ef7945907ac185e20da10215513145538e4f50bd2b3,aae5a3031f1ff5dba02228f231c40a7a4879382b2a0a748bdaf74dec2a0bd232,0.0924432098765432,horizon_scaling,10000
exp1_alignment_transfer:targeted:full:targeted_systematic_horizon_1000:2026-07-26T12:02:41.976418+00:00,paper,True,targeted,exp1_alignment_transfer,targeted_systematic_horizon_1000,10,systematic_misbinding,6e09fa90a1fcdeccc861cf2960bd31c4b60e2df4,57839e6123d5ed61dd16f09d3da4b687dceadb7e6c2a934854034adfa90c5458,b4bf2ad829be75d27f6ac4d3792968e90467c80f1b4949e56d7f1566f488630b,b4bf2ad829be75d27f6ac4d3792968e90467c80f1b4949e56d7f1566f488630b,2026-07-26T12:02:42.035045+00:00,learner_consequence,contextual_delayed_exp3,arrival_clock,1000,185.23456790123456,0.1852345679012345,166.5432098765432,0.1665432098765432,985,15,a1359505bf804ef88924169c99db9ca819f2fcc53ab237114b6ac00cd2c47c39,55b9bf35cda979954f286001da1f47d752dc3d7203f4933610cf5ac45886b782,47d838098f5a1083977a05cfcbf56b3aad306fc87a0bc4d651533b0fa76197e1,d692ad56a45e18534570c66eeca9645a806c4fd73571560618e85219cad310e2,14b148482ab1d6b1d868c998f843a1064aa4c01c3b56dce13430096eaa4d6eab,0.022753086419753,horizon_scaling,1000
exp1_alignment_transfer:targeted:full:targeted_systematic_horizon_1000:2026-07-26T12:02:41.976418+00:00,paper,True,targeted,exp1_alignment_transfer,targeted_systematic_horizon_1000,10,systematic_misbinding,6e09fa90a1fcdeccc861cf2960bd31c4b60e2df4,57839e6123d5ed61dd16f09d3da4b687dceadb7e6c2a934854034adfa90c5458,b4bf2ad829be75d27f6ac4d3792968e90467c80f1b4949e56d7f1566f488630b,b4bf2ad829be75d27f6ac4d3792968e90467c80f1b4949e56d7f1566f488630b,2026-07-26T12:02:42.035045+00:00,learner_consequence,contextual_delayed_exp3,source_round,1000,162.48148148148147,0.1624814814814814,143.7901234567901,0.1437901234567901,985,15,7f276f3e65bd7723ee0eba6822187c8e38402734e7aa14c188a9d6d6efa2c9f6,55b9bf35cda979954f286001da1f47d752dc3d7203f4933610cf5ac45886b782,47d838098f5a1083977a05cfcbf56b3aad306fc87a0bc4d651533b0fa76197e1,d692ad56a45e18534570c66eeca9645a806c4fd73571560618e85219cad310e2,14b148482ab1d6b1d868c998f843a1064aa4c01c3b56dce13430096eaa4d6eab,0.022753086419753,horizon_scaling,1000
exp1_alignment_transfer:targeted:full:targeted_systematic_horizon_5000:2026-07-26T12:02:42.343731+00:00,paper,True,targeted,exp1_alignment_transfer,targeted_systematic_horizon_5000,10,systematic_misbinding,6e09fa90a1fcdeccc861cf2960bd31c4b60e2df4,21563d9a7d6a3134d56776beef7f02b88fbe31e8f18ac118a957eac374c3df02,b4bf2ad829be75d27f6ac4d3792968e90467c80f1b4949e56d7f1566f488630b,b4bf2ad829be75d27f6ac4d3792968e90467c80f1b4949e56d7f1566f488630b,2026-07-26T12:02:42.399159+00:00,learner_consequence,contextual_delayed_exp3,arrival_clock,5000,888.8765432098764,0.1777753086419753,792.2592592592591,0.1584518518518518,4985,15,a4c7649f8d19456b58e8265d79a8f914ca957556be5b28934fe1f1a44edf27d7,cfda2346343cfca7f7b6f5a0c234034a3c1c6bb90732a4bb60be0460f7640c3c,3203a0c671b6f0994d3e6a1194cb8a1103c58bc3ba92a9a1628c438084b5ca6c,3da2c617a1b4504b0f8f454259bdb0c742589491c2a0dc1e37a4b7ae8bc7ed50,f587ca49f46c5dbeea2f62ad8a5b34829becbae483e310dcc2c3df1c49aa1a65,0.0696641975308642,horizon_scaling,5000
exp1_alignment_transfer:targeted:full:targeted_systematic_horizon_5000:2026-07-26T12:02:42.343731+00:00,paper,True,targeted,exp1_alignment_transfer,targeted_systematic_horizon_5000,10,systematic_misbinding,6e09fa90a1fcdeccc861cf2960bd31c4b60e2df4,21563d9a7d6a3134d56776beef7f02b88fbe31e8f18ac118a957eac374c3df02,b4bf2ad829be75d27f6ac4d3792968e90467c80f1b4949e56d7f1566f488630b,b4bf2ad829be75d27f6ac4d3792968e90467c80f1b4949e56d7f1566f488630b,2026-07-26T12:02:42.399159+00:00,learner_consequence,contextual_delayed_exp3,source_round,5000,540.5555555555554,0.108111111111111,443.9382716049382,0.0887876543209876,4985,15,3bb83c007bcb79b56069b34876997eb274eb22b0a7f4f99eee8b858b1cbd677c,cfda2346343cfca7f7b6f5a0c234034a3c1c6bb90732a4bb60be0460f7640c3c,3203a0c671b6f0994d3e6a1194cb8a1103c58bc3ba92a9a1628c438084b5ca6c,3da2c617a1b4504b0f8f454259bdb0c742589491c2a0dc1e37a4b7ae8bc7ed50,f587ca49f46c5dbeea2f62ad8a5b34829becbae483e310dcc2c3df1c49aa1a65,0.0696641975308642,horizon_scaling,5000
exp1_alignment_transfer:targeted:full:targeted_systematic_horizon_10000:2026-07-26T12:02:43.660048+00:00,paper,True,targeted,exp1_alignment_transfer,targeted_systematic_horizon_10000,10,systematic_misbinding,6e09fa90a1fcdeccc861cf2960bd31c4b60e2df4,20fa105b3af7fa2eb97c8b7ed39f227f09ceef9b13f7c56ce48703547f2778de,b4bf2ad829be75d27f6ac4d3792968e90467c80f1b4949e56d7f1566f488630b,b4bf2ad829be75d27f6ac4d3792968e90467c80f1b4949e56d7f1566f488630b,2026-07-26T12:02:43.712102+00:00,learner_consequence,contextual_delayed_exp3,arrival_clock,10000,1762.4567901234566,0.1762456790123456,1575.1111111111109,0.157511111111111,9985,15,1ef4c98bd4606b8f4b0cc600a0dacba6b1fcfc2ec5d9fd60f26bcc14bfc9b538,69d558944574156d41863b567ef33ab86ef94d40269d10d30a165f5f86087cd3,e088293d43f1655cad22ddc8b8a96ff2fcff65c7019a37e9543a9dd2c56e4dd9,c4cd4e5420cef18d2a4785aa5a352c6c31dabcb11d51b14de337359758fa4834,704ea571d36d1e1c3084da2f5885533ec7cd0d0c0b5d57934f236c3d14c4b705,0.091116049382716,horizon_scaling,10000
exp1_alignment_transfer:targeted:full:targeted_systematic_horizon_10000:2026-07-26T12:02:43.660048+00:00,paper,True,targeted,exp1_alignment_transfer,targeted_systematic_horizon_10000,10,systematic_misbinding,6e09fa90a1fcdeccc861cf2960bd31c4b60e2df4,20fa105b3af7fa2eb97c8b7ed39f227f09ceef9b13f7c56ce48703547f2778de,b4bf2ad829be75d27f6ac4d3792968e90467c80f1b4949e56d7f1566f488630b,b4bf2ad829be75d27f6ac4d3792968e90467c80f1b4949e56d7f1566f488630b,2026-07-26T12:02:43.712102+00:00,learner_consequence,contextual_delayed_exp3,source_round,10000,851.2962962962961,0.0851296296296296,663.9506172839506,0.066395061728395,9985,15,dc64b6cf84ea66dd9334007a83a2791439502df5b66916e1485eec25990d611d,69d558944574156d41863b567ef33ab86ef94d40269d10d30a165f5f86087cd3,e088293d43f1655cad22ddc8b8a96ff2fcff65c7019a37e9543a9dd2c56e4dd9,c4cd4e5420cef18d2a4785aa5a352c6c31dabcb11d51b14de337359758fa4834,704ea571d36d1e1c3084da2f5885533ec7cd0d0c0b5d57934f236c3d14c4b705,0.091116049382716,horizon_scaling,10000
exp1_alignment_transfer:targeted:full:targeted_systematic_horizon_1000:2026-07-26T12:02:46.213893+00:00,paper,True,targeted,exp1_alignment_transfer,targeted_systematic_horizon_1000,11,systematic_misbinding,6e09fa90a1fcdeccc861cf2960bd31c4b60e2df4,57839e6123d5ed61dd16f09d3da4b687dceadb7e6c2a934854034adfa90c5458,b4bf2ad829be75d27f6ac4d3792968e90467c80f1b4949e56d7f1566f488630b,b4bf2ad829be75d27f6ac4d3792968e90467c80f1b4949e56d7f1566f488630b,2026-07-26T12:02:46.266073+00:00,learner_consequence,contextual_delayed_exp3,arrival_clock,1000,182.5185185185185,0.1825185185185185,163.69135802469134,0.1636913580246913,985,15,1860fd6ae1ebce6450735e5459d5df4d354588d18c264c18208351dff577b92e,c487a92d3c5b7d9641fdc6361a1cd2d99bbaa8aebf781b7983bbc15b89a504a5,45ee18f9bb1717311be4534976929acbcd23d569ae46188081efae86bfb4fd0c,7296b07e1c065b8942dafae54cffef51faac0cfa866a42e18320a4c69fd4bc68,e3e075c47180288035ec735d237625b8722188efb8fff8de42abd44687a15a4d,0.0252345679012345,horizon_scaling,1000
exp1_alignment_transfer:targeted:full:targeted_systematic_horizon_1000:2026-07-26T12:02:46.213893+00:00,paper,True,targeted,exp1_alignment_transfer,targeted_systematic_horizon_1000,11,systematic_misbinding,6e09fa90a1fcdeccc861cf2960bd31c4b60e2df4,57839e6123d5ed61dd16f09d3da4b687dceadb7e6c2a934854034adfa90c5458,b4bf2ad829be75d27f6ac4d3792968e90467c80f1b4949e56d7f1566f488630b,b4bf2ad829be75d27f6ac4d3792968e90467c80f1b4949e56d7f1566f488630b,2026-07-26T12:02:46.266073+00:00,learner_consequence,contextual_delayed_exp3,source_round,1000,157.28395061728395,0.1572839506172839,138.45679012345676,0.1384567901234567,985,15,499a2428e4b158813f30796df9d0c3a8dfc9fad78f85ecdbfa6d6c29e3d2712c,c487a92d3c5b7d9641fdc6361a1cd2d99bbaa8aebf781b7983bbc15b89a504a5,45ee18f9bb1717311be4534976929acbcd23d569ae46188081efae86bfb4fd0c,7296b07e1c065b8942dafae54cffef51faac0cfa866a42e18320a4c69fd4bc68,e3e075c47180288035ec735d237625b8722188efb8fff8de42abd44687a15a4d,0.0252345679012345,horizon_scaling,1000
exp1_alignment_transfer:targeted:full:targeted_systematic_horizon_5000:2026-07-26T12:02:46.548372+00:00,paper,True,targeted,exp1_alignment_transfer,targeted_systematic_horizon_5000,11,systematic_misbinding,6e09fa90a1fcdeccc861cf2960bd31c4b60e2df4,21563d9a7d6a3134d56776beef7f02b88fbe31e8f18ac118a957eac374c3df02,b4bf2ad829be75d27f6ac4d3792968e90467c80f1b4949e56d7f1566f488630b,b4bf2ad829be75d27f6ac4d3792968e90467c80f1b4949e56d7f1566f488630b,2026-07-26T12:02:46.599126+00:00,learner_consequence,contextual_delayed_exp3,arrival_clock,5000,909.9012345679012,0.1819802469135802,816.6049382716047,0.1633209876543209,4985,15,6a88bc1396131e3128425a93abe64de35df45616da72cef961d40934100d9006,17f6c9bebdeccd04e979ffa0d1da2f4815905412ddd60fd394ccc7fd7d407741,67c4c1ecfdb211e4f5af5616c988a37f2a912f4f522db5ff1a0d35a69ff40df4,c4d750953fb573d642268628dcd35d930d1982502571e79ffb20c68423b80dbe,c3e4ee8b8e7c57b6454f98ebfd4eb051dd3eeb1df0875c3ad845e3830db43ebd,0.0734271604938271,horizon_scaling,5000
exp1_alignment_transfer:targeted:full:targeted_systematic_horizon_5000:2026-07-26T12:02:46.548372+00:00,paper,True,targeted,exp1_alignment_transfer,targeted_systematic_horizon_5000,11,systematic_misbinding,6e09fa90a1fcdeccc861cf2960bd31c4b60e2df4,21563d9a7d6a3134d56776beef7f02b88fbe31e8f18ac118a957eac374c3df02,b4bf2ad829be75d27f6ac4d3792968e90467c80f1b4949e56d7f1566f488630b,b4bf2ad829be75d27f6ac4d3792968e90467c80f1b4949e56d7f1566f488630b,2026-07-26T12:02:46.599126+00:00,learner_consequence,contextual_delayed_exp3,source_round,5000,542.7654320987654,0.108553086419753,449.46913580246905,0.0898938271604938,4985,15,c8bb25a8b071a1713cd58f8ec58d2c00dff48f55bd2078afd1818749cf85d2c8,17f6c9bebdeccd04e979ffa0d1da2f4815905412ddd60fd394ccc7fd7d407741,67c4c1ecfdb211e4f5af5616c988a37f2a912f4f522db5ff1a0d35a69ff40df4,c4d750953fb573d642268628dcd35d930d1982502571e79ffb20c68423b80dbe,c3e4ee8b8e7c57b6454f98ebfd4eb051dd3eeb1df0875c3ad845e3830db43ebd,0.0734271604938271,horizon_scaling,5000
exp1_alignment_transfer:targeted:full:targeted_systematic_horizon_10000:2026-07-26T12:02:47.870698+00:00,paper,True,targeted,exp1_alignment_transfer,targeted_systematic_horizon_10000,11,systematic_misbinding,6e09fa90a1fcdeccc861cf2960bd31c4b60e2df4,20fa105b3af7fa2eb97c8b7ed39f227f09ceef9b13f7c56ce48703547f2778de,b4bf2ad829be75d27f6ac4d3792968e90467c80f1b4949e56d7f1566f488630b,b4bf2ad829be75d27f6ac4d3792968e90467c80f1b4949e56d7f1566f488630b,2026-07-26T12:02:47.933936+00:00,learner_consequence,contextual_delayed_exp3,arrival_clock,10000,1808.543209876543,0.1808543209876543,1620.7037037037037,0.1620703703703703,9985,15,93dba1fa28f5ff4c6fa6e23271f79776e7b44d537bf2235a7245ca93dc64194d,ad96dad172b9fdb553938a2e98764a90fa6bca9dd275b1d23fbd2df3fe66d124,712d6e383fceafb736a6280c7e1577ab24a8615a5bec6572f2b9b107ac144fb8,aa0d21409f85600ecfe870a2c068ba89f3b17275181119b36147bff9d69163fe,0b1a6a66f37ea674deda2d6a9a1f52539d2f9d7b5f2dc8389ba9d8ec7c7a60c2,0.0944481481481481,horizon_scaling,10000
exp1_alignment_transfer:targeted:full:targeted_systematic_horizon_10000:2026-07-26T12:02:47.870698+00:00,paper,True,targeted,exp1_alignment_transfer,targeted_systematic_horizon_10000,11,systematic_misbinding,6e09fa90a1fcdeccc861cf2960bd31c4b60e2df4,20fa105b3af7fa2eb97c8b7ed39f227f09ceef9b13f7c56ce48703547f2778de,b4bf2ad829be75d27f6ac4d3792968e90467c80f1b4949e56d7f1566f488630b,b4bf2ad829be75d27f6ac4d3792968e90467c80f1b4949e56d7f1566f488630b,2026-07-26T12:02:47.933936+00:00,learner_consequence,contextual_delayed_exp3,source_round,10000,864.0617283950617,0.0864061728395061,676.2222222222222,0.0676222222222222,9985,15,db7d6657a8ad8749d1677981a923c659082006a521ebde0a842793a9528c8bbe,ad96dad172b9fdb553938a2e98764a90fa6bca9dd275b1d23fbd2df3fe66d124,712d6e383fceafb736a6280c7e1577ab24a8615a5bec6572f2b9b107ac144fb8,aa0d21409f85600ecfe870a2c068ba89f3b17275181119b36147bff9d69163fe,0b1a6a66f37ea674deda2d6a9a1f52539d2f9d7b5f2dc8389ba9d8ec7c7a60c2,0.0944481481481481,horizon_scaling,10000
exp1_alignment_transfer:targeted:full:targeted_systematic_horizon_1000:2026-07-26T12:02:50.408519+00:00,paper,True,targeted,exp1_alignment_transfer,targeted_systematic_horizon_1000,12,systematic_misbinding,6e09fa90a1fcdeccc861cf2960bd31c4b60e2df4,57839e6123d5ed61dd16f09d3da4b687dceadb7e6c2a934854034adfa90c5458,b4bf2ad829be75d27f6ac4d3792968e90467c80f1b4949e56d7f1566f488630b,b4bf2ad829be75d27f6ac4d3792968e90467c80f1b4949e56d7f1566f488630b,2026-07-26T12:02:50.455961+00:00,learner_consequence,contextual_delayed_exp3,arrival_clock,1000,179.93827160493825,0.1799382716049382,160.13580246913577,0.1601358024691357,985,15,dc99a3867ecd1557f40ede14e3939f2f789adb46e27988103a3bd0df2a55d28c,2bf9dcf57d084e3f4d4de532e723251cf47d2ed8a2fc10fb7afdd03f5f3b82b2,5c5a6c3eabece5d8906b84c70abb455bff4433785e41e10af045c444afbad599,a8b2f55f57ae1690b77d0b081f5d7a74d88f389d49c750c1db73066dc23d2636,251a649a9a618f348618dfd5957cb3c124247e71f1386e0926682a066a14f449,0.0231851851851851,horizon_scaling,1000
exp1_alignment_transfer:targeted:full:targeted_systematic_horizon_1000:2026-07-26T12:02:50.408519+00:00,paper,True,targeted,exp1_alignment_transfer,targeted_systematic_horizon_1000,12,systematic_misbinding,6e09fa90a1fcdeccc861cf2960bd31c4b60e2df4,57839e6123d5ed61dd16f09d3da4b687dceadb7e6c2a934854034adfa90c5458,b4bf2ad829be75d27f6ac4d3792968e90467c80f1b4949e56d7f1566f488630b,b4bf2ad829be75d27f6ac4d3792968e90467c80f1b4949e56d7f1566f488630b,2026-07-26T12:02:50.455961+00:00,learner_consequence,contextual_delayed_exp3,source_round,1000,156.75308641975306,0.156753086419753,136.9506172839506,0.1369506172839506,985,15,ef87881cbb1ab3ac7924cd44e03b4dad65ffdc96fe047afae90d01f905b60973,2bf9dcf57d084e3f4d4de532e723251cf47d2ed8a2fc10fb7afdd03f5f3b82b2,5c5a6c3eabece5d8906b84c70abb455bff4433785e41e10af045c444afbad599,a8b2f55f57ae1690b77d0b081f5d7a74d88f389d49c750c1db73066dc23d2636,251a649a9a618f348618dfd5957cb3c124247e71f1386e0926682a066a14f449,0.0231851851851851,horizon_scaling,1000
exp1_alignment_transfer:targeted:full:targeted_systematic_horizon_5000:2026-07-26T12:02:50.725039+00:00,paper,True,targeted,exp1_alignment_transfer,targeted_systematic_horizon_5000,12,systematic_misbinding,6e09fa90a1fcdeccc861cf2960bd31c4b60e2df4,21563d9a7d6a3134d56776beef7f02b88fbe31e8f18ac118a957eac374c3df02,b4bf2ad829be75d27f6ac4d3792968e90467c80f1b4949e56d7f1566f488630b,b4bf2ad829be75d27f6ac4d3792968e90467c80f1b4949e56d7f1566f488630b,2026-07-26T12:02:50.830739+00:00,learner_consequence,contextual_delayed_exp3,arrival_clock,5000,894.9753086419753,0.178995061728395,799.1358024691356,0.1598271604938271,4985,15,10fdcc622699bbeaf5eacbe1efe680a9cd704f0c6087cc559044ce91c3b9e7a4,b003dadf595d73a0988c8db6d046eb521902d3cb4ee8990a663ec1aaf4b5cde5,e3121765c58cd366260eaa170985377b4042bd3498e4f7de501cd4230efd146b,4316373a43f98b6620b6d007bfa9a27885477d46ada2cfe907487f449dc9038f,35dcf0c65218e60ce93e1979780133102bb35be75b4e15839bd1001f1e147875,0.0689753086419753,horizon_scaling,5000
exp1_alignment_transfer:targeted:full:targeted_systematic_horizon_5000:2026-07-26T12:02:50.725039+00:00,paper,True,targeted,exp1_alignment_transfer,targeted_systematic_horizon_5000,12,systematic_misbinding,6e09fa90a1fcdeccc861cf2960bd31c4b60e2df4,21563d9a7d6a3134d56776beef7f02b88fbe31e8f18ac118a957eac374c3df02,b4bf2ad829be75d27f6ac4d3792968e90467c80f1b4949e56d7f1566f488630b,b4bf2ad829be75d27f6ac4d3792968e90467c80f1b4949e56d7f1566f488630b,2026-07-26T12:02:50.830739+00:00,learner_consequence,contextual_delayed_exp3,source_round,5000,550.0987654320987,0.1100197530864197,454.2592592592592,0.0908518518518518,4985,15,1e607a245786aeca7330e1a71a5e82b4c41cdc3cda1c694cd4ba563a753db32c,b003dadf595d73a0988c8db6d046eb521902d3cb4ee8990a663ec1aaf4b5cde5,e3121765c58cd366260eaa170985377b4042bd3498e4f7de501cd4230efd146b,4316373a43f98b6620b6d007bfa9a27885477d46ada2cfe907487f449dc9038f,35dcf0c65218e60ce93e1979780133102bb35be75b4e15839bd1001f1e147875,0.0689753086419753,horizon_scaling,5000
exp1_alignment_transfer:targeted:full:targeted_systematic_horizon_10000:2026-07-26T12:02:52.098466+00:00,paper,True,targeted,exp1_alignment_transfer,targeted_systematic_horizon_10000,12,systematic_misbinding,6e09fa90a1fcdeccc861cf2960bd31c4b60e2df4,20fa105b3af7fa2eb97c8b7ed39f227f09ceef9b13f7c56ce48703547f2778de,b4bf2ad829be75d27f6ac4d3792968e90467c80f1b4949e56d7f1566f488630b,b4bf2ad829be75d27f6ac4d3792968e90467c80f1b4949e56d7f1566f488630b,2026-07-26T12:02:52.153129+00:00,learner_consequence,contextual_delayed_exp3,arrival_clock,10000,1724.9135802469134,0.1724913580246913,1535.444444444444,0.1535444444444444,9985,15,7490f262d1e7c047607f7619f8869d7e3ac572a7fb503925ebf37d962cf39ebf,8e3c78afcaad5aad5e6a4c25e61c327ac2c047cd069761b0ca4adfbd70868177,4d8bf413b04e79eb435464b11a62bfb830c6c58f77db7a1f72864568da3b2e47,7eb464daa08dba2af0023dcac186b1f7138313919ec31b3167e952ce2aef5f88,930deb2616a03f9d671c401cfab2669a2a7e8c8ae047351e778502f74cae5b52,0.0855148148148148,horizon_scaling,10000
exp1_alignment_transfer:targeted:full:targeted_systematic_horizon_10000:2026-07-26T12:02:52.098466+00:00,paper,True,targeted,exp1_alignment_transfer,targeted_systematic_horizon_10000,12,systematic_misbinding,6e09fa90a1fcdeccc861cf2960bd31c4b60e2df4,20fa105b3af7fa2eb97c8b7ed39f227f09ceef9b13f7c56ce48703547f2778de,b4bf2ad829be75d27f6ac4d3792968e90467c80f1b4949e56d7f1566f488630b,b4bf2ad829be75d27f6ac4d3792968e90467c80f1b4949e56d7f1566f488630b,2026-07-26T12:02:52.153129+00:00,learner_consequence,contextual_delayed_exp3,source_round,10000,869.7654320987654,0.0869765432098765,680.2962962962962,0.0680296296296296,9985,15,b088420e71ba34d30a745b1f3cecc8d74c13085add9fc9a73aabd5e1043947f3,8e3c78afcaad5aad5e6a4c25e61c327ac2c047cd069761b0ca4adfbd70868177,4d8bf413b04e79eb435464b11a62bfb830c6c58f77db7a1f72864568da3b2e47,7eb464daa08dba2af0023dcac186b1f7138313919ec31b3167e952ce2aef5f88,930deb2616a03f9d671c401cfab2669a2a7e8c8ae047351e778502f74cae5b52,0.0855148148148148,horizon_scaling,10000
exp1_alignment_transfer:targeted:full:targeted_systematic_horizon_1000:2026-07-26T12:02:54.557387+00:00,paper,True,targeted,exp1_alignment_transfer,targeted_systematic_horizon_1000,13,systematic_misbinding,6e09fa90a1fcdeccc861cf2960bd31c4b60e2df4,57839e6123d5ed61dd16f09d3da4b687dceadb7e6c2a934854034adfa90c5458,b4bf2ad829be75d27f6ac4d3792968e90467c80f1b4949e56d7f1566f488630b,b4bf2ad829be75d27f6ac4d3792968e90467c80f1b4949e56d7f1566f488630b,2026-07-26T12:02:54.613256+00:00,learner_consequence,contextual_delayed_exp3,arrival_clock,1000,188.41975308641972,0.1884197530864197,170.19753086419752,0.1701975308641975,985,15,79e2ef2aea271f61fd01a34546ea6461f6f8a41aad564216b5c866559953957b,51f757f7c2701078b78d65a584049511bafcf0cbe40178178c118bbe63720246,88d8dede47e116321e6a48591877fe31662a6e9973657692902a093ebeba3969,13a6070f915c1eb062fa2584360ad6c852332c1f82ac07ccd53d29f2679b9b6e,e65549f39c92f7dd1d66bdc61c9b4550902c6ba346d5fdf982f8d81ab02dbd05,0.025320987654321,horizon_scaling,1000
exp1_alignment_transfer:targeted:full:targeted_systematic_horizon_1000:2026-07-26T12:02:54.557387+00:00,paper,True,targeted,exp1_alignment_transfer,targeted_systematic_horizon_1000,13,systematic_misbinding,6e09fa90a1fcdeccc861cf2960bd31c4b60e2df4,57839e6123d5ed61dd16f09d3da4b687dceadb7e6c2a934854034adfa90c5458,b4bf2ad829be75d27f6ac4d3792968e90467c80f1b4949e56d7f1566f488630b,b4bf2ad829be75d27f6ac4d3792968e90467c80f1b4949e56d7f1566f488630b,2026-07-26T12:02:54.613256+00:00,learner_consequence,contextual_delayed_exp3,source_round,1000,163.09876543209876,0.1630987654320987,144.8765432098765,0.1448765432098765,985,15,e05d93e392df57b7deabac686d4e3a4b1fafae5708ca6cfcc6048d415cebe6cc,51f757f7c2701078b78d65a584049511bafcf0cbe40178178c118bbe63720246,88d8dede47e116321e6a48591877fe31662a6e9973657692902a093ebeba3969,13a6070f915c1eb062fa2584360ad6c852332c1f82ac07ccd53d29f2679b9b6e,e65549f39c92f7dd1d66bdc61c9b4550902c6ba346d5fdf982f8d81ab02dbd05,0.025320987654321,horizon_scaling,1000
exp1_alignment_transfer:targeted:full:targeted_systematic_horizon_5000:2026-07-26T12:02:54.945494+00:00,paper,True,targeted,exp1_alignment_transfer,targeted_systematic_horizon_5000,13,systematic_misbinding,6e09fa90a1fcdeccc861cf2960bd31c4b60e2df4,21563d9a7d6a3134d56776beef7f02b88fbe31e8f18ac118a957eac374c3df02,b4bf2ad829be75d27f6ac4d3792968e90467c80f1b4949e56d7f1566f488630b,b4bf2ad829be75d27f6ac4d3792968e90467c80f1b4949e56d7f1566f488630b,2026-07-26T12:02:54.991563+00:00,learner_consequence,contextual_delayed_exp3,arrival_clock,5000,910.4938271604937,0.1820987654320987,817.7654320987652,0.163553086419753,4985,15,13260a2d573f953d50715f64274b0a0d35f5e76ec9a7c305de5ac2bac8885e12,0338c17787b037f56b1bac53239d7600bbf0f7631dc40a3cd83a5e7b4cfa504b,a6bd7aa34a96e9f63a979fae2e08f57cb529b536e394e033dbb86ac83f0ed0ea,2d18035ba330bc15bcde22b7e25ee40cc22e454f2ca8751105ed2a6609322625,64069bb0a0d9920818fc363264c65f866f2639e1deffae5bf4ff067eddc2ee76,0.0741925925925926,horizon_scaling,5000
exp1_alignment_transfer:targeted:full:targeted_systematic_horizon_5000:2026-07-26T12:02:54.945494+00:00,paper,True,targeted,exp1_alignment_transfer,targeted_systematic_horizon_5000,13,systematic_misbinding,6e09fa90a1fcdeccc861cf2960bd31c4b60e2df4,21563d9a7d6a3134d56776beef7f02b88fbe31e8f18ac118a957eac374c3df02,b4bf2ad829be75d27f6ac4d3792968e90467c80f1b4949e56d7f1566f488630b,b4bf2ad829be75d27f6ac4d3792968e90467c80f1b4949e56d7f1566f488630b,2026-07-26T12:02:54.991563+00:00,learner_consequence,contextual_delayed_exp3,source_round,5000,539.5308641975307,0.1079061728395061,446.8024691358024,0.0893604938271604,4985,15,d52c67f9df8927b9741dbf6e02f1fbe9277b5efbd636826fbd77c7cf7c36e52f,0338c17787b037f56b1bac53239d7600bbf0f7631dc40a3cd83a5e7b4cfa504b,a6bd7aa34a96e9f63a979fae2e08f57cb529b536e394e033dbb86ac83f0ed0ea,2d18035ba330bc15bcde22b7e25ee40cc22e454f2ca8751105ed2a6609322625,64069bb0a0d9920818fc363264c65f866f2639e1deffae5bf4ff067eddc2ee76,0.0741925925925926,horizon_scaling,5000
exp1_alignment_transfer:targeted:full:targeted_systematic_horizon_10000:2026-07-26T12:02:56.171045+00:00,paper,True,targeted,exp1_alignment_transfer,targeted_systematic_horizon_10000,13,systematic_misbinding,6e09fa90a1fcdeccc861cf2960bd31c4b60e2df4,20fa105b3af7fa2eb97c8b7ed39f227f09ceef9b13f7c56ce48703547f2778de,b4bf2ad829be75d27f6ac4d3792968e90467c80f1b4949e56d7f1566f488630b,b4bf2ad829be75d27f6ac4d3792968e90467c80f1b4949e56d7f1566f488630b,2026-07-26T12:02:56.222105+00:00,learner_consequence,contextual_delayed_exp3,arrival_clock,10000,1843.7901234567896,0.184379012345679,1660.123456790123,0.1660123456790123,9985,15,c71270e27def5b3c373a5f952635fdd6bfc9e7199edaeb08050c642f635532fb,bdc536ba5290d243f76ed192b6fa9381f62a29bf67a55431269499c3eface8b8,9c6ff99f322732188b6ad11b6c05d2418ceab29db63a64082d9152fcd2f3501b,06402212c4ed57c484caea81a7b49280cbd568313554399c6e5e7fe2664f1e49,b160ef7ddda1ab288431b6ebb04f76b44bc742803add1655f71c0f5b8e5cbf5b,0.0980666666666666,horizon_scaling,10000
exp1_alignment_transfer:targeted:full:targeted_systematic_horizon_10000:2026-07-26T12:02:56.171045+00:00,paper,True,targeted,exp1_alignment_transfer,targeted_systematic_horizon_10000,13,systematic_misbinding,6e09fa90a1fcdeccc861cf2960bd31c4b60e2df4,20fa105b3af7fa2eb97c8b7ed39f227f09ceef9b13f7c56ce48703547f2778de,b4bf2ad829be75d27f6ac4d3792968e90467c80f1b4949e56d7f1566f488630b,b4bf2ad829be75d27f6ac4d3792968e90467c80f1b4949e56d7f1566f488630b,2026-07-26T12:02:56.222105+00:00,learner_consequence,contextual_delayed_exp3,source_round,10000,863.1234567901232,0.0863123456790123,679.4567901234567,0.0679456790123456,9985,15,c81f532198f19cd3e50ed6bbac97128f3929fcff597ee90db96994c1851f49bb,bdc536ba5290d243f76ed192b6fa9381f62a29bf67a55431269499c3eface8b8,9c6ff99f322732188b6ad11b6c05d2418ceab29db63a64082d9152fcd2f3501b,06402212c4ed57c484caea81a7b49280cbd568313554399c6e5e7fe2664f1e49,b160ef7ddda1ab288431b6ebb04f76b44bc742803add1655f71c0f5b8e5cbf5b,0.0980666666666666,horizon_scaling,10000
exp1_alignment_transfer:targeted:full:targeted_systematic_horizon_1000:2026-07-26T12:02:58.726773+00:00,paper,True,targeted,exp1_alignment_transfer,targeted_systematic_horizon_1000,14,systematic_misbinding,6e09fa90a1fcdeccc861cf2960bd31c4b60e2df4,57839e6123d5ed61dd16f09d3da4b687dceadb7e6c2a934854034adfa90c5458,b4bf2ad829be75d27f6ac4d3792968e90467c80f1b4949e56d7f1566f488630b,b4bf2ad829be75d27f6ac4d3792968e90467c80f1b4949e56d7f1566f488630b,2026-07-26T12:02:58.776307+00:00,learner_consequence,contextual_delayed_exp3,arrival_clock,1000,178.5432098765432,0.1785432098765431,159.64197530864195,0.1596419753086419,985,15,77d4d3b06fca1853322e95efb1b9867b4e7b01e85c2caa57ba603565ac88f0ee,86f7954cf89f4a08cecad4663a9e3f5e584a89be56725af9edbf73526d62d052,7b3c459493d3e45741db596f54c5d2b79bf4dc9f7b2fa9b9bccfcf050df470f6,11250777aa81dede1f6d92b6825047df60c981808fca99860033039034fd23b9,56e62bf7908bd5ec29557670c142b78329d8a6481654a8a14fafc3d7905f522f,0.023753086419753,horizon_scaling,1000
exp1_alignment_transfer:targeted:full:targeted_systematic_horizon_1000:2026-07-26T12:02:58.726773+00:00,paper,True,targeted,exp1_alignment_transfer,targeted_systematic_horizon_1000,14,systematic_misbinding,6e09fa90a1fcdeccc861cf2960bd31c4b60e2df4,57839e6123d5ed61dd16f09d3da4b687dceadb7e6c2a934854034adfa90c5458,b4bf2ad829be75d27f6ac4d3792968e90467c80f1b4949e56d7f1566f488630b,b4bf2ad829be75d27f6ac4d3792968e90467c80f1b4949e56d7f1566f488630b,2026-07-26T12:02:58.776307+00:00,learner_consequence,contextual_delayed_exp3,source_round,1000,154.7901234567901,0.1547901234567901,135.88888888888886,0.1358888888888888,985,15,8243a60a1e4896c4fac6d2afd2be747e7575307600042a6b5dff6d09b84a02af,86f7954cf89f4a08cecad4663a9e3f5e584a89be56725af9edbf73526d62d052,7b3c459493d3e45741db596f54c5d2b79bf4dc9f7b2fa9b9bccfcf050df470f6,11250777aa81dede1f6d92b6825047df60c981808fca99860033039034fd23b9,56e62bf7908bd5ec29557670c142b78329d8a6481654a8a14fafc3d7905f522f,0.023753086419753,horizon_scaling,1000
exp1_alignment_transfer:targeted:full:targeted_systematic_horizon_5000:2026-07-26T12:02:59.078594+00:00,paper,True,targeted,exp1_alignment_transfer,targeted_systematic_horizon_5000,14,systematic_misbinding,6e09fa90a1fcdeccc861cf2960bd31c4b60e2df4,21563d9a7d6a3134d56776beef7f02b88fbe31e8f18ac118a957eac374c3df02,b4bf2ad829be75d27f6ac4d3792968e90467c80f1b4949e56d7f1566f488630b,b4bf2ad829be75d27f6ac4d3792968e90467c80f1b4949e56d7f1566f488630b,2026-07-26T12:02:59.138912+00:00,learner_consequence,contextual_delayed_exp3,arrival_clock,5000,848.6172839506171,0.1697234567901234,755.8518518518517,0.1511703703703703,4985,15,b476bdb493be4dc79c152cde4c28ca9b704da5d38a4433286914368ac8073a20,d6257ca3e86823207bc4d00d71209c76eb2e63d649658d5353d9ece9e4098f77,178fa26cbe4942a99ca2dd0e9d0cbee086b016b56f42efbafdf368bd394c2ad4,7c774dcb633dd8bcf036365529ca0d5a1ded63fc68a5e48d9f2c115212790e4f,62f9c0604bc5cba5eaa778965e688ff67b180c6eaaea9951239aa0a6b292f26c,0.0668024691358024,horizon_scaling,5000
exp1_alignment_transfer:targeted:full:targeted_systematic_horizon_5000:2026-07-26T12:02:59.078594+00:00,paper,True,targeted,exp1_alignment_transfer,targeted_systematic_horizon_5000,14,systematic_misbinding,6e09fa90a1fcdeccc861cf2960bd31c4b60e2df4,21563d9a7d6a3134d56776beef7f02b88fbe31e8f18ac118a957eac374c3df02,b4bf2ad829be75d27f6ac4d3792968e90467c80f1b4949e56d7f1566f488630b,b4bf2ad829be75d27f6ac4d3792968e90467c80f1b4949e56d7f1566f488630b,2026-07-26T12:02:59.138912+00:00,learner_consequence,contextual_delayed_exp3,source_round,5000,514.6049382716049,0.1029209876543209,421.8395061728395,0.0843679012345679,4985,15,6314f0a969b4aac05570c39f63648dff2ac378b92031de67dace6a83a5af5cbe,d6257ca3e86823207bc4d00d71209c76eb2e63d649658d5353d9ece9e4098f77,178fa26cbe4942a99ca2dd0e9d0cbee086b016b56f42efbafdf368bd394c2ad4,7c774dcb633dd8bcf036365529ca0d5a1ded63fc68a5e48d9f2c115212790e4f,62f9c0604bc5cba5eaa778965e688ff67b180c6eaaea9951239aa0a6b292f26c,0.0668024691358024,horizon_scaling,5000
exp1_alignment_transfer:targeted:full:targeted_systematic_horizon_10000:2026-07-26T12:03:00.439995+00:00,paper,True,targeted,exp1_alignment_transfer,targeted_systematic_horizon_10000,14,systematic_misbinding,6e09fa90a1fcdeccc861cf2960bd31c4b60e2df4,20fa105b3af7fa2eb97c8b7ed39f227f09ceef9b13f7c56ce48703547f2778de,b4bf2ad829be75d27f6ac4d3792968e90467c80f1b4949e56d7f1566f488630b,b4bf2ad829be75d27f6ac4d3792968e90467c80f1b4949e56d7f1566f488630b,2026-07-26T12:03:00.484357+00:00,learner_consequence,contextual_delayed_exp3,arrival_clock,10000,1724.4814814814813,0.1724481481481481,1540.1358024691356,0.1540135802469135,9985,15,dc2042cbee7e855c57d34e4eb0cd42a476081bf7c35888888b4ec9ff2f91e80f,247cda4601968c6d2d18ccf5a05a4bb4f0919417fb01681be86e5dc1a6348b28,5a65dffb016107baa5714ad34b5b99d59aff6729d20effcc628bd4ff1d26c351,ac6b6a22abd70b1514f23672cb25cfc541c87bc37be483339a9a3ec0aa4f737d,03d790ed97860e89fef9f6ac5c525c92c6519ded9b1d3f637fee94540a23d62d,0.0867641975308642,horizon_scaling,10000
exp1_alignment_transfer:targeted:full:targeted_systematic_horizon_10000:2026-07-26T12:03:00.439995+00:00,paper,True,targeted,exp1_alignment_transfer,targeted_systematic_horizon_10000,14,systematic_misbinding,6e09fa90a1fcdeccc861cf2960bd31c4b60e2df4,20fa105b3af7fa2eb97c8b7ed39f227f09ceef9b13f7c56ce48703547f2778de,b4bf2ad829be75d27f6ac4d3792968e90467c80f1b4949e56d7f1566f488630b,b4bf2ad829be75d27f6ac4d3792968e90467c80f1b4949e56d7f1566f488630b,2026-07-26T12:03:00.484357+00:00,learner_consequence,contextual_delayed_exp3,source_round,10000,856.8395061728393,0.0856839506172839,672.4938271604938,0.0672493827160493,9985,15,f0724c9b82ae4467d832422227e67c0b97af3da0f64d3c12c2087a5f5020935f,247cda4601968c6d2d18ccf5a05a4bb4f0919417fb01681be86e5dc1a6348b28,5a65dffb016107baa5714ad34b5b99d59aff6729d20effcc628bd4ff1d26c351,ac6b6a22abd70b1514f23672cb25cfc541c87bc37be483339a9a3ec0aa4f737d,03d790ed97860e89fef9f6ac5c525c92c6519ded9b1d3f637fee94540a23d62d,0.0867641975308642,horizon_scaling,10000
exp1_alignment_transfer:targeted:full:targeted_systematic_horizon_1000:2026-07-26T12:03:02.864677+00:00,paper,True,targeted,exp1_alignment_transfer,targeted_systematic_horizon_1000,15,systematic_misbinding,6e09fa90a1fcdeccc861cf2960bd31c4b60e2df4,57839e6123d5ed61dd16f09d3da4b687dceadb7e6c2a934854034adfa90c5458,b4bf2ad829be75d27f6ac4d3792968e90467c80f1b4949e56d7f1566f488630b,b4bf2ad829be75d27f6ac4d3792968e90467c80f1b4949e56d7f1566f488630b,2026-07-26T12:03:02.933738+00:00,learner_consequence,contextual_delayed_exp3,arrival_clock,1000,183.0617283950617,0.1830617283950617,165.32098765432096,0.1653209876543209,985,15,d256ce4f7d4d1eabb66f72db60e64d338595f01dcd9fed31e2a1db9cf94d4654,8a6e24cc07f3c0076faf49ad2267097a9b759ef15d8b6ce5dfb5417a5898dcf8,a49837125f28c5e33640a245164e5fc8e1583ffd37be965eb67d754e3341208a,3beafb7bd80dc5fce1de735f6552cd2c326d87718252adccb3e58804ca3a8d4c,f72471a2ae790fabf938e9ba57a5bb00176192d6806ffbdae7231727587e21fe,0.0245925925925925,horizon_scaling,1000
exp1_alignment_transfer:targeted:full:targeted_systematic_horizon_1000:2026-07-26T12:03:02.864677+00:00,paper,True,targeted,exp1_alignment_transfer,targeted_systematic_horizon_1000,15,systematic_misbinding,6e09fa90a1fcdeccc861cf2960bd31c4b60e2df4,57839e6123d5ed61dd16f09d3da4b687dceadb7e6c2a934854034adfa90c5458,b4bf2ad829be75d27f6ac4d3792968e90467c80f1b4949e56d7f1566f488630b,b4bf2ad829be75d27f6ac4d3792968e90467c80f1b4949e56d7f1566f488630b,2026-07-26T12:03:02.933738+00:00,learner_consequence,contextual_delayed_exp3,source_round,1000,158.46913580246914,0.1584691358024691,140.72839506172838,0.1407283950617283,985,15,fae822e5a6a086dd465a75d42ed805f03fb627852c21c453fcb6e528fd3519f1,8a6e24cc07f3c0076faf49ad2267097a9b759ef15d8b6ce5dfb5417a5898dcf8,a49837125f28c5e33640a245164e5fc8e1583ffd37be965eb67d754e3341208a,3beafb7bd80dc5fce1de735f6552cd2c326d87718252adccb3e58804ca3a8d4c,f72471a2ae790fabf938e9ba57a5bb00176192d6806ffbdae7231727587e21fe,0.0245925925925925,horizon_scaling,1000
exp1_alignment_transfer:targeted:full:targeted_systematic_horizon_5000:2026-07-26T12:03:03.335737+00:00,paper,True,targeted,exp1_alignment_transfer,targeted_systematic_horizon_5000,15,systematic_misbinding,6e09fa90a1fcdeccc861cf2960bd31c4b60e2df4,21563d9a7d6a3134d56776beef7f02b88fbe31e8f18ac118a957eac374c3df02,b4bf2ad829be75d27f6ac4d3792968e90467c80f1b4949e56d7f1566f488630b,b4bf2ad829be75d27f6ac4d3792968e90467c80f1b4949e56d7f1566f488630b,2026-07-26T12:03:03.403865+00:00,learner_consequence,contextual_delayed_exp3,arrival_clock,5000,896.9135802469135,0.1793827160493827,805.3703703703702,0.161074074074074,4985,15,0d32c62825808a18b0f171f280fa42a9e167c61f0c0e264b3862213461aff747,956f3dea9bc06ae790d51004c24e31509b0081e770c1fc56012727659e6274b9,411822371fa2bfa974e0e710c2432e78fa0b01cf83df68fc2d1050428d1ebf51,5ddae1694418c7dd9291f11e95df334bcbac9dc7a077d33255414198e1becbf7,aec557de9a4e02c737e36cf0599415fd099fcc5c8cb2f8b5e7fafe565ee14122,0.0709654320987654,horizon_scaling,5000
exp1_alignment_transfer:targeted:full:targeted_systematic_horizon_5000:2026-07-26T12:03:03.335737+00:00,paper,True,targeted,exp1_alignment_transfer,targeted_systematic_horizon_5000,15,systematic_misbinding,6e09fa90a1fcdeccc861cf2960bd31c4b60e2df4,21563d9a7d6a3134d56776beef7f02b88fbe31e8f18ac118a957eac374c3df02,b4bf2ad829be75d27f6ac4d3792968e90467c80f1b4949e56d7f1566f488630b,b4bf2ad829be75d27f6ac4d3792968e90467c80f1b4949e56d7f1566f488630b,2026-07-26T12:03:03.403865+00:00,learner_consequence,contextual_delayed_exp3,source_round,5000,542.0864197530864,0.1084172839506172,450.54320987654313,0.0901086419753086,4985,15,206957b0aae83657ec0600a91434ad7dca9d62611b35d8ad995cf70980601600,956f3dea9bc06ae790d51004c24e31509b0081e770c1fc56012727659e6274b9,411822371fa2bfa974e0e710c2432e78fa0b01cf83df68fc2d1050428d1ebf51,5ddae1694418c7dd9291f11e95df334bcbac9dc7a077d33255414198e1becbf7,aec557de9a4e02c737e36cf0599415fd099fcc5c8cb2f8b5e7fafe565ee14122,0.0709654320987654,horizon_scaling,5000
exp1_alignment_transfer:targeted:full:targeted_systematic_horizon_10000:2026-07-26T12:03:04.753128+00:00,paper,True,targeted,exp1_alignment_transfer,targeted_systematic_horizon_10000,15,systematic_misbinding,6e09fa90a1fcdeccc861cf2960bd31c4b60e2df4,20fa105b3af7fa2eb97c8b7ed39f227f09ceef9b13f7c56ce48703547f2778de,b4bf2ad829be75d27f6ac4d3792968e90467c80f1b4949e56d7f1566f488630b,b4bf2ad829be75d27f6ac4d3792968e90467c80f1b4949e56d7f1566f488630b,2026-07-26T12:03:04.822521+00:00,learner_consequence,contextual_delayed_exp3,arrival_clock,10000,1781.9999999999998,0.1781999999999999,1594.4814814814813,0.1594481481481481,9985,15,c8a2494aac7f8acf86d4518e9388f3b07ac2e81444905db6a69640d6e8e9420d,eb6c0ff3438d3dbafd3e638dbf727b195af97edd5fb636732c5b2680be6cb4bc,5132d9547d3aaaef27682b39c9bafb3b88d69ca266834f9930204b62aad73c3c,9aaa6bc393815af1de175514b35716588b21931bd1531259e5a8c64c3aaf5319,4a2b76e67ce985ac7e7bda86a9e7ae6a4b9f68a2a02b3ac78140b683556d3899,0.0916419753086419,horizon_scaling,10000
exp1_alignment_transfer:targeted:full:targeted_systematic_horizon_10000:2026-07-26T12:03:04.753128+00:00,paper,True,targeted,exp1_alignment_transfer,targeted_systematic_horizon_10000,15,systematic_misbinding,6e09fa90a1fcdeccc861cf2960bd31c4b60e2df4,20fa105b3af7fa2eb97c8b7ed39f227f09ceef9b13f7c56ce48703547f2778de,b4bf2ad829be75d27f6ac4d3792968e90467c80f1b4949e56d7f1566f488630b,b4bf2ad829be75d27f6ac4d3792968e90467c80f1b4949e56d7f1566f488630b,2026-07-26T12:03:04.822521+00:00,learner_consequence,contextual_delayed_exp3,source_round,10000,865.5802469135801,0.086558024691358,678.0617283950617,0.0678061728395061,9985,15,caf7b2d1d6ff518fd994671ae8d1f098a6835462dded2be38b333855d3cce8c6,eb6c0ff3438d3dbafd3e638dbf727b195af97edd5fb636732c5b2680be6cb4bc,5132d9547d3aaaef27682b39c9bafb3b88d69ca266834f9930204b62aad73c3c,9aaa6bc393815af1de175514b35716588b21931bd1531259e5a8c64c3aaf5319,4a2b76e67ce985ac7e7bda86a9e7ae6a4b9f68a2a02b3ac78140b683556d3899,0.0916419753086419,horizon_scaling,10000
exp1_alignment_transfer:targeted:full:targeted_systematic_horizon_1000:2026-07-26T12:03:07.279502+00:00,paper,True,targeted,exp1_alignment_transfer,targeted_systematic_horizon_1000,16,systematic_misbinding,6e09fa90a1fcdeccc861cf2960bd31c4b60e2df4,57839e6123d5ed61dd16f09d3da4b687dceadb7e6c2a934854034adfa90c5458,b4bf2ad829be75d27f6ac4d3792968e90467c80f1b4949e56d7f1566f488630b,b4bf2ad829be75d27f6ac4d3792968e90467c80f1b4949e56d7f1566f488630b,2026-07-26T12:03:07.343211+00:00,learner_consequence,contextual_delayed_exp3,arrival_clock,1000,175.02469135802465,0.1750246913580246,156.48148148148147,0.1564814814814814,985,15,db460a80122b2dfae1e617f3d193e29835fd1dc0dca9e7aa0efa699fe8ee87b6,bd0715b81b763d526f3c77f5cabcff41e42bd1d6fb08c27c42c0194f59b30903,5810c26d025c6ff26f73004ee1af939e72f9f15eddc8012a73cd307f3fc02309,5daba22d89f2a1a8ef4db977952a0306991cc753695a48765d1fe27b3f308691,f30b92c771d40689b98f0515fd3edc311bed3faa8823c9b370920aad21f913df,0.0248148148148147,horizon_scaling,1000
exp1_alignment_transfer:targeted:full:targeted_systematic_horizon_1000:2026-07-26T12:03:07.279502+00:00,paper,True,targeted,exp1_alignment_transfer,targeted_systematic_horizon_1000,16,systematic_misbinding,6e09fa90a1fcdeccc861cf2960bd31c4b60e2df4,57839e6123d5ed61dd16f09d3da4b687dceadb7e6c2a934854034adfa90c5458,b4bf2ad829be75d27f6ac4d3792968e90467c80f1b4949e56d7f1566f488630b,b4bf2ad829be75d27f6ac4d3792968e90467c80f1b4949e56d7f1566f488630b,2026-07-26T12:03:07.343211+00:00,learner_consequence,contextual_delayed_exp3,source_round,1000,150.20987654320987,0.1502098765432098,131.66666666666663,0.1316666666666666,985,15,ef74fa7b1ed08ba8dc6fa398f6c997bd4bcaf21dcf18a27ebf61e3084c318a1f,bd0715b81b763d526f3c77f5cabcff41e42bd1d6fb08c27c42c0194f59b30903,5810c26d025c6ff26f73004ee1af939e72f9f15eddc8012a73cd307f3fc02309,5daba22d89f2a1a8ef4db977952a0306991cc753695a48765d1fe27b3f308691,f30b92c771d40689b98f0515fd3edc311bed3faa8823c9b370920aad21f913df,0.0248148148148147,horizon_scaling,1000
exp1_alignment_transfer:targeted:full:targeted_systematic_horizon_5000:2026-07-26T12:03:07.633533+00:00,paper,True,targeted,exp1_alignment_transfer,targeted_systematic_horizon_5000,16,systematic_misbinding,6e09fa90a1fcdeccc861cf2960bd31c4b60e2df4,21563d9a7d6a3134d56776beef7f02b88fbe31e8f18ac118a957eac374c3df02,b4bf2ad829be75d27f6ac4d3792968e90467c80f1b4949e56d7f1566f488630b,b4bf2ad829be75d27f6ac4d3792968e90467c80f1b4949e56d7f1566f488630b,2026-07-26T12:03:07.686569+00:00,learner_consequence,contextual_delayed_exp3,arrival_clock,5000,901.8395061728394,0.1803679012345678,807.0123456790122,0.1614024691358024,4985,15,907e53c154c97f7a6acac13a44489a18c322a7e7db2bb99d6ebbbde413100dd7,0c349967bca2089273c2b03ef41bf9c2dfdc9ebad88c2d6076d32914d1b6a766,34c139c05f9b0a2ba0d874d2c19193fe241df40dbab75a57dc361d341b8aa8ec,016bc9a81e8ea37b41132d84eced1c071051b0c583cd703ec251aa885f8001f5,13e5f83d9945532c8a30a50a13d2668b0ddc8311b7a00afc755c573c835e5780,0.0750641975308641,horizon_scaling,5000
exp1_alignment_transfer:targeted:full:targeted_systematic_horizon_5000:2026-07-26T12:03:07.633533+00:00,paper,True,targeted,exp1_alignment_transfer,targeted_systematic_horizon_5000,16,systematic_misbinding,6e09fa90a1fcdeccc861cf2960bd31c4b60e2df4,21563d9a7d6a3134d56776beef7f02b88fbe31e8f18ac118a957eac374c3df02,b4bf2ad829be75d27f6ac4d3792968e90467c80f1b4949e56d7f1566f488630b,b4bf2ad829be75d27f6ac4d3792968e90467c80f1b4949e56d7f1566f488630b,2026-07-26T12:03:07.686569+00:00,learner_consequence,contextual_delayed_exp3,source_round,5000,526.5185185185185,0.1053037037037036,431.69135802469134,0.0863382716049382,4985,15,3dd3167aff417fcb18d603b6b9cb7d3b5ae8d8d465de91d0dba008b9e9c190c4,0c349967bca2089273c2b03ef41bf9c2dfdc9ebad88c2d6076d32914d1b6a766,34c139c05f9b0a2ba0d874d2c19193fe241df40dbab75a57dc361d341b8aa8ec,016bc9a81e8ea37b41132d84eced1c071051b0c583cd703ec251aa885f8001f5,13e5f83d9945532c8a30a50a13d2668b0ddc8311b7a00afc755c573c835e5780,0.0750641975308641,horizon_scaling,5000
exp1_alignment_transfer:targeted:full:targeted_systematic_horizon_10000:2026-07-26T12:03:08.985553+00:00,paper,True,targeted,exp1_alignment_transfer,targeted_systematic_horizon_10000,16,systematic_misbinding,6e09fa90a1fcdeccc861cf2960bd31c4b60e2df4,20fa105b3af7fa2eb97c8b7ed39f227f09ceef9b13f7c56ce48703547f2778de,b4bf2ad829be75d27f6ac4d3792968e90467c80f1b4949e56d7f1566f488630b,b4bf2ad829be75d27f6ac4d3792968e90467c80f1b4949e56d7f1566f488630b,2026-07-26T12:03:09.095396+00:00,learner_consequence,contextual_delayed_exp3,arrival_clock,10000,1810.5185185185185,0.1810518518518518,1623.716049382716,0.1623716049382716,9985,15,13445d3a3413deb95fb5b17b078da35dfafcdbc200727316c406dcbf71d7dcbd,d0216954855034a49873fb0c637273f89716e9e652ef93db1e8a0f505596cffc,c08b4f3b2f74be38891e7c34b92657384af05c2c3017190077a860ecfbbf43f1,40813450518542bb74e804c81caf1f776764bcb3ae0ef3cf667be5e504a58481,f5b9484357140a6ad8f28f6af7795da2174f18d9c53b5ec1231fb72c3d64a786,0.0970753086419752,horizon_scaling,10000
exp1_alignment_transfer:targeted:full:targeted_systematic_horizon_10000:2026-07-26T12:03:08.985553+00:00,paper,True,targeted,exp1_alignment_transfer,targeted_systematic_horizon_10000,16,systematic_misbinding,6e09fa90a1fcdeccc861cf2960bd31c4b60e2df4,20fa105b3af7fa2eb97c8b7ed39f227f09ceef9b13f7c56ce48703547f2778de,b4bf2ad829be75d27f6ac4d3792968e90467c80f1b4949e56d7f1566f488630b,b4bf2ad829be75d27f6ac4d3792968e90467c80f1b4949e56d7f1566f488630b,2026-07-26T12:03:09.095396+00:00,learner_consequence,contextual_delayed_exp3,source_round,10000,839.7654320987654,0.0839765432098765,652.9629629629629,0.0652962962962963,9985,15,abbfe968ae8a7a9e024eb0a55d75a9ad7442eb4a8725ac63dba3c54e44608cfa,d0216954855034a49873fb0c637273f89716e9e652ef93db1e8a0f505596cffc,c08b4f3b2f74be38891e7c34b92657384af05c2c3017190077a860ecfbbf43f1,40813450518542bb74e804c81caf1f776764bcb3ae0ef3cf667be5e504a58481,f5b9484357140a6ad8f28f6af7795da2174f18d9c53b5ec1231fb72c3d64a786,0.0970753086419752,horizon_scaling,10000
exp1_alignment_transfer:targeted:full:targeted_systematic_horizon_1000:2026-07-26T12:03:11.494920+00:00,paper,True,targeted,exp1_alignment_transfer,targeted_systematic_horizon_1000,17,systematic_misbinding,6e09fa90a1fcdeccc861cf2960bd31c4b60e2df4,57839e6123d5ed61dd16f09d3da4b687dceadb7e6c2a934854034adfa90c5458,b4bf2ad829be75d27f6ac4d3792968e90467c80f1b4949e56d7f1566f488630b,b4bf2ad829be75d27f6ac4d3792968e90467c80f1b4949e56d7f1566f488630b,2026-07-26T12:03:11.545117+00:00,learner_consequence,contextual_delayed_exp3,arrival_clock,1000,170.49382716049382,0.1704938271604938,152.02469135802468,0.1520246913580246,985,15,088002cb192acf802e20fccda2857e363b83158471637aee46af87c6a2034f7a,08c11b8706fad5d51d739900cba6878ad045de0ed31fc2b17aa20ce248595203,961dfd09dfdc53c7885577056c0dc64b1ed89476ca6433562af218e1b04db83f,b8f5a9db4f1790ed63ee54cfc4e9e8574c0ec3020a4cd09c79148f8598438faa,f7eadef4bed396baa46f84d8acf8f1e13fcb65467ca2b6f47e85534a274a19f5,0.0236666666666666,horizon_scaling,1000
exp1_alignment_transfer:targeted:full:targeted_systematic_horizon_1000:2026-07-26T12:03:11.494920+00:00,paper,True,targeted,exp1_alignment_transfer,targeted_systematic_horizon_1000,17,systematic_misbinding,6e09fa90a1fcdeccc861cf2960bd31c4b60e2df4,57839e6123d5ed61dd16f09d3da4b687dceadb7e6c2a934854034adfa90c5458,b4bf2ad829be75d27f6ac4d3792968e90467c80f1b4949e56d7f1566f488630b,b4bf2ad829be75d27f6ac4d3792968e90467c80f1b4949e56d7f1566f488630b,2026-07-26T12:03:11.545117+00:00,learner_consequence,contextual_delayed_exp3,source_round,1000,146.82716049382717,0.1468271604938271,128.35802469135805,0.128358024691358,985,15,c2f1e634f2d5f3489e8d67d792d8b75bb00784deb5627ab145114864d17c34d8,08c11b8706fad5d51d739900cba6878ad045de0ed31fc2b17aa20ce248595203,961dfd09dfdc53c7885577056c0dc64b1ed89476ca6433562af218e1b04db83f,b8f5a9db4f1790ed63ee54cfc4e9e8574c0ec3020a4cd09c79148f8598438faa,f7eadef4bed396baa46f84d8acf8f1e13fcb65467ca2b6f47e85534a274a19f5,0.0236666666666666,horizon_scaling,1000
exp1_alignment_transfer:targeted:full:targeted_systematic_horizon_5000:2026-07-26T12:03:11.838503+00:00,paper,True,targeted,exp1_alignment_transfer,targeted_systematic_horizon_5000,17,systematic_misbinding,6e09fa90a1fcdeccc861cf2960bd31c4b60e2df4,21563d9a7d6a3134d56776beef7f02b88fbe31e8f18ac118a957eac374c3df02,b4bf2ad829be75d27f6ac4d3792968e90467c80f1b4949e56d7f1566f488630b,b4bf2ad829be75d27f6ac4d3792968e90467c80f1b4949e56d7f1566f488630b,2026-07-26T12:03:11.883714+00:00,learner_consequence,contextual_delayed_exp3,arrival_clock,5000,907.7407407407406,0.1815481481481481,815.3209876543208,0.1630641975308641,4985,15,7a1efe944e79eebf22efb0b2cbc51fda901513fd9dccfbfcd12528636fb9a8b0,3f199757e9b3c9f8f6532dceb990e63d2e10ea979b3b319d08e99af6f133a209,9fc33f0ff77fce102752f5567c78674f4945287cd93030a62c9c050a42ddb154,c91dd95692133eb38ad7d7fd64ab4d497c191b3db0d5c7cb6a3f8770c9405daa,79ee1a65e4682794d03517d9006e625731c1327688e505ff254d8b3b808891af,0.0747703703703703,horizon_scaling,5000
exp1_alignment_transfer:targeted:full:targeted_systematic_horizon_5000:2026-07-26T12:03:11.838503+00:00,paper,True,targeted,exp1_alignment_transfer,targeted_systematic_horizon_5000,17,systematic_misbinding,6e09fa90a1fcdeccc861cf2960bd31c4b60e2df4,21563d9a7d6a3134d56776beef7f02b88fbe31e8f18ac118a957eac374c3df02,b4bf2ad829be75d27f6ac4d3792968e90467c80f1b4949e56d7f1566f488630b,b4bf2ad829be75d27f6ac4d3792968e90467c80f1b4949e56d7f1566f488630b,2026-07-26T12:03:11.883714+00:00,learner_consequence,contextual_delayed_exp3,source_round,5000,533.8888888888888,0.1067777777777777,441.4691358024691,0.0882938271604938,4985,15,8dae430f683a9aca947350abfe945255eef5546ca80e46f2b8d6c634d08360d1,3f199757e9b3c9f8f6532dceb990e63d2e10ea979b3b319d08e99af6f133a209,9fc33f0ff77fce102752f5567c78674f4945287cd93030a62c9c050a42ddb154,c91dd95692133eb38ad7d7fd64ab4d497c191b3db0d5c7cb6a3f8770c9405daa,79ee1a65e4682794d03517d9006e625731c1327688e505ff254d8b3b808891af,0.0747703703703703,horizon_scaling,5000
exp1_alignment_transfer:targeted:full:targeted_systematic_horizon_10000:2026-07-26T12:03:13.253748+00:00,paper,True,targeted,exp1_alignment_transfer,targeted_systematic_horizon_10000,17,systematic_misbinding,6e09fa90a1fcdeccc861cf2960bd31c4b60e2df4,20fa105b3af7fa2eb97c8b7ed39f227f09ceef9b13f7c56ce48703547f2778de,b4bf2ad829be75d27f6ac4d3792968e90467c80f1b4949e56d7f1566f488630b,b4bf2ad829be75d27f6ac4d3792968e90467c80f1b4949e56d7f1566f488630b,2026-07-26T12:03:13.317602+00:00,learner_consequence,contextual_delayed_exp3,arrival_clock,10000,1856.506172839506,0.1856506172839506,1668.901234567901,0.16689012345679,9985,15,df7b08bbf9159fff0ad768f27a1ca61e825da7f4e4d8e67b5b56f5e4e07ec90d,b85159486c47c54d1acd9498fea0624114676b4c78ce1f2740c477200c7a45e2,402beb6153626e73d6a00f666dc583f73d23c8ccf9b224e0ae14ed98679718ed,0a606927c072b77950a96ff8c7889e0a4b11bd182485679ee27a4c524e474e2a,de4288385676d7783acba2305626f359af273d5fb0ab3f3679f02bf10ddc145b,0.0991827160493827,horizon_scaling,10000
exp1_alignment_transfer:targeted:full:targeted_systematic_horizon_10000:2026-07-26T12:03:13.253748+00:00,paper,True,targeted,exp1_alignment_transfer,targeted_systematic_horizon_10000,17,systematic_misbinding,6e09fa90a1fcdeccc861cf2960bd31c4b60e2df4,20fa105b3af7fa2eb97c8b7ed39f227f09ceef9b13f7c56ce48703547f2778de,b4bf2ad829be75d27f6ac4d3792968e90467c80f1b4949e56d7f1566f488630b,b4bf2ad829be75d27f6ac4d3792968e90467c80f1b4949e56d7f1566f488630b,2026-07-26T12:03:13.317602+00:00,learner_consequence,contextual_delayed_exp3,source_round,10000,864.6790123456789,0.0864679012345678,677.074074074074,0.0677074074074074,9985,15,f8a5168fd298f0f2b53498641e47c63a8cf7c8b0148973b94275ca3889ba004f,b85159486c47c54d1acd9498fea0624114676b4c78ce1f2740c477200c7a45e2,402beb6153626e73d6a00f666dc583f73d23c8ccf9b224e0ae14ed98679718ed,0a606927c072b77950a96ff8c7889e0a4b11bd182485679ee27a4c524e474e2a,de4288385676d7783acba2305626f359af273d5fb0ab3f3679f02bf10ddc145b,0.0991827160493827,horizon_scaling,10000
exp1_alignment_transfer:targeted:full:targeted_systematic_horizon_1000:2026-07-26T12:03:15.687891+00:00,paper,True,targeted,exp1_alignment_transfer,targeted_systematic_horizon_1000,18,systematic_misbinding,6e09fa90a1fcdeccc861cf2960bd31c4b60e2df4,57839e6123d5ed61dd16f09d3da4b687dceadb7e6c2a934854034adfa90c5458,b4bf2ad829be75d27f6ac4d3792968e90467c80f1b4949e56d7f1566f488630b,b4bf2ad829be75d27f6ac4d3792968e90467c80f1b4949e56d7f1566f488630b,2026-07-26T12:03:15.733944+00:00,learner_consequence,contextual_delayed_exp3,arrival_clock,1000,191.02469135802465,0.1910246913580246,173.29629629629625,0.1732962962962962,985,15,cad384c21b47eea2c192f1a0744605e8af9c98faaeeff701c151700d2325dead,961816bcf9963515fe9f18bbe6dfe3405933ebd79f38aa45974711a741c35ccd,e39b57f131dfb32de80d84b84a82f155750b6cf2b79dbb94a255194e1869fdf9,f521a0673a72f21740c8b633549e0b8a331795c81ecff1efb4ec4632f16d405d,eec30e7500959b15dcf61bca21bcba4e5fb802684311a2c71f247bf945997956,0.0276419753086419,horizon_scaling,1000
exp1_alignment_transfer:targeted:full:targeted_systematic_horizon_1000:2026-07-26T12:03:15.687891+00:00,paper,True,targeted,exp1_alignment_transfer,targeted_systematic_horizon_1000,18,systematic_misbinding,6e09fa90a1fcdeccc861cf2960bd31c4b60e2df4,57839e6123d5ed61dd16f09d3da4b687dceadb7e6c2a934854034adfa90c5458,b4bf2ad829be75d27f6ac4d3792968e90467c80f1b4949e56d7f1566f488630b,b4bf2ad829be75d27f6ac4d3792968e90467c80f1b4949e56d7f1566f488630b,2026-07-26T12:03:15.733944+00:00,learner_consequence,contextual_delayed_exp3,source_round,1000,163.3827160493827,0.1633827160493827,145.6543209876543,0.1456543209876543,985,15,9dcd51cec7f7c15e1b8425589f5fbeea3592d4dcd58609f6a0f5e06920d9698f,961816bcf9963515fe9f18bbe6dfe3405933ebd79f38aa45974711a741c35ccd,e39b57f131dfb32de80d84b84a82f155750b6cf2b79dbb94a255194e1869fdf9,f521a0673a72f21740c8b633549e0b8a331795c81ecff1efb4ec4632f16d405d,eec30e7500959b15dcf61bca21bcba4e5fb802684311a2c71f247bf945997956,0.0276419753086419,horizon_scaling,1000
exp1_alignment_transfer:targeted:full:targeted_systematic_horizon_5000:2026-07-26T12:03:16.058584+00:00,paper,True,targeted,exp1_alignment_transfer,targeted_systematic_horizon_5000,18,systematic_misbinding,6e09fa90a1fcdeccc861cf2960bd31c4b60e2df4,21563d9a7d6a3134d56776beef7f02b88fbe31e8f18ac118a957eac374c3df02,b4bf2ad829be75d27f6ac4d3792968e90467c80f1b4949e56d7f1566f488630b,b4bf2ad829be75d27f6ac4d3792968e90467c80f1b4949e56d7f1566f488630b,2026-07-26T12:03:16.114011+00:00,learner_consequence,contextual_delayed_exp3,arrival_clock,5000,899.4320987654319,0.1798864197530863,809.2716049382715,0.1618543209876543,4985,15,67b56d57cfedc827003e8d98f0062e7e3e6b6ec8ef203093277ebeda8efd6956,fa10469c6b633c304d1ba62425de3ea1024c07785db9d0995104ca81e01fff5f,9e4b81f8cf2fde8c352e00c8914fd83fe49d3c8f29df77aa51370d953b140721,2bb10991c27b95e11ba9f73b99d1d47ff9519cb8068d09c01f11934a09bd4b13,de7c8a04670294248671b6fcd3099ee1b436fde8c4e4ee6f1c9d0c594fa50a0d,0.0737802469135802,horizon_scaling,5000
exp1_alignment_transfer:targeted:full:targeted_systematic_horizon_5000:2026-07-26T12:03:16.058584+00:00,paper,True,targeted,exp1_alignment_transfer,targeted_systematic_horizon_5000,18,systematic_misbinding,6e09fa90a1fcdeccc861cf2960bd31c4b60e2df4,21563d9a7d6a3134d56776beef7f02b88fbe31e8f18ac118a957eac374c3df02,b4bf2ad829be75d27f6ac4d3792968e90467c80f1b4949e56d7f1566f488630b,b4bf2ad829be75d27f6ac4d3792968e90467c80f1b4949e56d7f1566f488630b,2026-07-26T12:03:16.114011+00:00,learner_consequence,contextual_delayed_exp3,source_round,5000,530.5308641975307,0.1061061728395061,440.3703703703703,0.088074074074074,4985,15,34d794864d76b0ccea0ab0620f3a800fcc77a7a95ca05bfc3a2e4f4f0702f6eb,fa10469c6b633c304d1ba62425de3ea1024c07785db9d0995104ca81e01fff5f,9e4b81f8cf2fde8c352e00c8914fd83fe49d3c8f29df77aa51370d953b140721,2bb10991c27b95e11ba9f73b99d1d47ff9519cb8068d09c01f11934a09bd4b13,de7c8a04670294248671b6fcd3099ee1b436fde8c4e4ee6f1c9d0c594fa50a0d,0.0737802469135802,horizon_scaling,5000
exp1_alignment_transfer:targeted:full:targeted_systematic_horizon_10000:2026-07-26T12:03:17.243601+00:00,paper,True,targeted,exp1_alignment_transfer,targeted_systematic_horizon_10000,18,systematic_misbinding,6e09fa90a1fcdeccc861cf2960bd31c4b60e2df4,20fa105b3af7fa2eb97c8b7ed39f227f09ceef9b13f7c56ce48703547f2778de,b4bf2ad829be75d27f6ac4d3792968e90467c80f1b4949e56d7f1566f488630b,b4bf2ad829be75d27f6ac4d3792968e90467c80f1b4949e56d7f1566f488630b,2026-07-26T12:03:17.296642+00:00,learner_consequence,contextual_delayed_exp3,arrival_clock,10000,1812.4814814814813,0.1812481481481481,1627.9999999999995,0.1627999999999999,9985,15,5859079e62ddf9cfbdf2cbab915cdd97c40255ed27effcb37f688083370fbed0,8b3d1f79741cd134c4d3f5679374cc4a9a6b13d9e69e04cee10b327a43a49942,f369eceea44449c52cb2a8e15e6e00c0caf612cbc3978f2744a177fa511bef52,8c2b5f81189e5936fc4875cb45d673ed1738ee1130c0d1ea0f48921bfdf1fa42,7340308915e0755dc8099f203080629d253b90b0d51bc2db4326fc7156d9f740,0.0942358024691358,horizon_scaling,10000
exp1_alignment_transfer:targeted:full:targeted_systematic_horizon_10000:2026-07-26T12:03:17.243601+00:00,paper,True,targeted,exp1_alignment_transfer,targeted_systematic_horizon_10000,18,systematic_misbinding,6e09fa90a1fcdeccc861cf2960bd31c4b60e2df4,20fa105b3af7fa2eb97c8b7ed39f227f09ceef9b13f7c56ce48703547f2778de,b4bf2ad829be75d27f6ac4d3792968e90467c80f1b4949e56d7f1566f488630b,b4bf2ad829be75d27f6ac4d3792968e90467c80f1b4949e56d7f1566f488630b,2026-07-26T12:03:17.296642+00:00,learner_consequence,contextual_delayed_exp3,source_round,10000,870.1234567901232,0.0870123456790123,685.6419753086419,0.0685641975308642,9985,15,029eb98af59d047cf11fc109db7e1209e614832b163faca8ca70067505e115aa,8b3d1f79741cd134c4d3f5679374cc4a9a6b13d9e69e04cee10b327a43a49942,f369eceea44449c52cb2a8e15e6e00c0caf612cbc3978f2744a177fa511bef52,8c2b5f81189e5936fc4875cb45d673ed1738ee1130c0d1ea0f48921bfdf1fa42,7340308915e0755dc8099f203080629d253b90b0d51bc2db4326fc7156d9f740,0.0942358024691358,horizon_scaling,10000
exp1_alignment_transfer:targeted:full:targeted_systematic_horizon_1000:2026-07-26T12:03:19.498470+00:00,paper,True,targeted,exp1_alignment_transfer,targeted_systematic_horizon_1000,19,systematic_misbinding,6e09fa90a1fcdeccc861cf2960bd31c4b60e2df4,57839e6123d5ed61dd16f09d3da4b687dceadb7e6c2a934854034adfa90c5458,b4bf2ad829be75d27f6ac4d3792968e90467c80f1b4949e56d7f1566f488630b,b4bf2ad829be75d27f6ac4d3792968e90467c80f1b4949e56d7f1566f488630b,2026-07-26T12:03:19.551778+00:00,learner_consequence,contextual_delayed_exp3,arrival_clock,1000,181.44444444444443,0.1814444444444444,163.59259259259255,0.1635925925925925,985,15,c5f8e14cc8028a6210fb2f50a039735b3f0af231ccd15c67ee488bfd08f82ffb,ef361022f604ce23b14175f19d1b3408c2eac71c5bf00ead52a58d39a9f2d883,e542cf176d0f93832de5a24bbcc6e10dccee1ff5cf998fefbeae1896ba228e4a,165e3c1536ca6f264677c5323c76ca5aa9f7165d8ed9e8086e7fcbc5b78de08d,b07aae75ff996e498127ebed67fcdef6804059c5508f70688192fc8f36ec3fa9,0.025679012345679,horizon_scaling,1000
exp1_alignment_transfer:targeted:full:targeted_systematic_horizon_1000:2026-07-26T12:03:19.498470+00:00,paper,True,targeted,exp1_alignment_transfer,targeted_systematic_horizon_1000,19,systematic_misbinding,6e09fa90a1fcdeccc861cf2960bd31c4b60e2df4,57839e6123d5ed61dd16f09d3da4b687dceadb7e6c2a934854034adfa90c5458,b4bf2ad829be75d27f6ac4d3792968e90467c80f1b4949e56d7f1566f488630b,b4bf2ad829be75d27f6ac4d3792968e90467c80f1b4949e56d7f1566f488630b,2026-07-26T12:03:19.551778+00:00,learner_consequence,contextual_delayed_exp3,source_round,1000,155.76543209876542,0.1557654320987654,137.91358024691357,0.1379135802469135,985,15,8e067bb5cd6db26801b0b294c306298bfc0e01e4e08985724325826923332c62,ef361022f604ce23b14175f19d1b3408c2eac71c5bf00ead52a58d39a9f2d883,e542cf176d0f93832de5a24bbcc6e10dccee1ff5cf998fefbeae1896ba228e4a,165e3c1536ca6f264677c5323c76ca5aa9f7165d8ed9e8086e7fcbc5b78de08d,b07aae75ff996e498127ebed67fcdef6804059c5508f70688192fc8f36ec3fa9,0.025679012345679,horizon_scaling,1000
exp1_alignment_transfer:targeted:full:targeted_systematic_horizon_5000:2026-07-26T12:03:19.815304+00:00,paper,True,targeted,exp1_alignment_transfer,targeted_systematic_horizon_5000,19,systematic_misbinding,6e09fa90a1fcdeccc861cf2960bd31c4b60e2df4,21563d9a7d6a3134d56776beef7f02b88fbe31e8f18ac118a957eac374c3df02,b4bf2ad829be75d27f6ac4d3792968e90467c80f1b4949e56d7f1566f488630b,b4bf2ad829be75d27f6ac4d3792968e90467c80f1b4949e56d7f1566f488630b,2026-07-26T12:03:19.867378+00:00,learner_consequence,contextual_delayed_exp3,arrival_clock,5000,901.679012345679,0.1803358024691358,808.7654320987654,0.161753086419753,4985,15,ab043d05835db0d629c2819358caaf24d53e12c465d185faaf01382672f2e3af,3525884854f8d8b544c5a59272cd2238451d30a19dc89d2077ec74a5a1841d0e,525a6d6f36f260dcebb7cec0077b9dfdfbba6c44496e5107292d9db96d021c5a,0e975229880c6db1024084b11db6943af002aad6f9ba26ed7e3ba3c6000bda12,835684d8c935ca5ff7b50be622def3aa87070a00f657d08ef7eaa875d3a78508,0.0730666666666666,horizon_scaling,5000
exp1_alignment_transfer:targeted:full:targeted_systematic_horizon_5000:2026-07-26T12:03:19.815304+00:00,paper,True,targeted,exp1_alignment_transfer,targeted_systematic_horizon_5000,19,systematic_misbinding,6e09fa90a1fcdeccc861cf2960bd31c4b60e2df4,21563d9a7d6a3134d56776beef7f02b88fbe31e8f18ac118a957eac374c3df02,b4bf2ad829be75d27f6ac4d3792968e90467c80f1b4949e56d7f1566f488630b,b4bf2ad829be75d27f6ac4d3792968e90467c80f1b4949e56d7f1566f488630b,2026-07-26T12:03:19.867378+00:00,learner_consequence,contextual_delayed_exp3,source_round,5000,536.3456790123456,0.1072691358024691,443.432098765432,0.0886864197530864,4985,15,485c567cc8ff9a209704c20752266ff90a2baf7b0ea7e8deeeb433d01d08a5e9,3525884854f8d8b544c5a59272cd2238451d30a19dc89d2077ec74a5a1841d0e,525a6d6f36f260dcebb7cec0077b9dfdfbba6c44496e5107292d9db96d021c5a,0e975229880c6db1024084b11db6943af002aad6f9ba26ed7e3ba3c6000bda12,835684d8c935ca5ff7b50be622def3aa87070a00f657d08ef7eaa875d3a78508,0.0730666666666666,horizon_scaling,5000
exp1_alignment_transfer:targeted:full:targeted_systematic_horizon_10000:2026-07-26T12:03:20.913586+00:00,paper,True,targeted,exp1_alignment_transfer,targeted_systematic_horizon_10000,19,systematic_misbinding,6e09fa90a1fcdeccc861cf2960bd31c4b60e2df4,20fa105b3af7fa2eb97c8b7ed39f227f09ceef9b13f7c56ce48703547f2778de,b4bf2ad829be75d27f6ac4d3792968e90467c80f1b4949e56d7f1566f488630b,b4bf2ad829be75d27f6ac4d3792968e90467c80f1b4949e56d7f1566f488630b,2026-07-26T12:03:20.961643+00:00,learner_consequence,contextual_delayed_exp3,arrival_clock,10000,1807.4814814814813,0.1807481481481481,1621.4814814814813,0.1621481481481481,9985,15,14e5a5a45afddb4644ab288102c439a159b6ee1fab277af040046ee4f59fd308,3b6b90dca87090123f411a82452050061f5153b2e99c5da3d048f0f2bc42d437,19c79345771598d16592717d08aacc7999eaddae03193a4490badd785f66aae1,d254b2cf26ade14ec7dbf014d37cd4762dde651ccff47e06f09590a3b8ad2f26,b8a4e074bd077d7c90474df544a281f995d5d67092600019d45b3688c1e8d4bd,0.0947518518518518,horizon_scaling,10000
exp1_alignment_transfer:targeted:full:targeted_systematic_horizon_10000:2026-07-26T12:03:20.913586+00:00,paper,True,targeted,exp1_alignment_transfer,targeted_systematic_horizon_10000,19,systematic_misbinding,6e09fa90a1fcdeccc861cf2960bd31c4b60e2df4,20fa105b3af7fa2eb97c8b7ed39f227f09ceef9b13f7c56ce48703547f2778de,b4bf2ad829be75d27f6ac4d3792968e90467c80f1b4949e56d7f1566f488630b,b4bf2ad829be75d27f6ac4d3792968e90467c80f1b4949e56d7f1566f488630b,2026-07-26T12:03:20.961643+00:00,learner_consequence,contextual_delayed_exp3,source_round,10000,859.9629629629628,0.0859962962962962,673.9629629629628,0.0673962962962962,9985,15,3cdaed0a2bbfaff8d5d88700a3df1e4284775327ab6d2249c18056c87f06dd99,3b6b90dca87090123f411a82452050061f5153b2e99c5da3d048f0f2bc42d437,19c79345771598d16592717d08aacc7999eaddae03193a4490badd785f66aae1,d254b2cf26ade14ec7dbf014d37cd4762dde651ccff47e06f09590a3b8ad2f26,b8a4e074bd077d7c90474df544a281f995d5d67092600019d45b3688c1e8d4bd,0.0947518518518518,horizon_scaling,10000
exp1_alignment_transfer:targeted:full:targeted_systematic_horizon_1000:2026-07-26T12:03:23.065957+00:00,paper,True,targeted,exp1_alignment_transfer,targeted_systematic_horizon_1000,20,systematic_misbinding,6e09fa90a1fcdeccc861cf2960bd31c4b60e2df4,57839e6123d5ed61dd16f09d3da4b687dceadb7e6c2a934854034adfa90c5458,b4bf2ad829be75d27f6ac4d3792968e90467c80f1b4949e56d7f1566f488630b,b4bf2ad829be75d27f6ac4d3792968e90467c80f1b4949e56d7f1566f488630b,2026-07-26T12:03:23.125967+00:00,learner_consequence,contextual_delayed_exp3,arrival_clock,1000,184.88888888888889,0.1848888888888888,167.1358024691358,0.1671358024691357,985,15,8c00e280f7e22e6704098d01844b850d3871d5600d63adc0922d1cbb428a1691,461aad64086b5fc55c33ffb579d6aa62f21bb7fa6a526002b21fd81b1ce264bf,afd84a96c841f634218e371b966587996bc5bd3b74b608f004bc1f51c438d760,5691d1766a44d114947ba673f301f58c05de0b98238fcc1fb3fae8f99e87b96b,285012b47402f9854b0c48bf9b652df0b0c92e1e17cefbb6fc9af42a96d6cf87,0.0273456790123456,horizon_scaling,1000
exp1_alignment_transfer:targeted:full:targeted_systematic_horizon_1000:2026-07-26T12:03:23.065957+00:00,paper,True,targeted,exp1_alignment_transfer,targeted_systematic_horizon_1000,20,systematic_misbinding,6e09fa90a1fcdeccc861cf2960bd31c4b60e2df4,57839e6123d5ed61dd16f09d3da4b687dceadb7e6c2a934854034adfa90c5458,b4bf2ad829be75d27f6ac4d3792968e90467c80f1b4949e56d7f1566f488630b,b4bf2ad829be75d27f6ac4d3792968e90467c80f1b4949e56d7f1566f488630b,2026-07-26T12:03:23.125967+00:00,learner_consequence,contextual_delayed_exp3,source_round,1000,157.5432098765432,0.1575432098765432,139.7901234567901,0.1397901234567901,985,15,6cff84f9861bbec658cbcf7e8af6b2cde860317241179eeba17b48b6793de0d0,461aad64086b5fc55c33ffb579d6aa62f21bb7fa6a526002b21fd81b1ce264bf,afd84a96c841f634218e371b966587996bc5bd3b74b608f004bc1f51c438d760,5691d1766a44d114947ba673f301f58c05de0b98238fcc1fb3fae8f99e87b96b,285012b47402f9854b0c48bf9b652df0b0c92e1e17cefbb6fc9af42a96d6cf87,0.0273456790123456,horizon_scaling,1000
exp1_alignment_transfer:targeted:full:targeted_systematic_horizon_5000:2026-07-26T12:03:23.365342+00:00,paper,True,targeted,exp1_alignment_transfer,targeted_systematic_horizon_5000,20,systematic_misbinding,6e09fa90a1fcdeccc861cf2960bd31c4b60e2df4,21563d9a7d6a3134d56776beef7f02b88fbe31e8f18ac118a957eac374c3df02,b4bf2ad829be75d27f6ac4d3792968e90467c80f1b4949e56d7f1566f488630b,b4bf2ad829be75d27f6ac4d3792968e90467c80f1b4949e56d7f1566f488630b,2026-07-26T12:03:23.418120+00:00,learner_consequence,contextual_delayed_exp3,arrival_clock,5000,923.9259259259258,0.1847851851851851,833.2839506172838,0.1666567901234567,4985,15,57e007e99b3032d2ba0c244797bd887e8a501a668d390f3986f8d331bc080173,6eaec8f6917b7852464dd2e9514404a5e53bb385dce4daba910959ef2b73920a,99d221f22e88461b7e33c8605efb5a0541a4d657b58a9f9e173281ab69d52732,b3c76fb1c66d62face9b9f0b0dfe9a7a131c54fce653452a499aa4f907f923e4,9b782cb41a2cad32566f7c59c24a81d5821e2c9be49b5abae68c5cc03e5052d6,0.0781777777777777,horizon_scaling,5000
exp1_alignment_transfer:targeted:full:targeted_systematic_horizon_5000:2026-07-26T12:03:23.365342+00:00,paper,True,targeted,exp1_alignment_transfer,targeted_systematic_horizon_5000,20,systematic_misbinding,6e09fa90a1fcdeccc861cf2960bd31c4b60e2df4,21563d9a7d6a3134d56776beef7f02b88fbe31e8f18ac118a957eac374c3df02,b4bf2ad829be75d27f6ac4d3792968e90467c80f1b4949e56d7f1566f488630b,b4bf2ad829be75d27f6ac4d3792968e90467c80f1b4949e56d7f1566f488630b,2026-07-26T12:03:23.418120+00:00,learner_consequence,contextual_delayed_exp3,source_round,5000,533.037037037037,0.1066074074074073,442.395061728395,0.088479012345679,4985,15,c00fb1da6cd9911336411545f89ef39424d91a76c89c15f8ace5f8bad022281d,6eaec8f6917b7852464dd2e9514404a5e53bb385dce4daba910959ef2b73920a,99d221f22e88461b7e33c8605efb5a0541a4d657b58a9f9e173281ab69d52732,b3c76fb1c66d62face9b9f0b0dfe9a7a131c54fce653452a499aa4f907f923e4,9b782cb41a2cad32566f7c59c24a81d5821e2c9be49b5abae68c5cc03e5052d6,0.0781777777777777,horizon_scaling,5000
exp1_alignment_transfer:targeted:full:targeted_systematic_horizon_10000:2026-07-26T12:03:24.407242+00:00,paper,True,targeted,exp1_alignment_transfer,targeted_systematic_horizon_10000,20,systematic_misbinding,6e09fa90a1fcdeccc861cf2960bd31c4b60e2df4,20fa105b3af7fa2eb97c8b7ed39f227f09ceef9b13f7c56ce48703547f2778de,b4bf2ad829be75d27f6ac4d3792968e90467c80f1b4949e56d7f1566f488630b,b4bf2ad829be75d27f6ac4d3792968e90467c80f1b4949e56d7f1566f488630b,2026-07-26T12:03:24.456984+00:00,learner_consequence,contextual_delayed_exp3,arrival_clock,10000,1876.1604938271605,0.187616049382716,1692.8518518518515,0.1692851851851851,9985,15,f2e5fd194c942781b4c46d2ea628b9d8e12ee8eac7e24f06e11677283f71a3f8,28c5f466ffb1ad6593526ce0e31056ca205ff141c369285543e46ec278d0b54c,ce06508a9520e1e509b279e4618dbef83a3202f317fb41544e161d35222ba28b,f5bdce8b41fea9b0a67f6a00a9f931027c8a8692f754e97caac391693d7fc7c5,ece6c9cfb64d1d71aadb6a67d8a213879d9e04b605109274b6e40858f2af25fb,0.1010666666666666,horizon_scaling,10000
exp1_alignment_transfer:targeted:full:targeted_systematic_horizon_10000:2026-07-26T12:03:24.407242+00:00,paper,True,targeted,exp1_alignment_transfer,targeted_systematic_horizon_10000,20,systematic_misbinding,6e09fa90a1fcdeccc861cf2960bd31c4b60e2df4,20fa105b3af7fa2eb97c8b7ed39f227f09ceef9b13f7c56ce48703547f2778de,b4bf2ad829be75d27f6ac4d3792968e90467c80f1b4949e56d7f1566f488630b,b4bf2ad829be75d27f6ac4d3792968e90467c80f1b4949e56d7f1566f488630b,2026-07-26T12:03:24.456984+00:00,learner_consequence,contextual_delayed_exp3,source_round,10000,865.4938271604938,0.0865493827160493,682.1851851851851,0.0682185185185185,9985,15,ce26b99b17869a2d8a67188f24c7ceabc5ab2b63c2d1f35cbaeade753dc2232f,28c5f466ffb1ad6593526ce0e31056ca205ff141c369285543e46ec278d0b54c,ce06508a9520e1e509b279e4618dbef83a3202f317fb41544e161d35222ba28b,f5bdce8b41fea9b0a67f6a00a9f931027c8a8692f754e97caac391693d7fc7c5,ece6c9cfb64d1d71aadb6a67d8a213879d9e04b605109274b6e40858f2af25fb,0.1010666666666666,horizon_scaling,10000
exp1_alignment_transfer:targeted:full:targeted_systematic_horizon_1000:2026-07-26T12:03:26.442750+00:00,paper,True,targeted,exp1_alignment_transfer,targeted_systematic_horizon_1000,21,systematic_misbinding,6e09fa90a1fcdeccc861cf2960bd31c4b60e2df4,57839e6123d5ed61dd16f09d3da4b687dceadb7e6c2a934854034adfa90c5458,b4bf2ad829be75d27f6ac4d3792968e90467c80f1b4949e56d7f1566f488630b,b4bf2ad829be75d27f6ac4d3792968e90467c80f1b4949e56d7f1566f488630b,2026-07-26T12:03:26.492655+00:00,learner_consequence,contextual_delayed_exp3,arrival_clock,1000,169.037037037037,0.169037037037037,150.2222222222222,0.1502222222222222,985,15,419acef72e0702da8f4f49f87144ac0246a8d05ad01599db1c02d3787ee568d5,fe862e315758a5fb34a9a8035b0cd84db677a172a22cc25e379d2f82f9e8f896,de22ff4bd51995b01f1aafbbee7cb8851c3a0dcf27da2a809e8436ecde39d82a,d0e87dfcf43581ce4cb37928cd34ae768a8a54de54b52ca5db9142d889cba268,90792bfa0270064e95eacd221b6e249182b13b1499e8a0058f5695b269901c82,0.0218395061728395,horizon_scaling,1000
exp1_alignment_transfer:targeted:full:targeted_systematic_horizon_1000:2026-07-26T12:03:26.442750+00:00,paper,True,targeted,exp1_alignment_transfer,targeted_systematic_horizon_1000,21,systematic_misbinding,6e09fa90a1fcdeccc861cf2960bd31c4b60e2df4,57839e6123d5ed61dd16f09d3da4b687dceadb7e6c2a934854034adfa90c5458,b4bf2ad829be75d27f6ac4d3792968e90467c80f1b4949e56d7f1566f488630b,b4bf2ad829be75d27f6ac4d3792968e90467c80f1b4949e56d7f1566f488630b,2026-07-26T12:03:26.492655+00:00,learner_consequence,contextual_delayed_exp3,source_round,1000,147.19753086419752,0.1471975308641975,128.3827160493827,0.1283827160493827,985,15,c7e7f28c8ce324f8ec196f3783fd26ef490341fc32dba933c49c2c6c24ecd781,fe862e315758a5fb34a9a8035b0cd84db677a172a22cc25e379d2f82f9e8f896,de22ff4bd51995b01f1aafbbee7cb8851c3a0dcf27da2a809e8436ecde39d82a,d0e87dfcf43581ce4cb37928cd34ae768a8a54de54b52ca5db9142d889cba268,90792bfa0270064e95eacd221b6e249182b13b1499e8a0058f5695b269901c82,0.0218395061728395,horizon_scaling,1000
exp1_alignment_transfer:targeted:full:targeted_systematic_horizon_5000:2026-07-26T12:03:26.728330+00:00,paper,True,targeted,exp1_alignment_transfer,targeted_systematic_horizon_5000,21,systematic_misbinding,6e09fa90a1fcdeccc861cf2960bd31c4b60e2df4,21563d9a7d6a3134d56776beef7f02b88fbe31e8f18ac118a957eac374c3df02,b4bf2ad829be75d27f6ac4d3792968e90467c80f1b4949e56d7f1566f488630b,b4bf2ad829be75d27f6ac4d3792968e90467c80f1b4949e56d7f1566f488630b,2026-07-26T12:03:26.780369+00:00,learner_consequence,contextual_delayed_exp3,arrival_clock,5000,890.4814814814813,0.1780962962962962,794.5679012345678,0.1589135802469135,4985,15,b0f25942f774baddd4d58fe67f98d37dbeb05e6f0269259f248796a05f64f70d,4765cfb9b5369e62c6b54ddb8490640c3810537744f8befcf6a74f015ebc777c,e351fba0d806debcc7ba77bcd560dfbe9c5d23a2791e381f83f3ebfeb73a30ee,db93b063a651635c23f5b752bf08ee2c9a0683ba6a6bc018ca2cecea2241948c,849545dee7d3f94ad783fa65ffd11c3bdd4258bdd3b77e2064812d2eb8b6a4ea,0.069953086419753,horizon_scaling,5000
exp1_alignment_transfer:targeted:full:targeted_systematic_horizon_5000:2026-07-26T12:03:26.728330+00:00,paper,True,targeted,exp1_alignment_transfer,targeted_systematic_horizon_5000,21,systematic_misbinding,6e09fa90a1fcdeccc861cf2960bd31c4b60e2df4,21563d9a7d6a3134d56776beef7f02b88fbe31e8f18ac118a957eac374c3df02,b4bf2ad829be75d27f6ac4d3792968e90467c80f1b4949e56d7f1566f488630b,b4bf2ad829be75d27f6ac4d3792968e90467c80f1b4949e56d7f1566f488630b,2026-07-26T12:03:26.780369+00:00,learner_consequence,contextual_delayed_exp3,source_round,5000,540.7160493827159,0.1081432098765431,444.8024691358024,0.0889604938271604,4985,15,8ad105896f7a9b68c97caf7f3a2cd5615bf8ec0e1866e2c326695d4ab00b4747,4765cfb9b5369e62c6b54ddb8490640c3810537744f8befcf6a74f015ebc777c,e351fba0d806debcc7ba77bcd560dfbe9c5d23a2791e381f83f3ebfeb73a30ee,db93b063a651635c23f5b752bf08ee2c9a0683ba6a6bc018ca2cecea2241948c,849545dee7d3f94ad783fa65ffd11c3bdd4258bdd3b77e2064812d2eb8b6a4ea,0.069953086419753,horizon_scaling,5000
exp1_alignment_transfer:targeted:full:targeted_systematic_horizon_10000:2026-07-26T12:03:27.908265+00:00,paper,True,targeted,exp1_alignment_transfer,targeted_systematic_horizon_10000,21,systematic_misbinding,6e09fa90a1fcdeccc861cf2960bd31c4b60e2df4,20fa105b3af7fa2eb97c8b7ed39f227f09ceef9b13f7c56ce48703547f2778de,b4bf2ad829be75d27f6ac4d3792968e90467c80f1b4949e56d7f1566f488630b,b4bf2ad829be75d27f6ac4d3792968e90467c80f1b4949e56d7f1566f488630b,2026-07-26T12:03:27.960461+00:00,learner_consequence,contextual_delayed_exp3,arrival_clock,10000,1793.3950617283947,0.1793395061728394,1604.5679012345677,0.1604567901234567,9985,15,c5d0447fc4535753b71b8f7044d2b44d31c879d60b3e359bce5032656ba28efa,156ed1afaf5741d858b9def30490d31a3fb9bba7cce2dd8a08dee8ac65c3bd01,3cd1eb84a362034b8378b2425ce849f9f0920b3fd1b53da18cce98a77406bccc,d0c51a24043aacd27d8f09a8da3ce4a6a767817b77beeb79fd6e1c6c90eb7b3e,9c6d6f95f6eb0550a436c2bedb76a30da8968f375a22489b064f978244ea3510,0.0903987654320987,horizon_scaling,10000
exp1_alignment_transfer:targeted:full:targeted_systematic_horizon_10000:2026-07-26T12:03:27.908265+00:00,paper,True,targeted,exp1_alignment_transfer,targeted_systematic_horizon_10000,21,systematic_misbinding,6e09fa90a1fcdeccc861cf2960bd31c4b60e2df4,20fa105b3af7fa2eb97c8b7ed39f227f09ceef9b13f7c56ce48703547f2778de,b4bf2ad829be75d27f6ac4d3792968e90467c80f1b4949e56d7f1566f488630b,b4bf2ad829be75d27f6ac4d3792968e90467c80f1b4949e56d7f1566f488630b,2026-07-26T12:03:27.960461+00:00,learner_consequence,contextual_delayed_exp3,source_round,10000,889.4074074074073,0.0889407407407407,700.5802469135801,0.070058024691358,9985,15,1501e939375dc26bdd8c62949013e2d6197a6b8c57418b761f3f8d31d052de1c,156ed1afaf5741d858b9def30490d31a3fb9bba7cce2dd8a08dee8ac65c3bd01,3cd1eb84a362034b8378b2425ce849f9f0920b3fd1b53da18cce98a77406bccc,d0c51a24043aacd27d8f09a8da3ce4a6a767817b77beeb79fd6e1c6c90eb7b3e,9c6d6f95f6eb0550a436c2bedb76a30da8968f375a22489b064f978244ea3510,0.0903987654320987,horizon_scaling,10000
exp1_alignment_transfer:targeted:full:targeted_systematic_horizon_1000:2026-07-26T12:03:29.824864+00:00,paper,True,targeted,exp1_alignment_transfer,targeted_systematic_horizon_1000,22,systematic_misbinding,6e09fa90a1fcdeccc861cf2960bd31c4b60e2df4,57839e6123d5ed61dd16f09d3da4b687dceadb7e6c2a934854034adfa90c5458,b4bf2ad829be75d27f6ac4d3792968e90467c80f1b4949e56d7f1566f488630b,b4bf2ad829be75d27f6ac4d3792968e90467c80f1b4949e56d7f1566f488630b,2026-07-26T12:03:29.875386+00:00,learner_consequence,contextual_delayed_exp3,arrival_clock,1000,186.7037037037037,0.1867037037037037,169.55555555555554,0.1695555555555555,985,15,394477589c3c37ab4ac5d9775175ad078f1ff4fbea20704d06b3a021e49518ce,3c36bccdda480bcfddc13619b32d8728f273faf124cc0e3f14f3d56ae63ea393,5a7d5cb0ca6691ca2f576d99b75ad753e52ea3fa671e02947c702f519e850be0,6a40420d32752b6e8b9ae97317f05db0cadc8697df260cf26c26a0b8297ee10c,e9b3efe28566be17e425c3013999a0fbc071c5fbc25d2b1f43b18cd317924cc8,0.0252345679012346,horizon_scaling,1000
exp1_alignment_transfer:targeted:full:targeted_systematic_horizon_1000:2026-07-26T12:03:29.824864+00:00,paper,True,targeted,exp1_alignment_transfer,targeted_systematic_horizon_1000,22,systematic_misbinding,6e09fa90a1fcdeccc861cf2960bd31c4b60e2df4,57839e6123d5ed61dd16f09d3da4b687dceadb7e6c2a934854034adfa90c5458,b4bf2ad829be75d27f6ac4d3792968e90467c80f1b4949e56d7f1566f488630b,b4bf2ad829be75d27f6ac4d3792968e90467c80f1b4949e56d7f1566f488630b,2026-07-26T12:03:29.875386+00:00,learner_consequence,contextual_delayed_exp3,source_round,1000,161.4691358024691,0.1614691358024691,144.32098765432096,0.1443209876543209,985,15,3393dec0954caf0e39770ac0aea867bc750e3baab0d1c6e4b071f410724f077d,3c36bccdda480bcfddc13619b32d8728f273faf124cc0e3f14f3d56ae63ea393,5a7d5cb0ca6691ca2f576d99b75ad753e52ea3fa671e02947c702f519e850be0,6a40420d32752b6e8b9ae97317f05db0cadc8697df260cf26c26a0b8297ee10c,e9b3efe28566be17e425c3013999a0fbc071c5fbc25d2b1f43b18cd317924cc8,0.0252345679012346,horizon_scaling,1000
exp1_alignment_transfer:targeted:full:targeted_systematic_horizon_5000:2026-07-26T12:03:30.107709+00:00,paper,True,targeted,exp1_alignment_transfer,targeted_systematic_horizon_5000,22,systematic_misbinding,6e09fa90a1fcdeccc861cf2960bd31c4b60e2df4,21563d9a7d6a3134d56776beef7f02b88fbe31e8f18ac118a957eac374c3df02,b4bf2ad829be75d27f6ac4d3792968e90467c80f1b4949e56d7f1566f488630b,b4bf2ad829be75d27f6ac4d3792968e90467c80f1b4949e56d7f1566f488630b,2026-07-26T12:03:30.149582+00:00,learner_consequence,contextual_delayed_exp3,arrival_clock,5000,903.0,0.1805999999999999,809.3456790123455,0.1618691358024691,4985,15,cbb5c306063d561b5127a52da85cc9a20b2d99e8f52565660857db6ce4411b36,c726aeafe97f1683b472b72bf21df6f2682bfddc70ece01a6027b3a93d8175bf,89eeeaf31c88c92d0e2024695bc39541a5fd7be2ddfbd54394f21b3aefe27691,a23e4be14e7f9583437e6dc1530728db9aa431f271a34b0ded0ceb3c8634cd7f,9c2536eba496193342e1d8a6b6278b03820da04302c3696da12659f3a9bba802,0.0721604938271604,horizon_scaling,5000
exp1_alignment_transfer:targeted:full:targeted_systematic_horizon_5000:2026-07-26T12:03:30.107709+00:00,paper,True,targeted,exp1_alignment_transfer,targeted_systematic_horizon_5000,22,systematic_misbinding,6e09fa90a1fcdeccc861cf2960bd31c4b60e2df4,21563d9a7d6a3134d56776beef7f02b88fbe31e8f18ac118a957eac374c3df02,b4bf2ad829be75d27f6ac4d3792968e90467c80f1b4949e56d7f1566f488630b,b4bf2ad829be75d27f6ac4d3792968e90467c80f1b4949e56d7f1566f488630b,2026-07-26T12:03:30.149582+00:00,learner_consequence,contextual_delayed_exp3,source_round,5000,542.1975308641975,0.1084395061728395,448.54320987654313,0.0897086419753086,4985,15,b1e222d3537bc14b44ebe405fdf50d644a01f3c598ca7185af20b1c3da4eaff0,c726aeafe97f1683b472b72bf21df6f2682bfddc70ece01a6027b3a93d8175bf,89eeeaf31c88c92d0e2024695bc39541a5fd7be2ddfbd54394f21b3aefe27691,a23e4be14e7f9583437e6dc1530728db9aa431f271a34b0ded0ceb3c8634cd7f,9c2536eba496193342e1d8a6b6278b03820da04302c3696da12659f3a9bba802,0.0721604938271604,horizon_scaling,5000
exp1_alignment_transfer:targeted:full:targeted_systematic_horizon_10000:2026-07-26T12:03:31.204680+00:00,paper,True,targeted,exp1_alignment_transfer,targeted_systematic_horizon_10000,22,systematic_misbinding,6e09fa90a1fcdeccc861cf2960bd31c4b60e2df4,20fa105b3af7fa2eb97c8b7ed39f227f09ceef9b13f7c56ce48703547f2778de,b4bf2ad829be75d27f6ac4d3792968e90467c80f1b4949e56d7f1566f488630b,b4bf2ad829be75d27f6ac4d3792968e90467c80f1b4949e56d7f1566f488630b,2026-07-26T12:03:31.244905+00:00,learner_consequence,contextual_delayed_exp3,arrival_clock,10000,1813.283950617284,0.1813283950617283,1626.7654320987651,0.1626765432098765,9985,15,13916df675f682a3ff4ac30da9d7cbc064dcc64cb540bb5f2c07bb402e995f0f,eb6713fef2d393f8f6fc3a0e0f22227598f63284bf42f7cdf8f37e2c4d04208a,0f322a287e23c3380c5f875c704f1dec324dec7efb4fa131572155da51fdd836,0e3c502a99b2b4aaaf61c48966cd4277c82d6945cbd577b1a130395d269b0b21,461b6491868adb86632d1f3b0f85582128271fce83f5cff6f2e5ec34c9fc7b79,0.0944925925925925,horizon_scaling,10000
exp1_alignment_transfer:targeted:full:targeted_systematic_horizon_10000:2026-07-26T12:03:31.204680+00:00,paper,True,targeted,exp1_alignment_transfer,targeted_systematic_horizon_10000,22,systematic_misbinding,6e09fa90a1fcdeccc861cf2960bd31c4b60e2df4,20fa105b3af7fa2eb97c8b7ed39f227f09ceef9b13f7c56ce48703547f2778de,b4bf2ad829be75d27f6ac4d3792968e90467c80f1b4949e56d7f1566f488630b,b4bf2ad829be75d27f6ac4d3792968e90467c80f1b4949e56d7f1566f488630b,2026-07-26T12:03:31.244905+00:00,learner_consequence,contextual_delayed_exp3,source_round,10000,868.358024691358,0.0868358024691358,681.8395061728394,0.0681839506172839,9985,15,f930b7843ecf4eefd55b6c9e533579efc416f7ac6f1251c893a97a95f949ff52,eb6713fef2d393f8f6fc3a0e0f22227598f63284bf42f7cdf8f37e2c4d04208a,0f322a287e23c3380c5f875c704f1dec324dec7efb4fa131572155da51fdd836,0e3c502a99b2b4aaaf61c48966cd4277c82d6945cbd577b1a130395d269b0b21,461b6491868adb86632d1f3b0f85582128271fce83f5cff6f2e5ec34c9fc7b79,0.0944925925925925,horizon_scaling,10000
exp1_alignment_transfer:targeted:full:targeted_systematic_horizon_1000:2026-07-26T12:03:33.481174+00:00,paper,True,targeted,exp1_alignment_transfer,targeted_systematic_horizon_1000,23,systematic_misbinding,6e09fa90a1fcdeccc861cf2960bd31c4b60e2df4,57839e6123d5ed61dd16f09d3da4b687dceadb7e6c2a934854034adfa90c5458,b4bf2ad829be75d27f6ac4d3792968e90467c80f1b4949e56d7f1566f488630b,b4bf2ad829be75d27f6ac4d3792968e90467c80f1b4949e56d7f1566f488630b,2026-07-26T12:03:33.534616+00:00,learner_consequence,contextual_delayed_exp3,arrival_clock,1000,171.62962962962962,0.1716296296296296,153.1111111111111,0.1531111111111111,985,15,ce79e24f39986abaee1b6db44352180fb006c4b0acc876bb1dc16dacb15b065f,a8b8831b16740efd8afd8b5284c31227afcd2613c5656d3e113c6cc5d4d5e44b,8cd931f7e094d3e438d6359bb6ed2df83e60e2bf1b3b40f34b99dc74bf7336f1,68136353d276bd301e3fffc2a04effd62918e77c29975d1b485466eef7d04319,29d57b9545b00054030faaa66b609b0a4e70254f6faaea928977ff5aac6e0833,0.0220617283950617,horizon_scaling,1000
exp1_alignment_transfer:targeted:full:targeted_systematic_horizon_1000:2026-07-26T12:03:33.481174+00:00,paper,True,targeted,exp1_alignment_transfer,targeted_systematic_horizon_1000,23,systematic_misbinding,6e09fa90a1fcdeccc861cf2960bd31c4b60e2df4,57839e6123d5ed61dd16f09d3da4b687dceadb7e6c2a934854034adfa90c5458,b4bf2ad829be75d27f6ac4d3792968e90467c80f1b4949e56d7f1566f488630b,b4bf2ad829be75d27f6ac4d3792968e90467c80f1b4949e56d7f1566f488630b,2026-07-26T12:03:33.534616+00:00,learner_consequence,contextual_delayed_exp3,source_round,1000,149.5679012345679,0.1495679012345679,131.04938271604937,0.1310493827160493,985,15,ac6d02be6c1f83d46d79d94ec2790432666bef7f80e2ea4a1e8f95e0655c01ff,a8b8831b16740efd8afd8b5284c31227afcd2613c5656d3e113c6cc5d4d5e44b,8cd931f7e094d3e438d6359bb6ed2df83e60e2bf1b3b40f34b99dc74bf7336f1,68136353d276bd301e3fffc2a04effd62918e77c29975d1b485466eef7d04319,29d57b9545b00054030faaa66b609b0a4e70254f6faaea928977ff5aac6e0833,0.0220617283950617,horizon_scaling,1000
exp1_alignment_transfer:targeted:full:targeted_systematic_horizon_5000:2026-07-26T12:03:33.798451+00:00,paper,True,targeted,exp1_alignment_transfer,targeted_systematic_horizon_5000,23,systematic_misbinding,6e09fa90a1fcdeccc861cf2960bd31c4b60e2df4,21563d9a7d6a3134d56776beef7f02b88fbe31e8f18ac118a957eac374c3df02,b4bf2ad829be75d27f6ac4d3792968e90467c80f1b4949e56d7f1566f488630b,b4bf2ad829be75d27f6ac4d3792968e90467c80f1b4949e56d7f1566f488630b,2026-07-26T12:03:33.843496+00:00,learner_consequence,contextual_delayed_exp3,arrival_clock,5000,906.6296296296296,0.1813259259259259,815.7654320987654,0.163153086419753,4985,15,60f9f771df6914541274075e3fc47be916e214831838f37aaffe6c2e06833ab7,783cf3004996f907a6aecc5952c123da99fe93db77249da76f01d3910b4c36bc,2fb732e487485a3a62b30b7cc205d70310ef4e9c119957c2b3bd37c928be1e0e,adc0cbb114a75b7b9a89a0b494abc8f06e1e128a10d90752353882b71923d831,7263c1d12d45e665ebe2afcf72d6ea17ee89907a231b3dbc6f222950f95486ae,0.0743432098765432,horizon_scaling,5000
exp1_alignment_transfer:targeted:full:targeted_systematic_horizon_5000:2026-07-26T12:03:33.798451+00:00,paper,True,targeted,exp1_alignment_transfer,targeted_systematic_horizon_5000,23,systematic_misbinding,6e09fa90a1fcdeccc861cf2960bd31c4b60e2df4,21563d9a7d6a3134d56776beef7f02b88fbe31e8f18ac118a957eac374c3df02,b4bf2ad829be75d27f6ac4d3792968e90467c80f1b4949e56d7f1566f488630b,b4bf2ad829be75d27f6ac4d3792968e90467c80f1b4949e56d7f1566f488630b,2026-07-26T12:03:33.843496+00:00,learner_consequence,contextual_delayed_exp3,source_round,5000,534.9135802469135,0.1069827160493827,444.0493827160493,0.0888098765432098,4985,15,cf02c7c863801ff5b02d171528407ca7c2b3902028997d45fe840afac925b313,783cf3004996f907a6aecc5952c123da99fe93db77249da76f01d3910b4c36bc,2fb732e487485a3a62b30b7cc205d70310ef4e9c119957c2b3bd37c928be1e0e,adc0cbb114a75b7b9a89a0b494abc8f06e1e128a10d90752353882b71923d831,7263c1d12d45e665ebe2afcf72d6ea17ee89907a231b3dbc6f222950f95486ae,0.0743432098765432,horizon_scaling,5000
exp1_alignment_transfer:targeted:full:targeted_systematic_horizon_10000:2026-07-26T12:03:34.858760+00:00,paper,True,targeted,exp1_alignment_transfer,targeted_systematic_horizon_10000,23,systematic_misbinding,6e09fa90a1fcdeccc861cf2960bd31c4b60e2df4,20fa105b3af7fa2eb97c8b7ed39f227f09ceef9b13f7c56ce48703547f2778de,b4bf2ad829be75d27f6ac4d3792968e90467c80f1b4949e56d7f1566f488630b,b4bf2ad829be75d27f6ac4d3792968e90467c80f1b4949e56d7f1566f488630b,2026-07-26T12:03:34.903334+00:00,learner_consequence,contextual_delayed_exp3,arrival_clock,10000,1807.0987654320984,0.1807098765432098,1624.691358024691,0.1624691358024691,9985,15,a759159e0c46dacfa382724a03415ed45b539371fcdd9c8d8a797ae111eb5d05,e858fe0c35ef963744058c6b7b61eb901e08838af230a9df8353a63b9aff7fd7,529cce557f607129af7f75881f2ea1136e19803ab68198c504f31fe6fedaf47f,189036b0cfa2a82d61441e94cf659e03e51708b3b24f84a3ceb4cbf4d2451652,c7118f80d004a4ca9932bb4e2828416d11cf5561d59220f8e06179d01af12f54,0.0955259259259258,horizon_scaling,10000
exp1_alignment_transfer:targeted:full:targeted_systematic_horizon_10000:2026-07-26T12:03:34.858760+00:00,paper,True,targeted,exp1_alignment_transfer,targeted_systematic_horizon_10000,23,systematic_misbinding,6e09fa90a1fcdeccc861cf2960bd31c4b60e2df4,20fa105b3af7fa2eb97c8b7ed39f227f09ceef9b13f7c56ce48703547f2778de,b4bf2ad829be75d27f6ac4d3792968e90467c80f1b4949e56d7f1566f488630b,b4bf2ad829be75d27f6ac4d3792968e90467c80f1b4949e56d7f1566f488630b,2026-07-26T12:03:34.903334+00:00,learner_consequence,contextual_delayed_exp3,source_round,10000,851.8395061728394,0.0851839506172839,669.4320987654321,0.0669432098765432,9985,15,805474fdae989dbcdf8ba26b852d2730cb869d7081c05e14f9761ad1902762c0,e858fe0c35ef963744058c6b7b61eb901e08838af230a9df8353a63b9aff7fd7,529cce557f607129af7f75881f2ea1136e19803ab68198c504f31fe6fedaf47f,189036b0cfa2a82d61441e94cf659e03e51708b3b24f84a3ceb4cbf4d2451652,c7118f80d004a4ca9932bb4e2828416d11cf5561d59220f8e06179d01af12f54,0.0955259259259258,horizon_scaling,10000
exp1_alignment_transfer:targeted:full:targeted_systematic_horizon_1000:2026-07-26T12:03:36.994353+00:00,paper,True,targeted,exp1_alignment_transfer,targeted_systematic_horizon_1000,24,systematic_misbinding,6e09fa90a1fcdeccc861cf2960bd31c4b60e2df4,57839e6123d5ed61dd16f09d3da4b687dceadb7e6c2a934854034adfa90c5458,b4bf2ad829be75d27f6ac4d3792968e90467c80f1b4949e56d7f1566f488630b,b4bf2ad829be75d27f6ac4d3792968e90467c80f1b4949e56d7f1566f488630b,2026-07-26T12:03:37.056628+00:00,learner_consequence,contextual_delayed_exp3,arrival_clock,1000,184.320987654321,0.1843209876543209,164.69135802469134,0.1646913580246913,985,15,44ae38dcbc3f1efdaf5ad6b91fcdaba8267f0a9239e3d893facc75b600d71c7f,3f32d245f9c0ca429496d4f344a9150c6aa83499e02e528d76ae0d8c5869412e,3a37c7c522e3dd01db1e3826b0d4bf8429d0de203e7911a3e4b8e5985ab92a6f,ccb50a5f7b77dbbab943e59ba0f02fe86aef22be6c83ba9de3c2b55e3b8e3434,0290d97b0b26dacd5aed609e5b0aa2d4c79942102fdec49fb6fcbeccef670a5f,0.0228888888888888,horizon_scaling,1000
exp1_alignment_transfer:targeted:full:targeted_systematic_horizon_1000:2026-07-26T12:03:36.994353+00:00,paper,True,targeted,exp1_alignment_transfer,targeted_systematic_horizon_1000,24,systematic_misbinding,6e09fa90a1fcdeccc861cf2960bd31c4b60e2df4,57839e6123d5ed61dd16f09d3da4b687dceadb7e6c2a934854034adfa90c5458,b4bf2ad829be75d27f6ac4d3792968e90467c80f1b4949e56d7f1566f488630b,b4bf2ad829be75d27f6ac4d3792968e90467c80f1b4949e56d7f1566f488630b,2026-07-26T12:03:37.056628+00:00,learner_consequence,contextual_delayed_exp3,source_round,1000,161.4320987654321,0.1614320987654321,141.80246913580245,0.1418024691358024,985,15,652423da2d975b3db7dc4220d5682da413669a7d2f00345b23a424791f3629b6,3f32d245f9c0ca429496d4f344a9150c6aa83499e02e528d76ae0d8c5869412e,3a37c7c522e3dd01db1e3826b0d4bf8429d0de203e7911a3e4b8e5985ab92a6f,ccb50a5f7b77dbbab943e59ba0f02fe86aef22be6c83ba9de3c2b55e3b8e3434,0290d97b0b26dacd5aed609e5b0aa2d4c79942102fdec49fb6fcbeccef670a5f,0.0228888888888888,horizon_scaling,1000
exp1_alignment_transfer:targeted:full:targeted_systematic_horizon_5000:2026-07-26T12:03:37.319447+00:00,paper,True,targeted,exp1_alignment_transfer,targeted_systematic_horizon_5000,24,systematic_misbinding,6e09fa90a1fcdeccc861cf2960bd31c4b60e2df4,21563d9a7d6a3134d56776beef7f02b88fbe31e8f18ac118a957eac374c3df02,b4bf2ad829be75d27f6ac4d3792968e90467c80f1b4949e56d7f1566f488630b,b4bf2ad829be75d27f6ac4d3792968e90467c80f1b4949e56d7f1566f488630b,2026-07-26T12:03:37.379879+00:00,learner_consequence,contextual_delayed_exp3,arrival_clock,5000,867.4691358024689,0.1734938271604937,772.469135802469,0.1544938271604938,4985,15,811839b1fcac6570bf14b9858cfd8a8269f5263fc0446223ac27d2fad57e1165,1a355e9727599fe542db53e65dcb488ffaa2f721f90a3092be97f80ab677bf6e,71633b72a362ca9f9b5553f10b6349ab892cb8938cdd9bcbc78347cadb0cefbe,28ddb8fe61c6999c81f2bd336d7a532ded7f1225a2934280d18be65e8479bd2b,06302240528faf509087c008bb8eb59c91ac38ab34b20060c2179ec1129d88ee,0.065753086419753,horizon_scaling,5000
exp1_alignment_transfer:targeted:full:targeted_systematic_horizon_5000:2026-07-26T12:03:37.319447+00:00,paper,True,targeted,exp1_alignment_transfer,targeted_systematic_horizon_5000,24,systematic_misbinding,6e09fa90a1fcdeccc861cf2960bd31c4b60e2df4,21563d9a7d6a3134d56776beef7f02b88fbe31e8f18ac118a957eac374c3df02,b4bf2ad829be75d27f6ac4d3792968e90467c80f1b4949e56d7f1566f488630b,b4bf2ad829be75d27f6ac4d3792968e90467c80f1b4949e56d7f1566f488630b,2026-07-26T12:03:37.379879+00:00,learner_consequence,contextual_delayed_exp3,source_round,5000,538.7037037037037,0.1077407407407407,443.7037037037037,0.0887407407407407,4985,15,109de4fb99bf11d4348348eb8344cd84d2e1f05a2f272124a9dbed0babdb60b5,1a355e9727599fe542db53e65dcb488ffaa2f721f90a3092be97f80ab677bf6e,71633b72a362ca9f9b5553f10b6349ab892cb8938cdd9bcbc78347cadb0cefbe,28ddb8fe61c6999c81f2bd336d7a532ded7f1225a2934280d18be65e8479bd2b,06302240528faf509087c008bb8eb59c91ac38ab34b20060c2179ec1129d88ee,0.065753086419753,horizon_scaling,5000
exp1_alignment_transfer:targeted:full:targeted_systematic_horizon_10000:2026-07-26T12:03:38.663779+00:00,paper,True,targeted,exp1_alignment_transfer,targeted_systematic_horizon_10000,24,systematic_misbinding,6e09fa90a1fcdeccc861cf2960bd31c4b60e2df4,20fa105b3af7fa2eb97c8b7ed39f227f09ceef9b13f7c56ce48703547f2778de,b4bf2ad829be75d27f6ac4d3792968e90467c80f1b4949e56d7f1566f488630b,b4bf2ad829be75d27f6ac4d3792968e90467c80f1b4949e56d7f1566f488630b,2026-07-26T12:03:38.732721+00:00,learner_consequence,contextual_delayed_exp3,arrival_clock,10000,1715.617283950617,0.1715617283950617,1528.617283950617,0.1528617283950617,9985,15,55c38e5e25a88c5506c7ee784749334393adf18980662744a9555ba0dcf75435,c0389089905b73d5d1a5bea8ca35cb8d3e3a2d50604511eb3e677a4f148a98df,0bb99b19131f5b8e3b6102532ba90c4f218979a4067ed39960678a9d35965353,18e3c9fdf26eaa9cd7f1f8b783157199116570baf9657e524bfc2bfe1b7764e2,7f57c46607e97d3956e30c50d6af2a1ec6813602d5dac183d374ea83a2fca10e,0.0857481481481481,horizon_scaling,10000
exp1_alignment_transfer:targeted:full:targeted_systematic_horizon_10000:2026-07-26T12:03:38.663779+00:00,paper,True,targeted,exp1_alignment_transfer,targeted_systematic_horizon_10000,24,systematic_misbinding,6e09fa90a1fcdeccc861cf2960bd31c4b60e2df4,20fa105b3af7fa2eb97c8b7ed39f227f09ceef9b13f7c56ce48703547f2778de,b4bf2ad829be75d27f6ac4d3792968e90467c80f1b4949e56d7f1566f488630b,b4bf2ad829be75d27f6ac4d3792968e90467c80f1b4949e56d7f1566f488630b,2026-07-26T12:03:38.732721+00:00,learner_consequence,contextual_delayed_exp3,source_round,10000,858.1358024691358,0.0858135802469135,671.1358024691358,0.0671135802469135,9985,15,468e5755b837813d794df038a0c9cbf4f212f9d1a49bad388288d6707137788b,c0389089905b73d5d1a5bea8ca35cb8d3e3a2d50604511eb3e677a4f148a98df,0bb99b19131f5b8e3b6102532ba90c4f218979a4067ed39960678a9d35965353,18e3c9fdf26eaa9cd7f1f8b783157199116570baf9657e524bfc2bfe1b7764e2,7f57c46607e97d3956e30c50d6af2a1ec6813602d5dac183d374ea83a2fca10e,0.0857481481481481,horizon_scaling,10000
exp1_alignment_transfer:targeted:full:targeted_systematic_horizon_1000:2026-07-26T12:03:41.145240+00:00,paper,True,targeted,exp1_alignment_transfer,targeted_systematic_horizon_1000,25,systematic_misbinding,6e09fa90a1fcdeccc861cf2960bd31c4b60e2df4,57839e6123d5ed61dd16f09d3da4b687dceadb7e6c2a934854034adfa90c5458,b4bf2ad829be75d27f6ac4d3792968e90467c80f1b4949e56d7f1566f488630b,b4bf2ad829be75d27f6ac4d3792968e90467c80f1b4949e56d7f1566f488630b,2026-07-26T12:03:41.209461+00:00,learner_consequence,contextual_delayed_exp3,arrival_clock,1000,163.80246913580245,0.1638024691358024,145.59259259259258,0.1455925925925925,985,15,d4bed57e664ec93110ff17396f4f1b08283f17e5db4fe3db2fc63aacd8e9b6d3,4ea0a3d6900daad7395561bbeb8f34ae28bc535e064a0b4825db2df11efc3cf7,67a4b9eeb278de14cbd6b6381247a21be15aa48f0f0de1c9c74056a3a162d2ee,7d5eb31b8facfa4f54c751a6160af04223efd9e7da0594aa9a6cc6ab58688042,50f7af24b5043421239d14d83ec32d66b2a9ac715e4503f16746941bcf7cabc0,0.0231481481481481,horizon_scaling,1000
exp1_alignment_transfer:targeted:full:targeted_systematic_horizon_1000:2026-07-26T12:03:41.145240+00:00,paper,True,targeted,exp1_alignment_transfer,targeted_systematic_horizon_1000,25,systematic_misbinding,6e09fa90a1fcdeccc861cf2960bd31c4b60e2df4,57839e6123d5ed61dd16f09d3da4b687dceadb7e6c2a934854034adfa90c5458,b4bf2ad829be75d27f6ac4d3792968e90467c80f1b4949e56d7f1566f488630b,b4bf2ad829be75d27f6ac4d3792968e90467c80f1b4949e56d7f1566f488630b,2026-07-26T12:03:41.209461+00:00,learner_consequence,contextual_delayed_exp3,source_round,1000,140.65432098765433,0.1406543209876543,122.44444444444444,0.1224444444444444,985,15,a0cfa8606f8fb9958b034df918e30f9417368f4043dafdd87ecfb1e58fa86cb1,4ea0a3d6900daad7395561bbeb8f34ae28bc535e064a0b4825db2df11efc3cf7,67a4b9eeb278de14cbd6b6381247a21be15aa48f0f0de1c9c74056a3a162d2ee,7d5eb31b8facfa4f54c751a6160af04223efd9e7da0594aa9a6cc6ab58688042,50f7af24b5043421239d14d83ec32d66b2a9ac715e4503f16746941bcf7cabc0,0.0231481481481481,horizon_scaling,1000
exp1_alignment_transfer:targeted:full:targeted_systematic_horizon_5000:2026-07-26T12:03:41.498260+00:00,paper,True,targeted,exp1_alignment_transfer,targeted_systematic_horizon_5000,25,systematic_misbinding,6e09fa90a1fcdeccc861cf2960bd31c4b60e2df4,21563d9a7d6a3134d56776beef7f02b88fbe31e8f18ac118a957eac374c3df02,b4bf2ad829be75d27f6ac4d3792968e90467c80f1b4949e56d7f1566f488630b,b4bf2ad829be75d27f6ac4d3792968e90467c80f1b4949e56d7f1566f488630b,2026-07-26T12:03:41.552872+00:00,learner_consequence,contextual_delayed_exp3,arrival_clock,5000,916.9629629629628,0.1833925925925925,826.8765432098764,0.1653753086419752,4985,15,bc33c1faacb853eae074b91d9ef8c2645a275fb5bae1a5c27b24d1369805e6c5,78f91bd3936a66933531ff386cba1af5d0aae51caa912b0bf24f55d25ea72c1b,deac3426dc88143ddb6e607ce6f9d5ca316500c7c99a973ccbf00f4a40e97a8e,4ab5bfb61f06121692c9f4c79b4aea98e001e8c01c15fb9c060f33d990e34316,3ca2a69d9b341f68e1be694b933a2d2aa5fda96d508ea2ee246d8d0952ae3b91,0.0783728395061728,horizon_scaling,5000
exp1_alignment_transfer:targeted:full:targeted_systematic_horizon_5000:2026-07-26T12:03:41.498260+00:00,paper,True,targeted,exp1_alignment_transfer,targeted_systematic_horizon_5000,25,systematic_misbinding,6e09fa90a1fcdeccc861cf2960bd31c4b60e2df4,21563d9a7d6a3134d56776beef7f02b88fbe31e8f18ac118a957eac374c3df02,b4bf2ad829be75d27f6ac4d3792968e90467c80f1b4949e56d7f1566f488630b,b4bf2ad829be75d27f6ac4d3792968e90467c80f1b4949e56d7f1566f488630b,2026-07-26T12:03:41.552872+00:00,learner_consequence,contextual_delayed_exp3,source_round,5000,525.0987654320987,0.1050197530864197,435.0123456790122,0.0870024691358024,4985,15,6a7f5be171af1c7d01e27b5939043546c84d40608fdc7c4a51b61a493e858e66,78f91bd3936a66933531ff386cba1af5d0aae51caa912b0bf24f55d25ea72c1b,deac3426dc88143ddb6e607ce6f9d5ca316500c7c99a973ccbf00f4a40e97a8e,4ab5bfb61f06121692c9f4c79b4aea98e001e8c01c15fb9c060f33d990e34316,3ca2a69d9b341f68e1be694b933a2d2aa5fda96d508ea2ee246d8d0952ae3b91,0.0783728395061728,horizon_scaling,5000
exp1_alignment_transfer:targeted:full:targeted_systematic_horizon_10000:2026-07-26T12:03:42.929895+00:00,paper,True,targeted,exp1_alignment_transfer,targeted_systematic_horizon_10000,25,systematic_misbinding,6e09fa90a1fcdeccc861cf2960bd31c4b60e2df4,20fa105b3af7fa2eb97c8b7ed39f227f09ceef9b13f7c56ce48703547f2778de,b4bf2ad829be75d27f6ac4d3792968e90467c80f1b4949e56d7f1566f488630b,b4bf2ad829be75d27f6ac4d3792968e90467c80f1b4949e56d7f1566f488630b,2026-07-26T12:03:42.979641+00:00,learner_consequence,contextual_delayed_exp3,arrival_clock,10000,1903.7777777777771,0.1903777777777777,1717.0987654320984,0.1717098765432098,9985,15,c02a0b2e72d925821e28159934e58025f1e2f0538de5b7f5aaab307e9ed6de3e,40f27d45939ebb6466b9116f3f029241653b10fa1d172d49df22ffaf4d1243fe,999127a2d6c47f41870c1dd0e5d8c1e94e88e0bec8dda114882c3e215d063b09,ec8aa4f7f34848b113586dc23e49eda3859677bf685e51358ded48d8b4b5dab1,f6b6a746427a8ef9425f76a369b6fc8fc6ceb15d46cb633158fe365b0ab5bff5,0.1041839506172839,horizon_scaling,10000
exp1_alignment_transfer:targeted:full:targeted_systematic_horizon_10000:2026-07-26T12:03:42.929895+00:00,paper,True,targeted,exp1_alignment_transfer,targeted_systematic_horizon_10000,25,systematic_misbinding,6e09fa90a1fcdeccc861cf2960bd31c4b60e2df4,20fa105b3af7fa2eb97c8b7ed39f227f09ceef9b13f7c56ce48703547f2778de,b4bf2ad829be75d27f6ac4d3792968e90467c80f1b4949e56d7f1566f488630b,b4bf2ad829be75d27f6ac4d3792968e90467c80f1b4949e56d7f1566f488630b,2026-07-26T12:03:42.979641+00:00,learner_consequence,contextual_delayed_exp3,source_round,10000,861.9382716049382,0.0861938271604938,675.2592592592591,0.0675259259259259,9985,15,c95bf25db4a41a7156d7f2bf9baa3478220371008e5aa4c7528a183fcd31d8c0,40f27d45939ebb6466b9116f3f029241653b10fa1d172d49df22ffaf4d1243fe,999127a2d6c47f41870c1dd0e5d8c1e94e88e0bec8dda114882c3e215d063b09,ec8aa4f7f34848b113586dc23e49eda3859677bf685e51358ded48d8b4b5dab1,f6b6a746427a8ef9425f76a369b6fc8fc6ceb15d46cb633158fe365b0ab5bff5,0.1041839506172839,horizon_scaling,10000
exp1_alignment_transfer:targeted:full:targeted_systematic_horizon_1000:2026-07-26T12:03:45.473168+00:00,paper,True,targeted,exp1_alignment_transfer,targeted_systematic_horizon_1000,26,systematic_misbinding,6e09fa90a1fcdeccc861cf2960bd31c4b60e2df4,57839e6123d5ed61dd16f09d3da4b687dceadb7e6c2a934854034adfa90c5458,b4bf2ad829be75d27f6ac4d3792968e90467c80f1b4949e56d7f1566f488630b,b4bf2ad829be75d27f6ac4d3792968e90467c80f1b4949e56d7f1566f488630b,2026-07-26T12:03:45.529136+00:00,learner_consequence,contextual_delayed_exp3,arrival_clock,1000,168.80246913580245,0.1688024691358024,149.61728395061726,0.1496172839506172,985,15,bb31fcb07007ea4c37055ed03743a6d28b7b3ab5c1845bb3b4882c9c8c8e45ea,529afc6a750d74fd8baba65a7a890d05933e30a140a81dcd08293572e5be18a4,5ca10fede51a90b8d1ca10a93098801d4b5482f4e8c4303e1081f0389b705203,c9e699816177d58eb132120c16fb9932d4f0b839e0c2403f74b8bfc837fc9397,a733ae9de5fd2f57f69d90958cf1021834d85407489c866c73b4306576de4e1b,0.0228148148148148,horizon_scaling,1000
exp1_alignment_transfer:targeted:full:targeted_systematic_horizon_1000:2026-07-26T12:03:45.473168+00:00,paper,True,targeted,exp1_alignment_transfer,targeted_systematic_horizon_1000,26,systematic_misbinding,6e09fa90a1fcdeccc861cf2960bd31c4b60e2df4,57839e6123d5ed61dd16f09d3da4b687dceadb7e6c2a934854034adfa90c5458,b4bf2ad829be75d27f6ac4d3792968e90467c80f1b4949e56d7f1566f488630b,b4bf2ad829be75d27f6ac4d3792968e90467c80f1b4949e56d7f1566f488630b,2026-07-26T12:03:45.529136+00:00,learner_consequence,contextual_delayed_exp3,source_round,1000,145.98765432098764,0.1459876543209876,126.80246913580244,0.1268024691358024,985,15,c3f677e13f17a0ab68c17b0941cc9758cdd50ec95a921382a9602d7a88182f73,529afc6a750d74fd8baba65a7a890d05933e30a140a81dcd08293572e5be18a4,5ca10fede51a90b8d1ca10a93098801d4b5482f4e8c4303e1081f0389b705203,c9e699816177d58eb132120c16fb9932d4f0b839e0c2403f74b8bfc837fc9397,a733ae9de5fd2f57f69d90958cf1021834d85407489c866c73b4306576de4e1b,0.0228148148148148,horizon_scaling,1000
exp1_alignment_transfer:targeted:full:targeted_systematic_horizon_5000:2026-07-26T12:03:45.840402+00:00,paper,True,targeted,exp1_alignment_transfer,targeted_systematic_horizon_5000,26,systematic_misbinding,6e09fa90a1fcdeccc861cf2960bd31c4b60e2df4,21563d9a7d6a3134d56776beef7f02b88fbe31e8f18ac118a957eac374c3df02,b4bf2ad829be75d27f6ac4d3792968e90467c80f1b4949e56d7f1566f488630b,b4bf2ad829be75d27f6ac4d3792968e90467c80f1b4949e56d7f1566f488630b,2026-07-26T12:03:45.890043+00:00,learner_consequence,contextual_delayed_exp3,arrival_clock,5000,885.9382716049381,0.1771876543209876,790.432098765432,0.1580864197530864,4985,15,99a5030451a54c0b81f11439a59e3a8381df6e04e7fa2caa120d6502b77bc9fe,28b869d18f298db7455f5cd11f9a1bb48d08862e84461b630a36c48b4c6e35e8,774ae03f0b0fda6edf6a3b449e3ec6f295b8ce88464cfc4d910e4e6ff2b4f504,92cbcc212034b8a4b204d0d8f323b8c63a1a24dfbca32bcb43835c54670201e3,00bdc3d7310cd0e8a6fac035610f532c58e0c040fe9139f44df2282f5587e128,0.0707135802469135,horizon_scaling,5000
exp1_alignment_transfer:targeted:full:targeted_systematic_horizon_5000:2026-07-26T12:03:45.840402+00:00,paper,True,targeted,exp1_alignment_transfer,targeted_systematic_horizon_5000,26,systematic_misbinding,6e09fa90a1fcdeccc861cf2960bd31c4b60e2df4,21563d9a7d6a3134d56776beef7f02b88fbe31e8f18ac118a957eac374c3df02,b4bf2ad829be75d27f6ac4d3792968e90467c80f1b4949e56d7f1566f488630b,b4bf2ad829be75d27f6ac4d3792968e90467c80f1b4949e56d7f1566f488630b,2026-07-26T12:03:45.890043+00:00,learner_consequence,contextual_delayed_exp3,source_round,5000,532.3703703703702,0.106474074074074,436.8641975308641,0.0873728395061728,4985,15,5c4298b4eceacfc91f829b9e9ddd001fb48f0d81d787e4f641521da0e904ddc5,28b869d18f298db7455f5cd11f9a1bb48d08862e84461b630a36c48b4c6e35e8,774ae03f0b0fda6edf6a3b449e3ec6f295b8ce88464cfc4d910e4e6ff2b4f504,92cbcc212034b8a4b204d0d8f323b8c63a1a24dfbca32bcb43835c54670201e3,00bdc3d7310cd0e8a6fac035610f532c58e0c040fe9139f44df2282f5587e128,0.0707135802469135,horizon_scaling,5000
exp1_alignment_transfer:targeted:full:targeted_systematic_horizon_10000:2026-07-26T12:03:47.128481+00:00,paper,True,targeted,exp1_alignment_transfer,targeted_systematic_horizon_10000,26,systematic_misbinding,6e09fa90a1fcdeccc861cf2960bd31c4b60e2df4,20fa105b3af7fa2eb97c8b7ed39f227f09ceef9b13f7c56ce48703547f2778de,b4bf2ad829be75d27f6ac4d3792968e90467c80f1b4949e56d7f1566f488630b,b4bf2ad829be75d27f6ac4d3792968e90467c80f1b4949e56d7f1566f488630b,2026-07-26T12:03:47.192917+00:00,learner_consequence,contextual_delayed_exp3,arrival_clock,10000,1725.222222222222,0.1725222222222222,1536.753086419753,0.1536753086419753,9985,15,ca951d4228ac83e8c1eba8ebef092e68aff65cd27d527813c02bcd19b5822b98,d7a0247d68e91172a8e004053ddb43400c037f1b486cf97cbdf967a73fdb6265,7f48dd2e1bf8ee32764a7e8622c592da3674a8285c2f6c07553170c8a05ca3be,3b13a5285267279c7227286f761937e59fc69dd9ff3dd10b00257bc90eb04521,ba1d65fb5b9514375ce90b8d060b02c31219b0ad58ca92a6262a783b7b715845,0.0878333333333333,horizon_scaling,10000
exp1_alignment_transfer:targeted:full:targeted_systematic_horizon_10000:2026-07-26T12:03:47.128481+00:00,paper,True,targeted,exp1_alignment_transfer,targeted_systematic_horizon_10000,26,systematic_misbinding,6e09fa90a1fcdeccc861cf2960bd31c4b60e2df4,20fa105b3af7fa2eb97c8b7ed39f227f09ceef9b13f7c56ce48703547f2778de,b4bf2ad829be75d27f6ac4d3792968e90467c80f1b4949e56d7f1566f488630b,b4bf2ad829be75d27f6ac4d3792968e90467c80f1b4949e56d7f1566f488630b,2026-07-26T12:03:47.192917+00:00,learner_consequence,contextual_delayed_exp3,source_round,10000,846.8888888888887,0.0846888888888888,658.4197530864196,0.0658419753086419,9985,15,97dfe7ff37295a1c1f59f61bbff42d7d248d24067cb7ddcc37f5a75e0bcdf078,d7a0247d68e91172a8e004053ddb43400c037f1b486cf97cbdf967a73fdb6265,7f48dd2e1bf8ee32764a7e8622c592da3674a8285c2f6c07553170c8a05ca3be,3b13a5285267279c7227286f761937e59fc69dd9ff3dd10b00257bc90eb04521,ba1d65fb5b9514375ce90b8d060b02c31219b0ad58ca92a6262a783b7b715845,0.0878333333333333,horizon_scaling,10000
exp1_alignment_transfer:targeted:full:targeted_systematic_horizon_1000:2026-07-26T12:03:49.370544+00:00,paper,True,targeted,exp1_alignment_transfer,targeted_systematic_horizon_1000,27,systematic_misbinding,6e09fa90a1fcdeccc861cf2960bd31c4b60e2df4,57839e6123d5ed61dd16f09d3da4b687dceadb7e6c2a934854034adfa90c5458,b4bf2ad829be75d27f6ac4d3792968e90467c80f1b4949e56d7f1566f488630b,b4bf2ad829be75d27f6ac4d3792968e90467c80f1b4949e56d7f1566f488630b,2026-07-26T12:03:49.418543+00:00,learner_consequence,contextual_delayed_exp3,arrival_clock,1000,193.6543209876543,0.1936543209876543,175.24691358024688,0.1752469135802468,985,15,caae1183b932e909ada546ec53edd3a6800d162a8056682c5257219e577f12b2,1a1f39bf42823e2f618800910c11921947b9739f12850b689283ec65349a75a0,1f8e772ee5a4f7f3beeaa8ddbd8ba601649f779e6541f876ba19165fe039ae61,9fba64998007ecbce2130f8ab165f24d24959ea3b912ef6052255999f0133c5b,2fc3a645468a4aa6173cceed5934686355ce25a8502990df224c8454f3286af7,0.0276296296296296,horizon_scaling,1000
exp1_alignment_transfer:targeted:full:targeted_systematic_horizon_1000:2026-07-26T12:03:49.370544+00:00,paper,True,targeted,exp1_alignment_transfer,targeted_systematic_horizon_1000,27,systematic_misbinding,6e09fa90a1fcdeccc861cf2960bd31c4b60e2df4,57839e6123d5ed61dd16f09d3da4b687dceadb7e6c2a934854034adfa90c5458,b4bf2ad829be75d27f6ac4d3792968e90467c80f1b4949e56d7f1566f488630b,b4bf2ad829be75d27f6ac4d3792968e90467c80f1b4949e56d7f1566f488630b,2026-07-26T12:03:49.418543+00:00,learner_consequence,contextual_delayed_exp3,source_round,1000,166.02469135802465,0.1660246913580246,147.61728395061726,0.1476172839506172,985,15,54cbba1697c6689814dd464d350db2d743dd02bd0abfe8a61964a65e7c30ee4c,1a1f39bf42823e2f618800910c11921947b9739f12850b689283ec65349a75a0,1f8e772ee5a4f7f3beeaa8ddbd8ba601649f779e6541f876ba19165fe039ae61,9fba64998007ecbce2130f8ab165f24d24959ea3b912ef6052255999f0133c5b,2fc3a645468a4aa6173cceed5934686355ce25a8502990df224c8454f3286af7,0.0276296296296296,horizon_scaling,1000
exp1_alignment_transfer:targeted:full:targeted_systematic_horizon_5000:2026-07-26T12:03:49.650086+00:00,paper,True,targeted,exp1_alignment_transfer,targeted_systematic_horizon_5000,27,systematic_misbinding,6e09fa90a1fcdeccc861cf2960bd31c4b60e2df4,21563d9a7d6a3134d56776beef7f02b88fbe31e8f18ac118a957eac374c3df02,b4bf2ad829be75d27f6ac4d3792968e90467c80f1b4949e56d7f1566f488630b,b4bf2ad829be75d27f6ac4d3792968e90467c80f1b4949e56d7f1566f488630b,2026-07-26T12:03:49.704597+00:00,learner_consequence,contextual_delayed_exp3,arrival_clock,5000,885.3950617283949,0.177079012345679,791.753086419753,0.1583506172839506,4985,15,2365657a53d42e184f3c6d1928b6dc61927f98f44d7e81fa71dd0d6acdd3a187,903c66d8dfe924abd698c466997b2e40e6660654538fa590de238cfdb07ff569,05c0a13bedea88efc7a1265f3f5fdf2adae064f5352e022c1b56456eac8e8d27,46eb58f8413d966a86ff000cbbdf85e07a75f26b7b35f3eccda095372e6952b8,1cd4c0e94d2fb27b4be8a5cc471f867879179af4ecb141e4b58e963c798e21bf,0.0695259259259259,horizon_scaling,5000
exp1_alignment_transfer:targeted:full:targeted_systematic_horizon_5000:2026-07-26T12:03:49.650086+00:00,paper,True,targeted,exp1_alignment_transfer,targeted_systematic_horizon_5000,27,systematic_misbinding,6e09fa90a1fcdeccc861cf2960bd31c4b60e2df4,21563d9a7d6a3134d56776beef7f02b88fbe31e8f18ac118a957eac374c3df02,b4bf2ad829be75d27f6ac4d3792968e90467c80f1b4949e56d7f1566f488630b,b4bf2ad829be75d27f6ac4d3792968e90467c80f1b4949e56d7f1566f488630b,2026-07-26T12:03:49.704597+00:00,learner_consequence,contextual_delayed_exp3,source_round,5000,537.7654320987654,0.107553086419753,444.1234567901234,0.0888246913580246,4985,15,66a51bd1efa71e917f715d2ce78a127b93cbaee9a3ec2ff229dda83956d68662,903c66d8dfe924abd698c466997b2e40e6660654538fa590de238cfdb07ff569,05c0a13bedea88efc7a1265f3f5fdf2adae064f5352e022c1b56456eac8e8d27,46eb58f8413d966a86ff000cbbdf85e07a75f26b7b35f3eccda095372e6952b8,1cd4c0e94d2fb27b4be8a5cc471f867879179af4ecb141e4b58e963c798e21bf,0.0695259259259259,horizon_scaling,5000
exp1_alignment_transfer:targeted:full:targeted_systematic_horizon_10000:2026-07-26T12:03:50.750315+00:00,paper,True,targeted,exp1_alignment_transfer,targeted_systematic_horizon_10000,27,systematic_misbinding,6e09fa90a1fcdeccc861cf2960bd31c4b60e2df4,20fa105b3af7fa2eb97c8b7ed39f227f09ceef9b13f7c56ce48703547f2778de,b4bf2ad829be75d27f6ac4d3792968e90467c80f1b4949e56d7f1566f488630b,b4bf2ad829be75d27f6ac4d3792968e90467c80f1b4949e56d7f1566f488630b,2026-07-26T12:03:50.811361+00:00,learner_consequence,contextual_delayed_exp3,arrival_clock,10000,1747.1604938271605,0.174716049382716,1561.037037037037,0.1561037037037037,9985,15,656169cd979edfe3e4bf57136f0c4460d25335956ebc8a693c39bd233496182c,2c09888b122ddfdb4edbe96efb1a79212beb1950c53b89c8606c374cfe8c19f7,9a3dab6456f3b6354d982f2a8db9504dddc3b14a4bfd4dbcb121fc59e16fa63b,ce60369f22c5b7fd47c4d2728ad06a728415a3ba64bbe3b7696a18046f2e6a9c,e8d6080d51c2c929d032950e7573e7c0f13fbfb797d66cee6dc350327171926b,0.0892888888888888,horizon_scaling,10000
exp1_alignment_transfer:targeted:full:targeted_systematic_horizon_10000:2026-07-26T12:03:50.750315+00:00,paper,True,targeted,exp1_alignment_transfer,targeted_systematic_horizon_10000,27,systematic_misbinding,6e09fa90a1fcdeccc861cf2960bd31c4b60e2df4,20fa105b3af7fa2eb97c8b7ed39f227f09ceef9b13f7c56ce48703547f2778de,b4bf2ad829be75d27f6ac4d3792968e90467c80f1b4949e56d7f1566f488630b,b4bf2ad829be75d27f6ac4d3792968e90467c80f1b4949e56d7f1566f488630b,2026-07-26T12:03:50.811361+00:00,learner_consequence,contextual_delayed_exp3,source_round,10000,854.2716049382715,0.0854271604938271,668.148148148148,0.0668148148148148,9985,15,8e6c1ee011f51b6778e60b74490f324552061dcca4624a49556e4facb505856e,2c09888b122ddfdb4edbe96efb1a79212beb1950c53b89c8606c374cfe8c19f7,9a3dab6456f3b6354d982f2a8db9504dddc3b14a4bfd4dbcb121fc59e16fa63b,ce60369f22c5b7fd47c4d2728ad06a728415a3ba64bbe3b7696a18046f2e6a9c,e8d6080d51c2c929d032950e7573e7c0f13fbfb797d66cee6dc350327171926b,0.0892888888888888,horizon_scaling,10000
exp1_alignment_transfer:targeted:full:targeted_systematic_horizon_1000:2026-07-26T12:03:52.923574+00:00,paper,True,targeted,exp1_alignment_transfer,targeted_systematic_horizon_1000,28,systematic_misbinding,6e09fa90a1fcdeccc861cf2960bd31c4b60e2df4,57839e6123d5ed61dd16f09d3da4b687dceadb7e6c2a934854034adfa90c5458,b4bf2ad829be75d27f6ac4d3792968e90467c80f1b4949e56d7f1566f488630b,b4bf2ad829be75d27f6ac4d3792968e90467c80f1b4949e56d7f1566f488630b,2026-07-26T12:03:52.963058+00:00,learner_consequence,contextual_delayed_exp3,arrival_clock,1000,167.5185185185185,0.1675185185185185,147.9012345679012,0.1479012345679012,985,15,f7b90d59f5cde93a6efca0ca5fed4b9ad608fe0212aaf8d3722c9edc6cc2bbe1,7eeb43f339a64b72ba52a0aa9a8acaeab5d39b33efd631c09e247149ded8d022,940129c042d993f76b593902a661208698efc86cd75e464d1057282962a209b6,f91a18e46d7d244db8da123fde865ed83d494d635aa9f51a5900e770a0dc331c,a88acaca99ce05f51e3200134284cdfbdb6e7065b729a86d2e50afc30e7badc7,0.0228148148148148,horizon_scaling,1000
exp1_alignment_transfer:targeted:full:targeted_systematic_horizon_1000:2026-07-26T12:03:52.923574+00:00,paper,True,targeted,exp1_alignment_transfer,targeted_systematic_horizon_1000,28,systematic_misbinding,6e09fa90a1fcdeccc861cf2960bd31c4b60e2df4,57839e6123d5ed61dd16f09d3da4b687dceadb7e6c2a934854034adfa90c5458,b4bf2ad829be75d27f6ac4d3792968e90467c80f1b4949e56d7f1566f488630b,b4bf2ad829be75d27f6ac4d3792968e90467c80f1b4949e56d7f1566f488630b,2026-07-26T12:03:52.963058+00:00,learner_consequence,contextual_delayed_exp3,source_round,1000,144.7037037037037,0.1447037037037037,125.0864197530864,0.1250864197530864,985,15,b594287a29c6a679109528050bd45001d1aa24f54fe21bdbedc7a0bf23d269e4,7eeb43f339a64b72ba52a0aa9a8acaeab5d39b33efd631c09e247149ded8d022,940129c042d993f76b593902a661208698efc86cd75e464d1057282962a209b6,f91a18e46d7d244db8da123fde865ed83d494d635aa9f51a5900e770a0dc331c,a88acaca99ce05f51e3200134284cdfbdb6e7065b729a86d2e50afc30e7badc7,0.0228148148148148,horizon_scaling,1000
exp1_alignment_transfer:targeted:full:targeted_systematic_horizon_5000:2026-07-26T12:03:53.245882+00:00,paper,True,targeted,exp1_alignment_transfer,targeted_systematic_horizon_5000,28,systematic_misbinding,6e09fa90a1fcdeccc861cf2960bd31c4b60e2df4,21563d9a7d6a3134d56776beef7f02b88fbe31e8f18ac118a957eac374c3df02,b4bf2ad829be75d27f6ac4d3792968e90467c80f1b4949e56d7f1566f488630b,b4bf2ad829be75d27f6ac4d3792968e90467c80f1b4949e56d7f1566f488630b,2026-07-26T12:03:53.297937+00:00,learner_consequence,contextual_delayed_exp3,arrival_clock,5000,903.3333333333331,0.1806666666666666,806.7654320987654,0.161353086419753,4985,15,0e7485d5c4543dec94892ba3ce7a8e41cd7042431620838f61f8a9a368a8de79,fa0ea78c4cf53f062dc5da095e017be4ed3dbf6be908f838f123b82fdd3902a6,fc6f62a5bf3c29b387a8cb8045e96dcbffd37dabf50fd949add6aeaff3361bbc,c2d0a50a0c7617c0bf87f9808a4e4480edcce781e52d9303e9ecd1ae49d50d88,1729704086c61a1ca1f6651c14ac76bac69d3e5e4cb955649cc7109ed23034f4,0.0732814814814814,horizon_scaling,5000
exp1_alignment_transfer:targeted:full:targeted_systematic_horizon_5000:2026-07-26T12:03:53.245882+00:00,paper,True,targeted,exp1_alignment_transfer,targeted_systematic_horizon_5000,28,systematic_misbinding,6e09fa90a1fcdeccc861cf2960bd31c4b60e2df4,21563d9a7d6a3134d56776beef7f02b88fbe31e8f18ac118a957eac374c3df02,b4bf2ad829be75d27f6ac4d3792968e90467c80f1b4949e56d7f1566f488630b,b4bf2ad829be75d27f6ac4d3792968e90467c80f1b4949e56d7f1566f488630b,2026-07-26T12:03:53.297937+00:00,learner_consequence,contextual_delayed_exp3,source_round,5000,536.9259259259259,0.1073851851851851,440.358024691358,0.0880716049382716,4985,15,8353c816726d86bc9c2bf990b8e8bbe929a6332953392c076775460bbcad7915,fa0ea78c4cf53f062dc5da095e017be4ed3dbf6be908f838f123b82fdd3902a6,fc6f62a5bf3c29b387a8cb8045e96dcbffd37dabf50fd949add6aeaff3361bbc,c2d0a50a0c7617c0bf87f9808a4e4480edcce781e52d9303e9ecd1ae49d50d88,1729704086c61a1ca1f6651c14ac76bac69d3e5e4cb955649cc7109ed23034f4,0.0732814814814814,horizon_scaling,5000
exp1_alignment_transfer:targeted:full:targeted_systematic_horizon_10000:2026-07-26T12:03:54.614053+00:00,paper,True,targeted,exp1_alignment_transfer,targeted_systematic_horizon_10000,28,systematic_misbinding,6e09fa90a1fcdeccc861cf2960bd31c4b60e2df4,20fa105b3af7fa2eb97c8b7ed39f227f09ceef9b13f7c56ce48703547f2778de,b4bf2ad829be75d27f6ac4d3792968e90467c80f1b4949e56d7f1566f488630b,b4bf2ad829be75d27f6ac4d3792968e90467c80f1b4949e56d7f1566f488630b,2026-07-26T12:03:54.677659+00:00,learner_consequence,contextual_delayed_exp3,arrival_clock,10000,1799.1111111111109,0.179911111111111,1611.0493827160492,0.1611049382716049,9985,15,48b73da283ed7e4a31c8cae6df88b37571131d730ebf82c406b3d5ab02ba8c7d,8a00d970c4309e51034ae50362de664aa0609ef64d91109efd2efd7abc7b229b,166e5abbbe14b49dadfd4d28e146507c46edc00df4d12008d753cadc9d95d55b,186e0291232c7aeefe69448f9d3fe1c81b313085e856544ad36486617c3afccd,745946a59f4446f84efc209a0e80dda9d07ed8226fbaa7a3bdb665f047e949ac,0.0951037037037036,horizon_scaling,10000
exp1_alignment_transfer:targeted:full:targeted_systematic_horizon_10000:2026-07-26T12:03:54.614053+00:00,paper,True,targeted,exp1_alignment_transfer,targeted_systematic_horizon_10000,28,systematic_misbinding,6e09fa90a1fcdeccc861cf2960bd31c4b60e2df4,20fa105b3af7fa2eb97c8b7ed39f227f09ceef9b13f7c56ce48703547f2778de,b4bf2ad829be75d27f6ac4d3792968e90467c80f1b4949e56d7f1566f488630b,b4bf2ad829be75d27f6ac4d3792968e90467c80f1b4949e56d7f1566f488630b,2026-07-26T12:03:54.677659+00:00,learner_consequence,contextual_delayed_exp3,source_round,10000,848.0740740740739,0.0848074074074073,660.0123456790122,0.0660012345679012,9985,15,ce46b0b7bf7630e3072bf4e3fbde4b4cb7e7075b6c384ed23e7291948f27610b,8a00d970c4309e51034ae50362de664aa0609ef64d91109efd2efd7abc7b229b,166e5abbbe14b49dadfd4d28e146507c46edc00df4d12008d753cadc9d95d55b,186e0291232c7aeefe69448f9d3fe1c81b313085e856544ad36486617c3afccd,745946a59f4446f84efc209a0e80dda9d07ed8226fbaa7a3bdb665f047e949ac,0.0951037037037036,horizon_scaling,10000
exp1_alignment_transfer:targeted:full:targeted_systematic_horizon_1000:2026-07-26T12:03:56.878659+00:00,paper,True,targeted,exp1_alignment_transfer,targeted_systematic_horizon_1000,29,systematic_misbinding,6e09fa90a1fcdeccc861cf2960bd31c4b60e2df4,57839e6123d5ed61dd16f09d3da4b687dceadb7e6c2a934854034adfa90c5458,b4bf2ad829be75d27f6ac4d3792968e90467c80f1b4949e56d7f1566f488630b,b4bf2ad829be75d27f6ac4d3792968e90467c80f1b4949e56d7f1566f488630b,2026-07-26T12:03:56.929462+00:00,learner_consequence,contextual_delayed_exp3,arrival_clock,1000,183.7037037037037,0.1837037037037037,166.50617283950615,0.1665061728395061,985,15,30518ad9ebdc9de6f0ea6877cd234026c52de237f14ab374224ec7f131a1c5c0,951a0d2a5862fffd047e1341d442e3768e85fa571ef2025d0abe0b261b1e65d6,c8eedb6538cdbc0db4978cd45658fed4d12a591cc3c93e10edd470eb7c9cdd78,30dc8be8dc2cf25fe0b0160586f089c0e7ba5aa3822ce8a1a044bd3960925dc5,e56e8d77b1c218058b326d07a2e84d6f53a02971170ba1ce7cc9c77e231584fe,0.0247283950617284,horizon_scaling,1000
exp1_alignment_transfer:targeted:full:targeted_systematic_horizon_1000:2026-07-26T12:03:56.878659+00:00,paper,True,targeted,exp1_alignment_transfer,targeted_systematic_horizon_1000,29,systematic_misbinding,6e09fa90a1fcdeccc861cf2960bd31c4b60e2df4,57839e6123d5ed61dd16f09d3da4b687dceadb7e6c2a934854034adfa90c5458,b4bf2ad829be75d27f6ac4d3792968e90467c80f1b4949e56d7f1566f488630b,b4bf2ad829be75d27f6ac4d3792968e90467c80f1b4949e56d7f1566f488630b,2026-07-26T12:03:56.929462+00:00,learner_consequence,contextual_delayed_exp3,source_round,1000,158.9753086419753,0.1589753086419753,141.77777777777777,0.1417777777777777,985,15,2d7072aac996cea8405d2e04febd5f452dc5e2a2aea7d85dc913e66d3b497700,951a0d2a5862fffd047e1341d442e3768e85fa571ef2025d0abe0b261b1e65d6,c8eedb6538cdbc0db4978cd45658fed4d12a591cc3c93e10edd470eb7c9cdd78,30dc8be8dc2cf25fe0b0160586f089c0e7ba5aa3822ce8a1a044bd3960925dc5,e56e8d77b1c218058b326d07a2e84d6f53a02971170ba1ce7cc9c77e231584fe,0.0247283950617284,horizon_scaling,1000
exp1_alignment_transfer:targeted:full:targeted_systematic_horizon_5000:2026-07-26T12:03:57.245110+00:00,paper,True,targeted,exp1_alignment_transfer,targeted_systematic_horizon_5000,29,systematic_misbinding,6e09fa90a1fcdeccc861cf2960bd31c4b60e2df4,21563d9a7d6a3134d56776beef7f02b88fbe31e8f18ac118a957eac374c3df02,b4bf2ad829be75d27f6ac4d3792968e90467c80f1b4949e56d7f1566f488630b,b4bf2ad829be75d27f6ac4d3792968e90467c80f1b4949e56d7f1566f488630b,2026-07-26T12:03:57.318075+00:00,learner_consequence,contextual_delayed_exp3,arrival_clock,5000,876.148148148148,0.1752296296296296,785.3827160493826,0.1570765432098765,4985,15,3034bc1439f1f21d042f46de5bab82e4cf61f4a26789d90840ad0e5a0366b960,b2ae9938fed49893867584371c3659995b2bf635ec55de1475bbdfa01344d8f1,28db95969dbf6204ec00ded4f4ccb00b531f20e62d0c9edb8d213c13885cda23,46391ca745341195e353e3c92f7ef6ceb2ead6b74491f0c86736bb4f2aa670f8,f92dcdd4de4c24f4fe3b4b609050f7f96a0b2a2d38a4c239638a9159c2c1044a,0.0688913580246913,horizon_scaling,5000
exp1_alignment_transfer:targeted:full:targeted_systematic_horizon_5000:2026-07-26T12:03:57.245110+00:00,paper,True,targeted,exp1_alignment_transfer,targeted_systematic_horizon_5000,29,systematic_misbinding,6e09fa90a1fcdeccc861cf2960bd31c4b60e2df4,21563d9a7d6a3134d56776beef7f02b88fbe31e8f18ac118a957eac374c3df02,b4bf2ad829be75d27f6ac4d3792968e90467c80f1b4949e56d7f1566f488630b,b4bf2ad829be75d27f6ac4d3792968e90467c80f1b4949e56d7f1566f488630b,2026-07-26T12:03:57.318075+00:00,learner_consequence,contextual_delayed_exp3,source_round,5000,531.6913580246913,0.1063382716049382,440.92592592592587,0.0881851851851851,4985,15,c5ea14bc97e5918c4360a03dcce2d107971d65170915066ce274a6d29f5fd779,b2ae9938fed49893867584371c3659995b2bf635ec55de1475bbdfa01344d8f1,28db95969dbf6204ec00ded4f4ccb00b531f20e62d0c9edb8d213c13885cda23,46391ca745341195e353e3c92f7ef6ceb2ead6b74491f0c86736bb4f2aa670f8,f92dcdd4de4c24f4fe3b4b609050f7f96a0b2a2d38a4c239638a9159c2c1044a,0.0688913580246913,horizon_scaling,5000
exp1_alignment_transfer:targeted:full:targeted_systematic_horizon_10000:2026-07-26T12:03:58.609871+00:00,paper,True,targeted,exp1_alignment_transfer,targeted_systematic_horizon_10000,29,systematic_misbinding,6e09fa90a1fcdeccc861cf2960bd31c4b60e2df4,20fa105b3af7fa2eb97c8b7ed39f227f09ceef9b13f7c56ce48703547f2778de,b4bf2ad829be75d27f6ac4d3792968e90467c80f1b4949e56d7f1566f488630b,b4bf2ad829be75d27f6ac4d3792968e90467c80f1b4949e56d7f1566f488630b,2026-07-26T12:03:58.675579+00:00,learner_consequence,contextual_delayed_exp3,arrival_clock,10000,1740.617283950617,0.1740617283950617,1557.1728395061723,0.1557172839506172,9985,15,80f2d661449cf57da41e32f9bcd02bad8902f0b3130c42623b835e6656af2b26,c8510d5e6619bfcb2307d8926a021b28b70b8580c13b6e45d8e0c49a935163ec,1e885db1289503c127ff99d50047e60903f68169a27e6e46b1a046ee5768fd53,4ffc18bfa94ba869288ac29419913921e1ff61dba7130912f0acc5f7777085b8,5017ea0ae516c5a25405cec4688caf38ee73378fdba4dab55af7e70c7fdcb31e,0.0884901234567901,horizon_scaling,10000
exp1_alignment_transfer:targeted:full:targeted_systematic_horizon_10000:2026-07-26T12:03:58.609871+00:00,paper,True,targeted,exp1_alignment_transfer,targeted_systematic_horizon_10000,29,systematic_misbinding,6e09fa90a1fcdeccc861cf2960bd31c4b60e2df4,20fa105b3af7fa2eb97c8b7ed39f227f09ceef9b13f7c56ce48703547f2778de,b4bf2ad829be75d27f6ac4d3792968e90467c80f1b4949e56d7f1566f488630b,b4bf2ad829be75d27f6ac4d3792968e90467c80f1b4949e56d7f1566f488630b,2026-07-26T12:03:58.675579+00:00,learner_consequence,contextual_delayed_exp3,source_round,10000,855.7160493827159,0.0855716049382716,672.2716049382716,0.0672271604938271,9985,15,76024f13cec603a9dccec4b46929ecc4029747a48f2d9746d42b920a2c8eca0b,c8510d5e6619bfcb2307d8926a021b28b70b8580c13b6e45d8e0c49a935163ec,1e885db1289503c127ff99d50047e60903f68169a27e6e46b1a046ee5768fd53,4ffc18bfa94ba869288ac29419913921e1ff61dba7130912f0acc5f7777085b8,5017ea0ae516c5a25405cec4688caf38ee73378fdba4dab55af7e70c7fdcb31e,0.0884901234567901,horizon_scaling,10000
