delay_setting,regime,n,proxy_state_error_mean,proxy_state_error_se,regret_per_round,regret_per_round_se,mean_delay,mean_delay_se
proxy_good_matched_15,unlabelled,30,0.2168186008264736,0.0005437663248077675,0.9331068512589382,0.032491090964677984,15.00011307013695,1.9642377937949392e-05
proxy_bad_matched_15,unlabelled,30,0.6803731050831184,0.006172330818284042,1.1958470255976172,0.03489586541845302,15.00011307013695,1.9642377937949392e-05
