run_id,run_tier,paper_result,analysis_tier,experiment_id,configuration_id,seed,mechanism_id,code_commit,config_hash,input_manifest_hash,calibration_manifest_hash,generated_at,analysis_component,learner_id,feedback_binding_id,n_rounds,structural_regret,structural_regret_rate,context_constrained_regret,context_constrained_regret_rate,feedback_units_processed,terminal_unobserved_feedback,final_log_weight_hash,structural_path_hash,delay_path_hash,learner_uniform_tape_hash,bundle_hash,paired_arrival_minus_source_regret_rate
exp1_alignment_transfer:full:2026-08-17T06:28:21.157011+00:00,paper,True,primary,exp1_alignment_transfer,primary_t5000_k10,0,zero_delay,23199c4827c06f76d1d9a7a4fc39e56e21eb26b8,1738aa639b37c24c9a687969970adb435313e91ca717b336ca50525dd7d4e928,3ebb8ce93cecd9d76ef6358493113e3d186b46dc569038f73332c9cc58c495a3,3ebb8ce93cecd9d76ef6358493113e3d186b46dc569038f73332c9cc58c495a3,2026-08-17T06:28:21.157011+00:00,learner_consequence,contextual_delayed_exp3,arrival_clock,5000,566.4136954115705,0.1132827390823141,498.8212233248355,0.0997642446649671,5000,0,fc1378235b7c9b0b40553b12f65a4df2d89d32460354f32e7ff1bc5197ed6807,3eac5d8df853cf8877a8cf2da4676afa083247dfec16cc899f30c0dac1d94879,268ebd633d8cae2456643389a01c40a2afb9a6d7c5ac1e80d420509c0ffe817f,8a258e2df74321bce841079d8a6cc78cb6483f6c9d87ede96c0b9cc5aaa70878,3fa967f47994dd3a359f1c4c956468a89b6e886da9a9ef9e42562d9905663505,0.0
exp1_alignment_transfer:full:2026-08-17T06:28:21.157011+00:00,paper,True,primary,exp1_alignment_transfer,primary_t5000_k10,0,zero_delay,23199c4827c06f76d1d9a7a4fc39e56e21eb26b8,1738aa639b37c24c9a687969970adb435313e91ca717b336ca50525dd7d4e928,3ebb8ce93cecd9d76ef6358493113e3d186b46dc569038f73332c9cc58c495a3,3ebb8ce93cecd9d76ef6358493113e3d186b46dc569038f73332c9cc58c495a3,2026-08-17T06:28:21.157011+00:00,learner_consequence,contextual_delayed_exp3,source_round,5000,566.4136954115705,0.1132827390823141,498.8212233248355,0.0997642446649671,5000,0,fc1378235b7c9b0b40553b12f65a4df2d89d32460354f32e7ff1bc5197ed6807,3eac5d8df853cf8877a8cf2da4676afa083247dfec16cc899f30c0dac1d94879,268ebd633d8cae2456643389a01c40a2afb9a6d7c5ac1e80d420509c0ffe817f,8a258e2df74321bce841079d8a6cc78cb6483f6c9d87ede96c0b9cc5aaa70878,3fa967f47994dd3a359f1c4c956468a89b6e886da9a9ef9e42562d9905663505,0.0
exp1_alignment_transfer:full:2026-08-17T06:28:21.157011+00:00,paper,True,primary,exp1_alignment_transfer,primary_t5000_k10,0,exact_valid_shift,23199c4827c06f76d1d9a7a4fc39e56e21eb26b8,1738aa639b37c24c9a687969970adb435313e91ca717b336ca50525dd7d4e928,3ebb8ce93cecd9d76ef6358493113e3d186b46dc569038f73332c9cc58c495a3,3ebb8ce93cecd9d76ef6358493113e3d186b46dc569038f73332c9cc58c495a3,2026-08-17T06:28:21.157011+00:00,learner_consequence,contextual_delayed_exp3,arrival_clock,5000,1025.352,0.2050703999999999,457.176,0.0914352,4984,16,31a7b06aa88b480a992a3893a48dec625e656c45722b830f2f276f8427d787ae,28b553f55321b08af6ca7287240a03bf6442722a6a48d8da4f237af9d99d735e,449d0528613e9bd741367ae635170bd2e73e6815704622422f7f064e1aabef19,8a258e2df74321bce841079d8a6cc78cb6483f6c9d87ede96c0b9cc5aaa70878,871153d792dc57abad298d467fd65b69c0e0c0d29eb7a3dbbcdb1a3403ea677c,0.0734207999999999
exp1_alignment_transfer:full:2026-08-17T06:28:21.157011+00:00,paper,True,primary,exp1_alignment_transfer,primary_t5000_k10,0,exact_valid_shift,23199c4827c06f76d1d9a7a4fc39e56e21eb26b8,1738aa639b37c24c9a687969970adb435313e91ca717b336ca50525dd7d4e928,3ebb8ce93cecd9d76ef6358493113e3d186b46dc569038f73332c9cc58c495a3,3ebb8ce93cecd9d76ef6358493113e3d186b46dc569038f73332c9cc58c495a3,2026-08-17T06:28:21.157011+00:00,learner_consequence,contextual_delayed_exp3,source_round,5000,658.248,0.1316496,90.072,0.0180144,4984,16,83afb77402bfa9f608c01e557f35e385d6afe729126ee03055d2ef27e350bec8,28b553f55321b08af6ca7287240a03bf6442722a6a48d8da4f237af9d99d735e,449d0528613e9bd741367ae635170bd2e73e6815704622422f7f064e1aabef19,8a258e2df74321bce841079d8a6cc78cb6483f6c9d87ede96c0b9cc5aaa70878,871153d792dc57abad298d467fd65b69c0e0c0d29eb7a3dbbcdb1a3403ea677c,0.0734207999999999
exp1_alignment_transfer:full:2026-08-17T06:28:21.157011+00:00,paper,True,primary,exp1_alignment_transfer,primary_t5000_k10,0,geometric_delay,23199c4827c06f76d1d9a7a4fc39e56e21eb26b8,1738aa639b37c24c9a687969970adb435313e91ca717b336ca50525dd7d4e928,3ebb8ce93cecd9d76ef6358493113e3d186b46dc569038f73332c9cc58c495a3,3ebb8ce93cecd9d76ef6358493113e3d186b46dc569038f73332c9cc58c495a3,2026-08-17T06:28:21.157011+00:00,learner_consequence,contextual_delayed_exp3,arrival_clock,5000,879.3771447863146,0.1758754289572629,811.7846726995796,0.1623569345399159,4984,16,52078eb135b5af0f5bd7edaa0639c0cc842aea1f929d88ec4ff773d65a667796,3eac5d8df853cf8877a8cf2da4676afa083247dfec16cc899f30c0dac1d94879,449d0528613e9bd741367ae635170bd2e73e6815704622422f7f064e1aabef19,8a258e2df74321bce841079d8a6cc78cb6483f6c9d87ede96c0b9cc5aaa70878,2cc225e7fbf2b226013473ba18601150be26ee3318d8fa69d9da24e89ab278b8,0.0614366749902419
exp1_alignment_transfer:full:2026-08-17T06:28:21.157011+00:00,paper,True,primary,exp1_alignment_transfer,primary_t5000_k10,0,geometric_delay,23199c4827c06f76d1d9a7a4fc39e56e21eb26b8,1738aa639b37c24c9a687969970adb435313e91ca717b336ca50525dd7d4e928,3ebb8ce93cecd9d76ef6358493113e3d186b46dc569038f73332c9cc58c495a3,3ebb8ce93cecd9d76ef6358493113e3d186b46dc569038f73332c9cc58c495a3,2026-08-17T06:28:21.157011+00:00,learner_consequence,contextual_delayed_exp3,source_round,5000,572.1937698351051,0.114438753967021,504.6012977483699,0.1009202595496739,4984,16,1e65c03f5f36fac7a1d2e4bbc94b3c0135806ea12e07e1a15226c3bb7ea50877,3eac5d8df853cf8877a8cf2da4676afa083247dfec16cc899f30c0dac1d94879,449d0528613e9bd741367ae635170bd2e73e6815704622422f7f064e1aabef19,8a258e2df74321bce841079d8a6cc78cb6483f6c9d87ede96c0b9cc5aaa70878,2cc225e7fbf2b226013473ba18601150be26ee3318d8fa69d9da24e89ab278b8,0.0614366749902419
exp1_alignment_transfer:full:2026-08-17T06:28:21.157011+00:00,paper,True,primary,exp1_alignment_transfer,primary_t5000_k10,0,mixture_delay,23199c4827c06f76d1d9a7a4fc39e56e21eb26b8,1738aa639b37c24c9a687969970adb435313e91ca717b336ca50525dd7d4e928,3ebb8ce93cecd9d76ef6358493113e3d186b46dc569038f73332c9cc58c495a3,3ebb8ce93cecd9d76ef6358493113e3d186b46dc569038f73332c9cc58c495a3,2026-08-17T06:28:21.157011+00:00,learner_consequence,contextual_delayed_exp3,arrival_clock,5000,819.1575361680932,0.1638315072336186,751.5650640813582,0.1503130128162716,4986,14,b82f363c9d4cf506c16babad0c19febfd72bcf1c699f20d24a57000c9b60146f,3eac5d8df853cf8877a8cf2da4676afa083247dfec16cc899f30c0dac1d94879,95b86f31126013e987d75ec39425a4d23109d138792a20894a636f22af3bcd9a,8a258e2df74321bce841079d8a6cc78cb6483f6c9d87ede96c0b9cc5aaa70878,c469671b621914772b258f5398ac5e13efef2afcfa0e9bb1cba95f06052deb16,0.0495612357717679
exp1_alignment_transfer:full:2026-08-17T06:28:21.157011+00:00,paper,True,primary,exp1_alignment_transfer,primary_t5000_k10,0,mixture_delay,23199c4827c06f76d1d9a7a4fc39e56e21eb26b8,1738aa639b37c24c9a687969970adb435313e91ca717b336ca50525dd7d4e928,3ebb8ce93cecd9d76ef6358493113e3d186b46dc569038f73332c9cc58c495a3,3ebb8ce93cecd9d76ef6358493113e3d186b46dc569038f73332c9cc58c495a3,2026-08-17T06:28:21.157011+00:00,learner_consequence,contextual_delayed_exp3,source_round,5000,571.3513573092536,0.1142702714618507,503.7588852225185,0.1007517770445037,4986,14,b2482bf65ef11574daab8e6beb65174c5c0fdc7a1db88695e7abb462716a385f,3eac5d8df853cf8877a8cf2da4676afa083247dfec16cc899f30c0dac1d94879,95b86f31126013e987d75ec39425a4d23109d138792a20894a636f22af3bcd9a,8a258e2df74321bce841079d8a6cc78cb6483f6c9d87ede96c0b9cc5aaa70878,c469671b621914772b258f5398ac5e13efef2afcfa0e9bb1cba95f06052deb16,0.0495612357717679
exp1_alignment_transfer:full:2026-08-17T06:28:21.157011+00:00,paper,True,primary,exp1_alignment_transfer,primary_t5000_k10,0,state_coupled_delay,23199c4827c06f76d1d9a7a4fc39e56e21eb26b8,1738aa639b37c24c9a687969970adb435313e91ca717b336ca50525dd7d4e928,3ebb8ce93cecd9d76ef6358493113e3d186b46dc569038f73332c9cc58c495a3,3ebb8ce93cecd9d76ef6358493113e3d186b46dc569038f73332c9cc58c495a3,2026-08-17T06:28:21.157011+00:00,learner_consequence,contextual_delayed_exp3,arrival_clock,5000,864.7139677102375,0.1729427935420475,797.1214956235024,0.1594242991247004,4987,13,ef436fbe7afa8202e46ca5cd0618c92cf4657792c78d526eed787e6ab75aa523,3eac5d8df853cf8877a8cf2da4676afa083247dfec16cc899f30c0dac1d94879,85e53285c75534ccb468b770bdea0c61945440a1ba60c04b6a01f8fcbdcddded,8a258e2df74321bce841079d8a6cc78cb6483f6c9d87ede96c0b9cc5aaa70878,c7fd6f52f812db3d20f75b0f277ca28f4076a1a0d4828b714ae8c06b93673ca2,0.0587562596246135
exp1_alignment_transfer:full:2026-08-17T06:28:21.157011+00:00,paper,True,primary,exp1_alignment_transfer,primary_t5000_k10,0,state_coupled_delay,23199c4827c06f76d1d9a7a4fc39e56e21eb26b8,1738aa639b37c24c9a687969970adb435313e91ca717b336ca50525dd7d4e928,3ebb8ce93cecd9d76ef6358493113e3d186b46dc569038f73332c9cc58c495a3,3ebb8ce93cecd9d76ef6358493113e3d186b46dc569038f73332c9cc58c495a3,2026-08-17T06:28:21.157011+00:00,learner_consequence,contextual_delayed_exp3,source_round,5000,570.9326695871698,0.1141865339174339,503.3401975004348,0.1006680395000869,4987,13,756b05a0379e2689e164f4e7b2ff6dab324bde403793f21709032a938c28a368,3eac5d8df853cf8877a8cf2da4676afa083247dfec16cc899f30c0dac1d94879,85e53285c75534ccb468b770bdea0c61945440a1ba60c04b6a01f8fcbdcddded,8a258e2df74321bce841079d8a6cc78cb6483f6c9d87ede96c0b9cc5aaa70878,c7fd6f52f812db3d20f75b0f277ca28f4076a1a0d4828b714ae8c06b93673ca2,0.0587562596246135
exp1_alignment_transfer:full:2026-08-17T06:28:21.157011+00:00,paper,True,primary,exp1_alignment_transfer,primary_t5000_k10,0,systematic_misbinding,23199c4827c06f76d1d9a7a4fc39e56e21eb26b8,1738aa639b37c24c9a687969970adb435313e91ca717b336ca50525dd7d4e928,3ebb8ce93cecd9d76ef6358493113e3d186b46dc569038f73332c9cc58c495a3,3ebb8ce93cecd9d76ef6358493113e3d186b46dc569038f73332c9cc58c495a3,2026-08-17T06:28:21.157011+00:00,learner_consequence,contextual_delayed_exp3,arrival_clock,5000,876.6172839506172,0.1753234567901234,786.0123456790122,0.1572024691358024,4985,15,9f63eb0fec113bce44ca7f57f3c286880b0be749ff8aa688950359204d23c045,518ddbe24dffbe578c3230b8f34f940a3e1069b5126fe8202e35306eb3cb3423,af5a1a0b23e1ac7af58311708632d7004a3b87cf594d371805774f01b9a41769,8a258e2df74321bce841079d8a6cc78cb6483f6c9d87ede96c0b9cc5aaa70878,ddc144ce815d56b6392d282b47d515ee8eb64deccd1f467d19c2642730e5da43,0.0703679012345678
exp1_alignment_transfer:full:2026-08-17T06:28:21.157011+00:00,paper,True,primary,exp1_alignment_transfer,primary_t5000_k10,0,systematic_misbinding,23199c4827c06f76d1d9a7a4fc39e56e21eb26b8,1738aa639b37c24c9a687969970adb435313e91ca717b336ca50525dd7d4e928,3ebb8ce93cecd9d76ef6358493113e3d186b46dc569038f73332c9cc58c495a3,3ebb8ce93cecd9d76ef6358493113e3d186b46dc569038f73332c9cc58c495a3,2026-08-17T06:28:21.157011+00:00,learner_consequence,contextual_delayed_exp3,source_round,5000,524.7777777777777,0.1049555555555555,434.1728395061728,0.0868345679012345,4985,15,c0b5a739df2101cb916db50b6ad1f2f39761b8ac567c8da8ec833c02ebd8d46f,518ddbe24dffbe578c3230b8f34f940a3e1069b5126fe8202e35306eb3cb3423,af5a1a0b23e1ac7af58311708632d7004a3b87cf594d371805774f01b9a41769,8a258e2df74321bce841079d8a6cc78cb6483f6c9d87ede96c0b9cc5aaa70878,ddc144ce815d56b6392d282b47d515ee8eb64deccd1f467d19c2642730e5da43,0.0703679012345678
exp1_alignment_transfer:full:2026-08-17T06:28:21.157011+00:00,paper,True,primary,exp1_alignment_transfer,primary_t5000_k10,1,zero_delay,23199c4827c06f76d1d9a7a4fc39e56e21eb26b8,1738aa639b37c24c9a687969970adb435313e91ca717b336ca50525dd7d4e928,3ebb8ce93cecd9d76ef6358493113e3d186b46dc569038f73332c9cc58c495a3,3ebb8ce93cecd9d76ef6358493113e3d186b46dc569038f73332c9cc58c495a3,2026-08-17T06:28:21.157011+00:00,learner_consequence,contextual_delayed_exp3,arrival_clock,5000,549.3807013060772,0.1098761402612154,476.971164160272,0.0953942328320544,5000,0,24c9dd5349c0559b24adf271266ea8ab37e2b51ae0162f257d9c0665e398f6fa,e1430fe6f9f591e9188c1a5b7f54fe22e3e9178eae3e37f663672f70a33fb6cb,658cb8be65c4ca17482408f5da952d89e3b98411888e39480738492235a64014,8175329a155820b75fc606818dd1371946844bb4bbbaf586983154f65d95c6d3,eb023c949e50c33ceae21063b3dfcacd0713d74b013f307c4df4761f3384ba93,0.0
exp1_alignment_transfer:full:2026-08-17T06:28:21.157011+00:00,paper,True,primary,exp1_alignment_transfer,primary_t5000_k10,1,zero_delay,23199c4827c06f76d1d9a7a4fc39e56e21eb26b8,1738aa639b37c24c9a687969970adb435313e91ca717b336ca50525dd7d4e928,3ebb8ce93cecd9d76ef6358493113e3d186b46dc569038f73332c9cc58c495a3,3ebb8ce93cecd9d76ef6358493113e3d186b46dc569038f73332c9cc58c495a3,2026-08-17T06:28:21.157011+00:00,learner_consequence,contextual_delayed_exp3,source_round,5000,549.3807013060772,0.1098761402612154,476.971164160272,0.0953942328320544,5000,0,24c9dd5349c0559b24adf271266ea8ab37e2b51ae0162f257d9c0665e398f6fa,e1430fe6f9f591e9188c1a5b7f54fe22e3e9178eae3e37f663672f70a33fb6cb,658cb8be65c4ca17482408f5da952d89e3b98411888e39480738492235a64014,8175329a155820b75fc606818dd1371946844bb4bbbaf586983154f65d95c6d3,eb023c949e50c33ceae21063b3dfcacd0713d74b013f307c4df4761f3384ba93,0.0
exp1_alignment_transfer:full:2026-08-17T06:28:21.157011+00:00,paper,True,primary,exp1_alignment_transfer,primary_t5000_k10,1,exact_valid_shift,23199c4827c06f76d1d9a7a4fc39e56e21eb26b8,1738aa639b37c24c9a687969970adb435313e91ca717b336ca50525dd7d4e928,3ebb8ce93cecd9d76ef6358493113e3d186b46dc569038f73332c9cc58c495a3,3ebb8ce93cecd9d76ef6358493113e3d186b46dc569038f73332c9cc58c495a3,2026-08-17T06:28:21.157011+00:00,learner_consequence,contextual_delayed_exp3,arrival_clock,5000,1017.696,0.2035392,558.144,0.1116288,4987,13,060c1942d47d595d83afcdee5d787c218c2d71f15cf2f59a12f5e585583d2bec,6cb9c19ed48285c0fb9ecf835697bf0b11513cb5955377cd2de515b21a563469,89eff64041f2ff6c415bb09978616cc0077c546d34080b751ab6327c9f017bbe,8175329a155820b75fc606818dd1371946844bb4bbbaf586983154f65d95c6d3,8e6bfb481c7323bebffe69cbb745a0cc000e1a95e5ada1375aba57f6f5dbe141,0.0729312
exp1_alignment_transfer:full:2026-08-17T06:28:21.157011+00:00,paper,True,primary,exp1_alignment_transfer,primary_t5000_k10,1,exact_valid_shift,23199c4827c06f76d1d9a7a4fc39e56e21eb26b8,1738aa639b37c24c9a687969970adb435313e91ca717b336ca50525dd7d4e928,3ebb8ce93cecd9d76ef6358493113e3d186b46dc569038f73332c9cc58c495a3,3ebb8ce93cecd9d76ef6358493113e3d186b46dc569038f73332c9cc58c495a3,2026-08-17T06:28:21.157011+00:00,learner_consequence,contextual_delayed_exp3,source_round,5000,653.0400000000001,0.130608,193.48800000000003,0.0386976,4987,13,e7508859213b8b01a329a38d25f523dcff938ec92f15833a7461342ba1986d2c,6cb9c19ed48285c0fb9ecf835697bf0b11513cb5955377cd2de515b21a563469,89eff64041f2ff6c415bb09978616cc0077c546d34080b751ab6327c9f017bbe,8175329a155820b75fc606818dd1371946844bb4bbbaf586983154f65d95c6d3,8e6bfb481c7323bebffe69cbb745a0cc000e1a95e5ada1375aba57f6f5dbe141,0.0729312
exp1_alignment_transfer:full:2026-08-17T06:28:21.157011+00:00,paper,True,primary,exp1_alignment_transfer,primary_t5000_k10,1,geometric_delay,23199c4827c06f76d1d9a7a4fc39e56e21eb26b8,1738aa639b37c24c9a687969970adb435313e91ca717b336ca50525dd7d4e928,3ebb8ce93cecd9d76ef6358493113e3d186b46dc569038f73332c9cc58c495a3,3ebb8ce93cecd9d76ef6358493113e3d186b46dc569038f73332c9cc58c495a3,2026-08-17T06:28:21.157011+00:00,learner_consequence,contextual_delayed_exp3,arrival_clock,5000,806.3975701664715,0.1612795140332943,733.9880330206664,0.1467976066041333,4987,13,4ddf5f08d86a56b7cadcc54a69b465851b3b1bfde6c115f7c1993f3ad46fb3c8,e1430fe6f9f591e9188c1a5b7f54fe22e3e9178eae3e37f663672f70a33fb6cb,89eff64041f2ff6c415bb09978616cc0077c546d34080b751ab6327c9f017bbe,8175329a155820b75fc606818dd1371946844bb4bbbaf586983154f65d95c6d3,80b829ad8b0e0d6027f2ade8334225c32d5cbd3bfe8501e9908dd3e7e93a6d03,0.0505670087000731
exp1_alignment_transfer:full:2026-08-17T06:28:21.157011+00:00,paper,True,primary,exp1_alignment_transfer,primary_t5000_k10,1,geometric_delay,23199c4827c06f76d1d9a7a4fc39e56e21eb26b8,1738aa639b37c24c9a687969970adb435313e91ca717b336ca50525dd7d4e928,3ebb8ce93cecd9d76ef6358493113e3d186b46dc569038f73332c9cc58c495a3,3ebb8ce93cecd9d76ef6358493113e3d186b46dc569038f73332c9cc58c495a3,2026-08-17T06:28:21.157011+00:00,learner_consequence,contextual_delayed_exp3,source_round,5000,553.5625266661057,0.1107125053332211,481.1529895203005,0.0962305979040601,4987,13,37254773aececbec2d57f33667fdcf8872b01d6581f667d8f4e6db3e21038bf8,e1430fe6f9f591e9188c1a5b7f54fe22e3e9178eae3e37f663672f70a33fb6cb,89eff64041f2ff6c415bb09978616cc0077c546d34080b751ab6327c9f017bbe,8175329a155820b75fc606818dd1371946844bb4bbbaf586983154f65d95c6d3,80b829ad8b0e0d6027f2ade8334225c32d5cbd3bfe8501e9908dd3e7e93a6d03,0.0505670087000731
exp1_alignment_transfer:full:2026-08-17T06:28:21.157011+00:00,paper,True,primary,exp1_alignment_transfer,primary_t5000_k10,1,mixture_delay,23199c4827c06f76d1d9a7a4fc39e56e21eb26b8,1738aa639b37c24c9a687969970adb435313e91ca717b336ca50525dd7d4e928,3ebb8ce93cecd9d76ef6358493113e3d186b46dc569038f73332c9cc58c495a3,3ebb8ce93cecd9d76ef6358493113e3d186b46dc569038f73332c9cc58c495a3,2026-08-17T06:28:21.157011+00:00,learner_consequence,contextual_delayed_exp3,arrival_clock,5000,755.5811934113942,0.1511162386822788,683.171656265589,0.1366343312531178,4987,13,e0a97a65d838cc45b7d73fffc30d39bcdc2f1b05260170aab08eb6736a87e141,e1430fe6f9f591e9188c1a5b7f54fe22e3e9178eae3e37f663672f70a33fb6cb,e5c5b6fad6fd09410a651c0268e15960558d3edf923fe877b3b14b19920d8fe4,8175329a155820b75fc606818dd1371946844bb4bbbaf586983154f65d95c6d3,eb725fe524a14a8fab529d6130d89a6476067983bc3f0e9c06b3296435bf42ce,0.0405455709198584
exp1_alignment_transfer:full:2026-08-17T06:28:21.157011+00:00,paper,True,primary,exp1_alignment_transfer,primary_t5000_k10,1,mixture_delay,23199c4827c06f76d1d9a7a4fc39e56e21eb26b8,1738aa639b37c24c9a687969970adb435313e91ca717b336ca50525dd7d4e928,3ebb8ce93cecd9d76ef6358493113e3d186b46dc569038f73332c9cc58c495a3,3ebb8ce93cecd9d76ef6358493113e3d186b46dc569038f73332c9cc58c495a3,2026-08-17T06:28:21.157011+00:00,learner_consequence,contextual_delayed_exp3,source_round,5000,552.8533388121022,0.1105706677624204,480.443801666297,0.0960887603332594,4987,13,068c1db338389fd196a1f19c766ceffa93f8c6e9fda1ae3af17dc5f6006318ed,e1430fe6f9f591e9188c1a5b7f54fe22e3e9178eae3e37f663672f70a33fb6cb,e5c5b6fad6fd09410a651c0268e15960558d3edf923fe877b3b14b19920d8fe4,8175329a155820b75fc606818dd1371946844bb4bbbaf586983154f65d95c6d3,eb725fe524a14a8fab529d6130d89a6476067983bc3f0e9c06b3296435bf42ce,0.0405455709198584
exp1_alignment_transfer:full:2026-08-17T06:28:21.157011+00:00,paper,True,primary,exp1_alignment_transfer,primary_t5000_k10,1,state_coupled_delay,23199c4827c06f76d1d9a7a4fc39e56e21eb26b8,1738aa639b37c24c9a687969970adb435313e91ca717b336ca50525dd7d4e928,3ebb8ce93cecd9d76ef6358493113e3d186b46dc569038f73332c9cc58c495a3,3ebb8ce93cecd9d76ef6358493113e3d186b46dc569038f73332c9cc58c495a3,2026-08-17T06:28:21.157011+00:00,learner_consequence,contextual_delayed_exp3,arrival_clock,5000,788.0694933870027,0.1576138986774005,715.6599562411975,0.1431319912482395,4991,9,c08361c3d4d42c30a1625ec5453bad8f86989fbf977cb00430b8dc67bc97045d,e1430fe6f9f591e9188c1a5b7f54fe22e3e9178eae3e37f663672f70a33fb6cb,8bca74ba93b0144ae14c974e703028a883b4ae9003d2d40d778febe13aabcf41,8175329a155820b75fc606818dd1371946844bb4bbbaf586983154f65d95c6d3,5121be8785f7a0f6f7759d23e181a4490ada65ebb84114f13c9d7877bf186e0b,0.0468783140879135
exp1_alignment_transfer:full:2026-08-17T06:28:21.157011+00:00,paper,True,primary,exp1_alignment_transfer,primary_t5000_k10,1,state_coupled_delay,23199c4827c06f76d1d9a7a4fc39e56e21eb26b8,1738aa639b37c24c9a687969970adb435313e91ca717b336ca50525dd7d4e928,3ebb8ce93cecd9d76ef6358493113e3d186b46dc569038f73332c9cc58c495a3,3ebb8ce93cecd9d76ef6358493113e3d186b46dc569038f73332c9cc58c495a3,2026-08-17T06:28:21.157011+00:00,learner_consequence,contextual_delayed_exp3,source_round,5000,553.6779229474351,0.110735584589487,481.26838580163,0.096253677160326,4991,9,6727a7d78993b0d6e8750f0144588bf7ce0e505feb11f05132060487e312d02c,e1430fe6f9f591e9188c1a5b7f54fe22e3e9178eae3e37f663672f70a33fb6cb,8bca74ba93b0144ae14c974e703028a883b4ae9003d2d40d778febe13aabcf41,8175329a155820b75fc606818dd1371946844bb4bbbaf586983154f65d95c6d3,5121be8785f7a0f6f7759d23e181a4490ada65ebb84114f13c9d7877bf186e0b,0.0468783140879135
exp1_alignment_transfer:full:2026-08-17T06:28:21.157011+00:00,paper,True,primary,exp1_alignment_transfer,primary_t5000_k10,1,systematic_misbinding,23199c4827c06f76d1d9a7a4fc39e56e21eb26b8,1738aa639b37c24c9a687969970adb435313e91ca717b336ca50525dd7d4e928,3ebb8ce93cecd9d76ef6358493113e3d186b46dc569038f73332c9cc58c495a3,3ebb8ce93cecd9d76ef6358493113e3d186b46dc569038f73332c9cc58c495a3,2026-08-17T06:28:21.157011+00:00,learner_consequence,contextual_delayed_exp3,arrival_clock,5000,868.6543209876543,0.1737308641975308,773.0246913580245,0.1546049382716049,4985,15,c6e611eb8a70849533268009bd394a9bec459fbcfdf6304fb5a9a5b3802e061d,58163e4c284576e8e9dc0db4264f5d8ed820e9dcb6fd4a4d67029f89f0798daa,8373bb5d78a3a94f15ab7f25860493838224e487719bb274085b8e8d59a4d9ac,8175329a155820b75fc606818dd1371946844bb4bbbaf586983154f65d95c6d3,320d7223336fd06debb79efeff48a92b6048e136067dfd61d8712ed5ed37223d,0.0661530864197531
exp1_alignment_transfer:full:2026-08-17T06:28:21.157011+00:00,paper,True,primary,exp1_alignment_transfer,primary_t5000_k10,1,systematic_misbinding,23199c4827c06f76d1d9a7a4fc39e56e21eb26b8,1738aa639b37c24c9a687969970adb435313e91ca717b336ca50525dd7d4e928,3ebb8ce93cecd9d76ef6358493113e3d186b46dc569038f73332c9cc58c495a3,3ebb8ce93cecd9d76ef6358493113e3d186b46dc569038f73332c9cc58c495a3,2026-08-17T06:28:21.157011+00:00,learner_consequence,contextual_delayed_exp3,source_round,5000,537.8888888888888,0.1075777777777777,442.2592592592592,0.0884518518518518,4985,15,d47f44a5fb5364dfcc26352168e8e80a8ad9802b2ed2dd8fa50ff3d34f2b66e8,58163e4c284576e8e9dc0db4264f5d8ed820e9dcb6fd4a4d67029f89f0798daa,8373bb5d78a3a94f15ab7f25860493838224e487719bb274085b8e8d59a4d9ac,8175329a155820b75fc606818dd1371946844bb4bbbaf586983154f65d95c6d3,320d7223336fd06debb79efeff48a92b6048e136067dfd61d8712ed5ed37223d,0.0661530864197531
exp1_alignment_transfer:full:2026-08-17T06:28:21.157011+00:00,paper,True,primary,exp1_alignment_transfer,primary_t5000_k10,2,zero_delay,23199c4827c06f76d1d9a7a4fc39e56e21eb26b8,1738aa639b37c24c9a687969970adb435313e91ca717b336ca50525dd7d4e928,3ebb8ce93cecd9d76ef6358493113e3d186b46dc569038f73332c9cc58c495a3,3ebb8ce93cecd9d76ef6358493113e3d186b46dc569038f73332c9cc58c495a3,2026-08-17T06:28:21.157011+00:00,learner_consequence,contextual_delayed_exp3,arrival_clock,5000,561.3752959748399,0.1122750591949679,486.23728885132033,0.097247457770264,5000,0,1830cdb6319dfe6e0411115ce5370f0ecad63a37f4531491e0aadb3aac7dd10a,f1f1f54c693a3b82ceee433ec452c51e33e4eca98b3d9b07b5c1fa97d8671aa5,5bd93f29e4e795cd3a5bd0315d49f6a0811a9325e133261be259ae1fa56a2efd,324b29476d9e5ae89ed31f587606366a51e7e71cdf1f6cf9c3d3c71382d23f40,08e772dac34dd4ea9715410153c513958a683280db067844bc5e1a9d8f9bf377,0.0
exp1_alignment_transfer:full:2026-08-17T06:28:21.157011+00:00,paper,True,primary,exp1_alignment_transfer,primary_t5000_k10,2,zero_delay,23199c4827c06f76d1d9a7a4fc39e56e21eb26b8,1738aa639b37c24c9a687969970adb435313e91ca717b336ca50525dd7d4e928,3ebb8ce93cecd9d76ef6358493113e3d186b46dc569038f73332c9cc58c495a3,3ebb8ce93cecd9d76ef6358493113e3d186b46dc569038f73332c9cc58c495a3,2026-08-17T06:28:21.157011+00:00,learner_consequence,contextual_delayed_exp3,source_round,5000,561.3752959748399,0.1122750591949679,486.23728885132033,0.097247457770264,5000,0,1830cdb6319dfe6e0411115ce5370f0ecad63a37f4531491e0aadb3aac7dd10a,f1f1f54c693a3b82ceee433ec452c51e33e4eca98b3d9b07b5c1fa97d8671aa5,5bd93f29e4e795cd3a5bd0315d49f6a0811a9325e133261be259ae1fa56a2efd,324b29476d9e5ae89ed31f587606366a51e7e71cdf1f6cf9c3d3c71382d23f40,08e772dac34dd4ea9715410153c513958a683280db067844bc5e1a9d8f9bf377,0.0
exp1_alignment_transfer:full:2026-08-17T06:28:21.157011+00:00,paper,True,primary,exp1_alignment_transfer,primary_t5000_k10,2,exact_valid_shift,23199c4827c06f76d1d9a7a4fc39e56e21eb26b8,1738aa639b37c24c9a687969970adb435313e91ca717b336ca50525dd7d4e928,3ebb8ce93cecd9d76ef6358493113e3d186b46dc569038f73332c9cc58c495a3,3ebb8ce93cecd9d76ef6358493113e3d186b46dc569038f73332c9cc58c495a3,2026-08-17T06:28:21.157011+00:00,learner_consequence,contextual_delayed_exp3,arrival_clock,5000,963.12,0.192624,466.968,0.0933936,4984,16,30a550288304cd5fe3a68f110ae5627ce22a3a2d0ab0ffee8597c1c7e4c370cd,9f06caef9f2372780195cbc289881b1131306f23fd33b45f61490c600e706f9e,c361d78a29acdbdb00f9f1d97794be5a7af75623f86a01da0e689cfb15c95219,324b29476d9e5ae89ed31f587606366a51e7e71cdf1f6cf9c3d3c71382d23f40,a8343d4d7bd47e88148a20c2f714d162b4e6afc7eba3fbbf215d392c5776b339,0.0626255999999999
exp1_alignment_transfer:full:2026-08-17T06:28:21.157011+00:00,paper,True,primary,exp1_alignment_transfer,primary_t5000_k10,2,exact_valid_shift,23199c4827c06f76d1d9a7a4fc39e56e21eb26b8,1738aa639b37c24c9a687969970adb435313e91ca717b336ca50525dd7d4e928,3ebb8ce93cecd9d76ef6358493113e3d186b46dc569038f73332c9cc58c495a3,3ebb8ce93cecd9d76ef6358493113e3d186b46dc569038f73332c9cc58c495a3,2026-08-17T06:28:21.157011+00:00,learner_consequence,contextual_delayed_exp3,source_round,5000,649.9920000000001,0.1299984,153.84000000000003,0.030768,4984,16,e6c29a9a5cd7b37d9db906e230c30fca801fad1e41d400c5a25df8d17ee19ef5,9f06caef9f2372780195cbc289881b1131306f23fd33b45f61490c600e706f9e,c361d78a29acdbdb00f9f1d97794be5a7af75623f86a01da0e689cfb15c95219,324b29476d9e5ae89ed31f587606366a51e7e71cdf1f6cf9c3d3c71382d23f40,a8343d4d7bd47e88148a20c2f714d162b4e6afc7eba3fbbf215d392c5776b339,0.0626255999999999
exp1_alignment_transfer:full:2026-08-17T06:28:21.157011+00:00,paper,True,primary,exp1_alignment_transfer,primary_t5000_k10,2,geometric_delay,23199c4827c06f76d1d9a7a4fc39e56e21eb26b8,1738aa639b37c24c9a687969970adb435313e91ca717b336ca50525dd7d4e928,3ebb8ce93cecd9d76ef6358493113e3d186b46dc569038f73332c9cc58c495a3,3ebb8ce93cecd9d76ef6358493113e3d186b46dc569038f73332c9cc58c495a3,2026-08-17T06:28:21.157011+00:00,learner_consequence,contextual_delayed_exp3,arrival_clock,5000,814.0372084371515,0.1628074416874303,738.8992013136319,0.1477798402627264,4984,16,e99d98d8e4ad64dff7fd4b87f6a7f310a1a123d4cb1a491d8d6f07e0b802e97e,f1f1f54c693a3b82ceee433ec452c51e33e4eca98b3d9b07b5c1fa97d8671aa5,c361d78a29acdbdb00f9f1d97794be5a7af75623f86a01da0e689cfb15c95219,324b29476d9e5ae89ed31f587606366a51e7e71cdf1f6cf9c3d3c71382d23f40,dba5ad30cff2e2bfa62d20fcb68ea7010fc11199fe9c11ff97d400af10eaf0b1,0.0495361413103503
exp1_alignment_transfer:full:2026-08-17T06:28:21.157011+00:00,paper,True,primary,exp1_alignment_transfer,primary_t5000_k10,2,geometric_delay,23199c4827c06f76d1d9a7a4fc39e56e21eb26b8,1738aa639b37c24c9a687969970adb435313e91ca717b336ca50525dd7d4e928,3ebb8ce93cecd9d76ef6358493113e3d186b46dc569038f73332c9cc58c495a3,3ebb8ce93cecd9d76ef6358493113e3d186b46dc569038f73332c9cc58c495a3,2026-08-17T06:28:21.157011+00:00,learner_consequence,contextual_delayed_exp3,source_round,5000,566.3565018853999,0.1132713003770799,491.21849476188027,0.098243698952376,4984,16,17a670123bf2cfd729c95fa18991f5a08441c30ce74a264c109b0b3c72561944,f1f1f54c693a3b82ceee433ec452c51e33e4eca98b3d9b07b5c1fa97d8671aa5,c361d78a29acdbdb00f9f1d97794be5a7af75623f86a01da0e689cfb15c95219,324b29476d9e5ae89ed31f587606366a51e7e71cdf1f6cf9c3d3c71382d23f40,dba5ad30cff2e2bfa62d20fcb68ea7010fc11199fe9c11ff97d400af10eaf0b1,0.0495361413103503
exp1_alignment_transfer:full:2026-08-17T06:28:21.157011+00:00,paper,True,primary,exp1_alignment_transfer,primary_t5000_k10,2,mixture_delay,23199c4827c06f76d1d9a7a4fc39e56e21eb26b8,1738aa639b37c24c9a687969970adb435313e91ca717b336ca50525dd7d4e928,3ebb8ce93cecd9d76ef6358493113e3d186b46dc569038f73332c9cc58c495a3,3ebb8ce93cecd9d76ef6358493113e3d186b46dc569038f73332c9cc58c495a3,2026-08-17T06:28:21.157011+00:00,learner_consequence,contextual_delayed_exp3,arrival_clock,5000,752.8900251477387,0.1505780050295477,677.7520180242191,0.1355504036048438,4985,15,f68994fa95066cf6cc0bda1bba8f33b59d6fd9c26c79795e94603716a9652fbd,f1f1f54c693a3b82ceee433ec452c51e33e4eca98b3d9b07b5c1fa97d8671aa5,6aef05ee034fb0711638d28e9bce2f4486c36ca5aab1b11cdb285939930cb15c,324b29476d9e5ae89ed31f587606366a51e7e71cdf1f6cf9c3d3c71382d23f40,e35e2f607128d6865732260c20cb536bbd03e32de31e98d2ac1892898806fcfa,0.0374780008482865
exp1_alignment_transfer:full:2026-08-17T06:28:21.157011+00:00,paper,True,primary,exp1_alignment_transfer,primary_t5000_k10,2,mixture_delay,23199c4827c06f76d1d9a7a4fc39e56e21eb26b8,1738aa639b37c24c9a687969970adb435313e91ca717b336ca50525dd7d4e928,3ebb8ce93cecd9d76ef6358493113e3d186b46dc569038f73332c9cc58c495a3,3ebb8ce93cecd9d76ef6358493113e3d186b46dc569038f73332c9cc58c495a3,2026-08-17T06:28:21.157011+00:00,learner_consequence,contextual_delayed_exp3,source_round,5000,565.500020906306,0.1131000041812611,490.3620137827864,0.0980724027565572,4985,15,87d676cb3a0d151d70780a730668fc5c07c4ce2d0dd7a5e12ec05b16c17bb330,f1f1f54c693a3b82ceee433ec452c51e33e4eca98b3d9b07b5c1fa97d8671aa5,6aef05ee034fb0711638d28e9bce2f4486c36ca5aab1b11cdb285939930cb15c,324b29476d9e5ae89ed31f587606366a51e7e71cdf1f6cf9c3d3c71382d23f40,e35e2f607128d6865732260c20cb536bbd03e32de31e98d2ac1892898806fcfa,0.0374780008482865
exp1_alignment_transfer:full:2026-08-17T06:28:21.157011+00:00,paper,True,primary,exp1_alignment_transfer,primary_t5000_k10,2,state_coupled_delay,23199c4827c06f76d1d9a7a4fc39e56e21eb26b8,1738aa639b37c24c9a687969970adb435313e91ca717b336ca50525dd7d4e928,3ebb8ce93cecd9d76ef6358493113e3d186b46dc569038f73332c9cc58c495a3,3ebb8ce93cecd9d76ef6358493113e3d186b46dc569038f73332c9cc58c495a3,2026-08-17T06:28:21.157011+00:00,learner_consequence,contextual_delayed_exp3,arrival_clock,5000,783.4160061175992,0.1566832012235198,708.2779989940796,0.1416555997988159,4989,11,259fd1ce20a0cd03819f86ff784533eacfe2e920dd93b382349b23ed5c19c399,f1f1f54c693a3b82ceee433ec452c51e33e4eca98b3d9b07b5c1fa97d8671aa5,d053d11c4eb8be50e29d350c0979e8430047b53b0d3e73d61aab204d83b1707a,324b29476d9e5ae89ed31f587606366a51e7e71cdf1f6cf9c3d3c71382d23f40,c9d5f63926e10b88e58591159ceb07f98e794240fbcb784bf885049cf0f4d346,0.0432595716035155
exp1_alignment_transfer:full:2026-08-17T06:28:21.157011+00:00,paper,True,primary,exp1_alignment_transfer,primary_t5000_k10,2,state_coupled_delay,23199c4827c06f76d1d9a7a4fc39e56e21eb26b8,1738aa639b37c24c9a687969970adb435313e91ca717b336ca50525dd7d4e928,3ebb8ce93cecd9d76ef6358493113e3d186b46dc569038f73332c9cc58c495a3,3ebb8ce93cecd9d76ef6358493113e3d186b46dc569038f73332c9cc58c495a3,2026-08-17T06:28:21.157011+00:00,learner_consequence,contextual_delayed_exp3,source_round,5000,567.1181481000217,0.1134236296200043,491.980140976502,0.0983960281953004,4989,11,f0620e740995e70700f47bb86e260ec3367d624f9fab33d8fdf7ac3e55497302,f1f1f54c693a3b82ceee433ec452c51e33e4eca98b3d9b07b5c1fa97d8671aa5,d053d11c4eb8be50e29d350c0979e8430047b53b0d3e73d61aab204d83b1707a,324b29476d9e5ae89ed31f587606366a51e7e71cdf1f6cf9c3d3c71382d23f40,c9d5f63926e10b88e58591159ceb07f98e794240fbcb784bf885049cf0f4d346,0.0432595716035155
exp1_alignment_transfer:full:2026-08-17T06:28:21.157011+00:00,paper,True,primary,exp1_alignment_transfer,primary_t5000_k10,2,systematic_misbinding,23199c4827c06f76d1d9a7a4fc39e56e21eb26b8,1738aa639b37c24c9a687969970adb435313e91ca717b336ca50525dd7d4e928,3ebb8ce93cecd9d76ef6358493113e3d186b46dc569038f73332c9cc58c495a3,3ebb8ce93cecd9d76ef6358493113e3d186b46dc569038f73332c9cc58c495a3,2026-08-17T06:28:21.157011+00:00,learner_consequence,contextual_delayed_exp3,arrival_clock,5000,872.506172839506,0.1745012345679012,777.9135802469134,0.1555827160493826,4985,15,80cf7697c0316b2f0803dcb4c4519d6fed8713d447fa4abac2281fc137ab7500,fda1ec18b8adeb715bbfb9d8f55db76da330c5267c75c5d57a3045ca4f114baf,c6efb0a319c79012233e6d72ce34c34412dc96132709179d7c95cb5c90aa3fa9,324b29476d9e5ae89ed31f587606366a51e7e71cdf1f6cf9c3d3c71382d23f40,5296b23e6ea85f5f6a59748c8787d6acab058d15b59e7bed6eb17a94a20736a6,0.0671728395061728
exp1_alignment_transfer:full:2026-08-17T06:28:21.157011+00:00,paper,True,primary,exp1_alignment_transfer,primary_t5000_k10,2,systematic_misbinding,23199c4827c06f76d1d9a7a4fc39e56e21eb26b8,1738aa639b37c24c9a687969970adb435313e91ca717b336ca50525dd7d4e928,3ebb8ce93cecd9d76ef6358493113e3d186b46dc569038f73332c9cc58c495a3,3ebb8ce93cecd9d76ef6358493113e3d186b46dc569038f73332c9cc58c495a3,2026-08-17T06:28:21.157011+00:00,learner_consequence,contextual_delayed_exp3,source_round,5000,536.6419753086418,0.1073283950617283,442.0493827160493,0.0884098765432098,4985,15,b7df264f63b39d60c695a5d77ad87d7bc892f5e5752d31ba9eaf08dcaf0f84de,fda1ec18b8adeb715bbfb9d8f55db76da330c5267c75c5d57a3045ca4f114baf,c6efb0a319c79012233e6d72ce34c34412dc96132709179d7c95cb5c90aa3fa9,324b29476d9e5ae89ed31f587606366a51e7e71cdf1f6cf9c3d3c71382d23f40,5296b23e6ea85f5f6a59748c8787d6acab058d15b59e7bed6eb17a94a20736a6,0.0671728395061728
exp1_alignment_transfer:full:2026-08-17T06:28:21.157011+00:00,paper,True,primary,exp1_alignment_transfer,primary_t5000_k10,3,zero_delay,23199c4827c06f76d1d9a7a4fc39e56e21eb26b8,1738aa639b37c24c9a687969970adb435313e91ca717b336ca50525dd7d4e928,3ebb8ce93cecd9d76ef6358493113e3d186b46dc569038f73332c9cc58c495a3,3ebb8ce93cecd9d76ef6358493113e3d186b46dc569038f73332c9cc58c495a3,2026-08-17T06:28:21.157011+00:00,learner_consequence,contextual_delayed_exp3,arrival_clock,5000,562.697135758284,0.1125394271516568,486.1316476208921,0.0972263295241784,5000,0,ce9f23db6e0a4478ad317217621f0055750d5e5a6a16eece06e1de727b69b0ce,ab8c80d80c972f75215ece83fcdb7a3d3ba875e4f0d90517c339ae1fbba2a5b0,a3b91ab393eae5d1dda0a57763994e091ac1e35c19feba7c604c6c930e30a596,5aede2a1d0bae22936b8f9f9cc59c265fbcdbcc5a4f60e51ed527b99e811dcfb,a37fc23cafbe623b4f75da0e0435fabd115ad5e97575c5465a8921fc9ff7e911,0.0
exp1_alignment_transfer:full:2026-08-17T06:28:21.157011+00:00,paper,True,primary,exp1_alignment_transfer,primary_t5000_k10,3,zero_delay,23199c4827c06f76d1d9a7a4fc39e56e21eb26b8,1738aa639b37c24c9a687969970adb435313e91ca717b336ca50525dd7d4e928,3ebb8ce93cecd9d76ef6358493113e3d186b46dc569038f73332c9cc58c495a3,3ebb8ce93cecd9d76ef6358493113e3d186b46dc569038f73332c9cc58c495a3,2026-08-17T06:28:21.157011+00:00,learner_consequence,contextual_delayed_exp3,source_round,5000,562.697135758284,0.1125394271516568,486.1316476208921,0.0972263295241784,5000,0,ce9f23db6e0a4478ad317217621f0055750d5e5a6a16eece06e1de727b69b0ce,ab8c80d80c972f75215ece83fcdb7a3d3ba875e4f0d90517c339ae1fbba2a5b0,a3b91ab393eae5d1dda0a57763994e091ac1e35c19feba7c604c6c930e30a596,5aede2a1d0bae22936b8f9f9cc59c265fbcdbcc5a4f60e51ed527b99e811dcfb,a37fc23cafbe623b4f75da0e0435fabd115ad5e97575c5465a8921fc9ff7e911,0.0
exp1_alignment_transfer:full:2026-08-17T06:28:21.157011+00:00,paper,True,primary,exp1_alignment_transfer,primary_t5000_k10,3,exact_valid_shift,23199c4827c06f76d1d9a7a4fc39e56e21eb26b8,1738aa639b37c24c9a687969970adb435313e91ca717b336ca50525dd7d4e928,3ebb8ce93cecd9d76ef6358493113e3d186b46dc569038f73332c9cc58c495a3,3ebb8ce93cecd9d76ef6358493113e3d186b46dc569038f73332c9cc58c495a3,2026-08-17T06:28:21.157011+00:00,learner_consequence,contextual_delayed_exp3,arrival_clock,5000,1012.632,0.2025264,412.416,0.0824831999999999,4987,13,8896f2b80128b1cce01a52f46e52bae6d7763fd04f969edb89b15ac112cf6447,8fd0b97278668e815d56d7f5bad4f8aebe0765da31c3806e2b22388fc7dc3b6f,5057c1c98deb6918368f3839215c13133169b8353eaa2eb776c33ca196db070e,5aede2a1d0bae22936b8f9f9cc59c265fbcdbcc5a4f60e51ed527b99e811dcfb,bd6794381eb78d2f27bd337398683e30ceaed87cb70bb42433cd0d8440b1dbeb,0.0725376
exp1_alignment_transfer:full:2026-08-17T06:28:21.157011+00:00,paper,True,primary,exp1_alignment_transfer,primary_t5000_k10,3,exact_valid_shift,23199c4827c06f76d1d9a7a4fc39e56e21eb26b8,1738aa639b37c24c9a687969970adb435313e91ca717b336ca50525dd7d4e928,3ebb8ce93cecd9d76ef6358493113e3d186b46dc569038f73332c9cc58c495a3,3ebb8ce93cecd9d76ef6358493113e3d186b46dc569038f73332c9cc58c495a3,2026-08-17T06:28:21.157011+00:00,learner_consequence,contextual_delayed_exp3,source_round,5000,649.944,0.1299888,49.72800000000001,0.0099456,4987,13,fe7e4f9e7955df8a1656716afe8e90a88bb02d2966515308b9e6468bfb676a4e,8fd0b97278668e815d56d7f5bad4f8aebe0765da31c3806e2b22388fc7dc3b6f,5057c1c98deb6918368f3839215c13133169b8353eaa2eb776c33ca196db070e,5aede2a1d0bae22936b8f9f9cc59c265fbcdbcc5a4f60e51ed527b99e811dcfb,bd6794381eb78d2f27bd337398683e30ceaed87cb70bb42433cd0d8440b1dbeb,0.0725376
exp1_alignment_transfer:full:2026-08-17T06:28:21.157011+00:00,paper,True,primary,exp1_alignment_transfer,primary_t5000_k10,3,geometric_delay,23199c4827c06f76d1d9a7a4fc39e56e21eb26b8,1738aa639b37c24c9a687969970adb435313e91ca717b336ca50525dd7d4e928,3ebb8ce93cecd9d76ef6358493113e3d186b46dc569038f73332c9cc58c495a3,3ebb8ce93cecd9d76ef6358493113e3d186b46dc569038f73332c9cc58c495a3,2026-08-17T06:28:21.157011+00:00,learner_consequence,contextual_delayed_exp3,arrival_clock,5000,880.2489583755283,0.1760497916751056,803.6834702381365,0.1607366940476273,4987,13,3f5238dcfe491e7d874c7eedf85109d07199625c4ee5769d2e62188e71e32f4d,ab8c80d80c972f75215ece83fcdb7a3d3ba875e4f0d90517c339ae1fbba2a5b0,5057c1c98deb6918368f3839215c13133169b8353eaa2eb776c33ca196db070e,5aede2a1d0bae22936b8f9f9cc59c265fbcdbcc5a4f60e51ed527b99e811dcfb,1204761e52c8d877917f7d025b3b64909b7485699a1c730c8b4238cd20f89c00,0.0627295980748814
exp1_alignment_transfer:full:2026-08-17T06:28:21.157011+00:00,paper,True,primary,exp1_alignment_transfer,primary_t5000_k10,3,geometric_delay,23199c4827c06f76d1d9a7a4fc39e56e21eb26b8,1738aa639b37c24c9a687969970adb435313e91ca717b336ca50525dd7d4e928,3ebb8ce93cecd9d76ef6358493113e3d186b46dc569038f73332c9cc58c495a3,3ebb8ce93cecd9d76ef6358493113e3d186b46dc569038f73332c9cc58c495a3,2026-08-17T06:28:21.157011+00:00,learner_consequence,contextual_delayed_exp3,source_round,5000,566.6009680011209,0.1133201936002241,490.035479863729,0.0980070959727458,4987,13,a9fd5f504c6b7a95a7b86d41a0d4eca4b8dcc3ff9c260c5bb5316d5ed7447c27,ab8c80d80c972f75215ece83fcdb7a3d3ba875e4f0d90517c339ae1fbba2a5b0,5057c1c98deb6918368f3839215c13133169b8353eaa2eb776c33ca196db070e,5aede2a1d0bae22936b8f9f9cc59c265fbcdbcc5a4f60e51ed527b99e811dcfb,1204761e52c8d877917f7d025b3b64909b7485699a1c730c8b4238cd20f89c00,0.0627295980748814
exp1_alignment_transfer:full:2026-08-17T06:28:21.157011+00:00,paper,True,primary,exp1_alignment_transfer,primary_t5000_k10,3,mixture_delay,23199c4827c06f76d1d9a7a4fc39e56e21eb26b8,1738aa639b37c24c9a687969970adb435313e91ca717b336ca50525dd7d4e928,3ebb8ce93cecd9d76ef6358493113e3d186b46dc569038f73332c9cc58c495a3,3ebb8ce93cecd9d76ef6358493113e3d186b46dc569038f73332c9cc58c495a3,2026-08-17T06:28:21.157011+00:00,learner_consequence,contextual_delayed_exp3,arrival_clock,5000,772.1480837719507,0.1544296167543901,695.5825956345589,0.1391165191269117,4988,12,7a1331e10a8134abf7c884a4c22b8fa229f4a45f26a15297ae7ce9fe557eea40,ab8c80d80c972f75215ece83fcdb7a3d3ba875e4f0d90517c339ae1fbba2a5b0,dcf8cdaebc02bf5b5bdd644104c9155a67075fc4dfa3f15452be2344fc3f2b93,5aede2a1d0bae22936b8f9f9cc59c265fbcdbcc5a4f60e51ed527b99e811dcfb,2baf44c696a8760b6d15b437ee83c5a6366cd82b3311b0c44e11ba6afb4bfb9a,0.0411659060855394
exp1_alignment_transfer:full:2026-08-17T06:28:21.157011+00:00,paper,True,primary,exp1_alignment_transfer,primary_t5000_k10,3,mixture_delay,23199c4827c06f76d1d9a7a4fc39e56e21eb26b8,1738aa639b37c24c9a687969970adb435313e91ca717b336ca50525dd7d4e928,3ebb8ce93cecd9d76ef6358493113e3d186b46dc569038f73332c9cc58c495a3,3ebb8ce93cecd9d76ef6358493113e3d186b46dc569038f73332c9cc58c495a3,2026-08-17T06:28:21.157011+00:00,learner_consequence,contextual_delayed_exp3,source_round,5000,566.3185533442536,0.1132637106688507,489.7530652068617,0.0979506130413723,4988,12,3a4b2830c0d8218eef4e9cd1b1f80c1ef627ef1ea7aef1dd1eb0b2feee90d206,ab8c80d80c972f75215ece83fcdb7a3d3ba875e4f0d90517c339ae1fbba2a5b0,dcf8cdaebc02bf5b5bdd644104c9155a67075fc4dfa3f15452be2344fc3f2b93,5aede2a1d0bae22936b8f9f9cc59c265fbcdbcc5a4f60e51ed527b99e811dcfb,2baf44c696a8760b6d15b437ee83c5a6366cd82b3311b0c44e11ba6afb4bfb9a,0.0411659060855394
exp1_alignment_transfer:full:2026-08-17T06:28:21.157011+00:00,paper,True,primary,exp1_alignment_transfer,primary_t5000_k10,3,state_coupled_delay,23199c4827c06f76d1d9a7a4fc39e56e21eb26b8,1738aa639b37c24c9a687969970adb435313e91ca717b336ca50525dd7d4e928,3ebb8ce93cecd9d76ef6358493113e3d186b46dc569038f73332c9cc58c495a3,3ebb8ce93cecd9d76ef6358493113e3d186b46dc569038f73332c9cc58c495a3,2026-08-17T06:28:21.157011+00:00,learner_consequence,contextual_delayed_exp3,arrival_clock,5000,797.881294199105,0.159576258839821,721.315806061713,0.1442631612123426,4984,16,a1e252b8e2436987bef209b5fe6a0ae631a79b0545ea483f9ebb50d9b6cc23ac,ab8c80d80c972f75215ece83fcdb7a3d3ba875e4f0d90517c339ae1fbba2a5b0,b19013e32421ec75a41bb0bb4c3224e23e6662c6589ce2500ac139772254587a,5aede2a1d0bae22936b8f9f9cc59c265fbcdbcc5a4f60e51ed527b99e811dcfb,8f362011193b99ae7554291dc34aeeb06db47ea8b3d6b986314aacd363b89d74,0.0464989356346727
exp1_alignment_transfer:full:2026-08-17T06:28:21.157011+00:00,paper,True,primary,exp1_alignment_transfer,primary_t5000_k10,3,state_coupled_delay,23199c4827c06f76d1d9a7a4fc39e56e21eb26b8,1738aa639b37c24c9a687969970adb435313e91ca717b336ca50525dd7d4e928,3ebb8ce93cecd9d76ef6358493113e3d186b46dc569038f73332c9cc58c495a3,3ebb8ce93cecd9d76ef6358493113e3d186b46dc569038f73332c9cc58c495a3,2026-08-17T06:28:21.157011+00:00,learner_consequence,contextual_delayed_exp3,source_round,5000,565.3866160257411,0.1130773232051482,488.8211278883492,0.0977642255776698,4984,16,921bc1e9ecc5bf91ed8a282c790eae7c0ae62b79bc8b09bd39c09e3032c2fa73,ab8c80d80c972f75215ece83fcdb7a3d3ba875e4f0d90517c339ae1fbba2a5b0,b19013e32421ec75a41bb0bb4c3224e23e6662c6589ce2500ac139772254587a,5aede2a1d0bae22936b8f9f9cc59c265fbcdbcc5a4f60e51ed527b99e811dcfb,8f362011193b99ae7554291dc34aeeb06db47ea8b3d6b986314aacd363b89d74,0.0464989356346727
exp1_alignment_transfer:full:2026-08-17T06:28:21.157011+00:00,paper,True,primary,exp1_alignment_transfer,primary_t5000_k10,3,systematic_misbinding,23199c4827c06f76d1d9a7a4fc39e56e21eb26b8,1738aa639b37c24c9a687969970adb435313e91ca717b336ca50525dd7d4e928,3ebb8ce93cecd9d76ef6358493113e3d186b46dc569038f73332c9cc58c495a3,3ebb8ce93cecd9d76ef6358493113e3d186b46dc569038f73332c9cc58c495a3,2026-08-17T06:28:21.157011+00:00,learner_consequence,contextual_delayed_exp3,arrival_clock,5000,882.4567901234567,0.1764913580246913,789.6543209876543,0.1579308641975308,4985,15,947de6403cd8ee22933f6a0bcedbbaccdbe2d76ce9352e09c5df203269d10909,8016522a28d43deba5ae427c25b445262033f51e58c88adef975996980f5c0df,fb366c0fe7ee58afd174c57d55cc58ddc0d43e4aba2d9f5acbcae15518c83574,5aede2a1d0bae22936b8f9f9cc59c265fbcdbcc5a4f60e51ed527b99e811dcfb,bbad0403d591c63dea9c3c1af790f8f5b8faa86fe91556eed73647a618cdf0bf,0.0702691358024691
exp1_alignment_transfer:full:2026-08-17T06:28:21.157011+00:00,paper,True,primary,exp1_alignment_transfer,primary_t5000_k10,3,systematic_misbinding,23199c4827c06f76d1d9a7a4fc39e56e21eb26b8,1738aa639b37c24c9a687969970adb435313e91ca717b336ca50525dd7d4e928,3ebb8ce93cecd9d76ef6358493113e3d186b46dc569038f73332c9cc58c495a3,3ebb8ce93cecd9d76ef6358493113e3d186b46dc569038f73332c9cc58c495a3,2026-08-17T06:28:21.157011+00:00,learner_consequence,contextual_delayed_exp3,source_round,5000,531.1111111111111,0.1062222222222222,438.30864197530855,0.0876617283950617,4985,15,5b17f68c3672ce55e3bba6c382b7c607fdc441a6e2a5665e5f070e6f48f37a54,8016522a28d43deba5ae427c25b445262033f51e58c88adef975996980f5c0df,fb366c0fe7ee58afd174c57d55cc58ddc0d43e4aba2d9f5acbcae15518c83574,5aede2a1d0bae22936b8f9f9cc59c265fbcdbcc5a4f60e51ed527b99e811dcfb,bbad0403d591c63dea9c3c1af790f8f5b8faa86fe91556eed73647a618cdf0bf,0.0702691358024691
exp1_alignment_transfer:full:2026-08-17T06:28:21.157011+00:00,paper,True,primary,exp1_alignment_transfer,primary_t5000_k10,4,zero_delay,23199c4827c06f76d1d9a7a4fc39e56e21eb26b8,1738aa639b37c24c9a687969970adb435313e91ca717b336ca50525dd7d4e928,3ebb8ce93cecd9d76ef6358493113e3d186b46dc569038f73332c9cc58c495a3,3ebb8ce93cecd9d76ef6358493113e3d186b46dc569038f73332c9cc58c495a3,2026-08-17T06:28:21.157011+00:00,learner_consequence,contextual_delayed_exp3,arrival_clock,5000,558.3042054509642,0.1116608410901928,486.7313994919994,0.0973462798983998,5000,0,f7e5af3b8cd2bac6ac2dae4a6c321664e2bc4d8aca1718529ef981b52da14189,90c95fb67bc01729003331b35a86714c4f51b6fa8b78234042cb20737c134db9,0db301e004eb1787995e10bef597d628bfafb57d5b256a6cd279fab77fed572e,6d7f5dfcdbab14a25c13639db0048a2ed55445cb2af74c669cb6b94c5baab200,64fb18f49922bcd6ba7348d6e1701efd2a54984b592030f00a612835cd7cad05,0.0
exp1_alignment_transfer:full:2026-08-17T06:28:21.157011+00:00,paper,True,primary,exp1_alignment_transfer,primary_t5000_k10,4,zero_delay,23199c4827c06f76d1d9a7a4fc39e56e21eb26b8,1738aa639b37c24c9a687969970adb435313e91ca717b336ca50525dd7d4e928,3ebb8ce93cecd9d76ef6358493113e3d186b46dc569038f73332c9cc58c495a3,3ebb8ce93cecd9d76ef6358493113e3d186b46dc569038f73332c9cc58c495a3,2026-08-17T06:28:21.157011+00:00,learner_consequence,contextual_delayed_exp3,source_round,5000,558.3042054509642,0.1116608410901928,486.7313994919994,0.0973462798983998,5000,0,f7e5af3b8cd2bac6ac2dae4a6c321664e2bc4d8aca1718529ef981b52da14189,90c95fb67bc01729003331b35a86714c4f51b6fa8b78234042cb20737c134db9,0db301e004eb1787995e10bef597d628bfafb57d5b256a6cd279fab77fed572e,6d7f5dfcdbab14a25c13639db0048a2ed55445cb2af74c669cb6b94c5baab200,64fb18f49922bcd6ba7348d6e1701efd2a54984b592030f00a612835cd7cad05,0.0
exp1_alignment_transfer:full:2026-08-17T06:28:21.157011+00:00,paper,True,primary,exp1_alignment_transfer,primary_t5000_k10,4,exact_valid_shift,23199c4827c06f76d1d9a7a4fc39e56e21eb26b8,1738aa639b37c24c9a687969970adb435313e91ca717b336ca50525dd7d4e928,3ebb8ce93cecd9d76ef6358493113e3d186b46dc569038f73332c9cc58c495a3,3ebb8ce93cecd9d76ef6358493113e3d186b46dc569038f73332c9cc58c495a3,2026-08-17T06:28:21.157011+00:00,learner_consequence,contextual_delayed_exp3,arrival_clock,5000,990.024,0.1980048,498.408,0.0996816,4988,12,b93579a05118a18aa1cfc84c1c41dd80a4147fb639c3e2c2829e3c2ae56c5bfb,6e87e4b902db29cdb6500f2f107482670f1adf640681c5b29ecd7330ec56d105,d3e5a596e8348c13330fbbf6503d913f604e525b451f7c2cd771057c864af9ee,6d7f5dfcdbab14a25c13639db0048a2ed55445cb2af74c669cb6b94c5baab200,551c476979a8adddd7dccb2f37351d0a9d180d110ae6cbb95c161b27e5966833,0.0678048
exp1_alignment_transfer:full:2026-08-17T06:28:21.157011+00:00,paper,True,primary,exp1_alignment_transfer,primary_t5000_k10,4,exact_valid_shift,23199c4827c06f76d1d9a7a4fc39e56e21eb26b8,1738aa639b37c24c9a687969970adb435313e91ca717b336ca50525dd7d4e928,3ebb8ce93cecd9d76ef6358493113e3d186b46dc569038f73332c9cc58c495a3,3ebb8ce93cecd9d76ef6358493113e3d186b46dc569038f73332c9cc58c495a3,2026-08-17T06:28:21.157011+00:00,learner_consequence,contextual_delayed_exp3,source_round,5000,651.0,0.1302,159.384,0.0318768,4988,12,6069a3bf632578069d797fb1ccfe4637d4ca3199a38f2f099344a540bde54deb,6e87e4b902db29cdb6500f2f107482670f1adf640681c5b29ecd7330ec56d105,d3e5a596e8348c13330fbbf6503d913f604e525b451f7c2cd771057c864af9ee,6d7f5dfcdbab14a25c13639db0048a2ed55445cb2af74c669cb6b94c5baab200,551c476979a8adddd7dccb2f37351d0a9d180d110ae6cbb95c161b27e5966833,0.0678048
exp1_alignment_transfer:full:2026-08-17T06:28:21.157011+00:00,paper,True,primary,exp1_alignment_transfer,primary_t5000_k10,4,geometric_delay,23199c4827c06f76d1d9a7a4fc39e56e21eb26b8,1738aa639b37c24c9a687969970adb435313e91ca717b336ca50525dd7d4e928,3ebb8ce93cecd9d76ef6358493113e3d186b46dc569038f73332c9cc58c495a3,3ebb8ce93cecd9d76ef6358493113e3d186b46dc569038f73332c9cc58c495a3,2026-08-17T06:28:21.157011+00:00,learner_consequence,contextual_delayed_exp3,arrival_clock,5000,804.7715007231648,0.1609543001446329,733.1986947641999,0.14663973895284,4988,12,1e2252bbff5197f90ba2d49ddbed3e1904f6b0cc45ef8b70f5d99ccad7281b8b,90c95fb67bc01729003331b35a86714c4f51b6fa8b78234042cb20737c134db9,d3e5a596e8348c13330fbbf6503d913f604e525b451f7c2cd771057c864af9ee,6d7f5dfcdbab14a25c13639db0048a2ed55445cb2af74c669cb6b94c5baab200,b5e4f84936b6f56fa4c3fd2ef94362ceb47ab9a1dcae2309ca8d10b18bac89d3,0.0485484864634419
exp1_alignment_transfer:full:2026-08-17T06:28:21.157011+00:00,paper,True,primary,exp1_alignment_transfer,primary_t5000_k10,4,geometric_delay,23199c4827c06f76d1d9a7a4fc39e56e21eb26b8,1738aa639b37c24c9a687969970adb435313e91ca717b336ca50525dd7d4e928,3ebb8ce93cecd9d76ef6358493113e3d186b46dc569038f73332c9cc58c495a3,3ebb8ce93cecd9d76ef6358493113e3d186b46dc569038f73332c9cc58c495a3,2026-08-17T06:28:21.157011+00:00,learner_consequence,contextual_delayed_exp3,source_round,5000,562.029068405955,0.1124058136811909,490.4562624469903,0.098091252489398,4988,12,550e9bc7332d0fdb3d2b81b4cdfbd1353df9d4305267671bb605f50fbef589b7,90c95fb67bc01729003331b35a86714c4f51b6fa8b78234042cb20737c134db9,d3e5a596e8348c13330fbbf6503d913f604e525b451f7c2cd771057c864af9ee,6d7f5dfcdbab14a25c13639db0048a2ed55445cb2af74c669cb6b94c5baab200,b5e4f84936b6f56fa4c3fd2ef94362ceb47ab9a1dcae2309ca8d10b18bac89d3,0.0485484864634419
exp1_alignment_transfer:full:2026-08-17T06:28:21.157011+00:00,paper,True,primary,exp1_alignment_transfer,primary_t5000_k10,4,mixture_delay,23199c4827c06f76d1d9a7a4fc39e56e21eb26b8,1738aa639b37c24c9a687969970adb435313e91ca717b336ca50525dd7d4e928,3ebb8ce93cecd9d76ef6358493113e3d186b46dc569038f73332c9cc58c495a3,3ebb8ce93cecd9d76ef6358493113e3d186b46dc569038f73332c9cc58c495a3,2026-08-17T06:28:21.157011+00:00,learner_consequence,contextual_delayed_exp3,arrival_clock,5000,763.1520154872569,0.1526304030974513,691.5792095282923,0.1383158419056584,4988,12,22edc0f6015c19cdb8139112a7e35fc1f3bd2f2902d1a97953e926ab678e94d2,90c95fb67bc01729003331b35a86714c4f51b6fa8b78234042cb20737c134db9,882297465f2f2ae8a439a608cbc4c79b7df130286780c1d841a04d0789aff055,6d7f5dfcdbab14a25c13639db0048a2ed55445cb2af74c669cb6b94c5baab200,c142841309f7965314a839fdc4578457eefeb350518d43ffcfbd7006bfd3133a,0.0404770307123773
exp1_alignment_transfer:full:2026-08-17T06:28:21.157011+00:00,paper,True,primary,exp1_alignment_transfer,primary_t5000_k10,4,mixture_delay,23199c4827c06f76d1d9a7a4fc39e56e21eb26b8,1738aa639b37c24c9a687969970adb435313e91ca717b336ca50525dd7d4e928,3ebb8ce93cecd9d76ef6358493113e3d186b46dc569038f73332c9cc58c495a3,3ebb8ce93cecd9d76ef6358493113e3d186b46dc569038f73332c9cc58c495a3,2026-08-17T06:28:21.157011+00:00,learner_consequence,contextual_delayed_exp3,source_round,5000,560.76686192537,0.112153372385074,489.1940559664053,0.097838811193281,4988,12,ac75e664cff5e15dfd01329b0eeb8d067018aa1af54c67073eeca12a17e38507,90c95fb67bc01729003331b35a86714c4f51b6fa8b78234042cb20737c134db9,882297465f2f2ae8a439a608cbc4c79b7df130286780c1d841a04d0789aff055,6d7f5dfcdbab14a25c13639db0048a2ed55445cb2af74c669cb6b94c5baab200,c142841309f7965314a839fdc4578457eefeb350518d43ffcfbd7006bfd3133a,0.0404770307123773
exp1_alignment_transfer:full:2026-08-17T06:28:21.157011+00:00,paper,True,primary,exp1_alignment_transfer,primary_t5000_k10,4,state_coupled_delay,23199c4827c06f76d1d9a7a4fc39e56e21eb26b8,1738aa639b37c24c9a687969970adb435313e91ca717b336ca50525dd7d4e928,3ebb8ce93cecd9d76ef6358493113e3d186b46dc569038f73332c9cc58c495a3,3ebb8ce93cecd9d76ef6358493113e3d186b46dc569038f73332c9cc58c495a3,2026-08-17T06:28:21.157011+00:00,learner_consequence,contextual_delayed_exp3,arrival_clock,5000,817.0509267688203,0.163410185353764,745.4781208098555,0.149095624161971,4987,13,9df2f5c411a2bf5283f2e076246bbf6c88afa0a96fb06e47ba37897e564e8ab6,90c95fb67bc01729003331b35a86714c4f51b6fa8b78234042cb20737c134db9,a4146672c4b2bd305ccdbb2139804246e3e254f76c672fca640eff4710a28eac,6d7f5dfcdbab14a25c13639db0048a2ed55445cb2af74c669cb6b94c5baab200,bcbb1439f3e60c37c56deb81d465016967204a67016146d8889c9ab6f0346f0c,0.0510169013952822
exp1_alignment_transfer:full:2026-08-17T06:28:21.157011+00:00,paper,True,primary,exp1_alignment_transfer,primary_t5000_k10,4,state_coupled_delay,23199c4827c06f76d1d9a7a4fc39e56e21eb26b8,1738aa639b37c24c9a687969970adb435313e91ca717b336ca50525dd7d4e928,3ebb8ce93cecd9d76ef6358493113e3d186b46dc569038f73332c9cc58c495a3,3ebb8ce93cecd9d76ef6358493113e3d186b46dc569038f73332c9cc58c495a3,2026-08-17T06:28:21.157011+00:00,learner_consequence,contextual_delayed_exp3,source_round,5000,561.9664197924093,0.1123932839584818,490.3936138334445,0.0980787227666889,4987,13,821ab528b0a267f413021cd08c6f358a4dd136fcd38e392a48c2d834bdb6078b,90c95fb67bc01729003331b35a86714c4f51b6fa8b78234042cb20737c134db9,a4146672c4b2bd305ccdbb2139804246e3e254f76c672fca640eff4710a28eac,6d7f5dfcdbab14a25c13639db0048a2ed55445cb2af74c669cb6b94c5baab200,bcbb1439f3e60c37c56deb81d465016967204a67016146d8889c9ab6f0346f0c,0.0510169013952822
exp1_alignment_transfer:full:2026-08-17T06:28:21.157011+00:00,paper,True,primary,exp1_alignment_transfer,primary_t5000_k10,4,systematic_misbinding,23199c4827c06f76d1d9a7a4fc39e56e21eb26b8,1738aa639b37c24c9a687969970adb435313e91ca717b336ca50525dd7d4e928,3ebb8ce93cecd9d76ef6358493113e3d186b46dc569038f73332c9cc58c495a3,3ebb8ce93cecd9d76ef6358493113e3d186b46dc569038f73332c9cc58c495a3,2026-08-17T06:28:21.157011+00:00,learner_consequence,contextual_delayed_exp3,arrival_clock,5000,874.1358024691357,0.1748271604938271,778.9753086419752,0.155795061728395,4985,15,d69fb652cb1810aa53d95ca9666c9864198c3b63c793c1216e89ac216200075a,c5e0db9d722a2d2b5d41dff132e5dce027a3dbc55ebb94cea4330db7f891bec9,06e62bac7913569a6525b93613ecae45f487066aa6a14dbc96b645beb882a1b0,6d7f5dfcdbab14a25c13639db0048a2ed55445cb2af74c669cb6b94c5baab200,b0798bcfa627c0b31b21b27f38e946bc0353853a0c45188a7afd7e962a77e705,0.0693086419753086
exp1_alignment_transfer:full:2026-08-17T06:28:21.157011+00:00,paper,True,primary,exp1_alignment_transfer,primary_t5000_k10,4,systematic_misbinding,23199c4827c06f76d1d9a7a4fc39e56e21eb26b8,1738aa639b37c24c9a687969970adb435313e91ca717b336ca50525dd7d4e928,3ebb8ce93cecd9d76ef6358493113e3d186b46dc569038f73332c9cc58c495a3,3ebb8ce93cecd9d76ef6358493113e3d186b46dc569038f73332c9cc58c495a3,2026-08-17T06:28:21.157011+00:00,learner_consequence,contextual_delayed_exp3,source_round,5000,527.5925925925925,0.1055185185185185,432.432098765432,0.0864864197530864,4985,15,d3d8b35171e111b3372cd92bedb527846b34008e2811cbf11652741a3ee1b9ec,c5e0db9d722a2d2b5d41dff132e5dce027a3dbc55ebb94cea4330db7f891bec9,06e62bac7913569a6525b93613ecae45f487066aa6a14dbc96b645beb882a1b0,6d7f5dfcdbab14a25c13639db0048a2ed55445cb2af74c669cb6b94c5baab200,b0798bcfa627c0b31b21b27f38e946bc0353853a0c45188a7afd7e962a77e705,0.0693086419753086
exp1_alignment_transfer:full:2026-08-17T06:28:21.157011+00:00,paper,True,primary,exp1_alignment_transfer,primary_t5000_k10,5,zero_delay,23199c4827c06f76d1d9a7a4fc39e56e21eb26b8,1738aa639b37c24c9a687969970adb435313e91ca717b336ca50525dd7d4e928,3ebb8ce93cecd9d76ef6358493113e3d186b46dc569038f73332c9cc58c495a3,3ebb8ce93cecd9d76ef6358493113e3d186b46dc569038f73332c9cc58c495a3,2026-08-17T06:28:21.157011+00:00,learner_consequence,contextual_delayed_exp3,arrival_clock,5000,569.7107624926498,0.1139421524985299,498.2980916468381,0.0996596183293676,5000,0,f04ba634ee626aa10a22b7a42a5c91e15de31de4d92e71eabef60ae2639830b8,882eaffd5793dff1d3105d390ce80cdf84e730430a786692e72f675cc4249ef9,d95fbbe56417741e490e06a2a40ee0e096b8d77206191706027eac0fadf37bfe,aff0c2208642bdc8ffc03a9760ee114d5f49aa916dd545ada66e3a2f415bb9fb,772d366e98f6dbce798725945f416d71aa6010c3401e69edadc969ab44265782,0.0
exp1_alignment_transfer:full:2026-08-17T06:28:21.157011+00:00,paper,True,primary,exp1_alignment_transfer,primary_t5000_k10,5,zero_delay,23199c4827c06f76d1d9a7a4fc39e56e21eb26b8,1738aa639b37c24c9a687969970adb435313e91ca717b336ca50525dd7d4e928,3ebb8ce93cecd9d76ef6358493113e3d186b46dc569038f73332c9cc58c495a3,3ebb8ce93cecd9d76ef6358493113e3d186b46dc569038f73332c9cc58c495a3,2026-08-17T06:28:21.157011+00:00,learner_consequence,contextual_delayed_exp3,source_round,5000,569.7107624926498,0.1139421524985299,498.2980916468381,0.0996596183293676,5000,0,f04ba634ee626aa10a22b7a42a5c91e15de31de4d92e71eabef60ae2639830b8,882eaffd5793dff1d3105d390ce80cdf84e730430a786692e72f675cc4249ef9,d95fbbe56417741e490e06a2a40ee0e096b8d77206191706027eac0fadf37bfe,aff0c2208642bdc8ffc03a9760ee114d5f49aa916dd545ada66e3a2f415bb9fb,772d366e98f6dbce798725945f416d71aa6010c3401e69edadc969ab44265782,0.0
exp1_alignment_transfer:full:2026-08-17T06:28:21.157011+00:00,paper,True,primary,exp1_alignment_transfer,primary_t5000_k10,5,exact_valid_shift,23199c4827c06f76d1d9a7a4fc39e56e21eb26b8,1738aa639b37c24c9a687969970adb435313e91ca717b336ca50525dd7d4e928,3ebb8ce93cecd9d76ef6358493113e3d186b46dc569038f73332c9cc58c495a3,3ebb8ce93cecd9d76ef6358493113e3d186b46dc569038f73332c9cc58c495a3,2026-08-17T06:28:21.157011+00:00,learner_consequence,contextual_delayed_exp3,arrival_clock,5000,997.152,0.1994304,469.008,0.0938016,4986,14,75c763626be5ec4c877def5d51fdba912412d0577dcced2b846e871aa248ba59,1b63a24183c046d4dc0e3ffddc991777a01bc66aa20b31158d602bea1b91c0ec,3d8d2611d0cbd98125737b3ce0ebe8e209ef1980cd20523b325eb36b18d2f19b,aff0c2208642bdc8ffc03a9760ee114d5f49aa916dd545ada66e3a2f415bb9fb,7d4df8bcf94d1ddf89a0f0c6dc0f4e4536b34ca24f452452c05a7152403df384,0.06792
exp1_alignment_transfer:full:2026-08-17T06:28:21.157011+00:00,paper,True,primary,exp1_alignment_transfer,primary_t5000_k10,5,exact_valid_shift,23199c4827c06f76d1d9a7a4fc39e56e21eb26b8,1738aa639b37c24c9a687969970adb435313e91ca717b336ca50525dd7d4e928,3ebb8ce93cecd9d76ef6358493113e3d186b46dc569038f73332c9cc58c495a3,3ebb8ce93cecd9d76ef6358493113e3d186b46dc569038f73332c9cc58c495a3,2026-08-17T06:28:21.157011+00:00,learner_consequence,contextual_delayed_exp3,source_round,5000,657.5519999999999,0.1315103999999999,129.408,0.0258815999999999,4986,14,88103a4bd88963bda51c2143f26061e6c06ef99523a56cb83746cad463e6beb9,1b63a24183c046d4dc0e3ffddc991777a01bc66aa20b31158d602bea1b91c0ec,3d8d2611d0cbd98125737b3ce0ebe8e209ef1980cd20523b325eb36b18d2f19b,aff0c2208642bdc8ffc03a9760ee114d5f49aa916dd545ada66e3a2f415bb9fb,7d4df8bcf94d1ddf89a0f0c6dc0f4e4536b34ca24f452452c05a7152403df384,0.06792
exp1_alignment_transfer:full:2026-08-17T06:28:21.157011+00:00,paper,True,primary,exp1_alignment_transfer,primary_t5000_k10,5,geometric_delay,23199c4827c06f76d1d9a7a4fc39e56e21eb26b8,1738aa639b37c24c9a687969970adb435313e91ca717b336ca50525dd7d4e928,3ebb8ce93cecd9d76ef6358493113e3d186b46dc569038f73332c9cc58c495a3,3ebb8ce93cecd9d76ef6358493113e3d186b46dc569038f73332c9cc58c495a3,2026-08-17T06:28:21.157011+00:00,learner_consequence,contextual_delayed_exp3,arrival_clock,5000,847.0865773735359,0.1694173154747071,775.6739065277241,0.1551347813055448,4986,14,298b797e03f3f4cfe158597ffc17b3384a1895f36c619516d7502bb2880d20f1,882eaffd5793dff1d3105d390ce80cdf84e730430a786692e72f675cc4249ef9,3d8d2611d0cbd98125737b3ce0ebe8e209ef1980cd20523b325eb36b18d2f19b,aff0c2208642bdc8ffc03a9760ee114d5f49aa916dd545ada66e3a2f415bb9fb,f769a1ac9aa2adeff1f010b17a0c60ec4964935c1410e5ae5e4cd730368cb058,0.0545681798554798
exp1_alignment_transfer:full:2026-08-17T06:28:21.157011+00:00,paper,True,primary,exp1_alignment_transfer,primary_t5000_k10,5,geometric_delay,23199c4827c06f76d1d9a7a4fc39e56e21eb26b8,1738aa639b37c24c9a687969970adb435313e91ca717b336ca50525dd7d4e928,3ebb8ce93cecd9d76ef6358493113e3d186b46dc569038f73332c9cc58c495a3,3ebb8ce93cecd9d76ef6358493113e3d186b46dc569038f73332c9cc58c495a3,2026-08-17T06:28:21.157011+00:00,learner_consequence,contextual_delayed_exp3,source_round,5000,574.2456780961365,0.1148491356192273,502.8330072503248,0.1005666014500649,4986,14,9efa804e2035c31695cc18c707e4699949fde558918efa91e9b740c96641957f,882eaffd5793dff1d3105d390ce80cdf84e730430a786692e72f675cc4249ef9,3d8d2611d0cbd98125737b3ce0ebe8e209ef1980cd20523b325eb36b18d2f19b,aff0c2208642bdc8ffc03a9760ee114d5f49aa916dd545ada66e3a2f415bb9fb,f769a1ac9aa2adeff1f010b17a0c60ec4964935c1410e5ae5e4cd730368cb058,0.0545681798554798
exp1_alignment_transfer:full:2026-08-17T06:28:21.157011+00:00,paper,True,primary,exp1_alignment_transfer,primary_t5000_k10,5,mixture_delay,23199c4827c06f76d1d9a7a4fc39e56e21eb26b8,1738aa639b37c24c9a687969970adb435313e91ca717b336ca50525dd7d4e928,3ebb8ce93cecd9d76ef6358493113e3d186b46dc569038f73332c9cc58c495a3,3ebb8ce93cecd9d76ef6358493113e3d186b46dc569038f73332c9cc58c495a3,2026-08-17T06:28:21.157011+00:00,learner_consequence,contextual_delayed_exp3,arrival_clock,5000,794.1658471163587,0.1588331694232717,722.753176270547,0.1445506352541094,4984,16,c716e16c495299df11f922ea11ca2dbf81d15d3dcfd9881eb6f9504ee216b519,882eaffd5793dff1d3105d390ce80cdf84e730430a786692e72f675cc4249ef9,c6a2acbf33c6713f76d0a0cf46f338742fe332fd44e17b0c00f1cffc1151d5d1,aff0c2208642bdc8ffc03a9760ee114d5f49aa916dd545ada66e3a2f415bb9fb,e0873821caff46e8fc9350d60b21447e73f296b6c0a77d4a2068e4157364c324,0.0441261154196183
exp1_alignment_transfer:full:2026-08-17T06:28:21.157011+00:00,paper,True,primary,exp1_alignment_transfer,primary_t5000_k10,5,mixture_delay,23199c4827c06f76d1d9a7a4fc39e56e21eb26b8,1738aa639b37c24c9a687969970adb435313e91ca717b336ca50525dd7d4e928,3ebb8ce93cecd9d76ef6358493113e3d186b46dc569038f73332c9cc58c495a3,3ebb8ce93cecd9d76ef6358493113e3d186b46dc569038f73332c9cc58c495a3,2026-08-17T06:28:21.157011+00:00,learner_consequence,contextual_delayed_exp3,source_round,5000,573.5352700182668,0.1147070540036533,502.122599172455,0.100424519834491,4984,16,f2c971c8309763197189bf747d6633d91e397a2797303f700efcf23e95b97421,882eaffd5793dff1d3105d390ce80cdf84e730430a786692e72f675cc4249ef9,c6a2acbf33c6713f76d0a0cf46f338742fe332fd44e17b0c00f1cffc1151d5d1,aff0c2208642bdc8ffc03a9760ee114d5f49aa916dd545ada66e3a2f415bb9fb,e0873821caff46e8fc9350d60b21447e73f296b6c0a77d4a2068e4157364c324,0.0441261154196183
exp1_alignment_transfer:full:2026-08-17T06:28:21.157011+00:00,paper,True,primary,exp1_alignment_transfer,primary_t5000_k10,5,state_coupled_delay,23199c4827c06f76d1d9a7a4fc39e56e21eb26b8,1738aa639b37c24c9a687969970adb435313e91ca717b336ca50525dd7d4e928,3ebb8ce93cecd9d76ef6358493113e3d186b46dc569038f73332c9cc58c495a3,3ebb8ce93cecd9d76ef6358493113e3d186b46dc569038f73332c9cc58c495a3,2026-08-17T06:28:21.157011+00:00,learner_consequence,contextual_delayed_exp3,arrival_clock,5000,825.7504997778854,0.165150099955577,754.3378289320735,0.1508675657864147,4989,11,9b9ec12e539d5f80d41a50fe15d72705e4f287c0f04542c8a72d0664d440c7e4,882eaffd5793dff1d3105d390ce80cdf84e730430a786692e72f675cc4249ef9,d0c2138766111627c9eb67efc77c4183387fbf546cd0a63efcb21dca810b8070,aff0c2208642bdc8ffc03a9760ee114d5f49aa916dd545ada66e3a2f415bb9fb,1a0666fba1c3941888e871f4726b967001682c1de9679212bb4f070a060fec90,0.0504953055724769
exp1_alignment_transfer:full:2026-08-17T06:28:21.157011+00:00,paper,True,primary,exp1_alignment_transfer,primary_t5000_k10,5,state_coupled_delay,23199c4827c06f76d1d9a7a4fc39e56e21eb26b8,1738aa639b37c24c9a687969970adb435313e91ca717b336ca50525dd7d4e928,3ebb8ce93cecd9d76ef6358493113e3d186b46dc569038f73332c9cc58c495a3,3ebb8ce93cecd9d76ef6358493113e3d186b46dc569038f73332c9cc58c495a3,2026-08-17T06:28:21.157011+00:00,learner_consequence,contextual_delayed_exp3,source_round,5000,573.2739719155005,0.1146547943831001,501.8613010696887,0.1003722602139377,4989,11,5d9abb483d86e1b68554b55617546b6ed5127585147ed74a3d0efc5be5776baa,882eaffd5793dff1d3105d390ce80cdf84e730430a786692e72f675cc4249ef9,d0c2138766111627c9eb67efc77c4183387fbf546cd0a63efcb21dca810b8070,aff0c2208642bdc8ffc03a9760ee114d5f49aa916dd545ada66e3a2f415bb9fb,1a0666fba1c3941888e871f4726b967001682c1de9679212bb4f070a060fec90,0.0504953055724769
exp1_alignment_transfer:full:2026-08-17T06:28:21.157011+00:00,paper,True,primary,exp1_alignment_transfer,primary_t5000_k10,5,systematic_misbinding,23199c4827c06f76d1d9a7a4fc39e56e21eb26b8,1738aa639b37c24c9a687969970adb435313e91ca717b336ca50525dd7d4e928,3ebb8ce93cecd9d76ef6358493113e3d186b46dc569038f73332c9cc58c495a3,3ebb8ce93cecd9d76ef6358493113e3d186b46dc569038f73332c9cc58c495a3,2026-08-17T06:28:21.157011+00:00,learner_consequence,contextual_delayed_exp3,arrival_clock,5000,895.432098765432,0.1790864197530864,801.0246913580246,0.1602049382716049,4985,15,96a949b0f2bdb1c0b087ede6501983c3b1734a5f139ba47bb51d84dc28dd96a6,130d138256df6ce9ca0b108a76cf363501c5adc5017549ed1f355ac0d7bcb29d,3604b5bf5504bcaeb68683b144eef1a79c0a5e74e36aacc58c57d5a888617e7d,aff0c2208642bdc8ffc03a9760ee114d5f49aa916dd545ada66e3a2f415bb9fb,f2b40e75bb2a6ac829926b1fb571967220f9401a0bc239d17265ee92da840aed,0.0735012345679012
exp1_alignment_transfer:full:2026-08-17T06:28:21.157011+00:00,paper,True,primary,exp1_alignment_transfer,primary_t5000_k10,5,systematic_misbinding,23199c4827c06f76d1d9a7a4fc39e56e21eb26b8,1738aa639b37c24c9a687969970adb435313e91ca717b336ca50525dd7d4e928,3ebb8ce93cecd9d76ef6358493113e3d186b46dc569038f73332c9cc58c495a3,3ebb8ce93cecd9d76ef6358493113e3d186b46dc569038f73332c9cc58c495a3,2026-08-17T06:28:21.157011+00:00,learner_consequence,contextual_delayed_exp3,source_round,5000,527.9259259259259,0.1055851851851851,433.5185185185185,0.0867037037037037,4985,15,d6ef794a905cd67c6f565ac01c1fbb3bbe26c46543df8d63bcd9849d1f48ef58,130d138256df6ce9ca0b108a76cf363501c5adc5017549ed1f355ac0d7bcb29d,3604b5bf5504bcaeb68683b144eef1a79c0a5e74e36aacc58c57d5a888617e7d,aff0c2208642bdc8ffc03a9760ee114d5f49aa916dd545ada66e3a2f415bb9fb,f2b40e75bb2a6ac829926b1fb571967220f9401a0bc239d17265ee92da840aed,0.0735012345679012
exp1_alignment_transfer:full:2026-08-17T06:28:21.157011+00:00,paper,True,primary,exp1_alignment_transfer,primary_t5000_k10,6,zero_delay,23199c4827c06f76d1d9a7a4fc39e56e21eb26b8,1738aa639b37c24c9a687969970adb435313e91ca717b336ca50525dd7d4e928,3ebb8ce93cecd9d76ef6358493113e3d186b46dc569038f73332c9cc58c495a3,3ebb8ce93cecd9d76ef6358493113e3d186b46dc569038f73332c9cc58c495a3,2026-08-17T06:28:21.157011+00:00,learner_consequence,contextual_delayed_exp3,arrival_clock,5000,558.5604297690938,0.1117120859538187,485.2774124541463,0.0970554824908292,5000,0,76b0b317095cb53859618e485b6018c9f6570a71401899b11fef7ef21804b779,f0a3a3f7dc9950599bb0975c54aa7c5b247bc208ed9faab74a3510bbde9c57e4,8e7e4c1630075a852bc6186f543b06e78680a320b37848d75d96cef884b47feb,9c12dabbad9882466fadacb829b981c1f59d18c6bb40c71feac97dd45f662b8b,ca01b2705e277ba924928c94512b57d5ec2fa16e798b673f2b5ae26fcac05ac4,0.0
exp1_alignment_transfer:full:2026-08-17T06:28:21.157011+00:00,paper,True,primary,exp1_alignment_transfer,primary_t5000_k10,6,zero_delay,23199c4827c06f76d1d9a7a4fc39e56e21eb26b8,1738aa639b37c24c9a687969970adb435313e91ca717b336ca50525dd7d4e928,3ebb8ce93cecd9d76ef6358493113e3d186b46dc569038f73332c9cc58c495a3,3ebb8ce93cecd9d76ef6358493113e3d186b46dc569038f73332c9cc58c495a3,2026-08-17T06:28:21.157011+00:00,learner_consequence,contextual_delayed_exp3,source_round,5000,558.5604297690938,0.1117120859538187,485.2774124541463,0.0970554824908292,5000,0,76b0b317095cb53859618e485b6018c9f6570a71401899b11fef7ef21804b779,f0a3a3f7dc9950599bb0975c54aa7c5b247bc208ed9faab74a3510bbde9c57e4,8e7e4c1630075a852bc6186f543b06e78680a320b37848d75d96cef884b47feb,9c12dabbad9882466fadacb829b981c1f59d18c6bb40c71feac97dd45f662b8b,ca01b2705e277ba924928c94512b57d5ec2fa16e798b673f2b5ae26fcac05ac4,0.0
exp1_alignment_transfer:full:2026-08-17T06:28:21.157011+00:00,paper,True,primary,exp1_alignment_transfer,primary_t5000_k10,6,exact_valid_shift,23199c4827c06f76d1d9a7a4fc39e56e21eb26b8,1738aa639b37c24c9a687969970adb435313e91ca717b336ca50525dd7d4e928,3ebb8ce93cecd9d76ef6358493113e3d186b46dc569038f73332c9cc58c495a3,3ebb8ce93cecd9d76ef6358493113e3d186b46dc569038f73332c9cc58c495a3,2026-08-17T06:28:21.157011+00:00,learner_consequence,contextual_delayed_exp3,arrival_clock,5000,963.288,0.1926576,450.456,0.0900912,4980,20,b8f4ee8a1daa52f70c6842ef1fe7da7ac63b30c6a9f5ed3fb70fc3d14751d97d,71fade9470238718770df12869b7937fef73a688b08538671cbc7ff2652f51cf,96c520f6082f8d4725ea6619ed2da8663b432e1a804feb465f4c7fad290c2438,9c12dabbad9882466fadacb829b981c1f59d18c6bb40c71feac97dd45f662b8b,5671f7d166e79943d45f32f364fef91a86520588fecb3c694bb10976d36b5647,0.0632016
exp1_alignment_transfer:full:2026-08-17T06:28:21.157011+00:00,paper,True,primary,exp1_alignment_transfer,primary_t5000_k10,6,exact_valid_shift,23199c4827c06f76d1d9a7a4fc39e56e21eb26b8,1738aa639b37c24c9a687969970adb435313e91ca717b336ca50525dd7d4e928,3ebb8ce93cecd9d76ef6358493113e3d186b46dc569038f73332c9cc58c495a3,3ebb8ce93cecd9d76ef6358493113e3d186b46dc569038f73332c9cc58c495a3,2026-08-17T06:28:21.157011+00:00,learner_consequence,contextual_delayed_exp3,source_round,5000,647.28,0.129456,134.448,0.0268896,4980,20,71d77096ba269549330bfe9510d552f122a9a4617ce693d56a868fad9534d080,71fade9470238718770df12869b7937fef73a688b08538671cbc7ff2652f51cf,96c520f6082f8d4725ea6619ed2da8663b432e1a804feb465f4c7fad290c2438,9c12dabbad9882466fadacb829b981c1f59d18c6bb40c71feac97dd45f662b8b,5671f7d166e79943d45f32f364fef91a86520588fecb3c694bb10976d36b5647,0.0632016
exp1_alignment_transfer:full:2026-08-17T06:28:21.157011+00:00,paper,True,primary,exp1_alignment_transfer,primary_t5000_k10,6,geometric_delay,23199c4827c06f76d1d9a7a4fc39e56e21eb26b8,1738aa639b37c24c9a687969970adb435313e91ca717b336ca50525dd7d4e928,3ebb8ce93cecd9d76ef6358493113e3d186b46dc569038f73332c9cc58c495a3,3ebb8ce93cecd9d76ef6358493113e3d186b46dc569038f73332c9cc58c495a3,2026-08-17T06:28:21.157011+00:00,learner_consequence,contextual_delayed_exp3,arrival_clock,5000,826.5540040478686,0.1653108008095737,753.2709867329208,0.1506541973465841,4980,20,d08930b6a93e114166c3cbbac2b1ec9e922c26125049ab2dca0ca23b3f603d98,f0a3a3f7dc9950599bb0975c54aa7c5b247bc208ed9faab74a3510bbde9c57e4,96c520f6082f8d4725ea6619ed2da8663b432e1a804feb465f4c7fad290c2438,9c12dabbad9882466fadacb829b981c1f59d18c6bb40c71feac97dd45f662b8b,db9d3032c0fbf3f7b61de85d0276c3fa1b3ccd24108296fb3ca4b53d19b66d51,0.0528304244822894
exp1_alignment_transfer:full:2026-08-17T06:28:21.157011+00:00,paper,True,primary,exp1_alignment_transfer,primary_t5000_k10,6,geometric_delay,23199c4827c06f76d1d9a7a4fc39e56e21eb26b8,1738aa639b37c24c9a687969970adb435313e91ca717b336ca50525dd7d4e928,3ebb8ce93cecd9d76ef6358493113e3d186b46dc569038f73332c9cc58c495a3,3ebb8ce93cecd9d76ef6358493113e3d186b46dc569038f73332c9cc58c495a3,2026-08-17T06:28:21.157011+00:00,learner_consequence,contextual_delayed_exp3,source_round,5000,562.4018816364214,0.1124803763272842,489.1188643214738,0.0978237728642947,4980,20,5f6d2b78c2c004cb062aebb153df7e763dc3ff68ef8fa28aa0685c733314b186,f0a3a3f7dc9950599bb0975c54aa7c5b247bc208ed9faab74a3510bbde9c57e4,96c520f6082f8d4725ea6619ed2da8663b432e1a804feb465f4c7fad290c2438,9c12dabbad9882466fadacb829b981c1f59d18c6bb40c71feac97dd45f662b8b,db9d3032c0fbf3f7b61de85d0276c3fa1b3ccd24108296fb3ca4b53d19b66d51,0.0528304244822894
exp1_alignment_transfer:full:2026-08-17T06:28:21.157011+00:00,paper,True,primary,exp1_alignment_transfer,primary_t5000_k10,6,mixture_delay,23199c4827c06f76d1d9a7a4fc39e56e21eb26b8,1738aa639b37c24c9a687969970adb435313e91ca717b336ca50525dd7d4e928,3ebb8ce93cecd9d76ef6358493113e3d186b46dc569038f73332c9cc58c495a3,3ebb8ce93cecd9d76ef6358493113e3d186b46dc569038f73332c9cc58c495a3,2026-08-17T06:28:21.157011+00:00,learner_consequence,contextual_delayed_exp3,arrival_clock,5000,795.9927104564982,0.1591985420912996,722.7096931415506,0.1445419386283101,4983,17,dd6f2f8b84a247d2774c8115560d2c4df37cf83064739265fc378ee436488fee,f0a3a3f7dc9950599bb0975c54aa7c5b247bc208ed9faab74a3510bbde9c57e4,43f80e03d8f1227109507c1575b9d2def9d4749bda661e85361b5540b1360bb6,9c12dabbad9882466fadacb829b981c1f59d18c6bb40c71feac97dd45f662b8b,db03cca9ea3aace61b1a761c3266ae20018c80ca4af8be4fbcdb539eaa0fb977,0.0466745446279071
exp1_alignment_transfer:full:2026-08-17T06:28:21.157011+00:00,paper,True,primary,exp1_alignment_transfer,primary_t5000_k10,6,mixture_delay,23199c4827c06f76d1d9a7a4fc39e56e21eb26b8,1738aa639b37c24c9a687969970adb435313e91ca717b336ca50525dd7d4e928,3ebb8ce93cecd9d76ef6358493113e3d186b46dc569038f73332c9cc58c495a3,3ebb8ce93cecd9d76ef6358493113e3d186b46dc569038f73332c9cc58c495a3,2026-08-17T06:28:21.157011+00:00,learner_consequence,contextual_delayed_exp3,source_round,5000,562.6199873169622,0.1125239974633924,489.3369700020146,0.0978673940004029,4983,17,12f23e65f94806fb6576ef7a03ba869b8782a546bea7d2ab358f6067921ae915,f0a3a3f7dc9950599bb0975c54aa7c5b247bc208ed9faab74a3510bbde9c57e4,43f80e03d8f1227109507c1575b9d2def9d4749bda661e85361b5540b1360bb6,9c12dabbad9882466fadacb829b981c1f59d18c6bb40c71feac97dd45f662b8b,db03cca9ea3aace61b1a761c3266ae20018c80ca4af8be4fbcdb539eaa0fb977,0.0466745446279071
exp1_alignment_transfer:full:2026-08-17T06:28:21.157011+00:00,paper,True,primary,exp1_alignment_transfer,primary_t5000_k10,6,state_coupled_delay,23199c4827c06f76d1d9a7a4fc39e56e21eb26b8,1738aa639b37c24c9a687969970adb435313e91ca717b336ca50525dd7d4e928,3ebb8ce93cecd9d76ef6358493113e3d186b46dc569038f73332c9cc58c495a3,3ebb8ce93cecd9d76ef6358493113e3d186b46dc569038f73332c9cc58c495a3,2026-08-17T06:28:21.157011+00:00,learner_consequence,contextual_delayed_exp3,arrival_clock,5000,832.3210172907579,0.1664642034581515,759.0379999758102,0.151807599995162,4976,24,1d60ad891410687d19f2645dceb86d9b5cd1d254e1a8186a145e73599ab9e682,f0a3a3f7dc9950599bb0975c54aa7c5b247bc208ed9faab74a3510bbde9c57e4,b298f31ffdd79e736542c255f54a11f9b03a99224b945a3d9e1886fd768d28a9,9c12dabbad9882466fadacb829b981c1f59d18c6bb40c71feac97dd45f662b8b,c4d3c50a93fcf9aa80bf117461bae722ac66bc325b02a3630ef7465131c71d16,0.0537317594482072
exp1_alignment_transfer:full:2026-08-17T06:28:21.157011+00:00,paper,True,primary,exp1_alignment_transfer,primary_t5000_k10,6,state_coupled_delay,23199c4827c06f76d1d9a7a4fc39e56e21eb26b8,1738aa639b37c24c9a687969970adb435313e91ca717b336ca50525dd7d4e928,3ebb8ce93cecd9d76ef6358493113e3d186b46dc569038f73332c9cc58c495a3,3ebb8ce93cecd9d76ef6358493113e3d186b46dc569038f73332c9cc58c495a3,2026-08-17T06:28:21.157011+00:00,learner_consequence,contextual_delayed_exp3,source_round,5000,563.6622200497216,0.1127324440099443,490.379202734774,0.0980758405469548,4976,24,244c435cb1e9466b9b374832b60a961da47a779950328f81be58732bccea2b8e,f0a3a3f7dc9950599bb0975c54aa7c5b247bc208ed9faab74a3510bbde9c57e4,b298f31ffdd79e736542c255f54a11f9b03a99224b945a3d9e1886fd768d28a9,9c12dabbad9882466fadacb829b981c1f59d18c6bb40c71feac97dd45f662b8b,c4d3c50a93fcf9aa80bf117461bae722ac66bc325b02a3630ef7465131c71d16,0.0537317594482072
exp1_alignment_transfer:full:2026-08-17T06:28:21.157011+00:00,paper,True,primary,exp1_alignment_transfer,primary_t5000_k10,6,systematic_misbinding,23199c4827c06f76d1d9a7a4fc39e56e21eb26b8,1738aa639b37c24c9a687969970adb435313e91ca717b336ca50525dd7d4e928,3ebb8ce93cecd9d76ef6358493113e3d186b46dc569038f73332c9cc58c495a3,3ebb8ce93cecd9d76ef6358493113e3d186b46dc569038f73332c9cc58c495a3,2026-08-17T06:28:21.157011+00:00,learner_consequence,contextual_delayed_exp3,arrival_clock,5000,887.2962962962962,0.1774592592592592,794.4814814814813,0.1588962962962962,4985,15,d5ae76c5bda509e8854ff6b771b4a70cd2ff3c96bb244c37272b8bff371459c1,da3f164b4a63423b5a5466907da2144692b789fdfcbe47867c426d48a40e7bba,42750c0de1ff32aecea166bd9d0e07814e98e4b5e9455918c6efbcb529169cf1,9c12dabbad9882466fadacb829b981c1f59d18c6bb40c71feac97dd45f662b8b,2d2e3adb395333518785052e17199d708f77c637f7042dd2519d587aacb0c33c,0.0704395061728394
exp1_alignment_transfer:full:2026-08-17T06:28:21.157011+00:00,paper,True,primary,exp1_alignment_transfer,primary_t5000_k10,6,systematic_misbinding,23199c4827c06f76d1d9a7a4fc39e56e21eb26b8,1738aa639b37c24c9a687969970adb435313e91ca717b336ca50525dd7d4e928,3ebb8ce93cecd9d76ef6358493113e3d186b46dc569038f73332c9cc58c495a3,3ebb8ce93cecd9d76ef6358493113e3d186b46dc569038f73332c9cc58c495a3,2026-08-17T06:28:21.157011+00:00,learner_consequence,contextual_delayed_exp3,source_round,5000,535.0987654320987,0.1070197530864197,442.28395061728384,0.0884567901234567,4985,15,416659089357e044fb606251e6c47b4ae4567c8808ffc7984c9ec0befe6cb671,da3f164b4a63423b5a5466907da2144692b789fdfcbe47867c426d48a40e7bba,42750c0de1ff32aecea166bd9d0e07814e98e4b5e9455918c6efbcb529169cf1,9c12dabbad9882466fadacb829b981c1f59d18c6bb40c71feac97dd45f662b8b,2d2e3adb395333518785052e17199d708f77c637f7042dd2519d587aacb0c33c,0.0704395061728394
exp1_alignment_transfer:full:2026-08-17T06:28:21.157011+00:00,paper,True,primary,exp1_alignment_transfer,primary_t5000_k10,7,zero_delay,23199c4827c06f76d1d9a7a4fc39e56e21eb26b8,1738aa639b37c24c9a687969970adb435313e91ca717b336ca50525dd7d4e928,3ebb8ce93cecd9d76ef6358493113e3d186b46dc569038f73332c9cc58c495a3,3ebb8ce93cecd9d76ef6358493113e3d186b46dc569038f73332c9cc58c495a3,2026-08-17T06:28:21.157011+00:00,learner_consequence,contextual_delayed_exp3,arrival_clock,5000,584.3468314108429,0.1168693662821685,512.3108928285418,0.1024621785657083,5000,0,09e3d7cc72793da631724b9e3859dd8c9117d33c445b714dedaed4d805d7d655,6bad13c1e816ada49fbfb5f75b828736c15ac5d21735f1ab0f3049085505dea4,199fe16709a47a4343873c9bea813a6ff99e9bcffced40d1657c4d5ebee6d02a,bf9efdb82d04207dce4d45d309df4713a1d165db36efe8d74932d98e7647a82c,6b21888890d4c73f157937904e58056da8fb877f0f73da1b6694985ff1cc2147,0.0
exp1_alignment_transfer:full:2026-08-17T06:28:21.157011+00:00,paper,True,primary,exp1_alignment_transfer,primary_t5000_k10,7,zero_delay,23199c4827c06f76d1d9a7a4fc39e56e21eb26b8,1738aa639b37c24c9a687969970adb435313e91ca717b336ca50525dd7d4e928,3ebb8ce93cecd9d76ef6358493113e3d186b46dc569038f73332c9cc58c495a3,3ebb8ce93cecd9d76ef6358493113e3d186b46dc569038f73332c9cc58c495a3,2026-08-17T06:28:21.157011+00:00,learner_consequence,contextual_delayed_exp3,source_round,5000,584.3468314108429,0.1168693662821685,512.3108928285418,0.1024621785657083,5000,0,09e3d7cc72793da631724b9e3859dd8c9117d33c445b714dedaed4d805d7d655,6bad13c1e816ada49fbfb5f75b828736c15ac5d21735f1ab0f3049085505dea4,199fe16709a47a4343873c9bea813a6ff99e9bcffced40d1657c4d5ebee6d02a,bf9efdb82d04207dce4d45d309df4713a1d165db36efe8d74932d98e7647a82c,6b21888890d4c73f157937904e58056da8fb877f0f73da1b6694985ff1cc2147,0.0
exp1_alignment_transfer:full:2026-08-17T06:28:21.157011+00:00,paper,True,primary,exp1_alignment_transfer,primary_t5000_k10,7,exact_valid_shift,23199c4827c06f76d1d9a7a4fc39e56e21eb26b8,1738aa639b37c24c9a687969970adb435313e91ca717b336ca50525dd7d4e928,3ebb8ce93cecd9d76ef6358493113e3d186b46dc569038f73332c9cc58c495a3,3ebb8ce93cecd9d76ef6358493113e3d186b46dc569038f73332c9cc58c495a3,2026-08-17T06:28:21.157011+00:00,learner_consequence,contextual_delayed_exp3,arrival_clock,5000,994.464,0.1988928,410.64,0.0821279999999999,4986,14,1812668e911b0c541a482472d10d4fe7b14b6ab1718ccbad0a7def4d1bfae468,209859e2dffcf4d95682761bca8c8d7efe962ac8f85d32d1733997efa43972d0,f92ebe2402fd77705d671106c278b491938f9d341252e323a700da3523b90f62,bf9efdb82d04207dce4d45d309df4713a1d165db36efe8d74932d98e7647a82c,7abfd4fc1b382ff86eed505500f7c1d4a03c723aa53512d86d62038df2511e94,0.0646224
exp1_alignment_transfer:full:2026-08-17T06:28:21.157011+00:00,paper,True,primary,exp1_alignment_transfer,primary_t5000_k10,7,exact_valid_shift,23199c4827c06f76d1d9a7a4fc39e56e21eb26b8,1738aa639b37c24c9a687969970adb435313e91ca717b336ca50525dd7d4e928,3ebb8ce93cecd9d76ef6358493113e3d186b46dc569038f73332c9cc58c495a3,3ebb8ce93cecd9d76ef6358493113e3d186b46dc569038f73332c9cc58c495a3,2026-08-17T06:28:21.157011+00:00,learner_consequence,contextual_delayed_exp3,source_round,5000,671.352,0.1342703999999999,87.52799999999999,0.0175056,4986,14,2f4841d0163e34d496c6c972425c6f2bb1c8f36b9b17ebc3389cb17127bf3c80,209859e2dffcf4d95682761bca8c8d7efe962ac8f85d32d1733997efa43972d0,f92ebe2402fd77705d671106c278b491938f9d341252e323a700da3523b90f62,bf9efdb82d04207dce4d45d309df4713a1d165db36efe8d74932d98e7647a82c,7abfd4fc1b382ff86eed505500f7c1d4a03c723aa53512d86d62038df2511e94,0.0646224
exp1_alignment_transfer:full:2026-08-17T06:28:21.157011+00:00,paper,True,primary,exp1_alignment_transfer,primary_t5000_k10,7,geometric_delay,23199c4827c06f76d1d9a7a4fc39e56e21eb26b8,1738aa639b37c24c9a687969970adb435313e91ca717b336ca50525dd7d4e928,3ebb8ce93cecd9d76ef6358493113e3d186b46dc569038f73332c9cc58c495a3,3ebb8ce93cecd9d76ef6358493113e3d186b46dc569038f73332c9cc58c495a3,2026-08-17T06:28:21.157011+00:00,learner_consequence,contextual_delayed_exp3,arrival_clock,5000,875.9698156726647,0.1751939631345329,803.9338770903637,0.1607867754180727,4986,14,4c1fe6df521b3122c3c39f592415f19b7131844a0a24d7f5d707bda4a93509bb,6bad13c1e816ada49fbfb5f75b828736c15ac5d21735f1ab0f3049085505dea4,f92ebe2402fd77705d671106c278b491938f9d341252e323a700da3523b90f62,bf9efdb82d04207dce4d45d309df4713a1d165db36efe8d74932d98e7647a82c,d019ddf448a5307da4a3ec42881781182b0cb79ebb833dae3d7f406932286267,0.0576148860811822
exp1_alignment_transfer:full:2026-08-17T06:28:21.157011+00:00,paper,True,primary,exp1_alignment_transfer,primary_t5000_k10,7,geometric_delay,23199c4827c06f76d1d9a7a4fc39e56e21eb26b8,1738aa639b37c24c9a687969970adb435313e91ca717b336ca50525dd7d4e928,3ebb8ce93cecd9d76ef6358493113e3d186b46dc569038f73332c9cc58c495a3,3ebb8ce93cecd9d76ef6358493113e3d186b46dc569038f73332c9cc58c495a3,2026-08-17T06:28:21.157011+00:00,learner_consequence,contextual_delayed_exp3,source_round,5000,587.8953852667534,0.1175790770533506,515.8594466844522,0.1031718893368904,4986,14,7cc92d446cbcff909a11f296dfb3d02f94a5a3463d3902d87ce4efbc6dccf99e,6bad13c1e816ada49fbfb5f75b828736c15ac5d21735f1ab0f3049085505dea4,f92ebe2402fd77705d671106c278b491938f9d341252e323a700da3523b90f62,bf9efdb82d04207dce4d45d309df4713a1d165db36efe8d74932d98e7647a82c,d019ddf448a5307da4a3ec42881781182b0cb79ebb833dae3d7f406932286267,0.0576148860811822
exp1_alignment_transfer:full:2026-08-17T06:28:21.157011+00:00,paper,True,primary,exp1_alignment_transfer,primary_t5000_k10,7,mixture_delay,23199c4827c06f76d1d9a7a4fc39e56e21eb26b8,1738aa639b37c24c9a687969970adb435313e91ca717b336ca50525dd7d4e928,3ebb8ce93cecd9d76ef6358493113e3d186b46dc569038f73332c9cc58c495a3,3ebb8ce93cecd9d76ef6358493113e3d186b46dc569038f73332c9cc58c495a3,2026-08-17T06:28:21.157011+00:00,learner_consequence,contextual_delayed_exp3,arrival_clock,5000,829.1910701999795,0.1658382140399959,757.1551316176783,0.1514310263235356,4987,13,681d8a72e7aa7cfb2d3cfb48084b9898dea02c373befa8a4dfe929a930774e2e,6bad13c1e816ada49fbfb5f75b828736c15ac5d21735f1ab0f3049085505dea4,4c6bb43916fdf83ea0e704695f4d2f6df4b04d80ebc1bb593435e0fb8a364834,bf9efdb82d04207dce4d45d309df4713a1d165db36efe8d74932d98e7647a82c,beade90e4d5bc3d274c09ff6d76c032124d9d76bd9e7ed2c9cbbcd3c394702c6,0.0481835179882139
exp1_alignment_transfer:full:2026-08-17T06:28:21.157011+00:00,paper,True,primary,exp1_alignment_transfer,primary_t5000_k10,7,mixture_delay,23199c4827c06f76d1d9a7a4fc39e56e21eb26b8,1738aa639b37c24c9a687969970adb435313e91ca717b336ca50525dd7d4e928,3ebb8ce93cecd9d76ef6358493113e3d186b46dc569038f73332c9cc58c495a3,3ebb8ce93cecd9d76ef6358493113e3d186b46dc569038f73332c9cc58c495a3,2026-08-17T06:28:21.157011+00:00,learner_consequence,contextual_delayed_exp3,source_round,5000,588.2734802589098,0.1176546960517819,516.2375416766085,0.1032475083353217,4987,13,8181d5cac4ee34e5bab036ffe9095a8a3409b3bcdf2374a4cf5e486e109a25aa,6bad13c1e816ada49fbfb5f75b828736c15ac5d21735f1ab0f3049085505dea4,4c6bb43916fdf83ea0e704695f4d2f6df4b04d80ebc1bb593435e0fb8a364834,bf9efdb82d04207dce4d45d309df4713a1d165db36efe8d74932d98e7647a82c,beade90e4d5bc3d274c09ff6d76c032124d9d76bd9e7ed2c9cbbcd3c394702c6,0.0481835179882139
exp1_alignment_transfer:full:2026-08-17T06:28:21.157011+00:00,paper,True,primary,exp1_alignment_transfer,primary_t5000_k10,7,state_coupled_delay,23199c4827c06f76d1d9a7a4fc39e56e21eb26b8,1738aa639b37c24c9a687969970adb435313e91ca717b336ca50525dd7d4e928,3ebb8ce93cecd9d76ef6358493113e3d186b46dc569038f73332c9cc58c495a3,3ebb8ce93cecd9d76ef6358493113e3d186b46dc569038f73332c9cc58c495a3,2026-08-17T06:28:21.157011+00:00,learner_consequence,contextual_delayed_exp3,arrival_clock,5000,888.2483815555715,0.1776496763111143,816.2124429732703,0.163242488594654,4978,22,19f941bd16060201c05014451176c4cb12a6b1aa18985addec40b6960820a2f3,6bad13c1e816ada49fbfb5f75b828736c15ac5d21735f1ab0f3049085505dea4,14f5459ec7f1c08d2e1918c1d1ef8f4eb11457d4f4b8dfc79ac2c99fb87b7819,bf9efdb82d04207dce4d45d309df4713a1d165db36efe8d74932d98e7647a82c,ec020e7cadaf72405b915b5a893fceff6d326b84864712324657c3e0a75363a1,0.0601463633583893
exp1_alignment_transfer:full:2026-08-17T06:28:21.157011+00:00,paper,True,primary,exp1_alignment_transfer,primary_t5000_k10,7,state_coupled_delay,23199c4827c06f76d1d9a7a4fc39e56e21eb26b8,1738aa639b37c24c9a687969970adb435313e91ca717b336ca50525dd7d4e928,3ebb8ce93cecd9d76ef6358493113e3d186b46dc569038f73332c9cc58c495a3,3ebb8ce93cecd9d76ef6358493113e3d186b46dc569038f73332c9cc58c495a3,2026-08-17T06:28:21.157011+00:00,learner_consequence,contextual_delayed_exp3,source_round,5000,587.5165647636247,0.1175033129527249,515.4806261813237,0.1030961252362647,4978,22,0ee3c5f62f7d29161c2c6660b2dc639a7a5f20e6b31448bb1503b612ea946ae3,6bad13c1e816ada49fbfb5f75b828736c15ac5d21735f1ab0f3049085505dea4,14f5459ec7f1c08d2e1918c1d1ef8f4eb11457d4f4b8dfc79ac2c99fb87b7819,bf9efdb82d04207dce4d45d309df4713a1d165db36efe8d74932d98e7647a82c,ec020e7cadaf72405b915b5a893fceff6d326b84864712324657c3e0a75363a1,0.0601463633583893
exp1_alignment_transfer:full:2026-08-17T06:28:21.157011+00:00,paper,True,primary,exp1_alignment_transfer,primary_t5000_k10,7,systematic_misbinding,23199c4827c06f76d1d9a7a4fc39e56e21eb26b8,1738aa639b37c24c9a687969970adb435313e91ca717b336ca50525dd7d4e928,3ebb8ce93cecd9d76ef6358493113e3d186b46dc569038f73332c9cc58c495a3,3ebb8ce93cecd9d76ef6358493113e3d186b46dc569038f73332c9cc58c495a3,2026-08-17T06:28:21.157011+00:00,learner_consequence,contextual_delayed_exp3,arrival_clock,5000,889.5185185185184,0.1779037037037036,797.4074074074072,0.1594814814814814,4985,15,9065fd3b7aee91c4909b26075efc9706872f3271890b6391d8ae1b893843d016,057ed4045224896cad5c7af46c5de421af6bc1811c82e41b0994a799baf85916,56d9755badba2369b620386ca370941d2e88a5b39b38af2cfb712c03abd7bb72,bf9efdb82d04207dce4d45d309df4713a1d165db36efe8d74932d98e7647a82c,3294ccec50f3b0c5f4136a320b0707c17caf88bb07902ce7250a46d9d65b4a81,0.0684888888888888
exp1_alignment_transfer:full:2026-08-17T06:28:21.157011+00:00,paper,True,primary,exp1_alignment_transfer,primary_t5000_k10,7,systematic_misbinding,23199c4827c06f76d1d9a7a4fc39e56e21eb26b8,1738aa639b37c24c9a687969970adb435313e91ca717b336ca50525dd7d4e928,3ebb8ce93cecd9d76ef6358493113e3d186b46dc569038f73332c9cc58c495a3,3ebb8ce93cecd9d76ef6358493113e3d186b46dc569038f73332c9cc58c495a3,2026-08-17T06:28:21.157011+00:00,learner_consequence,contextual_delayed_exp3,source_round,5000,547.074074074074,0.1094148148148148,454.9629629629629,0.0909925925925925,4985,15,861bb36998401f2d16288c237e5e9ff854aadee02dec1b023b3a850e7a5a28af,057ed4045224896cad5c7af46c5de421af6bc1811c82e41b0994a799baf85916,56d9755badba2369b620386ca370941d2e88a5b39b38af2cfb712c03abd7bb72,bf9efdb82d04207dce4d45d309df4713a1d165db36efe8d74932d98e7647a82c,3294ccec50f3b0c5f4136a320b0707c17caf88bb07902ce7250a46d9d65b4a81,0.0684888888888888
exp1_alignment_transfer:full:2026-08-17T06:28:21.157011+00:00,paper,True,primary,exp1_alignment_transfer,primary_t5000_k10,8,zero_delay,23199c4827c06f76d1d9a7a4fc39e56e21eb26b8,1738aa639b37c24c9a687969970adb435313e91ca717b336ca50525dd7d4e928,3ebb8ce93cecd9d76ef6358493113e3d186b46dc569038f73332c9cc58c495a3,3ebb8ce93cecd9d76ef6358493113e3d186b46dc569038f73332c9cc58c495a3,2026-08-17T06:28:21.157011+00:00,learner_consequence,contextual_delayed_exp3,arrival_clock,5000,565.0561225663573,0.1130112245132714,488.9330677128563,0.0977866135425712,5000,0,5b96ecca370a563958e72e15729165263800b399ac82e421d42dc1870f28dca0,b83334272e998ef7db2cdd2cd63317895137b29beca41ea7f7137dea09f69899,badca1d4521c6db9207246da4cd510f491f00d5608821be972c09d938a8cb735,b7e4a2ec280768226a7112d94cae02b729882bcf9ee97faa6f210f34f246f2c1,601e752b26dd27df9ec16c1bbc8618e91c4a8e970b81391d84b8103f405b3342,0.0
exp1_alignment_transfer:full:2026-08-17T06:28:21.157011+00:00,paper,True,primary,exp1_alignment_transfer,primary_t5000_k10,8,zero_delay,23199c4827c06f76d1d9a7a4fc39e56e21eb26b8,1738aa639b37c24c9a687969970adb435313e91ca717b336ca50525dd7d4e928,3ebb8ce93cecd9d76ef6358493113e3d186b46dc569038f73332c9cc58c495a3,3ebb8ce93cecd9d76ef6358493113e3d186b46dc569038f73332c9cc58c495a3,2026-08-17T06:28:21.157011+00:00,learner_consequence,contextual_delayed_exp3,source_round,5000,565.0561225663573,0.1130112245132714,488.9330677128563,0.0977866135425712,5000,0,5b96ecca370a563958e72e15729165263800b399ac82e421d42dc1870f28dca0,b83334272e998ef7db2cdd2cd63317895137b29beca41ea7f7137dea09f69899,badca1d4521c6db9207246da4cd510f491f00d5608821be972c09d938a8cb735,b7e4a2ec280768226a7112d94cae02b729882bcf9ee97faa6f210f34f246f2c1,601e752b26dd27df9ec16c1bbc8618e91c4a8e970b81391d84b8103f405b3342,0.0
exp1_alignment_transfer:full:2026-08-17T06:28:21.157011+00:00,paper,True,primary,exp1_alignment_transfer,primary_t5000_k10,8,exact_valid_shift,23199c4827c06f76d1d9a7a4fc39e56e21eb26b8,1738aa639b37c24c9a687969970adb435313e91ca717b336ca50525dd7d4e928,3ebb8ce93cecd9d76ef6358493113e3d186b46dc569038f73332c9cc58c495a3,3ebb8ce93cecd9d76ef6358493113e3d186b46dc569038f73332c9cc58c495a3,2026-08-17T06:28:21.157011+00:00,learner_consequence,contextual_delayed_exp3,arrival_clock,5000,1025.592,0.2051184,487.56,0.0975119999999999,4983,17,199ef5b87c144e4f07301ad8fb175d91110137b8a4f0438fde29449583c36473,abbd114b48e9f94239d2ccabbd4d29e548c5777b3de973f97ba5293fd74a4816,d6b2a2ec2c3eac8075bf8da3b35795abb17284b6649a218db7f6855b1ae777b2,b7e4a2ec280768226a7112d94cae02b729882bcf9ee97faa6f210f34f246f2c1,bcdd8e84565d3f74b7b47eac53e01bd79a5445d438af6c547f16571ebdedc6d7,0.0733776
exp1_alignment_transfer:full:2026-08-17T06:28:21.157011+00:00,paper,True,primary,exp1_alignment_transfer,primary_t5000_k10,8,exact_valid_shift,23199c4827c06f76d1d9a7a4fc39e56e21eb26b8,1738aa639b37c24c9a687969970adb435313e91ca717b336ca50525dd7d4e928,3ebb8ce93cecd9d76ef6358493113e3d186b46dc569038f73332c9cc58c495a3,3ebb8ce93cecd9d76ef6358493113e3d186b46dc569038f73332c9cc58c495a3,2026-08-17T06:28:21.157011+00:00,learner_consequence,contextual_delayed_exp3,source_round,5000,658.704,0.1317408,120.672,0.0241344,4983,17,c03bf1a1699fd37910bf5b2e03f8f202f92ebda392a9920463d7265a6ba43168,abbd114b48e9f94239d2ccabbd4d29e548c5777b3de973f97ba5293fd74a4816,d6b2a2ec2c3eac8075bf8da3b35795abb17284b6649a218db7f6855b1ae777b2,b7e4a2ec280768226a7112d94cae02b729882bcf9ee97faa6f210f34f246f2c1,bcdd8e84565d3f74b7b47eac53e01bd79a5445d438af6c547f16571ebdedc6d7,0.0733776
exp1_alignment_transfer:full:2026-08-17T06:28:21.157011+00:00,paper,True,primary,exp1_alignment_transfer,primary_t5000_k10,8,geometric_delay,23199c4827c06f76d1d9a7a4fc39e56e21eb26b8,1738aa639b37c24c9a687969970adb435313e91ca717b336ca50525dd7d4e928,3ebb8ce93cecd9d76ef6358493113e3d186b46dc569038f73332c9cc58c495a3,3ebb8ce93cecd9d76ef6358493113e3d186b46dc569038f73332c9cc58c495a3,2026-08-17T06:28:21.157011+00:00,learner_consequence,contextual_delayed_exp3,arrival_clock,5000,823.4598319095096,0.1646919663819019,747.3367770560087,0.1494673554112017,4983,17,6075f83bbab8350591b6ffdcd4f3a1d183f9081c700140ea8cd67e2206bdd022,b83334272e998ef7db2cdd2cd63317895137b29beca41ea7f7137dea09f69899,d6b2a2ec2c3eac8075bf8da3b35795abb17284b6649a218db7f6855b1ae777b2,b7e4a2ec280768226a7112d94cae02b729882bcf9ee97faa6f210f34f246f2c1,a90486095daaf537a0ccb5b3ebbb3f47ba6e393360aace9029924f7d1d371bcf,0.0511795950826794
exp1_alignment_transfer:full:2026-08-17T06:28:21.157011+00:00,paper,True,primary,exp1_alignment_transfer,primary_t5000_k10,8,geometric_delay,23199c4827c06f76d1d9a7a4fc39e56e21eb26b8,1738aa639b37c24c9a687969970adb435313e91ca717b336ca50525dd7d4e928,3ebb8ce93cecd9d76ef6358493113e3d186b46dc569038f73332c9cc58c495a3,3ebb8ce93cecd9d76ef6358493113e3d186b46dc569038f73332c9cc58c495a3,2026-08-17T06:28:21.157011+00:00,learner_consequence,contextual_delayed_exp3,source_round,5000,567.5618564961126,0.1135123712992225,491.4388016426117,0.0982877603285223,4983,17,2934b5a71441af586ed1b9186e59b8edfc8d60bf057866b619e2d7689291bd86,b83334272e998ef7db2cdd2cd63317895137b29beca41ea7f7137dea09f69899,d6b2a2ec2c3eac8075bf8da3b35795abb17284b6649a218db7f6855b1ae777b2,b7e4a2ec280768226a7112d94cae02b729882bcf9ee97faa6f210f34f246f2c1,a90486095daaf537a0ccb5b3ebbb3f47ba6e393360aace9029924f7d1d371bcf,0.0511795950826794
exp1_alignment_transfer:full:2026-08-17T06:28:21.157011+00:00,paper,True,primary,exp1_alignment_transfer,primary_t5000_k10,8,mixture_delay,23199c4827c06f76d1d9a7a4fc39e56e21eb26b8,1738aa639b37c24c9a687969970adb435313e91ca717b336ca50525dd7d4e928,3ebb8ce93cecd9d76ef6358493113e3d186b46dc569038f73332c9cc58c495a3,3ebb8ce93cecd9d76ef6358493113e3d186b46dc569038f73332c9cc58c495a3,2026-08-17T06:28:21.157011+00:00,learner_consequence,contextual_delayed_exp3,arrival_clock,5000,772.3315966800428,0.1544663193360085,696.2085418265418,0.1392417083653083,4985,15,e1903572bf9ad826939b8ac4647a71cc09fff1fc318cb6d4bdd347078629f705,b83334272e998ef7db2cdd2cd63317895137b29beca41ea7f7137dea09f69899,2f22bbc75e86d3ccd4b20f4301829ebc2156abbfe72c0c8bdf17c50891ea7d68,b7e4a2ec280768226a7112d94cae02b729882bcf9ee97faa6f210f34f246f2c1,dd72f5dba544af0f07b6d989549304449772c12efcbe9c559f76abbd3ec70dbe,0.041093186506046
exp1_alignment_transfer:full:2026-08-17T06:28:21.157011+00:00,paper,True,primary,exp1_alignment_transfer,primary_t5000_k10,8,mixture_delay,23199c4827c06f76d1d9a7a4fc39e56e21eb26b8,1738aa639b37c24c9a687969970adb435313e91ca717b336ca50525dd7d4e928,3ebb8ce93cecd9d76ef6358493113e3d186b46dc569038f73332c9cc58c495a3,3ebb8ce93cecd9d76ef6358493113e3d186b46dc569038f73332c9cc58c495a3,2026-08-17T06:28:21.157011+00:00,learner_consequence,contextual_delayed_exp3,source_round,5000,566.8656641498126,0.1133731328299625,490.74260929631146,0.0981485218592622,4985,15,6e889089d58dba5a5b9164e52fd233f5a2dddeef84d15a27a6d74d9ea0926392,b83334272e998ef7db2cdd2cd63317895137b29beca41ea7f7137dea09f69899,2f22bbc75e86d3ccd4b20f4301829ebc2156abbfe72c0c8bdf17c50891ea7d68,b7e4a2ec280768226a7112d94cae02b729882bcf9ee97faa6f210f34f246f2c1,dd72f5dba544af0f07b6d989549304449772c12efcbe9c559f76abbd3ec70dbe,0.041093186506046
exp1_alignment_transfer:full:2026-08-17T06:28:21.157011+00:00,paper,True,primary,exp1_alignment_transfer,primary_t5000_k10,8,state_coupled_delay,23199c4827c06f76d1d9a7a4fc39e56e21eb26b8,1738aa639b37c24c9a687969970adb435313e91ca717b336ca50525dd7d4e928,3ebb8ce93cecd9d76ef6358493113e3d186b46dc569038f73332c9cc58c495a3,3ebb8ce93cecd9d76ef6358493113e3d186b46dc569038f73332c9cc58c495a3,2026-08-17T06:28:21.157011+00:00,learner_consequence,contextual_delayed_exp3,arrival_clock,5000,794.5462976598837,0.1589092595319767,718.4232428063827,0.1436846485612765,4975,25,5a3eda47eba2c442eadaaac7185b7e15328306cd7f808b2b507cd45d171afdc1,b83334272e998ef7db2cdd2cd63317895137b29beca41ea7f7137dea09f69899,7ccad95e1058a121a5e17a6922f15b55f676549632d76336e27609319505c027,b7e4a2ec280768226a7112d94cae02b729882bcf9ee97faa6f210f34f246f2c1,3163618c9f451d571078c48f28b36d1bd4a49783ec2fdd95a806bf952ba6ac0f,0.0453966248458822
exp1_alignment_transfer:full:2026-08-17T06:28:21.157011+00:00,paper,True,primary,exp1_alignment_transfer,primary_t5000_k10,8,state_coupled_delay,23199c4827c06f76d1d9a7a4fc39e56e21eb26b8,1738aa639b37c24c9a687969970adb435313e91ca717b336ca50525dd7d4e928,3ebb8ce93cecd9d76ef6358493113e3d186b46dc569038f73332c9cc58c495a3,3ebb8ce93cecd9d76ef6358493113e3d186b46dc569038f73332c9cc58c495a3,2026-08-17T06:28:21.157011+00:00,learner_consequence,contextual_delayed_exp3,source_round,5000,567.5631734304725,0.1135126346860945,491.4401185769715,0.0982880237153943,4975,25,4878f659bc7b5601b22b5ff23ff87815a41c2c020ef53c2021eac0e3af1a69b7,b83334272e998ef7db2cdd2cd63317895137b29beca41ea7f7137dea09f69899,7ccad95e1058a121a5e17a6922f15b55f676549632d76336e27609319505c027,b7e4a2ec280768226a7112d94cae02b729882bcf9ee97faa6f210f34f246f2c1,3163618c9f451d571078c48f28b36d1bd4a49783ec2fdd95a806bf952ba6ac0f,0.0453966248458822
exp1_alignment_transfer:full:2026-08-17T06:28:21.157011+00:00,paper,True,primary,exp1_alignment_transfer,primary_t5000_k10,8,systematic_misbinding,23199c4827c06f76d1d9a7a4fc39e56e21eb26b8,1738aa639b37c24c9a687969970adb435313e91ca717b336ca50525dd7d4e928,3ebb8ce93cecd9d76ef6358493113e3d186b46dc569038f73332c9cc58c495a3,3ebb8ce93cecd9d76ef6358493113e3d186b46dc569038f73332c9cc58c495a3,2026-08-17T06:28:21.157011+00:00,learner_consequence,contextual_delayed_exp3,arrival_clock,5000,886.9629629629628,0.1773925925925925,793.0493827160492,0.1586098765432098,4985,15,d3f292f0d348f4885f369acabcf3ae90fe8747f84db30d16247fffe31348f928,c2f16f032d3127210b283dcf4ecacc7931104f80401a347397e3742eac1ee2e1,410e926c5f917ce094feea06dc6cd1fb83640691deb5ac07afcb4c1acde4f828,b7e4a2ec280768226a7112d94cae02b729882bcf9ee97faa6f210f34f246f2c1,de8a5961586f27ed8429b23bce02aff1025e408f7db252b3a4a40528d6312ce6,0.0677728395061728
exp1_alignment_transfer:full:2026-08-17T06:28:21.157011+00:00,paper,True,primary,exp1_alignment_transfer,primary_t5000_k10,8,systematic_misbinding,23199c4827c06f76d1d9a7a4fc39e56e21eb26b8,1738aa639b37c24c9a687969970adb435313e91ca717b336ca50525dd7d4e928,3ebb8ce93cecd9d76ef6358493113e3d186b46dc569038f73332c9cc58c495a3,3ebb8ce93cecd9d76ef6358493113e3d186b46dc569038f73332c9cc58c495a3,2026-08-17T06:28:21.157011+00:00,learner_consequence,contextual_delayed_exp3,source_round,5000,548.0987654320987,0.1096197530864197,454.1851851851851,0.090837037037037,4985,15,7ea8b3073c314294a5bd6c7b6f149532d33f02f56bb3ec16dfa41905a10b505f,c2f16f032d3127210b283dcf4ecacc7931104f80401a347397e3742eac1ee2e1,410e926c5f917ce094feea06dc6cd1fb83640691deb5ac07afcb4c1acde4f828,b7e4a2ec280768226a7112d94cae02b729882bcf9ee97faa6f210f34f246f2c1,de8a5961586f27ed8429b23bce02aff1025e408f7db252b3a4a40528d6312ce6,0.0677728395061728
exp1_alignment_transfer:full:2026-08-17T06:28:21.157011+00:00,paper,True,primary,exp1_alignment_transfer,primary_t5000_k10,9,zero_delay,23199c4827c06f76d1d9a7a4fc39e56e21eb26b8,1738aa639b37c24c9a687969970adb435313e91ca717b336ca50525dd7d4e928,3ebb8ce93cecd9d76ef6358493113e3d186b46dc569038f73332c9cc58c495a3,3ebb8ce93cecd9d76ef6358493113e3d186b46dc569038f73332c9cc58c495a3,2026-08-17T06:28:21.157011+00:00,learner_consequence,contextual_delayed_exp3,arrival_clock,5000,567.256640144682,0.1134513280289364,492.2252804408306,0.0984450560881661,5000,0,40a7f506ad0bc69ac81415b5370dd2551e5c5ccb9501689ea5f46665643d05d4,cdf23c99ea1c442aa15d9b1523fa379231b42070696aa42b3e25f85bc88c21ef,b817d40859ffb2a38f0185ce9edae933be417aaf390adc68487d631213d7c6c2,083f68833c72f857205bcc4ddc0f2b04d6cb09ba702357f8e59415f9528620c3,c24e96f95572b61494818cd9f391cc57bf70ebc9a7188c28bcae8467b3ef61fb,0.0
exp1_alignment_transfer:full:2026-08-17T06:28:21.157011+00:00,paper,True,primary,exp1_alignment_transfer,primary_t5000_k10,9,zero_delay,23199c4827c06f76d1d9a7a4fc39e56e21eb26b8,1738aa639b37c24c9a687969970adb435313e91ca717b336ca50525dd7d4e928,3ebb8ce93cecd9d76ef6358493113e3d186b46dc569038f73332c9cc58c495a3,3ebb8ce93cecd9d76ef6358493113e3d186b46dc569038f73332c9cc58c495a3,2026-08-17T06:28:21.157011+00:00,learner_consequence,contextual_delayed_exp3,source_round,5000,567.256640144682,0.1134513280289364,492.2252804408306,0.0984450560881661,5000,0,40a7f506ad0bc69ac81415b5370dd2551e5c5ccb9501689ea5f46665643d05d4,cdf23c99ea1c442aa15d9b1523fa379231b42070696aa42b3e25f85bc88c21ef,b817d40859ffb2a38f0185ce9edae933be417aaf390adc68487d631213d7c6c2,083f68833c72f857205bcc4ddc0f2b04d6cb09ba702357f8e59415f9528620c3,c24e96f95572b61494818cd9f391cc57bf70ebc9a7188c28bcae8467b3ef61fb,0.0
exp1_alignment_transfer:full:2026-08-17T06:28:21.157011+00:00,paper,True,primary,exp1_alignment_transfer,primary_t5000_k10,9,exact_valid_shift,23199c4827c06f76d1d9a7a4fc39e56e21eb26b8,1738aa639b37c24c9a687969970adb435313e91ca717b336ca50525dd7d4e928,3ebb8ce93cecd9d76ef6358493113e3d186b46dc569038f73332c9cc58c495a3,3ebb8ce93cecd9d76ef6358493113e3d186b46dc569038f73332c9cc58c495a3,2026-08-17T06:28:21.157011+00:00,learner_consequence,contextual_delayed_exp3,arrival_clock,5000,1005.168,0.2010336,464.064,0.0928127999999999,4981,19,51c02cfc2aa0ae788ef3ec964c85ee92fba335fbb4f3c068d48cd558b9f6468d,9f340d5c1d20318ed1a439fcd67f97fd1d48eb8f34c9cf797d7cc3824dd8977e,2cf0076d9e32df7f505ac43573fb89242e62f9a354c4df37819f52d65a70e287,083f68833c72f857205bcc4ddc0f2b04d6cb09ba702357f8e59415f9528620c3,9a88390381976a1aca149e6a6d155de8978b26b6c5a8e7b829548c3aaf8b2fa8,0.0694224
exp1_alignment_transfer:full:2026-08-17T06:28:21.157011+00:00,paper,True,primary,exp1_alignment_transfer,primary_t5000_k10,9,exact_valid_shift,23199c4827c06f76d1d9a7a4fc39e56e21eb26b8,1738aa639b37c24c9a687969970adb435313e91ca717b336ca50525dd7d4e928,3ebb8ce93cecd9d76ef6358493113e3d186b46dc569038f73332c9cc58c495a3,3ebb8ce93cecd9d76ef6358493113e3d186b46dc569038f73332c9cc58c495a3,2026-08-17T06:28:21.157011+00:00,learner_consequence,contextual_delayed_exp3,source_round,5000,658.056,0.1316112,116.952,0.0233904,4981,19,bcf991535a28ad75dfa698fc168d8eb0b2152ad8766a1c73370f573ddd6d52ac,9f340d5c1d20318ed1a439fcd67f97fd1d48eb8f34c9cf797d7cc3824dd8977e,2cf0076d9e32df7f505ac43573fb89242e62f9a354c4df37819f52d65a70e287,083f68833c72f857205bcc4ddc0f2b04d6cb09ba702357f8e59415f9528620c3,9a88390381976a1aca149e6a6d155de8978b26b6c5a8e7b829548c3aaf8b2fa8,0.0694224
exp1_alignment_transfer:full:2026-08-17T06:28:21.157011+00:00,paper,True,primary,exp1_alignment_transfer,primary_t5000_k10,9,geometric_delay,23199c4827c06f76d1d9a7a4fc39e56e21eb26b8,1738aa639b37c24c9a687969970adb435313e91ca717b336ca50525dd7d4e928,3ebb8ce93cecd9d76ef6358493113e3d186b46dc569038f73332c9cc58c495a3,3ebb8ce93cecd9d76ef6358493113e3d186b46dc569038f73332c9cc58c495a3,2026-08-17T06:28:21.157011+00:00,learner_consequence,contextual_delayed_exp3,arrival_clock,5000,836.1106794595103,0.167222135891902,761.0793197556591,0.1522158639511318,4981,19,40fa4249040b80046ed8a53253bab87041db154c7e16747056935b2987649efb,cdf23c99ea1c442aa15d9b1523fa379231b42070696aa42b3e25f85bc88c21ef,2cf0076d9e32df7f505ac43573fb89242e62f9a354c4df37819f52d65a70e287,083f68833c72f857205bcc4ddc0f2b04d6cb09ba702357f8e59415f9528620c3,79f4719a962d3ba69a57c1b16c919c73f4547b97d7d86c057ef04b32ff50410e,0.0527303761133722
exp1_alignment_transfer:full:2026-08-17T06:28:21.157011+00:00,paper,True,primary,exp1_alignment_transfer,primary_t5000_k10,9,geometric_delay,23199c4827c06f76d1d9a7a4fc39e56e21eb26b8,1738aa639b37c24c9a687969970adb435313e91ca717b336ca50525dd7d4e928,3ebb8ce93cecd9d76ef6358493113e3d186b46dc569038f73332c9cc58c495a3,3ebb8ce93cecd9d76ef6358493113e3d186b46dc569038f73332c9cc58c495a3,2026-08-17T06:28:21.157011+00:00,learner_consequence,contextual_delayed_exp3,source_round,5000,572.4587988926492,0.1144917597785298,497.4274391887978,0.0994854878377595,4981,19,b9c62e949c2c60cd80a7e99be70fdbaa44d886944725b38b6c1a0ee0ebd7c095,cdf23c99ea1c442aa15d9b1523fa379231b42070696aa42b3e25f85bc88c21ef,2cf0076d9e32df7f505ac43573fb89242e62f9a354c4df37819f52d65a70e287,083f68833c72f857205bcc4ddc0f2b04d6cb09ba702357f8e59415f9528620c3,79f4719a962d3ba69a57c1b16c919c73f4547b97d7d86c057ef04b32ff50410e,0.0527303761133722
exp1_alignment_transfer:full:2026-08-17T06:28:21.157011+00:00,paper,True,primary,exp1_alignment_transfer,primary_t5000_k10,9,mixture_delay,23199c4827c06f76d1d9a7a4fc39e56e21eb26b8,1738aa639b37c24c9a687969970adb435313e91ca717b336ca50525dd7d4e928,3ebb8ce93cecd9d76ef6358493113e3d186b46dc569038f73332c9cc58c495a3,3ebb8ce93cecd9d76ef6358493113e3d186b46dc569038f73332c9cc58c495a3,2026-08-17T06:28:21.157011+00:00,learner_consequence,contextual_delayed_exp3,arrival_clock,5000,824.3178526505441,0.1648635705301088,749.2864929466928,0.1498572985893385,4989,11,9727b7f75282aafaca0c2730ac08ec9cfbb3953a918010ede036b8e3963d6b6a,cdf23c99ea1c442aa15d9b1523fa379231b42070696aa42b3e25f85bc88c21ef,75ad11400d205e4f291137497e98daaab50bd5132739ca05c5838e7a57ff18bc,083f68833c72f857205bcc4ddc0f2b04d6cb09ba702357f8e59415f9528620c3,311897156464954f7b19d32dd98d2b2b83965918d323cfd59e706897794ec264,0.0505526130600747
exp1_alignment_transfer:full:2026-08-17T06:28:21.157011+00:00,paper,True,primary,exp1_alignment_transfer,primary_t5000_k10,9,mixture_delay,23199c4827c06f76d1d9a7a4fc39e56e21eb26b8,1738aa639b37c24c9a687969970adb435313e91ca717b336ca50525dd7d4e928,3ebb8ce93cecd9d76ef6358493113e3d186b46dc569038f73332c9cc58c495a3,3ebb8ce93cecd9d76ef6358493113e3d186b46dc569038f73332c9cc58c495a3,2026-08-17T06:28:21.157011+00:00,learner_consequence,contextual_delayed_exp3,source_round,5000,571.5547873501702,0.114310957470034,496.5234276463188,0.0993046855292637,4989,11,dce80ab67fb800045eac678de70e13fd1989072a3e7fe66144169a8669c28103,cdf23c99ea1c442aa15d9b1523fa379231b42070696aa42b3e25f85bc88c21ef,75ad11400d205e4f291137497e98daaab50bd5132739ca05c5838e7a57ff18bc,083f68833c72f857205bcc4ddc0f2b04d6cb09ba702357f8e59415f9528620c3,311897156464954f7b19d32dd98d2b2b83965918d323cfd59e706897794ec264,0.0505526130600747
exp1_alignment_transfer:full:2026-08-17T06:28:21.157011+00:00,paper,True,primary,exp1_alignment_transfer,primary_t5000_k10,9,state_coupled_delay,23199c4827c06f76d1d9a7a4fc39e56e21eb26b8,1738aa639b37c24c9a687969970adb435313e91ca717b336ca50525dd7d4e928,3ebb8ce93cecd9d76ef6358493113e3d186b46dc569038f73332c9cc58c495a3,3ebb8ce93cecd9d76ef6358493113e3d186b46dc569038f73332c9cc58c495a3,2026-08-17T06:28:21.157011+00:00,learner_consequence,contextual_delayed_exp3,arrival_clock,5000,862.9557264802513,0.1725911452960502,787.9243667763999,0.15758487335528,4982,18,40778c6bcb5911389cfd9518aa038f7abad71358ea17b898128e64864e426415,cdf23c99ea1c442aa15d9b1523fa379231b42070696aa42b3e25f85bc88c21ef,1a11c6f1672ef896c17328228cc5c0bce3f73022efd3527573436fa5b54c29de,083f68833c72f857205bcc4ddc0f2b04d6cb09ba702357f8e59415f9528620c3,4eefb775bdc0c2ba7c5d1ceaa6170a00082cfe441afd2960b57f3d047904e5d1,0.0582541099245038
exp1_alignment_transfer:full:2026-08-17T06:28:21.157011+00:00,paper,True,primary,exp1_alignment_transfer,primary_t5000_k10,9,state_coupled_delay,23199c4827c06f76d1d9a7a4fc39e56e21eb26b8,1738aa639b37c24c9a687969970adb435313e91ca717b336ca50525dd7d4e928,3ebb8ce93cecd9d76ef6358493113e3d186b46dc569038f73332c9cc58c495a3,3ebb8ce93cecd9d76ef6358493113e3d186b46dc569038f73332c9cc58c495a3,2026-08-17T06:28:21.157011+00:00,learner_consequence,contextual_delayed_exp3,source_round,5000,571.6851768577319,0.1143370353715463,496.6538171538805,0.0993307634307761,4982,18,ddf97d1cead2e04c62fa79a6b7485dbbaef7a785fd9716d4663acc214da73f63,cdf23c99ea1c442aa15d9b1523fa379231b42070696aa42b3e25f85bc88c21ef,1a11c6f1672ef896c17328228cc5c0bce3f73022efd3527573436fa5b54c29de,083f68833c72f857205bcc4ddc0f2b04d6cb09ba702357f8e59415f9528620c3,4eefb775bdc0c2ba7c5d1ceaa6170a00082cfe441afd2960b57f3d047904e5d1,0.0582541099245038
exp1_alignment_transfer:full:2026-08-17T06:28:21.157011+00:00,paper,True,primary,exp1_alignment_transfer,primary_t5000_k10,9,systematic_misbinding,23199c4827c06f76d1d9a7a4fc39e56e21eb26b8,1738aa639b37c24c9a687969970adb435313e91ca717b336ca50525dd7d4e928,3ebb8ce93cecd9d76ef6358493113e3d186b46dc569038f73332c9cc58c495a3,3ebb8ce93cecd9d76ef6358493113e3d186b46dc569038f73332c9cc58c495a3,2026-08-17T06:28:21.157011+00:00,learner_consequence,contextual_delayed_exp3,arrival_clock,5000,917.3209876543208,0.1834641975308641,823.2839506172838,0.1646567901234567,4985,15,3ca02705b14815a34fa2cbd87ecb6b7bacf1afeccb21963cd16c29b87cff0949,e177e4516b8b5bb6d2d50c2316a857a6a91fce5ac6f19e1defc7805cac9d5ab0,5e956ede3cb9227062becb8725ac2cc2935bcdb9e9108d72f0de029c074f9eca,083f68833c72f857205bcc4ddc0f2b04d6cb09ba702357f8e59415f9528620c3,7ed17fc20c473a669ce34d348a20dff77fa84b807d2a3f207b8bbb725307d51e,0.0763135802469135
exp1_alignment_transfer:full:2026-08-17T06:28:21.157011+00:00,paper,True,primary,exp1_alignment_transfer,primary_t5000_k10,9,systematic_misbinding,23199c4827c06f76d1d9a7a4fc39e56e21eb26b8,1738aa639b37c24c9a687969970adb435313e91ca717b336ca50525dd7d4e928,3ebb8ce93cecd9d76ef6358493113e3d186b46dc569038f73332c9cc58c495a3,3ebb8ce93cecd9d76ef6358493113e3d186b46dc569038f73332c9cc58c495a3,2026-08-17T06:28:21.157011+00:00,learner_consequence,contextual_delayed_exp3,source_round,5000,535.7530864197529,0.1071506172839505,441.716049382716,0.0883432098765431,4985,15,d682e950abf8982978590a8f0cecc51adca52488922a2448a4486e3cb58701c4,e177e4516b8b5bb6d2d50c2316a857a6a91fce5ac6f19e1defc7805cac9d5ab0,5e956ede3cb9227062becb8725ac2cc2935bcdb9e9108d72f0de029c074f9eca,083f68833c72f857205bcc4ddc0f2b04d6cb09ba702357f8e59415f9528620c3,7ed17fc20c473a669ce34d348a20dff77fa84b807d2a3f207b8bbb725307d51e,0.0763135802469135
exp1_alignment_transfer:full:2026-08-17T06:28:21.157011+00:00,paper,True,primary,exp1_alignment_transfer,primary_t5000_k10,10,zero_delay,23199c4827c06f76d1d9a7a4fc39e56e21eb26b8,1738aa639b37c24c9a687969970adb435313e91ca717b336ca50525dd7d4e928,3ebb8ce93cecd9d76ef6358493113e3d186b46dc569038f73332c9cc58c495a3,3ebb8ce93cecd9d76ef6358493113e3d186b46dc569038f73332c9cc58c495a3,2026-08-17T06:28:21.157011+00:00,learner_consequence,contextual_delayed_exp3,arrival_clock,5000,557.2959882732099,0.1114591976546419,487.1683259174616,0.0974336651834923,5000,0,98790e3e0f8c52ecf3ce158527404721df3a033e4a8c1dbfdcfaa2a1ba38d1ca,5a6503ee69e78060fc44b427e4004b217da30ba54f2d3291cd821f1573f831c3,2836d16f6ea24f9aa6fce077a5620914ddcfdd08b0921106e50cd1434adcb379,3da2c617a1b4504b0f8f454259bdb0c742589491c2a0dc1e37a4b7ae8bc7ed50,633398001eaedc7e4ae43f3f37f229cfd958fbb2dc8ea2adec70069d76f7e4b1,0.0
exp1_alignment_transfer:full:2026-08-17T06:28:21.157011+00:00,paper,True,primary,exp1_alignment_transfer,primary_t5000_k10,10,zero_delay,23199c4827c06f76d1d9a7a4fc39e56e21eb26b8,1738aa639b37c24c9a687969970adb435313e91ca717b336ca50525dd7d4e928,3ebb8ce93cecd9d76ef6358493113e3d186b46dc569038f73332c9cc58c495a3,3ebb8ce93cecd9d76ef6358493113e3d186b46dc569038f73332c9cc58c495a3,2026-08-17T06:28:21.157011+00:00,learner_consequence,contextual_delayed_exp3,source_round,5000,557.2959882732099,0.1114591976546419,487.1683259174616,0.0974336651834923,5000,0,98790e3e0f8c52ecf3ce158527404721df3a033e4a8c1dbfdcfaa2a1ba38d1ca,5a6503ee69e78060fc44b427e4004b217da30ba54f2d3291cd821f1573f831c3,2836d16f6ea24f9aa6fce077a5620914ddcfdd08b0921106e50cd1434adcb379,3da2c617a1b4504b0f8f454259bdb0c742589491c2a0dc1e37a4b7ae8bc7ed50,633398001eaedc7e4ae43f3f37f229cfd958fbb2dc8ea2adec70069d76f7e4b1,0.0
exp1_alignment_transfer:full:2026-08-17T06:28:21.157011+00:00,paper,True,primary,exp1_alignment_transfer,primary_t5000_k10,10,exact_valid_shift,23199c4827c06f76d1d9a7a4fc39e56e21eb26b8,1738aa639b37c24c9a687969970adb435313e91ca717b336ca50525dd7d4e928,3ebb8ce93cecd9d76ef6358493113e3d186b46dc569038f73332c9cc58c495a3,3ebb8ce93cecd9d76ef6358493113e3d186b46dc569038f73332c9cc58c495a3,2026-08-17T06:28:21.157011+00:00,learner_consequence,contextual_delayed_exp3,arrival_clock,5000,949.176,0.1898352,334.488,0.0668976,4991,9,06445f6e70802dcf49ac24fc2cdecbeaa299ae8a3aca54b9d2469e3cf7202c9a,df355a85a0192b8246f94833d64a1943e67999005b5fe824c19769e4a50c1e6a,e4b74a3cde65255882e3945af3c6ed43ab0448501144ba6bcf7d58ee53d9cbc7,3da2c617a1b4504b0f8f454259bdb0c742589491c2a0dc1e37a4b7ae8bc7ed50,41394e0243228c095264514c8aca261ecb4ff502aa0c0e4927dbd5fd74ffb7d6,0.0602016
exp1_alignment_transfer:full:2026-08-17T06:28:21.157011+00:00,paper,True,primary,exp1_alignment_transfer,primary_t5000_k10,10,exact_valid_shift,23199c4827c06f76d1d9a7a4fc39e56e21eb26b8,1738aa639b37c24c9a687969970adb435313e91ca717b336ca50525dd7d4e928,3ebb8ce93cecd9d76ef6358493113e3d186b46dc569038f73332c9cc58c495a3,3ebb8ce93cecd9d76ef6358493113e3d186b46dc569038f73332c9cc58c495a3,2026-08-17T06:28:21.157011+00:00,learner_consequence,contextual_delayed_exp3,source_round,5000,648.168,0.1296336,33.47999999999998,0.0066959999999999,4991,9,70ca043ba0af4e149d3bbc436f741c2653798b1bec53fc05e2242f2ae2bd0f52,df355a85a0192b8246f94833d64a1943e67999005b5fe824c19769e4a50c1e6a,e4b74a3cde65255882e3945af3c6ed43ab0448501144ba6bcf7d58ee53d9cbc7,3da2c617a1b4504b0f8f454259bdb0c742589491c2a0dc1e37a4b7ae8bc7ed50,41394e0243228c095264514c8aca261ecb4ff502aa0c0e4927dbd5fd74ffb7d6,0.0602016
exp1_alignment_transfer:full:2026-08-17T06:28:21.157011+00:00,paper,True,primary,exp1_alignment_transfer,primary_t5000_k10,10,geometric_delay,23199c4827c06f76d1d9a7a4fc39e56e21eb26b8,1738aa639b37c24c9a687969970adb435313e91ca717b336ca50525dd7d4e928,3ebb8ce93cecd9d76ef6358493113e3d186b46dc569038f73332c9cc58c495a3,3ebb8ce93cecd9d76ef6358493113e3d186b46dc569038f73332c9cc58c495a3,2026-08-17T06:28:21.157011+00:00,learner_consequence,contextual_delayed_exp3,arrival_clock,5000,820.3985032582941,0.1640797006516588,750.2708409025458,0.1500541681805091,4991,9,56b7651dd3788685a33270f7c60def794a69e30b7e19d4c135ae0bebb1965c6b,5a6503ee69e78060fc44b427e4004b217da30ba54f2d3291cd821f1573f831c3,e4b74a3cde65255882e3945af3c6ed43ab0448501144ba6bcf7d58ee53d9cbc7,3da2c617a1b4504b0f8f454259bdb0c742589491c2a0dc1e37a4b7ae8bc7ed50,fba72f64f847ace802d37c159383cf56b63c86592534c5ac7d40d0e70c227f90,0.0516713222245806
exp1_alignment_transfer:full:2026-08-17T06:28:21.157011+00:00,paper,True,primary,exp1_alignment_transfer,primary_t5000_k10,10,geometric_delay,23199c4827c06f76d1d9a7a4fc39e56e21eb26b8,1738aa639b37c24c9a687969970adb435313e91ca717b336ca50525dd7d4e928,3ebb8ce93cecd9d76ef6358493113e3d186b46dc569038f73332c9cc58c495a3,3ebb8ce93cecd9d76ef6358493113e3d186b46dc569038f73332c9cc58c495a3,2026-08-17T06:28:21.157011+00:00,learner_consequence,contextual_delayed_exp3,source_round,5000,562.041892135391,0.1124083784270782,491.9142297796427,0.0983828459559285,4991,9,f291e6fbd42106812ab022cb676cf6dbdbe50d0f4862ad5d90e92e387d6b7cb2,5a6503ee69e78060fc44b427e4004b217da30ba54f2d3291cd821f1573f831c3,e4b74a3cde65255882e3945af3c6ed43ab0448501144ba6bcf7d58ee53d9cbc7,3da2c617a1b4504b0f8f454259bdb0c742589491c2a0dc1e37a4b7ae8bc7ed50,fba72f64f847ace802d37c159383cf56b63c86592534c5ac7d40d0e70c227f90,0.0516713222245806
exp1_alignment_transfer:full:2026-08-17T06:28:21.157011+00:00,paper,True,primary,exp1_alignment_transfer,primary_t5000_k10,10,mixture_delay,23199c4827c06f76d1d9a7a4fc39e56e21eb26b8,1738aa639b37c24c9a687969970adb435313e91ca717b336ca50525dd7d4e928,3ebb8ce93cecd9d76ef6358493113e3d186b46dc569038f73332c9cc58c495a3,3ebb8ce93cecd9d76ef6358493113e3d186b46dc569038f73332c9cc58c495a3,2026-08-17T06:28:21.157011+00:00,learner_consequence,contextual_delayed_exp3,arrival_clock,5000,785.3455498135116,0.1570691099627023,715.2178874577634,0.1430435774915526,4986,14,6a6f5fb7a356a236ae67bd396f11f7307ae111112712af1fa8068edd1a666687,5a6503ee69e78060fc44b427e4004b217da30ba54f2d3291cd821f1573f831c3,4badd5fd316ee2a6221fce8f99de7065b9e1717377afa6139b09c3f7a7e19439,3da2c617a1b4504b0f8f454259bdb0c742589491c2a0dc1e37a4b7ae8bc7ed50,8d33c0cc7a4b85b54cd4d7ea225aa5aadecd6890d0b65d57a0ce1c596c328e64,0.0447524596628255
exp1_alignment_transfer:full:2026-08-17T06:28:21.157011+00:00,paper,True,primary,exp1_alignment_transfer,primary_t5000_k10,10,mixture_delay,23199c4827c06f76d1d9a7a4fc39e56e21eb26b8,1738aa639b37c24c9a687969970adb435313e91ca717b336ca50525dd7d4e928,3ebb8ce93cecd9d76ef6358493113e3d186b46dc569038f73332c9cc58c495a3,3ebb8ce93cecd9d76ef6358493113e3d186b46dc569038f73332c9cc58c495a3,2026-08-17T06:28:21.157011+00:00,learner_consequence,contextual_delayed_exp3,source_round,5000,561.5832514993838,0.1123166502998767,491.4555891436356,0.0982911178287271,4986,14,c7e80249d1e034cbb57f13fc94c91647e87ff6bc8c01398f0aafe08818737f37,5a6503ee69e78060fc44b427e4004b217da30ba54f2d3291cd821f1573f831c3,4badd5fd316ee2a6221fce8f99de7065b9e1717377afa6139b09c3f7a7e19439,3da2c617a1b4504b0f8f454259bdb0c742589491c2a0dc1e37a4b7ae8bc7ed50,8d33c0cc7a4b85b54cd4d7ea225aa5aadecd6890d0b65d57a0ce1c596c328e64,0.0447524596628255
exp1_alignment_transfer:full:2026-08-17T06:28:21.157011+00:00,paper,True,primary,exp1_alignment_transfer,primary_t5000_k10,10,state_coupled_delay,23199c4827c06f76d1d9a7a4fc39e56e21eb26b8,1738aa639b37c24c9a687969970adb435313e91ca717b336ca50525dd7d4e928,3ebb8ce93cecd9d76ef6358493113e3d186b46dc569038f73332c9cc58c495a3,3ebb8ce93cecd9d76ef6358493113e3d186b46dc569038f73332c9cc58c495a3,2026-08-17T06:28:21.157011+00:00,learner_consequence,contextual_delayed_exp3,arrival_clock,5000,808.1809775011761,0.1616361955002352,738.053315145428,0.1476106630290856,4989,11,9476a947d5ea075fed44e8d3c2ca2291023d41d03160b92930c44ec8d58aca1c,5a6503ee69e78060fc44b427e4004b217da30ba54f2d3291cd821f1573f831c3,04541ed456140f735fe21e3d56b2c4c5995e3fcf5909945617db5a30297a6e6d,3da2c617a1b4504b0f8f454259bdb0c742589491c2a0dc1e37a4b7ae8bc7ed50,f26f2d3423e9d50731ce353a93eaa92e6830bb21ab7cac051e90523267be38ea,0.0492511820325315
exp1_alignment_transfer:full:2026-08-17T06:28:21.157011+00:00,paper,True,primary,exp1_alignment_transfer,primary_t5000_k10,10,state_coupled_delay,23199c4827c06f76d1d9a7a4fc39e56e21eb26b8,1738aa639b37c24c9a687969970adb435313e91ca717b336ca50525dd7d4e928,3ebb8ce93cecd9d76ef6358493113e3d186b46dc569038f73332c9cc58c495a3,3ebb8ce93cecd9d76ef6358493113e3d186b46dc569038f73332c9cc58c495a3,2026-08-17T06:28:21.157011+00:00,learner_consequence,contextual_delayed_exp3,source_round,5000,561.9250673385186,0.1123850134677037,491.7974049827704,0.098359480996554,4989,11,1cc14ca83c44d43cf7d4b8a46959b3f1bcf4831a21216b37c5d7da2cae8e228c,5a6503ee69e78060fc44b427e4004b217da30ba54f2d3291cd821f1573f831c3,04541ed456140f735fe21e3d56b2c4c5995e3fcf5909945617db5a30297a6e6d,3da2c617a1b4504b0f8f454259bdb0c742589491c2a0dc1e37a4b7ae8bc7ed50,f26f2d3423e9d50731ce353a93eaa92e6830bb21ab7cac051e90523267be38ea,0.0492511820325315
exp1_alignment_transfer:full:2026-08-17T06:28:21.157011+00:00,paper,True,primary,exp1_alignment_transfer,primary_t5000_k10,10,systematic_misbinding,23199c4827c06f76d1d9a7a4fc39e56e21eb26b8,1738aa639b37c24c9a687969970adb435313e91ca717b336ca50525dd7d4e928,3ebb8ce93cecd9d76ef6358493113e3d186b46dc569038f73332c9cc58c495a3,3ebb8ce93cecd9d76ef6358493113e3d186b46dc569038f73332c9cc58c495a3,2026-08-17T06:28:21.157011+00:00,learner_consequence,contextual_delayed_exp3,arrival_clock,5000,888.8765432098764,0.1777753086419753,792.2592592592591,0.1584518518518518,4985,15,a4c7649f8d19456b58e8265d79a8f914ca957556be5b28934fe1f1a44edf27d7,cfda2346343cfca7f7b6f5a0c234034a3c1c6bb90732a4bb60be0460f7640c3c,3203a0c671b6f0994d3e6a1194cb8a1103c58bc3ba92a9a1628c438084b5ca6c,3da2c617a1b4504b0f8f454259bdb0c742589491c2a0dc1e37a4b7ae8bc7ed50,f587ca49f46c5dbeea2f62ad8a5b34829becbae483e310dcc2c3df1c49aa1a65,0.0696641975308642
exp1_alignment_transfer:full:2026-08-17T06:28:21.157011+00:00,paper,True,primary,exp1_alignment_transfer,primary_t5000_k10,10,systematic_misbinding,23199c4827c06f76d1d9a7a4fc39e56e21eb26b8,1738aa639b37c24c9a687969970adb435313e91ca717b336ca50525dd7d4e928,3ebb8ce93cecd9d76ef6358493113e3d186b46dc569038f73332c9cc58c495a3,3ebb8ce93cecd9d76ef6358493113e3d186b46dc569038f73332c9cc58c495a3,2026-08-17T06:28:21.157011+00:00,learner_consequence,contextual_delayed_exp3,source_round,5000,540.5555555555554,0.108111111111111,443.9382716049382,0.0887876543209876,4985,15,3bb83c007bcb79b56069b34876997eb274eb22b0a7f4f99eee8b858b1cbd677c,cfda2346343cfca7f7b6f5a0c234034a3c1c6bb90732a4bb60be0460f7640c3c,3203a0c671b6f0994d3e6a1194cb8a1103c58bc3ba92a9a1628c438084b5ca6c,3da2c617a1b4504b0f8f454259bdb0c742589491c2a0dc1e37a4b7ae8bc7ed50,f587ca49f46c5dbeea2f62ad8a5b34829becbae483e310dcc2c3df1c49aa1a65,0.0696641975308642
exp1_alignment_transfer:full:2026-08-17T06:28:21.157011+00:00,paper,True,primary,exp1_alignment_transfer,primary_t5000_k10,11,zero_delay,23199c4827c06f76d1d9a7a4fc39e56e21eb26b8,1738aa639b37c24c9a687969970adb435313e91ca717b336ca50525dd7d4e928,3ebb8ce93cecd9d76ef6358493113e3d186b46dc569038f73332c9cc58c495a3,3ebb8ce93cecd9d76ef6358493113e3d186b46dc569038f73332c9cc58c495a3,2026-08-17T06:28:21.157011+00:00,learner_consequence,contextual_delayed_exp3,arrival_clock,5000,572.551495563758,0.1145102991127516,500.3637960308905,0.1000727592061781,5000,0,b2d1273f3dab425630ead5838143ef2280143096c26245668b10f84518131807,c442c399cf179a43e1d273ce99f7f5766a44555cd41cbea4450339e037c2c077,7490991788929c984534cb2a4a3d9d0ba1ff5c082723ecd0738c8dde71eddc3e,c4d750953fb573d642268628dcd35d930d1982502571e79ffb20c68423b80dbe,4848af4f1f4e9732cd89ec6a4bec22312ef9549627c6b968269cb5277ff5f5dd,0.0
exp1_alignment_transfer:full:2026-08-17T06:28:21.157011+00:00,paper,True,primary,exp1_alignment_transfer,primary_t5000_k10,11,zero_delay,23199c4827c06f76d1d9a7a4fc39e56e21eb26b8,1738aa639b37c24c9a687969970adb435313e91ca717b336ca50525dd7d4e928,3ebb8ce93cecd9d76ef6358493113e3d186b46dc569038f73332c9cc58c495a3,3ebb8ce93cecd9d76ef6358493113e3d186b46dc569038f73332c9cc58c495a3,2026-08-17T06:28:21.157011+00:00,learner_consequence,contextual_delayed_exp3,source_round,5000,572.551495563758,0.1145102991127516,500.3637960308905,0.1000727592061781,5000,0,b2d1273f3dab425630ead5838143ef2280143096c26245668b10f84518131807,c442c399cf179a43e1d273ce99f7f5766a44555cd41cbea4450339e037c2c077,7490991788929c984534cb2a4a3d9d0ba1ff5c082723ecd0738c8dde71eddc3e,c4d750953fb573d642268628dcd35d930d1982502571e79ffb20c68423b80dbe,4848af4f1f4e9732cd89ec6a4bec22312ef9549627c6b968269cb5277ff5f5dd,0.0
exp1_alignment_transfer:full:2026-08-17T06:28:21.157011+00:00,paper,True,primary,exp1_alignment_transfer,primary_t5000_k10,11,exact_valid_shift,23199c4827c06f76d1d9a7a4fc39e56e21eb26b8,1738aa639b37c24c9a687969970adb435313e91ca717b336ca50525dd7d4e928,3ebb8ce93cecd9d76ef6358493113e3d186b46dc569038f73332c9cc58c495a3,3ebb8ce93cecd9d76ef6358493113e3d186b46dc569038f73332c9cc58c495a3,2026-08-17T06:28:21.157011+00:00,learner_consequence,contextual_delayed_exp3,arrival_clock,5000,994.848,0.1989696,463.896,0.0927792,4986,14,7eab85968d9de371b19fcf7efad7012ebd7f681531addb35e4efb37b7caaa906,4fc3bedc86a6015404d943e001b53c89fbe977037924538cc7319f599cfe62e8,9899cfe29a40793b325867ca623b85f20581cbc01bb5e1cdf9b96fd3a1e8a1a2,c4d750953fb573d642268628dcd35d930d1982502571e79ffb20c68423b80dbe,18b57de0ec8ce84a92ed8d2a97a0cb95b54d0058c56ffbf281c7307c59a3228b,0.0683376
exp1_alignment_transfer:full:2026-08-17T06:28:21.157011+00:00,paper,True,primary,exp1_alignment_transfer,primary_t5000_k10,11,exact_valid_shift,23199c4827c06f76d1d9a7a4fc39e56e21eb26b8,1738aa639b37c24c9a687969970adb435313e91ca717b336ca50525dd7d4e928,3ebb8ce93cecd9d76ef6358493113e3d186b46dc569038f73332c9cc58c495a3,3ebb8ce93cecd9d76ef6358493113e3d186b46dc569038f73332c9cc58c495a3,2026-08-17T06:28:21.157011+00:00,learner_consequence,contextual_delayed_exp3,source_round,5000,653.16,0.130632,122.208,0.0244416,4986,14,cc6581b823a88d9c67fbfbe0ced1748a3e093dbbdbe23aba3b8aa10e9671861f,4fc3bedc86a6015404d943e001b53c89fbe977037924538cc7319f599cfe62e8,9899cfe29a40793b325867ca623b85f20581cbc01bb5e1cdf9b96fd3a1e8a1a2,c4d750953fb573d642268628dcd35d930d1982502571e79ffb20c68423b80dbe,18b57de0ec8ce84a92ed8d2a97a0cb95b54d0058c56ffbf281c7307c59a3228b,0.0683376
exp1_alignment_transfer:full:2026-08-17T06:28:21.157011+00:00,paper,True,primary,exp1_alignment_transfer,primary_t5000_k10,11,geometric_delay,23199c4827c06f76d1d9a7a4fc39e56e21eb26b8,1738aa639b37c24c9a687969970adb435313e91ca717b336ca50525dd7d4e928,3ebb8ce93cecd9d76ef6358493113e3d186b46dc569038f73332c9cc58c495a3,3ebb8ce93cecd9d76ef6358493113e3d186b46dc569038f73332c9cc58c495a3,2026-08-17T06:28:21.157011+00:00,learner_consequence,contextual_delayed_exp3,arrival_clock,5000,860.0586214261509,0.1720117242852301,787.8709218932836,0.1575741843786567,4986,14,f22664ee2e668e795e0d3d3998a829c62e9f884d95a34ee38b98d79e6966d348,c442c399cf179a43e1d273ce99f7f5766a44555cd41cbea4450339e037c2c077,9899cfe29a40793b325867ca623b85f20581cbc01bb5e1cdf9b96fd3a1e8a1a2,c4d750953fb573d642268628dcd35d930d1982502571e79ffb20c68423b80dbe,bfb01fa795a449c78b721b81b818a7ff5afccf5d8a84a076061e7a4e454e0393,0.0565220538623123
exp1_alignment_transfer:full:2026-08-17T06:28:21.157011+00:00,paper,True,primary,exp1_alignment_transfer,primary_t5000_k10,11,geometric_delay,23199c4827c06f76d1d9a7a4fc39e56e21eb26b8,1738aa639b37c24c9a687969970adb435313e91ca717b336ca50525dd7d4e928,3ebb8ce93cecd9d76ef6358493113e3d186b46dc569038f73332c9cc58c495a3,3ebb8ce93cecd9d76ef6358493113e3d186b46dc569038f73332c9cc58c495a3,2026-08-17T06:28:21.157011+00:00,learner_consequence,contextual_delayed_exp3,source_round,5000,577.4483521145889,0.1154896704229177,505.2606525817216,0.1010521305163443,4986,14,db9458434a931040c630060ec33501782d95341ce8fc1f5ec049b07a3e8c2782,c442c399cf179a43e1d273ce99f7f5766a44555cd41cbea4450339e037c2c077,9899cfe29a40793b325867ca623b85f20581cbc01bb5e1cdf9b96fd3a1e8a1a2,c4d750953fb573d642268628dcd35d930d1982502571e79ffb20c68423b80dbe,bfb01fa795a449c78b721b81b818a7ff5afccf5d8a84a076061e7a4e454e0393,0.0565220538623123
exp1_alignment_transfer:full:2026-08-17T06:28:21.157011+00:00,paper,True,primary,exp1_alignment_transfer,primary_t5000_k10,11,mixture_delay,23199c4827c06f76d1d9a7a4fc39e56e21eb26b8,1738aa639b37c24c9a687969970adb435313e91ca717b336ca50525dd7d4e928,3ebb8ce93cecd9d76ef6358493113e3d186b46dc569038f73332c9cc58c495a3,3ebb8ce93cecd9d76ef6358493113e3d186b46dc569038f73332c9cc58c495a3,2026-08-17T06:28:21.157011+00:00,learner_consequence,contextual_delayed_exp3,arrival_clock,5000,787.5721061880348,0.1575144212376069,715.3844066551676,0.1430768813310335,4981,19,5bde103fbc7463c56a8b807fd3e6a87f1faddc938ebf8ff2b4cd7aa3e0d3d7b6,c442c399cf179a43e1d273ce99f7f5766a44555cd41cbea4450339e037c2c077,f851691098f7384401ca59675e2d0539a05a799b3b62ebf2d5023ce9b4190267,c4d750953fb573d642268628dcd35d930d1982502571e79ffb20c68423b80dbe,d053d77a4449a64f00738c7769bf9355605bcf62160fa34bfee10a1770396378,0.0421604089200965
exp1_alignment_transfer:full:2026-08-17T06:28:21.157011+00:00,paper,True,primary,exp1_alignment_transfer,primary_t5000_k10,11,mixture_delay,23199c4827c06f76d1d9a7a4fc39e56e21eb26b8,1738aa639b37c24c9a687969970adb435313e91ca717b336ca50525dd7d4e928,3ebb8ce93cecd9d76ef6358493113e3d186b46dc569038f73332c9cc58c495a3,3ebb8ce93cecd9d76ef6358493113e3d186b46dc569038f73332c9cc58c495a3,2026-08-17T06:28:21.157011+00:00,learner_consequence,contextual_delayed_exp3,source_round,5000,576.7700615875522,0.1153540123175104,504.5823620546848,0.1009164724109369,4981,19,36acd10fbc0677d6f0e7869fc6bf9ae257f337fcc7e65f3352097fc9d6ad7951,c442c399cf179a43e1d273ce99f7f5766a44555cd41cbea4450339e037c2c077,f851691098f7384401ca59675e2d0539a05a799b3b62ebf2d5023ce9b4190267,c4d750953fb573d642268628dcd35d930d1982502571e79ffb20c68423b80dbe,d053d77a4449a64f00738c7769bf9355605bcf62160fa34bfee10a1770396378,0.0421604089200965
exp1_alignment_transfer:full:2026-08-17T06:28:21.157011+00:00,paper,True,primary,exp1_alignment_transfer,primary_t5000_k10,11,state_coupled_delay,23199c4827c06f76d1d9a7a4fc39e56e21eb26b8,1738aa639b37c24c9a687969970adb435313e91ca717b336ca50525dd7d4e928,3ebb8ce93cecd9d76ef6358493113e3d186b46dc569038f73332c9cc58c495a3,3ebb8ce93cecd9d76ef6358493113e3d186b46dc569038f73332c9cc58c495a3,2026-08-17T06:28:21.157011+00:00,learner_consequence,contextual_delayed_exp3,arrival_clock,5000,885.7380550826285,0.1771476110165257,813.5503555497613,0.1627100711099522,4968,32,75e8b03ccda54adb713a3af523b386548842647eff5a397c364768804dba6364,c442c399cf179a43e1d273ce99f7f5766a44555cd41cbea4450339e037c2c077,238c848ee5338505bcd27b752c5c2b8013fc812cf61b778e3c50c0925dd2b68d,c4d750953fb573d642268628dcd35d930d1982502571e79ffb20c68423b80dbe,9471dce798105bbfe10f173e5fdde714622d56571ed8512e45e17e4def641a4c,0.0618144510734003
exp1_alignment_transfer:full:2026-08-17T06:28:21.157011+00:00,paper,True,primary,exp1_alignment_transfer,primary_t5000_k10,11,state_coupled_delay,23199c4827c06f76d1d9a7a4fc39e56e21eb26b8,1738aa639b37c24c9a687969970adb435313e91ca717b336ca50525dd7d4e928,3ebb8ce93cecd9d76ef6358493113e3d186b46dc569038f73332c9cc58c495a3,3ebb8ce93cecd9d76ef6358493113e3d186b46dc569038f73332c9cc58c495a3,2026-08-17T06:28:21.157011+00:00,learner_consequence,contextual_delayed_exp3,source_round,5000,576.6657997156268,0.1153331599431253,504.4781001827594,0.1008956200365518,4968,32,3dc215bcf3823bd5ad8d58cc87068c92228878df49b334aadcce8fb7f7ce10b1,c442c399cf179a43e1d273ce99f7f5766a44555cd41cbea4450339e037c2c077,238c848ee5338505bcd27b752c5c2b8013fc812cf61b778e3c50c0925dd2b68d,c4d750953fb573d642268628dcd35d930d1982502571e79ffb20c68423b80dbe,9471dce798105bbfe10f173e5fdde714622d56571ed8512e45e17e4def641a4c,0.0618144510734003
exp1_alignment_transfer:full:2026-08-17T06:28:21.157011+00:00,paper,True,primary,exp1_alignment_transfer,primary_t5000_k10,11,systematic_misbinding,23199c4827c06f76d1d9a7a4fc39e56e21eb26b8,1738aa639b37c24c9a687969970adb435313e91ca717b336ca50525dd7d4e928,3ebb8ce93cecd9d76ef6358493113e3d186b46dc569038f73332c9cc58c495a3,3ebb8ce93cecd9d76ef6358493113e3d186b46dc569038f73332c9cc58c495a3,2026-08-17T06:28:21.157011+00:00,learner_consequence,contextual_delayed_exp3,arrival_clock,5000,909.9012345679012,0.1819802469135802,816.6049382716047,0.1633209876543209,4985,15,6a88bc1396131e3128425a93abe64de35df45616da72cef961d40934100d9006,17f6c9bebdeccd04e979ffa0d1da2f4815905412ddd60fd394ccc7fd7d407741,67c4c1ecfdb211e4f5af5616c988a37f2a912f4f522db5ff1a0d35a69ff40df4,c4d750953fb573d642268628dcd35d930d1982502571e79ffb20c68423b80dbe,c3e4ee8b8e7c57b6454f98ebfd4eb051dd3eeb1df0875c3ad845e3830db43ebd,0.0734271604938271
exp1_alignment_transfer:full:2026-08-17T06:28:21.157011+00:00,paper,True,primary,exp1_alignment_transfer,primary_t5000_k10,11,systematic_misbinding,23199c4827c06f76d1d9a7a4fc39e56e21eb26b8,1738aa639b37c24c9a687969970adb435313e91ca717b336ca50525dd7d4e928,3ebb8ce93cecd9d76ef6358493113e3d186b46dc569038f73332c9cc58c495a3,3ebb8ce93cecd9d76ef6358493113e3d186b46dc569038f73332c9cc58c495a3,2026-08-17T06:28:21.157011+00:00,learner_consequence,contextual_delayed_exp3,source_round,5000,542.7654320987654,0.108553086419753,449.46913580246905,0.0898938271604938,4985,15,c8bb25a8b071a1713cd58f8ec58d2c00dff48f55bd2078afd1818749cf85d2c8,17f6c9bebdeccd04e979ffa0d1da2f4815905412ddd60fd394ccc7fd7d407741,67c4c1ecfdb211e4f5af5616c988a37f2a912f4f522db5ff1a0d35a69ff40df4,c4d750953fb573d642268628dcd35d930d1982502571e79ffb20c68423b80dbe,c3e4ee8b8e7c57b6454f98ebfd4eb051dd3eeb1df0875c3ad845e3830db43ebd,0.0734271604938271
exp1_alignment_transfer:full:2026-08-17T06:28:21.157011+00:00,paper,True,primary,exp1_alignment_transfer,primary_t5000_k10,12,zero_delay,23199c4827c06f76d1d9a7a4fc39e56e21eb26b8,1738aa639b37c24c9a687969970adb435313e91ca717b336ca50525dd7d4e928,3ebb8ce93cecd9d76ef6358493113e3d186b46dc569038f73332c9cc58c495a3,3ebb8ce93cecd9d76ef6358493113e3d186b46dc569038f73332c9cc58c495a3,2026-08-17T06:28:21.157011+00:00,learner_consequence,contextual_delayed_exp3,arrival_clock,5000,561.6443507148696,0.1123288701429739,489.4370319174838,0.0978874063834967,5000,0,a262c0969c7a492134a13dda844357309dbb8c78255cc5b3c4954550d2b1d38e,2fcf83f38a12340796be6f78d33fb5e73109330565d578fc8093f77a7aed73cd,9db726201f07dcdb58987785e41db663d85bfe9d5d4e5dabc660ee96e19e6081,4316373a43f98b6620b6d007bfa9a27885477d46ada2cfe907487f449dc9038f,b9831de11a406365cce33f52ff40f07a2cefd31b53ce5a7f703918f942eb9f54,0.0
exp1_alignment_transfer:full:2026-08-17T06:28:21.157011+00:00,paper,True,primary,exp1_alignment_transfer,primary_t5000_k10,12,zero_delay,23199c4827c06f76d1d9a7a4fc39e56e21eb26b8,1738aa639b37c24c9a687969970adb435313e91ca717b336ca50525dd7d4e928,3ebb8ce93cecd9d76ef6358493113e3d186b46dc569038f73332c9cc58c495a3,3ebb8ce93cecd9d76ef6358493113e3d186b46dc569038f73332c9cc58c495a3,2026-08-17T06:28:21.157011+00:00,learner_consequence,contextual_delayed_exp3,source_round,5000,561.6443507148696,0.1123288701429739,489.4370319174838,0.0978874063834967,5000,0,a262c0969c7a492134a13dda844357309dbb8c78255cc5b3c4954550d2b1d38e,2fcf83f38a12340796be6f78d33fb5e73109330565d578fc8093f77a7aed73cd,9db726201f07dcdb58987785e41db663d85bfe9d5d4e5dabc660ee96e19e6081,4316373a43f98b6620b6d007bfa9a27885477d46ada2cfe907487f449dc9038f,b9831de11a406365cce33f52ff40f07a2cefd31b53ce5a7f703918f942eb9f54,0.0
exp1_alignment_transfer:full:2026-08-17T06:28:21.157011+00:00,paper,True,primary,exp1_alignment_transfer,primary_t5000_k10,12,exact_valid_shift,23199c4827c06f76d1d9a7a4fc39e56e21eb26b8,1738aa639b37c24c9a687969970adb435313e91ca717b336ca50525dd7d4e928,3ebb8ce93cecd9d76ef6358493113e3d186b46dc569038f73332c9cc58c495a3,3ebb8ce93cecd9d76ef6358493113e3d186b46dc569038f73332c9cc58c495a3,2026-08-17T06:28:21.157011+00:00,learner_consequence,contextual_delayed_exp3,arrival_clock,5000,989.424,0.1978848,429.912,0.0859824,4987,13,e974a4fbb416565585b2a652200b3f70bbd41339834b6f3cc3ce465e063120c6,b9396ed76af09b80e30c5f7c0ffb55efa821a7c3217eccce9d80cb0019bf30bc,49f098474f55f33518d521d12e62ff4b0b3ff564eafb654bb752a3aea06850ed,4316373a43f98b6620b6d007bfa9a27885477d46ada2cfe907487f449dc9038f,d199d1f5fb062a3e0dc294e367bc694908f7673102a1c1b8d532a71988d8d673,0.0645936
exp1_alignment_transfer:full:2026-08-17T06:28:21.157011+00:00,paper,True,primary,exp1_alignment_transfer,primary_t5000_k10,12,exact_valid_shift,23199c4827c06f76d1d9a7a4fc39e56e21eb26b8,1738aa639b37c24c9a687969970adb435313e91ca717b336ca50525dd7d4e928,3ebb8ce93cecd9d76ef6358493113e3d186b46dc569038f73332c9cc58c495a3,3ebb8ce93cecd9d76ef6358493113e3d186b46dc569038f73332c9cc58c495a3,2026-08-17T06:28:21.157011+00:00,learner_consequence,contextual_delayed_exp3,source_round,5000,666.456,0.1332912,106.944,0.0213887999999999,4987,13,49c364f2afda5e547011170e95536ca6dc4a3eb3a86e97ece51f65b289ec007d,b9396ed76af09b80e30c5f7c0ffb55efa821a7c3217eccce9d80cb0019bf30bc,49f098474f55f33518d521d12e62ff4b0b3ff564eafb654bb752a3aea06850ed,4316373a43f98b6620b6d007bfa9a27885477d46ada2cfe907487f449dc9038f,d199d1f5fb062a3e0dc294e367bc694908f7673102a1c1b8d532a71988d8d673,0.0645936
exp1_alignment_transfer:full:2026-08-17T06:28:21.157011+00:00,paper,True,primary,exp1_alignment_transfer,primary_t5000_k10,12,geometric_delay,23199c4827c06f76d1d9a7a4fc39e56e21eb26b8,1738aa639b37c24c9a687969970adb435313e91ca717b336ca50525dd7d4e928,3ebb8ce93cecd9d76ef6358493113e3d186b46dc569038f73332c9cc58c495a3,3ebb8ce93cecd9d76ef6358493113e3d186b46dc569038f73332c9cc58c495a3,2026-08-17T06:28:21.157011+00:00,learner_consequence,contextual_delayed_exp3,arrival_clock,5000,839.740273937412,0.1679480547874824,767.5329551400264,0.1535065910280053,4987,13,a559e909443467dd0aff141a1bf42c791d7e6c1f6b791d69e905e29c74d084c9,2fcf83f38a12340796be6f78d33fb5e73109330565d578fc8093f77a7aed73cd,49f098474f55f33518d521d12e62ff4b0b3ff564eafb654bb752a3aea06850ed,4316373a43f98b6620b6d007bfa9a27885477d46ada2cfe907487f449dc9038f,988c9dc969e569b1a055224775662879fe2a49c4e6287fbdb21129085fc4e24e,0.0546848580280492
exp1_alignment_transfer:full:2026-08-17T06:28:21.157011+00:00,paper,True,primary,exp1_alignment_transfer,primary_t5000_k10,12,geometric_delay,23199c4827c06f76d1d9a7a4fc39e56e21eb26b8,1738aa639b37c24c9a687969970adb435313e91ca717b336ca50525dd7d4e928,3ebb8ce93cecd9d76ef6358493113e3d186b46dc569038f73332c9cc58c495a3,3ebb8ce93cecd9d76ef6358493113e3d186b46dc569038f73332c9cc58c495a3,2026-08-17T06:28:21.157011+00:00,learner_consequence,contextual_delayed_exp3,source_round,5000,566.3159837971658,0.1132631967594331,494.1086649997801,0.098821732999956,4987,13,fc754daa76e3d7c2154aefd910614623949c2b617015e7a862365fbda42d6d45,2fcf83f38a12340796be6f78d33fb5e73109330565d578fc8093f77a7aed73cd,49f098474f55f33518d521d12e62ff4b0b3ff564eafb654bb752a3aea06850ed,4316373a43f98b6620b6d007bfa9a27885477d46ada2cfe907487f449dc9038f,988c9dc969e569b1a055224775662879fe2a49c4e6287fbdb21129085fc4e24e,0.0546848580280492
exp1_alignment_transfer:full:2026-08-17T06:28:21.157011+00:00,paper,True,primary,exp1_alignment_transfer,primary_t5000_k10,12,mixture_delay,23199c4827c06f76d1d9a7a4fc39e56e21eb26b8,1738aa639b37c24c9a687969970adb435313e91ca717b336ca50525dd7d4e928,3ebb8ce93cecd9d76ef6358493113e3d186b46dc569038f73332c9cc58c495a3,3ebb8ce93cecd9d76ef6358493113e3d186b46dc569038f73332c9cc58c495a3,2026-08-17T06:28:21.157011+00:00,learner_consequence,contextual_delayed_exp3,arrival_clock,5000,781.780881656262,0.1563561763312524,709.573562858876,0.1419147125717752,4987,13,24bc1181b9be0baef452d20f0b8c311b96dd3b4c7f42d742ffb3c42321feead1,2fcf83f38a12340796be6f78d33fb5e73109330565d578fc8093f77a7aed73cd,ff9cc93bd46c3fccfb70af97266ac9f8fc9b72de1cf99391c4b63949032c54cd,4316373a43f98b6620b6d007bfa9a27885477d46ada2cfe907487f449dc9038f,bb81664d5187eba2484e25c08c87beb53fd0399b6f6a9a2a77fad97b94219bfa,0.0431808629174127
exp1_alignment_transfer:full:2026-08-17T06:28:21.157011+00:00,paper,True,primary,exp1_alignment_transfer,primary_t5000_k10,12,mixture_delay,23199c4827c06f76d1d9a7a4fc39e56e21eb26b8,1738aa639b37c24c9a687969970adb435313e91ca717b336ca50525dd7d4e928,3ebb8ce93cecd9d76ef6358493113e3d186b46dc569038f73332c9cc58c495a3,3ebb8ce93cecd9d76ef6358493113e3d186b46dc569038f73332c9cc58c495a3,2026-08-17T06:28:21.157011+00:00,learner_consequence,contextual_delayed_exp3,source_round,5000,565.8765670691985,0.1131753134138397,493.6692482718128,0.0987338496543625,4987,13,4805412cff0efbe0af84a7992756be7affdddfd66a78d136d36c03a4188e343b,2fcf83f38a12340796be6f78d33fb5e73109330565d578fc8093f77a7aed73cd,ff9cc93bd46c3fccfb70af97266ac9f8fc9b72de1cf99391c4b63949032c54cd,4316373a43f98b6620b6d007bfa9a27885477d46ada2cfe907487f449dc9038f,bb81664d5187eba2484e25c08c87beb53fd0399b6f6a9a2a77fad97b94219bfa,0.0431808629174127
exp1_alignment_transfer:full:2026-08-17T06:28:21.157011+00:00,paper,True,primary,exp1_alignment_transfer,primary_t5000_k10,12,state_coupled_delay,23199c4827c06f76d1d9a7a4fc39e56e21eb26b8,1738aa639b37c24c9a687969970adb435313e91ca717b336ca50525dd7d4e928,3ebb8ce93cecd9d76ef6358493113e3d186b46dc569038f73332c9cc58c495a3,3ebb8ce93cecd9d76ef6358493113e3d186b46dc569038f73332c9cc58c495a3,2026-08-17T06:28:21.157011+00:00,learner_consequence,contextual_delayed_exp3,arrival_clock,5000,840.2196036021227,0.1680439207204245,768.012284804737,0.1536024569609474,4992,8,9ffb9b59ce06d8614e6402789300fa12b7a151b58df7313bf3ae0b312c558e54,2fcf83f38a12340796be6f78d33fb5e73109330565d578fc8093f77a7aed73cd,072ed20e813a378b2291eeb7a22d05efb306c7c5bbb7b9a568286083c9dc1d97,4316373a43f98b6620b6d007bfa9a27885477d46ada2cfe907487f449dc9038f,e5c730b65835ab09dd2dead6fcf93191d59447feeeb49c6b12a1cb92425f2ebc,0.0547698626308209
exp1_alignment_transfer:full:2026-08-17T06:28:21.157011+00:00,paper,True,primary,exp1_alignment_transfer,primary_t5000_k10,12,state_coupled_delay,23199c4827c06f76d1d9a7a4fc39e56e21eb26b8,1738aa639b37c24c9a687969970adb435313e91ca717b336ca50525dd7d4e928,3ebb8ce93cecd9d76ef6358493113e3d186b46dc569038f73332c9cc58c495a3,3ebb8ce93cecd9d76ef6358493113e3d186b46dc569038f73332c9cc58c495a3,2026-08-17T06:28:21.157011+00:00,learner_consequence,contextual_delayed_exp3,source_round,5000,566.3702904480181,0.1132740580896036,494.1629716506323,0.0988325943301264,4992,8,59046b1819ecac05e1e9b6692dab006a4aaca0e4fa0de139f5acf101dc9f6b82,2fcf83f38a12340796be6f78d33fb5e73109330565d578fc8093f77a7aed73cd,072ed20e813a378b2291eeb7a22d05efb306c7c5bbb7b9a568286083c9dc1d97,4316373a43f98b6620b6d007bfa9a27885477d46ada2cfe907487f449dc9038f,e5c730b65835ab09dd2dead6fcf93191d59447feeeb49c6b12a1cb92425f2ebc,0.0547698626308209
exp1_alignment_transfer:full:2026-08-17T06:28:21.157011+00:00,paper,True,primary,exp1_alignment_transfer,primary_t5000_k10,12,systematic_misbinding,23199c4827c06f76d1d9a7a4fc39e56e21eb26b8,1738aa639b37c24c9a687969970adb435313e91ca717b336ca50525dd7d4e928,3ebb8ce93cecd9d76ef6358493113e3d186b46dc569038f73332c9cc58c495a3,3ebb8ce93cecd9d76ef6358493113e3d186b46dc569038f73332c9cc58c495a3,2026-08-17T06:28:21.157011+00:00,learner_consequence,contextual_delayed_exp3,arrival_clock,5000,894.9753086419753,0.178995061728395,799.1358024691356,0.1598271604938271,4985,15,10fdcc622699bbeaf5eacbe1efe680a9cd704f0c6087cc559044ce91c3b9e7a4,b003dadf595d73a0988c8db6d046eb521902d3cb4ee8990a663ec1aaf4b5cde5,e3121765c58cd366260eaa170985377b4042bd3498e4f7de501cd4230efd146b,4316373a43f98b6620b6d007bfa9a27885477d46ada2cfe907487f449dc9038f,35dcf0c65218e60ce93e1979780133102bb35be75b4e15839bd1001f1e147875,0.0689753086419753
exp1_alignment_transfer:full:2026-08-17T06:28:21.157011+00:00,paper,True,primary,exp1_alignment_transfer,primary_t5000_k10,12,systematic_misbinding,23199c4827c06f76d1d9a7a4fc39e56e21eb26b8,1738aa639b37c24c9a687969970adb435313e91ca717b336ca50525dd7d4e928,3ebb8ce93cecd9d76ef6358493113e3d186b46dc569038f73332c9cc58c495a3,3ebb8ce93cecd9d76ef6358493113e3d186b46dc569038f73332c9cc58c495a3,2026-08-17T06:28:21.157011+00:00,learner_consequence,contextual_delayed_exp3,source_round,5000,550.0987654320987,0.1100197530864197,454.2592592592592,0.0908518518518518,4985,15,1e607a245786aeca7330e1a71a5e82b4c41cdc3cda1c694cd4ba563a753db32c,b003dadf595d73a0988c8db6d046eb521902d3cb4ee8990a663ec1aaf4b5cde5,e3121765c58cd366260eaa170985377b4042bd3498e4f7de501cd4230efd146b,4316373a43f98b6620b6d007bfa9a27885477d46ada2cfe907487f449dc9038f,35dcf0c65218e60ce93e1979780133102bb35be75b4e15839bd1001f1e147875,0.0689753086419753
exp1_alignment_transfer:full:2026-08-17T06:28:21.157011+00:00,paper,True,primary,exp1_alignment_transfer,primary_t5000_k10,13,zero_delay,23199c4827c06f76d1d9a7a4fc39e56e21eb26b8,1738aa639b37c24c9a687969970adb435313e91ca717b336ca50525dd7d4e928,3ebb8ce93cecd9d76ef6358493113e3d186b46dc569038f73332c9cc58c495a3,3ebb8ce93cecd9d76ef6358493113e3d186b46dc569038f73332c9cc58c495a3,2026-08-17T06:28:21.157011+00:00,learner_consequence,contextual_delayed_exp3,arrival_clock,5000,567.0319203705246,0.1134063840741049,497.2675425442834,0.0994535085088566,5000,0,66951fbb9673eeee35e747591f3424d80322a7b1d907cbc9bf76fde8a4451486,0903c8bd19ce171e4daf075dbfcd89d04eeccf1d230d5d5229d54cb929ca6d04,37ce48538eba93e9d9281c51df2699c7c20203fce7142fba8d6c798706ae4404,2d18035ba330bc15bcde22b7e25ee40cc22e454f2ca8751105ed2a6609322625,0bab63fc10850a67678ff5d91705dfb2e1c16733833cff87c0a2028e3a82a431,0.0
exp1_alignment_transfer:full:2026-08-17T06:28:21.157011+00:00,paper,True,primary,exp1_alignment_transfer,primary_t5000_k10,13,zero_delay,23199c4827c06f76d1d9a7a4fc39e56e21eb26b8,1738aa639b37c24c9a687969970adb435313e91ca717b336ca50525dd7d4e928,3ebb8ce93cecd9d76ef6358493113e3d186b46dc569038f73332c9cc58c495a3,3ebb8ce93cecd9d76ef6358493113e3d186b46dc569038f73332c9cc58c495a3,2026-08-17T06:28:21.157011+00:00,learner_consequence,contextual_delayed_exp3,source_round,5000,567.0319203705246,0.1134063840741049,497.2675425442834,0.0994535085088566,5000,0,66951fbb9673eeee35e747591f3424d80322a7b1d907cbc9bf76fde8a4451486,0903c8bd19ce171e4daf075dbfcd89d04eeccf1d230d5d5229d54cb929ca6d04,37ce48538eba93e9d9281c51df2699c7c20203fce7142fba8d6c798706ae4404,2d18035ba330bc15bcde22b7e25ee40cc22e454f2ca8751105ed2a6609322625,0bab63fc10850a67678ff5d91705dfb2e1c16733833cff87c0a2028e3a82a431,0.0
exp1_alignment_transfer:full:2026-08-17T06:28:21.157011+00:00,paper,True,primary,exp1_alignment_transfer,primary_t5000_k10,13,exact_valid_shift,23199c4827c06f76d1d9a7a4fc39e56e21eb26b8,1738aa639b37c24c9a687969970adb435313e91ca717b336ca50525dd7d4e928,3ebb8ce93cecd9d76ef6358493113e3d186b46dc569038f73332c9cc58c495a3,3ebb8ce93cecd9d76ef6358493113e3d186b46dc569038f73332c9cc58c495a3,2026-08-17T06:28:21.157011+00:00,learner_consequence,contextual_delayed_exp3,arrival_clock,5000,976.92,0.195384,423.048,0.0846096,4981,19,5c6e97f54c02f473e8ff892aeea294b3c3a0486dbf19cb708e460d2cf18d070a,6a7cfabf0021cc869c753119d53388e457dc3fae2c71e98d7d896d82be443116,779e231dc29bc1f44352852501039e30e552d021432352f386abe8b09583be3b,2d18035ba330bc15bcde22b7e25ee40cc22e454f2ca8751105ed2a6609322625,c2d1814494dd9fcce0576442094dc065fd579ae3cbccd6d26ef5a251ab1e569f,0.0628463999999999
exp1_alignment_transfer:full:2026-08-17T06:28:21.157011+00:00,paper,True,primary,exp1_alignment_transfer,primary_t5000_k10,13,exact_valid_shift,23199c4827c06f76d1d9a7a4fc39e56e21eb26b8,1738aa639b37c24c9a687969970adb435313e91ca717b336ca50525dd7d4e928,3ebb8ce93cecd9d76ef6358493113e3d186b46dc569038f73332c9cc58c495a3,3ebb8ce93cecd9d76ef6358493113e3d186b46dc569038f73332c9cc58c495a3,2026-08-17T06:28:21.157011+00:00,learner_consequence,contextual_delayed_exp3,source_round,5000,662.6880000000001,0.1325376,108.81600000000005,0.0217632,4981,19,fff63d4ae29ca7b236e07f31fdbf5388c7dc7d17bcf689379b9e24ac6a6b70ed,6a7cfabf0021cc869c753119d53388e457dc3fae2c71e98d7d896d82be443116,779e231dc29bc1f44352852501039e30e552d021432352f386abe8b09583be3b,2d18035ba330bc15bcde22b7e25ee40cc22e454f2ca8751105ed2a6609322625,c2d1814494dd9fcce0576442094dc065fd579ae3cbccd6d26ef5a251ab1e569f,0.0628463999999999
exp1_alignment_transfer:full:2026-08-17T06:28:21.157011+00:00,paper,True,primary,exp1_alignment_transfer,primary_t5000_k10,13,geometric_delay,23199c4827c06f76d1d9a7a4fc39e56e21eb26b8,1738aa639b37c24c9a687969970adb435313e91ca717b336ca50525dd7d4e928,3ebb8ce93cecd9d76ef6358493113e3d186b46dc569038f73332c9cc58c495a3,3ebb8ce93cecd9d76ef6358493113e3d186b46dc569038f73332c9cc58c495a3,2026-08-17T06:28:21.157011+00:00,learner_consequence,contextual_delayed_exp3,arrival_clock,5000,856.3382109580565,0.1712676421916113,786.5738331318153,0.157314766626363,4981,19,b37392b63fa11a703b0af6582fdb05b992a312949a359203381a6e92f859fa25,0903c8bd19ce171e4daf075dbfcd89d04eeccf1d230d5d5229d54cb929ca6d04,779e231dc29bc1f44352852501039e30e552d021432352f386abe8b09583be3b,2d18035ba330bc15bcde22b7e25ee40cc22e454f2ca8751105ed2a6609322625,3e7bdee76a6233555237bdfcaf9e12e4e8f609b136e37f8dc92a1c1c0f0bac78,0.056935829468387
exp1_alignment_transfer:full:2026-08-17T06:28:21.157011+00:00,paper,True,primary,exp1_alignment_transfer,primary_t5000_k10,13,geometric_delay,23199c4827c06f76d1d9a7a4fc39e56e21eb26b8,1738aa639b37c24c9a687969970adb435313e91ca717b336ca50525dd7d4e928,3ebb8ce93cecd9d76ef6358493113e3d186b46dc569038f73332c9cc58c495a3,3ebb8ce93cecd9d76ef6358493113e3d186b46dc569038f73332c9cc58c495a3,2026-08-17T06:28:21.157011+00:00,learner_consequence,contextual_delayed_exp3,source_round,5000,571.6590636161214,0.1143318127232242,501.8946857898803,0.100378937157976,4981,19,18e34367e4428687e1b4195691534055fcc37cd4dc78fca3bf2add1582919d27,0903c8bd19ce171e4daf075dbfcd89d04eeccf1d230d5d5229d54cb929ca6d04,779e231dc29bc1f44352852501039e30e552d021432352f386abe8b09583be3b,2d18035ba330bc15bcde22b7e25ee40cc22e454f2ca8751105ed2a6609322625,3e7bdee76a6233555237bdfcaf9e12e4e8f609b136e37f8dc92a1c1c0f0bac78,0.056935829468387
exp1_alignment_transfer:full:2026-08-17T06:28:21.157011+00:00,paper,True,primary,exp1_alignment_transfer,primary_t5000_k10,13,mixture_delay,23199c4827c06f76d1d9a7a4fc39e56e21eb26b8,1738aa639b37c24c9a687969970adb435313e91ca717b336ca50525dd7d4e928,3ebb8ce93cecd9d76ef6358493113e3d186b46dc569038f73332c9cc58c495a3,3ebb8ce93cecd9d76ef6358493113e3d186b46dc569038f73332c9cc58c495a3,2026-08-17T06:28:21.157011+00:00,learner_consequence,contextual_delayed_exp3,arrival_clock,5000,795.4725055188769,0.1590945011037753,725.7081276926358,0.1451416255385271,4977,23,aa36ceaf03a1d00501569e2baf07f6f1aef71aeed8c0d74eeced51d911f86b11,0903c8bd19ce171e4daf075dbfcd89d04eeccf1d230d5d5229d54cb929ca6d04,f256a0d2a3b47ed91c9bbbffe59de45a723de8470b48d0694225d1ac31b2350b,2d18035ba330bc15bcde22b7e25ee40cc22e454f2ca8751105ed2a6609322625,631f11695bce08e0d4a908bb317571e0abd987085e88ad3f261eede0f7024b08,0.0448918516637315
exp1_alignment_transfer:full:2026-08-17T06:28:21.157011+00:00,paper,True,primary,exp1_alignment_transfer,primary_t5000_k10,13,mixture_delay,23199c4827c06f76d1d9a7a4fc39e56e21eb26b8,1738aa639b37c24c9a687969970adb435313e91ca717b336ca50525dd7d4e928,3ebb8ce93cecd9d76ef6358493113e3d186b46dc569038f73332c9cc58c495a3,3ebb8ce93cecd9d76ef6358493113e3d186b46dc569038f73332c9cc58c495a3,2026-08-17T06:28:21.157011+00:00,learner_consequence,contextual_delayed_exp3,source_round,5000,571.0132472002193,0.1142026494400438,501.2488693739782,0.1002497738747956,4977,23,3ae14f7e1e4e55566384034b5e900a79badd1bffee948c9e523eea4164e1f027,0903c8bd19ce171e4daf075dbfcd89d04eeccf1d230d5d5229d54cb929ca6d04,f256a0d2a3b47ed91c9bbbffe59de45a723de8470b48d0694225d1ac31b2350b,2d18035ba330bc15bcde22b7e25ee40cc22e454f2ca8751105ed2a6609322625,631f11695bce08e0d4a908bb317571e0abd987085e88ad3f261eede0f7024b08,0.0448918516637315
exp1_alignment_transfer:full:2026-08-17T06:28:21.157011+00:00,paper,True,primary,exp1_alignment_transfer,primary_t5000_k10,13,state_coupled_delay,23199c4827c06f76d1d9a7a4fc39e56e21eb26b8,1738aa639b37c24c9a687969970adb435313e91ca717b336ca50525dd7d4e928,3ebb8ce93cecd9d76ef6358493113e3d186b46dc569038f73332c9cc58c495a3,3ebb8ce93cecd9d76ef6358493113e3d186b46dc569038f73332c9cc58c495a3,2026-08-17T06:28:21.157011+00:00,learner_consequence,contextual_delayed_exp3,arrival_clock,5000,851.0894794390016,0.1702178958878003,781.3251016127606,0.1562650203225521,4971,29,918934b38b1166be2ca234f4c7e63e96b7af92a6bc43307728aa922a28add4bd,0903c8bd19ce171e4daf075dbfcd89d04eeccf1d230d5d5229d54cb929ca6d04,cfacb9a1435a7fb75daa9f9b747e797111504fe0b731764ce6a4cbbd21241cf8,2d18035ba330bc15bcde22b7e25ee40cc22e454f2ca8751105ed2a6609322625,a0b756299ea5bf4224932fee4ac6f64ebe45da27a471524036d775c631f9654d,0.0558056865428832
exp1_alignment_transfer:full:2026-08-17T06:28:21.157011+00:00,paper,True,primary,exp1_alignment_transfer,primary_t5000_k10,13,state_coupled_delay,23199c4827c06f76d1d9a7a4fc39e56e21eb26b8,1738aa639b37c24c9a687969970adb435313e91ca717b336ca50525dd7d4e928,3ebb8ce93cecd9d76ef6358493113e3d186b46dc569038f73332c9cc58c495a3,3ebb8ce93cecd9d76ef6358493113e3d186b46dc569038f73332c9cc58c495a3,2026-08-17T06:28:21.157011+00:00,learner_consequence,contextual_delayed_exp3,source_round,5000,572.0610467245853,0.114412209344917,502.29666889834414,0.1004593337796688,4971,29,530c3af5da4183009997deb2fe713f6d6a2dd0a8af8229e16a615dc6bd790c1a,0903c8bd19ce171e4daf075dbfcd89d04eeccf1d230d5d5229d54cb929ca6d04,cfacb9a1435a7fb75daa9f9b747e797111504fe0b731764ce6a4cbbd21241cf8,2d18035ba330bc15bcde22b7e25ee40cc22e454f2ca8751105ed2a6609322625,a0b756299ea5bf4224932fee4ac6f64ebe45da27a471524036d775c631f9654d,0.0558056865428832
exp1_alignment_transfer:full:2026-08-17T06:28:21.157011+00:00,paper,True,primary,exp1_alignment_transfer,primary_t5000_k10,13,systematic_misbinding,23199c4827c06f76d1d9a7a4fc39e56e21eb26b8,1738aa639b37c24c9a687969970adb435313e91ca717b336ca50525dd7d4e928,3ebb8ce93cecd9d76ef6358493113e3d186b46dc569038f73332c9cc58c495a3,3ebb8ce93cecd9d76ef6358493113e3d186b46dc569038f73332c9cc58c495a3,2026-08-17T06:28:21.157011+00:00,learner_consequence,contextual_delayed_exp3,arrival_clock,5000,910.4938271604937,0.1820987654320987,817.7654320987652,0.163553086419753,4985,15,13260a2d573f953d50715f64274b0a0d35f5e76ec9a7c305de5ac2bac8885e12,0338c17787b037f56b1bac53239d7600bbf0f7631dc40a3cd83a5e7b4cfa504b,a6bd7aa34a96e9f63a979fae2e08f57cb529b536e394e033dbb86ac83f0ed0ea,2d18035ba330bc15bcde22b7e25ee40cc22e454f2ca8751105ed2a6609322625,64069bb0a0d9920818fc363264c65f866f2639e1deffae5bf4ff067eddc2ee76,0.0741925925925926
exp1_alignment_transfer:full:2026-08-17T06:28:21.157011+00:00,paper,True,primary,exp1_alignment_transfer,primary_t5000_k10,13,systematic_misbinding,23199c4827c06f76d1d9a7a4fc39e56e21eb26b8,1738aa639b37c24c9a687969970adb435313e91ca717b336ca50525dd7d4e928,3ebb8ce93cecd9d76ef6358493113e3d186b46dc569038f73332c9cc58c495a3,3ebb8ce93cecd9d76ef6358493113e3d186b46dc569038f73332c9cc58c495a3,2026-08-17T06:28:21.157011+00:00,learner_consequence,contextual_delayed_exp3,source_round,5000,539.5308641975307,0.1079061728395061,446.8024691358024,0.0893604938271604,4985,15,d52c67f9df8927b9741dbf6e02f1fbe9277b5efbd636826fbd77c7cf7c36e52f,0338c17787b037f56b1bac53239d7600bbf0f7631dc40a3cd83a5e7b4cfa504b,a6bd7aa34a96e9f63a979fae2e08f57cb529b536e394e033dbb86ac83f0ed0ea,2d18035ba330bc15bcde22b7e25ee40cc22e454f2ca8751105ed2a6609322625,64069bb0a0d9920818fc363264c65f866f2639e1deffae5bf4ff067eddc2ee76,0.0741925925925926
exp1_alignment_transfer:full:2026-08-17T06:28:21.157011+00:00,paper,True,primary,exp1_alignment_transfer,primary_t5000_k10,14,zero_delay,23199c4827c06f76d1d9a7a4fc39e56e21eb26b8,1738aa639b37c24c9a687969970adb435313e91ca717b336ca50525dd7d4e928,3ebb8ce93cecd9d76ef6358493113e3d186b46dc569038f73332c9cc58c495a3,3ebb8ce93cecd9d76ef6358493113e3d186b46dc569038f73332c9cc58c495a3,2026-08-17T06:28:21.157011+00:00,learner_consequence,contextual_delayed_exp3,arrival_clock,5000,557.2098088310922,0.1114419617662184,487.1769451392408,0.0974353890278481,5000,0,b5c518fac2a8730506481c3e31b802c96cce0eb5413157b3017bb595b3eaeb95,8513d46f3e95fea187ec4f6afab945f63e07d0b80408bd67c92f59c8812b1eef,8e2a95e860267f04a3fa611396d23462e18dd1546be01990be1ebcf16f05012e,7c774dcb633dd8bcf036365529ca0d5a1ded63fc68a5e48d9f2c115212790e4f,0ac3d7b2ac959d577bed8751afa42c22e04fe9772e0325a7ab95232a8bb364f7,0.0
exp1_alignment_transfer:full:2026-08-17T06:28:21.157011+00:00,paper,True,primary,exp1_alignment_transfer,primary_t5000_k10,14,zero_delay,23199c4827c06f76d1d9a7a4fc39e56e21eb26b8,1738aa639b37c24c9a687969970adb435313e91ca717b336ca50525dd7d4e928,3ebb8ce93cecd9d76ef6358493113e3d186b46dc569038f73332c9cc58c495a3,3ebb8ce93cecd9d76ef6358493113e3d186b46dc569038f73332c9cc58c495a3,2026-08-17T06:28:21.157011+00:00,learner_consequence,contextual_delayed_exp3,source_round,5000,557.2098088310922,0.1114419617662184,487.1769451392408,0.0974353890278481,5000,0,b5c518fac2a8730506481c3e31b802c96cce0eb5413157b3017bb595b3eaeb95,8513d46f3e95fea187ec4f6afab945f63e07d0b80408bd67c92f59c8812b1eef,8e2a95e860267f04a3fa611396d23462e18dd1546be01990be1ebcf16f05012e,7c774dcb633dd8bcf036365529ca0d5a1ded63fc68a5e48d9f2c115212790e4f,0ac3d7b2ac959d577bed8751afa42c22e04fe9772e0325a7ab95232a8bb364f7,0.0
exp1_alignment_transfer:full:2026-08-17T06:28:21.157011+00:00,paper,True,primary,exp1_alignment_transfer,primary_t5000_k10,14,exact_valid_shift,23199c4827c06f76d1d9a7a4fc39e56e21eb26b8,1738aa639b37c24c9a687969970adb435313e91ca717b336ca50525dd7d4e928,3ebb8ce93cecd9d76ef6358493113e3d186b46dc569038f73332c9cc58c495a3,3ebb8ce93cecd9d76ef6358493113e3d186b46dc569038f73332c9cc58c495a3,2026-08-17T06:28:21.157011+00:00,learner_consequence,contextual_delayed_exp3,arrival_clock,5000,1008.264,0.2016528,461.256,0.0922512,4984,16,acd25e2b3ea1747d55f8c170be480eb683f905505163efa91fbf4c020f3280a4,e9fe5eff39365e52e4f45a3f0270edf5c2adea7c46d7654d0460c88a27fcd748,477ca8ed94572320d3169f5aa2d64a2032c2325e828d4c9c4969b5cd3aa07ad7,7c774dcb633dd8bcf036365529ca0d5a1ded63fc68a5e48d9f2c115212790e4f,af10efddf83b211512e757d58b28cc246b42478e7d2c2ffc8c1e9ebc850cd09b,0.0715344
exp1_alignment_transfer:full:2026-08-17T06:28:21.157011+00:00,paper,True,primary,exp1_alignment_transfer,primary_t5000_k10,14,exact_valid_shift,23199c4827c06f76d1d9a7a4fc39e56e21eb26b8,1738aa639b37c24c9a687969970adb435313e91ca717b336ca50525dd7d4e928,3ebb8ce93cecd9d76ef6358493113e3d186b46dc569038f73332c9cc58c495a3,3ebb8ce93cecd9d76ef6358493113e3d186b46dc569038f73332c9cc58c495a3,2026-08-17T06:28:21.157011+00:00,learner_consequence,contextual_delayed_exp3,source_round,5000,650.5920000000001,0.1301184,103.58399999999996,0.0207167999999999,4984,16,ff3f3bf2bc21c65dfe425d328994fe704d8dfd5a4a404a59a7a160d8c2785fcf,e9fe5eff39365e52e4f45a3f0270edf5c2adea7c46d7654d0460c88a27fcd748,477ca8ed94572320d3169f5aa2d64a2032c2325e828d4c9c4969b5cd3aa07ad7,7c774dcb633dd8bcf036365529ca0d5a1ded63fc68a5e48d9f2c115212790e4f,af10efddf83b211512e757d58b28cc246b42478e7d2c2ffc8c1e9ebc850cd09b,0.0715344
exp1_alignment_transfer:full:2026-08-17T06:28:21.157011+00:00,paper,True,primary,exp1_alignment_transfer,primary_t5000_k10,14,geometric_delay,23199c4827c06f76d1d9a7a4fc39e56e21eb26b8,1738aa639b37c24c9a687969970adb435313e91ca717b336ca50525dd7d4e928,3ebb8ce93cecd9d76ef6358493113e3d186b46dc569038f73332c9cc58c495a3,3ebb8ce93cecd9d76ef6358493113e3d186b46dc569038f73332c9cc58c495a3,2026-08-17T06:28:21.157011+00:00,learner_consequence,contextual_delayed_exp3,arrival_clock,5000,893.1062172586019,0.1786212434517203,823.0733535667504,0.16461467071335,4984,16,e425590045c50a38e3c32a0f5850be0a5b6e613194bf96f810973e2e1ebbf721,8513d46f3e95fea187ec4f6afab945f63e07d0b80408bd67c92f59c8812b1eef,477ca8ed94572320d3169f5aa2d64a2032c2325e828d4c9c4969b5cd3aa07ad7,7c774dcb633dd8bcf036365529ca0d5a1ded63fc68a5e48d9f2c115212790e4f,693b576d16a8b7bcf81a051adb8581f9c3cb2d6f187d971b582ac8048534b006,0.0663314091355775
exp1_alignment_transfer:full:2026-08-17T06:28:21.157011+00:00,paper,True,primary,exp1_alignment_transfer,primary_t5000_k10,14,geometric_delay,23199c4827c06f76d1d9a7a4fc39e56e21eb26b8,1738aa639b37c24c9a687969970adb435313e91ca717b336ca50525dd7d4e928,3ebb8ce93cecd9d76ef6358493113e3d186b46dc569038f73332c9cc58c495a3,3ebb8ce93cecd9d76ef6358493113e3d186b46dc569038f73332c9cc58c495a3,2026-08-17T06:28:21.157011+00:00,learner_consequence,contextual_delayed_exp3,source_round,5000,561.4491715807139,0.1122898343161427,491.41630788886266,0.0982832615777725,4984,16,9588ac56487b6387171dd5af4af6835609afb6ac3b6bc72e96f0ada6980cfa73,8513d46f3e95fea187ec4f6afab945f63e07d0b80408bd67c92f59c8812b1eef,477ca8ed94572320d3169f5aa2d64a2032c2325e828d4c9c4969b5cd3aa07ad7,7c774dcb633dd8bcf036365529ca0d5a1ded63fc68a5e48d9f2c115212790e4f,693b576d16a8b7bcf81a051adb8581f9c3cb2d6f187d971b582ac8048534b006,0.0663314091355775
exp1_alignment_transfer:full:2026-08-17T06:28:21.157011+00:00,paper,True,primary,exp1_alignment_transfer,primary_t5000_k10,14,mixture_delay,23199c4827c06f76d1d9a7a4fc39e56e21eb26b8,1738aa639b37c24c9a687969970adb435313e91ca717b336ca50525dd7d4e928,3ebb8ce93cecd9d76ef6358493113e3d186b46dc569038f73332c9cc58c495a3,3ebb8ce93cecd9d76ef6358493113e3d186b46dc569038f73332c9cc58c495a3,2026-08-17T06:28:21.157011+00:00,learner_consequence,contextual_delayed_exp3,arrival_clock,5000,797.1429223178887,0.1594285844635777,727.1100586260375,0.1454220117252075,4989,11,a79248f93bdc1b24dfc1780385d131ee1d5be0271834d61291ea2054a72e87ad,8513d46f3e95fea187ec4f6afab945f63e07d0b80408bd67c92f59c8812b1eef,96f40f99b7a62a05a58e781245c92082240216618e8cc2f76e1a8f5961d0d061,7c774dcb633dd8bcf036365529ca0d5a1ded63fc68a5e48d9f2c115212790e4f,ed2ff8085a10e5281a7567ab8241b2997a4fee11bebd7ba7d0e7dc5b66ce75cb,0.0470705384019147
exp1_alignment_transfer:full:2026-08-17T06:28:21.157011+00:00,paper,True,primary,exp1_alignment_transfer,primary_t5000_k10,14,mixture_delay,23199c4827c06f76d1d9a7a4fc39e56e21eb26b8,1738aa639b37c24c9a687969970adb435313e91ca717b336ca50525dd7d4e928,3ebb8ce93cecd9d76ef6358493113e3d186b46dc569038f73332c9cc58c495a3,3ebb8ce93cecd9d76ef6358493113e3d186b46dc569038f73332c9cc58c495a3,2026-08-17T06:28:21.157011+00:00,learner_consequence,contextual_delayed_exp3,source_round,5000,561.790230308315,0.112358046061663,491.7573666164637,0.0983514733232927,4989,11,2e480926957fd21d3fb0f4abf43d4c9b16a175e28a2a6cfd2c37571cc6b7d5d5,8513d46f3e95fea187ec4f6afab945f63e07d0b80408bd67c92f59c8812b1eef,96f40f99b7a62a05a58e781245c92082240216618e8cc2f76e1a8f5961d0d061,7c774dcb633dd8bcf036365529ca0d5a1ded63fc68a5e48d9f2c115212790e4f,ed2ff8085a10e5281a7567ab8241b2997a4fee11bebd7ba7d0e7dc5b66ce75cb,0.0470705384019147
exp1_alignment_transfer:full:2026-08-17T06:28:21.157011+00:00,paper,True,primary,exp1_alignment_transfer,primary_t5000_k10,14,state_coupled_delay,23199c4827c06f76d1d9a7a4fc39e56e21eb26b8,1738aa639b37c24c9a687969970adb435313e91ca717b336ca50525dd7d4e928,3ebb8ce93cecd9d76ef6358493113e3d186b46dc569038f73332c9cc58c495a3,3ebb8ce93cecd9d76ef6358493113e3d186b46dc569038f73332c9cc58c495a3,2026-08-17T06:28:21.157011+00:00,learner_consequence,contextual_delayed_exp3,arrival_clock,5000,818.5894474451705,0.1637178894890341,748.5565837533192,0.1497113167506638,4989,11,7efe045256d2dbb8948c1ed7c130785c7d2570558fce683346219e9cd6d69100,8513d46f3e95fea187ec4f6afab945f63e07d0b80408bd67c92f59c8812b1eef,ba9d4b7ce45d927109f5e46048d6c675cad2f94bf095c2bb1d9cbf0147616390,7c774dcb633dd8bcf036365529ca0d5a1ded63fc68a5e48d9f2c115212790e4f,2c8897226ceab02f608205c98230bb3e248ae3165612ac3ba10caa2f1fd763e2,0.0509548660881386
exp1_alignment_transfer:full:2026-08-17T06:28:21.157011+00:00,paper,True,primary,exp1_alignment_transfer,primary_t5000_k10,14,state_coupled_delay,23199c4827c06f76d1d9a7a4fc39e56e21eb26b8,1738aa639b37c24c9a687969970adb435313e91ca717b336ca50525dd7d4e928,3ebb8ce93cecd9d76ef6358493113e3d186b46dc569038f73332c9cc58c495a3,3ebb8ce93cecd9d76ef6358493113e3d186b46dc569038f73332c9cc58c495a3,2026-08-17T06:28:21.157011+00:00,learner_consequence,contextual_delayed_exp3,source_round,5000,563.8151170044774,0.1127630234008954,493.7822533126261,0.0987564506625252,4989,11,aa419c615d0867aec44503be7e43dbae8e725d3aa36049d5338841bf109d6d3c,8513d46f3e95fea187ec4f6afab945f63e07d0b80408bd67c92f59c8812b1eef,ba9d4b7ce45d927109f5e46048d6c675cad2f94bf095c2bb1d9cbf0147616390,7c774dcb633dd8bcf036365529ca0d5a1ded63fc68a5e48d9f2c115212790e4f,2c8897226ceab02f608205c98230bb3e248ae3165612ac3ba10caa2f1fd763e2,0.0509548660881386
exp1_alignment_transfer:full:2026-08-17T06:28:21.157011+00:00,paper,True,primary,exp1_alignment_transfer,primary_t5000_k10,14,systematic_misbinding,23199c4827c06f76d1d9a7a4fc39e56e21eb26b8,1738aa639b37c24c9a687969970adb435313e91ca717b336ca50525dd7d4e928,3ebb8ce93cecd9d76ef6358493113e3d186b46dc569038f73332c9cc58c495a3,3ebb8ce93cecd9d76ef6358493113e3d186b46dc569038f73332c9cc58c495a3,2026-08-17T06:28:21.157011+00:00,learner_consequence,contextual_delayed_exp3,arrival_clock,5000,848.6172839506171,0.1697234567901234,755.8518518518517,0.1511703703703703,4985,15,b476bdb493be4dc79c152cde4c28ca9b704da5d38a4433286914368ac8073a20,d6257ca3e86823207bc4d00d71209c76eb2e63d649658d5353d9ece9e4098f77,178fa26cbe4942a99ca2dd0e9d0cbee086b016b56f42efbafdf368bd394c2ad4,7c774dcb633dd8bcf036365529ca0d5a1ded63fc68a5e48d9f2c115212790e4f,62f9c0604bc5cba5eaa778965e688ff67b180c6eaaea9951239aa0a6b292f26c,0.0668024691358024
exp1_alignment_transfer:full:2026-08-17T06:28:21.157011+00:00,paper,True,primary,exp1_alignment_transfer,primary_t5000_k10,14,systematic_misbinding,23199c4827c06f76d1d9a7a4fc39e56e21eb26b8,1738aa639b37c24c9a687969970adb435313e91ca717b336ca50525dd7d4e928,3ebb8ce93cecd9d76ef6358493113e3d186b46dc569038f73332c9cc58c495a3,3ebb8ce93cecd9d76ef6358493113e3d186b46dc569038f73332c9cc58c495a3,2026-08-17T06:28:21.157011+00:00,learner_consequence,contextual_delayed_exp3,source_round,5000,514.6049382716049,0.1029209876543209,421.8395061728395,0.0843679012345679,4985,15,6314f0a969b4aac05570c39f63648dff2ac378b92031de67dace6a83a5af5cbe,d6257ca3e86823207bc4d00d71209c76eb2e63d649658d5353d9ece9e4098f77,178fa26cbe4942a99ca2dd0e9d0cbee086b016b56f42efbafdf368bd394c2ad4,7c774dcb633dd8bcf036365529ca0d5a1ded63fc68a5e48d9f2c115212790e4f,62f9c0604bc5cba5eaa778965e688ff67b180c6eaaea9951239aa0a6b292f26c,0.0668024691358024
exp1_alignment_transfer:full:2026-08-17T06:28:21.157011+00:00,paper,True,primary,exp1_alignment_transfer,primary_t5000_k10,15,zero_delay,23199c4827c06f76d1d9a7a4fc39e56e21eb26b8,1738aa639b37c24c9a687969970adb435313e91ca717b336ca50525dd7d4e928,3ebb8ce93cecd9d76ef6358493113e3d186b46dc569038f73332c9cc58c495a3,3ebb8ce93cecd9d76ef6358493113e3d186b46dc569038f73332c9cc58c495a3,2026-08-17T06:28:21.157011+00:00,learner_consequence,contextual_delayed_exp3,arrival_clock,5000,571.7904685148621,0.1143580937029724,499.8378825258955,0.0999675765051791,5000,0,a30a4d0e35089bd20530a1a484a522e77d6b198c4244cf764d5c8fd0561391a5,eb2dac3e6b7d2233a24c9c4e58f6299b32ae3daf87a2c935aced5253b2e4c1d4,2b96cfcea0d69e51ac0aa49060f01c8c6eb48d711f34d3fad960d7468aa632ed,5ddae1694418c7dd9291f11e95df334bcbac9dc7a077d33255414198e1becbf7,cb5a989ae358f6a328194d04be09b0da047e3924a2ad1afb78c94d5512698aeb,0.0
exp1_alignment_transfer:full:2026-08-17T06:28:21.157011+00:00,paper,True,primary,exp1_alignment_transfer,primary_t5000_k10,15,zero_delay,23199c4827c06f76d1d9a7a4fc39e56e21eb26b8,1738aa639b37c24c9a687969970adb435313e91ca717b336ca50525dd7d4e928,3ebb8ce93cecd9d76ef6358493113e3d186b46dc569038f73332c9cc58c495a3,3ebb8ce93cecd9d76ef6358493113e3d186b46dc569038f73332c9cc58c495a3,2026-08-17T06:28:21.157011+00:00,learner_consequence,contextual_delayed_exp3,source_round,5000,571.7904685148621,0.1143580937029724,499.8378825258955,0.0999675765051791,5000,0,a30a4d0e35089bd20530a1a484a522e77d6b198c4244cf764d5c8fd0561391a5,eb2dac3e6b7d2233a24c9c4e58f6299b32ae3daf87a2c935aced5253b2e4c1d4,2b96cfcea0d69e51ac0aa49060f01c8c6eb48d711f34d3fad960d7468aa632ed,5ddae1694418c7dd9291f11e95df334bcbac9dc7a077d33255414198e1becbf7,cb5a989ae358f6a328194d04be09b0da047e3924a2ad1afb78c94d5512698aeb,0.0
exp1_alignment_transfer:full:2026-08-17T06:28:21.157011+00:00,paper,True,primary,exp1_alignment_transfer,primary_t5000_k10,15,exact_valid_shift,23199c4827c06f76d1d9a7a4fc39e56e21eb26b8,1738aa639b37c24c9a687969970adb435313e91ca717b336ca50525dd7d4e928,3ebb8ce93cecd9d76ef6358493113e3d186b46dc569038f73332c9cc58c495a3,3ebb8ce93cecd9d76ef6358493113e3d186b46dc569038f73332c9cc58c495a3,2026-08-17T06:28:21.157011+00:00,learner_consequence,contextual_delayed_exp3,arrival_clock,5000,973.848,0.1947696,443.544,0.0887087999999999,4988,12,2404ecde490a0e686d52e35c68b27a2b6fd85689dc8e24795c61b202ff1e6c76,e63b22b0cd3d27ed91b11f5b7b3ecca9be7549f72bc68156bd2492fa46ed7a89,6617b7da8ad34461ed59d33b9f09aed8badff50d3f48e2d078dad7d713c0bdde,5ddae1694418c7dd9291f11e95df334bcbac9dc7a077d33255414198e1becbf7,928f774a37168bc05da55b57e0d28ee41cfbfe6c99d2a1ff0a1bf1ad3f2ded02,0.0607727999999999
exp1_alignment_transfer:full:2026-08-17T06:28:21.157011+00:00,paper,True,primary,exp1_alignment_transfer,primary_t5000_k10,15,exact_valid_shift,23199c4827c06f76d1d9a7a4fc39e56e21eb26b8,1738aa639b37c24c9a687969970adb435313e91ca717b336ca50525dd7d4e928,3ebb8ce93cecd9d76ef6358493113e3d186b46dc569038f73332c9cc58c495a3,3ebb8ce93cecd9d76ef6358493113e3d186b46dc569038f73332c9cc58c495a3,2026-08-17T06:28:21.157011+00:00,learner_consequence,contextual_delayed_exp3,source_round,5000,669.984,0.1339968,139.68,0.027936,4988,12,e8b871ad96459605964f908f2d60d09f946e039c6acf00c0bf4a01f9f9c532d4,e63b22b0cd3d27ed91b11f5b7b3ecca9be7549f72bc68156bd2492fa46ed7a89,6617b7da8ad34461ed59d33b9f09aed8badff50d3f48e2d078dad7d713c0bdde,5ddae1694418c7dd9291f11e95df334bcbac9dc7a077d33255414198e1becbf7,928f774a37168bc05da55b57e0d28ee41cfbfe6c99d2a1ff0a1bf1ad3f2ded02,0.0607727999999999
exp1_alignment_transfer:full:2026-08-17T06:28:21.157011+00:00,paper,True,primary,exp1_alignment_transfer,primary_t5000_k10,15,geometric_delay,23199c4827c06f76d1d9a7a4fc39e56e21eb26b8,1738aa639b37c24c9a687969970adb435313e91ca717b336ca50525dd7d4e928,3ebb8ce93cecd9d76ef6358493113e3d186b46dc569038f73332c9cc58c495a3,3ebb8ce93cecd9d76ef6358493113e3d186b46dc569038f73332c9cc58c495a3,2026-08-17T06:28:21.157011+00:00,learner_consequence,contextual_delayed_exp3,arrival_clock,5000,840.3087813486418,0.1680617562697283,768.356195359675,0.153671239071935,4988,12,380516e59d8739f9443331af33d27fab58e815745d69af1799b8e20fb2736af2,eb2dac3e6b7d2233a24c9c4e58f6299b32ae3daf87a2c935aced5253b2e4c1d4,6617b7da8ad34461ed59d33b9f09aed8badff50d3f48e2d078dad7d713c0bdde,5ddae1694418c7dd9291f11e95df334bcbac9dc7a077d33255414198e1becbf7,928e58b3333add450de3da4ba677148fd76f63f2271cf434f164af3c221f2176,0.052640875849432
exp1_alignment_transfer:full:2026-08-17T06:28:21.157011+00:00,paper,True,primary,exp1_alignment_transfer,primary_t5000_k10,15,geometric_delay,23199c4827c06f76d1d9a7a4fc39e56e21eb26b8,1738aa639b37c24c9a687969970adb435313e91ca717b336ca50525dd7d4e928,3ebb8ce93cecd9d76ef6358493113e3d186b46dc569038f73332c9cc58c495a3,3ebb8ce93cecd9d76ef6358493113e3d186b46dc569038f73332c9cc58c495a3,2026-08-17T06:28:21.157011+00:00,learner_consequence,contextual_delayed_exp3,source_round,5000,577.1044021014816,0.1154208804202963,505.1518161125149,0.1010303632225029,4988,12,24bfc44acc90e2938c1cecbbf38a91c47373b6213dfc263c95d1af1ae12b9779,eb2dac3e6b7d2233a24c9c4e58f6299b32ae3daf87a2c935aced5253b2e4c1d4,6617b7da8ad34461ed59d33b9f09aed8badff50d3f48e2d078dad7d713c0bdde,5ddae1694418c7dd9291f11e95df334bcbac9dc7a077d33255414198e1becbf7,928e58b3333add450de3da4ba677148fd76f63f2271cf434f164af3c221f2176,0.052640875849432
exp1_alignment_transfer:full:2026-08-17T06:28:21.157011+00:00,paper,True,primary,exp1_alignment_transfer,primary_t5000_k10,15,mixture_delay,23199c4827c06f76d1d9a7a4fc39e56e21eb26b8,1738aa639b37c24c9a687969970adb435313e91ca717b336ca50525dd7d4e928,3ebb8ce93cecd9d76ef6358493113e3d186b46dc569038f73332c9cc58c495a3,3ebb8ce93cecd9d76ef6358493113e3d186b46dc569038f73332c9cc58c495a3,2026-08-17T06:28:21.157011+00:00,learner_consequence,contextual_delayed_exp3,arrival_clock,5000,800.0913745583092,0.1600182749116618,728.1387885693425,0.1456277577138685,4983,17,5fe8568ef800d111bbc6075028056503f9c6b4ef532efeb2aeceb2d43db493ba,eb2dac3e6b7d2233a24c9c4e58f6299b32ae3daf87a2c935aced5253b2e4c1d4,bb0f2d033015d6c2857e255a3b8f9c05af2ac2a11faa7b5e441e248cec618f02,5ddae1694418c7dd9291f11e95df334bcbac9dc7a077d33255414198e1becbf7,26188612e1c1a1e86bb48a3ee8e0093ee44c42e9bc0634bc79bd9f8f6275dc42,0.0448124900366588
exp1_alignment_transfer:full:2026-08-17T06:28:21.157011+00:00,paper,True,primary,exp1_alignment_transfer,primary_t5000_k10,15,mixture_delay,23199c4827c06f76d1d9a7a4fc39e56e21eb26b8,1738aa639b37c24c9a687969970adb435313e91ca717b336ca50525dd7d4e928,3ebb8ce93cecd9d76ef6358493113e3d186b46dc569038f73332c9cc58c495a3,3ebb8ce93cecd9d76ef6358493113e3d186b46dc569038f73332c9cc58c495a3,2026-08-17T06:28:21.157011+00:00,learner_consequence,contextual_delayed_exp3,source_round,5000,576.0289243750149,0.1152057848750029,504.0763383860481,0.1008152676772096,4983,17,db1e13caf700bb1a0591aaba57d3fdcc75e72314ace7207398a6179794404ff5,eb2dac3e6b7d2233a24c9c4e58f6299b32ae3daf87a2c935aced5253b2e4c1d4,bb0f2d033015d6c2857e255a3b8f9c05af2ac2a11faa7b5e441e248cec618f02,5ddae1694418c7dd9291f11e95df334bcbac9dc7a077d33255414198e1becbf7,26188612e1c1a1e86bb48a3ee8e0093ee44c42e9bc0634bc79bd9f8f6275dc42,0.0448124900366588
exp1_alignment_transfer:full:2026-08-17T06:28:21.157011+00:00,paper,True,primary,exp1_alignment_transfer,primary_t5000_k10,15,state_coupled_delay,23199c4827c06f76d1d9a7a4fc39e56e21eb26b8,1738aa639b37c24c9a687969970adb435313e91ca717b336ca50525dd7d4e928,3ebb8ce93cecd9d76ef6358493113e3d186b46dc569038f73332c9cc58c495a3,3ebb8ce93cecd9d76ef6358493113e3d186b46dc569038f73332c9cc58c495a3,2026-08-17T06:28:21.157011+00:00,learner_consequence,contextual_delayed_exp3,arrival_clock,5000,815.2318656640197,0.1630463731328039,743.279279675053,0.1486558559350106,4996,4,4f7677703f2cd569f11d84d63ad28c9db62f35f8f2d40e94f2dddc87a05c5f06,eb2dac3e6b7d2233a24c9c4e58f6299b32ae3daf87a2c935aced5253b2e4c1d4,44e0407948e9e9a0f962815355aa2fb1cbe9e675ca628e4308982e3a2de86d08,5ddae1694418c7dd9291f11e95df334bcbac9dc7a077d33255414198e1becbf7,c59e3bf709ae101eea5967561e1c78e286fee7921566cc34b81fb4d85ce1a0ed,0.0474479491144792
exp1_alignment_transfer:full:2026-08-17T06:28:21.157011+00:00,paper,True,primary,exp1_alignment_transfer,primary_t5000_k10,15,state_coupled_delay,23199c4827c06f76d1d9a7a4fc39e56e21eb26b8,1738aa639b37c24c9a687969970adb435313e91ca717b336ca50525dd7d4e928,3ebb8ce93cecd9d76ef6358493113e3d186b46dc569038f73332c9cc58c495a3,3ebb8ce93cecd9d76ef6358493113e3d186b46dc569038f73332c9cc58c495a3,2026-08-17T06:28:21.157011+00:00,learner_consequence,contextual_delayed_exp3,source_round,5000,577.9921200916232,0.1155984240183246,506.0395341026565,0.1012079068205313,4996,4,e4e2d80fba840188e301b82d8bc952cdb52feb79c924356bd0407489e5d053d1,eb2dac3e6b7d2233a24c9c4e58f6299b32ae3daf87a2c935aced5253b2e4c1d4,44e0407948e9e9a0f962815355aa2fb1cbe9e675ca628e4308982e3a2de86d08,5ddae1694418c7dd9291f11e95df334bcbac9dc7a077d33255414198e1becbf7,c59e3bf709ae101eea5967561e1c78e286fee7921566cc34b81fb4d85ce1a0ed,0.0474479491144792
exp1_alignment_transfer:full:2026-08-17T06:28:21.157011+00:00,paper,True,primary,exp1_alignment_transfer,primary_t5000_k10,15,systematic_misbinding,23199c4827c06f76d1d9a7a4fc39e56e21eb26b8,1738aa639b37c24c9a687969970adb435313e91ca717b336ca50525dd7d4e928,3ebb8ce93cecd9d76ef6358493113e3d186b46dc569038f73332c9cc58c495a3,3ebb8ce93cecd9d76ef6358493113e3d186b46dc569038f73332c9cc58c495a3,2026-08-17T06:28:21.157011+00:00,learner_consequence,contextual_delayed_exp3,arrival_clock,5000,896.9135802469135,0.1793827160493827,805.3703703703702,0.161074074074074,4985,15,0d32c62825808a18b0f171f280fa42a9e167c61f0c0e264b3862213461aff747,956f3dea9bc06ae790d51004c24e31509b0081e770c1fc56012727659e6274b9,411822371fa2bfa974e0e710c2432e78fa0b01cf83df68fc2d1050428d1ebf51,5ddae1694418c7dd9291f11e95df334bcbac9dc7a077d33255414198e1becbf7,aec557de9a4e02c737e36cf0599415fd099fcc5c8cb2f8b5e7fafe565ee14122,0.0709654320987654
exp1_alignment_transfer:full:2026-08-17T06:28:21.157011+00:00,paper,True,primary,exp1_alignment_transfer,primary_t5000_k10,15,systematic_misbinding,23199c4827c06f76d1d9a7a4fc39e56e21eb26b8,1738aa639b37c24c9a687969970adb435313e91ca717b336ca50525dd7d4e928,3ebb8ce93cecd9d76ef6358493113e3d186b46dc569038f73332c9cc58c495a3,3ebb8ce93cecd9d76ef6358493113e3d186b46dc569038f73332c9cc58c495a3,2026-08-17T06:28:21.157011+00:00,learner_consequence,contextual_delayed_exp3,source_round,5000,542.0864197530864,0.1084172839506172,450.54320987654313,0.0901086419753086,4985,15,206957b0aae83657ec0600a91434ad7dca9d62611b35d8ad995cf70980601600,956f3dea9bc06ae790d51004c24e31509b0081e770c1fc56012727659e6274b9,411822371fa2bfa974e0e710c2432e78fa0b01cf83df68fc2d1050428d1ebf51,5ddae1694418c7dd9291f11e95df334bcbac9dc7a077d33255414198e1becbf7,aec557de9a4e02c737e36cf0599415fd099fcc5c8cb2f8b5e7fafe565ee14122,0.0709654320987654
exp1_alignment_transfer:full:2026-08-17T06:28:21.157011+00:00,paper,True,primary,exp1_alignment_transfer,primary_t5000_k10,16,zero_delay,23199c4827c06f76d1d9a7a4fc39e56e21eb26b8,1738aa639b37c24c9a687969970adb435313e91ca717b336ca50525dd7d4e928,3ebb8ce93cecd9d76ef6358493113e3d186b46dc569038f73332c9cc58c495a3,3ebb8ce93cecd9d76ef6358493113e3d186b46dc569038f73332c9cc58c495a3,2026-08-17T06:28:21.157011+00:00,learner_consequence,contextual_delayed_exp3,arrival_clock,5000,562.2654453155013,0.1124530890631002,492.5115538381691,0.0985023107676338,5000,0,d16d5407028f8376ef365239c3a446e1ad4bbd93f4aa2aa54e353219430d686e,30bcd6b70488f6a9f5f4d302855e6e8303f776139b82a965d99e8aa122dbdc6e,e07a4b6b0565e6e99e9e7036d29534cac35471a1ca66b9cac34b5da900c083b7,016bc9a81e8ea37b41132d84eced1c071051b0c583cd703ec251aa885f8001f5,75910438dc728a4ff8ec4b6957acb2e96e24b7dc3f7880511b9426f924fa08ed,0.0
exp1_alignment_transfer:full:2026-08-17T06:28:21.157011+00:00,paper,True,primary,exp1_alignment_transfer,primary_t5000_k10,16,zero_delay,23199c4827c06f76d1d9a7a4fc39e56e21eb26b8,1738aa639b37c24c9a687969970adb435313e91ca717b336ca50525dd7d4e928,3ebb8ce93cecd9d76ef6358493113e3d186b46dc569038f73332c9cc58c495a3,3ebb8ce93cecd9d76ef6358493113e3d186b46dc569038f73332c9cc58c495a3,2026-08-17T06:28:21.157011+00:00,learner_consequence,contextual_delayed_exp3,source_round,5000,562.2654453155013,0.1124530890631002,492.5115538381691,0.0985023107676338,5000,0,d16d5407028f8376ef365239c3a446e1ad4bbd93f4aa2aa54e353219430d686e,30bcd6b70488f6a9f5f4d302855e6e8303f776139b82a965d99e8aa122dbdc6e,e07a4b6b0565e6e99e9e7036d29534cac35471a1ca66b9cac34b5da900c083b7,016bc9a81e8ea37b41132d84eced1c071051b0c583cd703ec251aa885f8001f5,75910438dc728a4ff8ec4b6957acb2e96e24b7dc3f7880511b9426f924fa08ed,0.0
exp1_alignment_transfer:full:2026-08-17T06:28:21.157011+00:00,paper,True,primary,exp1_alignment_transfer,primary_t5000_k10,16,exact_valid_shift,23199c4827c06f76d1d9a7a4fc39e56e21eb26b8,1738aa639b37c24c9a687969970adb435313e91ca717b336ca50525dd7d4e928,3ebb8ce93cecd9d76ef6358493113e3d186b46dc569038f73332c9cc58c495a3,3ebb8ce93cecd9d76ef6358493113e3d186b46dc569038f73332c9cc58c495a3,2026-08-17T06:28:21.157011+00:00,learner_consequence,contextual_delayed_exp3,arrival_clock,5000,976.752,0.1953504,336.768,0.0673536,4987,13,dd34bbbf671cf2dd3e902887e224adb2bfd9a7a0d19c655f81e5b95a37af02c6,2602c98ca5bbb01fae061a491d0a68a60929b6b038e3df0553b7afeca9c62d1b,f0fab9435e884255149c8b077be121d2cff39a074c7b12d5894cda820be36b38,016bc9a81e8ea37b41132d84eced1c071051b0c583cd703ec251aa885f8001f5,eae1dcb2c83d428a6df69341bd44dabda886eea43b961d06bf99c2a17962fa0e,0.0663408
exp1_alignment_transfer:full:2026-08-17T06:28:21.157011+00:00,paper,True,primary,exp1_alignment_transfer,primary_t5000_k10,16,exact_valid_shift,23199c4827c06f76d1d9a7a4fc39e56e21eb26b8,1738aa639b37c24c9a687969970adb435313e91ca717b336ca50525dd7d4e928,3ebb8ce93cecd9d76ef6358493113e3d186b46dc569038f73332c9cc58c495a3,3ebb8ce93cecd9d76ef6358493113e3d186b46dc569038f73332c9cc58c495a3,2026-08-17T06:28:21.157011+00:00,learner_consequence,contextual_delayed_exp3,source_round,5000,645.048,0.1290096,5.064000000000011,0.0010128,4987,13,66dbc7a557642ed75116ed41da9c52ef08507a045b3b29fe4ccd5b5057655710,2602c98ca5bbb01fae061a491d0a68a60929b6b038e3df0553b7afeca9c62d1b,f0fab9435e884255149c8b077be121d2cff39a074c7b12d5894cda820be36b38,016bc9a81e8ea37b41132d84eced1c071051b0c583cd703ec251aa885f8001f5,eae1dcb2c83d428a6df69341bd44dabda886eea43b961d06bf99c2a17962fa0e,0.0663408
exp1_alignment_transfer:full:2026-08-17T06:28:21.157011+00:00,paper,True,primary,exp1_alignment_transfer,primary_t5000_k10,16,geometric_delay,23199c4827c06f76d1d9a7a4fc39e56e21eb26b8,1738aa639b37c24c9a687969970adb435313e91ca717b336ca50525dd7d4e928,3ebb8ce93cecd9d76ef6358493113e3d186b46dc569038f73332c9cc58c495a3,3ebb8ce93cecd9d76ef6358493113e3d186b46dc569038f73332c9cc58c495a3,2026-08-17T06:28:21.157011+00:00,learner_consequence,contextual_delayed_exp3,arrival_clock,5000,859.3014071769304,0.1718602814353861,789.5475156995982,0.1579095031399196,4987,13,8444382e7e5546549147659b64f831a6e4fec8a03307b4e56d284f8695a909b9,30bcd6b70488f6a9f5f4d302855e6e8303f776139b82a965d99e8aa122dbdc6e,f0fab9435e884255149c8b077be121d2cff39a074c7b12d5894cda820be36b38,016bc9a81e8ea37b41132d84eced1c071051b0c583cd703ec251aa885f8001f5,b61253002ac28fd0da773fc4de30a0ed803710b6f1a385c22cce18d63caa1fa0,0.0585224891679513
exp1_alignment_transfer:full:2026-08-17T06:28:21.157011+00:00,paper,True,primary,exp1_alignment_transfer,primary_t5000_k10,16,geometric_delay,23199c4827c06f76d1d9a7a4fc39e56e21eb26b8,1738aa639b37c24c9a687969970adb435313e91ca717b336ca50525dd7d4e928,3ebb8ce93cecd9d76ef6358493113e3d186b46dc569038f73332c9cc58c495a3,3ebb8ce93cecd9d76ef6358493113e3d186b46dc569038f73332c9cc58c495a3,2026-08-17T06:28:21.157011+00:00,learner_consequence,contextual_delayed_exp3,source_round,5000,566.6889613371735,0.1133377922674347,496.9350698598413,0.0993870139719682,4987,13,ea9a83de52a8d9bf6e9cb84989933e8b6cc5fab3dd07d17191fecfd307e86d40,30bcd6b70488f6a9f5f4d302855e6e8303f776139b82a965d99e8aa122dbdc6e,f0fab9435e884255149c8b077be121d2cff39a074c7b12d5894cda820be36b38,016bc9a81e8ea37b41132d84eced1c071051b0c583cd703ec251aa885f8001f5,b61253002ac28fd0da773fc4de30a0ed803710b6f1a385c22cce18d63caa1fa0,0.0585224891679513
exp1_alignment_transfer:full:2026-08-17T06:28:21.157011+00:00,paper,True,primary,exp1_alignment_transfer,primary_t5000_k10,16,mixture_delay,23199c4827c06f76d1d9a7a4fc39e56e21eb26b8,1738aa639b37c24c9a687969970adb435313e91ca717b336ca50525dd7d4e928,3ebb8ce93cecd9d76ef6358493113e3d186b46dc569038f73332c9cc58c495a3,3ebb8ce93cecd9d76ef6358493113e3d186b46dc569038f73332c9cc58c495a3,2026-08-17T06:28:21.157011+00:00,learner_consequence,contextual_delayed_exp3,arrival_clock,5000,782.1777889570218,0.1564355577914043,712.4238974796897,0.1424847794959379,4986,14,6a73a0afee973ae664ecc92daafbe1457e98b5861bdaa33dbf5e2cabc9add63a,30bcd6b70488f6a9f5f4d302855e6e8303f776139b82a965d99e8aa122dbdc6e,204810477e36fe656480db640b9a84e2fed243a56cc592c6b1717df6081c9561,016bc9a81e8ea37b41132d84eced1c071051b0c583cd703ec251aa885f8001f5,1e68dc4ef3c6bc7068a9c93109687a6353f87e78a87c5a37a8c5bb0c8415b3dc,0.0430566460788255
exp1_alignment_transfer:full:2026-08-17T06:28:21.157011+00:00,paper,True,primary,exp1_alignment_transfer,primary_t5000_k10,16,mixture_delay,23199c4827c06f76d1d9a7a4fc39e56e21eb26b8,1738aa639b37c24c9a687969970adb435313e91ca717b336ca50525dd7d4e928,3ebb8ce93cecd9d76ef6358493113e3d186b46dc569038f73332c9cc58c495a3,3ebb8ce93cecd9d76ef6358493113e3d186b46dc569038f73332c9cc58c495a3,2026-08-17T06:28:21.157011+00:00,learner_consequence,contextual_delayed_exp3,source_round,5000,566.894558562894,0.1133789117125787,497.1406670855617,0.0994281334171123,4986,14,69d2b2f6e280313d9b32ae2dc08656539b9edd14dc57168f34caadb368c8682e,30bcd6b70488f6a9f5f4d302855e6e8303f776139b82a965d99e8aa122dbdc6e,204810477e36fe656480db640b9a84e2fed243a56cc592c6b1717df6081c9561,016bc9a81e8ea37b41132d84eced1c071051b0c583cd703ec251aa885f8001f5,1e68dc4ef3c6bc7068a9c93109687a6353f87e78a87c5a37a8c5bb0c8415b3dc,0.0430566460788255
exp1_alignment_transfer:full:2026-08-17T06:28:21.157011+00:00,paper,True,primary,exp1_alignment_transfer,primary_t5000_k10,16,state_coupled_delay,23199c4827c06f76d1d9a7a4fc39e56e21eb26b8,1738aa639b37c24c9a687969970adb435313e91ca717b336ca50525dd7d4e928,3ebb8ce93cecd9d76ef6358493113e3d186b46dc569038f73332c9cc58c495a3,3ebb8ce93cecd9d76ef6358493113e3d186b46dc569038f73332c9cc58c495a3,2026-08-17T06:28:21.157011+00:00,learner_consequence,contextual_delayed_exp3,arrival_clock,5000,795.6064027755945,0.1591212805551189,725.8525112982622,0.1451705022596524,4970,30,ce394fd395459592b7d52da29dcb458916158446212d2a3cf596a1f865596617,30bcd6b70488f6a9f5f4d302855e6e8303f776139b82a965d99e8aa122dbdc6e,f5f55aa3d8478331f9212c74872662c0290a431bc5f79cb897ea898308c495d6,016bc9a81e8ea37b41132d84eced1c071051b0c583cd703ec251aa885f8001f5,75726acc1a886d30108ce0327fe8ba9b9d87734dd2032136fdf4a459d8c6e1ee,0.0456895244356816
exp1_alignment_transfer:full:2026-08-17T06:28:21.157011+00:00,paper,True,primary,exp1_alignment_transfer,primary_t5000_k10,16,state_coupled_delay,23199c4827c06f76d1d9a7a4fc39e56e21eb26b8,1738aa639b37c24c9a687969970adb435313e91ca717b336ca50525dd7d4e928,3ebb8ce93cecd9d76ef6358493113e3d186b46dc569038f73332c9cc58c495a3,3ebb8ce93cecd9d76ef6358493113e3d186b46dc569038f73332c9cc58c495a3,2026-08-17T06:28:21.157011+00:00,learner_consequence,contextual_delayed_exp3,source_round,5000,567.1587805971865,0.1134317561194373,497.40488911985415,0.0994809778239708,4970,30,345a8e6814c714549272ab52990b6f8a5dd5b88acd472910b7a45748e806e00b,30bcd6b70488f6a9f5f4d302855e6e8303f776139b82a965d99e8aa122dbdc6e,f5f55aa3d8478331f9212c74872662c0290a431bc5f79cb897ea898308c495d6,016bc9a81e8ea37b41132d84eced1c071051b0c583cd703ec251aa885f8001f5,75726acc1a886d30108ce0327fe8ba9b9d87734dd2032136fdf4a459d8c6e1ee,0.0456895244356816
exp1_alignment_transfer:full:2026-08-17T06:28:21.157011+00:00,paper,True,primary,exp1_alignment_transfer,primary_t5000_k10,16,systematic_misbinding,23199c4827c06f76d1d9a7a4fc39e56e21eb26b8,1738aa639b37c24c9a687969970adb435313e91ca717b336ca50525dd7d4e928,3ebb8ce93cecd9d76ef6358493113e3d186b46dc569038f73332c9cc58c495a3,3ebb8ce93cecd9d76ef6358493113e3d186b46dc569038f73332c9cc58c495a3,2026-08-17T06:28:21.157011+00:00,learner_consequence,contextual_delayed_exp3,arrival_clock,5000,901.8395061728394,0.1803679012345678,807.0123456790122,0.1614024691358024,4985,15,907e53c154c97f7a6acac13a44489a18c322a7e7db2bb99d6ebbbde413100dd7,0c349967bca2089273c2b03ef41bf9c2dfdc9ebad88c2d6076d32914d1b6a766,34c139c05f9b0a2ba0d874d2c19193fe241df40dbab75a57dc361d341b8aa8ec,016bc9a81e8ea37b41132d84eced1c071051b0c583cd703ec251aa885f8001f5,13e5f83d9945532c8a30a50a13d2668b0ddc8311b7a00afc755c573c835e5780,0.0750641975308641
exp1_alignment_transfer:full:2026-08-17T06:28:21.157011+00:00,paper,True,primary,exp1_alignment_transfer,primary_t5000_k10,16,systematic_misbinding,23199c4827c06f76d1d9a7a4fc39e56e21eb26b8,1738aa639b37c24c9a687969970adb435313e91ca717b336ca50525dd7d4e928,3ebb8ce93cecd9d76ef6358493113e3d186b46dc569038f73332c9cc58c495a3,3ebb8ce93cecd9d76ef6358493113e3d186b46dc569038f73332c9cc58c495a3,2026-08-17T06:28:21.157011+00:00,learner_consequence,contextual_delayed_exp3,source_round,5000,526.5185185185185,0.1053037037037036,431.69135802469134,0.0863382716049382,4985,15,3dd3167aff417fcb18d603b6b9cb7d3b5ae8d8d465de91d0dba008b9e9c190c4,0c349967bca2089273c2b03ef41bf9c2dfdc9ebad88c2d6076d32914d1b6a766,34c139c05f9b0a2ba0d874d2c19193fe241df40dbab75a57dc361d341b8aa8ec,016bc9a81e8ea37b41132d84eced1c071051b0c583cd703ec251aa885f8001f5,13e5f83d9945532c8a30a50a13d2668b0ddc8311b7a00afc755c573c835e5780,0.0750641975308641
exp1_alignment_transfer:full:2026-08-17T06:28:21.157011+00:00,paper,True,primary,exp1_alignment_transfer,primary_t5000_k10,17,zero_delay,23199c4827c06f76d1d9a7a4fc39e56e21eb26b8,1738aa639b37c24c9a687969970adb435313e91ca717b336ca50525dd7d4e928,3ebb8ce93cecd9d76ef6358493113e3d186b46dc569038f73332c9cc58c495a3,3ebb8ce93cecd9d76ef6358493113e3d186b46dc569038f73332c9cc58c495a3,2026-08-17T06:28:21.157011+00:00,learner_consequence,contextual_delayed_exp3,arrival_clock,5000,556.4994999728015,0.1112998999945602,478.2446828916759,0.0956489365783351,5000,0,9f85af9ab28b1880c54ce8ad36dcc343b4489731e0b920abca97abf63327fbc4,0ca25680c3d930da200320f79670420f7443bc960e9a22cfe2b4ec3699a737be,33eeb80b16aece04842bff2ff721a7b8ddb8a8d465d37b2467a922f5ff8fcd27,c91dd95692133eb38ad7d7fd64ab4d497c191b3db0d5c7cb6a3f8770c9405daa,5bfd8f0e3eaebfd8ddd537c8708be073d4db0dbaa0428f3c6d3bf444123d97a4,0.0
exp1_alignment_transfer:full:2026-08-17T06:28:21.157011+00:00,paper,True,primary,exp1_alignment_transfer,primary_t5000_k10,17,zero_delay,23199c4827c06f76d1d9a7a4fc39e56e21eb26b8,1738aa639b37c24c9a687969970adb435313e91ca717b336ca50525dd7d4e928,3ebb8ce93cecd9d76ef6358493113e3d186b46dc569038f73332c9cc58c495a3,3ebb8ce93cecd9d76ef6358493113e3d186b46dc569038f73332c9cc58c495a3,2026-08-17T06:28:21.157011+00:00,learner_consequence,contextual_delayed_exp3,source_round,5000,556.4994999728015,0.1112998999945602,478.2446828916759,0.0956489365783351,5000,0,9f85af9ab28b1880c54ce8ad36dcc343b4489731e0b920abca97abf63327fbc4,0ca25680c3d930da200320f79670420f7443bc960e9a22cfe2b4ec3699a737be,33eeb80b16aece04842bff2ff721a7b8ddb8a8d465d37b2467a922f5ff8fcd27,c91dd95692133eb38ad7d7fd64ab4d497c191b3db0d5c7cb6a3f8770c9405daa,5bfd8f0e3eaebfd8ddd537c8708be073d4db0dbaa0428f3c6d3bf444123d97a4,0.0
exp1_alignment_transfer:full:2026-08-17T06:28:21.157011+00:00,paper,True,primary,exp1_alignment_transfer,primary_t5000_k10,17,exact_valid_shift,23199c4827c06f76d1d9a7a4fc39e56e21eb26b8,1738aa639b37c24c9a687969970adb435313e91ca717b336ca50525dd7d4e928,3ebb8ce93cecd9d76ef6358493113e3d186b46dc569038f73332c9cc58c495a3,3ebb8ce93cecd9d76ef6358493113e3d186b46dc569038f73332c9cc58c495a3,2026-08-17T06:28:21.157011+00:00,learner_consequence,contextual_delayed_exp3,arrival_clock,5000,1014.024,0.2028048,478.44,0.095688,4983,17,92d3364519b92dae80e9f46c8c9b6e5822e720584a2ccdff11e74f93fa37ef3b,d3d116b853616dd33e34d2909e4b5a689564dcc61c4b4c02cc7b76fa6cb368db,771ede43c4a2d4711480170fbf7531514409a0531e53b3a0f2914b1238534bd7,c91dd95692133eb38ad7d7fd64ab4d497c191b3db0d5c7cb6a3f8770c9405daa,fccdb68688ee96cddd606768e56698ff8f18df044d794a2d54a276be12ada7af,0.0714624
exp1_alignment_transfer:full:2026-08-17T06:28:21.157011+00:00,paper,True,primary,exp1_alignment_transfer,primary_t5000_k10,17,exact_valid_shift,23199c4827c06f76d1d9a7a4fc39e56e21eb26b8,1738aa639b37c24c9a687969970adb435313e91ca717b336ca50525dd7d4e928,3ebb8ce93cecd9d76ef6358493113e3d186b46dc569038f73332c9cc58c495a3,3ebb8ce93cecd9d76ef6358493113e3d186b46dc569038f73332c9cc58c495a3,2026-08-17T06:28:21.157011+00:00,learner_consequence,contextual_delayed_exp3,source_round,5000,656.712,0.1313424,121.128,0.0242255999999999,4983,17,c5d3fcecc1839c315506aa140dd2361d0007519fb0be3c2be5828a76aa543033,d3d116b853616dd33e34d2909e4b5a689564dcc61c4b4c02cc7b76fa6cb368db,771ede43c4a2d4711480170fbf7531514409a0531e53b3a0f2914b1238534bd7,c91dd95692133eb38ad7d7fd64ab4d497c191b3db0d5c7cb6a3f8770c9405daa,fccdb68688ee96cddd606768e56698ff8f18df044d794a2d54a276be12ada7af,0.0714624
exp1_alignment_transfer:full:2026-08-17T06:28:21.157011+00:00,paper,True,primary,exp1_alignment_transfer,primary_t5000_k10,17,geometric_delay,23199c4827c06f76d1d9a7a4fc39e56e21eb26b8,1738aa639b37c24c9a687969970adb435313e91ca717b336ca50525dd7d4e928,3ebb8ce93cecd9d76ef6358493113e3d186b46dc569038f73332c9cc58c495a3,3ebb8ce93cecd9d76ef6358493113e3d186b46dc569038f73332c9cc58c495a3,2026-08-17T06:28:21.157011+00:00,learner_consequence,contextual_delayed_exp3,arrival_clock,5000,811.188191397967,0.1622376382795934,732.9333743168414,0.1465866748633683,4983,17,77e479bcab2286ead997674429349476a34a1d74f1a834f30e545e156901e419,0ca25680c3d930da200320f79670420f7443bc960e9a22cfe2b4ec3699a737be,771ede43c4a2d4711480170fbf7531514409a0531e53b3a0f2914b1238534bd7,c91dd95692133eb38ad7d7fd64ab4d497c191b3db0d5c7cb6a3f8770c9405daa,2c45afbe32ce8fa4dbe1ce52a314350507150c5f328e37793643f4cdb490834b,0.0504397073223576
exp1_alignment_transfer:full:2026-08-17T06:28:21.157011+00:00,paper,True,primary,exp1_alignment_transfer,primary_t5000_k10,17,geometric_delay,23199c4827c06f76d1d9a7a4fc39e56e21eb26b8,1738aa639b37c24c9a687969970adb435313e91ca717b336ca50525dd7d4e928,3ebb8ce93cecd9d76ef6358493113e3d186b46dc569038f73332c9cc58c495a3,3ebb8ce93cecd9d76ef6358493113e3d186b46dc569038f73332c9cc58c495a3,2026-08-17T06:28:21.157011+00:00,learner_consequence,contextual_delayed_exp3,source_round,5000,558.9896547861786,0.1117979309572357,480.73483770505294,0.0961469675410105,4983,17,94cf59e5bcf730040f73bae04abb31328f53a3b1d13ecc2cf523e6902f6640e6,0ca25680c3d930da200320f79670420f7443bc960e9a22cfe2b4ec3699a737be,771ede43c4a2d4711480170fbf7531514409a0531e53b3a0f2914b1238534bd7,c91dd95692133eb38ad7d7fd64ab4d497c191b3db0d5c7cb6a3f8770c9405daa,2c45afbe32ce8fa4dbe1ce52a314350507150c5f328e37793643f4cdb490834b,0.0504397073223576
exp1_alignment_transfer:full:2026-08-17T06:28:21.157011+00:00,paper,True,primary,exp1_alignment_transfer,primary_t5000_k10,17,mixture_delay,23199c4827c06f76d1d9a7a4fc39e56e21eb26b8,1738aa639b37c24c9a687969970adb435313e91ca717b336ca50525dd7d4e928,3ebb8ce93cecd9d76ef6358493113e3d186b46dc569038f73332c9cc58c495a3,3ebb8ce93cecd9d76ef6358493113e3d186b46dc569038f73332c9cc58c495a3,2026-08-17T06:28:21.157011+00:00,learner_consequence,contextual_delayed_exp3,arrival_clock,5000,765.215646701108,0.1530431293402216,686.9608296199824,0.1373921659239964,4981,19,d0945e4c398d519c72668acd2b512ae8e24b0297922e6a1d2a454bb9909a8ddb,0ca25680c3d930da200320f79670420f7443bc960e9a22cfe2b4ec3699a737be,934df0e0ce033f33c5c9e630533d0535c5eef8bb052ed0611ca17784221dbf08,c91dd95692133eb38ad7d7fd64ab4d497c191b3db0d5c7cb6a3f8770c9405daa,ef4e23579ae40d4e3a5a8c5257d6f5893c432980f995e7ac786b46507d6ad19d,0.0412607499965177
exp1_alignment_transfer:full:2026-08-17T06:28:21.157011+00:00,paper,True,primary,exp1_alignment_transfer,primary_t5000_k10,17,mixture_delay,23199c4827c06f76d1d9a7a4fc39e56e21eb26b8,1738aa639b37c24c9a687969970adb435313e91ca717b336ca50525dd7d4e928,3ebb8ce93cecd9d76ef6358493113e3d186b46dc569038f73332c9cc58c495a3,3ebb8ce93cecd9d76ef6358493113e3d186b46dc569038f73332c9cc58c495a3,2026-08-17T06:28:21.157011+00:00,learner_consequence,contextual_delayed_exp3,source_round,5000,558.9118967185191,0.1117823793437038,480.6570796373936,0.0961314159274787,4981,19,37b01ae5a7a6e52c83329c453311931441f130818eaa33d2e44a091deeb1f689,0ca25680c3d930da200320f79670420f7443bc960e9a22cfe2b4ec3699a737be,934df0e0ce033f33c5c9e630533d0535c5eef8bb052ed0611ca17784221dbf08,c91dd95692133eb38ad7d7fd64ab4d497c191b3db0d5c7cb6a3f8770c9405daa,ef4e23579ae40d4e3a5a8c5257d6f5893c432980f995e7ac786b46507d6ad19d,0.0412607499965177
exp1_alignment_transfer:full:2026-08-17T06:28:21.157011+00:00,paper,True,primary,exp1_alignment_transfer,primary_t5000_k10,17,state_coupled_delay,23199c4827c06f76d1d9a7a4fc39e56e21eb26b8,1738aa639b37c24c9a687969970adb435313e91ca717b336ca50525dd7d4e928,3ebb8ce93cecd9d76ef6358493113e3d186b46dc569038f73332c9cc58c495a3,3ebb8ce93cecd9d76ef6358493113e3d186b46dc569038f73332c9cc58c495a3,2026-08-17T06:28:21.157011+00:00,learner_consequence,contextual_delayed_exp3,arrival_clock,5000,820.9451184424959,0.1641890236884991,742.6903013613703,0.148538060272274,4978,22,aba199233750b36f784b447a295773ee9662f920475b09c51c0ad690f43e51e6,0ca25680c3d930da200320f79670420f7443bc960e9a22cfe2b4ec3699a737be,5503042f76d952a665a9d4130b7a9dce1c69af3bd663eda765d7535934af9b91,c91dd95692133eb38ad7d7fd64ab4d497c191b3db0d5c7cb6a3f8770c9405daa,1f086a80c8a40becfb17c6a9397c734a811c1a3f00b56e4519837b76bc0623c2,0.052209688983014
exp1_alignment_transfer:full:2026-08-17T06:28:21.157011+00:00,paper,True,primary,exp1_alignment_transfer,primary_t5000_k10,17,state_coupled_delay,23199c4827c06f76d1d9a7a4fc39e56e21eb26b8,1738aa639b37c24c9a687969970adb435313e91ca717b336ca50525dd7d4e928,3ebb8ce93cecd9d76ef6358493113e3d186b46dc569038f73332c9cc58c495a3,3ebb8ce93cecd9d76ef6358493113e3d186b46dc569038f73332c9cc58c495a3,2026-08-17T06:28:21.157011+00:00,learner_consequence,contextual_delayed_exp3,source_round,5000,559.8966735274256,0.1119793347054851,481.6418564463001,0.09632837128926,4978,22,3838ed951732282e1919a490a8cb6e36b8673d695fd97f5ff53030d45be6e5f3,0ca25680c3d930da200320f79670420f7443bc960e9a22cfe2b4ec3699a737be,5503042f76d952a665a9d4130b7a9dce1c69af3bd663eda765d7535934af9b91,c91dd95692133eb38ad7d7fd64ab4d497c191b3db0d5c7cb6a3f8770c9405daa,1f086a80c8a40becfb17c6a9397c734a811c1a3f00b56e4519837b76bc0623c2,0.052209688983014
exp1_alignment_transfer:full:2026-08-17T06:28:21.157011+00:00,paper,True,primary,exp1_alignment_transfer,primary_t5000_k10,17,systematic_misbinding,23199c4827c06f76d1d9a7a4fc39e56e21eb26b8,1738aa639b37c24c9a687969970adb435313e91ca717b336ca50525dd7d4e928,3ebb8ce93cecd9d76ef6358493113e3d186b46dc569038f73332c9cc58c495a3,3ebb8ce93cecd9d76ef6358493113e3d186b46dc569038f73332c9cc58c495a3,2026-08-17T06:28:21.157011+00:00,learner_consequence,contextual_delayed_exp3,arrival_clock,5000,907.7407407407406,0.1815481481481481,815.3209876543208,0.1630641975308641,4985,15,7a1efe944e79eebf22efb0b2cbc51fda901513fd9dccfbfcd12528636fb9a8b0,3f199757e9b3c9f8f6532dceb990e63d2e10ea979b3b319d08e99af6f133a209,9fc33f0ff77fce102752f5567c78674f4945287cd93030a62c9c050a42ddb154,c91dd95692133eb38ad7d7fd64ab4d497c191b3db0d5c7cb6a3f8770c9405daa,79ee1a65e4682794d03517d9006e625731c1327688e505ff254d8b3b808891af,0.0747703703703703
exp1_alignment_transfer:full:2026-08-17T06:28:21.157011+00:00,paper,True,primary,exp1_alignment_transfer,primary_t5000_k10,17,systematic_misbinding,23199c4827c06f76d1d9a7a4fc39e56e21eb26b8,1738aa639b37c24c9a687969970adb435313e91ca717b336ca50525dd7d4e928,3ebb8ce93cecd9d76ef6358493113e3d186b46dc569038f73332c9cc58c495a3,3ebb8ce93cecd9d76ef6358493113e3d186b46dc569038f73332c9cc58c495a3,2026-08-17T06:28:21.157011+00:00,learner_consequence,contextual_delayed_exp3,source_round,5000,533.8888888888888,0.1067777777777777,441.4691358024691,0.0882938271604938,4985,15,8dae430f683a9aca947350abfe945255eef5546ca80e46f2b8d6c634d08360d1,3f199757e9b3c9f8f6532dceb990e63d2e10ea979b3b319d08e99af6f133a209,9fc33f0ff77fce102752f5567c78674f4945287cd93030a62c9c050a42ddb154,c91dd95692133eb38ad7d7fd64ab4d497c191b3db0d5c7cb6a3f8770c9405daa,79ee1a65e4682794d03517d9006e625731c1327688e505ff254d8b3b808891af,0.0747703703703703
exp1_alignment_transfer:full:2026-08-17T06:28:21.157011+00:00,paper,True,primary,exp1_alignment_transfer,primary_t5000_k10,18,zero_delay,23199c4827c06f76d1d9a7a4fc39e56e21eb26b8,1738aa639b37c24c9a687969970adb435313e91ca717b336ca50525dd7d4e928,3ebb8ce93cecd9d76ef6358493113e3d186b46dc569038f73332c9cc58c495a3,3ebb8ce93cecd9d76ef6358493113e3d186b46dc569038f73332c9cc58c495a3,2026-08-17T06:28:21.157011+00:00,learner_consequence,contextual_delayed_exp3,arrival_clock,5000,555.4074488297678,0.1110814897659535,481.5817253085695,0.0963163450617139,5000,0,8a2c9058f7001eb400a8b220a7cf5381e2c72b1b65b1b6f9fb2006e4f789a78e,67bfea69218a9c63f814a9eded0366581ee940bf053b31c9663e32949f13dd2c,dc02427bf4ebb5548a749b6237b50101a26d954b588a81ae9473485f73b78361,2bb10991c27b95e11ba9f73b99d1d47ff9519cb8068d09c01f11934a09bd4b13,ee91517b00c41fe813386e2d702bc84bc288a91f96783bc9f736f3661a721b98,0.0
exp1_alignment_transfer:full:2026-08-17T06:28:21.157011+00:00,paper,True,primary,exp1_alignment_transfer,primary_t5000_k10,18,zero_delay,23199c4827c06f76d1d9a7a4fc39e56e21eb26b8,1738aa639b37c24c9a687969970adb435313e91ca717b336ca50525dd7d4e928,3ebb8ce93cecd9d76ef6358493113e3d186b46dc569038f73332c9cc58c495a3,3ebb8ce93cecd9d76ef6358493113e3d186b46dc569038f73332c9cc58c495a3,2026-08-17T06:28:21.157011+00:00,learner_consequence,contextual_delayed_exp3,source_round,5000,555.4074488297678,0.1110814897659535,481.5817253085695,0.0963163450617139,5000,0,8a2c9058f7001eb400a8b220a7cf5381e2c72b1b65b1b6f9fb2006e4f789a78e,67bfea69218a9c63f814a9eded0366581ee940bf053b31c9663e32949f13dd2c,dc02427bf4ebb5548a749b6237b50101a26d954b588a81ae9473485f73b78361,2bb10991c27b95e11ba9f73b99d1d47ff9519cb8068d09c01f11934a09bd4b13,ee91517b00c41fe813386e2d702bc84bc288a91f96783bc9f736f3661a721b98,0.0
exp1_alignment_transfer:full:2026-08-17T06:28:21.157011+00:00,paper,True,primary,exp1_alignment_transfer,primary_t5000_k10,18,exact_valid_shift,23199c4827c06f76d1d9a7a4fc39e56e21eb26b8,1738aa639b37c24c9a687969970adb435313e91ca717b336ca50525dd7d4e928,3ebb8ce93cecd9d76ef6358493113e3d186b46dc569038f73332c9cc58c495a3,3ebb8ce93cecd9d76ef6358493113e3d186b46dc569038f73332c9cc58c495a3,2026-08-17T06:28:21.157011+00:00,learner_consequence,contextual_delayed_exp3,arrival_clock,5000,990.816,0.1981632,494.832,0.0989664,4985,15,c902040a924d61537d4a68d01761c45a36474d8605cfa9cc7349aecf1eb90946,432c682e4552cec8b001028e985cfb4ebdf92c7bd79e478ba21ebf56b5c7ebda,cf4075ae3adc21fe8c0f6232838f4ff1e493759d8b63652c426af7529ffb2b66,2bb10991c27b95e11ba9f73b99d1d47ff9519cb8068d09c01f11934a09bd4b13,274da108d31e39531ed4d4b70ae6952792db3aaa1c4478d136614bba2667044e,0.067848
exp1_alignment_transfer:full:2026-08-17T06:28:21.157011+00:00,paper,True,primary,exp1_alignment_transfer,primary_t5000_k10,18,exact_valid_shift,23199c4827c06f76d1d9a7a4fc39e56e21eb26b8,1738aa639b37c24c9a687969970adb435313e91ca717b336ca50525dd7d4e928,3ebb8ce93cecd9d76ef6358493113e3d186b46dc569038f73332c9cc58c495a3,3ebb8ce93cecd9d76ef6358493113e3d186b46dc569038f73332c9cc58c495a3,2026-08-17T06:28:21.157011+00:00,learner_consequence,contextual_delayed_exp3,source_round,5000,651.576,0.1303152,155.592,0.0311184,4985,15,89fa840d6350ae95df65e4ead9ca0f9d21d6b7615e280c067eac84484edd7d82,432c682e4552cec8b001028e985cfb4ebdf92c7bd79e478ba21ebf56b5c7ebda,cf4075ae3adc21fe8c0f6232838f4ff1e493759d8b63652c426af7529ffb2b66,2bb10991c27b95e11ba9f73b99d1d47ff9519cb8068d09c01f11934a09bd4b13,274da108d31e39531ed4d4b70ae6952792db3aaa1c4478d136614bba2667044e,0.067848
exp1_alignment_transfer:full:2026-08-17T06:28:21.157011+00:00,paper,True,primary,exp1_alignment_transfer,primary_t5000_k10,18,geometric_delay,23199c4827c06f76d1d9a7a4fc39e56e21eb26b8,1738aa639b37c24c9a687969970adb435313e91ca717b336ca50525dd7d4e928,3ebb8ce93cecd9d76ef6358493113e3d186b46dc569038f73332c9cc58c495a3,3ebb8ce93cecd9d76ef6358493113e3d186b46dc569038f73332c9cc58c495a3,2026-08-17T06:28:21.157011+00:00,learner_consequence,contextual_delayed_exp3,arrival_clock,5000,783.8489528445582,0.1567697905689116,710.02322932336,0.142004645864672,4985,15,e8117d18f21ea306a2b9ab7d03220de2e716064023e1966534ffd2f1cd89bfcb,67bfea69218a9c63f814a9eded0366581ee940bf053b31c9663e32949f13dd2c,cf4075ae3adc21fe8c0f6232838f4ff1e493759d8b63652c426af7529ffb2b66,2bb10991c27b95e11ba9f73b99d1d47ff9519cb8068d09c01f11934a09bd4b13,1defeb5d77740dded4f0199325175f28956b3abc540661e48d4808286fe3fc18,0.0452104928103597
exp1_alignment_transfer:full:2026-08-17T06:28:21.157011+00:00,paper,True,primary,exp1_alignment_transfer,primary_t5000_k10,18,geometric_delay,23199c4827c06f76d1d9a7a4fc39e56e21eb26b8,1738aa639b37c24c9a687969970adb435313e91ca717b336ca50525dd7d4e928,3ebb8ce93cecd9d76ef6358493113e3d186b46dc569038f73332c9cc58c495a3,3ebb8ce93cecd9d76ef6358493113e3d186b46dc569038f73332c9cc58c495a3,2026-08-17T06:28:21.157011+00:00,learner_consequence,contextual_delayed_exp3,source_round,5000,557.7964887927594,0.1115592977585518,483.9707652715613,0.0967941530543122,4985,15,ec32e746119ed249eaf321152f651adbf8b3d3fcc83dcfd75357477f9c74ca4f,67bfea69218a9c63f814a9eded0366581ee940bf053b31c9663e32949f13dd2c,cf4075ae3adc21fe8c0f6232838f4ff1e493759d8b63652c426af7529ffb2b66,2bb10991c27b95e11ba9f73b99d1d47ff9519cb8068d09c01f11934a09bd4b13,1defeb5d77740dded4f0199325175f28956b3abc540661e48d4808286fe3fc18,0.0452104928103597
exp1_alignment_transfer:full:2026-08-17T06:28:21.157011+00:00,paper,True,primary,exp1_alignment_transfer,primary_t5000_k10,18,mixture_delay,23199c4827c06f76d1d9a7a4fc39e56e21eb26b8,1738aa639b37c24c9a687969970adb435313e91ca717b336ca50525dd7d4e928,3ebb8ce93cecd9d76ef6358493113e3d186b46dc569038f73332c9cc58c495a3,3ebb8ce93cecd9d76ef6358493113e3d186b46dc569038f73332c9cc58c495a3,2026-08-17T06:28:21.157011+00:00,learner_consequence,contextual_delayed_exp3,arrival_clock,5000,747.5041619838948,0.1495008323967789,673.6784384626967,0.1347356876925393,4985,15,3f179a8f31d84050c69e30d3f4e785f1a3795e67092668482e807e404b38fab9,67bfea69218a9c63f814a9eded0366581ee940bf053b31c9663e32949f13dd2c,5392b74e5d552194ea55de74522c27c4f6697461aa9c4d38adcd7f80cc1ce426,2bb10991c27b95e11ba9f73b99d1d47ff9519cb8068d09c01f11934a09bd4b13,e9b7a6a0407d7af0f13082c48f4ef9048bb7f80521fbd7483179e0336638443d,0.0378785070944408
exp1_alignment_transfer:full:2026-08-17T06:28:21.157011+00:00,paper,True,primary,exp1_alignment_transfer,primary_t5000_k10,18,mixture_delay,23199c4827c06f76d1d9a7a4fc39e56e21eb26b8,1738aa639b37c24c9a687969970adb435313e91ca717b336ca50525dd7d4e928,3ebb8ce93cecd9d76ef6358493113e3d186b46dc569038f73332c9cc58c495a3,3ebb8ce93cecd9d76ef6358493113e3d186b46dc569038f73332c9cc58c495a3,2026-08-17T06:28:21.157011+00:00,learner_consequence,contextual_delayed_exp3,source_round,5000,558.1116265116905,0.1116223253023381,484.2859029904922,0.0968571805980984,4985,15,ae2bc60a8578cc407cacbba5b2da9ef09eb3a4d967ecae837cf0c7ebe9355299,67bfea69218a9c63f814a9eded0366581ee940bf053b31c9663e32949f13dd2c,5392b74e5d552194ea55de74522c27c4f6697461aa9c4d38adcd7f80cc1ce426,2bb10991c27b95e11ba9f73b99d1d47ff9519cb8068d09c01f11934a09bd4b13,e9b7a6a0407d7af0f13082c48f4ef9048bb7f80521fbd7483179e0336638443d,0.0378785070944408
exp1_alignment_transfer:full:2026-08-17T06:28:21.157011+00:00,paper,True,primary,exp1_alignment_transfer,primary_t5000_k10,18,state_coupled_delay,23199c4827c06f76d1d9a7a4fc39e56e21eb26b8,1738aa639b37c24c9a687969970adb435313e91ca717b336ca50525dd7d4e928,3ebb8ce93cecd9d76ef6358493113e3d186b46dc569038f73332c9cc58c495a3,3ebb8ce93cecd9d76ef6358493113e3d186b46dc569038f73332c9cc58c495a3,2026-08-17T06:28:21.157011+00:00,learner_consequence,contextual_delayed_exp3,arrival_clock,5000,763.0953462075622,0.1526190692415124,689.2696226863638,0.1378539245372727,4990,10,4d510683a06cd5b8dc5a218cdd611632d0646fa12fee62d66abc9254025392a3,67bfea69218a9c63f814a9eded0366581ee940bf053b31c9663e32949f13dd2c,2d6e49c224b27c8fbd7e92ac46003d062254dc001adf2cd814deba07e4120ec2,2bb10991c27b95e11ba9f73b99d1d47ff9519cb8068d09c01f11934a09bd4b13,90e7d35c7592170e8f7bb7dc1a7887d7e0c803242267ccee8ad62e8f482f9cc8,0.041263873082691
exp1_alignment_transfer:full:2026-08-17T06:28:21.157011+00:00,paper,True,primary,exp1_alignment_transfer,primary_t5000_k10,18,state_coupled_delay,23199c4827c06f76d1d9a7a4fc39e56e21eb26b8,1738aa639b37c24c9a687969970adb435313e91ca717b336ca50525dd7d4e928,3ebb8ce93cecd9d76ef6358493113e3d186b46dc569038f73332c9cc58c495a3,3ebb8ce93cecd9d76ef6358493113e3d186b46dc569038f73332c9cc58c495a3,2026-08-17T06:28:21.157011+00:00,learner_consequence,contextual_delayed_exp3,source_round,5000,556.775980794107,0.1113551961588214,482.95025727290886,0.0965900514545817,4990,10,7960b3099f41acebd47baf4bf92a85b034d20d8946af4a66084b9b40fce28c75,67bfea69218a9c63f814a9eded0366581ee940bf053b31c9663e32949f13dd2c,2d6e49c224b27c8fbd7e92ac46003d062254dc001adf2cd814deba07e4120ec2,2bb10991c27b95e11ba9f73b99d1d47ff9519cb8068d09c01f11934a09bd4b13,90e7d35c7592170e8f7bb7dc1a7887d7e0c803242267ccee8ad62e8f482f9cc8,0.041263873082691
exp1_alignment_transfer:full:2026-08-17T06:28:21.157011+00:00,paper,True,primary,exp1_alignment_transfer,primary_t5000_k10,18,systematic_misbinding,23199c4827c06f76d1d9a7a4fc39e56e21eb26b8,1738aa639b37c24c9a687969970adb435313e91ca717b336ca50525dd7d4e928,3ebb8ce93cecd9d76ef6358493113e3d186b46dc569038f73332c9cc58c495a3,3ebb8ce93cecd9d76ef6358493113e3d186b46dc569038f73332c9cc58c495a3,2026-08-17T06:28:21.157011+00:00,learner_consequence,contextual_delayed_exp3,arrival_clock,5000,899.4320987654319,0.1798864197530863,809.2716049382715,0.1618543209876543,4985,15,67b56d57cfedc827003e8d98f0062e7e3e6b6ec8ef203093277ebeda8efd6956,fa10469c6b633c304d1ba62425de3ea1024c07785db9d0995104ca81e01fff5f,9e4b81f8cf2fde8c352e00c8914fd83fe49d3c8f29df77aa51370d953b140721,2bb10991c27b95e11ba9f73b99d1d47ff9519cb8068d09c01f11934a09bd4b13,de7c8a04670294248671b6fcd3099ee1b436fde8c4e4ee6f1c9d0c594fa50a0d,0.0737802469135802
exp1_alignment_transfer:full:2026-08-17T06:28:21.157011+00:00,paper,True,primary,exp1_alignment_transfer,primary_t5000_k10,18,systematic_misbinding,23199c4827c06f76d1d9a7a4fc39e56e21eb26b8,1738aa639b37c24c9a687969970adb435313e91ca717b336ca50525dd7d4e928,3ebb8ce93cecd9d76ef6358493113e3d186b46dc569038f73332c9cc58c495a3,3ebb8ce93cecd9d76ef6358493113e3d186b46dc569038f73332c9cc58c495a3,2026-08-17T06:28:21.157011+00:00,learner_consequence,contextual_delayed_exp3,source_round,5000,530.5308641975307,0.1061061728395061,440.3703703703703,0.088074074074074,4985,15,34d794864d76b0ccea0ab0620f3a800fcc77a7a95ca05bfc3a2e4f4f0702f6eb,fa10469c6b633c304d1ba62425de3ea1024c07785db9d0995104ca81e01fff5f,9e4b81f8cf2fde8c352e00c8914fd83fe49d3c8f29df77aa51370d953b140721,2bb10991c27b95e11ba9f73b99d1d47ff9519cb8068d09c01f11934a09bd4b13,de7c8a04670294248671b6fcd3099ee1b436fde8c4e4ee6f1c9d0c594fa50a0d,0.0737802469135802
exp1_alignment_transfer:full:2026-08-17T06:28:21.157011+00:00,paper,True,primary,exp1_alignment_transfer,primary_t5000_k10,19,zero_delay,23199c4827c06f76d1d9a7a4fc39e56e21eb26b8,1738aa639b37c24c9a687969970adb435313e91ca717b336ca50525dd7d4e928,3ebb8ce93cecd9d76ef6358493113e3d186b46dc569038f73332c9cc58c495a3,3ebb8ce93cecd9d76ef6358493113e3d186b46dc569038f73332c9cc58c495a3,2026-08-17T06:28:21.157011+00:00,learner_consequence,contextual_delayed_exp3,arrival_clock,5000,569.4813320727824,0.1138962664145564,496.0176584123135,0.0992035316824627,5000,0,a2cd7fbbc618054fa2bcc8018f9138ac97634d43f73aecb538afc715db95ea25,e57be6bd0c06ea894d638322f9fc7101a5da7437490d4def64b956f32b8b28ac,87531a6b6838f01ab751fb8412eb080435482587625a9c3208dc79efe9750f07,0e975229880c6db1024084b11db6943af002aad6f9ba26ed7e3ba3c6000bda12,aef2f3cd8fca729fd5f67152730c636316ae01174f9dd24843b5dbed14c38f08,0.0
exp1_alignment_transfer:full:2026-08-17T06:28:21.157011+00:00,paper,True,primary,exp1_alignment_transfer,primary_t5000_k10,19,zero_delay,23199c4827c06f76d1d9a7a4fc39e56e21eb26b8,1738aa639b37c24c9a687969970adb435313e91ca717b336ca50525dd7d4e928,3ebb8ce93cecd9d76ef6358493113e3d186b46dc569038f73332c9cc58c495a3,3ebb8ce93cecd9d76ef6358493113e3d186b46dc569038f73332c9cc58c495a3,2026-08-17T06:28:21.157011+00:00,learner_consequence,contextual_delayed_exp3,source_round,5000,569.4813320727824,0.1138962664145564,496.0176584123135,0.0992035316824627,5000,0,a2cd7fbbc618054fa2bcc8018f9138ac97634d43f73aecb538afc715db95ea25,e57be6bd0c06ea894d638322f9fc7101a5da7437490d4def64b956f32b8b28ac,87531a6b6838f01ab751fb8412eb080435482587625a9c3208dc79efe9750f07,0e975229880c6db1024084b11db6943af002aad6f9ba26ed7e3ba3c6000bda12,aef2f3cd8fca729fd5f67152730c636316ae01174f9dd24843b5dbed14c38f08,0.0
exp1_alignment_transfer:full:2026-08-17T06:28:21.157011+00:00,paper,True,primary,exp1_alignment_transfer,primary_t5000_k10,19,exact_valid_shift,23199c4827c06f76d1d9a7a4fc39e56e21eb26b8,1738aa639b37c24c9a687969970adb435313e91ca717b336ca50525dd7d4e928,3ebb8ce93cecd9d76ef6358493113e3d186b46dc569038f73332c9cc58c495a3,3ebb8ce93cecd9d76ef6358493113e3d186b46dc569038f73332c9cc58c495a3,2026-08-17T06:28:21.157011+00:00,learner_consequence,contextual_delayed_exp3,arrival_clock,5000,991.752,0.1983503999999999,410.256,0.0820511999999999,4985,15,ef018bebb0b6d0854f57d4353fcbe742085fc1e8f1a36d9f8f1290fa06779c68,6f0186ccafbc6be41d3790a29d8eb15d411cc25a8a39b8fe58a9bc1ce3a709cc,cfe9a7e03a043f1b0f81cc397cb566212d5f4e594b047f0dd739e1dc6cfda118,0e975229880c6db1024084b11db6943af002aad6f9ba26ed7e3ba3c6000bda12,9be2b473ae1d48a896766434c8b0601a4e16528f7de5523d48d52415d1456d75,0.0664991999999999
exp1_alignment_transfer:full:2026-08-17T06:28:21.157011+00:00,paper,True,primary,exp1_alignment_transfer,primary_t5000_k10,19,exact_valid_shift,23199c4827c06f76d1d9a7a4fc39e56e21eb26b8,1738aa639b37c24c9a687969970adb435313e91ca717b336ca50525dd7d4e928,3ebb8ce93cecd9d76ef6358493113e3d186b46dc569038f73332c9cc58c495a3,3ebb8ce93cecd9d76ef6358493113e3d186b46dc569038f73332c9cc58c495a3,2026-08-17T06:28:21.157011+00:00,learner_consequence,contextual_delayed_exp3,source_round,5000,659.256,0.1318512,77.75999999999999,0.0155519999999999,4985,15,b19ba76cb6a39b444668ab5c38a1321488551fe9bb239e61e9c34ebe4b5f6bf9,6f0186ccafbc6be41d3790a29d8eb15d411cc25a8a39b8fe58a9bc1ce3a709cc,cfe9a7e03a043f1b0f81cc397cb566212d5f4e594b047f0dd739e1dc6cfda118,0e975229880c6db1024084b11db6943af002aad6f9ba26ed7e3ba3c6000bda12,9be2b473ae1d48a896766434c8b0601a4e16528f7de5523d48d52415d1456d75,0.0664991999999999
exp1_alignment_transfer:full:2026-08-17T06:28:21.157011+00:00,paper,True,primary,exp1_alignment_transfer,primary_t5000_k10,19,geometric_delay,23199c4827c06f76d1d9a7a4fc39e56e21eb26b8,1738aa639b37c24c9a687969970adb435313e91ca717b336ca50525dd7d4e928,3ebb8ce93cecd9d76ef6358493113e3d186b46dc569038f73332c9cc58c495a3,3ebb8ce93cecd9d76ef6358493113e3d186b46dc569038f73332c9cc58c495a3,2026-08-17T06:28:21.157011+00:00,learner_consequence,contextual_delayed_exp3,arrival_clock,5000,794.9008106857619,0.1589801621371523,721.4371370252929,0.1442874274050586,4985,15,0f7a7541639314dd1e54d064a04d9c8d59b18dd691e0a813b3e75b9cd638b88c,e57be6bd0c06ea894d638322f9fc7101a5da7437490d4def64b956f32b8b28ac,cfe9a7e03a043f1b0f81cc397cb566212d5f4e594b047f0dd739e1dc6cfda118,0e975229880c6db1024084b11db6943af002aad6f9ba26ed7e3ba3c6000bda12,0a15a92c26229f92f4e2fe875061bb7339d509157dc9313c8b7bdd231b7842e3,0.0446120991359908
exp1_alignment_transfer:full:2026-08-17T06:28:21.157011+00:00,paper,True,primary,exp1_alignment_transfer,primary_t5000_k10,19,geometric_delay,23199c4827c06f76d1d9a7a4fc39e56e21eb26b8,1738aa639b37c24c9a687969970adb435313e91ca717b336ca50525dd7d4e928,3ebb8ce93cecd9d76ef6358493113e3d186b46dc569038f73332c9cc58c495a3,3ebb8ce93cecd9d76ef6358493113e3d186b46dc569038f73332c9cc58c495a3,2026-08-17T06:28:21.157011+00:00,learner_consequence,contextual_delayed_exp3,source_round,5000,571.8403150058077,0.1143680630011615,498.3766413453387,0.0996753282690677,4985,15,42defaea275fa7fda3cfca4f721a46b4064a808b0de902703592f97f46f2e773,e57be6bd0c06ea894d638322f9fc7101a5da7437490d4def64b956f32b8b28ac,cfe9a7e03a043f1b0f81cc397cb566212d5f4e594b047f0dd739e1dc6cfda118,0e975229880c6db1024084b11db6943af002aad6f9ba26ed7e3ba3c6000bda12,0a15a92c26229f92f4e2fe875061bb7339d509157dc9313c8b7bdd231b7842e3,0.0446120991359908
exp1_alignment_transfer:full:2026-08-17T06:28:21.157011+00:00,paper,True,primary,exp1_alignment_transfer,primary_t5000_k10,19,mixture_delay,23199c4827c06f76d1d9a7a4fc39e56e21eb26b8,1738aa639b37c24c9a687969970adb435313e91ca717b336ca50525dd7d4e928,3ebb8ce93cecd9d76ef6358493113e3d186b46dc569038f73332c9cc58c495a3,3ebb8ce93cecd9d76ef6358493113e3d186b46dc569038f73332c9cc58c495a3,2026-08-17T06:28:21.157011+00:00,learner_consequence,contextual_delayed_exp3,arrival_clock,5000,787.5487884826016,0.1575097576965203,714.0851148221327,0.1428170229644265,4986,14,9e44d9bd9fb55a9d597ab6d55da5eda5cca3d6fcbd4ffec1c99e06e9c654c617,e57be6bd0c06ea894d638322f9fc7101a5da7437490d4def64b956f32b8b28ac,15143f8a26124edc88e2d567766bbab0cfaaca3bad87efaf5f37710217f0b770,0e975229880c6db1024084b11db6943af002aad6f9ba26ed7e3ba3c6000bda12,1ff702ca3a83aebeef28945c306bc57588c560d902a2558b857f5bd0964ff6cb,0.0431225135314113
exp1_alignment_transfer:full:2026-08-17T06:28:21.157011+00:00,paper,True,primary,exp1_alignment_transfer,primary_t5000_k10,19,mixture_delay,23199c4827c06f76d1d9a7a4fc39e56e21eb26b8,1738aa639b37c24c9a687969970adb435313e91ca717b336ca50525dd7d4e928,3ebb8ce93cecd9d76ef6358493113e3d186b46dc569038f73332c9cc58c495a3,3ebb8ce93cecd9d76ef6358493113e3d186b46dc569038f73332c9cc58c495a3,2026-08-17T06:28:21.157011+00:00,learner_consequence,contextual_delayed_exp3,source_round,5000,571.9362208255446,0.1143872441651089,498.4725471650757,0.0996945094330151,4986,14,c96dd48ed9f9eee33e7115a7bd89fb681e7abdb38388bcf8b5f4a03cfb6c012d,e57be6bd0c06ea894d638322f9fc7101a5da7437490d4def64b956f32b8b28ac,15143f8a26124edc88e2d567766bbab0cfaaca3bad87efaf5f37710217f0b770,0e975229880c6db1024084b11db6943af002aad6f9ba26ed7e3ba3c6000bda12,1ff702ca3a83aebeef28945c306bc57588c560d902a2558b857f5bd0964ff6cb,0.0431225135314113
exp1_alignment_transfer:full:2026-08-17T06:28:21.157011+00:00,paper,True,primary,exp1_alignment_transfer,primary_t5000_k10,19,state_coupled_delay,23199c4827c06f76d1d9a7a4fc39e56e21eb26b8,1738aa639b37c24c9a687969970adb435313e91ca717b336ca50525dd7d4e928,3ebb8ce93cecd9d76ef6358493113e3d186b46dc569038f73332c9cc58c495a3,3ebb8ce93cecd9d76ef6358493113e3d186b46dc569038f73332c9cc58c495a3,2026-08-17T06:28:21.157011+00:00,learner_consequence,contextual_delayed_exp3,arrival_clock,5000,803.29965339441,0.160659930678882,729.835979733941,0.1459671959467882,4987,13,7edca5164ff18a9168735c9a81aa8dd4a96a3495e477334f293355bf46600f95,e57be6bd0c06ea894d638322f9fc7101a5da7437490d4def64b956f32b8b28ac,2feaac4c00c988aed2f1f6dbaf2ab7e56b3c527829d1bf993ae63a7f18a9e1fb,0e975229880c6db1024084b11db6943af002aad6f9ba26ed7e3ba3c6000bda12,793876dba1c2d9c70f64622f9d30583ad733f78678e79eda71ba4a9e3ab42e44,0.0461799807914306
exp1_alignment_transfer:full:2026-08-17T06:28:21.157011+00:00,paper,True,primary,exp1_alignment_transfer,primary_t5000_k10,19,state_coupled_delay,23199c4827c06f76d1d9a7a4fc39e56e21eb26b8,1738aa639b37c24c9a687969970adb435313e91ca717b336ca50525dd7d4e928,3ebb8ce93cecd9d76ef6358493113e3d186b46dc569038f73332c9cc58c495a3,3ebb8ce93cecd9d76ef6358493113e3d186b46dc569038f73332c9cc58c495a3,2026-08-17T06:28:21.157011+00:00,learner_consequence,contextual_delayed_exp3,source_round,5000,572.3997494372569,0.1144799498874513,498.936075776788,0.0997872151553575,4987,13,4869b9b85b1137d8aea4ee40d7d9ff52ac40ce5f6720969786497416cf6f9840,e57be6bd0c06ea894d638322f9fc7101a5da7437490d4def64b956f32b8b28ac,2feaac4c00c988aed2f1f6dbaf2ab7e56b3c527829d1bf993ae63a7f18a9e1fb,0e975229880c6db1024084b11db6943af002aad6f9ba26ed7e3ba3c6000bda12,793876dba1c2d9c70f64622f9d30583ad733f78678e79eda71ba4a9e3ab42e44,0.0461799807914306
exp1_alignment_transfer:full:2026-08-17T06:28:21.157011+00:00,paper,True,primary,exp1_alignment_transfer,primary_t5000_k10,19,systematic_misbinding,23199c4827c06f76d1d9a7a4fc39e56e21eb26b8,1738aa639b37c24c9a687969970adb435313e91ca717b336ca50525dd7d4e928,3ebb8ce93cecd9d76ef6358493113e3d186b46dc569038f73332c9cc58c495a3,3ebb8ce93cecd9d76ef6358493113e3d186b46dc569038f73332c9cc58c495a3,2026-08-17T06:28:21.157011+00:00,learner_consequence,contextual_delayed_exp3,arrival_clock,5000,901.679012345679,0.1803358024691358,808.7654320987654,0.161753086419753,4985,15,ab043d05835db0d629c2819358caaf24d53e12c465d185faaf01382672f2e3af,3525884854f8d8b544c5a59272cd2238451d30a19dc89d2077ec74a5a1841d0e,525a6d6f36f260dcebb7cec0077b9dfdfbba6c44496e5107292d9db96d021c5a,0e975229880c6db1024084b11db6943af002aad6f9ba26ed7e3ba3c6000bda12,835684d8c935ca5ff7b50be622def3aa87070a00f657d08ef7eaa875d3a78508,0.0730666666666666
exp1_alignment_transfer:full:2026-08-17T06:28:21.157011+00:00,paper,True,primary,exp1_alignment_transfer,primary_t5000_k10,19,systematic_misbinding,23199c4827c06f76d1d9a7a4fc39e56e21eb26b8,1738aa639b37c24c9a687969970adb435313e91ca717b336ca50525dd7d4e928,3ebb8ce93cecd9d76ef6358493113e3d186b46dc569038f73332c9cc58c495a3,3ebb8ce93cecd9d76ef6358493113e3d186b46dc569038f73332c9cc58c495a3,2026-08-17T06:28:21.157011+00:00,learner_consequence,contextual_delayed_exp3,source_round,5000,536.3456790123456,0.1072691358024691,443.432098765432,0.0886864197530864,4985,15,485c567cc8ff9a209704c20752266ff90a2baf7b0ea7e8deeeb433d01d08a5e9,3525884854f8d8b544c5a59272cd2238451d30a19dc89d2077ec74a5a1841d0e,525a6d6f36f260dcebb7cec0077b9dfdfbba6c44496e5107292d9db96d021c5a,0e975229880c6db1024084b11db6943af002aad6f9ba26ed7e3ba3c6000bda12,835684d8c935ca5ff7b50be622def3aa87070a00f657d08ef7eaa875d3a78508,0.0730666666666666
exp1_alignment_transfer:full:2026-08-17T06:28:21.157011+00:00,paper,True,primary,exp1_alignment_transfer,primary_t5000_k10,20,zero_delay,23199c4827c06f76d1d9a7a4fc39e56e21eb26b8,1738aa639b37c24c9a687969970adb435313e91ca717b336ca50525dd7d4e928,3ebb8ce93cecd9d76ef6358493113e3d186b46dc569038f73332c9cc58c495a3,3ebb8ce93cecd9d76ef6358493113e3d186b46dc569038f73332c9cc58c495a3,2026-08-17T06:28:21.157011+00:00,learner_consequence,contextual_delayed_exp3,arrival_clock,5000,568.3245749352194,0.1136649149870438,494.8052860949064,0.0989610572189812,5000,0,342fd05f9cd738365664d850026aef8f96ad0cabe7ab5ce06c8227b9ca14e93b,1b55d7740c7f78c666e319546d60ba4b6f3a058ab28d202dbf39149cda8ea481,fcbd18ba590cd6791f85fbb79f41a31cb96c3e3d5542c756851973e4b8eeaf7c,b3c76fb1c66d62face9b9f0b0dfe9a7a131c54fce653452a499aa4f907f923e4,43f2789e750dd70aff2a1fcd3db01cc4e2282394039bf82b0d506734916c5382,0.0
exp1_alignment_transfer:full:2026-08-17T06:28:21.157011+00:00,paper,True,primary,exp1_alignment_transfer,primary_t5000_k10,20,zero_delay,23199c4827c06f76d1d9a7a4fc39e56e21eb26b8,1738aa639b37c24c9a687969970adb435313e91ca717b336ca50525dd7d4e928,3ebb8ce93cecd9d76ef6358493113e3d186b46dc569038f73332c9cc58c495a3,3ebb8ce93cecd9d76ef6358493113e3d186b46dc569038f73332c9cc58c495a3,2026-08-17T06:28:21.157011+00:00,learner_consequence,contextual_delayed_exp3,source_round,5000,568.3245749352194,0.1136649149870438,494.8052860949064,0.0989610572189812,5000,0,342fd05f9cd738365664d850026aef8f96ad0cabe7ab5ce06c8227b9ca14e93b,1b55d7740c7f78c666e319546d60ba4b6f3a058ab28d202dbf39149cda8ea481,fcbd18ba590cd6791f85fbb79f41a31cb96c3e3d5542c756851973e4b8eeaf7c,b3c76fb1c66d62face9b9f0b0dfe9a7a131c54fce653452a499aa4f907f923e4,43f2789e750dd70aff2a1fcd3db01cc4e2282394039bf82b0d506734916c5382,0.0
exp1_alignment_transfer:full:2026-08-17T06:28:21.157011+00:00,paper,True,primary,exp1_alignment_transfer,primary_t5000_k10,20,exact_valid_shift,23199c4827c06f76d1d9a7a4fc39e56e21eb26b8,1738aa639b37c24c9a687969970adb435313e91ca717b336ca50525dd7d4e928,3ebb8ce93cecd9d76ef6358493113e3d186b46dc569038f73332c9cc58c495a3,3ebb8ce93cecd9d76ef6358493113e3d186b46dc569038f73332c9cc58c495a3,2026-08-17T06:28:21.157011+00:00,learner_consequence,contextual_delayed_exp3,arrival_clock,5000,1003.992,0.2007984,476.736,0.0953472,4983,17,cc4cc576dabbf21f89cb3940b8ade10322ec6328d993a6f5111ccf5c66b98fd0,a38ef0e63b69ae2ec4c699f22d29ec7fd2b9838eb956aa7f09d750fcc5f7206e,5e666b745d30a41690e21adce1afc2aa5a01c1dbc357cdfaa505c235931e1770,b3c76fb1c66d62face9b9f0b0dfe9a7a131c54fce653452a499aa4f907f923e4,ee4f7c797f81d88588a8609ebd2542742157a43594c7ea41eff94741b9f95809,0.0709391999999999
exp1_alignment_transfer:full:2026-08-17T06:28:21.157011+00:00,paper,True,primary,exp1_alignment_transfer,primary_t5000_k10,20,exact_valid_shift,23199c4827c06f76d1d9a7a4fc39e56e21eb26b8,1738aa639b37c24c9a687969970adb435313e91ca717b336ca50525dd7d4e928,3ebb8ce93cecd9d76ef6358493113e3d186b46dc569038f73332c9cc58c495a3,3ebb8ce93cecd9d76ef6358493113e3d186b46dc569038f73332c9cc58c495a3,2026-08-17T06:28:21.157011+00:00,learner_consequence,contextual_delayed_exp3,source_round,5000,649.296,0.1298592,122.04000000000002,0.024408,4983,17,d1b8016103c200cc148765e7256a45501a1a4d1106b360514daa2e079d20869e,a38ef0e63b69ae2ec4c699f22d29ec7fd2b9838eb956aa7f09d750fcc5f7206e,5e666b745d30a41690e21adce1afc2aa5a01c1dbc357cdfaa505c235931e1770,b3c76fb1c66d62face9b9f0b0dfe9a7a131c54fce653452a499aa4f907f923e4,ee4f7c797f81d88588a8609ebd2542742157a43594c7ea41eff94741b9f95809,0.0709391999999999
exp1_alignment_transfer:full:2026-08-17T06:28:21.157011+00:00,paper,True,primary,exp1_alignment_transfer,primary_t5000_k10,20,geometric_delay,23199c4827c06f76d1d9a7a4fc39e56e21eb26b8,1738aa639b37c24c9a687969970adb435313e91ca717b336ca50525dd7d4e928,3ebb8ce93cecd9d76ef6358493113e3d186b46dc569038f73332c9cc58c495a3,3ebb8ce93cecd9d76ef6358493113e3d186b46dc569038f73332c9cc58c495a3,2026-08-17T06:28:21.157011+00:00,learner_consequence,contextual_delayed_exp3,arrival_clock,5000,866.1947432688768,0.1732389486537753,792.6754544285637,0.1585350908857127,4983,17,923726eed3965d2c69cf91ce9ebe7d534387f9fed69d0c144366fefa8f4f4d22,1b55d7740c7f78c666e319546d60ba4b6f3a058ab28d202dbf39149cda8ea481,5e666b745d30a41690e21adce1afc2aa5a01c1dbc357cdfaa505c235931e1770,b3c76fb1c66d62face9b9f0b0dfe9a7a131c54fce653452a499aa4f907f923e4,da6a844e7aac942cfb2ada85c2356216845391e497dba5d86ab865bce38e5c8a,0.0585472888152473
exp1_alignment_transfer:full:2026-08-17T06:28:21.157011+00:00,paper,True,primary,exp1_alignment_transfer,primary_t5000_k10,20,geometric_delay,23199c4827c06f76d1d9a7a4fc39e56e21eb26b8,1738aa639b37c24c9a687969970adb435313e91ca717b336ca50525dd7d4e928,3ebb8ce93cecd9d76ef6358493113e3d186b46dc569038f73332c9cc58c495a3,3ebb8ce93cecd9d76ef6358493113e3d186b46dc569038f73332c9cc58c495a3,2026-08-17T06:28:21.157011+00:00,learner_consequence,contextual_delayed_exp3,source_round,5000,573.45829919264,0.114691659838528,499.939010352327,0.0999878020704654,4983,17,738aee68b6fe15f3730bd423ccb4ee8a8e69950c4d2085f62e5526bd1992fbf6,1b55d7740c7f78c666e319546d60ba4b6f3a058ab28d202dbf39149cda8ea481,5e666b745d30a41690e21adce1afc2aa5a01c1dbc357cdfaa505c235931e1770,b3c76fb1c66d62face9b9f0b0dfe9a7a131c54fce653452a499aa4f907f923e4,da6a844e7aac942cfb2ada85c2356216845391e497dba5d86ab865bce38e5c8a,0.0585472888152473
exp1_alignment_transfer:full:2026-08-17T06:28:21.157011+00:00,paper,True,primary,exp1_alignment_transfer,primary_t5000_k10,20,mixture_delay,23199c4827c06f76d1d9a7a4fc39e56e21eb26b8,1738aa639b37c24c9a687969970adb435313e91ca717b336ca50525dd7d4e928,3ebb8ce93cecd9d76ef6358493113e3d186b46dc569038f73332c9cc58c495a3,3ebb8ce93cecd9d76ef6358493113e3d186b46dc569038f73332c9cc58c495a3,2026-08-17T06:28:21.157011+00:00,learner_consequence,contextual_delayed_exp3,arrival_clock,5000,778.1178509795072,0.1556235701959014,704.5985621391943,0.1409197124278388,4980,20,2a2fcc5d85c4170c8e2f29c7dd781123873d020eeb4b8c28f72fe0fe41e6fe68,1b55d7740c7f78c666e319546d60ba4b6f3a058ab28d202dbf39149cda8ea481,1a20a34be4ea669f96ef4f12642807fe90799b86bde60a681392441dffb8113b,b3c76fb1c66d62face9b9f0b0dfe9a7a131c54fce653452a499aa4f907f923e4,59dadb9383f9a453a72cd9cc696a04a331c651e8ec71696233a1423360c0545c,0.0411312326675882
exp1_alignment_transfer:full:2026-08-17T06:28:21.157011+00:00,paper,True,primary,exp1_alignment_transfer,primary_t5000_k10,20,mixture_delay,23199c4827c06f76d1d9a7a4fc39e56e21eb26b8,1738aa639b37c24c9a687969970adb435313e91ca717b336ca50525dd7d4e928,3ebb8ce93cecd9d76ef6358493113e3d186b46dc569038f73332c9cc58c495a3,3ebb8ce93cecd9d76ef6358493113e3d186b46dc569038f73332c9cc58c495a3,2026-08-17T06:28:21.157011+00:00,learner_consequence,contextual_delayed_exp3,source_round,5000,572.4616876415662,0.1144923375283132,498.9423988012532,0.0997884797602506,4980,20,6e37002576cf38ccf9756d2f5121b5d2362dbdc395690bef16bc04cbb3476dbc,1b55d7740c7f78c666e319546d60ba4b6f3a058ab28d202dbf39149cda8ea481,1a20a34be4ea669f96ef4f12642807fe90799b86bde60a681392441dffb8113b,b3c76fb1c66d62face9b9f0b0dfe9a7a131c54fce653452a499aa4f907f923e4,59dadb9383f9a453a72cd9cc696a04a331c651e8ec71696233a1423360c0545c,0.0411312326675882
exp1_alignment_transfer:full:2026-08-17T06:28:21.157011+00:00,paper,True,primary,exp1_alignment_transfer,primary_t5000_k10,20,state_coupled_delay,23199c4827c06f76d1d9a7a4fc39e56e21eb26b8,1738aa639b37c24c9a687969970adb435313e91ca717b336ca50525dd7d4e928,3ebb8ce93cecd9d76ef6358493113e3d186b46dc569038f73332c9cc58c495a3,3ebb8ce93cecd9d76ef6358493113e3d186b46dc569038f73332c9cc58c495a3,2026-08-17T06:28:21.157011+00:00,learner_consequence,contextual_delayed_exp3,arrival_clock,5000,841.6740426861479,0.1683348085372296,768.154753845835,0.153630950769167,4996,4,57c81ca283a2ea808378d938f8f98d911a354845a0ce9d52fe10382c41a8c5f7,1b55d7740c7f78c666e319546d60ba4b6f3a058ab28d202dbf39149cda8ea481,a556876c379b312c1fae60d16746380a37675345b766e5561ea799ba3854d478,b3c76fb1c66d62face9b9f0b0dfe9a7a131c54fce653452a499aa4f907f923e4,db357612705358b9febc50cbed6120c3f5d998f30ad5852d13c371eafc13eeb4,0.0536828053327264
exp1_alignment_transfer:full:2026-08-17T06:28:21.157011+00:00,paper,True,primary,exp1_alignment_transfer,primary_t5000_k10,20,state_coupled_delay,23199c4827c06f76d1d9a7a4fc39e56e21eb26b8,1738aa639b37c24c9a687969970adb435313e91ca717b336ca50525dd7d4e928,3ebb8ce93cecd9d76ef6358493113e3d186b46dc569038f73332c9cc58c495a3,3ebb8ce93cecd9d76ef6358493113e3d186b46dc569038f73332c9cc58c495a3,2026-08-17T06:28:21.157011+00:00,learner_consequence,contextual_delayed_exp3,source_round,5000,573.2600160225156,0.1146520032045031,499.7407271822027,0.0999481454364405,4996,4,b43c248d3adf19bad0b8041f922c8d6c585581eb679e217d7644214fe18b5473,1b55d7740c7f78c666e319546d60ba4b6f3a058ab28d202dbf39149cda8ea481,a556876c379b312c1fae60d16746380a37675345b766e5561ea799ba3854d478,b3c76fb1c66d62face9b9f0b0dfe9a7a131c54fce653452a499aa4f907f923e4,db357612705358b9febc50cbed6120c3f5d998f30ad5852d13c371eafc13eeb4,0.0536828053327264
exp1_alignment_transfer:full:2026-08-17T06:28:21.157011+00:00,paper,True,primary,exp1_alignment_transfer,primary_t5000_k10,20,systematic_misbinding,23199c4827c06f76d1d9a7a4fc39e56e21eb26b8,1738aa639b37c24c9a687969970adb435313e91ca717b336ca50525dd7d4e928,3ebb8ce93cecd9d76ef6358493113e3d186b46dc569038f73332c9cc58c495a3,3ebb8ce93cecd9d76ef6358493113e3d186b46dc569038f73332c9cc58c495a3,2026-08-17T06:28:21.157011+00:00,learner_consequence,contextual_delayed_exp3,arrival_clock,5000,923.9259259259258,0.1847851851851851,833.2839506172838,0.1666567901234567,4985,15,57e007e99b3032d2ba0c244797bd887e8a501a668d390f3986f8d331bc080173,6eaec8f6917b7852464dd2e9514404a5e53bb385dce4daba910959ef2b73920a,99d221f22e88461b7e33c8605efb5a0541a4d657b58a9f9e173281ab69d52732,b3c76fb1c66d62face9b9f0b0dfe9a7a131c54fce653452a499aa4f907f923e4,9b782cb41a2cad32566f7c59c24a81d5821e2c9be49b5abae68c5cc03e5052d6,0.0781777777777777
exp1_alignment_transfer:full:2026-08-17T06:28:21.157011+00:00,paper,True,primary,exp1_alignment_transfer,primary_t5000_k10,20,systematic_misbinding,23199c4827c06f76d1d9a7a4fc39e56e21eb26b8,1738aa639b37c24c9a687969970adb435313e91ca717b336ca50525dd7d4e928,3ebb8ce93cecd9d76ef6358493113e3d186b46dc569038f73332c9cc58c495a3,3ebb8ce93cecd9d76ef6358493113e3d186b46dc569038f73332c9cc58c495a3,2026-08-17T06:28:21.157011+00:00,learner_consequence,contextual_delayed_exp3,source_round,5000,533.037037037037,0.1066074074074073,442.395061728395,0.088479012345679,4985,15,c00fb1da6cd9911336411545f89ef39424d91a76c89c15f8ace5f8bad022281d,6eaec8f6917b7852464dd2e9514404a5e53bb385dce4daba910959ef2b73920a,99d221f22e88461b7e33c8605efb5a0541a4d657b58a9f9e173281ab69d52732,b3c76fb1c66d62face9b9f0b0dfe9a7a131c54fce653452a499aa4f907f923e4,9b782cb41a2cad32566f7c59c24a81d5821e2c9be49b5abae68c5cc03e5052d6,0.0781777777777777
exp1_alignment_transfer:full:2026-08-17T06:28:21.157011+00:00,paper,True,primary,exp1_alignment_transfer,primary_t5000_k10,21,zero_delay,23199c4827c06f76d1d9a7a4fc39e56e21eb26b8,1738aa639b37c24c9a687969970adb435313e91ca717b336ca50525dd7d4e928,3ebb8ce93cecd9d76ef6358493113e3d186b46dc569038f73332c9cc58c495a3,3ebb8ce93cecd9d76ef6358493113e3d186b46dc569038f73332c9cc58c495a3,2026-08-17T06:28:21.157011+00:00,learner_consequence,contextual_delayed_exp3,arrival_clock,5000,576.724536318728,0.1153449072637456,502.81084090703087,0.1005621681814061,5000,0,b0980a08cb9b9a85d7db052738506e630bfa54e428a5e05674e3ca4058779c37,452d71727e77e202a76f9516ba982e6cd9be61cdfcbcbb4a0cc9f5cfc4e5263b,0f3d8dfbd8daa7805b305770b32f960e4027341713a86c41572ede0a495b5c6b,db93b063a651635c23f5b752bf08ee2c9a0683ba6a6bc018ca2cecea2241948c,285e454ba121a90a93647fc618cab513ffd3d135cc26627642c55811f01b8ff0,0.0
exp1_alignment_transfer:full:2026-08-17T06:28:21.157011+00:00,paper,True,primary,exp1_alignment_transfer,primary_t5000_k10,21,zero_delay,23199c4827c06f76d1d9a7a4fc39e56e21eb26b8,1738aa639b37c24c9a687969970adb435313e91ca717b336ca50525dd7d4e928,3ebb8ce93cecd9d76ef6358493113e3d186b46dc569038f73332c9cc58c495a3,3ebb8ce93cecd9d76ef6358493113e3d186b46dc569038f73332c9cc58c495a3,2026-08-17T06:28:21.157011+00:00,learner_consequence,contextual_delayed_exp3,source_round,5000,576.724536318728,0.1153449072637456,502.81084090703087,0.1005621681814061,5000,0,b0980a08cb9b9a85d7db052738506e630bfa54e428a5e05674e3ca4058779c37,452d71727e77e202a76f9516ba982e6cd9be61cdfcbcbb4a0cc9f5cfc4e5263b,0f3d8dfbd8daa7805b305770b32f960e4027341713a86c41572ede0a495b5c6b,db93b063a651635c23f5b752bf08ee2c9a0683ba6a6bc018ca2cecea2241948c,285e454ba121a90a93647fc618cab513ffd3d135cc26627642c55811f01b8ff0,0.0
exp1_alignment_transfer:full:2026-08-17T06:28:21.157011+00:00,paper,True,primary,exp1_alignment_transfer,primary_t5000_k10,21,exact_valid_shift,23199c4827c06f76d1d9a7a4fc39e56e21eb26b8,1738aa639b37c24c9a687969970adb435313e91ca717b336ca50525dd7d4e928,3ebb8ce93cecd9d76ef6358493113e3d186b46dc569038f73332c9cc58c495a3,3ebb8ce93cecd9d76ef6358493113e3d186b46dc569038f73332c9cc58c495a3,2026-08-17T06:28:21.157011+00:00,learner_consequence,contextual_delayed_exp3,arrival_clock,5000,968.04,0.193608,377.616,0.0755232,4988,12,05f56c2714bafc601719f785214dc6786398e9d881d961f3a3fb79f5474957c7,3dc8df98dada4329cec24ad72ecc6a51a715a3d124a2f884c8eaff96c1bbd8b6,f6726a10e63ec5ba9bf2dc8c035d754d5ab44da365ff6fe3e88de0ece9bd825d,db93b063a651635c23f5b752bf08ee2c9a0683ba6a6bc018ca2cecea2241948c,84b3834cdc6c095eb12486c037bc05b3995dd67d5e9ab2d8feef2e633c47b512,0.0630863999999999
exp1_alignment_transfer:full:2026-08-17T06:28:21.157011+00:00,paper,True,primary,exp1_alignment_transfer,primary_t5000_k10,21,exact_valid_shift,23199c4827c06f76d1d9a7a4fc39e56e21eb26b8,1738aa639b37c24c9a687969970adb435313e91ca717b336ca50525dd7d4e928,3ebb8ce93cecd9d76ef6358493113e3d186b46dc569038f73332c9cc58c495a3,3ebb8ce93cecd9d76ef6358493113e3d186b46dc569038f73332c9cc58c495a3,2026-08-17T06:28:21.157011+00:00,learner_consequence,contextual_delayed_exp3,source_round,5000,652.6080000000001,0.1305216,62.184,0.0124368,4988,12,fd697421de21008bc1586be0bf04d0e6a2f4fea9f9c98ab6d0460b1cc61b4685,3dc8df98dada4329cec24ad72ecc6a51a715a3d124a2f884c8eaff96c1bbd8b6,f6726a10e63ec5ba9bf2dc8c035d754d5ab44da365ff6fe3e88de0ece9bd825d,db93b063a651635c23f5b752bf08ee2c9a0683ba6a6bc018ca2cecea2241948c,84b3834cdc6c095eb12486c037bc05b3995dd67d5e9ab2d8feef2e633c47b512,0.0630863999999999
exp1_alignment_transfer:full:2026-08-17T06:28:21.157011+00:00,paper,True,primary,exp1_alignment_transfer,primary_t5000_k10,21,geometric_delay,23199c4827c06f76d1d9a7a4fc39e56e21eb26b8,1738aa639b37c24c9a687969970adb435313e91ca717b336ca50525dd7d4e928,3ebb8ce93cecd9d76ef6358493113e3d186b46dc569038f73332c9cc58c495a3,3ebb8ce93cecd9d76ef6358493113e3d186b46dc569038f73332c9cc58c495a3,2026-08-17T06:28:21.157011+00:00,learner_consequence,contextual_delayed_exp3,arrival_clock,5000,849.0372448925018,0.1698074489785003,775.1235494808046,0.1550247098961609,4988,12,67286d38ab05dd87717709ea66bac1f45d4502a341781dee4a729c608ec116ad,452d71727e77e202a76f9516ba982e6cd9be61cdfcbcbb4a0cc9f5cfc4e5263b,f6726a10e63ec5ba9bf2dc8c035d754d5ab44da365ff6fe3e88de0ece9bd825d,db93b063a651635c23f5b752bf08ee2c9a0683ba6a6bc018ca2cecea2241948c,245be8f4489afc375584f6f98df3a8f60502634abe24c4057b8b7205ff8d773d,0.0535543517077999
exp1_alignment_transfer:full:2026-08-17T06:28:21.157011+00:00,paper,True,primary,exp1_alignment_transfer,primary_t5000_k10,21,geometric_delay,23199c4827c06f76d1d9a7a4fc39e56e21eb26b8,1738aa639b37c24c9a687969970adb435313e91ca717b336ca50525dd7d4e928,3ebb8ce93cecd9d76ef6358493113e3d186b46dc569038f73332c9cc58c495a3,3ebb8ce93cecd9d76ef6358493113e3d186b46dc569038f73332c9cc58c495a3,2026-08-17T06:28:21.157011+00:00,learner_consequence,contextual_delayed_exp3,source_round,5000,581.265486353502,0.1162530972707003,507.3517909418048,0.1014703581883609,4988,12,5c3d7c7dff6cb2f85af293b820ec172570cc16f4b47dce2ca407b644f9c91be3,452d71727e77e202a76f9516ba982e6cd9be61cdfcbcbb4a0cc9f5cfc4e5263b,f6726a10e63ec5ba9bf2dc8c035d754d5ab44da365ff6fe3e88de0ece9bd825d,db93b063a651635c23f5b752bf08ee2c9a0683ba6a6bc018ca2cecea2241948c,245be8f4489afc375584f6f98df3a8f60502634abe24c4057b8b7205ff8d773d,0.0535543517077999
exp1_alignment_transfer:full:2026-08-17T06:28:21.157011+00:00,paper,True,primary,exp1_alignment_transfer,primary_t5000_k10,21,mixture_delay,23199c4827c06f76d1d9a7a4fc39e56e21eb26b8,1738aa639b37c24c9a687969970adb435313e91ca717b336ca50525dd7d4e928,3ebb8ce93cecd9d76ef6358493113e3d186b46dc569038f73332c9cc58c495a3,3ebb8ce93cecd9d76ef6358493113e3d186b46dc569038f73332c9cc58c495a3,2026-08-17T06:28:21.157011+00:00,learner_consequence,contextual_delayed_exp3,arrival_clock,5000,794.7210076335546,0.1589442015267109,720.8073122218575,0.1441614624443715,4988,12,112a6cf1c66ef195162f1f2db773c3b7da91797f14b09bbe9cf96eb4fa90de91,452d71727e77e202a76f9516ba982e6cd9be61cdfcbcbb4a0cc9f5cfc4e5263b,073eb84f00da6488062898d66581f2440eb41401b3db0a81cea4397440adad9e,db93b063a651635c23f5b752bf08ee2c9a0683ba6a6bc018ca2cecea2241948c,24ad3f7bae511d70a445e1a322db548feb53096d04c524f23cea5fa73ff58c24,0.0428536027753767
exp1_alignment_transfer:full:2026-08-17T06:28:21.157011+00:00,paper,True,primary,exp1_alignment_transfer,primary_t5000_k10,21,mixture_delay,23199c4827c06f76d1d9a7a4fc39e56e21eb26b8,1738aa639b37c24c9a687969970adb435313e91ca717b336ca50525dd7d4e928,3ebb8ce93cecd9d76ef6358493113e3d186b46dc569038f73332c9cc58c495a3,3ebb8ce93cecd9d76ef6358493113e3d186b46dc569038f73332c9cc58c495a3,2026-08-17T06:28:21.157011+00:00,learner_consequence,contextual_delayed_exp3,source_round,5000,580.4529937566707,0.1160905987513341,506.5392983449735,0.1013078596689947,4988,12,11f40fc8b3d21e32b3c97a744162d72a081d676f1cb776af3e7f12a9559fa784,452d71727e77e202a76f9516ba982e6cd9be61cdfcbcbb4a0cc9f5cfc4e5263b,073eb84f00da6488062898d66581f2440eb41401b3db0a81cea4397440adad9e,db93b063a651635c23f5b752bf08ee2c9a0683ba6a6bc018ca2cecea2241948c,24ad3f7bae511d70a445e1a322db548feb53096d04c524f23cea5fa73ff58c24,0.0428536027753767
exp1_alignment_transfer:full:2026-08-17T06:28:21.157011+00:00,paper,True,primary,exp1_alignment_transfer,primary_t5000_k10,21,state_coupled_delay,23199c4827c06f76d1d9a7a4fc39e56e21eb26b8,1738aa639b37c24c9a687969970adb435313e91ca717b336ca50525dd7d4e928,3ebb8ce93cecd9d76ef6358493113e3d186b46dc569038f73332c9cc58c495a3,3ebb8ce93cecd9d76ef6358493113e3d186b46dc569038f73332c9cc58c495a3,2026-08-17T06:28:21.157011+00:00,learner_consequence,contextual_delayed_exp3,arrival_clock,5000,847.0339509053553,0.169406790181071,773.120255493658,0.1546240510987316,4986,14,f8b193151e9ecaa8f0138065e031485dba047198540d33eee6b07e70e9a9c7d5,452d71727e77e202a76f9516ba982e6cd9be61cdfcbcbb4a0cc9f5cfc4e5263b,36203a56173ec84ffcbc11b29d9add0d0fa8a2fa11a98c68bfc4da8d9617f98c,db93b063a651635c23f5b752bf08ee2c9a0683ba6a6bc018ca2cecea2241948c,dd962754bf209d7763df92888d4485196577cb985262dea68311d479f405d0e7,0.0532753737629861
exp1_alignment_transfer:full:2026-08-17T06:28:21.157011+00:00,paper,True,primary,exp1_alignment_transfer,primary_t5000_k10,21,state_coupled_delay,23199c4827c06f76d1d9a7a4fc39e56e21eb26b8,1738aa639b37c24c9a687969970adb435313e91ca717b336ca50525dd7d4e928,3ebb8ce93cecd9d76ef6358493113e3d186b46dc569038f73332c9cc58c495a3,3ebb8ce93cecd9d76ef6358493113e3d186b46dc569038f73332c9cc58c495a3,2026-08-17T06:28:21.157011+00:00,learner_consequence,contextual_delayed_exp3,source_round,5000,580.6570820904246,0.1161314164180849,506.74338667872746,0.1013486773357455,4986,14,78f53dc88ce7efddde3f4202223812a8073b36ec2e9081f62c78f59b94437788,452d71727e77e202a76f9516ba982e6cd9be61cdfcbcbb4a0cc9f5cfc4e5263b,36203a56173ec84ffcbc11b29d9add0d0fa8a2fa11a98c68bfc4da8d9617f98c,db93b063a651635c23f5b752bf08ee2c9a0683ba6a6bc018ca2cecea2241948c,dd962754bf209d7763df92888d4485196577cb985262dea68311d479f405d0e7,0.0532753737629861
exp1_alignment_transfer:full:2026-08-17T06:28:21.157011+00:00,paper,True,primary,exp1_alignment_transfer,primary_t5000_k10,21,systematic_misbinding,23199c4827c06f76d1d9a7a4fc39e56e21eb26b8,1738aa639b37c24c9a687969970adb435313e91ca717b336ca50525dd7d4e928,3ebb8ce93cecd9d76ef6358493113e3d186b46dc569038f73332c9cc58c495a3,3ebb8ce93cecd9d76ef6358493113e3d186b46dc569038f73332c9cc58c495a3,2026-08-17T06:28:21.157011+00:00,learner_consequence,contextual_delayed_exp3,arrival_clock,5000,890.4814814814813,0.1780962962962962,794.5679012345678,0.1589135802469135,4985,15,b0f25942f774baddd4d58fe67f98d37dbeb05e6f0269259f248796a05f64f70d,4765cfb9b5369e62c6b54ddb8490640c3810537744f8befcf6a74f015ebc777c,e351fba0d806debcc7ba77bcd560dfbe9c5d23a2791e381f83f3ebfeb73a30ee,db93b063a651635c23f5b752bf08ee2c9a0683ba6a6bc018ca2cecea2241948c,849545dee7d3f94ad783fa65ffd11c3bdd4258bdd3b77e2064812d2eb8b6a4ea,0.069953086419753
exp1_alignment_transfer:full:2026-08-17T06:28:21.157011+00:00,paper,True,primary,exp1_alignment_transfer,primary_t5000_k10,21,systematic_misbinding,23199c4827c06f76d1d9a7a4fc39e56e21eb26b8,1738aa639b37c24c9a687969970adb435313e91ca717b336ca50525dd7d4e928,3ebb8ce93cecd9d76ef6358493113e3d186b46dc569038f73332c9cc58c495a3,3ebb8ce93cecd9d76ef6358493113e3d186b46dc569038f73332c9cc58c495a3,2026-08-17T06:28:21.157011+00:00,learner_consequence,contextual_delayed_exp3,source_round,5000,540.7160493827159,0.1081432098765431,444.8024691358024,0.0889604938271604,4985,15,8ad105896f7a9b68c97caf7f3a2cd5615bf8ec0e1866e2c326695d4ab00b4747,4765cfb9b5369e62c6b54ddb8490640c3810537744f8befcf6a74f015ebc777c,e351fba0d806debcc7ba77bcd560dfbe9c5d23a2791e381f83f3ebfeb73a30ee,db93b063a651635c23f5b752bf08ee2c9a0683ba6a6bc018ca2cecea2241948c,849545dee7d3f94ad783fa65ffd11c3bdd4258bdd3b77e2064812d2eb8b6a4ea,0.069953086419753
exp1_alignment_transfer:full:2026-08-17T06:28:21.157011+00:00,paper,True,primary,exp1_alignment_transfer,primary_t5000_k10,22,zero_delay,23199c4827c06f76d1d9a7a4fc39e56e21eb26b8,1738aa639b37c24c9a687969970adb435313e91ca717b336ca50525dd7d4e928,3ebb8ce93cecd9d76ef6358493113e3d186b46dc569038f73332c9cc58c495a3,3ebb8ce93cecd9d76ef6358493113e3d186b46dc569038f73332c9cc58c495a3,2026-08-17T06:28:21.157011+00:00,learner_consequence,contextual_delayed_exp3,arrival_clock,5000,557.875739191931,0.1115751478383862,484.4323255988981,0.0968864651197796,5000,0,46094b8da3f2e564719ed0e81f1f275e7a72b08f250a74556653d97f437129b1,8e38b16c6e4f54bc3f091a5387bc8c8bb63e994e7d9cc2901c6feaf321c11f7a,98a596fe427a44d6bc18fe83de027226865b12ba710205c9f91ac9ec76c7d249,a23e4be14e7f9583437e6dc1530728db9aa431f271a34b0ded0ceb3c8634cd7f,539260ecc14907fb74e278fa9289e0d4c3a765bee0f2d4508a0b6ce874932b82,0.0
exp1_alignment_transfer:full:2026-08-17T06:28:21.157011+00:00,paper,True,primary,exp1_alignment_transfer,primary_t5000_k10,22,zero_delay,23199c4827c06f76d1d9a7a4fc39e56e21eb26b8,1738aa639b37c24c9a687969970adb435313e91ca717b336ca50525dd7d4e928,3ebb8ce93cecd9d76ef6358493113e3d186b46dc569038f73332c9cc58c495a3,3ebb8ce93cecd9d76ef6358493113e3d186b46dc569038f73332c9cc58c495a3,2026-08-17T06:28:21.157011+00:00,learner_consequence,contextual_delayed_exp3,source_round,5000,557.875739191931,0.1115751478383862,484.4323255988981,0.0968864651197796,5000,0,46094b8da3f2e564719ed0e81f1f275e7a72b08f250a74556653d97f437129b1,8e38b16c6e4f54bc3f091a5387bc8c8bb63e994e7d9cc2901c6feaf321c11f7a,98a596fe427a44d6bc18fe83de027226865b12ba710205c9f91ac9ec76c7d249,a23e4be14e7f9583437e6dc1530728db9aa431f271a34b0ded0ceb3c8634cd7f,539260ecc14907fb74e278fa9289e0d4c3a765bee0f2d4508a0b6ce874932b82,0.0
exp1_alignment_transfer:full:2026-08-17T06:28:21.157011+00:00,paper,True,primary,exp1_alignment_transfer,primary_t5000_k10,22,exact_valid_shift,23199c4827c06f76d1d9a7a4fc39e56e21eb26b8,1738aa639b37c24c9a687969970adb435313e91ca717b336ca50525dd7d4e928,3ebb8ce93cecd9d76ef6358493113e3d186b46dc569038f73332c9cc58c495a3,3ebb8ce93cecd9d76ef6358493113e3d186b46dc569038f73332c9cc58c495a3,2026-08-17T06:28:21.157011+00:00,learner_consequence,contextual_delayed_exp3,arrival_clock,5000,1003.752,0.2007504,535.152,0.1070304,4986,14,86de4cb2a1ca68b9ed9a5d29a3e3e451a7719ea5dd53dc42e85ab38068121692,426e926e2e21673af2039f9265fe1187d7f545d4889ee3de0beb5c2b601102b4,7f8e03989d8b0ef54ed0a81e5e8450c0aed2175b03996ad10d6313ecab9dd1ec,a23e4be14e7f9583437e6dc1530728db9aa431f271a34b0ded0ceb3c8634cd7f,cbdcfee7ae8232c2384a68d452a85575e7f9137b4aa7c9fa630b972dec398ab0,0.0711984
exp1_alignment_transfer:full:2026-08-17T06:28:21.157011+00:00,paper,True,primary,exp1_alignment_transfer,primary_t5000_k10,22,exact_valid_shift,23199c4827c06f76d1d9a7a4fc39e56e21eb26b8,1738aa639b37c24c9a687969970adb435313e91ca717b336ca50525dd7d4e928,3ebb8ce93cecd9d76ef6358493113e3d186b46dc569038f73332c9cc58c495a3,3ebb8ce93cecd9d76ef6358493113e3d186b46dc569038f73332c9cc58c495a3,2026-08-17T06:28:21.157011+00:00,learner_consequence,contextual_delayed_exp3,source_round,5000,647.76,0.129552,179.16,0.035832,4986,14,20cc3de789d9e6c9c08e01bbb3cbf97152b283ee0e0c008befeda796f152251c,426e926e2e21673af2039f9265fe1187d7f545d4889ee3de0beb5c2b601102b4,7f8e03989d8b0ef54ed0a81e5e8450c0aed2175b03996ad10d6313ecab9dd1ec,a23e4be14e7f9583437e6dc1530728db9aa431f271a34b0ded0ceb3c8634cd7f,cbdcfee7ae8232c2384a68d452a85575e7f9137b4aa7c9fa630b972dec398ab0,0.0711984
exp1_alignment_transfer:full:2026-08-17T06:28:21.157011+00:00,paper,True,primary,exp1_alignment_transfer,primary_t5000_k10,22,geometric_delay,23199c4827c06f76d1d9a7a4fc39e56e21eb26b8,1738aa639b37c24c9a687969970adb435313e91ca717b336ca50525dd7d4e928,3ebb8ce93cecd9d76ef6358493113e3d186b46dc569038f73332c9cc58c495a3,3ebb8ce93cecd9d76ef6358493113e3d186b46dc569038f73332c9cc58c495a3,2026-08-17T06:28:21.157011+00:00,learner_consequence,contextual_delayed_exp3,arrival_clock,5000,816.798185667442,0.1633596371334884,743.3547720744091,0.1486709544148818,4986,14,777d92f6c0ec7875931e08f92216144c341b484d1fa43a2aed03403c91a74488,8e38b16c6e4f54bc3f091a5387bc8c8bb63e994e7d9cc2901c6feaf321c11f7a,7f8e03989d8b0ef54ed0a81e5e8450c0aed2175b03996ad10d6313ecab9dd1ec,a23e4be14e7f9583437e6dc1530728db9aa431f271a34b0ded0ceb3c8634cd7f,862f6db2f158fc884057f574476b97742af6c7e3a5de62eb02045eeb0dcccf28,0.0509478371232002
exp1_alignment_transfer:full:2026-08-17T06:28:21.157011+00:00,paper,True,primary,exp1_alignment_transfer,primary_t5000_k10,22,geometric_delay,23199c4827c06f76d1d9a7a4fc39e56e21eb26b8,1738aa639b37c24c9a687969970adb435313e91ca717b336ca50525dd7d4e928,3ebb8ce93cecd9d76ef6358493113e3d186b46dc569038f73332c9cc58c495a3,3ebb8ce93cecd9d76ef6358493113e3d186b46dc569038f73332c9cc58c495a3,2026-08-17T06:28:21.157011+00:00,learner_consequence,contextual_delayed_exp3,source_round,5000,562.0590000514406,0.1124118000102881,488.6155864584077,0.0977231172916815,4986,14,024fad4bfd907540e755457687954159d3797f64d52a81e7fb86a7ecd6dd4bc3,8e38b16c6e4f54bc3f091a5387bc8c8bb63e994e7d9cc2901c6feaf321c11f7a,7f8e03989d8b0ef54ed0a81e5e8450c0aed2175b03996ad10d6313ecab9dd1ec,a23e4be14e7f9583437e6dc1530728db9aa431f271a34b0ded0ceb3c8634cd7f,862f6db2f158fc884057f574476b97742af6c7e3a5de62eb02045eeb0dcccf28,0.0509478371232002
exp1_alignment_transfer:full:2026-08-17T06:28:21.157011+00:00,paper,True,primary,exp1_alignment_transfer,primary_t5000_k10,22,mixture_delay,23199c4827c06f76d1d9a7a4fc39e56e21eb26b8,1738aa639b37c24c9a687969970adb435313e91ca717b336ca50525dd7d4e928,3ebb8ce93cecd9d76ef6358493113e3d186b46dc569038f73332c9cc58c495a3,3ebb8ce93cecd9d76ef6358493113e3d186b46dc569038f73332c9cc58c495a3,2026-08-17T06:28:21.157011+00:00,learner_consequence,contextual_delayed_exp3,arrival_clock,5000,771.9834068869258,0.1543966813773851,698.5399932938928,0.1397079986587785,4984,16,3cd40b2189b3e490a3a55ad3e12c29465df9532fc8cb6d938aab7062ad8dd40f,8e38b16c6e4f54bc3f091a5387bc8c8bb63e994e7d9cc2901c6feaf321c11f7a,8274797f1fee873a83110805f655b31e6582ba3b2440b4371cfd4ae2d62bed97,a23e4be14e7f9583437e6dc1530728db9aa431f271a34b0ded0ceb3c8634cd7f,9e206efdb9be4a308a86ef2a0043b887bb825f226c70532ae505a7e2150a53ac,0.0419422727223913
exp1_alignment_transfer:full:2026-08-17T06:28:21.157011+00:00,paper,True,primary,exp1_alignment_transfer,primary_t5000_k10,22,mixture_delay,23199c4827c06f76d1d9a7a4fc39e56e21eb26b8,1738aa639b37c24c9a687969970adb435313e91ca717b336ca50525dd7d4e928,3ebb8ce93cecd9d76ef6358493113e3d186b46dc569038f73332c9cc58c495a3,3ebb8ce93cecd9d76ef6358493113e3d186b46dc569038f73332c9cc58c495a3,2026-08-17T06:28:21.157011+00:00,learner_consequence,contextual_delayed_exp3,source_round,5000,562.2720432749688,0.1124544086549937,488.8286296819359,0.0977657259363871,4984,16,b64fbbf7a801843e2691efa38ff7fed5f4d76c3d149c3096cafaa075c4d9019a,8e38b16c6e4f54bc3f091a5387bc8c8bb63e994e7d9cc2901c6feaf321c11f7a,8274797f1fee873a83110805f655b31e6582ba3b2440b4371cfd4ae2d62bed97,a23e4be14e7f9583437e6dc1530728db9aa431f271a34b0ded0ceb3c8634cd7f,9e206efdb9be4a308a86ef2a0043b887bb825f226c70532ae505a7e2150a53ac,0.0419422727223913
exp1_alignment_transfer:full:2026-08-17T06:28:21.157011+00:00,paper,True,primary,exp1_alignment_transfer,primary_t5000_k10,22,state_coupled_delay,23199c4827c06f76d1d9a7a4fc39e56e21eb26b8,1738aa639b37c24c9a687969970adb435313e91ca717b336ca50525dd7d4e928,3ebb8ce93cecd9d76ef6358493113e3d186b46dc569038f73332c9cc58c495a3,3ebb8ce93cecd9d76ef6358493113e3d186b46dc569038f73332c9cc58c495a3,2026-08-17T06:28:21.157011+00:00,learner_consequence,contextual_delayed_exp3,arrival_clock,5000,824.9147810271339,0.1649829562054267,751.4713674341009,0.1502942734868201,4990,10,ee133f9b666e48ac29862980bbee88808511f129f10c4b7fc23f02ae93498690,8e38b16c6e4f54bc3f091a5387bc8c8bb63e994e7d9cc2901c6feaf321c11f7a,03eb3844ccdd18bf16258d63813e275ea1ec632c89915321e57dc88d956e960d,a23e4be14e7f9583437e6dc1530728db9aa431f271a34b0ded0ceb3c8634cd7f,0afdd9df5f8b2a16d0705d0174deaf69a144a6f1312d853efac94c21c5247394,0.0524926497358909
exp1_alignment_transfer:full:2026-08-17T06:28:21.157011+00:00,paper,True,primary,exp1_alignment_transfer,primary_t5000_k10,22,state_coupled_delay,23199c4827c06f76d1d9a7a4fc39e56e21eb26b8,1738aa639b37c24c9a687969970adb435313e91ca717b336ca50525dd7d4e928,3ebb8ce93cecd9d76ef6358493113e3d186b46dc569038f73332c9cc58c495a3,3ebb8ce93cecd9d76ef6358493113e3d186b46dc569038f73332c9cc58c495a3,2026-08-17T06:28:21.157011+00:00,learner_consequence,contextual_delayed_exp3,source_round,5000,562.4515323476791,0.1124903064695358,489.00811875464615,0.0978016237509292,4990,10,7b6227c03b352db5c29291437b9388e744790f89bd7f145dbc50afe1c818f7ef,8e38b16c6e4f54bc3f091a5387bc8c8bb63e994e7d9cc2901c6feaf321c11f7a,03eb3844ccdd18bf16258d63813e275ea1ec632c89915321e57dc88d956e960d,a23e4be14e7f9583437e6dc1530728db9aa431f271a34b0ded0ceb3c8634cd7f,0afdd9df5f8b2a16d0705d0174deaf69a144a6f1312d853efac94c21c5247394,0.0524926497358909
exp1_alignment_transfer:full:2026-08-17T06:28:21.157011+00:00,paper,True,primary,exp1_alignment_transfer,primary_t5000_k10,22,systematic_misbinding,23199c4827c06f76d1d9a7a4fc39e56e21eb26b8,1738aa639b37c24c9a687969970adb435313e91ca717b336ca50525dd7d4e928,3ebb8ce93cecd9d76ef6358493113e3d186b46dc569038f73332c9cc58c495a3,3ebb8ce93cecd9d76ef6358493113e3d186b46dc569038f73332c9cc58c495a3,2026-08-17T06:28:21.157011+00:00,learner_consequence,contextual_delayed_exp3,arrival_clock,5000,903.0,0.1805999999999999,809.3456790123455,0.1618691358024691,4985,15,cbb5c306063d561b5127a52da85cc9a20b2d99e8f52565660857db6ce4411b36,c726aeafe97f1683b472b72bf21df6f2682bfddc70ece01a6027b3a93d8175bf,89eeeaf31c88c92d0e2024695bc39541a5fd7be2ddfbd54394f21b3aefe27691,a23e4be14e7f9583437e6dc1530728db9aa431f271a34b0ded0ceb3c8634cd7f,9c2536eba496193342e1d8a6b6278b03820da04302c3696da12659f3a9bba802,0.0721604938271604
exp1_alignment_transfer:full:2026-08-17T06:28:21.157011+00:00,paper,True,primary,exp1_alignment_transfer,primary_t5000_k10,22,systematic_misbinding,23199c4827c06f76d1d9a7a4fc39e56e21eb26b8,1738aa639b37c24c9a687969970adb435313e91ca717b336ca50525dd7d4e928,3ebb8ce93cecd9d76ef6358493113e3d186b46dc569038f73332c9cc58c495a3,3ebb8ce93cecd9d76ef6358493113e3d186b46dc569038f73332c9cc58c495a3,2026-08-17T06:28:21.157011+00:00,learner_consequence,contextual_delayed_exp3,source_round,5000,542.1975308641975,0.1084395061728395,448.54320987654313,0.0897086419753086,4985,15,b1e222d3537bc14b44ebe405fdf50d644a01f3c598ca7185af20b1c3da4eaff0,c726aeafe97f1683b472b72bf21df6f2682bfddc70ece01a6027b3a93d8175bf,89eeeaf31c88c92d0e2024695bc39541a5fd7be2ddfbd54394f21b3aefe27691,a23e4be14e7f9583437e6dc1530728db9aa431f271a34b0ded0ceb3c8634cd7f,9c2536eba496193342e1d8a6b6278b03820da04302c3696da12659f3a9bba802,0.0721604938271604
exp1_alignment_transfer:full:2026-08-17T06:28:21.157011+00:00,paper,True,primary,exp1_alignment_transfer,primary_t5000_k10,23,zero_delay,23199c4827c06f76d1d9a7a4fc39e56e21eb26b8,1738aa639b37c24c9a687969970adb435313e91ca717b336ca50525dd7d4e928,3ebb8ce93cecd9d76ef6358493113e3d186b46dc569038f73332c9cc58c495a3,3ebb8ce93cecd9d76ef6358493113e3d186b46dc569038f73332c9cc58c495a3,2026-08-17T06:28:21.157011+00:00,learner_consequence,contextual_delayed_exp3,arrival_clock,5000,555.9104325513686,0.1111820865102737,484.3653199989875,0.0968730639997975,5000,0,9348db94ed17081ad628ab1de67a44b6adb72ae6a0584e44ccada9eea8428651,f9922560961084f8c4d59ff0c368314ed0c86070282b5ead4684deae3af3aece,22f263a2f9c1f7e539b466fa4e95ba8768553aec0e379739100cd43414b17f2d,adc0cbb114a75b7b9a89a0b494abc8f06e1e128a10d90752353882b71923d831,cef5637d03e3359915bab1795a1787bef31ba84224548037b2af664f2f1c3906,0.0
exp1_alignment_transfer:full:2026-08-17T06:28:21.157011+00:00,paper,True,primary,exp1_alignment_transfer,primary_t5000_k10,23,zero_delay,23199c4827c06f76d1d9a7a4fc39e56e21eb26b8,1738aa639b37c24c9a687969970adb435313e91ca717b336ca50525dd7d4e928,3ebb8ce93cecd9d76ef6358493113e3d186b46dc569038f73332c9cc58c495a3,3ebb8ce93cecd9d76ef6358493113e3d186b46dc569038f73332c9cc58c495a3,2026-08-17T06:28:21.157011+00:00,learner_consequence,contextual_delayed_exp3,source_round,5000,555.9104325513686,0.1111820865102737,484.3653199989875,0.0968730639997975,5000,0,9348db94ed17081ad628ab1de67a44b6adb72ae6a0584e44ccada9eea8428651,f9922560961084f8c4d59ff0c368314ed0c86070282b5ead4684deae3af3aece,22f263a2f9c1f7e539b466fa4e95ba8768553aec0e379739100cd43414b17f2d,adc0cbb114a75b7b9a89a0b494abc8f06e1e128a10d90752353882b71923d831,cef5637d03e3359915bab1795a1787bef31ba84224548037b2af664f2f1c3906,0.0
exp1_alignment_transfer:full:2026-08-17T06:28:21.157011+00:00,paper,True,primary,exp1_alignment_transfer,primary_t5000_k10,23,exact_valid_shift,23199c4827c06f76d1d9a7a4fc39e56e21eb26b8,1738aa639b37c24c9a687969970adb435313e91ca717b336ca50525dd7d4e928,3ebb8ce93cecd9d76ef6358493113e3d186b46dc569038f73332c9cc58c495a3,3ebb8ce93cecd9d76ef6358493113e3d186b46dc569038f73332c9cc58c495a3,2026-08-17T06:28:21.157011+00:00,learner_consequence,contextual_delayed_exp3,arrival_clock,5000,1001.568,0.2003136,429.744,0.0859487999999999,4988,12,c6db0dd26a7ebace95995cead3c3f8e1ef32d7e65234781fca497b38c2ce387a,ba3fc4470959d56acfdab4c45e0e879867cbc49910f603c921d2086eb93f21ee,cbecbfe9b38323bd2a375146d4c54380d4d73d3f73d9e795ee3bfb87df40d4d0,adc0cbb114a75b7b9a89a0b494abc8f06e1e128a10d90752353882b71923d831,e3bedb233d51f8da08984e8e4d417b4085c43b6aee123c5d44dade3d3ea0173b,0.0696912
exp1_alignment_transfer:full:2026-08-17T06:28:21.157011+00:00,paper,True,primary,exp1_alignment_transfer,primary_t5000_k10,23,exact_valid_shift,23199c4827c06f76d1d9a7a4fc39e56e21eb26b8,1738aa639b37c24c9a687969970adb435313e91ca717b336ca50525dd7d4e928,3ebb8ce93cecd9d76ef6358493113e3d186b46dc569038f73332c9cc58c495a3,3ebb8ce93cecd9d76ef6358493113e3d186b46dc569038f73332c9cc58c495a3,2026-08-17T06:28:21.157011+00:00,learner_consequence,contextual_delayed_exp3,source_round,5000,653.112,0.1306224,81.28800000000001,0.0162576,4988,12,791ca643e546499c396fe97f1b0faa6eb22fefb2dbc5ade66612ce6b25911da6,ba3fc4470959d56acfdab4c45e0e879867cbc49910f603c921d2086eb93f21ee,cbecbfe9b38323bd2a375146d4c54380d4d73d3f73d9e795ee3bfb87df40d4d0,adc0cbb114a75b7b9a89a0b494abc8f06e1e128a10d90752353882b71923d831,e3bedb233d51f8da08984e8e4d417b4085c43b6aee123c5d44dade3d3ea0173b,0.0696912
exp1_alignment_transfer:full:2026-08-17T06:28:21.157011+00:00,paper,True,primary,exp1_alignment_transfer,primary_t5000_k10,23,geometric_delay,23199c4827c06f76d1d9a7a4fc39e56e21eb26b8,1738aa639b37c24c9a687969970adb435313e91ca717b336ca50525dd7d4e928,3ebb8ce93cecd9d76ef6358493113e3d186b46dc569038f73332c9cc58c495a3,3ebb8ce93cecd9d76ef6358493113e3d186b46dc569038f73332c9cc58c495a3,2026-08-17T06:28:21.157011+00:00,learner_consequence,contextual_delayed_exp3,arrival_clock,5000,843.5554133846731,0.1687110826769346,772.0103008322919,0.1544020601664583,4988,12,b6eacb5138e8fccc221aaa076375ec651d7bbd9e377fab8f9f67075a15d4f60e,f9922560961084f8c4d59ff0c368314ed0c86070282b5ead4684deae3af3aece,cbecbfe9b38323bd2a375146d4c54380d4d73d3f73d9e795ee3bfb87df40d4d0,adc0cbb114a75b7b9a89a0b494abc8f06e1e128a10d90752353882b71923d831,b54a6c7c645a15e180e1a5111da305fc5f461b4b8e3103c333bf6b17edf57c16,0.056606643503966
exp1_alignment_transfer:full:2026-08-17T06:28:21.157011+00:00,paper,True,primary,exp1_alignment_transfer,primary_t5000_k10,23,geometric_delay,23199c4827c06f76d1d9a7a4fc39e56e21eb26b8,1738aa639b37c24c9a687969970adb435313e91ca717b336ca50525dd7d4e928,3ebb8ce93cecd9d76ef6358493113e3d186b46dc569038f73332c9cc58c495a3,3ebb8ce93cecd9d76ef6358493113e3d186b46dc569038f73332c9cc58c495a3,2026-08-17T06:28:21.157011+00:00,learner_consequence,contextual_delayed_exp3,source_round,5000,560.5221958648428,0.1121044391729685,488.9770833124619,0.0977954166624923,4988,12,095bbb7210ffdd2c8655f6345c3d93c5c52568d954acbc85fb43dc115d9d3799,f9922560961084f8c4d59ff0c368314ed0c86070282b5ead4684deae3af3aece,cbecbfe9b38323bd2a375146d4c54380d4d73d3f73d9e795ee3bfb87df40d4d0,adc0cbb114a75b7b9a89a0b494abc8f06e1e128a10d90752353882b71923d831,b54a6c7c645a15e180e1a5111da305fc5f461b4b8e3103c333bf6b17edf57c16,0.056606643503966
exp1_alignment_transfer:full:2026-08-17T06:28:21.157011+00:00,paper,True,primary,exp1_alignment_transfer,primary_t5000_k10,23,mixture_delay,23199c4827c06f76d1d9a7a4fc39e56e21eb26b8,1738aa639b37c24c9a687969970adb435313e91ca717b336ca50525dd7d4e928,3ebb8ce93cecd9d76ef6358493113e3d186b46dc569038f73332c9cc58c495a3,3ebb8ce93cecd9d76ef6358493113e3d186b46dc569038f73332c9cc58c495a3,2026-08-17T06:28:21.157011+00:00,learner_consequence,contextual_delayed_exp3,arrival_clock,5000,779.1281423317491,0.1558256284663498,707.583029779368,0.1415166059558736,4981,19,293e4e78c68b3724b67af9a4329b968d4fc2bf5cea603dba0997f0ea80333b90,f9922560961084f8c4d59ff0c368314ed0c86070282b5ead4684deae3af3aece,4e205cd12a69e37c81bf207cdfc26632d00d66f9f1b613ec858bc8637631ff66,adc0cbb114a75b7b9a89a0b494abc8f06e1e128a10d90752353882b71923d831,6aee9d88744d92e25a2be46cb478effb2b8fcff36f151498e8975fd45719de61,0.0438007870266597
exp1_alignment_transfer:full:2026-08-17T06:28:21.157011+00:00,paper,True,primary,exp1_alignment_transfer,primary_t5000_k10,23,mixture_delay,23199c4827c06f76d1d9a7a4fc39e56e21eb26b8,1738aa639b37c24c9a687969970adb435313e91ca717b336ca50525dd7d4e928,3ebb8ce93cecd9d76ef6358493113e3d186b46dc569038f73332c9cc58c495a3,3ebb8ce93cecd9d76ef6358493113e3d186b46dc569038f73332c9cc58c495a3,2026-08-17T06:28:21.157011+00:00,learner_consequence,contextual_delayed_exp3,source_round,5000,560.1242071984503,0.11202484143969,488.5790946460693,0.0977158189292138,4981,19,8b1b24e98742743ff37682f5007c9976bdba37fe0cb2aed32d10bc7f912c168d,f9922560961084f8c4d59ff0c368314ed0c86070282b5ead4684deae3af3aece,4e205cd12a69e37c81bf207cdfc26632d00d66f9f1b613ec858bc8637631ff66,adc0cbb114a75b7b9a89a0b494abc8f06e1e128a10d90752353882b71923d831,6aee9d88744d92e25a2be46cb478effb2b8fcff36f151498e8975fd45719de61,0.0438007870266597
exp1_alignment_transfer:full:2026-08-17T06:28:21.157011+00:00,paper,True,primary,exp1_alignment_transfer,primary_t5000_k10,23,state_coupled_delay,23199c4827c06f76d1d9a7a4fc39e56e21eb26b8,1738aa639b37c24c9a687969970adb435313e91ca717b336ca50525dd7d4e928,3ebb8ce93cecd9d76ef6358493113e3d186b46dc569038f73332c9cc58c495a3,3ebb8ce93cecd9d76ef6358493113e3d186b46dc569038f73332c9cc58c495a3,2026-08-17T06:28:21.157011+00:00,learner_consequence,contextual_delayed_exp3,arrival_clock,5000,838.3728157961215,0.1676745631592243,766.8277032437404,0.153365540648748,4991,9,96cbce2bee37be1e8e1ac27dbbcb54bc737f49af52eb828ba88e3fc27c20ad9a,f9922560961084f8c4d59ff0c368314ed0c86070282b5ead4684deae3af3aece,ae41e7bead3f38723fece3f32092cd4bfbd437e96f51dc386106a1f1fc63cf7a,adc0cbb114a75b7b9a89a0b494abc8f06e1e128a10d90752353882b71923d831,008ff3107ed40dc51cdfaa421018585aa269950d87877129617c6bb6151631d4,0.0556352077580972
exp1_alignment_transfer:full:2026-08-17T06:28:21.157011+00:00,paper,True,primary,exp1_alignment_transfer,primary_t5000_k10,23,state_coupled_delay,23199c4827c06f76d1d9a7a4fc39e56e21eb26b8,1738aa639b37c24c9a687969970adb435313e91ca717b336ca50525dd7d4e928,3ebb8ce93cecd9d76ef6358493113e3d186b46dc569038f73332c9cc58c495a3,3ebb8ce93cecd9d76ef6358493113e3d186b46dc569038f73332c9cc58c495a3,2026-08-17T06:28:21.157011+00:00,learner_consequence,contextual_delayed_exp3,source_round,5000,560.1967770056355,0.1120393554011271,488.6516644532544,0.0977303328906508,4991,9,aa1aeb5ac76eb01cc8241e4532828d42fca499aff7c7c16c939220c3deba961f,f9922560961084f8c4d59ff0c368314ed0c86070282b5ead4684deae3af3aece,ae41e7bead3f38723fece3f32092cd4bfbd437e96f51dc386106a1f1fc63cf7a,adc0cbb114a75b7b9a89a0b494abc8f06e1e128a10d90752353882b71923d831,008ff3107ed40dc51cdfaa421018585aa269950d87877129617c6bb6151631d4,0.0556352077580972
exp1_alignment_transfer:full:2026-08-17T06:28:21.157011+00:00,paper,True,primary,exp1_alignment_transfer,primary_t5000_k10,23,systematic_misbinding,23199c4827c06f76d1d9a7a4fc39e56e21eb26b8,1738aa639b37c24c9a687969970adb435313e91ca717b336ca50525dd7d4e928,3ebb8ce93cecd9d76ef6358493113e3d186b46dc569038f73332c9cc58c495a3,3ebb8ce93cecd9d76ef6358493113e3d186b46dc569038f73332c9cc58c495a3,2026-08-17T06:28:21.157011+00:00,learner_consequence,contextual_delayed_exp3,arrival_clock,5000,906.6296296296296,0.1813259259259259,815.7654320987654,0.163153086419753,4985,15,60f9f771df6914541274075e3fc47be916e214831838f37aaffe6c2e06833ab7,783cf3004996f907a6aecc5952c123da99fe93db77249da76f01d3910b4c36bc,2fb732e487485a3a62b30b7cc205d70310ef4e9c119957c2b3bd37c928be1e0e,adc0cbb114a75b7b9a89a0b494abc8f06e1e128a10d90752353882b71923d831,7263c1d12d45e665ebe2afcf72d6ea17ee89907a231b3dbc6f222950f95486ae,0.0743432098765432
exp1_alignment_transfer:full:2026-08-17T06:28:21.157011+00:00,paper,True,primary,exp1_alignment_transfer,primary_t5000_k10,23,systematic_misbinding,23199c4827c06f76d1d9a7a4fc39e56e21eb26b8,1738aa639b37c24c9a687969970adb435313e91ca717b336ca50525dd7d4e928,3ebb8ce93cecd9d76ef6358493113e3d186b46dc569038f73332c9cc58c495a3,3ebb8ce93cecd9d76ef6358493113e3d186b46dc569038f73332c9cc58c495a3,2026-08-17T06:28:21.157011+00:00,learner_consequence,contextual_delayed_exp3,source_round,5000,534.9135802469135,0.1069827160493827,444.0493827160493,0.0888098765432098,4985,15,cf02c7c863801ff5b02d171528407ca7c2b3902028997d45fe840afac925b313,783cf3004996f907a6aecc5952c123da99fe93db77249da76f01d3910b4c36bc,2fb732e487485a3a62b30b7cc205d70310ef4e9c119957c2b3bd37c928be1e0e,adc0cbb114a75b7b9a89a0b494abc8f06e1e128a10d90752353882b71923d831,7263c1d12d45e665ebe2afcf72d6ea17ee89907a231b3dbc6f222950f95486ae,0.0743432098765432
exp1_alignment_transfer:full:2026-08-17T06:28:21.157011+00:00,paper,True,primary,exp1_alignment_transfer,primary_t5000_k10,24,zero_delay,23199c4827c06f76d1d9a7a4fc39e56e21eb26b8,1738aa639b37c24c9a687969970adb435313e91ca717b336ca50525dd7d4e928,3ebb8ce93cecd9d76ef6358493113e3d186b46dc569038f73332c9cc58c495a3,3ebb8ce93cecd9d76ef6358493113e3d186b46dc569038f73332c9cc58c495a3,2026-08-17T06:28:21.157011+00:00,learner_consequence,contextual_delayed_exp3,arrival_clock,5000,569.0418412665896,0.1138083682533179,496.4770199465397,0.0992954039893079,5000,0,b0981808639bb95fa52e9a4681a2993c55b5a8b563bf1a65abb6454d55f2f6c0,d34df0ee35d5cdde507390d5c13f29c2ace3be843284c17069fa152433665f95,44d0a87c3181a45841c8ddc52eac16395f9213fc07ca81f9902afa481d9a78a2,28ddb8fe61c6999c81f2bd336d7a532ded7f1225a2934280d18be65e8479bd2b,a0d0d58340d0f2564cf68616cda0c9a43ab088a6ea1ff50f5f7010d9902a62d2,0.0
exp1_alignment_transfer:full:2026-08-17T06:28:21.157011+00:00,paper,True,primary,exp1_alignment_transfer,primary_t5000_k10,24,zero_delay,23199c4827c06f76d1d9a7a4fc39e56e21eb26b8,1738aa639b37c24c9a687969970adb435313e91ca717b336ca50525dd7d4e928,3ebb8ce93cecd9d76ef6358493113e3d186b46dc569038f73332c9cc58c495a3,3ebb8ce93cecd9d76ef6358493113e3d186b46dc569038f73332c9cc58c495a3,2026-08-17T06:28:21.157011+00:00,learner_consequence,contextual_delayed_exp3,source_round,5000,569.0418412665896,0.1138083682533179,496.4770199465397,0.0992954039893079,5000,0,b0981808639bb95fa52e9a4681a2993c55b5a8b563bf1a65abb6454d55f2f6c0,d34df0ee35d5cdde507390d5c13f29c2ace3be843284c17069fa152433665f95,44d0a87c3181a45841c8ddc52eac16395f9213fc07ca81f9902afa481d9a78a2,28ddb8fe61c6999c81f2bd336d7a532ded7f1225a2934280d18be65e8479bd2b,a0d0d58340d0f2564cf68616cda0c9a43ab088a6ea1ff50f5f7010d9902a62d2,0.0
exp1_alignment_transfer:full:2026-08-17T06:28:21.157011+00:00,paper,True,primary,exp1_alignment_transfer,primary_t5000_k10,24,exact_valid_shift,23199c4827c06f76d1d9a7a4fc39e56e21eb26b8,1738aa639b37c24c9a687969970adb435313e91ca717b336ca50525dd7d4e928,3ebb8ce93cecd9d76ef6358493113e3d186b46dc569038f73332c9cc58c495a3,3ebb8ce93cecd9d76ef6358493113e3d186b46dc569038f73332c9cc58c495a3,2026-08-17T06:28:21.157011+00:00,learner_consequence,contextual_delayed_exp3,arrival_clock,5000,986.28,0.197256,341.232,0.0682464,4983,17,c3c96bf16877212c12fd4ae22c7d1e785677f0bb567a097f43a130dfc8f95fb4,05de31e836092635143483092fd6d8d0c056a0c7023c0c6bc1a5a4d81c453cbb,bc3959bf48160011252633e03c7903fe6a081d184462e6c6a74c0a9b80c09696,28ddb8fe61c6999c81f2bd336d7a532ded7f1225a2934280d18be65e8479bd2b,ed53c4ad5d60adb5dad7c0e53414e5b07696678dba25d3fcd20510f6204e7da8,0.0662975999999999
exp1_alignment_transfer:full:2026-08-17T06:28:21.157011+00:00,paper,True,primary,exp1_alignment_transfer,primary_t5000_k10,24,exact_valid_shift,23199c4827c06f76d1d9a7a4fc39e56e21eb26b8,1738aa639b37c24c9a687969970adb435313e91ca717b336ca50525dd7d4e928,3ebb8ce93cecd9d76ef6358493113e3d186b46dc569038f73332c9cc58c495a3,3ebb8ce93cecd9d76ef6358493113e3d186b46dc569038f73332c9cc58c495a3,2026-08-17T06:28:21.157011+00:00,learner_consequence,contextual_delayed_exp3,source_round,5000,654.7920000000001,0.1309584,9.743999999999993,0.0019487999999999,4983,17,f582d9b0f2a12be5b920326c1f424dd74f103dd6fd947912beb4cb0dd2c0f20c,05de31e836092635143483092fd6d8d0c056a0c7023c0c6bc1a5a4d81c453cbb,bc3959bf48160011252633e03c7903fe6a081d184462e6c6a74c0a9b80c09696,28ddb8fe61c6999c81f2bd336d7a532ded7f1225a2934280d18be65e8479bd2b,ed53c4ad5d60adb5dad7c0e53414e5b07696678dba25d3fcd20510f6204e7da8,0.0662975999999999
exp1_alignment_transfer:full:2026-08-17T06:28:21.157011+00:00,paper,True,primary,exp1_alignment_transfer,primary_t5000_k10,24,geometric_delay,23199c4827c06f76d1d9a7a4fc39e56e21eb26b8,1738aa639b37c24c9a687969970adb435313e91ca717b336ca50525dd7d4e928,3ebb8ce93cecd9d76ef6358493113e3d186b46dc569038f73332c9cc58c495a3,3ebb8ce93cecd9d76ef6358493113e3d186b46dc569038f73332c9cc58c495a3,2026-08-17T06:28:21.157011+00:00,learner_consequence,contextual_delayed_exp3,arrival_clock,5000,856.7842961131582,0.1713568592226316,784.2194747931084,0.1568438949586216,4983,17,5f1783e14bd7f7ddae02b678dafa32a05a9d977a9da8a7ab75328be6536c4818,d34df0ee35d5cdde507390d5c13f29c2ace3be843284c17069fa152433665f95,bc3959bf48160011252633e03c7903fe6a081d184462e6c6a74c0a9b80c09696,28ddb8fe61c6999c81f2bd336d7a532ded7f1225a2934280d18be65e8479bd2b,ca6fc9d402e96351a0a2f7d216ee1ccbd72ca796644e2c05385be3d305347a33,0.0567079939495726
exp1_alignment_transfer:full:2026-08-17T06:28:21.157011+00:00,paper,True,primary,exp1_alignment_transfer,primary_t5000_k10,24,geometric_delay,23199c4827c06f76d1d9a7a4fc39e56e21eb26b8,1738aa639b37c24c9a687969970adb435313e91ca717b336ca50525dd7d4e928,3ebb8ce93cecd9d76ef6358493113e3d186b46dc569038f73332c9cc58c495a3,3ebb8ce93cecd9d76ef6358493113e3d186b46dc569038f73332c9cc58c495a3,2026-08-17T06:28:21.157011+00:00,learner_consequence,contextual_delayed_exp3,source_round,5000,573.2443263652949,0.1146488652730589,500.679505045245,0.100135901009049,4983,17,dc3305480f1ebe2fad9a87bacf8a30db4a3dae4fe63d5639585fb68abb79946e,d34df0ee35d5cdde507390d5c13f29c2ace3be843284c17069fa152433665f95,bc3959bf48160011252633e03c7903fe6a081d184462e6c6a74c0a9b80c09696,28ddb8fe61c6999c81f2bd336d7a532ded7f1225a2934280d18be65e8479bd2b,ca6fc9d402e96351a0a2f7d216ee1ccbd72ca796644e2c05385be3d305347a33,0.0567079939495726
exp1_alignment_transfer:full:2026-08-17T06:28:21.157011+00:00,paper,True,primary,exp1_alignment_transfer,primary_t5000_k10,24,mixture_delay,23199c4827c06f76d1d9a7a4fc39e56e21eb26b8,1738aa639b37c24c9a687969970adb435313e91ca717b336ca50525dd7d4e928,3ebb8ce93cecd9d76ef6358493113e3d186b46dc569038f73332c9cc58c495a3,3ebb8ce93cecd9d76ef6358493113e3d186b46dc569038f73332c9cc58c495a3,2026-08-17T06:28:21.157011+00:00,learner_consequence,contextual_delayed_exp3,arrival_clock,5000,815.3835650905,0.1630767130181,742.8187437704502,0.14856374875409,4985,15,abae34b9f3f11470fb300dea7260a96dcb4dabd4d0b06cd61a8b5758272a415b,d34df0ee35d5cdde507390d5c13f29c2ace3be843284c17069fa152433665f95,58e3394e958d2de272a0181a0b9ef263b4a0ff5a64e4fb36a25ba353d194225e,28ddb8fe61c6999c81f2bd336d7a532ded7f1225a2934280d18be65e8479bd2b,c6e43603a205bfcf83c522c8adfb34601661149fb91c7b36611ba8bbabdbfc32,0.0484083594279838
exp1_alignment_transfer:full:2026-08-17T06:28:21.157011+00:00,paper,True,primary,exp1_alignment_transfer,primary_t5000_k10,24,mixture_delay,23199c4827c06f76d1d9a7a4fc39e56e21eb26b8,1738aa639b37c24c9a687969970adb435313e91ca717b336ca50525dd7d4e928,3ebb8ce93cecd9d76ef6358493113e3d186b46dc569038f73332c9cc58c495a3,3ebb8ce93cecd9d76ef6358493113e3d186b46dc569038f73332c9cc58c495a3,2026-08-17T06:28:21.157011+00:00,learner_consequence,contextual_delayed_exp3,source_round,5000,573.3417679505808,0.1146683535901161,500.776946630531,0.1001553893261062,4985,15,dfcf1fc20c3026b540e1d039632f11b9077b4d82343ff9a90eea1ae495e0718d,d34df0ee35d5cdde507390d5c13f29c2ace3be843284c17069fa152433665f95,58e3394e958d2de272a0181a0b9ef263b4a0ff5a64e4fb36a25ba353d194225e,28ddb8fe61c6999c81f2bd336d7a532ded7f1225a2934280d18be65e8479bd2b,c6e43603a205bfcf83c522c8adfb34601661149fb91c7b36611ba8bbabdbfc32,0.0484083594279838
exp1_alignment_transfer:full:2026-08-17T06:28:21.157011+00:00,paper,True,primary,exp1_alignment_transfer,primary_t5000_k10,24,state_coupled_delay,23199c4827c06f76d1d9a7a4fc39e56e21eb26b8,1738aa639b37c24c9a687969970adb435313e91ca717b336ca50525dd7d4e928,3ebb8ce93cecd9d76ef6358493113e3d186b46dc569038f73332c9cc58c495a3,3ebb8ce93cecd9d76ef6358493113e3d186b46dc569038f73332c9cc58c495a3,2026-08-17T06:28:21.157011+00:00,learner_consequence,contextual_delayed_exp3,arrival_clock,5000,822.8967638860161,0.1645793527772032,750.3319425659661,0.1500663885131932,4982,18,ea673d054fea150f37c6a1650699c4e4d591c15b13f2505653f807f2846346b0,d34df0ee35d5cdde507390d5c13f29c2ace3be843284c17069fa152433665f95,b8fe832e2ede9751a1523b1c4e9d8d92e6d3525fb21fb24fce0910330793cb51,28ddb8fe61c6999c81f2bd336d7a532ded7f1225a2934280d18be65e8479bd2b,f5140446bb6d4b9c91cb1ebbefa5cb8ce0e19741184857453ef80a7071418fc6,0.0499394164112397
exp1_alignment_transfer:full:2026-08-17T06:28:21.157011+00:00,paper,True,primary,exp1_alignment_transfer,primary_t5000_k10,24,state_coupled_delay,23199c4827c06f76d1d9a7a4fc39e56e21eb26b8,1738aa639b37c24c9a687969970adb435313e91ca717b336ca50525dd7d4e928,3ebb8ce93cecd9d76ef6358493113e3d186b46dc569038f73332c9cc58c495a3,3ebb8ce93cecd9d76ef6358493113e3d186b46dc569038f73332c9cc58c495a3,2026-08-17T06:28:21.157011+00:00,learner_consequence,contextual_delayed_exp3,source_round,5000,573.1996818298173,0.1146399363659634,500.63486050976746,0.1001269721019535,4982,18,65460234221080c1f53e89901ad1785bd9958508912d72f3fec884707adf2779,d34df0ee35d5cdde507390d5c13f29c2ace3be843284c17069fa152433665f95,b8fe832e2ede9751a1523b1c4e9d8d92e6d3525fb21fb24fce0910330793cb51,28ddb8fe61c6999c81f2bd336d7a532ded7f1225a2934280d18be65e8479bd2b,f5140446bb6d4b9c91cb1ebbefa5cb8ce0e19741184857453ef80a7071418fc6,0.0499394164112397
exp1_alignment_transfer:full:2026-08-17T06:28:21.157011+00:00,paper,True,primary,exp1_alignment_transfer,primary_t5000_k10,24,systematic_misbinding,23199c4827c06f76d1d9a7a4fc39e56e21eb26b8,1738aa639b37c24c9a687969970adb435313e91ca717b336ca50525dd7d4e928,3ebb8ce93cecd9d76ef6358493113e3d186b46dc569038f73332c9cc58c495a3,3ebb8ce93cecd9d76ef6358493113e3d186b46dc569038f73332c9cc58c495a3,2026-08-17T06:28:21.157011+00:00,learner_consequence,contextual_delayed_exp3,arrival_clock,5000,867.4691358024689,0.1734938271604937,772.469135802469,0.1544938271604938,4985,15,811839b1fcac6570bf14b9858cfd8a8269f5263fc0446223ac27d2fad57e1165,1a355e9727599fe542db53e65dcb488ffaa2f721f90a3092be97f80ab677bf6e,71633b72a362ca9f9b5553f10b6349ab892cb8938cdd9bcbc78347cadb0cefbe,28ddb8fe61c6999c81f2bd336d7a532ded7f1225a2934280d18be65e8479bd2b,06302240528faf509087c008bb8eb59c91ac38ab34b20060c2179ec1129d88ee,0.065753086419753
exp1_alignment_transfer:full:2026-08-17T06:28:21.157011+00:00,paper,True,primary,exp1_alignment_transfer,primary_t5000_k10,24,systematic_misbinding,23199c4827c06f76d1d9a7a4fc39e56e21eb26b8,1738aa639b37c24c9a687969970adb435313e91ca717b336ca50525dd7d4e928,3ebb8ce93cecd9d76ef6358493113e3d186b46dc569038f73332c9cc58c495a3,3ebb8ce93cecd9d76ef6358493113e3d186b46dc569038f73332c9cc58c495a3,2026-08-17T06:28:21.157011+00:00,learner_consequence,contextual_delayed_exp3,source_round,5000,538.7037037037037,0.1077407407407407,443.7037037037037,0.0887407407407407,4985,15,109de4fb99bf11d4348348eb8344cd84d2e1f05a2f272124a9dbed0babdb60b5,1a355e9727599fe542db53e65dcb488ffaa2f721f90a3092be97f80ab677bf6e,71633b72a362ca9f9b5553f10b6349ab892cb8938cdd9bcbc78347cadb0cefbe,28ddb8fe61c6999c81f2bd336d7a532ded7f1225a2934280d18be65e8479bd2b,06302240528faf509087c008bb8eb59c91ac38ab34b20060c2179ec1129d88ee,0.065753086419753
exp1_alignment_transfer:full:2026-08-17T06:28:21.157011+00:00,paper,True,primary,exp1_alignment_transfer,primary_t5000_k10,25,zero_delay,23199c4827c06f76d1d9a7a4fc39e56e21eb26b8,1738aa639b37c24c9a687969970adb435313e91ca717b336ca50525dd7d4e928,3ebb8ce93cecd9d76ef6358493113e3d186b46dc569038f73332c9cc58c495a3,3ebb8ce93cecd9d76ef6358493113e3d186b46dc569038f73332c9cc58c495a3,2026-08-17T06:28:21.157011+00:00,learner_consequence,contextual_delayed_exp3,arrival_clock,5000,571.4015647451729,0.1142803129490345,500.7618938916036,0.1001523787783207,5000,0,7737657796eb3ab823e872c8a64682c423e9fd024864349b1168a7ea18261d68,dec966ed2ce50893c81eddbfb1e64b0c90a1f66e8320bf6354d2244907fd819f,6f5db262b6fe4bb39ead00aafa748a2c395dccaeaa61482c537232b00bb92c4c,4ab5bfb61f06121692c9f4c79b4aea98e001e8c01c15fb9c060f33d990e34316,3223821d95acb999b3051f03f45240753805a3408f92e2254c2dda5ea9b7bdbe,0.0
exp1_alignment_transfer:full:2026-08-17T06:28:21.157011+00:00,paper,True,primary,exp1_alignment_transfer,primary_t5000_k10,25,zero_delay,23199c4827c06f76d1d9a7a4fc39e56e21eb26b8,1738aa639b37c24c9a687969970adb435313e91ca717b336ca50525dd7d4e928,3ebb8ce93cecd9d76ef6358493113e3d186b46dc569038f73332c9cc58c495a3,3ebb8ce93cecd9d76ef6358493113e3d186b46dc569038f73332c9cc58c495a3,2026-08-17T06:28:21.157011+00:00,learner_consequence,contextual_delayed_exp3,source_round,5000,571.4015647451729,0.1142803129490345,500.7618938916036,0.1001523787783207,5000,0,7737657796eb3ab823e872c8a64682c423e9fd024864349b1168a7ea18261d68,dec966ed2ce50893c81eddbfb1e64b0c90a1f66e8320bf6354d2244907fd819f,6f5db262b6fe4bb39ead00aafa748a2c395dccaeaa61482c537232b00bb92c4c,4ab5bfb61f06121692c9f4c79b4aea98e001e8c01c15fb9c060f33d990e34316,3223821d95acb999b3051f03f45240753805a3408f92e2254c2dda5ea9b7bdbe,0.0
exp1_alignment_transfer:full:2026-08-17T06:28:21.157011+00:00,paper,True,primary,exp1_alignment_transfer,primary_t5000_k10,25,exact_valid_shift,23199c4827c06f76d1d9a7a4fc39e56e21eb26b8,1738aa639b37c24c9a687969970adb435313e91ca717b336ca50525dd7d4e928,3ebb8ce93cecd9d76ef6358493113e3d186b46dc569038f73332c9cc58c495a3,3ebb8ce93cecd9d76ef6358493113e3d186b46dc569038f73332c9cc58c495a3,2026-08-17T06:28:21.157011+00:00,learner_consequence,contextual_delayed_exp3,arrival_clock,5000,991.104,0.1982208,450.72,0.090144,4982,18,49e78109d58bae600e5b803f420fd2f23fe11695e4898873f1376b0225a40bb5,3054307cceace89d7c7b5b9556750e1b01ea0dddd0cd920834609a66b6e08010,67643870cc2805c29dfd17624592846e05fcdc830c4cb3f80dd019a5e801f1f5,4ab5bfb61f06121692c9f4c79b4aea98e001e8c01c15fb9c060f33d990e34316,7690d0e3e55967b6755ee724b0852ac7a7b23d22de53add4abd485854587483c,0.0681552
exp1_alignment_transfer:full:2026-08-17T06:28:21.157011+00:00,paper,True,primary,exp1_alignment_transfer,primary_t5000_k10,25,exact_valid_shift,23199c4827c06f76d1d9a7a4fc39e56e21eb26b8,1738aa639b37c24c9a687969970adb435313e91ca717b336ca50525dd7d4e928,3ebb8ce93cecd9d76ef6358493113e3d186b46dc569038f73332c9cc58c495a3,3ebb8ce93cecd9d76ef6358493113e3d186b46dc569038f73332c9cc58c495a3,2026-08-17T06:28:21.157011+00:00,learner_consequence,contextual_delayed_exp3,source_round,5000,650.328,0.1300656,109.944,0.0219888,4982,18,452d30ddc3ff35a26323784da17f26e39a923a37ee0b63d0816af8da67e812c8,3054307cceace89d7c7b5b9556750e1b01ea0dddd0cd920834609a66b6e08010,67643870cc2805c29dfd17624592846e05fcdc830c4cb3f80dd019a5e801f1f5,4ab5bfb61f06121692c9f4c79b4aea98e001e8c01c15fb9c060f33d990e34316,7690d0e3e55967b6755ee724b0852ac7a7b23d22de53add4abd485854587483c,0.0681552
exp1_alignment_transfer:full:2026-08-17T06:28:21.157011+00:00,paper,True,primary,exp1_alignment_transfer,primary_t5000_k10,25,geometric_delay,23199c4827c06f76d1d9a7a4fc39e56e21eb26b8,1738aa639b37c24c9a687969970adb435313e91ca717b336ca50525dd7d4e928,3ebb8ce93cecd9d76ef6358493113e3d186b46dc569038f73332c9cc58c495a3,3ebb8ce93cecd9d76ef6358493113e3d186b46dc569038f73332c9cc58c495a3,2026-08-17T06:28:21.157011+00:00,learner_consequence,contextual_delayed_exp3,arrival_clock,5000,869.7325330108604,0.173946506602172,799.0928621572912,0.1598185724314582,4982,18,ca44a8b0ea7c4c5fc7544ad278ee73bae8f5e37a699d8ad72f1e0845c97bf8fb,dec966ed2ce50893c81eddbfb1e64b0c90a1f66e8320bf6354d2244907fd819f,67643870cc2805c29dfd17624592846e05fcdc830c4cb3f80dd019a5e801f1f5,4ab5bfb61f06121692c9f4c79b4aea98e001e8c01c15fb9c060f33d990e34316,bfff076ab04d20aea66617b601d0f87b59495772e7c393bc17951927a4c78043,0.0588439736416442
exp1_alignment_transfer:full:2026-08-17T06:28:21.157011+00:00,paper,True,primary,exp1_alignment_transfer,primary_t5000_k10,25,geometric_delay,23199c4827c06f76d1d9a7a4fc39e56e21eb26b8,1738aa639b37c24c9a687969970adb435313e91ca717b336ca50525dd7d4e928,3ebb8ce93cecd9d76ef6358493113e3d186b46dc569038f73332c9cc58c495a3,3ebb8ce93cecd9d76ef6358493113e3d186b46dc569038f73332c9cc58c495a3,2026-08-17T06:28:21.157011+00:00,learner_consequence,contextual_delayed_exp3,source_round,5000,575.5126648026392,0.1151025329605278,504.87299394907,0.1009745987898139,4982,18,159f01fea5f274ab3320e41cf4a7ef3a78ad425ecf55d9740ccd1a6bf53c53a5,dec966ed2ce50893c81eddbfb1e64b0c90a1f66e8320bf6354d2244907fd819f,67643870cc2805c29dfd17624592846e05fcdc830c4cb3f80dd019a5e801f1f5,4ab5bfb61f06121692c9f4c79b4aea98e001e8c01c15fb9c060f33d990e34316,bfff076ab04d20aea66617b601d0f87b59495772e7c393bc17951927a4c78043,0.0588439736416442
exp1_alignment_transfer:full:2026-08-17T06:28:21.157011+00:00,paper,True,primary,exp1_alignment_transfer,primary_t5000_k10,25,mixture_delay,23199c4827c06f76d1d9a7a4fc39e56e21eb26b8,1738aa639b37c24c9a687969970adb435313e91ca717b336ca50525dd7d4e928,3ebb8ce93cecd9d76ef6358493113e3d186b46dc569038f73332c9cc58c495a3,3ebb8ce93cecd9d76ef6358493113e3d186b46dc569038f73332c9cc58c495a3,2026-08-17T06:28:21.157011+00:00,learner_consequence,contextual_delayed_exp3,arrival_clock,5000,778.5357206410265,0.1557071441282053,707.8960497874573,0.1415792099574914,4984,16,a8ae8c4905f9e68986366b8f0d193262aeba743dfc74474b266e002b138d8a2c,dec966ed2ce50893c81eddbfb1e64b0c90a1f66e8320bf6354d2244907fd819f,51d1f57810cc6438e58eb23a2550473d2030b36092c14a536ea510d28ec78c31,4ab5bfb61f06121692c9f4c79b4aea98e001e8c01c15fb9c060f33d990e34316,2d782c6b4bb2018a345e747f22133cc08e46a8ae9c4fbfb828f2f9f61848092c,0.0407397019397409
exp1_alignment_transfer:full:2026-08-17T06:28:21.157011+00:00,paper,True,primary,exp1_alignment_transfer,primary_t5000_k10,25,mixture_delay,23199c4827c06f76d1d9a7a4fc39e56e21eb26b8,1738aa639b37c24c9a687969970adb435313e91ca717b336ca50525dd7d4e928,3ebb8ce93cecd9d76ef6358493113e3d186b46dc569038f73332c9cc58c495a3,3ebb8ce93cecd9d76ef6358493113e3d186b46dc569038f73332c9cc58c495a3,2026-08-17T06:28:21.157011+00:00,learner_consequence,contextual_delayed_exp3,source_round,5000,574.8372109423219,0.1149674421884643,504.1975400887526,0.1008395080177505,4984,16,b9ca76a1255ab988a47b5e43bc57ba484a646d3edef65b859e4772fd09407827,dec966ed2ce50893c81eddbfb1e64b0c90a1f66e8320bf6354d2244907fd819f,51d1f57810cc6438e58eb23a2550473d2030b36092c14a536ea510d28ec78c31,4ab5bfb61f06121692c9f4c79b4aea98e001e8c01c15fb9c060f33d990e34316,2d782c6b4bb2018a345e747f22133cc08e46a8ae9c4fbfb828f2f9f61848092c,0.0407397019397409
exp1_alignment_transfer:full:2026-08-17T06:28:21.157011+00:00,paper,True,primary,exp1_alignment_transfer,primary_t5000_k10,25,state_coupled_delay,23199c4827c06f76d1d9a7a4fc39e56e21eb26b8,1738aa639b37c24c9a687969970adb435313e91ca717b336ca50525dd7d4e928,3ebb8ce93cecd9d76ef6358493113e3d186b46dc569038f73332c9cc58c495a3,3ebb8ce93cecd9d76ef6358493113e3d186b46dc569038f73332c9cc58c495a3,2026-08-17T06:28:21.157011+00:00,learner_consequence,contextual_delayed_exp3,arrival_clock,5000,859.5131713228354,0.1719026342645671,788.8735004692662,0.1577747000938532,4984,16,54b8050a003a6a24ae754368f1d917cf4346dacbe71dcf9ac78b88c0e971c218,dec966ed2ce50893c81eddbfb1e64b0c90a1f66e8320bf6354d2244907fd819f,0bcbe2efe0b13635d1c0c954ec98099578d017260098b368d04e720143a7cc35,4ab5bfb61f06121692c9f4c79b4aea98e001e8c01c15fb9c060f33d990e34316,68a74289f72699c058190e3a6ce94bc427df1ca4ad76462ed7a643b4df53fec4,0.0568329392274982
exp1_alignment_transfer:full:2026-08-17T06:28:21.157011+00:00,paper,True,primary,exp1_alignment_transfer,primary_t5000_k10,25,state_coupled_delay,23199c4827c06f76d1d9a7a4fc39e56e21eb26b8,1738aa639b37c24c9a687969970adb435313e91ca717b336ca50525dd7d4e928,3ebb8ce93cecd9d76ef6358493113e3d186b46dc569038f73332c9cc58c495a3,3ebb8ce93cecd9d76ef6358493113e3d186b46dc569038f73332c9cc58c495a3,2026-08-17T06:28:21.157011+00:00,learner_consequence,contextual_delayed_exp3,source_round,5000,575.3484751853441,0.1150696950370688,504.7088043317749,0.1009417608663549,4984,16,07beb66e01a5224a423636f0786ea50c9a7cbc03759d2b4fa78c122ce1e390f1,dec966ed2ce50893c81eddbfb1e64b0c90a1f66e8320bf6354d2244907fd819f,0bcbe2efe0b13635d1c0c954ec98099578d017260098b368d04e720143a7cc35,4ab5bfb61f06121692c9f4c79b4aea98e001e8c01c15fb9c060f33d990e34316,68a74289f72699c058190e3a6ce94bc427df1ca4ad76462ed7a643b4df53fec4,0.0568329392274982
exp1_alignment_transfer:full:2026-08-17T06:28:21.157011+00:00,paper,True,primary,exp1_alignment_transfer,primary_t5000_k10,25,systematic_misbinding,23199c4827c06f76d1d9a7a4fc39e56e21eb26b8,1738aa639b37c24c9a687969970adb435313e91ca717b336ca50525dd7d4e928,3ebb8ce93cecd9d76ef6358493113e3d186b46dc569038f73332c9cc58c495a3,3ebb8ce93cecd9d76ef6358493113e3d186b46dc569038f73332c9cc58c495a3,2026-08-17T06:28:21.157011+00:00,learner_consequence,contextual_delayed_exp3,arrival_clock,5000,916.9629629629628,0.1833925925925925,826.8765432098764,0.1653753086419752,4985,15,bc33c1faacb853eae074b91d9ef8c2645a275fb5bae1a5c27b24d1369805e6c5,78f91bd3936a66933531ff386cba1af5d0aae51caa912b0bf24f55d25ea72c1b,deac3426dc88143ddb6e607ce6f9d5ca316500c7c99a973ccbf00f4a40e97a8e,4ab5bfb61f06121692c9f4c79b4aea98e001e8c01c15fb9c060f33d990e34316,3ca2a69d9b341f68e1be694b933a2d2aa5fda96d508ea2ee246d8d0952ae3b91,0.0783728395061728
exp1_alignment_transfer:full:2026-08-17T06:28:21.157011+00:00,paper,True,primary,exp1_alignment_transfer,primary_t5000_k10,25,systematic_misbinding,23199c4827c06f76d1d9a7a4fc39e56e21eb26b8,1738aa639b37c24c9a687969970adb435313e91ca717b336ca50525dd7d4e928,3ebb8ce93cecd9d76ef6358493113e3d186b46dc569038f73332c9cc58c495a3,3ebb8ce93cecd9d76ef6358493113e3d186b46dc569038f73332c9cc58c495a3,2026-08-17T06:28:21.157011+00:00,learner_consequence,contextual_delayed_exp3,source_round,5000,525.0987654320987,0.1050197530864197,435.0123456790122,0.0870024691358024,4985,15,6a7f5be171af1c7d01e27b5939043546c84d40608fdc7c4a51b61a493e858e66,78f91bd3936a66933531ff386cba1af5d0aae51caa912b0bf24f55d25ea72c1b,deac3426dc88143ddb6e607ce6f9d5ca316500c7c99a973ccbf00f4a40e97a8e,4ab5bfb61f06121692c9f4c79b4aea98e001e8c01c15fb9c060f33d990e34316,3ca2a69d9b341f68e1be694b933a2d2aa5fda96d508ea2ee246d8d0952ae3b91,0.0783728395061728
exp1_alignment_transfer:full:2026-08-17T06:28:21.157011+00:00,paper,True,primary,exp1_alignment_transfer,primary_t5000_k10,26,zero_delay,23199c4827c06f76d1d9a7a4fc39e56e21eb26b8,1738aa639b37c24c9a687969970adb435313e91ca717b336ca50525dd7d4e928,3ebb8ce93cecd9d76ef6358493113e3d186b46dc569038f73332c9cc58c495a3,3ebb8ce93cecd9d76ef6358493113e3d186b46dc569038f73332c9cc58c495a3,2026-08-17T06:28:21.157011+00:00,learner_consequence,contextual_delayed_exp3,arrival_clock,5000,574.1152931341636,0.1148230586268327,500.4766175591624,0.1000953235118324,5000,0,5ec60e6e6dcc9695462ea0701236805f3ba88776e1bac4303aed417c10951c7b,d5b91c7b245451978681fbf55347da0c2d2ce629c51d74194f5dc6cf64896c9b,42f38e9245d246b73886d0ef1aa261f72c6e0b98af5a88aa3e065bd923612795,92cbcc212034b8a4b204d0d8f323b8c63a1a24dfbca32bcb43835c54670201e3,f5c811b55629f78f8d5e26cc2701a2d1d8f055ad221e8164f5680db971e9aeb3,0.0
exp1_alignment_transfer:full:2026-08-17T06:28:21.157011+00:00,paper,True,primary,exp1_alignment_transfer,primary_t5000_k10,26,zero_delay,23199c4827c06f76d1d9a7a4fc39e56e21eb26b8,1738aa639b37c24c9a687969970adb435313e91ca717b336ca50525dd7d4e928,3ebb8ce93cecd9d76ef6358493113e3d186b46dc569038f73332c9cc58c495a3,3ebb8ce93cecd9d76ef6358493113e3d186b46dc569038f73332c9cc58c495a3,2026-08-17T06:28:21.157011+00:00,learner_consequence,contextual_delayed_exp3,source_round,5000,574.1152931341636,0.1148230586268327,500.4766175591624,0.1000953235118324,5000,0,5ec60e6e6dcc9695462ea0701236805f3ba88776e1bac4303aed417c10951c7b,d5b91c7b245451978681fbf55347da0c2d2ce629c51d74194f5dc6cf64896c9b,42f38e9245d246b73886d0ef1aa261f72c6e0b98af5a88aa3e065bd923612795,92cbcc212034b8a4b204d0d8f323b8c63a1a24dfbca32bcb43835c54670201e3,f5c811b55629f78f8d5e26cc2701a2d1d8f055ad221e8164f5680db971e9aeb3,0.0
exp1_alignment_transfer:full:2026-08-17T06:28:21.157011+00:00,paper,True,primary,exp1_alignment_transfer,primary_t5000_k10,26,exact_valid_shift,23199c4827c06f76d1d9a7a4fc39e56e21eb26b8,1738aa639b37c24c9a687969970adb435313e91ca717b336ca50525dd7d4e928,3ebb8ce93cecd9d76ef6358493113e3d186b46dc569038f73332c9cc58c495a3,3ebb8ce93cecd9d76ef6358493113e3d186b46dc569038f73332c9cc58c495a3,2026-08-17T06:28:21.157011+00:00,learner_consequence,contextual_delayed_exp3,arrival_clock,5000,987.096,0.1974192,413.64,0.082728,4983,17,b366b211ec0c482a4024211d697c9a90c6652fd89a8c7392a33ad49ecd709bc5,deda50bdfed0d9ae89830093c2f4a4322fcc2cd18ac075de30958b7d168cd98e,e628de97734b46a825183edac49519228f791e14bed2bc7b4a95a73c1e061e8e,92cbcc212034b8a4b204d0d8f323b8c63a1a24dfbca32bcb43835c54670201e3,2a9b94590085155c14f65418a35193b766e5e8fb2a0fbbcd33aaa8f33a137d46,0.0681983999999999
exp1_alignment_transfer:full:2026-08-17T06:28:21.157011+00:00,paper,True,primary,exp1_alignment_transfer,primary_t5000_k10,26,exact_valid_shift,23199c4827c06f76d1d9a7a4fc39e56e21eb26b8,1738aa639b37c24c9a687969970adb435313e91ca717b336ca50525dd7d4e928,3ebb8ce93cecd9d76ef6358493113e3d186b46dc569038f73332c9cc58c495a3,3ebb8ce93cecd9d76ef6358493113e3d186b46dc569038f73332c9cc58c495a3,2026-08-17T06:28:21.157011+00:00,learner_consequence,contextual_delayed_exp3,source_round,5000,646.104,0.1292208,72.648,0.0145295999999999,4983,17,2b4488416837a9ecf812ee9a6948c566993dcf090427f0e0314db7a85dbd3675,deda50bdfed0d9ae89830093c2f4a4322fcc2cd18ac075de30958b7d168cd98e,e628de97734b46a825183edac49519228f791e14bed2bc7b4a95a73c1e061e8e,92cbcc212034b8a4b204d0d8f323b8c63a1a24dfbca32bcb43835c54670201e3,2a9b94590085155c14f65418a35193b766e5e8fb2a0fbbcd33aaa8f33a137d46,0.0681983999999999
exp1_alignment_transfer:full:2026-08-17T06:28:21.157011+00:00,paper,True,primary,exp1_alignment_transfer,primary_t5000_k10,26,geometric_delay,23199c4827c06f76d1d9a7a4fc39e56e21eb26b8,1738aa639b37c24c9a687969970adb435313e91ca717b336ca50525dd7d4e928,3ebb8ce93cecd9d76ef6358493113e3d186b46dc569038f73332c9cc58c495a3,3ebb8ce93cecd9d76ef6358493113e3d186b46dc569038f73332c9cc58c495a3,2026-08-17T06:28:21.157011+00:00,learner_consequence,contextual_delayed_exp3,arrival_clock,5000,850.4470552571595,0.1700894110514319,776.8083796821581,0.1553616759364316,4983,17,356893c58a0bad9f1d6e289afdd6684ca32c7e919c0d9c2b21e63a64fc9c416d,d5b91c7b245451978681fbf55347da0c2d2ce629c51d74194f5dc6cf64896c9b,e628de97734b46a825183edac49519228f791e14bed2bc7b4a95a73c1e061e8e,92cbcc212034b8a4b204d0d8f323b8c63a1a24dfbca32bcb43835c54670201e3,0fd671a753d129187141d05d6462e6013279de14ae52f9d24f6b7922e7d0f65c,0.0544039886744217
exp1_alignment_transfer:full:2026-08-17T06:28:21.157011+00:00,paper,True,primary,exp1_alignment_transfer,primary_t5000_k10,26,geometric_delay,23199c4827c06f76d1d9a7a4fc39e56e21eb26b8,1738aa639b37c24c9a687969970adb435313e91ca717b336ca50525dd7d4e928,3ebb8ce93cecd9d76ef6358493113e3d186b46dc569038f73332c9cc58c495a3,3ebb8ce93cecd9d76ef6358493113e3d186b46dc569038f73332c9cc58c495a3,2026-08-17T06:28:21.157011+00:00,learner_consequence,contextual_delayed_exp3,source_round,5000,578.4271118850509,0.1156854223770101,504.7884363100497,0.1009576872620099,4983,17,e64efb65971e82f8cd5d3a2937f0d7f96871d65d4c667f19e17141b747d1efad,d5b91c7b245451978681fbf55347da0c2d2ce629c51d74194f5dc6cf64896c9b,e628de97734b46a825183edac49519228f791e14bed2bc7b4a95a73c1e061e8e,92cbcc212034b8a4b204d0d8f323b8c63a1a24dfbca32bcb43835c54670201e3,0fd671a753d129187141d05d6462e6013279de14ae52f9d24f6b7922e7d0f65c,0.0544039886744217
exp1_alignment_transfer:full:2026-08-17T06:28:21.157011+00:00,paper,True,primary,exp1_alignment_transfer,primary_t5000_k10,26,mixture_delay,23199c4827c06f76d1d9a7a4fc39e56e21eb26b8,1738aa639b37c24c9a687969970adb435313e91ca717b336ca50525dd7d4e928,3ebb8ce93cecd9d76ef6358493113e3d186b46dc569038f73332c9cc58c495a3,3ebb8ce93cecd9d76ef6358493113e3d186b46dc569038f73332c9cc58c495a3,2026-08-17T06:28:21.157011+00:00,learner_consequence,contextual_delayed_exp3,arrival_clock,5000,828.5144148321281,0.1657028829664256,754.8757392571267,0.1509751478514253,4986,14,8f3ba0659bb9974eb2db15833956d5d7b1b8891099ef326953b07700b80dc98b,d5b91c7b245451978681fbf55347da0c2d2ce629c51d74194f5dc6cf64896c9b,274ff5c0849cca946968abfcb7d9997b1c96f6e46c76f8fa8fe779655cba72ea,92cbcc212034b8a4b204d0d8f323b8c63a1a24dfbca32bcb43835c54670201e3,9d4ac0bd1455d1293922dc6fc7aef3d5ba3b87e9017aa8caa8f1a8a2bff8ff84,0.0500367095718817
exp1_alignment_transfer:full:2026-08-17T06:28:21.157011+00:00,paper,True,primary,exp1_alignment_transfer,primary_t5000_k10,26,mixture_delay,23199c4827c06f76d1d9a7a4fc39e56e21eb26b8,1738aa639b37c24c9a687969970adb435313e91ca717b336ca50525dd7d4e928,3ebb8ce93cecd9d76ef6358493113e3d186b46dc569038f73332c9cc58c495a3,3ebb8ce93cecd9d76ef6358493113e3d186b46dc569038f73332c9cc58c495a3,2026-08-17T06:28:21.157011+00:00,learner_consequence,contextual_delayed_exp3,source_round,5000,578.330866972719,0.1156661733945438,504.69219139771786,0.1009384382795435,4986,14,99d25380a065b46dec654c3ee0026dc316c141a09ab3dc8986f541929e2f3a6d,d5b91c7b245451978681fbf55347da0c2d2ce629c51d74194f5dc6cf64896c9b,274ff5c0849cca946968abfcb7d9997b1c96f6e46c76f8fa8fe779655cba72ea,92cbcc212034b8a4b204d0d8f323b8c63a1a24dfbca32bcb43835c54670201e3,9d4ac0bd1455d1293922dc6fc7aef3d5ba3b87e9017aa8caa8f1a8a2bff8ff84,0.0500367095718817
exp1_alignment_transfer:full:2026-08-17T06:28:21.157011+00:00,paper,True,primary,exp1_alignment_transfer,primary_t5000_k10,26,state_coupled_delay,23199c4827c06f76d1d9a7a4fc39e56e21eb26b8,1738aa639b37c24c9a687969970adb435313e91ca717b336ca50525dd7d4e928,3ebb8ce93cecd9d76ef6358493113e3d186b46dc569038f73332c9cc58c495a3,3ebb8ce93cecd9d76ef6358493113e3d186b46dc569038f73332c9cc58c495a3,2026-08-17T06:28:21.157011+00:00,learner_consequence,contextual_delayed_exp3,arrival_clock,5000,865.1145468872727,0.1730229093774545,791.4758713122715,0.1582951742624543,4980,20,5dd5c9088fcaba75fbcac8b29abaa1754f4073525ed3543f204b353d3f53943f,d5b91c7b245451978681fbf55347da0c2d2ce629c51d74194f5dc6cf64896c9b,bab2cda2e7df829fdeb87d0a03bb53250bb13dd012005a1510467fd11d7b8b74,92cbcc212034b8a4b204d0d8f323b8c63a1a24dfbca32bcb43835c54670201e3,17bcc341eddda1d642e9c1f9d1e64faf413770fdd9ecbfd30110909afe329206,0.0572095936394928
exp1_alignment_transfer:full:2026-08-17T06:28:21.157011+00:00,paper,True,primary,exp1_alignment_transfer,primary_t5000_k10,26,state_coupled_delay,23199c4827c06f76d1d9a7a4fc39e56e21eb26b8,1738aa639b37c24c9a687969970adb435313e91ca717b336ca50525dd7d4e928,3ebb8ce93cecd9d76ef6358493113e3d186b46dc569038f73332c9cc58c495a3,3ebb8ce93cecd9d76ef6358493113e3d186b46dc569038f73332c9cc58c495a3,2026-08-17T06:28:21.157011+00:00,learner_consequence,contextual_delayed_exp3,source_round,5000,579.0665786898084,0.1158133157379616,505.4279031148071,0.1010855806229614,4980,20,d6bcc3f0441f7a3eb95c77bf475952a1fe79c892da7847ad356f3e25c498f385,d5b91c7b245451978681fbf55347da0c2d2ce629c51d74194f5dc6cf64896c9b,bab2cda2e7df829fdeb87d0a03bb53250bb13dd012005a1510467fd11d7b8b74,92cbcc212034b8a4b204d0d8f323b8c63a1a24dfbca32bcb43835c54670201e3,17bcc341eddda1d642e9c1f9d1e64faf413770fdd9ecbfd30110909afe329206,0.0572095936394928
exp1_alignment_transfer:full:2026-08-17T06:28:21.157011+00:00,paper,True,primary,exp1_alignment_transfer,primary_t5000_k10,26,systematic_misbinding,23199c4827c06f76d1d9a7a4fc39e56e21eb26b8,1738aa639b37c24c9a687969970adb435313e91ca717b336ca50525dd7d4e928,3ebb8ce93cecd9d76ef6358493113e3d186b46dc569038f73332c9cc58c495a3,3ebb8ce93cecd9d76ef6358493113e3d186b46dc569038f73332c9cc58c495a3,2026-08-17T06:28:21.157011+00:00,learner_consequence,contextual_delayed_exp3,arrival_clock,5000,885.9382716049381,0.1771876543209876,790.432098765432,0.1580864197530864,4985,15,99a5030451a54c0b81f11439a59e3a8381df6e04e7fa2caa120d6502b77bc9fe,28b869d18f298db7455f5cd11f9a1bb48d08862e84461b630a36c48b4c6e35e8,774ae03f0b0fda6edf6a3b449e3ec6f295b8ce88464cfc4d910e4e6ff2b4f504,92cbcc212034b8a4b204d0d8f323b8c63a1a24dfbca32bcb43835c54670201e3,00bdc3d7310cd0e8a6fac035610f532c58e0c040fe9139f44df2282f5587e128,0.0707135802469135
exp1_alignment_transfer:full:2026-08-17T06:28:21.157011+00:00,paper,True,primary,exp1_alignment_transfer,primary_t5000_k10,26,systematic_misbinding,23199c4827c06f76d1d9a7a4fc39e56e21eb26b8,1738aa639b37c24c9a687969970adb435313e91ca717b336ca50525dd7d4e928,3ebb8ce93cecd9d76ef6358493113e3d186b46dc569038f73332c9cc58c495a3,3ebb8ce93cecd9d76ef6358493113e3d186b46dc569038f73332c9cc58c495a3,2026-08-17T06:28:21.157011+00:00,learner_consequence,contextual_delayed_exp3,source_round,5000,532.3703703703702,0.106474074074074,436.8641975308641,0.0873728395061728,4985,15,5c4298b4eceacfc91f829b9e9ddd001fb48f0d81d787e4f641521da0e904ddc5,28b869d18f298db7455f5cd11f9a1bb48d08862e84461b630a36c48b4c6e35e8,774ae03f0b0fda6edf6a3b449e3ec6f295b8ce88464cfc4d910e4e6ff2b4f504,92cbcc212034b8a4b204d0d8f323b8c63a1a24dfbca32bcb43835c54670201e3,00bdc3d7310cd0e8a6fac035610f532c58e0c040fe9139f44df2282f5587e128,0.0707135802469135
exp1_alignment_transfer:full:2026-08-17T06:28:21.157011+00:00,paper,True,primary,exp1_alignment_transfer,primary_t5000_k10,27,zero_delay,23199c4827c06f76d1d9a7a4fc39e56e21eb26b8,1738aa639b37c24c9a687969970adb435313e91ca717b336ca50525dd7d4e928,3ebb8ce93cecd9d76ef6358493113e3d186b46dc569038f73332c9cc58c495a3,3ebb8ce93cecd9d76ef6358493113e3d186b46dc569038f73332c9cc58c495a3,2026-08-17T06:28:21.157011+00:00,learner_consequence,contextual_delayed_exp3,arrival_clock,5000,569.7097609001951,0.113941952180039,496.39719383072094,0.0992794387661441,5000,0,362c35f638a6c4edcc090609be5062c47bfc07e1c8cebe51dd84becf49b27b2b,be806ea832831c700633d61df528d0dc08fc4e05b0a40296b3b887b18b43e168,99637b16a95ac94be6f9218221a9fbdcad0772f511e33cbbebe1c2f71f728d40,46eb58f8413d966a86ff000cbbdf85e07a75f26b7b35f3eccda095372e6952b8,e8151be153ed1163964c1b00085a1e0cf7296f6c566ac8caf0c703e7fa50c7e4,0.0
exp1_alignment_transfer:full:2026-08-17T06:28:21.157011+00:00,paper,True,primary,exp1_alignment_transfer,primary_t5000_k10,27,zero_delay,23199c4827c06f76d1d9a7a4fc39e56e21eb26b8,1738aa639b37c24c9a687969970adb435313e91ca717b336ca50525dd7d4e928,3ebb8ce93cecd9d76ef6358493113e3d186b46dc569038f73332c9cc58c495a3,3ebb8ce93cecd9d76ef6358493113e3d186b46dc569038f73332c9cc58c495a3,2026-08-17T06:28:21.157011+00:00,learner_consequence,contextual_delayed_exp3,source_round,5000,569.7097609001951,0.113941952180039,496.39719383072094,0.0992794387661441,5000,0,362c35f638a6c4edcc090609be5062c47bfc07e1c8cebe51dd84becf49b27b2b,be806ea832831c700633d61df528d0dc08fc4e05b0a40296b3b887b18b43e168,99637b16a95ac94be6f9218221a9fbdcad0772f511e33cbbebe1c2f71f728d40,46eb58f8413d966a86ff000cbbdf85e07a75f26b7b35f3eccda095372e6952b8,e8151be153ed1163964c1b00085a1e0cf7296f6c566ac8caf0c703e7fa50c7e4,0.0
exp1_alignment_transfer:full:2026-08-17T06:28:21.157011+00:00,paper,True,primary,exp1_alignment_transfer,primary_t5000_k10,27,exact_valid_shift,23199c4827c06f76d1d9a7a4fc39e56e21eb26b8,1738aa639b37c24c9a687969970adb435313e91ca717b336ca50525dd7d4e928,3ebb8ce93cecd9d76ef6358493113e3d186b46dc569038f73332c9cc58c495a3,3ebb8ce93cecd9d76ef6358493113e3d186b46dc569038f73332c9cc58c495a3,2026-08-17T06:28:21.157011+00:00,learner_consequence,contextual_delayed_exp3,arrival_clock,5000,984.24,0.196848,381.936,0.0763872,4984,16,717eed80e6263bf3084e34d091bc30605123277cc293d1dc9493d469f79a9eff,c77646fc0cda6cfed1625dd9b5f6cfc6ca337e47049d0e64693a26c64f832073,c7cb0a1207162fa1b32b3cd2e2596f5f4f6efd66b738367a7598cdd4542bc61d,46eb58f8413d966a86ff000cbbdf85e07a75f26b7b35f3eccda095372e6952b8,8bf32f561ae000c951b817a4ff33f0746485a0f24a76889e306f81ff6f20aa39,0.0664128
exp1_alignment_transfer:full:2026-08-17T06:28:21.157011+00:00,paper,True,primary,exp1_alignment_transfer,primary_t5000_k10,27,exact_valid_shift,23199c4827c06f76d1d9a7a4fc39e56e21eb26b8,1738aa639b37c24c9a687969970adb435313e91ca717b336ca50525dd7d4e928,3ebb8ce93cecd9d76ef6358493113e3d186b46dc569038f73332c9cc58c495a3,3ebb8ce93cecd9d76ef6358493113e3d186b46dc569038f73332c9cc58c495a3,2026-08-17T06:28:21.157011+00:00,learner_consequence,contextual_delayed_exp3,source_round,5000,652.1759999999999,0.1304351999999999,49.87199999999999,0.0099743999999999,4984,16,f770f50ad9084c72d618d792eee988f7f2b15f48fc3293460f393fe76c180209,c77646fc0cda6cfed1625dd9b5f6cfc6ca337e47049d0e64693a26c64f832073,c7cb0a1207162fa1b32b3cd2e2596f5f4f6efd66b738367a7598cdd4542bc61d,46eb58f8413d966a86ff000cbbdf85e07a75f26b7b35f3eccda095372e6952b8,8bf32f561ae000c951b817a4ff33f0746485a0f24a76889e306f81ff6f20aa39,0.0664128
exp1_alignment_transfer:full:2026-08-17T06:28:21.157011+00:00,paper,True,primary,exp1_alignment_transfer,primary_t5000_k10,27,geometric_delay,23199c4827c06f76d1d9a7a4fc39e56e21eb26b8,1738aa639b37c24c9a687969970adb435313e91ca717b336ca50525dd7d4e928,3ebb8ce93cecd9d76ef6358493113e3d186b46dc569038f73332c9cc58c495a3,3ebb8ce93cecd9d76ef6358493113e3d186b46dc569038f73332c9cc58c495a3,2026-08-17T06:28:21.157011+00:00,learner_consequence,contextual_delayed_exp3,arrival_clock,5000,863.8495165608481,0.1727699033121696,790.5369494913741,0.1581073898982748,4984,16,a03a8f7d4804d114cf94aaff880424cc734a31ca218d76f4c22aadb3c6342888,be806ea832831c700633d61df528d0dc08fc4e05b0a40296b3b887b18b43e168,c7cb0a1207162fa1b32b3cd2e2596f5f4f6efd66b738367a7598cdd4542bc61d,46eb58f8413d966a86ff000cbbdf85e07a75f26b7b35f3eccda095372e6952b8,384d5c7cf60028e6818dacd4085a7dc3318aa20eed4382475fe4784889c39908,0.0579312346787846
exp1_alignment_transfer:full:2026-08-17T06:28:21.157011+00:00,paper,True,primary,exp1_alignment_transfer,primary_t5000_k10,27,geometric_delay,23199c4827c06f76d1d9a7a4fc39e56e21eb26b8,1738aa639b37c24c9a687969970adb435313e91ca717b336ca50525dd7d4e928,3ebb8ce93cecd9d76ef6358493113e3d186b46dc569038f73332c9cc58c495a3,3ebb8ce93cecd9d76ef6358493113e3d186b46dc569038f73332c9cc58c495a3,2026-08-17T06:28:21.157011+00:00,learner_consequence,contextual_delayed_exp3,source_round,5000,574.1933431669249,0.1148386686333849,500.8807760974509,0.1001761552194901,4984,16,6515a7cd08282deefe7f342314e4d35cf8237cf44c81978c03ca6d216960e8f9,be806ea832831c700633d61df528d0dc08fc4e05b0a40296b3b887b18b43e168,c7cb0a1207162fa1b32b3cd2e2596f5f4f6efd66b738367a7598cdd4542bc61d,46eb58f8413d966a86ff000cbbdf85e07a75f26b7b35f3eccda095372e6952b8,384d5c7cf60028e6818dacd4085a7dc3318aa20eed4382475fe4784889c39908,0.0579312346787846
exp1_alignment_transfer:full:2026-08-17T06:28:21.157011+00:00,paper,True,primary,exp1_alignment_transfer,primary_t5000_k10,27,mixture_delay,23199c4827c06f76d1d9a7a4fc39e56e21eb26b8,1738aa639b37c24c9a687969970adb435313e91ca717b336ca50525dd7d4e928,3ebb8ce93cecd9d76ef6358493113e3d186b46dc569038f73332c9cc58c495a3,3ebb8ce93cecd9d76ef6358493113e3d186b46dc569038f73332c9cc58c495a3,2026-08-17T06:28:21.157011+00:00,learner_consequence,contextual_delayed_exp3,arrival_clock,5000,798.2206409770245,0.1596441281954048,724.9080739075505,0.1449816147815101,4986,14,94483dae34e65b6623eeba6e2d0b16e25a4ed3ad4e4346b037caefd93aa471da,be806ea832831c700633d61df528d0dc08fc4e05b0a40296b3b887b18b43e168,b2a0986748dbcbf400698310c872e0ebad875016213db254931cb159ee96c077,46eb58f8413d966a86ff000cbbdf85e07a75f26b7b35f3eccda095372e6952b8,c26cfefb0fde12d191aeb068da5b4e3000e3236f4394968ad0c0902ea484fae9,0.0448466013313726
exp1_alignment_transfer:full:2026-08-17T06:28:21.157011+00:00,paper,True,primary,exp1_alignment_transfer,primary_t5000_k10,27,mixture_delay,23199c4827c06f76d1d9a7a4fc39e56e21eb26b8,1738aa639b37c24c9a687969970adb435313e91ca717b336ca50525dd7d4e928,3ebb8ce93cecd9d76ef6358493113e3d186b46dc569038f73332c9cc58c495a3,3ebb8ce93cecd9d76ef6358493113e3d186b46dc569038f73332c9cc58c495a3,2026-08-17T06:28:21.157011+00:00,learner_consequence,contextual_delayed_exp3,source_round,5000,573.987634320161,0.1147975268640321,500.6750672506869,0.1001350134501373,4986,14,195fccf240ad6ae10285fd826203bd4f79812e26db2a0139bcfed64c90b9bd61,be806ea832831c700633d61df528d0dc08fc4e05b0a40296b3b887b18b43e168,b2a0986748dbcbf400698310c872e0ebad875016213db254931cb159ee96c077,46eb58f8413d966a86ff000cbbdf85e07a75f26b7b35f3eccda095372e6952b8,c26cfefb0fde12d191aeb068da5b4e3000e3236f4394968ad0c0902ea484fae9,0.0448466013313726
exp1_alignment_transfer:full:2026-08-17T06:28:21.157011+00:00,paper,True,primary,exp1_alignment_transfer,primary_t5000_k10,27,state_coupled_delay,23199c4827c06f76d1d9a7a4fc39e56e21eb26b8,1738aa639b37c24c9a687969970adb435313e91ca717b336ca50525dd7d4e928,3ebb8ce93cecd9d76ef6358493113e3d186b46dc569038f73332c9cc58c495a3,3ebb8ce93cecd9d76ef6358493113e3d186b46dc569038f73332c9cc58c495a3,2026-08-17T06:28:21.157011+00:00,learner_consequence,contextual_delayed_exp3,arrival_clock,5000,813.5059519694762,0.1627011903938952,740.193384900002,0.1480386769800004,4992,8,eded9ed6e8f6ea9e0cc1b3db7ff40fe500755961a0010aadb82f8b2b92197b41,be806ea832831c700633d61df528d0dc08fc4e05b0a40296b3b887b18b43e168,c2b63834d3fbeec085fddaf5a4d179627a3cce3ec7f73c524eab0dffc936e63f,46eb58f8413d966a86ff000cbbdf85e07a75f26b7b35f3eccda095372e6952b8,b7442b75fe594369e52e45676066cd8690ec53dde75bd1ca190f1c5efb179a3c,0.0479302564749541
exp1_alignment_transfer:full:2026-08-17T06:28:21.157011+00:00,paper,True,primary,exp1_alignment_transfer,primary_t5000_k10,27,state_coupled_delay,23199c4827c06f76d1d9a7a4fc39e56e21eb26b8,1738aa639b37c24c9a687969970adb435313e91ca717b336ca50525dd7d4e928,3ebb8ce93cecd9d76ef6358493113e3d186b46dc569038f73332c9cc58c495a3,3ebb8ce93cecd9d76ef6358493113e3d186b46dc569038f73332c9cc58c495a3,2026-08-17T06:28:21.157011+00:00,learner_consequence,contextual_delayed_exp3,source_round,5000,573.8546695947056,0.1147709339189411,500.5421025252315,0.1001084205050463,4992,8,bb2cae88a7cf8dda0bde090a0022db80f60b555edff2a895d9ea2119055c6e22,be806ea832831c700633d61df528d0dc08fc4e05b0a40296b3b887b18b43e168,c2b63834d3fbeec085fddaf5a4d179627a3cce3ec7f73c524eab0dffc936e63f,46eb58f8413d966a86ff000cbbdf85e07a75f26b7b35f3eccda095372e6952b8,b7442b75fe594369e52e45676066cd8690ec53dde75bd1ca190f1c5efb179a3c,0.0479302564749541
exp1_alignment_transfer:full:2026-08-17T06:28:21.157011+00:00,paper,True,primary,exp1_alignment_transfer,primary_t5000_k10,27,systematic_misbinding,23199c4827c06f76d1d9a7a4fc39e56e21eb26b8,1738aa639b37c24c9a687969970adb435313e91ca717b336ca50525dd7d4e928,3ebb8ce93cecd9d76ef6358493113e3d186b46dc569038f73332c9cc58c495a3,3ebb8ce93cecd9d76ef6358493113e3d186b46dc569038f73332c9cc58c495a3,2026-08-17T06:28:21.157011+00:00,learner_consequence,contextual_delayed_exp3,arrival_clock,5000,885.3950617283949,0.177079012345679,791.753086419753,0.1583506172839506,4985,15,2365657a53d42e184f3c6d1928b6dc61927f98f44d7e81fa71dd0d6acdd3a187,903c66d8dfe924abd698c466997b2e40e6660654538fa590de238cfdb07ff569,05c0a13bedea88efc7a1265f3f5fdf2adae064f5352e022c1b56456eac8e8d27,46eb58f8413d966a86ff000cbbdf85e07a75f26b7b35f3eccda095372e6952b8,1cd4c0e94d2fb27b4be8a5cc471f867879179af4ecb141e4b58e963c798e21bf,0.0695259259259259
exp1_alignment_transfer:full:2026-08-17T06:28:21.157011+00:00,paper,True,primary,exp1_alignment_transfer,primary_t5000_k10,27,systematic_misbinding,23199c4827c06f76d1d9a7a4fc39e56e21eb26b8,1738aa639b37c24c9a687969970adb435313e91ca717b336ca50525dd7d4e928,3ebb8ce93cecd9d76ef6358493113e3d186b46dc569038f73332c9cc58c495a3,3ebb8ce93cecd9d76ef6358493113e3d186b46dc569038f73332c9cc58c495a3,2026-08-17T06:28:21.157011+00:00,learner_consequence,contextual_delayed_exp3,source_round,5000,537.7654320987654,0.107553086419753,444.1234567901234,0.0888246913580246,4985,15,66a51bd1efa71e917f715d2ce78a127b93cbaee9a3ec2ff229dda83956d68662,903c66d8dfe924abd698c466997b2e40e6660654538fa590de238cfdb07ff569,05c0a13bedea88efc7a1265f3f5fdf2adae064f5352e022c1b56456eac8e8d27,46eb58f8413d966a86ff000cbbdf85e07a75f26b7b35f3eccda095372e6952b8,1cd4c0e94d2fb27b4be8a5cc471f867879179af4ecb141e4b58e963c798e21bf,0.0695259259259259
exp1_alignment_transfer:full:2026-08-17T06:28:21.157011+00:00,paper,True,primary,exp1_alignment_transfer,primary_t5000_k10,28,zero_delay,23199c4827c06f76d1d9a7a4fc39e56e21eb26b8,1738aa639b37c24c9a687969970adb435313e91ca717b336ca50525dd7d4e928,3ebb8ce93cecd9d76ef6358493113e3d186b46dc569038f73332c9cc58c495a3,3ebb8ce93cecd9d76ef6358493113e3d186b46dc569038f73332c9cc58c495a3,2026-08-17T06:28:21.157011+00:00,learner_consequence,contextual_delayed_exp3,arrival_clock,5000,574.6599073652958,0.1149319814730591,500.2424157275176,0.1000484831455035,5000,0,9d5cbac2aaa0bb9489507aa853c1f4b28b16475f9480d380d2c0906c4fb90ea6,af29803d1fd9ca6e68ee7a9c9f7416e2ad456c87f1caffe808a9f65449acba1f,fe7ce1460aede6b1a87c63c89cca7aaf22b4f0d8af1bf7a8671a88ef3eca29d1,c2d0a50a0c7617c0bf87f9808a4e4480edcce781e52d9303e9ecd1ae49d50d88,b364171c7ae3f1a939d859cf34532415c0716e10a6687faff78c8da46f9fd822,0.0
exp1_alignment_transfer:full:2026-08-17T06:28:21.157011+00:00,paper,True,primary,exp1_alignment_transfer,primary_t5000_k10,28,zero_delay,23199c4827c06f76d1d9a7a4fc39e56e21eb26b8,1738aa639b37c24c9a687969970adb435313e91ca717b336ca50525dd7d4e928,3ebb8ce93cecd9d76ef6358493113e3d186b46dc569038f73332c9cc58c495a3,3ebb8ce93cecd9d76ef6358493113e3d186b46dc569038f73332c9cc58c495a3,2026-08-17T06:28:21.157011+00:00,learner_consequence,contextual_delayed_exp3,source_round,5000,574.6599073652958,0.1149319814730591,500.2424157275176,0.1000484831455035,5000,0,9d5cbac2aaa0bb9489507aa853c1f4b28b16475f9480d380d2c0906c4fb90ea6,af29803d1fd9ca6e68ee7a9c9f7416e2ad456c87f1caffe808a9f65449acba1f,fe7ce1460aede6b1a87c63c89cca7aaf22b4f0d8af1bf7a8671a88ef3eca29d1,c2d0a50a0c7617c0bf87f9808a4e4480edcce781e52d9303e9ecd1ae49d50d88,b364171c7ae3f1a939d859cf34532415c0716e10a6687faff78c8da46f9fd822,0.0
exp1_alignment_transfer:full:2026-08-17T06:28:21.157011+00:00,paper,True,primary,exp1_alignment_transfer,primary_t5000_k10,28,exact_valid_shift,23199c4827c06f76d1d9a7a4fc39e56e21eb26b8,1738aa639b37c24c9a687969970adb435313e91ca717b336ca50525dd7d4e928,3ebb8ce93cecd9d76ef6358493113e3d186b46dc569038f73332c9cc58c495a3,3ebb8ce93cecd9d76ef6358493113e3d186b46dc569038f73332c9cc58c495a3,2026-08-17T06:28:21.157011+00:00,learner_consequence,contextual_delayed_exp3,arrival_clock,5000,1003.008,0.2006016,496.48800000000006,0.0992976,4986,14,46cfdeff7c698b293714eaf335e4ba748c59f9e7ce694e433fe7a44547455f19,f249dea5bb9278567165ee6b9a93727f69eda12380bd57a151e198aae521194e,ab31a5cec6013d5e51ab249cfc7be8067c11500bf01ac840e6d0f5aa64de073c,c2d0a50a0c7617c0bf87f9808a4e4480edcce781e52d9303e9ecd1ae49d50d88,055836b1cafcc0151f41db3ae6d95a429d5ef0f9685cb9c1d865093b4db52407,0.0689712
exp1_alignment_transfer:full:2026-08-17T06:28:21.157011+00:00,paper,True,primary,exp1_alignment_transfer,primary_t5000_k10,28,exact_valid_shift,23199c4827c06f76d1d9a7a4fc39e56e21eb26b8,1738aa639b37c24c9a687969970adb435313e91ca717b336ca50525dd7d4e928,3ebb8ce93cecd9d76ef6358493113e3d186b46dc569038f73332c9cc58c495a3,3ebb8ce93cecd9d76ef6358493113e3d186b46dc569038f73332c9cc58c495a3,2026-08-17T06:28:21.157011+00:00,learner_consequence,contextual_delayed_exp3,source_round,5000,658.152,0.1316304,151.632,0.0303264,4986,14,1d5ff293f7c266189b4296ced4efbdd2e46c30ff6e97f460983227f6551acfac,f249dea5bb9278567165ee6b9a93727f69eda12380bd57a151e198aae521194e,ab31a5cec6013d5e51ab249cfc7be8067c11500bf01ac840e6d0f5aa64de073c,c2d0a50a0c7617c0bf87f9808a4e4480edcce781e52d9303e9ecd1ae49d50d88,055836b1cafcc0151f41db3ae6d95a429d5ef0f9685cb9c1d865093b4db52407,0.0689712
exp1_alignment_transfer:full:2026-08-17T06:28:21.157011+00:00,paper,True,primary,exp1_alignment_transfer,primary_t5000_k10,28,geometric_delay,23199c4827c06f76d1d9a7a4fc39e56e21eb26b8,1738aa639b37c24c9a687969970adb435313e91ca717b336ca50525dd7d4e928,3ebb8ce93cecd9d76ef6358493113e3d186b46dc569038f73332c9cc58c495a3,3ebb8ce93cecd9d76ef6358493113e3d186b46dc569038f73332c9cc58c495a3,2026-08-17T06:28:21.157011+00:00,learner_consequence,contextual_delayed_exp3,arrival_clock,5000,818.3504359564947,0.1636700871912989,743.9329443187166,0.1487865888637433,4986,14,7679b4e79574b4ed42896e13e2478a072cc19f232515264b8d83fbd381c5c674,af29803d1fd9ca6e68ee7a9c9f7416e2ad456c87f1caffe808a9f65449acba1f,ab31a5cec6013d5e51ab249cfc7be8067c11500bf01ac840e6d0f5aa64de073c,c2d0a50a0c7617c0bf87f9808a4e4480edcce781e52d9303e9ecd1ae49d50d88,1e12af24c3f7d3a675c834db5681f1fc13ea14f2afb88866ec885b11f5b78455,0.0481264911180435
exp1_alignment_transfer:full:2026-08-17T06:28:21.157011+00:00,paper,True,primary,exp1_alignment_transfer,primary_t5000_k10,28,geometric_delay,23199c4827c06f76d1d9a7a4fc39e56e21eb26b8,1738aa639b37c24c9a687969970adb435313e91ca717b336ca50525dd7d4e928,3ebb8ce93cecd9d76ef6358493113e3d186b46dc569038f73332c9cc58c495a3,3ebb8ce93cecd9d76ef6358493113e3d186b46dc569038f73332c9cc58c495a3,2026-08-17T06:28:21.157011+00:00,learner_consequence,contextual_delayed_exp3,source_round,5000,577.7179803662771,0.1155435960732554,503.30048872849886,0.1006600977456997,4986,14,4c16c82aed132ca6990c6a5164eea96d2c5dddc79402843a93678dd242bfd1f2,af29803d1fd9ca6e68ee7a9c9f7416e2ad456c87f1caffe808a9f65449acba1f,ab31a5cec6013d5e51ab249cfc7be8067c11500bf01ac840e6d0f5aa64de073c,c2d0a50a0c7617c0bf87f9808a4e4480edcce781e52d9303e9ecd1ae49d50d88,1e12af24c3f7d3a675c834db5681f1fc13ea14f2afb88866ec885b11f5b78455,0.0481264911180435
exp1_alignment_transfer:full:2026-08-17T06:28:21.157011+00:00,paper,True,primary,exp1_alignment_transfer,primary_t5000_k10,28,mixture_delay,23199c4827c06f76d1d9a7a4fc39e56e21eb26b8,1738aa639b37c24c9a687969970adb435313e91ca717b336ca50525dd7d4e928,3ebb8ce93cecd9d76ef6358493113e3d186b46dc569038f73332c9cc58c495a3,3ebb8ce93cecd9d76ef6358493113e3d186b46dc569038f73332c9cc58c495a3,2026-08-17T06:28:21.157011+00:00,learner_consequence,contextual_delayed_exp3,arrival_clock,5000,781.9346199268275,0.1563869239853655,707.5171282890494,0.1415034256578098,4987,13,b3b70561dcb65d5a097cc7694ed87b3971fa89416998d1d8fe7aec4764c8bf8e,af29803d1fd9ca6e68ee7a9c9f7416e2ad456c87f1caffe808a9f65449acba1f,c4c08fe8c7570e5f32fbf1fa46ac5ccf4c722329b51b803203f0c182cf66fa13,c2d0a50a0c7617c0bf87f9808a4e4480edcce781e52d9303e9ecd1ae49d50d88,26cf662348f17be31426b17e0a14fb5ff04f95838f88846042fbba60d95de627,0.040784557469836
exp1_alignment_transfer:full:2026-08-17T06:28:21.157011+00:00,paper,True,primary,exp1_alignment_transfer,primary_t5000_k10,28,mixture_delay,23199c4827c06f76d1d9a7a4fc39e56e21eb26b8,1738aa639b37c24c9a687969970adb435313e91ca717b336ca50525dd7d4e928,3ebb8ce93cecd9d76ef6358493113e3d186b46dc569038f73332c9cc58c495a3,3ebb8ce93cecd9d76ef6358493113e3d186b46dc569038f73332c9cc58c495a3,2026-08-17T06:28:21.157011+00:00,learner_consequence,contextual_delayed_exp3,source_round,5000,578.0118325776473,0.1156023665155294,503.5943409398691,0.1007188681879738,4987,13,e4f98f63cd4c5484f133aa35231026bc4e1cb23f1fecc56688a63424e9c4d1f8,af29803d1fd9ca6e68ee7a9c9f7416e2ad456c87f1caffe808a9f65449acba1f,c4c08fe8c7570e5f32fbf1fa46ac5ccf4c722329b51b803203f0c182cf66fa13,c2d0a50a0c7617c0bf87f9808a4e4480edcce781e52d9303e9ecd1ae49d50d88,26cf662348f17be31426b17e0a14fb5ff04f95838f88846042fbba60d95de627,0.040784557469836
exp1_alignment_transfer:full:2026-08-17T06:28:21.157011+00:00,paper,True,primary,exp1_alignment_transfer,primary_t5000_k10,28,state_coupled_delay,23199c4827c06f76d1d9a7a4fc39e56e21eb26b8,1738aa639b37c24c9a687969970adb435313e91ca717b336ca50525dd7d4e928,3ebb8ce93cecd9d76ef6358493113e3d186b46dc569038f73332c9cc58c495a3,3ebb8ce93cecd9d76ef6358493113e3d186b46dc569038f73332c9cc58c495a3,2026-08-17T06:28:21.157011+00:00,learner_consequence,contextual_delayed_exp3,arrival_clock,5000,824.7701940566312,0.1649540388113262,750.3527024188531,0.1500705404837706,4985,15,0fd765aec813c7b50cdba1c0a5304c30020a5ea4bb9672bda30d1c9a6892bb57,af29803d1fd9ca6e68ee7a9c9f7416e2ad456c87f1caffe808a9f65449acba1f,a242d06a1e83a4ad2c30464da7721a82063619af276915900a3896d783afc2e9,c2d0a50a0c7617c0bf87f9808a4e4480edcce781e52d9303e9ecd1ae49d50d88,c278377095479287c9c0699ab1a5985628f58b56580f287bb4af0baa5146f16e,0.0493924852191719
exp1_alignment_transfer:full:2026-08-17T06:28:21.157011+00:00,paper,True,primary,exp1_alignment_transfer,primary_t5000_k10,28,state_coupled_delay,23199c4827c06f76d1d9a7a4fc39e56e21eb26b8,1738aa639b37c24c9a687969970adb435313e91ca717b336ca50525dd7d4e928,3ebb8ce93cecd9d76ef6358493113e3d186b46dc569038f73332c9cc58c495a3,3ebb8ce93cecd9d76ef6358493113e3d186b46dc569038f73332c9cc58c495a3,2026-08-17T06:28:21.157011+00:00,learner_consequence,contextual_delayed_exp3,source_round,5000,577.8077679607715,0.1155615535921543,503.3902763229934,0.1006780552645986,4985,15,ffeaecb5634df19a192bfbccefd5547c3881708560ec84f4178c6724fe376337,af29803d1fd9ca6e68ee7a9c9f7416e2ad456c87f1caffe808a9f65449acba1f,a242d06a1e83a4ad2c30464da7721a82063619af276915900a3896d783afc2e9,c2d0a50a0c7617c0bf87f9808a4e4480edcce781e52d9303e9ecd1ae49d50d88,c278377095479287c9c0699ab1a5985628f58b56580f287bb4af0baa5146f16e,0.0493924852191719
exp1_alignment_transfer:full:2026-08-17T06:28:21.157011+00:00,paper,True,primary,exp1_alignment_transfer,primary_t5000_k10,28,systematic_misbinding,23199c4827c06f76d1d9a7a4fc39e56e21eb26b8,1738aa639b37c24c9a687969970adb435313e91ca717b336ca50525dd7d4e928,3ebb8ce93cecd9d76ef6358493113e3d186b46dc569038f73332c9cc58c495a3,3ebb8ce93cecd9d76ef6358493113e3d186b46dc569038f73332c9cc58c495a3,2026-08-17T06:28:21.157011+00:00,learner_consequence,contextual_delayed_exp3,arrival_clock,5000,903.3333333333331,0.1806666666666666,806.7654320987654,0.161353086419753,4985,15,0e7485d5c4543dec94892ba3ce7a8e41cd7042431620838f61f8a9a368a8de79,fa0ea78c4cf53f062dc5da095e017be4ed3dbf6be908f838f123b82fdd3902a6,fc6f62a5bf3c29b387a8cb8045e96dcbffd37dabf50fd949add6aeaff3361bbc,c2d0a50a0c7617c0bf87f9808a4e4480edcce781e52d9303e9ecd1ae49d50d88,1729704086c61a1ca1f6651c14ac76bac69d3e5e4cb955649cc7109ed23034f4,0.0732814814814814
exp1_alignment_transfer:full:2026-08-17T06:28:21.157011+00:00,paper,True,primary,exp1_alignment_transfer,primary_t5000_k10,28,systematic_misbinding,23199c4827c06f76d1d9a7a4fc39e56e21eb26b8,1738aa639b37c24c9a687969970adb435313e91ca717b336ca50525dd7d4e928,3ebb8ce93cecd9d76ef6358493113e3d186b46dc569038f73332c9cc58c495a3,3ebb8ce93cecd9d76ef6358493113e3d186b46dc569038f73332c9cc58c495a3,2026-08-17T06:28:21.157011+00:00,learner_consequence,contextual_delayed_exp3,source_round,5000,536.9259259259259,0.1073851851851851,440.358024691358,0.0880716049382716,4985,15,8353c816726d86bc9c2bf990b8e8bbe929a6332953392c076775460bbcad7915,fa0ea78c4cf53f062dc5da095e017be4ed3dbf6be908f838f123b82fdd3902a6,fc6f62a5bf3c29b387a8cb8045e96dcbffd37dabf50fd949add6aeaff3361bbc,c2d0a50a0c7617c0bf87f9808a4e4480edcce781e52d9303e9ecd1ae49d50d88,1729704086c61a1ca1f6651c14ac76bac69d3e5e4cb955649cc7109ed23034f4,0.0732814814814814
exp1_alignment_transfer:full:2026-08-17T06:28:21.157011+00:00,paper,True,primary,exp1_alignment_transfer,primary_t5000_k10,29,zero_delay,23199c4827c06f76d1d9a7a4fc39e56e21eb26b8,1738aa639b37c24c9a687969970adb435313e91ca717b336ca50525dd7d4e928,3ebb8ce93cecd9d76ef6358493113e3d186b46dc569038f73332c9cc58c495a3,3ebb8ce93cecd9d76ef6358493113e3d186b46dc569038f73332c9cc58c495a3,2026-08-17T06:28:21.157011+00:00,learner_consequence,contextual_delayed_exp3,arrival_clock,5000,542.3769347970265,0.1084753869594053,468.27827265624353,0.0936556545312487,5000,0,79801decbe75a7c2d09fa434463166c23998198a7e95dde0caf286365fcce5af,33270e43de936b5aa4398d2ee5c4818639e3bab4f77fc9f4b263d2afaf30f8fe,64513b789d8b548e46c9cf10f4ac5ac46a2677d2782ec361eb04dbde58d36e9c,46391ca745341195e353e3c92f7ef6ceb2ead6b74491f0c86736bb4f2aa670f8,9d3cbed23f47c348b062aa6808bafe2d0982e414fe9c00e0cf266ff7aaed5d67,0.0
exp1_alignment_transfer:full:2026-08-17T06:28:21.157011+00:00,paper,True,primary,exp1_alignment_transfer,primary_t5000_k10,29,zero_delay,23199c4827c06f76d1d9a7a4fc39e56e21eb26b8,1738aa639b37c24c9a687969970adb435313e91ca717b336ca50525dd7d4e928,3ebb8ce93cecd9d76ef6358493113e3d186b46dc569038f73332c9cc58c495a3,3ebb8ce93cecd9d76ef6358493113e3d186b46dc569038f73332c9cc58c495a3,2026-08-17T06:28:21.157011+00:00,learner_consequence,contextual_delayed_exp3,source_round,5000,542.3769347970265,0.1084753869594053,468.27827265624353,0.0936556545312487,5000,0,79801decbe75a7c2d09fa434463166c23998198a7e95dde0caf286365fcce5af,33270e43de936b5aa4398d2ee5c4818639e3bab4f77fc9f4b263d2afaf30f8fe,64513b789d8b548e46c9cf10f4ac5ac46a2677d2782ec361eb04dbde58d36e9c,46391ca745341195e353e3c92f7ef6ceb2ead6b74491f0c86736bb4f2aa670f8,9d3cbed23f47c348b062aa6808bafe2d0982e414fe9c00e0cf266ff7aaed5d67,0.0
exp1_alignment_transfer:full:2026-08-17T06:28:21.157011+00:00,paper,True,primary,exp1_alignment_transfer,primary_t5000_k10,29,exact_valid_shift,23199c4827c06f76d1d9a7a4fc39e56e21eb26b8,1738aa639b37c24c9a687969970adb435313e91ca717b336ca50525dd7d4e928,3ebb8ce93cecd9d76ef6358493113e3d186b46dc569038f73332c9cc58c495a3,3ebb8ce93cecd9d76ef6358493113e3d186b46dc569038f73332c9cc58c495a3,2026-08-17T06:28:21.157011+00:00,learner_consequence,contextual_delayed_exp3,arrival_clock,5000,958.296,0.1916592,322.05600000000004,0.0644112,4986,14,d6ea55d1180f1011931cc4977ea37acca5e0e20e9adb9610a2630bce95b406c1,24c1b1e0a7c4e4e4e9da33aafeb9e11851008b432de4cc75066e1ed2bc3fe29a,76dd9c9091e2b4782a95258643236f59477dc7ce306dfef1b48478b531c459cf,46391ca745341195e353e3c92f7ef6ceb2ead6b74491f0c86736bb4f2aa670f8,620f22c3e24e57801eb81d7894da9ff3872b428afffdfed5d0936f7f438c8699,0.0635999999999999
exp1_alignment_transfer:full:2026-08-17T06:28:21.157011+00:00,paper,True,primary,exp1_alignment_transfer,primary_t5000_k10,29,exact_valid_shift,23199c4827c06f76d1d9a7a4fc39e56e21eb26b8,1738aa639b37c24c9a687969970adb435313e91ca717b336ca50525dd7d4e928,3ebb8ce93cecd9d76ef6358493113e3d186b46dc569038f73332c9cc58c495a3,3ebb8ce93cecd9d76ef6358493113e3d186b46dc569038f73332c9cc58c495a3,2026-08-17T06:28:21.157011+00:00,learner_consequence,contextual_delayed_exp3,source_round,5000,640.296,0.1280592,4.055999999999997,0.0008111999999999,4986,14,11d7f2b3e38f1bfa8835dafa5b795cba52d686d6c511b7ff9bba787f63137237,24c1b1e0a7c4e4e4e9da33aafeb9e11851008b432de4cc75066e1ed2bc3fe29a,76dd9c9091e2b4782a95258643236f59477dc7ce306dfef1b48478b531c459cf,46391ca745341195e353e3c92f7ef6ceb2ead6b74491f0c86736bb4f2aa670f8,620f22c3e24e57801eb81d7894da9ff3872b428afffdfed5d0936f7f438c8699,0.0635999999999999
exp1_alignment_transfer:full:2026-08-17T06:28:21.157011+00:00,paper,True,primary,exp1_alignment_transfer,primary_t5000_k10,29,geometric_delay,23199c4827c06f76d1d9a7a4fc39e56e21eb26b8,1738aa639b37c24c9a687969970adb435313e91ca717b336ca50525dd7d4e928,3ebb8ce93cecd9d76ef6358493113e3d186b46dc569038f73332c9cc58c495a3,3ebb8ce93cecd9d76ef6358493113e3d186b46dc569038f73332c9cc58c495a3,2026-08-17T06:28:21.157011+00:00,learner_consequence,contextual_delayed_exp3,arrival_clock,5000,836.9252640678203,0.167385052813564,762.8266019270374,0.1525653203854074,4986,14,bdeffcd4c7f402b03d0617ddb0ca91860ca71d354982b4fa98818212166b64bc,33270e43de936b5aa4398d2ee5c4818639e3bab4f77fc9f4b263d2afaf30f8fe,76dd9c9091e2b4782a95258643236f59477dc7ce306dfef1b48478b531c459cf,46391ca745341195e353e3c92f7ef6ceb2ead6b74491f0c86736bb4f2aa670f8,721378385abf0cfa9670905c12b014d683072a9654a31a60dcba9dfabb01a167,0.0582085984722467
exp1_alignment_transfer:full:2026-08-17T06:28:21.157011+00:00,paper,True,primary,exp1_alignment_transfer,primary_t5000_k10,29,geometric_delay,23199c4827c06f76d1d9a7a4fc39e56e21eb26b8,1738aa639b37c24c9a687969970adb435313e91ca717b336ca50525dd7d4e928,3ebb8ce93cecd9d76ef6358493113e3d186b46dc569038f73332c9cc58c495a3,3ebb8ce93cecd9d76ef6358493113e3d186b46dc569038f73332c9cc58c495a3,2026-08-17T06:28:21.157011+00:00,learner_consequence,contextual_delayed_exp3,source_round,5000,545.8822717065864,0.1091764543413172,471.7836095658034,0.0943567219131606,4986,14,cb6842d3a8f4903c7e568e6c2f5cf7fd8d27f8446fe216fd2cad3134251c48e2,33270e43de936b5aa4398d2ee5c4818639e3bab4f77fc9f4b263d2afaf30f8fe,76dd9c9091e2b4782a95258643236f59477dc7ce306dfef1b48478b531c459cf,46391ca745341195e353e3c92f7ef6ceb2ead6b74491f0c86736bb4f2aa670f8,721378385abf0cfa9670905c12b014d683072a9654a31a60dcba9dfabb01a167,0.0582085984722467
exp1_alignment_transfer:full:2026-08-17T06:28:21.157011+00:00,paper,True,primary,exp1_alignment_transfer,primary_t5000_k10,29,mixture_delay,23199c4827c06f76d1d9a7a4fc39e56e21eb26b8,1738aa639b37c24c9a687969970adb435313e91ca717b336ca50525dd7d4e928,3ebb8ce93cecd9d76ef6358493113e3d186b46dc569038f73332c9cc58c495a3,3ebb8ce93cecd9d76ef6358493113e3d186b46dc569038f73332c9cc58c495a3,2026-08-17T06:28:21.157011+00:00,learner_consequence,contextual_delayed_exp3,arrival_clock,5000,762.7635303260554,0.152552706065211,688.6648681852723,0.1377329736370544,4979,21,b906562f86ef6f5ba3d3b0e5af2d88404584401d15a954566fafd66defcfdf33,33270e43de936b5aa4398d2ee5c4818639e3bab4f77fc9f4b263d2afaf30f8fe,752c0e843207cc1ec1626fb8f066f77897f38b20e2cfe920d3e6c102472c6edd,46391ca745341195e353e3c92f7ef6ceb2ead6b74491f0c86736bb4f2aa670f8,b10fc9efe61608ca4bf8e58aa5d4e95d8aac5f704b0a175e7ab8b6f97bbee2a5,0.0434420962349417
exp1_alignment_transfer:full:2026-08-17T06:28:21.157011+00:00,paper,True,primary,exp1_alignment_transfer,primary_t5000_k10,29,mixture_delay,23199c4827c06f76d1d9a7a4fc39e56e21eb26b8,1738aa639b37c24c9a687969970adb435313e91ca717b336ca50525dd7d4e928,3ebb8ce93cecd9d76ef6358493113e3d186b46dc569038f73332c9cc58c495a3,3ebb8ce93cecd9d76ef6358493113e3d186b46dc569038f73332c9cc58c495a3,2026-08-17T06:28:21.157011+00:00,learner_consequence,contextual_delayed_exp3,source_round,5000,545.5530491513466,0.1091106098302693,471.45438701056366,0.0942908774021127,4979,21,4c6592885881b009a93aa5e9f3e73eac51cd8431d5fdf23b9bd715dbca357904,33270e43de936b5aa4398d2ee5c4818639e3bab4f77fc9f4b263d2afaf30f8fe,752c0e843207cc1ec1626fb8f066f77897f38b20e2cfe920d3e6c102472c6edd,46391ca745341195e353e3c92f7ef6ceb2ead6b74491f0c86736bb4f2aa670f8,b10fc9efe61608ca4bf8e58aa5d4e95d8aac5f704b0a175e7ab8b6f97bbee2a5,0.0434420962349417
exp1_alignment_transfer:full:2026-08-17T06:28:21.157011+00:00,paper,True,primary,exp1_alignment_transfer,primary_t5000_k10,29,state_coupled_delay,23199c4827c06f76d1d9a7a4fc39e56e21eb26b8,1738aa639b37c24c9a687969970adb435313e91ca717b336ca50525dd7d4e928,3ebb8ce93cecd9d76ef6358493113e3d186b46dc569038f73332c9cc58c495a3,3ebb8ce93cecd9d76ef6358493113e3d186b46dc569038f73332c9cc58c495a3,2026-08-17T06:28:21.157011+00:00,learner_consequence,contextual_delayed_exp3,arrival_clock,5000,804.2194421171802,0.160843888423436,730.1207799763972,0.1460241559952794,4980,20,0e7483b28ebe7faffc7fab6f45c08dfea7272ed45256f6faf55c738d2803fa6a,33270e43de936b5aa4398d2ee5c4818639e3bab4f77fc9f4b263d2afaf30f8fe,c05430d50152f0483d363ec8916475bbbb4d7714c3a25f55e0be118776ca23cc,46391ca745341195e353e3c92f7ef6ceb2ead6b74491f0c86736bb4f2aa670f8,4af5fe45d16d5e1dbba85accaeb828a62f63f50c0499a13339d4a5ffce324580,0.0518888092234176
exp1_alignment_transfer:full:2026-08-17T06:28:21.157011+00:00,paper,True,primary,exp1_alignment_transfer,primary_t5000_k10,29,state_coupled_delay,23199c4827c06f76d1d9a7a4fc39e56e21eb26b8,1738aa639b37c24c9a687969970adb435313e91ca717b336ca50525dd7d4e928,3ebb8ce93cecd9d76ef6358493113e3d186b46dc569038f73332c9cc58c495a3,3ebb8ce93cecd9d76ef6358493113e3d186b46dc569038f73332c9cc58c495a3,2026-08-17T06:28:21.157011+00:00,learner_consequence,contextual_delayed_exp3,source_round,5000,544.7753960000917,0.1089550792000183,470.6767338593086,0.0941353467718617,4980,20,bdb239568a11764b5e0e49e29aadb94332a15a184b7c44e1550fc10e2aee0506,33270e43de936b5aa4398d2ee5c4818639e3bab4f77fc9f4b263d2afaf30f8fe,c05430d50152f0483d363ec8916475bbbb4d7714c3a25f55e0be118776ca23cc,46391ca745341195e353e3c92f7ef6ceb2ead6b74491f0c86736bb4f2aa670f8,4af5fe45d16d5e1dbba85accaeb828a62f63f50c0499a13339d4a5ffce324580,0.0518888092234176
exp1_alignment_transfer:full:2026-08-17T06:28:21.157011+00:00,paper,True,primary,exp1_alignment_transfer,primary_t5000_k10,29,systematic_misbinding,23199c4827c06f76d1d9a7a4fc39e56e21eb26b8,1738aa639b37c24c9a687969970adb435313e91ca717b336ca50525dd7d4e928,3ebb8ce93cecd9d76ef6358493113e3d186b46dc569038f73332c9cc58c495a3,3ebb8ce93cecd9d76ef6358493113e3d186b46dc569038f73332c9cc58c495a3,2026-08-17T06:28:21.157011+00:00,learner_consequence,contextual_delayed_exp3,arrival_clock,5000,876.148148148148,0.1752296296296296,785.3827160493826,0.1570765432098765,4985,15,3034bc1439f1f21d042f46de5bab82e4cf61f4a26789d90840ad0e5a0366b960,b2ae9938fed49893867584371c3659995b2bf635ec55de1475bbdfa01344d8f1,28db95969dbf6204ec00ded4f4ccb00b531f20e62d0c9edb8d213c13885cda23,46391ca745341195e353e3c92f7ef6ceb2ead6b74491f0c86736bb4f2aa670f8,f92dcdd4de4c24f4fe3b4b609050f7f96a0b2a2d38a4c239638a9159c2c1044a,0.0688913580246913
exp1_alignment_transfer:full:2026-08-17T06:28:21.157011+00:00,paper,True,primary,exp1_alignment_transfer,primary_t5000_k10,29,systematic_misbinding,23199c4827c06f76d1d9a7a4fc39e56e21eb26b8,1738aa639b37c24c9a687969970adb435313e91ca717b336ca50525dd7d4e928,3ebb8ce93cecd9d76ef6358493113e3d186b46dc569038f73332c9cc58c495a3,3ebb8ce93cecd9d76ef6358493113e3d186b46dc569038f73332c9cc58c495a3,2026-08-17T06:28:21.157011+00:00,learner_consequence,contextual_delayed_exp3,source_round,5000,531.6913580246913,0.1063382716049382,440.92592592592587,0.0881851851851851,4985,15,c5ea14bc97e5918c4360a03dcce2d107971d65170915066ce274a6d29f5fd779,b2ae9938fed49893867584371c3659995b2bf635ec55de1475bbdfa01344d8f1,28db95969dbf6204ec00ded4f4ccb00b531f20e62d0c9edb8d213c13885cda23,46391ca745341195e353e3c92f7ef6ceb2ead6b74491f0c86736bb4f2aa670f8,f92dcdd4de4c24f4fe3b4b609050f7f96a0b2a2d38a4c239638a9159c2c1044a,0.0688913580246913
