run_id,run_tier,paper_result,analysis_tier,experiment_id,configuration_id,seed,mechanism_id,code_commit,config_hash,input_manifest_hash,calibration_manifest_hash,generated_at,analysis_component,route_id,diagnostic_policy_id,n_rounds,structural_regret,route_regret,alignment_budget,structural_regret_rate,route_regret_rate,alignment_budget_rate,transfer_bound_rate,transfer_slack_rate,numerical_tolerance,transfer_invariant_pass,ranking_reversal_rate,margin_preservation_rate,mean_reversal_margin,q10_reversal_margin,generated_mean_delay,empty_arrival_clock_rate,multiarrival_clock_rate,mean_route_map_age,max_route_map_age,structural_path_hash,delay_path_hash,bundle_hash
exp1_alignment_transfer:full:2026-07-26T11:53:17.328965+00:00,paper,True,primary,exp1_alignment_transfer,primary_t5000_k10,0,zero_delay,6e09fa90a1fcdeccc861cf2960bd31c4b60e2df4,21563d9a7d6a3134d56776beef7f02b88fbe31e8f18ac118a957eac374c3df02,b4bf2ad829be75d27f6ac4d3792968e90467c80f1b4949e56d7f1566f488630b,b4bf2ad829be75d27f6ac4d3792968e90467c80f1b4949e56d7f1566f488630b,2026-07-26T11:53:17.328965+00:00,route_map_diagnostic,arrival_assigned,route_greedy,5000,0.0,0.0,0.0,0.0,0.0,0.0,0.0,0.0,1e-08,True,0.0,1.0,0.0,0.0,0.0,0.0,0.0,0.0,0,3eac5d8df853cf8877a8cf2da4676afa083247dfec16cc899f30c0dac1d94879,268ebd633d8cae2456643389a01c40a2afb9a6d7c5ac1e80d420509c0ffe817f,3fa967f47994dd3a359f1c4c956468a89b6e886da9a9ef9e42562d9905663505
exp1_alignment_transfer:full:2026-07-26T11:53:17.328965+00:00,paper,True,primary,exp1_alignment_transfer,primary_t5000_k10,0,zero_delay,6e09fa90a1fcdeccc861cf2960bd31c4b60e2df4,21563d9a7d6a3134d56776beef7f02b88fbe31e8f18ac118a957eac374c3df02,b4bf2ad829be75d27f6ac4d3792968e90467c80f1b4949e56d7f1566f488630b,b4bf2ad829be75d27f6ac4d3792968e90467c80f1b4949e56d7f1566f488630b,2026-07-26T11:53:17.328965+00:00,route_map_diagnostic,source_bound,route_greedy,5000,0.0,0.0,0.0,0.0,0.0,0.0,0.0,0.0,1e-08,True,0.0,1.0,0.0,0.0,0.0,0.0,0.0,0.0,0,3eac5d8df853cf8877a8cf2da4676afa083247dfec16cc899f30c0dac1d94879,268ebd633d8cae2456643389a01c40a2afb9a6d7c5ac1e80d420509c0ffe817f,3fa967f47994dd3a359f1c4c956468a89b6e886da9a9ef9e42562d9905663505
exp1_alignment_transfer:full:2026-07-26T11:53:17.328965+00:00,paper,True,primary,exp1_alignment_transfer,primary_t5000_k10,0,exact_valid_shift,6e09fa90a1fcdeccc861cf2960bd31c4b60e2df4,21563d9a7d6a3134d56776beef7f02b88fbe31e8f18ac118a957eac374c3df02,b4bf2ad829be75d27f6ac4d3792968e90467c80f1b4949e56d7f1566f488630b,b4bf2ad829be75d27f6ac4d3792968e90467c80f1b4949e56d7f1566f488630b,2026-07-26T11:53:17.328965+00:00,route_map_diagnostic,arrival_assigned,route_greedy,5000,0.0,0.0,2.825456882349364e-13,0.0,0.0,5.650913764698728e-17,5.650913764698728e-17,5.650913764698728e-17,1e-08,True,0.0,1.0,0.0,0.0,14.742549019607845,0.3712,0.2626,11.1586,93,28b553f55321b08af6ca7287240a03bf6442722a6a48d8da4f237af9d99d735e,449d0528613e9bd741367ae635170bd2e73e6815704622422f7f064e1aabef19,871153d792dc57abad298d467fd65b69c0e0c0d29eb7a3dbbcdb1a3403ea677c
exp1_alignment_transfer:full:2026-07-26T11:53:17.328965+00:00,paper,True,primary,exp1_alignment_transfer,primary_t5000_k10,0,exact_valid_shift,6e09fa90a1fcdeccc861cf2960bd31c4b60e2df4,21563d9a7d6a3134d56776beef7f02b88fbe31e8f18ac118a957eac374c3df02,b4bf2ad829be75d27f6ac4d3792968e90467c80f1b4949e56d7f1566f488630b,b4bf2ad829be75d27f6ac4d3792968e90467c80f1b4949e56d7f1566f488630b,2026-07-26T11:53:17.328965+00:00,route_map_diagnostic,source_bound,route_greedy,5000,0.0,0.0,0.0,0.0,0.0,0.0,0.0,0.0,1e-08,True,0.0,1.0,0.0,0.0,14.742549019607845,0.0,0.0,0.0,0,28b553f55321b08af6ca7287240a03bf6442722a6a48d8da4f237af9d99d735e,449d0528613e9bd741367ae635170bd2e73e6815704622422f7f064e1aabef19,871153d792dc57abad298d467fd65b69c0e0c0d29eb7a3dbbcdb1a3403ea677c
exp1_alignment_transfer:full:2026-07-26T11:53:17.328965+00:00,paper,True,primary,exp1_alignment_transfer,primary_t5000_k10,0,geometric_delay,6e09fa90a1fcdeccc861cf2960bd31c4b60e2df4,21563d9a7d6a3134d56776beef7f02b88fbe31e8f18ac118a957eac374c3df02,b4bf2ad829be75d27f6ac4d3792968e90467c80f1b4949e56d7f1566f488630b,b4bf2ad829be75d27f6ac4d3792968e90467c80f1b4949e56d7f1566f488630b,2026-07-26T11:53:17.328965+00:00,route_map_diagnostic,arrival_assigned,route_greedy,5000,146.39043673554428,0.0,1214.4952940088217,0.0292780873471088,0.0,0.2428990588017643,0.2428990588017643,0.2136209714546554,1e-08,True,0.6346,0.045,0.0461362863963265,0.0029213835488805,14.742549019607845,0.3712,0.2626,11.1586,93,3eac5d8df853cf8877a8cf2da4676afa083247dfec16cc899f30c0dac1d94879,449d0528613e9bd741367ae635170bd2e73e6815704622422f7f064e1aabef19,2cc225e7fbf2b226013473ba18601150be26ee3318d8fa69d9da24e89ab278b8
exp1_alignment_transfer:full:2026-07-26T11:53:17.328965+00:00,paper,True,primary,exp1_alignment_transfer,primary_t5000_k10,0,geometric_delay,6e09fa90a1fcdeccc861cf2960bd31c4b60e2df4,21563d9a7d6a3134d56776beef7f02b88fbe31e8f18ac118a957eac374c3df02,b4bf2ad829be75d27f6ac4d3792968e90467c80f1b4949e56d7f1566f488630b,b4bf2ad829be75d27f6ac4d3792968e90467c80f1b4949e56d7f1566f488630b,2026-07-26T11:53:17.328965+00:00,route_map_diagnostic,source_bound,route_greedy,5000,0.0,0.0,0.0,0.0,0.0,0.0,0.0,0.0,1e-08,True,0.0,1.0,0.0,0.0,14.742549019607845,0.0,0.0,0.0,0,3eac5d8df853cf8877a8cf2da4676afa083247dfec16cc899f30c0dac1d94879,449d0528613e9bd741367ae635170bd2e73e6815704622422f7f064e1aabef19,2cc225e7fbf2b226013473ba18601150be26ee3318d8fa69d9da24e89ab278b8
exp1_alignment_transfer:full:2026-07-26T11:53:17.328965+00:00,paper,True,primary,exp1_alignment_transfer,primary_t5000_k10,0,mixture_delay,6e09fa90a1fcdeccc861cf2960bd31c4b60e2df4,21563d9a7d6a3134d56776beef7f02b88fbe31e8f18ac118a957eac374c3df02,b4bf2ad829be75d27f6ac4d3792968e90467c80f1b4949e56d7f1566f488630b,b4bf2ad829be75d27f6ac4d3792968e90467c80f1b4949e56d7f1566f488630b,2026-07-26T11:53:17.328965+00:00,route_map_diagnostic,arrival_assigned,route_greedy,5000,125.04598571715292,0.0,1040.7376320097983,0.0250091971434305,0.0,0.2081475264019596,0.2081475264019596,0.183138329258529,1e-08,True,0.5774,0.106,0.0433134692473685,0.0024069660339052,14.79392156862745,0.3516,0.2642,10.155,99,3eac5d8df853cf8877a8cf2da4676afa083247dfec16cc899f30c0dac1d94879,95b86f31126013e987d75ec39425a4d23109d138792a20894a636f22af3bcd9a,c469671b621914772b258f5398ac5e13efef2afcfa0e9bb1cba95f06052deb16
exp1_alignment_transfer:full:2026-07-26T11:53:17.328965+00:00,paper,True,primary,exp1_alignment_transfer,primary_t5000_k10,0,mixture_delay,6e09fa90a1fcdeccc861cf2960bd31c4b60e2df4,21563d9a7d6a3134d56776beef7f02b88fbe31e8f18ac118a957eac374c3df02,b4bf2ad829be75d27f6ac4d3792968e90467c80f1b4949e56d7f1566f488630b,b4bf2ad829be75d27f6ac4d3792968e90467c80f1b4949e56d7f1566f488630b,2026-07-26T11:53:17.328965+00:00,route_map_diagnostic,source_bound,route_greedy,5000,0.0,0.0,0.0,0.0,0.0,0.0,0.0,0.0,1e-08,True,0.0,1.0,0.0,0.0,14.79392156862745,0.0,0.0,0.0,0,3eac5d8df853cf8877a8cf2da4676afa083247dfec16cc899f30c0dac1d94879,95b86f31126013e987d75ec39425a4d23109d138792a20894a636f22af3bcd9a,c469671b621914772b258f5398ac5e13efef2afcfa0e9bb1cba95f06052deb16
exp1_alignment_transfer:full:2026-07-26T11:53:17.328965+00:00,paper,True,primary,exp1_alignment_transfer,primary_t5000_k10,0,state_coupled_delay,6e09fa90a1fcdeccc861cf2960bd31c4b60e2df4,21563d9a7d6a3134d56776beef7f02b88fbe31e8f18ac118a957eac374c3df02,b4bf2ad829be75d27f6ac4d3792968e90467c80f1b4949e56d7f1566f488630b,b4bf2ad829be75d27f6ac4d3792968e90467c80f1b4949e56d7f1566f488630b,2026-07-26T11:53:17.328965+00:00,route_map_diagnostic,arrival_assigned,route_greedy,5000,150.81906829811186,0.0,1214.7147794353564,0.0301638136596223,0.0,0.2429429558870712,0.2429429558870712,0.2127791422274489,1e-08,True,0.6306,0.0516,0.0478335135737747,0.0029563787797299,15.908039215686276,0.3652,0.2672,12.113,99,3eac5d8df853cf8877a8cf2da4676afa083247dfec16cc899f30c0dac1d94879,85e53285c75534ccb468b770bdea0c61945440a1ba60c04b6a01f8fcbdcddded,c7fd6f52f812db3d20f75b0f277ca28f4076a1a0d4828b714ae8c06b93673ca2
exp1_alignment_transfer:full:2026-07-26T11:53:17.328965+00:00,paper,True,primary,exp1_alignment_transfer,primary_t5000_k10,0,state_coupled_delay,6e09fa90a1fcdeccc861cf2960bd31c4b60e2df4,21563d9a7d6a3134d56776beef7f02b88fbe31e8f18ac118a957eac374c3df02,b4bf2ad829be75d27f6ac4d3792968e90467c80f1b4949e56d7f1566f488630b,b4bf2ad829be75d27f6ac4d3792968e90467c80f1b4949e56d7f1566f488630b,2026-07-26T11:53:17.328965+00:00,route_map_diagnostic,source_bound,route_greedy,5000,0.0,0.0,0.0,0.0,0.0,0.0,0.0,0.0,1e-08,True,0.0,1.0,0.0,0.0,15.908039215686276,0.0,0.0,0.0,0,3eac5d8df853cf8877a8cf2da4676afa083247dfec16cc899f30c0dac1d94879,85e53285c75534ccb468b770bdea0c61945440a1ba60c04b6a01f8fcbdcddded,c7fd6f52f812db3d20f75b0f277ca28f4076a1a0d4828b714ae8c06b93673ca2
exp1_alignment_transfer:full:2026-07-26T11:53:17.328965+00:00,paper,True,primary,exp1_alignment_transfer,primary_t5000_k10,0,systematic_misbinding,6e09fa90a1fcdeccc861cf2960bd31c4b60e2df4,21563d9a7d6a3134d56776beef7f02b88fbe31e8f18ac118a957eac374c3df02,b4bf2ad829be75d27f6ac4d3792968e90467c80f1b4949e56d7f1566f488630b,b4bf2ad829be75d27f6ac4d3792968e90467c80f1b4949e56d7f1566f488630b,2026-07-26T11:53:17.328965+00:00,route_map_diagnostic,arrival_assigned,route_greedy,5000,771.9135802469134,0.0,2778.888888888888,0.1543827160493826,0.0,0.5557777777777776,0.5557777777777776,0.4013950617283949,1e-08,True,0.5002,0.4998,0.308641975308642,0.3086419753086419,15.0,0.0,0.0,15.0,15,518ddbe24dffbe578c3230b8f34f940a3e1069b5126fe8202e35306eb3cb3423,af5a1a0b23e1ac7af58311708632d7004a3b87cf594d371805774f01b9a41769,ddc144ce815d56b6392d282b47d515ee8eb64deccd1f467d19c2642730e5da43
exp1_alignment_transfer:full:2026-07-26T11:53:17.328965+00:00,paper,True,primary,exp1_alignment_transfer,primary_t5000_k10,0,systematic_misbinding,6e09fa90a1fcdeccc861cf2960bd31c4b60e2df4,21563d9a7d6a3134d56776beef7f02b88fbe31e8f18ac118a957eac374c3df02,b4bf2ad829be75d27f6ac4d3792968e90467c80f1b4949e56d7f1566f488630b,b4bf2ad829be75d27f6ac4d3792968e90467c80f1b4949e56d7f1566f488630b,2026-07-26T11:53:17.328965+00:00,route_map_diagnostic,source_bound,route_greedy,5000,0.0,0.0,0.0,0.0,0.0,0.0,0.0,0.0,1e-08,True,0.0,1.0,0.0,0.0,15.0,0.0,0.0,0.0,0,518ddbe24dffbe578c3230b8f34f940a3e1069b5126fe8202e35306eb3cb3423,af5a1a0b23e1ac7af58311708632d7004a3b87cf594d371805774f01b9a41769,ddc144ce815d56b6392d282b47d515ee8eb64deccd1f467d19c2642730e5da43
exp1_alignment_transfer:full:2026-07-26T11:53:17.328965+00:00,paper,True,primary,exp1_alignment_transfer,primary_t5000_k10,1,zero_delay,6e09fa90a1fcdeccc861cf2960bd31c4b60e2df4,21563d9a7d6a3134d56776beef7f02b88fbe31e8f18ac118a957eac374c3df02,b4bf2ad829be75d27f6ac4d3792968e90467c80f1b4949e56d7f1566f488630b,b4bf2ad829be75d27f6ac4d3792968e90467c80f1b4949e56d7f1566f488630b,2026-07-26T11:53:17.328965+00:00,route_map_diagnostic,arrival_assigned,route_greedy,5000,0.0,0.0,0.0,0.0,0.0,0.0,0.0,0.0,1e-08,True,0.0,1.0,0.0,0.0,0.0,0.0,0.0,0.0,0,e1430fe6f9f591e9188c1a5b7f54fe22e3e9178eae3e37f663672f70a33fb6cb,658cb8be65c4ca17482408f5da952d89e3b98411888e39480738492235a64014,eb023c949e50c33ceae21063b3dfcacd0713d74b013f307c4df4761f3384ba93
exp1_alignment_transfer:full:2026-07-26T11:53:17.328965+00:00,paper,True,primary,exp1_alignment_transfer,primary_t5000_k10,1,zero_delay,6e09fa90a1fcdeccc861cf2960bd31c4b60e2df4,21563d9a7d6a3134d56776beef7f02b88fbe31e8f18ac118a957eac374c3df02,b4bf2ad829be75d27f6ac4d3792968e90467c80f1b4949e56d7f1566f488630b,b4bf2ad829be75d27f6ac4d3792968e90467c80f1b4949e56d7f1566f488630b,2026-07-26T11:53:17.328965+00:00,route_map_diagnostic,source_bound,route_greedy,5000,0.0,0.0,0.0,0.0,0.0,0.0,0.0,0.0,1e-08,True,0.0,1.0,0.0,0.0,0.0,0.0,0.0,0.0,0,e1430fe6f9f591e9188c1a5b7f54fe22e3e9178eae3e37f663672f70a33fb6cb,658cb8be65c4ca17482408f5da952d89e3b98411888e39480738492235a64014,eb023c949e50c33ceae21063b3dfcacd0713d74b013f307c4df4761f3384ba93
exp1_alignment_transfer:full:2026-07-26T11:53:17.328965+00:00,paper,True,primary,exp1_alignment_transfer,primary_t5000_k10,1,exact_valid_shift,6e09fa90a1fcdeccc861cf2960bd31c4b60e2df4,21563d9a7d6a3134d56776beef7f02b88fbe31e8f18ac118a957eac374c3df02,b4bf2ad829be75d27f6ac4d3792968e90467c80f1b4949e56d7f1566f488630b,b4bf2ad829be75d27f6ac4d3792968e90467c80f1b4949e56d7f1566f488630b,2026-07-26T11:53:17.328965+00:00,route_map_diagnostic,arrival_assigned,route_greedy,5000,0.0,0.0,2.799817669374427e-13,0.0,0.0,5.599635338748854e-17,5.599635338748854e-17,5.599635338748854e-17,1e-08,True,0.0,1.0,0.0,0.0,15.295686274509803,0.3618,0.269,12.0682,99,6cb9c19ed48285c0fb9ecf835697bf0b11513cb5955377cd2de515b21a563469,89eff64041f2ff6c415bb09978616cc0077c546d34080b751ab6327c9f017bbe,8e6bfb481c7323bebffe69cbb745a0cc000e1a95e5ada1375aba57f6f5dbe141
exp1_alignment_transfer:full:2026-07-26T11:53:17.328965+00:00,paper,True,primary,exp1_alignment_transfer,primary_t5000_k10,1,exact_valid_shift,6e09fa90a1fcdeccc861cf2960bd31c4b60e2df4,21563d9a7d6a3134d56776beef7f02b88fbe31e8f18ac118a957eac374c3df02,b4bf2ad829be75d27f6ac4d3792968e90467c80f1b4949e56d7f1566f488630b,b4bf2ad829be75d27f6ac4d3792968e90467c80f1b4949e56d7f1566f488630b,2026-07-26T11:53:17.328965+00:00,route_map_diagnostic,source_bound,route_greedy,5000,0.0,0.0,0.0,0.0,0.0,0.0,0.0,0.0,1e-08,True,0.0,1.0,0.0,0.0,15.295686274509803,0.0,0.0,0.0,0,6cb9c19ed48285c0fb9ecf835697bf0b11513cb5955377cd2de515b21a563469,89eff64041f2ff6c415bb09978616cc0077c546d34080b751ab6327c9f017bbe,8e6bfb481c7323bebffe69cbb745a0cc000e1a95e5ada1375aba57f6f5dbe141
exp1_alignment_transfer:full:2026-07-26T11:53:17.328965+00:00,paper,True,primary,exp1_alignment_transfer,primary_t5000_k10,1,geometric_delay,6e09fa90a1fcdeccc861cf2960bd31c4b60e2df4,21563d9a7d6a3134d56776beef7f02b88fbe31e8f18ac118a957eac374c3df02,b4bf2ad829be75d27f6ac4d3792968e90467c80f1b4949e56d7f1566f488630b,b4bf2ad829be75d27f6ac4d3792968e90467c80f1b4949e56d7f1566f488630b,2026-07-26T11:53:17.328965+00:00,route_map_diagnostic,arrival_assigned,route_greedy,5000,180.9836796532257,0.0,1378.8181730772476,0.0361967359306451,0.0,0.2757636346154495,0.2757636346154495,0.2395668986848043,1e-08,True,0.7,0.04,0.0517096227580644,0.0037259535041413,15.295686274509803,0.3618,0.269,12.0682,99,e1430fe6f9f591e9188c1a5b7f54fe22e3e9178eae3e37f663672f70a33fb6cb,89eff64041f2ff6c415bb09978616cc0077c546d34080b751ab6327c9f017bbe,80b829ad8b0e0d6027f2ade8334225c32d5cbd3bfe8501e9908dd3e7e93a6d03
exp1_alignment_transfer:full:2026-07-26T11:53:17.328965+00:00,paper,True,primary,exp1_alignment_transfer,primary_t5000_k10,1,geometric_delay,6e09fa90a1fcdeccc861cf2960bd31c4b60e2df4,21563d9a7d6a3134d56776beef7f02b88fbe31e8f18ac118a957eac374c3df02,b4bf2ad829be75d27f6ac4d3792968e90467c80f1b4949e56d7f1566f488630b,b4bf2ad829be75d27f6ac4d3792968e90467c80f1b4949e56d7f1566f488630b,2026-07-26T11:53:17.328965+00:00,route_map_diagnostic,source_bound,route_greedy,5000,0.0,0.0,0.0,0.0,0.0,0.0,0.0,0.0,1e-08,True,0.0,1.0,0.0,0.0,15.295686274509803,0.0,0.0,0.0,0,e1430fe6f9f591e9188c1a5b7f54fe22e3e9178eae3e37f663672f70a33fb6cb,89eff64041f2ff6c415bb09978616cc0077c546d34080b751ab6327c9f017bbe,80b829ad8b0e0d6027f2ade8334225c32d5cbd3bfe8501e9908dd3e7e93a6d03
exp1_alignment_transfer:full:2026-07-26T11:53:17.328965+00:00,paper,True,primary,exp1_alignment_transfer,primary_t5000_k10,1,mixture_delay,6e09fa90a1fcdeccc861cf2960bd31c4b60e2df4,21563d9a7d6a3134d56776beef7f02b88fbe31e8f18ac118a957eac374c3df02,b4bf2ad829be75d27f6ac4d3792968e90467c80f1b4949e56d7f1566f488630b,b4bf2ad829be75d27f6ac4d3792968e90467c80f1b4949e56d7f1566f488630b,2026-07-26T11:53:17.328965+00:00,route_map_diagnostic,arrival_assigned,route_greedy,5000,153.87933013209033,0.0,1164.854732240005,0.030775866026418,0.0,0.2329709464480009,0.2329709464480009,0.2021950804215829,1e-08,True,0.6052,0.089,0.0508523893364475,0.0027965843489712,15.272156862745096,0.3582,0.2624,10.3486,100,e1430fe6f9f591e9188c1a5b7f54fe22e3e9178eae3e37f663672f70a33fb6cb,e5c5b6fad6fd09410a651c0268e15960558d3edf923fe877b3b14b19920d8fe4,eb725fe524a14a8fab529d6130d89a6476067983bc3f0e9c06b3296435bf42ce
exp1_alignment_transfer:full:2026-07-26T11:53:17.328965+00:00,paper,True,primary,exp1_alignment_transfer,primary_t5000_k10,1,mixture_delay,6e09fa90a1fcdeccc861cf2960bd31c4b60e2df4,21563d9a7d6a3134d56776beef7f02b88fbe31e8f18ac118a957eac374c3df02,b4bf2ad829be75d27f6ac4d3792968e90467c80f1b4949e56d7f1566f488630b,b4bf2ad829be75d27f6ac4d3792968e90467c80f1b4949e56d7f1566f488630b,2026-07-26T11:53:17.328965+00:00,route_map_diagnostic,source_bound,route_greedy,5000,0.0,0.0,0.0,0.0,0.0,0.0,0.0,0.0,1e-08,True,0.0,1.0,0.0,0.0,15.272156862745096,0.0,0.0,0.0,0,e1430fe6f9f591e9188c1a5b7f54fe22e3e9178eae3e37f663672f70a33fb6cb,e5c5b6fad6fd09410a651c0268e15960558d3edf923fe877b3b14b19920d8fe4,eb725fe524a14a8fab529d6130d89a6476067983bc3f0e9c06b3296435bf42ce
exp1_alignment_transfer:full:2026-07-26T11:53:17.328965+00:00,paper,True,primary,exp1_alignment_transfer,primary_t5000_k10,1,state_coupled_delay,6e09fa90a1fcdeccc861cf2960bd31c4b60e2df4,21563d9a7d6a3134d56776beef7f02b88fbe31e8f18ac118a957eac374c3df02,b4bf2ad829be75d27f6ac4d3792968e90467c80f1b4949e56d7f1566f488630b,b4bf2ad829be75d27f6ac4d3792968e90467c80f1b4949e56d7f1566f488630b,2026-07-26T11:53:17.328965+00:00,route_map_diagnostic,arrival_assigned,route_greedy,5000,170.8602298652835,0.0,1358.4316895533186,0.0341720459730566,0.0,0.2716863379106637,0.2716863379106637,0.237514291937607,1e-08,True,0.6868,0.0424,0.0497554542414919,0.0036382821376603,16.576470588235296,0.3714,0.266,13.0002,102,e1430fe6f9f591e9188c1a5b7f54fe22e3e9178eae3e37f663672f70a33fb6cb,8bca74ba93b0144ae14c974e703028a883b4ae9003d2d40d778febe13aabcf41,5121be8785f7a0f6f7759d23e181a4490ada65ebb84114f13c9d7877bf186e0b
exp1_alignment_transfer:full:2026-07-26T11:53:17.328965+00:00,paper,True,primary,exp1_alignment_transfer,primary_t5000_k10,1,state_coupled_delay,6e09fa90a1fcdeccc861cf2960bd31c4b60e2df4,21563d9a7d6a3134d56776beef7f02b88fbe31e8f18ac118a957eac374c3df02,b4bf2ad829be75d27f6ac4d3792968e90467c80f1b4949e56d7f1566f488630b,b4bf2ad829be75d27f6ac4d3792968e90467c80f1b4949e56d7f1566f488630b,2026-07-26T11:53:17.328965+00:00,route_map_diagnostic,source_bound,route_greedy,5000,0.0,0.0,0.0,0.0,0.0,0.0,0.0,0.0,1e-08,True,0.0,1.0,0.0,0.0,16.576470588235296,0.0,0.0,0.0,0,e1430fe6f9f591e9188c1a5b7f54fe22e3e9178eae3e37f663672f70a33fb6cb,8bca74ba93b0144ae14c974e703028a883b4ae9003d2d40d778febe13aabcf41,5121be8785f7a0f6f7759d23e181a4490ada65ebb84114f13c9d7877bf186e0b
exp1_alignment_transfer:full:2026-07-26T11:53:17.328965+00:00,paper,True,primary,exp1_alignment_transfer,primary_t5000_k10,1,systematic_misbinding,6e09fa90a1fcdeccc861cf2960bd31c4b60e2df4,21563d9a7d6a3134d56776beef7f02b88fbe31e8f18ac118a957eac374c3df02,b4bf2ad829be75d27f6ac4d3792968e90467c80f1b4949e56d7f1566f488630b,b4bf2ad829be75d27f6ac4d3792968e90467c80f1b4949e56d7f1566f488630b,2026-07-26T11:53:17.328965+00:00,route_map_diagnostic,arrival_assigned,route_greedy,5000,771.6049382716049,0.0,2777.7777777777774,0.1543209876543209,0.0,0.5555555555555555,0.5555555555555555,0.4012345679012345,1e-08,True,0.5,0.5,0.308641975308642,0.3086419753086419,15.0,0.0,0.0,15.0,15,58163e4c284576e8e9dc0db4264f5d8ed820e9dcb6fd4a4d67029f89f0798daa,8373bb5d78a3a94f15ab7f25860493838224e487719bb274085b8e8d59a4d9ac,320d7223336fd06debb79efeff48a92b6048e136067dfd61d8712ed5ed37223d
exp1_alignment_transfer:full:2026-07-26T11:53:17.328965+00:00,paper,True,primary,exp1_alignment_transfer,primary_t5000_k10,1,systematic_misbinding,6e09fa90a1fcdeccc861cf2960bd31c4b60e2df4,21563d9a7d6a3134d56776beef7f02b88fbe31e8f18ac118a957eac374c3df02,b4bf2ad829be75d27f6ac4d3792968e90467c80f1b4949e56d7f1566f488630b,b4bf2ad829be75d27f6ac4d3792968e90467c80f1b4949e56d7f1566f488630b,2026-07-26T11:53:17.328965+00:00,route_map_diagnostic,source_bound,route_greedy,5000,0.0,0.0,0.0,0.0,0.0,0.0,0.0,0.0,1e-08,True,0.0,1.0,0.0,0.0,15.0,0.0,0.0,0.0,0,58163e4c284576e8e9dc0db4264f5d8ed820e9dcb6fd4a4d67029f89f0798daa,8373bb5d78a3a94f15ab7f25860493838224e487719bb274085b8e8d59a4d9ac,320d7223336fd06debb79efeff48a92b6048e136067dfd61d8712ed5ed37223d
exp1_alignment_transfer:full:2026-07-26T11:53:17.328965+00:00,paper,True,primary,exp1_alignment_transfer,primary_t5000_k10,2,zero_delay,6e09fa90a1fcdeccc861cf2960bd31c4b60e2df4,21563d9a7d6a3134d56776beef7f02b88fbe31e8f18ac118a957eac374c3df02,b4bf2ad829be75d27f6ac4d3792968e90467c80f1b4949e56d7f1566f488630b,b4bf2ad829be75d27f6ac4d3792968e90467c80f1b4949e56d7f1566f488630b,2026-07-26T11:53:17.328965+00:00,route_map_diagnostic,arrival_assigned,route_greedy,5000,0.0,0.0,0.0,0.0,0.0,0.0,0.0,0.0,1e-08,True,0.0,1.0,0.0,0.0,0.0,0.0,0.0,0.0,0,f1f1f54c693a3b82ceee433ec452c51e33e4eca98b3d9b07b5c1fa97d8671aa5,5bd93f29e4e795cd3a5bd0315d49f6a0811a9325e133261be259ae1fa56a2efd,08e772dac34dd4ea9715410153c513958a683280db067844bc5e1a9d8f9bf377
exp1_alignment_transfer:full:2026-07-26T11:53:17.328965+00:00,paper,True,primary,exp1_alignment_transfer,primary_t5000_k10,2,zero_delay,6e09fa90a1fcdeccc861cf2960bd31c4b60e2df4,21563d9a7d6a3134d56776beef7f02b88fbe31e8f18ac118a957eac374c3df02,b4bf2ad829be75d27f6ac4d3792968e90467c80f1b4949e56d7f1566f488630b,b4bf2ad829be75d27f6ac4d3792968e90467c80f1b4949e56d7f1566f488630b,2026-07-26T11:53:17.328965+00:00,route_map_diagnostic,source_bound,route_greedy,5000,0.0,0.0,0.0,0.0,0.0,0.0,0.0,0.0,1e-08,True,0.0,1.0,0.0,0.0,0.0,0.0,0.0,0.0,0,f1f1f54c693a3b82ceee433ec452c51e33e4eca98b3d9b07b5c1fa97d8671aa5,5bd93f29e4e795cd3a5bd0315d49f6a0811a9325e133261be259ae1fa56a2efd,08e772dac34dd4ea9715410153c513958a683280db067844bc5e1a9d8f9bf377
exp1_alignment_transfer:full:2026-07-26T11:53:17.328965+00:00,paper,True,primary,exp1_alignment_transfer,primary_t5000_k10,2,exact_valid_shift,6e09fa90a1fcdeccc861cf2960bd31c4b60e2df4,21563d9a7d6a3134d56776beef7f02b88fbe31e8f18ac118a957eac374c3df02,b4bf2ad829be75d27f6ac4d3792968e90467c80f1b4949e56d7f1566f488630b,b4bf2ad829be75d27f6ac4d3792968e90467c80f1b4949e56d7f1566f488630b,2026-07-26T11:53:17.328965+00:00,route_map_diagnostic,arrival_assigned,route_greedy,5000,0.0,0.0,2.8016478026415825e-13,0.0,0.0,5.603295605283164e-17,5.603295605283164e-17,5.603295605283164e-17,1e-08,True,0.0,1.0,0.0,0.0,15.031176470588235,0.3626,0.264,11.8924,100,9f06caef9f2372780195cbc289881b1131306f23fd33b45f61490c600e706f9e,c361d78a29acdbdb00f9f1d97794be5a7af75623f86a01da0e689cfb15c95219,a8343d4d7bd47e88148a20c2f714d162b4e6afc7eba3fbbf215d392c5776b339
exp1_alignment_transfer:full:2026-07-26T11:53:17.328965+00:00,paper,True,primary,exp1_alignment_transfer,primary_t5000_k10,2,exact_valid_shift,6e09fa90a1fcdeccc861cf2960bd31c4b60e2df4,21563d9a7d6a3134d56776beef7f02b88fbe31e8f18ac118a957eac374c3df02,b4bf2ad829be75d27f6ac4d3792968e90467c80f1b4949e56d7f1566f488630b,b4bf2ad829be75d27f6ac4d3792968e90467c80f1b4949e56d7f1566f488630b,2026-07-26T11:53:17.328965+00:00,route_map_diagnostic,source_bound,route_greedy,5000,0.0,0.0,0.0,0.0,0.0,0.0,0.0,0.0,1e-08,True,0.0,1.0,0.0,0.0,15.031176470588235,0.0,0.0,0.0,0,9f06caef9f2372780195cbc289881b1131306f23fd33b45f61490c600e706f9e,c361d78a29acdbdb00f9f1d97794be5a7af75623f86a01da0e689cfb15c95219,a8343d4d7bd47e88148a20c2f714d162b4e6afc7eba3fbbf215d392c5776b339
exp1_alignment_transfer:full:2026-07-26T11:53:17.328965+00:00,paper,True,primary,exp1_alignment_transfer,primary_t5000_k10,2,geometric_delay,6e09fa90a1fcdeccc861cf2960bd31c4b60e2df4,21563d9a7d6a3134d56776beef7f02b88fbe31e8f18ac118a957eac374c3df02,b4bf2ad829be75d27f6ac4d3792968e90467c80f1b4949e56d7f1566f488630b,b4bf2ad829be75d27f6ac4d3792968e90467c80f1b4949e56d7f1566f488630b,2026-07-26T11:53:17.328965+00:00,route_map_diagnostic,arrival_assigned,route_greedy,5000,167.1729577685818,0.0,1331.3576527246107,0.0334345915537163,0.0,0.2662715305449221,0.2662715305449221,0.2328369389912058,1e-08,True,0.6848,0.04,0.0488238778529736,0.0029640869774996,15.031176470588235,0.3626,0.264,11.8924,100,f1f1f54c693a3b82ceee433ec452c51e33e4eca98b3d9b07b5c1fa97d8671aa5,c361d78a29acdbdb00f9f1d97794be5a7af75623f86a01da0e689cfb15c95219,dba5ad30cff2e2bfa62d20fcb68ea7010fc11199fe9c11ff97d400af10eaf0b1
exp1_alignment_transfer:full:2026-07-26T11:53:17.328965+00:00,paper,True,primary,exp1_alignment_transfer,primary_t5000_k10,2,geometric_delay,6e09fa90a1fcdeccc861cf2960bd31c4b60e2df4,21563d9a7d6a3134d56776beef7f02b88fbe31e8f18ac118a957eac374c3df02,b4bf2ad829be75d27f6ac4d3792968e90467c80f1b4949e56d7f1566f488630b,b4bf2ad829be75d27f6ac4d3792968e90467c80f1b4949e56d7f1566f488630b,2026-07-26T11:53:17.328965+00:00,route_map_diagnostic,source_bound,route_greedy,5000,0.0,0.0,0.0,0.0,0.0,0.0,0.0,0.0,1e-08,True,0.0,1.0,0.0,0.0,15.031176470588235,0.0,0.0,0.0,0,f1f1f54c693a3b82ceee433ec452c51e33e4eca98b3d9b07b5c1fa97d8671aa5,c361d78a29acdbdb00f9f1d97794be5a7af75623f86a01da0e689cfb15c95219,dba5ad30cff2e2bfa62d20fcb68ea7010fc11199fe9c11ff97d400af10eaf0b1
exp1_alignment_transfer:full:2026-07-26T11:53:17.328965+00:00,paper,True,primary,exp1_alignment_transfer,primary_t5000_k10,2,mixture_delay,6e09fa90a1fcdeccc861cf2960bd31c4b60e2df4,21563d9a7d6a3134d56776beef7f02b88fbe31e8f18ac118a957eac374c3df02,b4bf2ad829be75d27f6ac4d3792968e90467c80f1b4949e56d7f1566f488630b,b4bf2ad829be75d27f6ac4d3792968e90467c80f1b4949e56d7f1566f488630b,2026-07-26T11:53:17.328965+00:00,route_map_diagnostic,arrival_assigned,route_greedy,5000,148.0138740153265,0.0,1152.0839074670782,0.0296027748030653,0.0,0.2304167814934156,0.2304167814934156,0.2008140066903503,1e-08,True,0.6108,0.0926,0.0484655776081619,0.0028388773965911,14.97921568627451,0.3602,0.2632,10.007,100,f1f1f54c693a3b82ceee433ec452c51e33e4eca98b3d9b07b5c1fa97d8671aa5,6aef05ee034fb0711638d28e9bce2f4486c36ca5aab1b11cdb285939930cb15c,e35e2f607128d6865732260c20cb536bbd03e32de31e98d2ac1892898806fcfa
exp1_alignment_transfer:full:2026-07-26T11:53:17.328965+00:00,paper,True,primary,exp1_alignment_transfer,primary_t5000_k10,2,mixture_delay,6e09fa90a1fcdeccc861cf2960bd31c4b60e2df4,21563d9a7d6a3134d56776beef7f02b88fbe31e8f18ac118a957eac374c3df02,b4bf2ad829be75d27f6ac4d3792968e90467c80f1b4949e56d7f1566f488630b,b4bf2ad829be75d27f6ac4d3792968e90467c80f1b4949e56d7f1566f488630b,2026-07-26T11:53:17.328965+00:00,route_map_diagnostic,source_bound,route_greedy,5000,0.0,0.0,0.0,0.0,0.0,0.0,0.0,0.0,1e-08,True,0.0,1.0,0.0,0.0,14.97921568627451,0.0,0.0,0.0,0,f1f1f54c693a3b82ceee433ec452c51e33e4eca98b3d9b07b5c1fa97d8671aa5,6aef05ee034fb0711638d28e9bce2f4486c36ca5aab1b11cdb285939930cb15c,e35e2f607128d6865732260c20cb536bbd03e32de31e98d2ac1892898806fcfa
exp1_alignment_transfer:full:2026-07-26T11:53:17.328965+00:00,paper,True,primary,exp1_alignment_transfer,primary_t5000_k10,2,state_coupled_delay,6e09fa90a1fcdeccc861cf2960bd31c4b60e2df4,21563d9a7d6a3134d56776beef7f02b88fbe31e8f18ac118a957eac374c3df02,b4bf2ad829be75d27f6ac4d3792968e90467c80f1b4949e56d7f1566f488630b,b4bf2ad829be75d27f6ac4d3792968e90467c80f1b4949e56d7f1566f488630b,2026-07-26T11:53:17.328965+00:00,route_map_diagnostic,arrival_assigned,route_greedy,5000,157.60063337283938,0.0,1284.9694890256487,0.0315201266745678,0.0,0.2569938978051297,0.2569938978051297,0.2254737711305618,1e-08,True,0.6796,0.0408,0.0463804100567508,0.0028594418403145,14.991764705882352,0.3666,0.265,11.972,100,f1f1f54c693a3b82ceee433ec452c51e33e4eca98b3d9b07b5c1fa97d8671aa5,d053d11c4eb8be50e29d350c0979e8430047b53b0d3e73d61aab204d83b1707a,c9d5f63926e10b88e58591159ceb07f98e794240fbcb784bf885049cf0f4d346
exp1_alignment_transfer:full:2026-07-26T11:53:17.328965+00:00,paper,True,primary,exp1_alignment_transfer,primary_t5000_k10,2,state_coupled_delay,6e09fa90a1fcdeccc861cf2960bd31c4b60e2df4,21563d9a7d6a3134d56776beef7f02b88fbe31e8f18ac118a957eac374c3df02,b4bf2ad829be75d27f6ac4d3792968e90467c80f1b4949e56d7f1566f488630b,b4bf2ad829be75d27f6ac4d3792968e90467c80f1b4949e56d7f1566f488630b,2026-07-26T11:53:17.328965+00:00,route_map_diagnostic,source_bound,route_greedy,5000,0.0,0.0,0.0,0.0,0.0,0.0,0.0,0.0,1e-08,True,0.0,1.0,0.0,0.0,14.991764705882352,0.0,0.0,0.0,0,f1f1f54c693a3b82ceee433ec452c51e33e4eca98b3d9b07b5c1fa97d8671aa5,d053d11c4eb8be50e29d350c0979e8430047b53b0d3e73d61aab204d83b1707a,c9d5f63926e10b88e58591159ceb07f98e794240fbcb784bf885049cf0f4d346
exp1_alignment_transfer:full:2026-07-26T11:53:17.328965+00:00,paper,True,primary,exp1_alignment_transfer,primary_t5000_k10,2,systematic_misbinding,6e09fa90a1fcdeccc861cf2960bd31c4b60e2df4,21563d9a7d6a3134d56776beef7f02b88fbe31e8f18ac118a957eac374c3df02,b4bf2ad829be75d27f6ac4d3792968e90467c80f1b4949e56d7f1566f488630b,b4bf2ad829be75d27f6ac4d3792968e90467c80f1b4949e56d7f1566f488630b,2026-07-26T11:53:17.328965+00:00,route_map_diagnostic,arrival_assigned,route_greedy,5000,770.0617283950617,0.0,2772.2222222222217,0.1540123456790123,0.0,0.5544444444444443,0.5544444444444443,0.400432098765432,1e-08,True,0.499,0.501,0.308641975308642,0.3086419753086419,15.0,0.0,0.0,15.0,15,fda1ec18b8adeb715bbfb9d8f55db76da330c5267c75c5d57a3045ca4f114baf,c6efb0a319c79012233e6d72ce34c34412dc96132709179d7c95cb5c90aa3fa9,5296b23e6ea85f5f6a59748c8787d6acab058d15b59e7bed6eb17a94a20736a6
exp1_alignment_transfer:full:2026-07-26T11:53:17.328965+00:00,paper,True,primary,exp1_alignment_transfer,primary_t5000_k10,2,systematic_misbinding,6e09fa90a1fcdeccc861cf2960bd31c4b60e2df4,21563d9a7d6a3134d56776beef7f02b88fbe31e8f18ac118a957eac374c3df02,b4bf2ad829be75d27f6ac4d3792968e90467c80f1b4949e56d7f1566f488630b,b4bf2ad829be75d27f6ac4d3792968e90467c80f1b4949e56d7f1566f488630b,2026-07-26T11:53:17.328965+00:00,route_map_diagnostic,source_bound,route_greedy,5000,0.0,0.0,0.0,0.0,0.0,0.0,0.0,0.0,1e-08,True,0.0,1.0,0.0,0.0,15.0,0.0,0.0,0.0,0,fda1ec18b8adeb715bbfb9d8f55db76da330c5267c75c5d57a3045ca4f114baf,c6efb0a319c79012233e6d72ce34c34412dc96132709179d7c95cb5c90aa3fa9,5296b23e6ea85f5f6a59748c8787d6acab058d15b59e7bed6eb17a94a20736a6
exp1_alignment_transfer:full:2026-07-26T11:53:17.328965+00:00,paper,True,primary,exp1_alignment_transfer,primary_t5000_k10,3,zero_delay,6e09fa90a1fcdeccc861cf2960bd31c4b60e2df4,21563d9a7d6a3134d56776beef7f02b88fbe31e8f18ac118a957eac374c3df02,b4bf2ad829be75d27f6ac4d3792968e90467c80f1b4949e56d7f1566f488630b,b4bf2ad829be75d27f6ac4d3792968e90467c80f1b4949e56d7f1566f488630b,2026-07-26T11:53:17.328965+00:00,route_map_diagnostic,arrival_assigned,route_greedy,5000,0.0,0.0,0.0,0.0,0.0,0.0,0.0,0.0,1e-08,True,0.0,1.0,0.0,0.0,0.0,0.0,0.0,0.0,0,ab8c80d80c972f75215ece83fcdb7a3d3ba875e4f0d90517c339ae1fbba2a5b0,a3b91ab393eae5d1dda0a57763994e091ac1e35c19feba7c604c6c930e30a596,a37fc23cafbe623b4f75da0e0435fabd115ad5e97575c5465a8921fc9ff7e911
exp1_alignment_transfer:full:2026-07-26T11:53:17.328965+00:00,paper,True,primary,exp1_alignment_transfer,primary_t5000_k10,3,zero_delay,6e09fa90a1fcdeccc861cf2960bd31c4b60e2df4,21563d9a7d6a3134d56776beef7f02b88fbe31e8f18ac118a957eac374c3df02,b4bf2ad829be75d27f6ac4d3792968e90467c80f1b4949e56d7f1566f488630b,b4bf2ad829be75d27f6ac4d3792968e90467c80f1b4949e56d7f1566f488630b,2026-07-26T11:53:17.328965+00:00,route_map_diagnostic,source_bound,route_greedy,5000,0.0,0.0,0.0,0.0,0.0,0.0,0.0,0.0,1e-08,True,0.0,1.0,0.0,0.0,0.0,0.0,0.0,0.0,0,ab8c80d80c972f75215ece83fcdb7a3d3ba875e4f0d90517c339ae1fbba2a5b0,a3b91ab393eae5d1dda0a57763994e091ac1e35c19feba7c604c6c930e30a596,a37fc23cafbe623b4f75da0e0435fabd115ad5e97575c5465a8921fc9ff7e911
exp1_alignment_transfer:full:2026-07-26T11:53:17.328965+00:00,paper,True,primary,exp1_alignment_transfer,primary_t5000_k10,3,exact_valid_shift,6e09fa90a1fcdeccc861cf2960bd31c4b60e2df4,21563d9a7d6a3134d56776beef7f02b88fbe31e8f18ac118a957eac374c3df02,b4bf2ad829be75d27f6ac4d3792968e90467c80f1b4949e56d7f1566f488630b,b4bf2ad829be75d27f6ac4d3792968e90467c80f1b4949e56d7f1566f488630b,2026-07-26T11:53:17.328965+00:00,route_map_diagnostic,arrival_assigned,route_greedy,5000,0.0,0.0,2.807884133537719e-13,0.0,0.0,5.615768267075439e-17,5.615768267075439e-17,5.615768267075439e-17,1e-08,True,0.0,1.0,0.0,0.0,14.964117647058824,0.3646,0.2692,11.314,99,8fd0b97278668e815d56d7f5bad4f8aebe0765da31c3806e2b22388fc7dc3b6f,5057c1c98deb6918368f3839215c13133169b8353eaa2eb776c33ca196db070e,bd6794381eb78d2f27bd337398683e30ceaed87cb70bb42433cd0d8440b1dbeb
exp1_alignment_transfer:full:2026-07-26T11:53:17.328965+00:00,paper,True,primary,exp1_alignment_transfer,primary_t5000_k10,3,exact_valid_shift,6e09fa90a1fcdeccc861cf2960bd31c4b60e2df4,21563d9a7d6a3134d56776beef7f02b88fbe31e8f18ac118a957eac374c3df02,b4bf2ad829be75d27f6ac4d3792968e90467c80f1b4949e56d7f1566f488630b,b4bf2ad829be75d27f6ac4d3792968e90467c80f1b4949e56d7f1566f488630b,2026-07-26T11:53:17.328965+00:00,route_map_diagnostic,source_bound,route_greedy,5000,0.0,0.0,0.0,0.0,0.0,0.0,0.0,0.0,1e-08,True,0.0,1.0,0.0,0.0,14.964117647058824,0.0,0.0,0.0,0,8fd0b97278668e815d56d7f5bad4f8aebe0765da31c3806e2b22388fc7dc3b6f,5057c1c98deb6918368f3839215c13133169b8353eaa2eb776c33ca196db070e,bd6794381eb78d2f27bd337398683e30ceaed87cb70bb42433cd0d8440b1dbeb
exp1_alignment_transfer:full:2026-07-26T11:53:17.328965+00:00,paper,True,primary,exp1_alignment_transfer,primary_t5000_k10,3,geometric_delay,6e09fa90a1fcdeccc861cf2960bd31c4b60e2df4,21563d9a7d6a3134d56776beef7f02b88fbe31e8f18ac118a957eac374c3df02,b4bf2ad829be75d27f6ac4d3792968e90467c80f1b4949e56d7f1566f488630b,b4bf2ad829be75d27f6ac4d3792968e90467c80f1b4949e56d7f1566f488630b,2026-07-26T11:53:17.328965+00:00,route_map_diagnostic,arrival_assigned,route_greedy,5000,142.5116292413959,0.0,1214.1605601788815,0.0285023258482791,0.0,0.2428321120357763,0.2428321120357763,0.2143297861874971,1e-08,True,0.6454,0.0512,0.0441622650267728,0.0030025168739235,14.964117647058824,0.3646,0.2692,11.314,99,ab8c80d80c972f75215ece83fcdb7a3d3ba875e4f0d90517c339ae1fbba2a5b0,5057c1c98deb6918368f3839215c13133169b8353eaa2eb776c33ca196db070e,1204761e52c8d877917f7d025b3b64909b7485699a1c730c8b4238cd20f89c00
exp1_alignment_transfer:full:2026-07-26T11:53:17.328965+00:00,paper,True,primary,exp1_alignment_transfer,primary_t5000_k10,3,geometric_delay,6e09fa90a1fcdeccc861cf2960bd31c4b60e2df4,21563d9a7d6a3134d56776beef7f02b88fbe31e8f18ac118a957eac374c3df02,b4bf2ad829be75d27f6ac4d3792968e90467c80f1b4949e56d7f1566f488630b,b4bf2ad829be75d27f6ac4d3792968e90467c80f1b4949e56d7f1566f488630b,2026-07-26T11:53:17.328965+00:00,route_map_diagnostic,source_bound,route_greedy,5000,0.0,0.0,0.0,0.0,0.0,0.0,0.0,0.0,1e-08,True,0.0,1.0,0.0,0.0,14.964117647058824,0.0,0.0,0.0,0,ab8c80d80c972f75215ece83fcdb7a3d3ba875e4f0d90517c339ae1fbba2a5b0,5057c1c98deb6918368f3839215c13133169b8353eaa2eb776c33ca196db070e,1204761e52c8d877917f7d025b3b64909b7485699a1c730c8b4238cd20f89c00
exp1_alignment_transfer:full:2026-07-26T11:53:17.328965+00:00,paper,True,primary,exp1_alignment_transfer,primary_t5000_k10,3,mixture_delay,6e09fa90a1fcdeccc861cf2960bd31c4b60e2df4,21563d9a7d6a3134d56776beef7f02b88fbe31e8f18ac118a957eac374c3df02,b4bf2ad829be75d27f6ac4d3792968e90467c80f1b4949e56d7f1566f488630b,b4bf2ad829be75d27f6ac4d3792968e90467c80f1b4949e56d7f1566f488630b,2026-07-26T11:53:17.328965+00:00,route_map_diagnostic,arrival_assigned,route_greedy,5000,119.65155849258448,0.0,1009.120772185276,0.0239303116985168,0.0,0.2018241544370552,0.2018241544370552,0.1778938427385383,1e-08,True,0.5596,0.1096,0.0427632446363775,0.0022816581809492,14.59313725490196,0.3618,0.2658,9.639,98,ab8c80d80c972f75215ece83fcdb7a3d3ba875e4f0d90517c339ae1fbba2a5b0,dcf8cdaebc02bf5b5bdd644104c9155a67075fc4dfa3f15452be2344fc3f2b93,2baf44c696a8760b6d15b437ee83c5a6366cd82b3311b0c44e11ba6afb4bfb9a
exp1_alignment_transfer:full:2026-07-26T11:53:17.328965+00:00,paper,True,primary,exp1_alignment_transfer,primary_t5000_k10,3,mixture_delay,6e09fa90a1fcdeccc861cf2960bd31c4b60e2df4,21563d9a7d6a3134d56776beef7f02b88fbe31e8f18ac118a957eac374c3df02,b4bf2ad829be75d27f6ac4d3792968e90467c80f1b4949e56d7f1566f488630b,b4bf2ad829be75d27f6ac4d3792968e90467c80f1b4949e56d7f1566f488630b,2026-07-26T11:53:17.328965+00:00,route_map_diagnostic,source_bound,route_greedy,5000,0.0,0.0,0.0,0.0,0.0,0.0,0.0,0.0,1e-08,True,0.0,1.0,0.0,0.0,14.59313725490196,0.0,0.0,0.0,0,ab8c80d80c972f75215ece83fcdb7a3d3ba875e4f0d90517c339ae1fbba2a5b0,dcf8cdaebc02bf5b5bdd644104c9155a67075fc4dfa3f15452be2344fc3f2b93,2baf44c696a8760b6d15b437ee83c5a6366cd82b3311b0c44e11ba6afb4bfb9a
exp1_alignment_transfer:full:2026-07-26T11:53:17.328965+00:00,paper,True,primary,exp1_alignment_transfer,primary_t5000_k10,3,state_coupled_delay,6e09fa90a1fcdeccc861cf2960bd31c4b60e2df4,21563d9a7d6a3134d56776beef7f02b88fbe31e8f18ac118a957eac374c3df02,b4bf2ad829be75d27f6ac4d3792968e90467c80f1b4949e56d7f1566f488630b,b4bf2ad829be75d27f6ac4d3792968e90467c80f1b4949e56d7f1566f488630b,2026-07-26T11:53:17.328965+00:00,route_map_diagnostic,arrival_assigned,route_greedy,5000,130.39795856009997,0.0,1130.4345735484835,0.0260795917120199,0.0,0.2260869147096967,0.2260869147096967,0.2000073229976767,1e-08,True,0.6164,0.067,0.0423095258144386,0.0028679032205529,13.829019607843136,0.3648,0.2656,10.5578,97,ab8c80d80c972f75215ece83fcdb7a3d3ba875e4f0d90517c339ae1fbba2a5b0,b19013e32421ec75a41bb0bb4c3224e23e6662c6589ce2500ac139772254587a,8f362011193b99ae7554291dc34aeeb06db47ea8b3d6b986314aacd363b89d74
exp1_alignment_transfer:full:2026-07-26T11:53:17.328965+00:00,paper,True,primary,exp1_alignment_transfer,primary_t5000_k10,3,state_coupled_delay,6e09fa90a1fcdeccc861cf2960bd31c4b60e2df4,21563d9a7d6a3134d56776beef7f02b88fbe31e8f18ac118a957eac374c3df02,b4bf2ad829be75d27f6ac4d3792968e90467c80f1b4949e56d7f1566f488630b,b4bf2ad829be75d27f6ac4d3792968e90467c80f1b4949e56d7f1566f488630b,2026-07-26T11:53:17.328965+00:00,route_map_diagnostic,source_bound,route_greedy,5000,0.0,0.0,0.0,0.0,0.0,0.0,0.0,0.0,1e-08,True,0.0,1.0,0.0,0.0,13.829019607843136,0.0,0.0,0.0,0,ab8c80d80c972f75215ece83fcdb7a3d3ba875e4f0d90517c339ae1fbba2a5b0,b19013e32421ec75a41bb0bb4c3224e23e6662c6589ce2500ac139772254587a,8f362011193b99ae7554291dc34aeeb06db47ea8b3d6b986314aacd363b89d74
exp1_alignment_transfer:full:2026-07-26T11:53:17.328965+00:00,paper,True,primary,exp1_alignment_transfer,primary_t5000_k10,3,systematic_misbinding,6e09fa90a1fcdeccc861cf2960bd31c4b60e2df4,21563d9a7d6a3134d56776beef7f02b88fbe31e8f18ac118a957eac374c3df02,b4bf2ad829be75d27f6ac4d3792968e90467c80f1b4949e56d7f1566f488630b,b4bf2ad829be75d27f6ac4d3792968e90467c80f1b4949e56d7f1566f488630b,2026-07-26T11:53:17.328965+00:00,route_map_diagnostic,arrival_assigned,route_greedy,5000,772.5308641975307,0.0,2781.1111111111104,0.1545061728395061,0.0,0.5562222222222221,0.5562222222222221,0.4017160493827159,1e-08,True,0.5006,0.4994,0.308641975308642,0.3086419753086419,15.0,0.0,0.0,15.0,15,8016522a28d43deba5ae427c25b445262033f51e58c88adef975996980f5c0df,fb366c0fe7ee58afd174c57d55cc58ddc0d43e4aba2d9f5acbcae15518c83574,bbad0403d591c63dea9c3c1af790f8f5b8faa86fe91556eed73647a618cdf0bf
exp1_alignment_transfer:full:2026-07-26T11:53:17.328965+00:00,paper,True,primary,exp1_alignment_transfer,primary_t5000_k10,3,systematic_misbinding,6e09fa90a1fcdeccc861cf2960bd31c4b60e2df4,21563d9a7d6a3134d56776beef7f02b88fbe31e8f18ac118a957eac374c3df02,b4bf2ad829be75d27f6ac4d3792968e90467c80f1b4949e56d7f1566f488630b,b4bf2ad829be75d27f6ac4d3792968e90467c80f1b4949e56d7f1566f488630b,2026-07-26T11:53:17.328965+00:00,route_map_diagnostic,source_bound,route_greedy,5000,0.0,0.0,0.0,0.0,0.0,0.0,0.0,0.0,1e-08,True,0.0,1.0,0.0,0.0,15.0,0.0,0.0,0.0,0,8016522a28d43deba5ae427c25b445262033f51e58c88adef975996980f5c0df,fb366c0fe7ee58afd174c57d55cc58ddc0d43e4aba2d9f5acbcae15518c83574,bbad0403d591c63dea9c3c1af790f8f5b8faa86fe91556eed73647a618cdf0bf
exp1_alignment_transfer:full:2026-07-26T11:53:17.328965+00:00,paper,True,primary,exp1_alignment_transfer,primary_t5000_k10,4,zero_delay,6e09fa90a1fcdeccc861cf2960bd31c4b60e2df4,21563d9a7d6a3134d56776beef7f02b88fbe31e8f18ac118a957eac374c3df02,b4bf2ad829be75d27f6ac4d3792968e90467c80f1b4949e56d7f1566f488630b,b4bf2ad829be75d27f6ac4d3792968e90467c80f1b4949e56d7f1566f488630b,2026-07-26T11:53:17.328965+00:00,route_map_diagnostic,arrival_assigned,route_greedy,5000,0.0,0.0,0.0,0.0,0.0,0.0,0.0,0.0,1e-08,True,0.0,1.0,0.0,0.0,0.0,0.0,0.0,0.0,0,90c95fb67bc01729003331b35a86714c4f51b6fa8b78234042cb20737c134db9,0db301e004eb1787995e10bef597d628bfafb57d5b256a6cd279fab77fed572e,64fb18f49922bcd6ba7348d6e1701efd2a54984b592030f00a612835cd7cad05
exp1_alignment_transfer:full:2026-07-26T11:53:17.328965+00:00,paper,True,primary,exp1_alignment_transfer,primary_t5000_k10,4,zero_delay,6e09fa90a1fcdeccc861cf2960bd31c4b60e2df4,21563d9a7d6a3134d56776beef7f02b88fbe31e8f18ac118a957eac374c3df02,b4bf2ad829be75d27f6ac4d3792968e90467c80f1b4949e56d7f1566f488630b,b4bf2ad829be75d27f6ac4d3792968e90467c80f1b4949e56d7f1566f488630b,2026-07-26T11:53:17.328965+00:00,route_map_diagnostic,source_bound,route_greedy,5000,0.0,0.0,0.0,0.0,0.0,0.0,0.0,0.0,1e-08,True,0.0,1.0,0.0,0.0,0.0,0.0,0.0,0.0,0,90c95fb67bc01729003331b35a86714c4f51b6fa8b78234042cb20737c134db9,0db301e004eb1787995e10bef597d628bfafb57d5b256a6cd279fab77fed572e,64fb18f49922bcd6ba7348d6e1701efd2a54984b592030f00a612835cd7cad05
exp1_alignment_transfer:full:2026-07-26T11:53:17.328965+00:00,paper,True,primary,exp1_alignment_transfer,primary_t5000_k10,4,exact_valid_shift,6e09fa90a1fcdeccc861cf2960bd31c4b60e2df4,21563d9a7d6a3134d56776beef7f02b88fbe31e8f18ac118a957eac374c3df02,b4bf2ad829be75d27f6ac4d3792968e90467c80f1b4949e56d7f1566f488630b,b4bf2ad829be75d27f6ac4d3792968e90467c80f1b4949e56d7f1566f488630b,2026-07-26T11:53:17.328965+00:00,route_map_diagnostic,arrival_assigned,route_greedy,5000,0.0,0.0,2.785627631340937e-13,0.0,0.0,5.571255262681874e-17,5.571255262681874e-17,5.571255262681874e-17,1e-08,True,0.0,1.0,0.0,0.0,15.04921568627451,0.363,0.266,11.4968,94,6e87e4b902db29cdb6500f2f107482670f1adf640681c5b29ecd7330ec56d105,d3e5a596e8348c13330fbbf6503d913f604e525b451f7c2cd771057c864af9ee,551c476979a8adddd7dccb2f37351d0a9d180d110ae6cbb95c161b27e5966833
exp1_alignment_transfer:full:2026-07-26T11:53:17.328965+00:00,paper,True,primary,exp1_alignment_transfer,primary_t5000_k10,4,exact_valid_shift,6e09fa90a1fcdeccc861cf2960bd31c4b60e2df4,21563d9a7d6a3134d56776beef7f02b88fbe31e8f18ac118a957eac374c3df02,b4bf2ad829be75d27f6ac4d3792968e90467c80f1b4949e56d7f1566f488630b,b4bf2ad829be75d27f6ac4d3792968e90467c80f1b4949e56d7f1566f488630b,2026-07-26T11:53:17.328965+00:00,route_map_diagnostic,source_bound,route_greedy,5000,0.0,0.0,0.0,0.0,0.0,0.0,0.0,0.0,1e-08,True,0.0,1.0,0.0,0.0,15.04921568627451,0.0,0.0,0.0,0,6e87e4b902db29cdb6500f2f107482670f1adf640681c5b29ecd7330ec56d105,d3e5a596e8348c13330fbbf6503d913f604e525b451f7c2cd771057c864af9ee,551c476979a8adddd7dccb2f37351d0a9d180d110ae6cbb95c161b27e5966833
exp1_alignment_transfer:full:2026-07-26T11:53:17.328965+00:00,paper,True,primary,exp1_alignment_transfer,primary_t5000_k10,4,geometric_delay,6e09fa90a1fcdeccc861cf2960bd31c4b60e2df4,21563d9a7d6a3134d56776beef7f02b88fbe31e8f18ac118a957eac374c3df02,b4bf2ad829be75d27f6ac4d3792968e90467c80f1b4949e56d7f1566f488630b,b4bf2ad829be75d27f6ac4d3792968e90467c80f1b4949e56d7f1566f488630b,2026-07-26T11:53:17.328965+00:00,route_map_diagnostic,arrival_assigned,route_greedy,5000,163.69457624400397,0.0,1331.537590735135,0.0327389152488007,0.0,0.2663075181470269,0.2663075181470269,0.2335686028982262,1e-08,True,0.688,0.0432,0.0475856326290709,0.0030856182976015,15.04921568627451,0.363,0.266,11.4968,94,90c95fb67bc01729003331b35a86714c4f51b6fa8b78234042cb20737c134db9,d3e5a596e8348c13330fbbf6503d913f604e525b451f7c2cd771057c864af9ee,b5e4f84936b6f56fa4c3fd2ef94362ceb47ab9a1dcae2309ca8d10b18bac89d3
exp1_alignment_transfer:full:2026-07-26T11:53:17.328965+00:00,paper,True,primary,exp1_alignment_transfer,primary_t5000_k10,4,geometric_delay,6e09fa90a1fcdeccc861cf2960bd31c4b60e2df4,21563d9a7d6a3134d56776beef7f02b88fbe31e8f18ac118a957eac374c3df02,b4bf2ad829be75d27f6ac4d3792968e90467c80f1b4949e56d7f1566f488630b,b4bf2ad829be75d27f6ac4d3792968e90467c80f1b4949e56d7f1566f488630b,2026-07-26T11:53:17.328965+00:00,route_map_diagnostic,source_bound,route_greedy,5000,0.0,0.0,0.0,0.0,0.0,0.0,0.0,0.0,1e-08,True,0.0,1.0,0.0,0.0,15.04921568627451,0.0,0.0,0.0,0,90c95fb67bc01729003331b35a86714c4f51b6fa8b78234042cb20737c134db9,d3e5a596e8348c13330fbbf6503d913f604e525b451f7c2cd771057c864af9ee,b5e4f84936b6f56fa4c3fd2ef94362ceb47ab9a1dcae2309ca8d10b18bac89d3
exp1_alignment_transfer:full:2026-07-26T11:53:17.328965+00:00,paper,True,primary,exp1_alignment_transfer,primary_t5000_k10,4,mixture_delay,6e09fa90a1fcdeccc861cf2960bd31c4b60e2df4,21563d9a7d6a3134d56776beef7f02b88fbe31e8f18ac118a957eac374c3df02,b4bf2ad829be75d27f6ac4d3792968e90467c80f1b4949e56d7f1566f488630b,b4bf2ad829be75d27f6ac4d3792968e90467c80f1b4949e56d7f1566f488630b,2026-07-26T11:53:17.328965+00:00,route_map_diagnostic,arrival_assigned,route_greedy,5000,133.1549118172779,0.0,1111.522140346563,0.0266309823634555,0.0,0.2223044280693126,0.2223044280693126,0.195673445705857,1e-08,True,0.5928,0.1042,0.0449240593175701,0.0026770580882755,14.951960784313725,0.357,0.2596,10.1502,99,90c95fb67bc01729003331b35a86714c4f51b6fa8b78234042cb20737c134db9,882297465f2f2ae8a439a608cbc4c79b7df130286780c1d841a04d0789aff055,c142841309f7965314a839fdc4578457eefeb350518d43ffcfbd7006bfd3133a
exp1_alignment_transfer:full:2026-07-26T11:53:17.328965+00:00,paper,True,primary,exp1_alignment_transfer,primary_t5000_k10,4,mixture_delay,6e09fa90a1fcdeccc861cf2960bd31c4b60e2df4,21563d9a7d6a3134d56776beef7f02b88fbe31e8f18ac118a957eac374c3df02,b4bf2ad829be75d27f6ac4d3792968e90467c80f1b4949e56d7f1566f488630b,b4bf2ad829be75d27f6ac4d3792968e90467c80f1b4949e56d7f1566f488630b,2026-07-26T11:53:17.328965+00:00,route_map_diagnostic,source_bound,route_greedy,5000,0.0,0.0,0.0,0.0,0.0,0.0,0.0,0.0,1e-08,True,0.0,1.0,0.0,0.0,14.951960784313725,0.0,0.0,0.0,0,90c95fb67bc01729003331b35a86714c4f51b6fa8b78234042cb20737c134db9,882297465f2f2ae8a439a608cbc4c79b7df130286780c1d841a04d0789aff055,c142841309f7965314a839fdc4578457eefeb350518d43ffcfbd7006bfd3133a
exp1_alignment_transfer:full:2026-07-26T11:53:17.328965+00:00,paper,True,primary,exp1_alignment_transfer,primary_t5000_k10,4,state_coupled_delay,6e09fa90a1fcdeccc861cf2960bd31c4b60e2df4,21563d9a7d6a3134d56776beef7f02b88fbe31e8f18ac118a957eac374c3df02,b4bf2ad829be75d27f6ac4d3792968e90467c80f1b4949e56d7f1566f488630b,b4bf2ad829be75d27f6ac4d3792968e90467c80f1b4949e56d7f1566f488630b,2026-07-26T11:53:17.328965+00:00,route_map_diagnostic,arrival_assigned,route_greedy,5000,156.655255469582,0.0,1293.051998192862,0.0313310510939163,0.0,0.2586103996385724,0.2586103996385724,0.227279348544656,1e-08,True,0.6766,0.0478,0.0463066081790073,0.0028738203693146,15.40764705882353,0.3654,0.2654,11.79,99,90c95fb67bc01729003331b35a86714c4f51b6fa8b78234042cb20737c134db9,a4146672c4b2bd305ccdbb2139804246e3e254f76c672fca640eff4710a28eac,bcbb1439f3e60c37c56deb81d465016967204a67016146d8889c9ab6f0346f0c
exp1_alignment_transfer:full:2026-07-26T11:53:17.328965+00:00,paper,True,primary,exp1_alignment_transfer,primary_t5000_k10,4,state_coupled_delay,6e09fa90a1fcdeccc861cf2960bd31c4b60e2df4,21563d9a7d6a3134d56776beef7f02b88fbe31e8f18ac118a957eac374c3df02,b4bf2ad829be75d27f6ac4d3792968e90467c80f1b4949e56d7f1566f488630b,b4bf2ad829be75d27f6ac4d3792968e90467c80f1b4949e56d7f1566f488630b,2026-07-26T11:53:17.328965+00:00,route_map_diagnostic,source_bound,route_greedy,5000,0.0,0.0,0.0,0.0,0.0,0.0,0.0,0.0,1e-08,True,0.0,1.0,0.0,0.0,15.40764705882353,0.0,0.0,0.0,0,90c95fb67bc01729003331b35a86714c4f51b6fa8b78234042cb20737c134db9,a4146672c4b2bd305ccdbb2139804246e3e254f76c672fca640eff4710a28eac,bcbb1439f3e60c37c56deb81d465016967204a67016146d8889c9ab6f0346f0c
exp1_alignment_transfer:full:2026-07-26T11:53:17.328965+00:00,paper,True,primary,exp1_alignment_transfer,primary_t5000_k10,4,systematic_misbinding,6e09fa90a1fcdeccc861cf2960bd31c4b60e2df4,21563d9a7d6a3134d56776beef7f02b88fbe31e8f18ac118a957eac374c3df02,b4bf2ad829be75d27f6ac4d3792968e90467c80f1b4949e56d7f1566f488630b,b4bf2ad829be75d27f6ac4d3792968e90467c80f1b4949e56d7f1566f488630b,2026-07-26T11:53:17.328965+00:00,route_map_diagnostic,arrival_assigned,route_greedy,5000,773.148148148148,0.0,2783.3333333333326,0.1546296296296296,0.0,0.5566666666666665,0.5566666666666665,0.4020370370370369,1e-08,True,0.501,0.499,0.308641975308642,0.3086419753086419,15.0,0.0,0.0,15.0,15,c5e0db9d722a2d2b5d41dff132e5dce027a3dbc55ebb94cea4330db7f891bec9,06e62bac7913569a6525b93613ecae45f487066aa6a14dbc96b645beb882a1b0,b0798bcfa627c0b31b21b27f38e946bc0353853a0c45188a7afd7e962a77e705
exp1_alignment_transfer:full:2026-07-26T11:53:17.328965+00:00,paper,True,primary,exp1_alignment_transfer,primary_t5000_k10,4,systematic_misbinding,6e09fa90a1fcdeccc861cf2960bd31c4b60e2df4,21563d9a7d6a3134d56776beef7f02b88fbe31e8f18ac118a957eac374c3df02,b4bf2ad829be75d27f6ac4d3792968e90467c80f1b4949e56d7f1566f488630b,b4bf2ad829be75d27f6ac4d3792968e90467c80f1b4949e56d7f1566f488630b,2026-07-26T11:53:17.328965+00:00,route_map_diagnostic,source_bound,route_greedy,5000,0.0,0.0,0.0,0.0,0.0,0.0,0.0,0.0,1e-08,True,0.0,1.0,0.0,0.0,15.0,0.0,0.0,0.0,0,c5e0db9d722a2d2b5d41dff132e5dce027a3dbc55ebb94cea4330db7f891bec9,06e62bac7913569a6525b93613ecae45f487066aa6a14dbc96b645beb882a1b0,b0798bcfa627c0b31b21b27f38e946bc0353853a0c45188a7afd7e962a77e705
exp1_alignment_transfer:full:2026-07-26T11:53:17.328965+00:00,paper,True,primary,exp1_alignment_transfer,primary_t5000_k10,5,zero_delay,6e09fa90a1fcdeccc861cf2960bd31c4b60e2df4,21563d9a7d6a3134d56776beef7f02b88fbe31e8f18ac118a957eac374c3df02,b4bf2ad829be75d27f6ac4d3792968e90467c80f1b4949e56d7f1566f488630b,b4bf2ad829be75d27f6ac4d3792968e90467c80f1b4949e56d7f1566f488630b,2026-07-26T11:53:17.328965+00:00,route_map_diagnostic,arrival_assigned,route_greedy,5000,0.0,0.0,0.0,0.0,0.0,0.0,0.0,0.0,1e-08,True,0.0,1.0,0.0,0.0,0.0,0.0,0.0,0.0,0,882eaffd5793dff1d3105d390ce80cdf84e730430a786692e72f675cc4249ef9,d95fbbe56417741e490e06a2a40ee0e096b8d77206191706027eac0fadf37bfe,772d366e98f6dbce798725945f416d71aa6010c3401e69edadc969ab44265782
exp1_alignment_transfer:full:2026-07-26T11:53:17.328965+00:00,paper,True,primary,exp1_alignment_transfer,primary_t5000_k10,5,zero_delay,6e09fa90a1fcdeccc861cf2960bd31c4b60e2df4,21563d9a7d6a3134d56776beef7f02b88fbe31e8f18ac118a957eac374c3df02,b4bf2ad829be75d27f6ac4d3792968e90467c80f1b4949e56d7f1566f488630b,b4bf2ad829be75d27f6ac4d3792968e90467c80f1b4949e56d7f1566f488630b,2026-07-26T11:53:17.328965+00:00,route_map_diagnostic,source_bound,route_greedy,5000,0.0,0.0,0.0,0.0,0.0,0.0,0.0,0.0,1e-08,True,0.0,1.0,0.0,0.0,0.0,0.0,0.0,0.0,0,882eaffd5793dff1d3105d390ce80cdf84e730430a786692e72f675cc4249ef9,d95fbbe56417741e490e06a2a40ee0e096b8d77206191706027eac0fadf37bfe,772d366e98f6dbce798725945f416d71aa6010c3401e69edadc969ab44265782
exp1_alignment_transfer:full:2026-07-26T11:53:17.328965+00:00,paper,True,primary,exp1_alignment_transfer,primary_t5000_k10,5,exact_valid_shift,6e09fa90a1fcdeccc861cf2960bd31c4b60e2df4,21563d9a7d6a3134d56776beef7f02b88fbe31e8f18ac118a957eac374c3df02,b4bf2ad829be75d27f6ac4d3792968e90467c80f1b4949e56d7f1566f488630b,b4bf2ad829be75d27f6ac4d3792968e90467c80f1b4949e56d7f1566f488630b,2026-07-26T11:53:17.328965+00:00,route_map_diagnostic,arrival_assigned,route_greedy,5000,0.0,0.0,2.8095798257354865e-13,0.0,0.0,5.619159651470971e-17,5.619159651470971e-17,5.619159651470971e-17,1e-08,True,0.0,1.0,0.0,0.0,15.122352941176471,0.3698,0.2664,11.6782,98,1b63a24183c046d4dc0e3ffddc991777a01bc66aa20b31158d602bea1b91c0ec,3d8d2611d0cbd98125737b3ce0ebe8e209ef1980cd20523b325eb36b18d2f19b,7d4df8bcf94d1ddf89a0f0c6dc0f4e4536b34ca24f452452c05a7152403df384
exp1_alignment_transfer:full:2026-07-26T11:53:17.328965+00:00,paper,True,primary,exp1_alignment_transfer,primary_t5000_k10,5,exact_valid_shift,6e09fa90a1fcdeccc861cf2960bd31c4b60e2df4,21563d9a7d6a3134d56776beef7f02b88fbe31e8f18ac118a957eac374c3df02,b4bf2ad829be75d27f6ac4d3792968e90467c80f1b4949e56d7f1566f488630b,b4bf2ad829be75d27f6ac4d3792968e90467c80f1b4949e56d7f1566f488630b,2026-07-26T11:53:17.328965+00:00,route_map_diagnostic,source_bound,route_greedy,5000,0.0,0.0,0.0,0.0,0.0,0.0,0.0,0.0,1e-08,True,0.0,1.0,0.0,0.0,15.122352941176471,0.0,0.0,0.0,0,1b63a24183c046d4dc0e3ffddc991777a01bc66aa20b31158d602bea1b91c0ec,3d8d2611d0cbd98125737b3ce0ebe8e209ef1980cd20523b325eb36b18d2f19b,7d4df8bcf94d1ddf89a0f0c6dc0f4e4536b34ca24f452452c05a7152403df384
exp1_alignment_transfer:full:2026-07-26T11:53:17.328965+00:00,paper,True,primary,exp1_alignment_transfer,primary_t5000_k10,5,geometric_delay,6e09fa90a1fcdeccc861cf2960bd31c4b60e2df4,21563d9a7d6a3134d56776beef7f02b88fbe31e8f18ac118a957eac374c3df02,b4bf2ad829be75d27f6ac4d3792968e90467c80f1b4949e56d7f1566f488630b,b4bf2ad829be75d27f6ac4d3792968e90467c80f1b4949e56d7f1566f488630b,2026-07-26T11:53:17.328965+00:00,route_map_diagnostic,arrival_assigned,route_greedy,5000,169.77882841720145,0.0,1323.346907309796,0.0339557656834402,0.0,0.2646693814619592,0.2646693814619592,0.2307136157785189,1e-08,True,0.684,0.047,0.0496429322857314,0.0031674064232381,15.122352941176471,0.3698,0.2664,11.6782,98,882eaffd5793dff1d3105d390ce80cdf84e730430a786692e72f675cc4249ef9,3d8d2611d0cbd98125737b3ce0ebe8e209ef1980cd20523b325eb36b18d2f19b,f769a1ac9aa2adeff1f010b17a0c60ec4964935c1410e5ae5e4cd730368cb058
exp1_alignment_transfer:full:2026-07-26T11:53:17.328965+00:00,paper,True,primary,exp1_alignment_transfer,primary_t5000_k10,5,geometric_delay,6e09fa90a1fcdeccc861cf2960bd31c4b60e2df4,21563d9a7d6a3134d56776beef7f02b88fbe31e8f18ac118a957eac374c3df02,b4bf2ad829be75d27f6ac4d3792968e90467c80f1b4949e56d7f1566f488630b,b4bf2ad829be75d27f6ac4d3792968e90467c80f1b4949e56d7f1566f488630b,2026-07-26T11:53:17.328965+00:00,route_map_diagnostic,source_bound,route_greedy,5000,0.0,0.0,0.0,0.0,0.0,0.0,0.0,0.0,1e-08,True,0.0,1.0,0.0,0.0,15.122352941176471,0.0,0.0,0.0,0,882eaffd5793dff1d3105d390ce80cdf84e730430a786692e72f675cc4249ef9,3d8d2611d0cbd98125737b3ce0ebe8e209ef1980cd20523b325eb36b18d2f19b,f769a1ac9aa2adeff1f010b17a0c60ec4964935c1410e5ae5e4cd730368cb058
exp1_alignment_transfer:full:2026-07-26T11:53:17.328965+00:00,paper,True,primary,exp1_alignment_transfer,primary_t5000_k10,5,mixture_delay,6e09fa90a1fcdeccc861cf2960bd31c4b60e2df4,21563d9a7d6a3134d56776beef7f02b88fbe31e8f18ac118a957eac374c3df02,b4bf2ad829be75d27f6ac4d3792968e90467c80f1b4949e56d7f1566f488630b,b4bf2ad829be75d27f6ac4d3792968e90467c80f1b4949e56d7f1566f488630b,2026-07-26T11:53:17.328965+00:00,route_map_diagnostic,arrival_assigned,route_greedy,5000,140.72751326015236,0.0,1105.9864388828855,0.0281455026520304,0.0,0.2211972877765771,0.2211972877765771,0.1930517851245466,1e-08,True,0.5968,0.1002,0.0471606947922762,0.0023812409827332,15.294901960784314,0.3542,0.2628,10.2386,100,882eaffd5793dff1d3105d390ce80cdf84e730430a786692e72f675cc4249ef9,c6a2acbf33c6713f76d0a0cf46f338742fe332fd44e17b0c00f1cffc1151d5d1,e0873821caff46e8fc9350d60b21447e73f296b6c0a77d4a2068e4157364c324
exp1_alignment_transfer:full:2026-07-26T11:53:17.328965+00:00,paper,True,primary,exp1_alignment_transfer,primary_t5000_k10,5,mixture_delay,6e09fa90a1fcdeccc861cf2960bd31c4b60e2df4,21563d9a7d6a3134d56776beef7f02b88fbe31e8f18ac118a957eac374c3df02,b4bf2ad829be75d27f6ac4d3792968e90467c80f1b4949e56d7f1566f488630b,b4bf2ad829be75d27f6ac4d3792968e90467c80f1b4949e56d7f1566f488630b,2026-07-26T11:53:17.328965+00:00,route_map_diagnostic,source_bound,route_greedy,5000,0.0,0.0,0.0,0.0,0.0,0.0,0.0,0.0,1e-08,True,0.0,1.0,0.0,0.0,15.294901960784314,0.0,0.0,0.0,0,882eaffd5793dff1d3105d390ce80cdf84e730430a786692e72f675cc4249ef9,c6a2acbf33c6713f76d0a0cf46f338742fe332fd44e17b0c00f1cffc1151d5d1,e0873821caff46e8fc9350d60b21447e73f296b6c0a77d4a2068e4157364c324
exp1_alignment_transfer:full:2026-07-26T11:53:17.328965+00:00,paper,True,primary,exp1_alignment_transfer,primary_t5000_k10,5,state_coupled_delay,6e09fa90a1fcdeccc861cf2960bd31c4b60e2df4,21563d9a7d6a3134d56776beef7f02b88fbe31e8f18ac118a957eac374c3df02,b4bf2ad829be75d27f6ac4d3792968e90467c80f1b4949e56d7f1566f488630b,b4bf2ad829be75d27f6ac4d3792968e90467c80f1b4949e56d7f1566f488630b,2026-07-26T11:53:17.328965+00:00,route_map_diagnostic,arrival_assigned,route_greedy,5000,155.97798506210995,0.0,1258.0646385270124,0.0311955970124219,0.0,0.2516129277054025,0.2516129277054025,0.2204173306929805,1e-08,True,0.6644,0.0518,0.0469530358404906,0.0030099143556368,15.78156862745098,0.3618,0.2638,12.28,100,882eaffd5793dff1d3105d390ce80cdf84e730430a786692e72f675cc4249ef9,d0c2138766111627c9eb67efc77c4183387fbf546cd0a63efcb21dca810b8070,1a0666fba1c3941888e871f4726b967001682c1de9679212bb4f070a060fec90
exp1_alignment_transfer:full:2026-07-26T11:53:17.328965+00:00,paper,True,primary,exp1_alignment_transfer,primary_t5000_k10,5,state_coupled_delay,6e09fa90a1fcdeccc861cf2960bd31c4b60e2df4,21563d9a7d6a3134d56776beef7f02b88fbe31e8f18ac118a957eac374c3df02,b4bf2ad829be75d27f6ac4d3792968e90467c80f1b4949e56d7f1566f488630b,b4bf2ad829be75d27f6ac4d3792968e90467c80f1b4949e56d7f1566f488630b,2026-07-26T11:53:17.328965+00:00,route_map_diagnostic,source_bound,route_greedy,5000,0.0,0.0,0.0,0.0,0.0,0.0,0.0,0.0,1e-08,True,0.0,1.0,0.0,0.0,15.78156862745098,0.0,0.0,0.0,0,882eaffd5793dff1d3105d390ce80cdf84e730430a786692e72f675cc4249ef9,d0c2138766111627c9eb67efc77c4183387fbf546cd0a63efcb21dca810b8070,1a0666fba1c3941888e871f4726b967001682c1de9679212bb4f070a060fec90
exp1_alignment_transfer:full:2026-07-26T11:53:17.328965+00:00,paper,True,primary,exp1_alignment_transfer,primary_t5000_k10,5,systematic_misbinding,6e09fa90a1fcdeccc861cf2960bd31c4b60e2df4,21563d9a7d6a3134d56776beef7f02b88fbe31e8f18ac118a957eac374c3df02,b4bf2ad829be75d27f6ac4d3792968e90467c80f1b4949e56d7f1566f488630b,b4bf2ad829be75d27f6ac4d3792968e90467c80f1b4949e56d7f1566f488630b,2026-07-26T11:53:17.328965+00:00,route_map_diagnostic,arrival_assigned,route_greedy,5000,773.148148148148,0.0,2783.333333333333,0.1546296296296296,0.0,0.5566666666666666,0.5566666666666666,0.4020370370370369,1e-08,True,0.501,0.499,0.308641975308642,0.3086419753086419,15.0,0.0,0.0,15.0,15,130d138256df6ce9ca0b108a76cf363501c5adc5017549ed1f355ac0d7bcb29d,3604b5bf5504bcaeb68683b144eef1a79c0a5e74e36aacc58c57d5a888617e7d,f2b40e75bb2a6ac829926b1fb571967220f9401a0bc239d17265ee92da840aed
exp1_alignment_transfer:full:2026-07-26T11:53:17.328965+00:00,paper,True,primary,exp1_alignment_transfer,primary_t5000_k10,5,systematic_misbinding,6e09fa90a1fcdeccc861cf2960bd31c4b60e2df4,21563d9a7d6a3134d56776beef7f02b88fbe31e8f18ac118a957eac374c3df02,b4bf2ad829be75d27f6ac4d3792968e90467c80f1b4949e56d7f1566f488630b,b4bf2ad829be75d27f6ac4d3792968e90467c80f1b4949e56d7f1566f488630b,2026-07-26T11:53:17.328965+00:00,route_map_diagnostic,source_bound,route_greedy,5000,0.0,0.0,0.0,0.0,0.0,0.0,0.0,0.0,1e-08,True,0.0,1.0,0.0,0.0,15.0,0.0,0.0,0.0,0,130d138256df6ce9ca0b108a76cf363501c5adc5017549ed1f355ac0d7bcb29d,3604b5bf5504bcaeb68683b144eef1a79c0a5e74e36aacc58c57d5a888617e7d,f2b40e75bb2a6ac829926b1fb571967220f9401a0bc239d17265ee92da840aed
exp1_alignment_transfer:full:2026-07-26T11:53:17.328965+00:00,paper,True,primary,exp1_alignment_transfer,primary_t5000_k10,6,zero_delay,6e09fa90a1fcdeccc861cf2960bd31c4b60e2df4,21563d9a7d6a3134d56776beef7f02b88fbe31e8f18ac118a957eac374c3df02,b4bf2ad829be75d27f6ac4d3792968e90467c80f1b4949e56d7f1566f488630b,b4bf2ad829be75d27f6ac4d3792968e90467c80f1b4949e56d7f1566f488630b,2026-07-26T11:53:17.328965+00:00,route_map_diagnostic,arrival_assigned,route_greedy,5000,0.0,0.0,0.0,0.0,0.0,0.0,0.0,0.0,1e-08,True,0.0,1.0,0.0,0.0,0.0,0.0,0.0,0.0,0,f0a3a3f7dc9950599bb0975c54aa7c5b247bc208ed9faab74a3510bbde9c57e4,8e7e4c1630075a852bc6186f543b06e78680a320b37848d75d96cef884b47feb,ca01b2705e277ba924928c94512b57d5ec2fa16e798b673f2b5ae26fcac05ac4
exp1_alignment_transfer:full:2026-07-26T11:53:17.328965+00:00,paper,True,primary,exp1_alignment_transfer,primary_t5000_k10,6,zero_delay,6e09fa90a1fcdeccc861cf2960bd31c4b60e2df4,21563d9a7d6a3134d56776beef7f02b88fbe31e8f18ac118a957eac374c3df02,b4bf2ad829be75d27f6ac4d3792968e90467c80f1b4949e56d7f1566f488630b,b4bf2ad829be75d27f6ac4d3792968e90467c80f1b4949e56d7f1566f488630b,2026-07-26T11:53:17.328965+00:00,route_map_diagnostic,source_bound,route_greedy,5000,0.0,0.0,0.0,0.0,0.0,0.0,0.0,0.0,1e-08,True,0.0,1.0,0.0,0.0,0.0,0.0,0.0,0.0,0,f0a3a3f7dc9950599bb0975c54aa7c5b247bc208ed9faab74a3510bbde9c57e4,8e7e4c1630075a852bc6186f543b06e78680a320b37848d75d96cef884b47feb,ca01b2705e277ba924928c94512b57d5ec2fa16e798b673f2b5ae26fcac05ac4
exp1_alignment_transfer:full:2026-07-26T11:53:17.328965+00:00,paper,True,primary,exp1_alignment_transfer,primary_t5000_k10,6,exact_valid_shift,6e09fa90a1fcdeccc861cf2960bd31c4b60e2df4,21563d9a7d6a3134d56776beef7f02b88fbe31e8f18ac118a957eac374c3df02,b4bf2ad829be75d27f6ac4d3792968e90467c80f1b4949e56d7f1566f488630b,b4bf2ad829be75d27f6ac4d3792968e90467c80f1b4949e56d7f1566f488630b,2026-07-26T11:53:17.328965+00:00,route_map_diagnostic,arrival_assigned,route_greedy,5000,0.0,0.0,2.7312126085060617e-13,0.0,0.0,5.4624252170121233e-17,5.4624252170121233e-17,5.4624252170121233e-17,1e-08,True,0.0,1.0,0.0,0.0,15.05607843137255,0.3612,0.2632,11.744,98,71fade9470238718770df12869b7937fef73a688b08538671cbc7ff2652f51cf,96c520f6082f8d4725ea6619ed2da8663b432e1a804feb465f4c7fad290c2438,5671f7d166e79943d45f32f364fef91a86520588fecb3c694bb10976d36b5647
exp1_alignment_transfer:full:2026-07-26T11:53:17.328965+00:00,paper,True,primary,exp1_alignment_transfer,primary_t5000_k10,6,exact_valid_shift,6e09fa90a1fcdeccc861cf2960bd31c4b60e2df4,21563d9a7d6a3134d56776beef7f02b88fbe31e8f18ac118a957eac374c3df02,b4bf2ad829be75d27f6ac4d3792968e90467c80f1b4949e56d7f1566f488630b,b4bf2ad829be75d27f6ac4d3792968e90467c80f1b4949e56d7f1566f488630b,2026-07-26T11:53:17.328965+00:00,route_map_diagnostic,source_bound,route_greedy,5000,0.0,0.0,0.0,0.0,0.0,0.0,0.0,0.0,1e-08,True,0.0,1.0,0.0,0.0,15.05607843137255,0.0,0.0,0.0,0,71fade9470238718770df12869b7937fef73a688b08538671cbc7ff2652f51cf,96c520f6082f8d4725ea6619ed2da8663b432e1a804feb465f4c7fad290c2438,5671f7d166e79943d45f32f364fef91a86520588fecb3c694bb10976d36b5647
exp1_alignment_transfer:full:2026-07-26T11:53:17.328965+00:00,paper,True,primary,exp1_alignment_transfer,primary_t5000_k10,6,geometric_delay,6e09fa90a1fcdeccc861cf2960bd31c4b60e2df4,21563d9a7d6a3134d56776beef7f02b88fbe31e8f18ac118a957eac374c3df02,b4bf2ad829be75d27f6ac4d3792968e90467c80f1b4949e56d7f1566f488630b,b4bf2ad829be75d27f6ac4d3792968e90467c80f1b4949e56d7f1566f488630b,2026-07-26T11:53:17.328965+00:00,route_map_diagnostic,arrival_assigned,route_greedy,5000,145.82224861411788,0.0,1204.570199522995,0.0291644497228235,0.0,0.2409140399045989,0.2409140399045989,0.2117495901817754,1e-08,True,0.639,0.0554,0.0456407663893952,0.0027029160062582,15.05607843137255,0.3612,0.2632,11.744,98,f0a3a3f7dc9950599bb0975c54aa7c5b247bc208ed9faab74a3510bbde9c57e4,96c520f6082f8d4725ea6619ed2da8663b432e1a804feb465f4c7fad290c2438,db9d3032c0fbf3f7b61de85d0276c3fa1b3ccd24108296fb3ca4b53d19b66d51
exp1_alignment_transfer:full:2026-07-26T11:53:17.328965+00:00,paper,True,primary,exp1_alignment_transfer,primary_t5000_k10,6,geometric_delay,6e09fa90a1fcdeccc861cf2960bd31c4b60e2df4,21563d9a7d6a3134d56776beef7f02b88fbe31e8f18ac118a957eac374c3df02,b4bf2ad829be75d27f6ac4d3792968e90467c80f1b4949e56d7f1566f488630b,b4bf2ad829be75d27f6ac4d3792968e90467c80f1b4949e56d7f1566f488630b,2026-07-26T11:53:17.328965+00:00,route_map_diagnostic,source_bound,route_greedy,5000,0.0,0.0,0.0,0.0,0.0,0.0,0.0,0.0,1e-08,True,0.0,1.0,0.0,0.0,15.05607843137255,0.0,0.0,0.0,0,f0a3a3f7dc9950599bb0975c54aa7c5b247bc208ed9faab74a3510bbde9c57e4,96c520f6082f8d4725ea6619ed2da8663b432e1a804feb465f4c7fad290c2438,db9d3032c0fbf3f7b61de85d0276c3fa1b3ccd24108296fb3ca4b53d19b66d51
exp1_alignment_transfer:full:2026-07-26T11:53:17.328965+00:00,paper,True,primary,exp1_alignment_transfer,primary_t5000_k10,6,mixture_delay,6e09fa90a1fcdeccc861cf2960bd31c4b60e2df4,21563d9a7d6a3134d56776beef7f02b88fbe31e8f18ac118a957eac374c3df02,b4bf2ad829be75d27f6ac4d3792968e90467c80f1b4949e56d7f1566f488630b,b4bf2ad829be75d27f6ac4d3792968e90467c80f1b4949e56d7f1566f488630b,2026-07-26T11:53:17.328965+00:00,route_map_diagnostic,arrival_assigned,route_greedy,5000,116.271406237619,0.0,1005.524780716352,0.0232542812475238,0.0,0.2011049561432704,0.2011049561432704,0.1778506748957466,1e-08,True,0.5558,0.1068,0.0418392969548826,0.0023572944428665,14.926470588235292,0.3578,0.2618,10.2518,100,f0a3a3f7dc9950599bb0975c54aa7c5b247bc208ed9faab74a3510bbde9c57e4,43f80e03d8f1227109507c1575b9d2def9d4749bda661e85361b5540b1360bb6,db03cca9ea3aace61b1a761c3266ae20018c80ca4af8be4fbcdb539eaa0fb977
exp1_alignment_transfer:full:2026-07-26T11:53:17.328965+00:00,paper,True,primary,exp1_alignment_transfer,primary_t5000_k10,6,mixture_delay,6e09fa90a1fcdeccc861cf2960bd31c4b60e2df4,21563d9a7d6a3134d56776beef7f02b88fbe31e8f18ac118a957eac374c3df02,b4bf2ad829be75d27f6ac4d3792968e90467c80f1b4949e56d7f1566f488630b,b4bf2ad829be75d27f6ac4d3792968e90467c80f1b4949e56d7f1566f488630b,2026-07-26T11:53:17.328965+00:00,route_map_diagnostic,source_bound,route_greedy,5000,0.0,0.0,0.0,0.0,0.0,0.0,0.0,0.0,1e-08,True,0.0,1.0,0.0,0.0,14.926470588235292,0.0,0.0,0.0,0,f0a3a3f7dc9950599bb0975c54aa7c5b247bc208ed9faab74a3510bbde9c57e4,43f80e03d8f1227109507c1575b9d2def9d4749bda661e85361b5540b1360bb6,db03cca9ea3aace61b1a761c3266ae20018c80ca4af8be4fbcdb539eaa0fb977
exp1_alignment_transfer:full:2026-07-26T11:53:17.328965+00:00,paper,True,primary,exp1_alignment_transfer,primary_t5000_k10,6,state_coupled_delay,6e09fa90a1fcdeccc861cf2960bd31c4b60e2df4,21563d9a7d6a3134d56776beef7f02b88fbe31e8f18ac118a957eac374c3df02,b4bf2ad829be75d27f6ac4d3792968e90467c80f1b4949e56d7f1566f488630b,b4bf2ad829be75d27f6ac4d3792968e90467c80f1b4949e56d7f1566f488630b,2026-07-26T11:53:17.328965+00:00,route_map_diagnostic,arrival_assigned,route_greedy,5000,138.89554729804547,0.0,1184.168476537338,0.027779109459609,0.0,0.2368336953074676,0.2368336953074676,0.2090545858478584,1e-08,True,0.6498,0.0528,0.0427502453979826,0.0028400348818727,16.350392156862746,0.3674,0.2658,12.3422,97,f0a3a3f7dc9950599bb0975c54aa7c5b247bc208ed9faab74a3510bbde9c57e4,b298f31ffdd79e736542c255f54a11f9b03a99224b945a3d9e1886fd768d28a9,c4d3c50a93fcf9aa80bf117461bae722ac66bc325b02a3630ef7465131c71d16
exp1_alignment_transfer:full:2026-07-26T11:53:17.328965+00:00,paper,True,primary,exp1_alignment_transfer,primary_t5000_k10,6,state_coupled_delay,6e09fa90a1fcdeccc861cf2960bd31c4b60e2df4,21563d9a7d6a3134d56776beef7f02b88fbe31e8f18ac118a957eac374c3df02,b4bf2ad829be75d27f6ac4d3792968e90467c80f1b4949e56d7f1566f488630b,b4bf2ad829be75d27f6ac4d3792968e90467c80f1b4949e56d7f1566f488630b,2026-07-26T11:53:17.328965+00:00,route_map_diagnostic,source_bound,route_greedy,5000,0.0,0.0,0.0,0.0,0.0,0.0,0.0,0.0,1e-08,True,0.0,1.0,0.0,0.0,16.350392156862746,0.0,0.0,0.0,0,f0a3a3f7dc9950599bb0975c54aa7c5b247bc208ed9faab74a3510bbde9c57e4,b298f31ffdd79e736542c255f54a11f9b03a99224b945a3d9e1886fd768d28a9,c4d3c50a93fcf9aa80bf117461bae722ac66bc325b02a3630ef7465131c71d16
exp1_alignment_transfer:full:2026-07-26T11:53:17.328965+00:00,paper,True,primary,exp1_alignment_transfer,primary_t5000_k10,6,systematic_misbinding,6e09fa90a1fcdeccc861cf2960bd31c4b60e2df4,21563d9a7d6a3134d56776beef7f02b88fbe31e8f18ac118a957eac374c3df02,b4bf2ad829be75d27f6ac4d3792968e90467c80f1b4949e56d7f1566f488630b,b4bf2ad829be75d27f6ac4d3792968e90467c80f1b4949e56d7f1566f488630b,2026-07-26T11:53:17.328965+00:00,route_map_diagnostic,arrival_assigned,route_greedy,5000,773.148148148148,0.0,2783.333333333333,0.1546296296296296,0.0,0.5566666666666666,0.5566666666666666,0.4020370370370369,1e-08,True,0.501,0.499,0.308641975308642,0.3086419753086419,15.0,0.0,0.0,15.0,15,da3f164b4a63423b5a5466907da2144692b789fdfcbe47867c426d48a40e7bba,42750c0de1ff32aecea166bd9d0e07814e98e4b5e9455918c6efbcb529169cf1,2d2e3adb395333518785052e17199d708f77c637f7042dd2519d587aacb0c33c
exp1_alignment_transfer:full:2026-07-26T11:53:17.328965+00:00,paper,True,primary,exp1_alignment_transfer,primary_t5000_k10,6,systematic_misbinding,6e09fa90a1fcdeccc861cf2960bd31c4b60e2df4,21563d9a7d6a3134d56776beef7f02b88fbe31e8f18ac118a957eac374c3df02,b4bf2ad829be75d27f6ac4d3792968e90467c80f1b4949e56d7f1566f488630b,b4bf2ad829be75d27f6ac4d3792968e90467c80f1b4949e56d7f1566f488630b,2026-07-26T11:53:17.328965+00:00,route_map_diagnostic,source_bound,route_greedy,5000,0.0,0.0,0.0,0.0,0.0,0.0,0.0,0.0,1e-08,True,0.0,1.0,0.0,0.0,15.0,0.0,0.0,0.0,0,da3f164b4a63423b5a5466907da2144692b789fdfcbe47867c426d48a40e7bba,42750c0de1ff32aecea166bd9d0e07814e98e4b5e9455918c6efbcb529169cf1,2d2e3adb395333518785052e17199d708f77c637f7042dd2519d587aacb0c33c
exp1_alignment_transfer:full:2026-07-26T11:53:17.328965+00:00,paper,True,primary,exp1_alignment_transfer,primary_t5000_k10,7,zero_delay,6e09fa90a1fcdeccc861cf2960bd31c4b60e2df4,21563d9a7d6a3134d56776beef7f02b88fbe31e8f18ac118a957eac374c3df02,b4bf2ad829be75d27f6ac4d3792968e90467c80f1b4949e56d7f1566f488630b,b4bf2ad829be75d27f6ac4d3792968e90467c80f1b4949e56d7f1566f488630b,2026-07-26T11:53:17.328965+00:00,route_map_diagnostic,arrival_assigned,route_greedy,5000,0.0,0.0,0.0,0.0,0.0,0.0,0.0,0.0,1e-08,True,0.0,1.0,0.0,0.0,0.0,0.0,0.0,0.0,0,6bad13c1e816ada49fbfb5f75b828736c15ac5d21735f1ab0f3049085505dea4,199fe16709a47a4343873c9bea813a6ff99e9bcffced40d1657c4d5ebee6d02a,6b21888890d4c73f157937904e58056da8fb877f0f73da1b6694985ff1cc2147
exp1_alignment_transfer:full:2026-07-26T11:53:17.328965+00:00,paper,True,primary,exp1_alignment_transfer,primary_t5000_k10,7,zero_delay,6e09fa90a1fcdeccc861cf2960bd31c4b60e2df4,21563d9a7d6a3134d56776beef7f02b88fbe31e8f18ac118a957eac374c3df02,b4bf2ad829be75d27f6ac4d3792968e90467c80f1b4949e56d7f1566f488630b,b4bf2ad829be75d27f6ac4d3792968e90467c80f1b4949e56d7f1566f488630b,2026-07-26T11:53:17.328965+00:00,route_map_diagnostic,source_bound,route_greedy,5000,0.0,0.0,0.0,0.0,0.0,0.0,0.0,0.0,1e-08,True,0.0,1.0,0.0,0.0,0.0,0.0,0.0,0.0,0,6bad13c1e816ada49fbfb5f75b828736c15ac5d21735f1ab0f3049085505dea4,199fe16709a47a4343873c9bea813a6ff99e9bcffced40d1657c4d5ebee6d02a,6b21888890d4c73f157937904e58056da8fb877f0f73da1b6694985ff1cc2147
exp1_alignment_transfer:full:2026-07-26T11:53:17.328965+00:00,paper,True,primary,exp1_alignment_transfer,primary_t5000_k10,7,exact_valid_shift,6e09fa90a1fcdeccc861cf2960bd31c4b60e2df4,21563d9a7d6a3134d56776beef7f02b88fbe31e8f18ac118a957eac374c3df02,b4bf2ad829be75d27f6ac4d3792968e90467c80f1b4949e56d7f1566f488630b,b4bf2ad829be75d27f6ac4d3792968e90467c80f1b4949e56d7f1566f488630b,2026-07-26T11:53:17.328965+00:00,route_map_diagnostic,arrival_assigned,route_greedy,5000,0.0,0.0,2.780052663770017e-13,0.0,0.0,5.560105327540033e-17,5.560105327540033e-17,5.560105327540033e-17,1e-08,True,0.0,1.0,0.0,0.0,14.98686274509804,0.3688,0.269,11.6156,98,209859e2dffcf4d95682761bca8c8d7efe962ac8f85d32d1733997efa43972d0,f92ebe2402fd77705d671106c278b491938f9d341252e323a700da3523b90f62,7abfd4fc1b382ff86eed505500f7c1d4a03c723aa53512d86d62038df2511e94
exp1_alignment_transfer:full:2026-07-26T11:53:17.328965+00:00,paper,True,primary,exp1_alignment_transfer,primary_t5000_k10,7,exact_valid_shift,6e09fa90a1fcdeccc861cf2960bd31c4b60e2df4,21563d9a7d6a3134d56776beef7f02b88fbe31e8f18ac118a957eac374c3df02,b4bf2ad829be75d27f6ac4d3792968e90467c80f1b4949e56d7f1566f488630b,b4bf2ad829be75d27f6ac4d3792968e90467c80f1b4949e56d7f1566f488630b,2026-07-26T11:53:17.328965+00:00,route_map_diagnostic,source_bound,route_greedy,5000,0.0,0.0,0.0,0.0,0.0,0.0,0.0,0.0,1e-08,True,0.0,1.0,0.0,0.0,14.98686274509804,0.0,0.0,0.0,0,209859e2dffcf4d95682761bca8c8d7efe962ac8f85d32d1733997efa43972d0,f92ebe2402fd77705d671106c278b491938f9d341252e323a700da3523b90f62,7abfd4fc1b382ff86eed505500f7c1d4a03c723aa53512d86d62038df2511e94
exp1_alignment_transfer:full:2026-07-26T11:53:17.328965+00:00,paper,True,primary,exp1_alignment_transfer,primary_t5000_k10,7,geometric_delay,6e09fa90a1fcdeccc861cf2960bd31c4b60e2df4,21563d9a7d6a3134d56776beef7f02b88fbe31e8f18ac118a957eac374c3df02,b4bf2ad829be75d27f6ac4d3792968e90467c80f1b4949e56d7f1566f488630b,b4bf2ad829be75d27f6ac4d3792968e90467c80f1b4949e56d7f1566f488630b,2026-07-26T11:53:17.328965+00:00,route_map_diagnostic,arrival_assigned,route_greedy,5000,160.19619830541262,0.0,1258.480703657621,0.0320392396610825,0.0,0.2516961407315242,0.2516961407315242,0.2196569010704416,1e-08,True,0.6466,0.0502,0.0495503242515968,0.0027115756359417,14.98686274509804,0.3688,0.269,11.6156,98,6bad13c1e816ada49fbfb5f75b828736c15ac5d21735f1ab0f3049085505dea4,f92ebe2402fd77705d671106c278b491938f9d341252e323a700da3523b90f62,d019ddf448a5307da4a3ec42881781182b0cb79ebb833dae3d7f406932286267
exp1_alignment_transfer:full:2026-07-26T11:53:17.328965+00:00,paper,True,primary,exp1_alignment_transfer,primary_t5000_k10,7,geometric_delay,6e09fa90a1fcdeccc861cf2960bd31c4b60e2df4,21563d9a7d6a3134d56776beef7f02b88fbe31e8f18ac118a957eac374c3df02,b4bf2ad829be75d27f6ac4d3792968e90467c80f1b4949e56d7f1566f488630b,b4bf2ad829be75d27f6ac4d3792968e90467c80f1b4949e56d7f1566f488630b,2026-07-26T11:53:17.328965+00:00,route_map_diagnostic,source_bound,route_greedy,5000,0.0,0.0,0.0,0.0,0.0,0.0,0.0,0.0,1e-08,True,0.0,1.0,0.0,0.0,14.98686274509804,0.0,0.0,0.0,0,6bad13c1e816ada49fbfb5f75b828736c15ac5d21735f1ab0f3049085505dea4,f92ebe2402fd77705d671106c278b491938f9d341252e323a700da3523b90f62,d019ddf448a5307da4a3ec42881781182b0cb79ebb833dae3d7f406932286267
exp1_alignment_transfer:full:2026-07-26T11:53:17.328965+00:00,paper,True,primary,exp1_alignment_transfer,primary_t5000_k10,7,mixture_delay,6e09fa90a1fcdeccc861cf2960bd31c4b60e2df4,21563d9a7d6a3134d56776beef7f02b88fbe31e8f18ac118a957eac374c3df02,b4bf2ad829be75d27f6ac4d3792968e90467c80f1b4949e56d7f1566f488630b,b4bf2ad829be75d27f6ac4d3792968e90467c80f1b4949e56d7f1566f488630b,2026-07-26T11:53:17.328965+00:00,route_map_diagnostic,arrival_assigned,route_greedy,5000,128.77140044537455,0.0,1051.5423620175557,0.0257542800890749,0.0,0.2103084724035111,0.2103084724035111,0.1845541923144362,1e-08,True,0.5672,0.1012,0.0454059945152942,0.0023932015102394,15.161960784313726,0.35,0.2632,10.2404,101,6bad13c1e816ada49fbfb5f75b828736c15ac5d21735f1ab0f3049085505dea4,4c6bb43916fdf83ea0e704695f4d2f6df4b04d80ebc1bb593435e0fb8a364834,beade90e4d5bc3d274c09ff6d76c032124d9d76bd9e7ed2c9cbbcd3c394702c6
exp1_alignment_transfer:full:2026-07-26T11:53:17.328965+00:00,paper,True,primary,exp1_alignment_transfer,primary_t5000_k10,7,mixture_delay,6e09fa90a1fcdeccc861cf2960bd31c4b60e2df4,21563d9a7d6a3134d56776beef7f02b88fbe31e8f18ac118a957eac374c3df02,b4bf2ad829be75d27f6ac4d3792968e90467c80f1b4949e56d7f1566f488630b,b4bf2ad829be75d27f6ac4d3792968e90467c80f1b4949e56d7f1566f488630b,2026-07-26T11:53:17.328965+00:00,route_map_diagnostic,source_bound,route_greedy,5000,0.0,0.0,0.0,0.0,0.0,0.0,0.0,0.0,1e-08,True,0.0,1.0,0.0,0.0,15.161960784313726,0.0,0.0,0.0,0,6bad13c1e816ada49fbfb5f75b828736c15ac5d21735f1ab0f3049085505dea4,4c6bb43916fdf83ea0e704695f4d2f6df4b04d80ebc1bb593435e0fb8a364834,beade90e4d5bc3d274c09ff6d76c032124d9d76bd9e7ed2c9cbbcd3c394702c6
exp1_alignment_transfer:full:2026-07-26T11:53:17.328965+00:00,paper,True,primary,exp1_alignment_transfer,primary_t5000_k10,7,state_coupled_delay,6e09fa90a1fcdeccc861cf2960bd31c4b60e2df4,21563d9a7d6a3134d56776beef7f02b88fbe31e8f18ac118a957eac374c3df02,b4bf2ad829be75d27f6ac4d3792968e90467c80f1b4949e56d7f1566f488630b,b4bf2ad829be75d27f6ac4d3792968e90467c80f1b4949e56d7f1566f488630b,2026-07-26T11:53:17.328965+00:00,route_map_diagnostic,arrival_assigned,route_greedy,5000,143.34116123410462,0.0,1176.8203015293457,0.0286682322468209,0.0,0.2353640603058691,0.2353640603058691,0.2066958280590482,1e-08,True,0.6368,0.0544,0.0450192089303092,0.0027375706004758,15.072156862745098,0.375,0.2734,11.0528,98,6bad13c1e816ada49fbfb5f75b828736c15ac5d21735f1ab0f3049085505dea4,14f5459ec7f1c08d2e1918c1d1ef8f4eb11457d4f4b8dfc79ac2c99fb87b7819,ec020e7cadaf72405b915b5a893fceff6d326b84864712324657c3e0a75363a1
exp1_alignment_transfer:full:2026-07-26T11:53:17.328965+00:00,paper,True,primary,exp1_alignment_transfer,primary_t5000_k10,7,state_coupled_delay,6e09fa90a1fcdeccc861cf2960bd31c4b60e2df4,21563d9a7d6a3134d56776beef7f02b88fbe31e8f18ac118a957eac374c3df02,b4bf2ad829be75d27f6ac4d3792968e90467c80f1b4949e56d7f1566f488630b,b4bf2ad829be75d27f6ac4d3792968e90467c80f1b4949e56d7f1566f488630b,2026-07-26T11:53:17.328965+00:00,route_map_diagnostic,source_bound,route_greedy,5000,0.0,0.0,0.0,0.0,0.0,0.0,0.0,0.0,1e-08,True,0.0,1.0,0.0,0.0,15.072156862745098,0.0,0.0,0.0,0,6bad13c1e816ada49fbfb5f75b828736c15ac5d21735f1ab0f3049085505dea4,14f5459ec7f1c08d2e1918c1d1ef8f4eb11457d4f4b8dfc79ac2c99fb87b7819,ec020e7cadaf72405b915b5a893fceff6d326b84864712324657c3e0a75363a1
exp1_alignment_transfer:full:2026-07-26T11:53:17.328965+00:00,paper,True,primary,exp1_alignment_transfer,primary_t5000_k10,7,systematic_misbinding,6e09fa90a1fcdeccc861cf2960bd31c4b60e2df4,21563d9a7d6a3134d56776beef7f02b88fbe31e8f18ac118a957eac374c3df02,b4bf2ad829be75d27f6ac4d3792968e90467c80f1b4949e56d7f1566f488630b,b4bf2ad829be75d27f6ac4d3792968e90467c80f1b4949e56d7f1566f488630b,2026-07-26T11:53:17.328965+00:00,route_map_diagnostic,arrival_assigned,route_greedy,5000,770.9876543209875,0.0,2775.5555555555547,0.1541975308641975,0.0,0.555111111111111,0.555111111111111,0.4009135802469134,1e-08,True,0.4996,0.5004,0.308641975308642,0.3086419753086419,15.0,0.0,0.0,15.0,15,057ed4045224896cad5c7af46c5de421af6bc1811c82e41b0994a799baf85916,56d9755badba2369b620386ca370941d2e88a5b39b38af2cfb712c03abd7bb72,3294ccec50f3b0c5f4136a320b0707c17caf88bb07902ce7250a46d9d65b4a81
exp1_alignment_transfer:full:2026-07-26T11:53:17.328965+00:00,paper,True,primary,exp1_alignment_transfer,primary_t5000_k10,7,systematic_misbinding,6e09fa90a1fcdeccc861cf2960bd31c4b60e2df4,21563d9a7d6a3134d56776beef7f02b88fbe31e8f18ac118a957eac374c3df02,b4bf2ad829be75d27f6ac4d3792968e90467c80f1b4949e56d7f1566f488630b,b4bf2ad829be75d27f6ac4d3792968e90467c80f1b4949e56d7f1566f488630b,2026-07-26T11:53:17.328965+00:00,route_map_diagnostic,source_bound,route_greedy,5000,0.0,0.0,0.0,0.0,0.0,0.0,0.0,0.0,1e-08,True,0.0,1.0,0.0,0.0,15.0,0.0,0.0,0.0,0,057ed4045224896cad5c7af46c5de421af6bc1811c82e41b0994a799baf85916,56d9755badba2369b620386ca370941d2e88a5b39b38af2cfb712c03abd7bb72,3294ccec50f3b0c5f4136a320b0707c17caf88bb07902ce7250a46d9d65b4a81
exp1_alignment_transfer:full:2026-07-26T11:53:17.328965+00:00,paper,True,primary,exp1_alignment_transfer,primary_t5000_k10,8,zero_delay,6e09fa90a1fcdeccc861cf2960bd31c4b60e2df4,21563d9a7d6a3134d56776beef7f02b88fbe31e8f18ac118a957eac374c3df02,b4bf2ad829be75d27f6ac4d3792968e90467c80f1b4949e56d7f1566f488630b,b4bf2ad829be75d27f6ac4d3792968e90467c80f1b4949e56d7f1566f488630b,2026-07-26T11:53:17.328965+00:00,route_map_diagnostic,arrival_assigned,route_greedy,5000,0.0,0.0,0.0,0.0,0.0,0.0,0.0,0.0,1e-08,True,0.0,1.0,0.0,0.0,0.0,0.0,0.0,0.0,0,b83334272e998ef7db2cdd2cd63317895137b29beca41ea7f7137dea09f69899,badca1d4521c6db9207246da4cd510f491f00d5608821be972c09d938a8cb735,601e752b26dd27df9ec16c1bbc8618e91c4a8e970b81391d84b8103f405b3342
exp1_alignment_transfer:full:2026-07-26T11:53:17.328965+00:00,paper,True,primary,exp1_alignment_transfer,primary_t5000_k10,8,zero_delay,6e09fa90a1fcdeccc861cf2960bd31c4b60e2df4,21563d9a7d6a3134d56776beef7f02b88fbe31e8f18ac118a957eac374c3df02,b4bf2ad829be75d27f6ac4d3792968e90467c80f1b4949e56d7f1566f488630b,b4bf2ad829be75d27f6ac4d3792968e90467c80f1b4949e56d7f1566f488630b,2026-07-26T11:53:17.328965+00:00,route_map_diagnostic,source_bound,route_greedy,5000,0.0,0.0,0.0,0.0,0.0,0.0,0.0,0.0,1e-08,True,0.0,1.0,0.0,0.0,0.0,0.0,0.0,0.0,0,b83334272e998ef7db2cdd2cd63317895137b29beca41ea7f7137dea09f69899,badca1d4521c6db9207246da4cd510f491f00d5608821be972c09d938a8cb735,601e752b26dd27df9ec16c1bbc8618e91c4a8e970b81391d84b8103f405b3342
exp1_alignment_transfer:full:2026-07-26T11:53:17.328965+00:00,paper,True,primary,exp1_alignment_transfer,primary_t5000_k10,8,exact_valid_shift,6e09fa90a1fcdeccc861cf2960bd31c4b60e2df4,21563d9a7d6a3134d56776beef7f02b88fbe31e8f18ac118a957eac374c3df02,b4bf2ad829be75d27f6ac4d3792968e90467c80f1b4949e56d7f1566f488630b,b4bf2ad829be75d27f6ac4d3792968e90467c80f1b4949e56d7f1566f488630b,2026-07-26T11:53:17.328965+00:00,route_map_diagnostic,arrival_assigned,route_greedy,5000,0.0,0.0,2.8026712894924094e-13,0.0,0.0,5.605342578984818e-17,5.605342578984818e-17,5.605342578984818e-17,1e-08,True,0.0,1.0,0.0,0.0,14.681960784313723,0.3558,0.26,11.615,96,abbd114b48e9f94239d2ccabbd4d29e548c5777b3de973f97ba5293fd74a4816,d6b2a2ec2c3eac8075bf8da3b35795abb17284b6649a218db7f6855b1ae777b2,bcdd8e84565d3f74b7b47eac53e01bd79a5445d438af6c547f16571ebdedc6d7
exp1_alignment_transfer:full:2026-07-26T11:53:17.328965+00:00,paper,True,primary,exp1_alignment_transfer,primary_t5000_k10,8,exact_valid_shift,6e09fa90a1fcdeccc861cf2960bd31c4b60e2df4,21563d9a7d6a3134d56776beef7f02b88fbe31e8f18ac118a957eac374c3df02,b4bf2ad829be75d27f6ac4d3792968e90467c80f1b4949e56d7f1566f488630b,b4bf2ad829be75d27f6ac4d3792968e90467c80f1b4949e56d7f1566f488630b,2026-07-26T11:53:17.328965+00:00,route_map_diagnostic,source_bound,route_greedy,5000,0.0,0.0,0.0,0.0,0.0,0.0,0.0,0.0,1e-08,True,0.0,1.0,0.0,0.0,14.681960784313723,0.0,0.0,0.0,0,abbd114b48e9f94239d2ccabbd4d29e548c5777b3de973f97ba5293fd74a4816,d6b2a2ec2c3eac8075bf8da3b35795abb17284b6649a218db7f6855b1ae777b2,bcdd8e84565d3f74b7b47eac53e01bd79a5445d438af6c547f16571ebdedc6d7
exp1_alignment_transfer:full:2026-07-26T11:53:17.328965+00:00,paper,True,primary,exp1_alignment_transfer,primary_t5000_k10,8,geometric_delay,6e09fa90a1fcdeccc861cf2960bd31c4b60e2df4,21563d9a7d6a3134d56776beef7f02b88fbe31e8f18ac118a957eac374c3df02,b4bf2ad829be75d27f6ac4d3792968e90467c80f1b4949e56d7f1566f488630b,b4bf2ad829be75d27f6ac4d3792968e90467c80f1b4949e56d7f1566f488630b,2026-07-26T11:53:17.328965+00:00,route_map_diagnostic,arrival_assigned,route_greedy,5000,154.8245835760578,0.0,1270.3968952904477,0.0309649167152115,0.0,0.2540793790580895,0.2540793790580895,0.2231144623428779,1e-08,True,0.6844,0.0392,0.0452438876610338,0.0029547496631065,14.681960784313723,0.3558,0.26,11.615,96,b83334272e998ef7db2cdd2cd63317895137b29beca41ea7f7137dea09f69899,d6b2a2ec2c3eac8075bf8da3b35795abb17284b6649a218db7f6855b1ae777b2,a90486095daaf537a0ccb5b3ebbb3f47ba6e393360aace9029924f7d1d371bcf
exp1_alignment_transfer:full:2026-07-26T11:53:17.328965+00:00,paper,True,primary,exp1_alignment_transfer,primary_t5000_k10,8,geometric_delay,6e09fa90a1fcdeccc861cf2960bd31c4b60e2df4,21563d9a7d6a3134d56776beef7f02b88fbe31e8f18ac118a957eac374c3df02,b4bf2ad829be75d27f6ac4d3792968e90467c80f1b4949e56d7f1566f488630b,b4bf2ad829be75d27f6ac4d3792968e90467c80f1b4949e56d7f1566f488630b,2026-07-26T11:53:17.328965+00:00,route_map_diagnostic,source_bound,route_greedy,5000,0.0,0.0,0.0,0.0,0.0,0.0,0.0,0.0,1e-08,True,0.0,1.0,0.0,0.0,14.681960784313723,0.0,0.0,0.0,0,b83334272e998ef7db2cdd2cd63317895137b29beca41ea7f7137dea09f69899,d6b2a2ec2c3eac8075bf8da3b35795abb17284b6649a218db7f6855b1ae777b2,a90486095daaf537a0ccb5b3ebbb3f47ba6e393360aace9029924f7d1d371bcf
exp1_alignment_transfer:full:2026-07-26T11:53:17.328965+00:00,paper,True,primary,exp1_alignment_transfer,primary_t5000_k10,8,mixture_delay,6e09fa90a1fcdeccc861cf2960bd31c4b60e2df4,21563d9a7d6a3134d56776beef7f02b88fbe31e8f18ac118a957eac374c3df02,b4bf2ad829be75d27f6ac4d3792968e90467c80f1b4949e56d7f1566f488630b,b4bf2ad829be75d27f6ac4d3792968e90467c80f1b4949e56d7f1566f488630b,2026-07-26T11:53:17.328965+00:00,route_map_diagnostic,arrival_assigned,route_greedy,5000,129.91584002370558,0.0,1083.409829482682,0.0259831680047411,0.0,0.2166819658965364,0.2166819658965364,0.1906987978917952,1e-08,True,0.594,0.1012,0.0437427070786887,0.0027894815525334,14.91843137254902,0.3584,0.2686,9.807,100,b83334272e998ef7db2cdd2cd63317895137b29beca41ea7f7137dea09f69899,2f22bbc75e86d3ccd4b20f4301829ebc2156abbfe72c0c8bdf17c50891ea7d68,dd72f5dba544af0f07b6d989549304449772c12efcbe9c559f76abbd3ec70dbe
exp1_alignment_transfer:full:2026-07-26T11:53:17.328965+00:00,paper,True,primary,exp1_alignment_transfer,primary_t5000_k10,8,mixture_delay,6e09fa90a1fcdeccc861cf2960bd31c4b60e2df4,21563d9a7d6a3134d56776beef7f02b88fbe31e8f18ac118a957eac374c3df02,b4bf2ad829be75d27f6ac4d3792968e90467c80f1b4949e56d7f1566f488630b,b4bf2ad829be75d27f6ac4d3792968e90467c80f1b4949e56d7f1566f488630b,2026-07-26T11:53:17.328965+00:00,route_map_diagnostic,source_bound,route_greedy,5000,0.0,0.0,0.0,0.0,0.0,0.0,0.0,0.0,1e-08,True,0.0,1.0,0.0,0.0,14.91843137254902,0.0,0.0,0.0,0,b83334272e998ef7db2cdd2cd63317895137b29beca41ea7f7137dea09f69899,2f22bbc75e86d3ccd4b20f4301829ebc2156abbfe72c0c8bdf17c50891ea7d68,dd72f5dba544af0f07b6d989549304449772c12efcbe9c559f76abbd3ec70dbe
exp1_alignment_transfer:full:2026-07-26T11:53:17.328965+00:00,paper,True,primary,exp1_alignment_transfer,primary_t5000_k10,8,state_coupled_delay,6e09fa90a1fcdeccc861cf2960bd31c4b60e2df4,21563d9a7d6a3134d56776beef7f02b88fbe31e8f18ac118a957eac374c3df02,b4bf2ad829be75d27f6ac4d3792968e90467c80f1b4949e56d7f1566f488630b,b4bf2ad829be75d27f6ac4d3792968e90467c80f1b4949e56d7f1566f488630b,2026-07-26T11:53:17.328965+00:00,route_map_diagnostic,arrival_assigned,route_greedy,5000,143.4796134771546,0.0,1228.1106522472655,0.0286959226954309,0.0,0.2456221304494531,0.2456221304494531,0.2169262077540222,1e-08,True,0.6638,0.0494,0.0432297720630173,0.0029721270320422,14.065490196078432,0.3652,0.2678,10.4782,97,b83334272e998ef7db2cdd2cd63317895137b29beca41ea7f7137dea09f69899,7ccad95e1058a121a5e17a6922f15b55f676549632d76336e27609319505c027,3163618c9f451d571078c48f28b36d1bd4a49783ec2fdd95a806bf952ba6ac0f
exp1_alignment_transfer:full:2026-07-26T11:53:17.328965+00:00,paper,True,primary,exp1_alignment_transfer,primary_t5000_k10,8,state_coupled_delay,6e09fa90a1fcdeccc861cf2960bd31c4b60e2df4,21563d9a7d6a3134d56776beef7f02b88fbe31e8f18ac118a957eac374c3df02,b4bf2ad829be75d27f6ac4d3792968e90467c80f1b4949e56d7f1566f488630b,b4bf2ad829be75d27f6ac4d3792968e90467c80f1b4949e56d7f1566f488630b,2026-07-26T11:53:17.328965+00:00,route_map_diagnostic,source_bound,route_greedy,5000,0.0,0.0,0.0,0.0,0.0,0.0,0.0,0.0,1e-08,True,0.0,1.0,0.0,0.0,14.065490196078432,0.0,0.0,0.0,0,b83334272e998ef7db2cdd2cd63317895137b29beca41ea7f7137dea09f69899,7ccad95e1058a121a5e17a6922f15b55f676549632d76336e27609319505c027,3163618c9f451d571078c48f28b36d1bd4a49783ec2fdd95a806bf952ba6ac0f
exp1_alignment_transfer:full:2026-07-26T11:53:17.328965+00:00,paper,True,primary,exp1_alignment_transfer,primary_t5000_k10,8,systematic_misbinding,6e09fa90a1fcdeccc861cf2960bd31c4b60e2df4,21563d9a7d6a3134d56776beef7f02b88fbe31e8f18ac118a957eac374c3df02,b4bf2ad829be75d27f6ac4d3792968e90467c80f1b4949e56d7f1566f488630b,b4bf2ad829be75d27f6ac4d3792968e90467c80f1b4949e56d7f1566f488630b,2026-07-26T11:53:17.328965+00:00,route_map_diagnostic,arrival_assigned,route_greedy,5000,772.5308641975307,0.0,2781.1111111111104,0.1545061728395061,0.0,0.5562222222222221,0.5562222222222221,0.4017160493827159,1e-08,True,0.5006,0.4994,0.308641975308642,0.3086419753086419,15.0,0.0,0.0,15.0,15,c2f16f032d3127210b283dcf4ecacc7931104f80401a347397e3742eac1ee2e1,410e926c5f917ce094feea06dc6cd1fb83640691deb5ac07afcb4c1acde4f828,de8a5961586f27ed8429b23bce02aff1025e408f7db252b3a4a40528d6312ce6
exp1_alignment_transfer:full:2026-07-26T11:53:17.328965+00:00,paper,True,primary,exp1_alignment_transfer,primary_t5000_k10,8,systematic_misbinding,6e09fa90a1fcdeccc861cf2960bd31c4b60e2df4,21563d9a7d6a3134d56776beef7f02b88fbe31e8f18ac118a957eac374c3df02,b4bf2ad829be75d27f6ac4d3792968e90467c80f1b4949e56d7f1566f488630b,b4bf2ad829be75d27f6ac4d3792968e90467c80f1b4949e56d7f1566f488630b,2026-07-26T11:53:17.328965+00:00,route_map_diagnostic,source_bound,route_greedy,5000,0.0,0.0,0.0,0.0,0.0,0.0,0.0,0.0,1e-08,True,0.0,1.0,0.0,0.0,15.0,0.0,0.0,0.0,0,c2f16f032d3127210b283dcf4ecacc7931104f80401a347397e3742eac1ee2e1,410e926c5f917ce094feea06dc6cd1fb83640691deb5ac07afcb4c1acde4f828,de8a5961586f27ed8429b23bce02aff1025e408f7db252b3a4a40528d6312ce6
exp1_alignment_transfer:full:2026-07-26T11:53:17.328965+00:00,paper,True,primary,exp1_alignment_transfer,primary_t5000_k10,9,zero_delay,6e09fa90a1fcdeccc861cf2960bd31c4b60e2df4,21563d9a7d6a3134d56776beef7f02b88fbe31e8f18ac118a957eac374c3df02,b4bf2ad829be75d27f6ac4d3792968e90467c80f1b4949e56d7f1566f488630b,b4bf2ad829be75d27f6ac4d3792968e90467c80f1b4949e56d7f1566f488630b,2026-07-26T11:53:17.328965+00:00,route_map_diagnostic,arrival_assigned,route_greedy,5000,0.0,0.0,0.0,0.0,0.0,0.0,0.0,0.0,1e-08,True,0.0,1.0,0.0,0.0,0.0,0.0,0.0,0.0,0,cdf23c99ea1c442aa15d9b1523fa379231b42070696aa42b3e25f85bc88c21ef,b817d40859ffb2a38f0185ce9edae933be417aaf390adc68487d631213d7c6c2,c24e96f95572b61494818cd9f391cc57bf70ebc9a7188c28bcae8467b3ef61fb
exp1_alignment_transfer:full:2026-07-26T11:53:17.328965+00:00,paper,True,primary,exp1_alignment_transfer,primary_t5000_k10,9,zero_delay,6e09fa90a1fcdeccc861cf2960bd31c4b60e2df4,21563d9a7d6a3134d56776beef7f02b88fbe31e8f18ac118a957eac374c3df02,b4bf2ad829be75d27f6ac4d3792968e90467c80f1b4949e56d7f1566f488630b,b4bf2ad829be75d27f6ac4d3792968e90467c80f1b4949e56d7f1566f488630b,2026-07-26T11:53:17.328965+00:00,route_map_diagnostic,source_bound,route_greedy,5000,0.0,0.0,0.0,0.0,0.0,0.0,0.0,0.0,1e-08,True,0.0,1.0,0.0,0.0,0.0,0.0,0.0,0.0,0,cdf23c99ea1c442aa15d9b1523fa379231b42070696aa42b3e25f85bc88c21ef,b817d40859ffb2a38f0185ce9edae933be417aaf390adc68487d631213d7c6c2,c24e96f95572b61494818cd9f391cc57bf70ebc9a7188c28bcae8467b3ef61fb
exp1_alignment_transfer:full:2026-07-26T11:53:17.328965+00:00,paper,True,primary,exp1_alignment_transfer,primary_t5000_k10,9,exact_valid_shift,6e09fa90a1fcdeccc861cf2960bd31c4b60e2df4,21563d9a7d6a3134d56776beef7f02b88fbe31e8f18ac118a957eac374c3df02,b4bf2ad829be75d27f6ac4d3792968e90467c80f1b4949e56d7f1566f488630b,b4bf2ad829be75d27f6ac4d3792968e90467c80f1b4949e56d7f1566f488630b,2026-07-26T11:53:17.328965+00:00,route_map_diagnostic,arrival_assigned,route_greedy,5000,0.0,0.0,2.767751305920996e-13,0.0,0.0,5.535502611841992e-17,5.535502611841992e-17,5.535502611841992e-17,1e-08,True,0.0,1.0,0.0,0.0,14.781960784313725,0.3634,0.2622,11.3544,93,9f340d5c1d20318ed1a439fcd67f97fd1d48eb8f34c9cf797d7cc3824dd8977e,2cf0076d9e32df7f505ac43573fb89242e62f9a354c4df37819f52d65a70e287,9a88390381976a1aca149e6a6d155de8978b26b6c5a8e7b829548c3aaf8b2fa8
exp1_alignment_transfer:full:2026-07-26T11:53:17.328965+00:00,paper,True,primary,exp1_alignment_transfer,primary_t5000_k10,9,exact_valid_shift,6e09fa90a1fcdeccc861cf2960bd31c4b60e2df4,21563d9a7d6a3134d56776beef7f02b88fbe31e8f18ac118a957eac374c3df02,b4bf2ad829be75d27f6ac4d3792968e90467c80f1b4949e56d7f1566f488630b,b4bf2ad829be75d27f6ac4d3792968e90467c80f1b4949e56d7f1566f488630b,2026-07-26T11:53:17.328965+00:00,route_map_diagnostic,source_bound,route_greedy,5000,0.0,0.0,0.0,0.0,0.0,0.0,0.0,0.0,1e-08,True,0.0,1.0,0.0,0.0,14.781960784313725,0.0,0.0,0.0,0,9f340d5c1d20318ed1a439fcd67f97fd1d48eb8f34c9cf797d7cc3824dd8977e,2cf0076d9e32df7f505ac43573fb89242e62f9a354c4df37819f52d65a70e287,9a88390381976a1aca149e6a6d155de8978b26b6c5a8e7b829548c3aaf8b2fa8
exp1_alignment_transfer:full:2026-07-26T11:53:17.328965+00:00,paper,True,primary,exp1_alignment_transfer,primary_t5000_k10,9,geometric_delay,6e09fa90a1fcdeccc861cf2960bd31c4b60e2df4,21563d9a7d6a3134d56776beef7f02b88fbe31e8f18ac118a957eac374c3df02,b4bf2ad829be75d27f6ac4d3792968e90467c80f1b4949e56d7f1566f488630b,b4bf2ad829be75d27f6ac4d3792968e90467c80f1b4949e56d7f1566f488630b,2026-07-26T11:53:17.328965+00:00,route_map_diagnostic,arrival_assigned,route_greedy,5000,171.59537817685188,0.0,1311.0829332094054,0.0343190756353703,0.0,0.2622165866418811,0.2622165866418811,0.2278975110065107,1e-08,True,0.667,0.0394,0.0514528870095507,0.0029763453965441,14.781960784313725,0.3634,0.2622,11.3544,93,cdf23c99ea1c442aa15d9b1523fa379231b42070696aa42b3e25f85bc88c21ef,2cf0076d9e32df7f505ac43573fb89242e62f9a354c4df37819f52d65a70e287,79f4719a962d3ba69a57c1b16c919c73f4547b97d7d86c057ef04b32ff50410e
exp1_alignment_transfer:full:2026-07-26T11:53:17.328965+00:00,paper,True,primary,exp1_alignment_transfer,primary_t5000_k10,9,geometric_delay,6e09fa90a1fcdeccc861cf2960bd31c4b60e2df4,21563d9a7d6a3134d56776beef7f02b88fbe31e8f18ac118a957eac374c3df02,b4bf2ad829be75d27f6ac4d3792968e90467c80f1b4949e56d7f1566f488630b,b4bf2ad829be75d27f6ac4d3792968e90467c80f1b4949e56d7f1566f488630b,2026-07-26T11:53:17.328965+00:00,route_map_diagnostic,source_bound,route_greedy,5000,0.0,0.0,0.0,0.0,0.0,0.0,0.0,0.0,1e-08,True,0.0,1.0,0.0,0.0,14.781960784313725,0.0,0.0,0.0,0,cdf23c99ea1c442aa15d9b1523fa379231b42070696aa42b3e25f85bc88c21ef,2cf0076d9e32df7f505ac43573fb89242e62f9a354c4df37819f52d65a70e287,79f4719a962d3ba69a57c1b16c919c73f4547b97d7d86c057ef04b32ff50410e
exp1_alignment_transfer:full:2026-07-26T11:53:17.328965+00:00,paper,True,primary,exp1_alignment_transfer,primary_t5000_k10,9,mixture_delay,6e09fa90a1fcdeccc861cf2960bd31c4b60e2df4,21563d9a7d6a3134d56776beef7f02b88fbe31e8f18ac118a957eac374c3df02,b4bf2ad829be75d27f6ac4d3792968e90467c80f1b4949e56d7f1566f488630b,b4bf2ad829be75d27f6ac4d3792968e90467c80f1b4949e56d7f1566f488630b,2026-07-26T11:53:17.328965+00:00,route_map_diagnostic,arrival_assigned,route_greedy,5000,145.6458154889144,0.0,1124.053701996188,0.0291291630977828,0.0,0.2248107403992376,0.2248107403992376,0.1956815773014547,1e-08,True,0.5954,0.0964,0.0489236867614761,0.0025542304504132,14.820980392156862,0.3616,0.2658,9.8344,99,cdf23c99ea1c442aa15d9b1523fa379231b42070696aa42b3e25f85bc88c21ef,75ad11400d205e4f291137497e98daaab50bd5132739ca05c5838e7a57ff18bc,311897156464954f7b19d32dd98d2b2b83965918d323cfd59e706897794ec264
exp1_alignment_transfer:full:2026-07-26T11:53:17.328965+00:00,paper,True,primary,exp1_alignment_transfer,primary_t5000_k10,9,mixture_delay,6e09fa90a1fcdeccc861cf2960bd31c4b60e2df4,21563d9a7d6a3134d56776beef7f02b88fbe31e8f18ac118a957eac374c3df02,b4bf2ad829be75d27f6ac4d3792968e90467c80f1b4949e56d7f1566f488630b,b4bf2ad829be75d27f6ac4d3792968e90467c80f1b4949e56d7f1566f488630b,2026-07-26T11:53:17.328965+00:00,route_map_diagnostic,source_bound,route_greedy,5000,0.0,0.0,0.0,0.0,0.0,0.0,0.0,0.0,1e-08,True,0.0,1.0,0.0,0.0,14.820980392156862,0.0,0.0,0.0,0,cdf23c99ea1c442aa15d9b1523fa379231b42070696aa42b3e25f85bc88c21ef,75ad11400d205e4f291137497e98daaab50bd5132739ca05c5838e7a57ff18bc,311897156464954f7b19d32dd98d2b2b83965918d323cfd59e706897794ec264
exp1_alignment_transfer:full:2026-07-26T11:53:17.328965+00:00,paper,True,primary,exp1_alignment_transfer,primary_t5000_k10,9,state_coupled_delay,6e09fa90a1fcdeccc861cf2960bd31c4b60e2df4,21563d9a7d6a3134d56776beef7f02b88fbe31e8f18ac118a957eac374c3df02,b4bf2ad829be75d27f6ac4d3792968e90467c80f1b4949e56d7f1566f488630b,b4bf2ad829be75d27f6ac4d3792968e90467c80f1b4949e56d7f1566f488630b,2026-07-26T11:53:17.328965+00:00,route_map_diagnostic,arrival_assigned,route_greedy,5000,156.55865817546675,0.0,1263.5160090993018,0.0313117316350933,0.0,0.2527032018198603,0.2527032018198603,0.221391470184767,1e-08,True,0.6508,0.045,0.0481126792180291,0.003049359541787,15.384117647058824,0.372,0.2662,11.5884,100,cdf23c99ea1c442aa15d9b1523fa379231b42070696aa42b3e25f85bc88c21ef,1a11c6f1672ef896c17328228cc5c0bce3f73022efd3527573436fa5b54c29de,4eefb775bdc0c2ba7c5d1ceaa6170a00082cfe441afd2960b57f3d047904e5d1
exp1_alignment_transfer:full:2026-07-26T11:53:17.328965+00:00,paper,True,primary,exp1_alignment_transfer,primary_t5000_k10,9,state_coupled_delay,6e09fa90a1fcdeccc861cf2960bd31c4b60e2df4,21563d9a7d6a3134d56776beef7f02b88fbe31e8f18ac118a957eac374c3df02,b4bf2ad829be75d27f6ac4d3792968e90467c80f1b4949e56d7f1566f488630b,b4bf2ad829be75d27f6ac4d3792968e90467c80f1b4949e56d7f1566f488630b,2026-07-26T11:53:17.328965+00:00,route_map_diagnostic,source_bound,route_greedy,5000,0.0,0.0,0.0,0.0,0.0,0.0,0.0,0.0,1e-08,True,0.0,1.0,0.0,0.0,15.384117647058824,0.0,0.0,0.0,0,cdf23c99ea1c442aa15d9b1523fa379231b42070696aa42b3e25f85bc88c21ef,1a11c6f1672ef896c17328228cc5c0bce3f73022efd3527573436fa5b54c29de,4eefb775bdc0c2ba7c5d1ceaa6170a00082cfe441afd2960b57f3d047904e5d1
exp1_alignment_transfer:full:2026-07-26T11:53:17.328965+00:00,paper,True,primary,exp1_alignment_transfer,primary_t5000_k10,9,systematic_misbinding,6e09fa90a1fcdeccc861cf2960bd31c4b60e2df4,21563d9a7d6a3134d56776beef7f02b88fbe31e8f18ac118a957eac374c3df02,b4bf2ad829be75d27f6ac4d3792968e90467c80f1b4949e56d7f1566f488630b,b4bf2ad829be75d27f6ac4d3792968e90467c80f1b4949e56d7f1566f488630b,2026-07-26T11:53:17.328965+00:00,route_map_diagnostic,arrival_assigned,route_greedy,5000,771.6049382716049,0.0,2777.7777777777774,0.1543209876543209,0.0,0.5555555555555555,0.5555555555555555,0.4012345679012345,1e-08,True,0.5,0.5,0.308641975308642,0.3086419753086419,15.0,0.0,0.0,15.0,15,e177e4516b8b5bb6d2d50c2316a857a6a91fce5ac6f19e1defc7805cac9d5ab0,5e956ede3cb9227062becb8725ac2cc2935bcdb9e9108d72f0de029c074f9eca,7ed17fc20c473a669ce34d348a20dff77fa84b807d2a3f207b8bbb725307d51e
exp1_alignment_transfer:full:2026-07-26T11:53:17.328965+00:00,paper,True,primary,exp1_alignment_transfer,primary_t5000_k10,9,systematic_misbinding,6e09fa90a1fcdeccc861cf2960bd31c4b60e2df4,21563d9a7d6a3134d56776beef7f02b88fbe31e8f18ac118a957eac374c3df02,b4bf2ad829be75d27f6ac4d3792968e90467c80f1b4949e56d7f1566f488630b,b4bf2ad829be75d27f6ac4d3792968e90467c80f1b4949e56d7f1566f488630b,2026-07-26T11:53:17.328965+00:00,route_map_diagnostic,source_bound,route_greedy,5000,0.0,0.0,0.0,0.0,0.0,0.0,0.0,0.0,1e-08,True,0.0,1.0,0.0,0.0,15.0,0.0,0.0,0.0,0,e177e4516b8b5bb6d2d50c2316a857a6a91fce5ac6f19e1defc7805cac9d5ab0,5e956ede3cb9227062becb8725ac2cc2935bcdb9e9108d72f0de029c074f9eca,7ed17fc20c473a669ce34d348a20dff77fa84b807d2a3f207b8bbb725307d51e
exp1_alignment_transfer:full:2026-07-26T11:53:17.328965+00:00,paper,True,primary,exp1_alignment_transfer,primary_t5000_k10,10,zero_delay,6e09fa90a1fcdeccc861cf2960bd31c4b60e2df4,21563d9a7d6a3134d56776beef7f02b88fbe31e8f18ac118a957eac374c3df02,b4bf2ad829be75d27f6ac4d3792968e90467c80f1b4949e56d7f1566f488630b,b4bf2ad829be75d27f6ac4d3792968e90467c80f1b4949e56d7f1566f488630b,2026-07-26T11:53:17.328965+00:00,route_map_diagnostic,arrival_assigned,route_greedy,5000,0.0,0.0,0.0,0.0,0.0,0.0,0.0,0.0,1e-08,True,0.0,1.0,0.0,0.0,0.0,0.0,0.0,0.0,0,5a6503ee69e78060fc44b427e4004b217da30ba54f2d3291cd821f1573f831c3,2836d16f6ea24f9aa6fce077a5620914ddcfdd08b0921106e50cd1434adcb379,633398001eaedc7e4ae43f3f37f229cfd958fbb2dc8ea2adec70069d76f7e4b1
exp1_alignment_transfer:full:2026-07-26T11:53:17.328965+00:00,paper,True,primary,exp1_alignment_transfer,primary_t5000_k10,10,zero_delay,6e09fa90a1fcdeccc861cf2960bd31c4b60e2df4,21563d9a7d6a3134d56776beef7f02b88fbe31e8f18ac118a957eac374c3df02,b4bf2ad829be75d27f6ac4d3792968e90467c80f1b4949e56d7f1566f488630b,b4bf2ad829be75d27f6ac4d3792968e90467c80f1b4949e56d7f1566f488630b,2026-07-26T11:53:17.328965+00:00,route_map_diagnostic,source_bound,route_greedy,5000,0.0,0.0,0.0,0.0,0.0,0.0,0.0,0.0,1e-08,True,0.0,1.0,0.0,0.0,0.0,0.0,0.0,0.0,0,5a6503ee69e78060fc44b427e4004b217da30ba54f2d3291cd821f1573f831c3,2836d16f6ea24f9aa6fce077a5620914ddcfdd08b0921106e50cd1434adcb379,633398001eaedc7e4ae43f3f37f229cfd958fbb2dc8ea2adec70069d76f7e4b1
exp1_alignment_transfer:full:2026-07-26T11:53:17.328965+00:00,paper,True,primary,exp1_alignment_transfer,primary_t5000_k10,10,exact_valid_shift,6e09fa90a1fcdeccc861cf2960bd31c4b60e2df4,21563d9a7d6a3134d56776beef7f02b88fbe31e8f18ac118a957eac374c3df02,b4bf2ad829be75d27f6ac4d3792968e90467c80f1b4949e56d7f1566f488630b,b4bf2ad829be75d27f6ac4d3792968e90467c80f1b4949e56d7f1566f488630b,2026-07-26T11:53:17.328965+00:00,route_map_diagnostic,arrival_assigned,route_greedy,5000,0.0,0.0,2.749027134402171e-13,0.0,0.0,5.4980542688043414e-17,5.4980542688043414e-17,5.4980542688043414e-17,1e-08,True,0.0,1.0,0.0,0.0,14.735686274509805,0.3616,0.2664,11.3582,94,df355a85a0192b8246f94833d64a1943e67999005b5fe824c19769e4a50c1e6a,e4b74a3cde65255882e3945af3c6ed43ab0448501144ba6bcf7d58ee53d9cbc7,41394e0243228c095264514c8aca261ecb4ff502aa0c0e4927dbd5fd74ffb7d6
exp1_alignment_transfer:full:2026-07-26T11:53:17.328965+00:00,paper,True,primary,exp1_alignment_transfer,primary_t5000_k10,10,exact_valid_shift,6e09fa90a1fcdeccc861cf2960bd31c4b60e2df4,21563d9a7d6a3134d56776beef7f02b88fbe31e8f18ac118a957eac374c3df02,b4bf2ad829be75d27f6ac4d3792968e90467c80f1b4949e56d7f1566f488630b,b4bf2ad829be75d27f6ac4d3792968e90467c80f1b4949e56d7f1566f488630b,2026-07-26T11:53:17.328965+00:00,route_map_diagnostic,source_bound,route_greedy,5000,0.0,0.0,0.0,0.0,0.0,0.0,0.0,0.0,1e-08,True,0.0,1.0,0.0,0.0,14.735686274509805,0.0,0.0,0.0,0,df355a85a0192b8246f94833d64a1943e67999005b5fe824c19769e4a50c1e6a,e4b74a3cde65255882e3945af3c6ed43ab0448501144ba6bcf7d58ee53d9cbc7,41394e0243228c095264514c8aca261ecb4ff502aa0c0e4927dbd5fd74ffb7d6
exp1_alignment_transfer:full:2026-07-26T11:53:17.328965+00:00,paper,True,primary,exp1_alignment_transfer,primary_t5000_k10,10,geometric_delay,6e09fa90a1fcdeccc861cf2960bd31c4b60e2df4,21563d9a7d6a3134d56776beef7f02b88fbe31e8f18ac118a957eac374c3df02,b4bf2ad829be75d27f6ac4d3792968e90467c80f1b4949e56d7f1566f488630b,b4bf2ad829be75d27f6ac4d3792968e90467c80f1b4949e56d7f1566f488630b,2026-07-26T11:53:17.328965+00:00,route_map_diagnostic,arrival_assigned,route_greedy,5000,143.93414686861377,0.0,1209.9213822026134,0.0287868293737227,0.0,0.2419842764405226,0.2419842764405226,0.2131974470667999,1e-08,True,0.652,0.0544,0.0441515787940533,0.0030883511483048,14.735686274509805,0.3616,0.2664,11.3582,94,5a6503ee69e78060fc44b427e4004b217da30ba54f2d3291cd821f1573f831c3,e4b74a3cde65255882e3945af3c6ed43ab0448501144ba6bcf7d58ee53d9cbc7,fba72f64f847ace802d37c159383cf56b63c86592534c5ac7d40d0e70c227f90
exp1_alignment_transfer:full:2026-07-26T11:53:17.328965+00:00,paper,True,primary,exp1_alignment_transfer,primary_t5000_k10,10,geometric_delay,6e09fa90a1fcdeccc861cf2960bd31c4b60e2df4,21563d9a7d6a3134d56776beef7f02b88fbe31e8f18ac118a957eac374c3df02,b4bf2ad829be75d27f6ac4d3792968e90467c80f1b4949e56d7f1566f488630b,b4bf2ad829be75d27f6ac4d3792968e90467c80f1b4949e56d7f1566f488630b,2026-07-26T11:53:17.328965+00:00,route_map_diagnostic,source_bound,route_greedy,5000,0.0,0.0,0.0,0.0,0.0,0.0,0.0,0.0,1e-08,True,0.0,1.0,0.0,0.0,14.735686274509805,0.0,0.0,0.0,0,5a6503ee69e78060fc44b427e4004b217da30ba54f2d3291cd821f1573f831c3,e4b74a3cde65255882e3945af3c6ed43ab0448501144ba6bcf7d58ee53d9cbc7,fba72f64f847ace802d37c159383cf56b63c86592534c5ac7d40d0e70c227f90
exp1_alignment_transfer:full:2026-07-26T11:53:17.328965+00:00,paper,True,primary,exp1_alignment_transfer,primary_t5000_k10,10,mixture_delay,6e09fa90a1fcdeccc861cf2960bd31c4b60e2df4,21563d9a7d6a3134d56776beef7f02b88fbe31e8f18ac118a957eac374c3df02,b4bf2ad829be75d27f6ac4d3792968e90467c80f1b4949e56d7f1566f488630b,b4bf2ad829be75d27f6ac4d3792968e90467c80f1b4949e56d7f1566f488630b,2026-07-26T11:53:17.328965+00:00,route_map_diagnostic,arrival_assigned,route_greedy,5000,124.94617497492683,0.0,1020.7996727687556,0.0249892349949853,0.0,0.2041599345537511,0.2041599345537511,0.1791706995587657,1e-08,True,0.571,0.1112,0.0437639842293964,0.0026214653191031,14.14549019607843,0.3552,0.2578,9.468,101,5a6503ee69e78060fc44b427e4004b217da30ba54f2d3291cd821f1573f831c3,4badd5fd316ee2a6221fce8f99de7065b9e1717377afa6139b09c3f7a7e19439,8d33c0cc7a4b85b54cd4d7ea225aa5aadecd6890d0b65d57a0ce1c596c328e64
exp1_alignment_transfer:full:2026-07-26T11:53:17.328965+00:00,paper,True,primary,exp1_alignment_transfer,primary_t5000_k10,10,mixture_delay,6e09fa90a1fcdeccc861cf2960bd31c4b60e2df4,21563d9a7d6a3134d56776beef7f02b88fbe31e8f18ac118a957eac374c3df02,b4bf2ad829be75d27f6ac4d3792968e90467c80f1b4949e56d7f1566f488630b,b4bf2ad829be75d27f6ac4d3792968e90467c80f1b4949e56d7f1566f488630b,2026-07-26T11:53:17.328965+00:00,route_map_diagnostic,source_bound,route_greedy,5000,0.0,0.0,0.0,0.0,0.0,0.0,0.0,0.0,1e-08,True,0.0,1.0,0.0,0.0,14.14549019607843,0.0,0.0,0.0,0,5a6503ee69e78060fc44b427e4004b217da30ba54f2d3291cd821f1573f831c3,4badd5fd316ee2a6221fce8f99de7065b9e1717377afa6139b09c3f7a7e19439,8d33c0cc7a4b85b54cd4d7ea225aa5aadecd6890d0b65d57a0ce1c596c328e64
exp1_alignment_transfer:full:2026-07-26T11:53:17.328965+00:00,paper,True,primary,exp1_alignment_transfer,primary_t5000_k10,10,state_coupled_delay,6e09fa90a1fcdeccc861cf2960bd31c4b60e2df4,21563d9a7d6a3134d56776beef7f02b88fbe31e8f18ac118a957eac374c3df02,b4bf2ad829be75d27f6ac4d3792968e90467c80f1b4949e56d7f1566f488630b,b4bf2ad829be75d27f6ac4d3792968e90467c80f1b4949e56d7f1566f488630b,2026-07-26T11:53:17.328965+00:00,route_map_diagnostic,arrival_assigned,route_greedy,5000,144.0891884772209,0.0,1194.4960805306032,0.0288178376954441,0.0,0.2388992161061206,0.2388992161061206,0.2100813784106764,1e-08,True,0.6314,0.0634,0.045641174683947,0.0031408007248901,13.457647058823529,0.3664,0.2614,10.1046,101,5a6503ee69e78060fc44b427e4004b217da30ba54f2d3291cd821f1573f831c3,04541ed456140f735fe21e3d56b2c4c5995e3fcf5909945617db5a30297a6e6d,f26f2d3423e9d50731ce353a93eaa92e6830bb21ab7cac051e90523267be38ea
exp1_alignment_transfer:full:2026-07-26T11:53:17.328965+00:00,paper,True,primary,exp1_alignment_transfer,primary_t5000_k10,10,state_coupled_delay,6e09fa90a1fcdeccc861cf2960bd31c4b60e2df4,21563d9a7d6a3134d56776beef7f02b88fbe31e8f18ac118a957eac374c3df02,b4bf2ad829be75d27f6ac4d3792968e90467c80f1b4949e56d7f1566f488630b,b4bf2ad829be75d27f6ac4d3792968e90467c80f1b4949e56d7f1566f488630b,2026-07-26T11:53:17.328965+00:00,route_map_diagnostic,source_bound,route_greedy,5000,0.0,0.0,0.0,0.0,0.0,0.0,0.0,0.0,1e-08,True,0.0,1.0,0.0,0.0,13.457647058823529,0.0,0.0,0.0,0,5a6503ee69e78060fc44b427e4004b217da30ba54f2d3291cd821f1573f831c3,04541ed456140f735fe21e3d56b2c4c5995e3fcf5909945617db5a30297a6e6d,f26f2d3423e9d50731ce353a93eaa92e6830bb21ab7cac051e90523267be38ea
exp1_alignment_transfer:full:2026-07-26T11:53:17.328965+00:00,paper,True,primary,exp1_alignment_transfer,primary_t5000_k10,10,systematic_misbinding,6e09fa90a1fcdeccc861cf2960bd31c4b60e2df4,21563d9a7d6a3134d56776beef7f02b88fbe31e8f18ac118a957eac374c3df02,b4bf2ad829be75d27f6ac4d3792968e90467c80f1b4949e56d7f1566f488630b,b4bf2ad829be75d27f6ac4d3792968e90467c80f1b4949e56d7f1566f488630b,2026-07-26T11:53:17.328965+00:00,route_map_diagnostic,arrival_assigned,route_greedy,5000,772.2222222222222,0.0,2779.9999999999995,0.1544444444444444,0.0,0.5559999999999999,0.5559999999999999,0.4015555555555555,1e-08,True,0.5004,0.4996,0.308641975308642,0.3086419753086419,15.0,0.0,0.0,15.0,15,cfda2346343cfca7f7b6f5a0c234034a3c1c6bb90732a4bb60be0460f7640c3c,3203a0c671b6f0994d3e6a1194cb8a1103c58bc3ba92a9a1628c438084b5ca6c,f587ca49f46c5dbeea2f62ad8a5b34829becbae483e310dcc2c3df1c49aa1a65
exp1_alignment_transfer:full:2026-07-26T11:53:17.328965+00:00,paper,True,primary,exp1_alignment_transfer,primary_t5000_k10,10,systematic_misbinding,6e09fa90a1fcdeccc861cf2960bd31c4b60e2df4,21563d9a7d6a3134d56776beef7f02b88fbe31e8f18ac118a957eac374c3df02,b4bf2ad829be75d27f6ac4d3792968e90467c80f1b4949e56d7f1566f488630b,b4bf2ad829be75d27f6ac4d3792968e90467c80f1b4949e56d7f1566f488630b,2026-07-26T11:53:17.328965+00:00,route_map_diagnostic,source_bound,route_greedy,5000,0.0,0.0,0.0,0.0,0.0,0.0,0.0,0.0,1e-08,True,0.0,1.0,0.0,0.0,15.0,0.0,0.0,0.0,0,cfda2346343cfca7f7b6f5a0c234034a3c1c6bb90732a4bb60be0460f7640c3c,3203a0c671b6f0994d3e6a1194cb8a1103c58bc3ba92a9a1628c438084b5ca6c,f587ca49f46c5dbeea2f62ad8a5b34829becbae483e310dcc2c3df1c49aa1a65
exp1_alignment_transfer:full:2026-07-26T11:53:17.328965+00:00,paper,True,primary,exp1_alignment_transfer,primary_t5000_k10,11,zero_delay,6e09fa90a1fcdeccc861cf2960bd31c4b60e2df4,21563d9a7d6a3134d56776beef7f02b88fbe31e8f18ac118a957eac374c3df02,b4bf2ad829be75d27f6ac4d3792968e90467c80f1b4949e56d7f1566f488630b,b4bf2ad829be75d27f6ac4d3792968e90467c80f1b4949e56d7f1566f488630b,2026-07-26T11:53:17.328965+00:00,route_map_diagnostic,arrival_assigned,route_greedy,5000,0.0,0.0,0.0,0.0,0.0,0.0,0.0,0.0,1e-08,True,0.0,1.0,0.0,0.0,0.0,0.0,0.0,0.0,0,c442c399cf179a43e1d273ce99f7f5766a44555cd41cbea4450339e037c2c077,7490991788929c984534cb2a4a3d9d0ba1ff5c082723ecd0738c8dde71eddc3e,4848af4f1f4e9732cd89ec6a4bec22312ef9549627c6b968269cb5277ff5f5dd
exp1_alignment_transfer:full:2026-07-26T11:53:17.328965+00:00,paper,True,primary,exp1_alignment_transfer,primary_t5000_k10,11,zero_delay,6e09fa90a1fcdeccc861cf2960bd31c4b60e2df4,21563d9a7d6a3134d56776beef7f02b88fbe31e8f18ac118a957eac374c3df02,b4bf2ad829be75d27f6ac4d3792968e90467c80f1b4949e56d7f1566f488630b,b4bf2ad829be75d27f6ac4d3792968e90467c80f1b4949e56d7f1566f488630b,2026-07-26T11:53:17.328965+00:00,route_map_diagnostic,source_bound,route_greedy,5000,0.0,0.0,0.0,0.0,0.0,0.0,0.0,0.0,1e-08,True,0.0,1.0,0.0,0.0,0.0,0.0,0.0,0.0,0,c442c399cf179a43e1d273ce99f7f5766a44555cd41cbea4450339e037c2c077,7490991788929c984534cb2a4a3d9d0ba1ff5c082723ecd0738c8dde71eddc3e,4848af4f1f4e9732cd89ec6a4bec22312ef9549627c6b968269cb5277ff5f5dd
exp1_alignment_transfer:full:2026-07-26T11:53:17.328965+00:00,paper,True,primary,exp1_alignment_transfer,primary_t5000_k10,11,exact_valid_shift,6e09fa90a1fcdeccc861cf2960bd31c4b60e2df4,21563d9a7d6a3134d56776beef7f02b88fbe31e8f18ac118a957eac374c3df02,b4bf2ad829be75d27f6ac4d3792968e90467c80f1b4949e56d7f1566f488630b,b4bf2ad829be75d27f6ac4d3792968e90467c80f1b4949e56d7f1566f488630b,2026-07-26T11:53:17.328965+00:00,route_map_diagnostic,arrival_assigned,route_greedy,5000,0.0,0.0,2.755882544738797e-13,0.0,0.0,5.5117650894775935e-17,5.5117650894775935e-17,5.5117650894775935e-17,1e-08,True,0.0,1.0,0.0,0.0,14.938039215686274,0.3654,0.259,11.5,97,4fc3bedc86a6015404d943e001b53c89fbe977037924538cc7319f599cfe62e8,9899cfe29a40793b325867ca623b85f20581cbc01bb5e1cdf9b96fd3a1e8a1a2,18b57de0ec8ce84a92ed8d2a97a0cb95b54d0058c56ffbf281c7307c59a3228b
exp1_alignment_transfer:full:2026-07-26T11:53:17.328965+00:00,paper,True,primary,exp1_alignment_transfer,primary_t5000_k10,11,exact_valid_shift,6e09fa90a1fcdeccc861cf2960bd31c4b60e2df4,21563d9a7d6a3134d56776beef7f02b88fbe31e8f18ac118a957eac374c3df02,b4bf2ad829be75d27f6ac4d3792968e90467c80f1b4949e56d7f1566f488630b,b4bf2ad829be75d27f6ac4d3792968e90467c80f1b4949e56d7f1566f488630b,2026-07-26T11:53:17.328965+00:00,route_map_diagnostic,source_bound,route_greedy,5000,0.0,0.0,0.0,0.0,0.0,0.0,0.0,0.0,1e-08,True,0.0,1.0,0.0,0.0,14.938039215686274,0.0,0.0,0.0,0,4fc3bedc86a6015404d943e001b53c89fbe977037924538cc7319f599cfe62e8,9899cfe29a40793b325867ca623b85f20581cbc01bb5e1cdf9b96fd3a1e8a1a2,18b57de0ec8ce84a92ed8d2a97a0cb95b54d0058c56ffbf281c7307c59a3228b
exp1_alignment_transfer:full:2026-07-26T11:53:17.328965+00:00,paper,True,primary,exp1_alignment_transfer,primary_t5000_k10,11,geometric_delay,6e09fa90a1fcdeccc861cf2960bd31c4b60e2df4,21563d9a7d6a3134d56776beef7f02b88fbe31e8f18ac118a957eac374c3df02,b4bf2ad829be75d27f6ac4d3792968e90467c80f1b4949e56d7f1566f488630b,b4bf2ad829be75d27f6ac4d3792968e90467c80f1b4949e56d7f1566f488630b,2026-07-26T11:53:17.328965+00:00,route_map_diagnostic,arrival_assigned,route_greedy,5000,182.0864049255602,0.0,1381.1993256863848,0.036417280985112,0.0,0.2762398651372769,0.2762398651372769,0.2398225841521649,1e-08,True,0.6876,0.047,0.0529628868311693,0.003660363810393,14.938039215686274,0.3654,0.259,11.5,97,c442c399cf179a43e1d273ce99f7f5766a44555cd41cbea4450339e037c2c077,9899cfe29a40793b325867ca623b85f20581cbc01bb5e1cdf9b96fd3a1e8a1a2,bfb01fa795a449c78b721b81b818a7ff5afccf5d8a84a076061e7a4e454e0393
exp1_alignment_transfer:full:2026-07-26T11:53:17.328965+00:00,paper,True,primary,exp1_alignment_transfer,primary_t5000_k10,11,geometric_delay,6e09fa90a1fcdeccc861cf2960bd31c4b60e2df4,21563d9a7d6a3134d56776beef7f02b88fbe31e8f18ac118a957eac374c3df02,b4bf2ad829be75d27f6ac4d3792968e90467c80f1b4949e56d7f1566f488630b,b4bf2ad829be75d27f6ac4d3792968e90467c80f1b4949e56d7f1566f488630b,2026-07-26T11:53:17.328965+00:00,route_map_diagnostic,source_bound,route_greedy,5000,0.0,0.0,0.0,0.0,0.0,0.0,0.0,0.0,1e-08,True,0.0,1.0,0.0,0.0,14.938039215686274,0.0,0.0,0.0,0,c442c399cf179a43e1d273ce99f7f5766a44555cd41cbea4450339e037c2c077,9899cfe29a40793b325867ca623b85f20581cbc01bb5e1cdf9b96fd3a1e8a1a2,bfb01fa795a449c78b721b81b818a7ff5afccf5d8a84a076061e7a4e454e0393
exp1_alignment_transfer:full:2026-07-26T11:53:17.328965+00:00,paper,True,primary,exp1_alignment_transfer,primary_t5000_k10,11,mixture_delay,6e09fa90a1fcdeccc861cf2960bd31c4b60e2df4,21563d9a7d6a3134d56776beef7f02b88fbe31e8f18ac118a957eac374c3df02,b4bf2ad829be75d27f6ac4d3792968e90467c80f1b4949e56d7f1566f488630b,b4bf2ad829be75d27f6ac4d3792968e90467c80f1b4949e56d7f1566f488630b,2026-07-26T11:53:17.328965+00:00,route_map_diagnostic,arrival_assigned,route_greedy,5000,148.8507245251083,0.0,1141.4224998897687,0.0297701449050216,0.0,0.2282844999779537,0.2282844999779537,0.198514355072932,1e-08,True,0.5938,0.0998,0.0501349695268131,0.0025943184293364,14.936470588235292,0.3546,0.2648,10.0202,102,c442c399cf179a43e1d273ce99f7f5766a44555cd41cbea4450339e037c2c077,f851691098f7384401ca59675e2d0539a05a799b3b62ebf2d5023ce9b4190267,d053d77a4449a64f00738c7769bf9355605bcf62160fa34bfee10a1770396378
exp1_alignment_transfer:full:2026-07-26T11:53:17.328965+00:00,paper,True,primary,exp1_alignment_transfer,primary_t5000_k10,11,mixture_delay,6e09fa90a1fcdeccc861cf2960bd31c4b60e2df4,21563d9a7d6a3134d56776beef7f02b88fbe31e8f18ac118a957eac374c3df02,b4bf2ad829be75d27f6ac4d3792968e90467c80f1b4949e56d7f1566f488630b,b4bf2ad829be75d27f6ac4d3792968e90467c80f1b4949e56d7f1566f488630b,2026-07-26T11:53:17.328965+00:00,route_map_diagnostic,source_bound,route_greedy,5000,0.0,0.0,0.0,0.0,0.0,0.0,0.0,0.0,1e-08,True,0.0,1.0,0.0,0.0,14.936470588235292,0.0,0.0,0.0,0,c442c399cf179a43e1d273ce99f7f5766a44555cd41cbea4450339e037c2c077,f851691098f7384401ca59675e2d0539a05a799b3b62ebf2d5023ce9b4190267,d053d77a4449a64f00738c7769bf9355605bcf62160fa34bfee10a1770396378
exp1_alignment_transfer:full:2026-07-26T11:53:17.328965+00:00,paper,True,primary,exp1_alignment_transfer,primary_t5000_k10,11,state_coupled_delay,6e09fa90a1fcdeccc861cf2960bd31c4b60e2df4,21563d9a7d6a3134d56776beef7f02b88fbe31e8f18ac118a957eac374c3df02,b4bf2ad829be75d27f6ac4d3792968e90467c80f1b4949e56d7f1566f488630b,b4bf2ad829be75d27f6ac4d3792968e90467c80f1b4949e56d7f1566f488630b,2026-07-26T11:53:17.328965+00:00,route_map_diagnostic,arrival_assigned,route_greedy,5000,170.0884085392501,0.0,1321.7281945349544,0.03401768170785,0.0,0.2643456389069908,0.2643456389069908,0.2303279571991408,1e-08,True,0.6686,0.051,0.0508789735385133,0.0031909514809624,15.636470588235294,0.3668,0.2698,11.7766,100,c442c399cf179a43e1d273ce99f7f5766a44555cd41cbea4450339e037c2c077,238c848ee5338505bcd27b752c5c2b8013fc812cf61b778e3c50c0925dd2b68d,9471dce798105bbfe10f173e5fdde714622d56571ed8512e45e17e4def641a4c
exp1_alignment_transfer:full:2026-07-26T11:53:17.328965+00:00,paper,True,primary,exp1_alignment_transfer,primary_t5000_k10,11,state_coupled_delay,6e09fa90a1fcdeccc861cf2960bd31c4b60e2df4,21563d9a7d6a3134d56776beef7f02b88fbe31e8f18ac118a957eac374c3df02,b4bf2ad829be75d27f6ac4d3792968e90467c80f1b4949e56d7f1566f488630b,b4bf2ad829be75d27f6ac4d3792968e90467c80f1b4949e56d7f1566f488630b,2026-07-26T11:53:17.328965+00:00,route_map_diagnostic,source_bound,route_greedy,5000,0.0,0.0,0.0,0.0,0.0,0.0,0.0,0.0,1e-08,True,0.0,1.0,0.0,0.0,15.636470588235294,0.0,0.0,0.0,0,c442c399cf179a43e1d273ce99f7f5766a44555cd41cbea4450339e037c2c077,238c848ee5338505bcd27b752c5c2b8013fc812cf61b778e3c50c0925dd2b68d,9471dce798105bbfe10f173e5fdde714622d56571ed8512e45e17e4def641a4c
exp1_alignment_transfer:full:2026-07-26T11:53:17.328965+00:00,paper,True,primary,exp1_alignment_transfer,primary_t5000_k10,11,systematic_misbinding,6e09fa90a1fcdeccc861cf2960bd31c4b60e2df4,21563d9a7d6a3134d56776beef7f02b88fbe31e8f18ac118a957eac374c3df02,b4bf2ad829be75d27f6ac4d3792968e90467c80f1b4949e56d7f1566f488630b,b4bf2ad829be75d27f6ac4d3792968e90467c80f1b4949e56d7f1566f488630b,2026-07-26T11:53:17.328965+00:00,route_map_diagnostic,arrival_assigned,route_greedy,5000,772.2222222222221,0.0,2779.9999999999995,0.1544444444444444,0.0,0.5559999999999999,0.5559999999999999,0.4015555555555555,1e-08,True,0.5004,0.4996,0.308641975308642,0.3086419753086419,15.0,0.0,0.0,15.0,15,17f6c9bebdeccd04e979ffa0d1da2f4815905412ddd60fd394ccc7fd7d407741,67c4c1ecfdb211e4f5af5616c988a37f2a912f4f522db5ff1a0d35a69ff40df4,c3e4ee8b8e7c57b6454f98ebfd4eb051dd3eeb1df0875c3ad845e3830db43ebd
exp1_alignment_transfer:full:2026-07-26T11:53:17.328965+00:00,paper,True,primary,exp1_alignment_transfer,primary_t5000_k10,11,systematic_misbinding,6e09fa90a1fcdeccc861cf2960bd31c4b60e2df4,21563d9a7d6a3134d56776beef7f02b88fbe31e8f18ac118a957eac374c3df02,b4bf2ad829be75d27f6ac4d3792968e90467c80f1b4949e56d7f1566f488630b,b4bf2ad829be75d27f6ac4d3792968e90467c80f1b4949e56d7f1566f488630b,2026-07-26T11:53:17.328965+00:00,route_map_diagnostic,source_bound,route_greedy,5000,0.0,0.0,0.0,0.0,0.0,0.0,0.0,0.0,1e-08,True,0.0,1.0,0.0,0.0,15.0,0.0,0.0,0.0,0,17f6c9bebdeccd04e979ffa0d1da2f4815905412ddd60fd394ccc7fd7d407741,67c4c1ecfdb211e4f5af5616c988a37f2a912f4f522db5ff1a0d35a69ff40df4,c3e4ee8b8e7c57b6454f98ebfd4eb051dd3eeb1df0875c3ad845e3830db43ebd
exp1_alignment_transfer:full:2026-07-26T11:53:17.328965+00:00,paper,True,primary,exp1_alignment_transfer,primary_t5000_k10,12,zero_delay,6e09fa90a1fcdeccc861cf2960bd31c4b60e2df4,21563d9a7d6a3134d56776beef7f02b88fbe31e8f18ac118a957eac374c3df02,b4bf2ad829be75d27f6ac4d3792968e90467c80f1b4949e56d7f1566f488630b,b4bf2ad829be75d27f6ac4d3792968e90467c80f1b4949e56d7f1566f488630b,2026-07-26T11:53:17.328965+00:00,route_map_diagnostic,arrival_assigned,route_greedy,5000,0.0,0.0,0.0,0.0,0.0,0.0,0.0,0.0,1e-08,True,0.0,1.0,0.0,0.0,0.0,0.0,0.0,0.0,0,2fcf83f38a12340796be6f78d33fb5e73109330565d578fc8093f77a7aed73cd,9db726201f07dcdb58987785e41db663d85bfe9d5d4e5dabc660ee96e19e6081,b9831de11a406365cce33f52ff40f07a2cefd31b53ce5a7f703918f942eb9f54
exp1_alignment_transfer:full:2026-07-26T11:53:17.328965+00:00,paper,True,primary,exp1_alignment_transfer,primary_t5000_k10,12,zero_delay,6e09fa90a1fcdeccc861cf2960bd31c4b60e2df4,21563d9a7d6a3134d56776beef7f02b88fbe31e8f18ac118a957eac374c3df02,b4bf2ad829be75d27f6ac4d3792968e90467c80f1b4949e56d7f1566f488630b,b4bf2ad829be75d27f6ac4d3792968e90467c80f1b4949e56d7f1566f488630b,2026-07-26T11:53:17.328965+00:00,route_map_diagnostic,source_bound,route_greedy,5000,0.0,0.0,0.0,0.0,0.0,0.0,0.0,0.0,1e-08,True,0.0,1.0,0.0,0.0,0.0,0.0,0.0,0.0,0,2fcf83f38a12340796be6f78d33fb5e73109330565d578fc8093f77a7aed73cd,9db726201f07dcdb58987785e41db663d85bfe9d5d4e5dabc660ee96e19e6081,b9831de11a406365cce33f52ff40f07a2cefd31b53ce5a7f703918f942eb9f54
exp1_alignment_transfer:full:2026-07-26T11:53:17.328965+00:00,paper,True,primary,exp1_alignment_transfer,primary_t5000_k10,12,exact_valid_shift,6e09fa90a1fcdeccc861cf2960bd31c4b60e2df4,21563d9a7d6a3134d56776beef7f02b88fbe31e8f18ac118a957eac374c3df02,b4bf2ad829be75d27f6ac4d3792968e90467c80f1b4949e56d7f1566f488630b,b4bf2ad829be75d27f6ac4d3792968e90467c80f1b4949e56d7f1566f488630b,2026-07-26T11:53:17.328965+00:00,route_map_diagnostic,arrival_assigned,route_greedy,5000,0.0,0.0,2.744904997742381e-13,0.0,0.0,5.4898099954847616e-17,5.4898099954847616e-17,5.4898099954847616e-17,1e-08,True,0.0,1.0,0.0,0.0,14.845882352941176,0.3704,0.2638,11.5082,95,b9396ed76af09b80e30c5f7c0ffb55efa821a7c3217eccce9d80cb0019bf30bc,49f098474f55f33518d521d12e62ff4b0b3ff564eafb654bb752a3aea06850ed,d199d1f5fb062a3e0dc294e367bc694908f7673102a1c1b8d532a71988d8d673
exp1_alignment_transfer:full:2026-07-26T11:53:17.328965+00:00,paper,True,primary,exp1_alignment_transfer,primary_t5000_k10,12,exact_valid_shift,6e09fa90a1fcdeccc861cf2960bd31c4b60e2df4,21563d9a7d6a3134d56776beef7f02b88fbe31e8f18ac118a957eac374c3df02,b4bf2ad829be75d27f6ac4d3792968e90467c80f1b4949e56d7f1566f488630b,b4bf2ad829be75d27f6ac4d3792968e90467c80f1b4949e56d7f1566f488630b,2026-07-26T11:53:17.328965+00:00,route_map_diagnostic,source_bound,route_greedy,5000,0.0,0.0,0.0,0.0,0.0,0.0,0.0,0.0,1e-08,True,0.0,1.0,0.0,0.0,14.845882352941176,0.0,0.0,0.0,0,b9396ed76af09b80e30c5f7c0ffb55efa821a7c3217eccce9d80cb0019bf30bc,49f098474f55f33518d521d12e62ff4b0b3ff564eafb654bb752a3aea06850ed,d199d1f5fb062a3e0dc294e367bc694908f7673102a1c1b8d532a71988d8d673
exp1_alignment_transfer:full:2026-07-26T11:53:17.328965+00:00,paper,True,primary,exp1_alignment_transfer,primary_t5000_k10,12,geometric_delay,6e09fa90a1fcdeccc861cf2960bd31c4b60e2df4,21563d9a7d6a3134d56776beef7f02b88fbe31e8f18ac118a957eac374c3df02,b4bf2ad829be75d27f6ac4d3792968e90467c80f1b4949e56d7f1566f488630b,b4bf2ad829be75d27f6ac4d3792968e90467c80f1b4949e56d7f1566f488630b,2026-07-26T11:53:17.328965+00:00,route_map_diagnostic,arrival_assigned,route_greedy,5000,163.15389317305332,0.0,1292.4809867720442,0.0326307786346106,0.0,0.2584961973544088,0.2584961973544088,0.2258654187197981,1e-08,True,0.6708,0.041,0.0486445716079467,0.0031170024134864,14.845882352941176,0.3704,0.2638,11.5082,95,2fcf83f38a12340796be6f78d33fb5e73109330565d578fc8093f77a7aed73cd,49f098474f55f33518d521d12e62ff4b0b3ff564eafb654bb752a3aea06850ed,988c9dc969e569b1a055224775662879fe2a49c4e6287fbdb21129085fc4e24e
exp1_alignment_transfer:full:2026-07-26T11:53:17.328965+00:00,paper,True,primary,exp1_alignment_transfer,primary_t5000_k10,12,geometric_delay,6e09fa90a1fcdeccc861cf2960bd31c4b60e2df4,21563d9a7d6a3134d56776beef7f02b88fbe31e8f18ac118a957eac374c3df02,b4bf2ad829be75d27f6ac4d3792968e90467c80f1b4949e56d7f1566f488630b,b4bf2ad829be75d27f6ac4d3792968e90467c80f1b4949e56d7f1566f488630b,2026-07-26T11:53:17.328965+00:00,route_map_diagnostic,source_bound,route_greedy,5000,0.0,0.0,0.0,0.0,0.0,0.0,0.0,0.0,1e-08,True,0.0,1.0,0.0,0.0,14.845882352941176,0.0,0.0,0.0,0,2fcf83f38a12340796be6f78d33fb5e73109330565d578fc8093f77a7aed73cd,49f098474f55f33518d521d12e62ff4b0b3ff564eafb654bb752a3aea06850ed,988c9dc969e569b1a055224775662879fe2a49c4e6287fbdb21129085fc4e24e
exp1_alignment_transfer:full:2026-07-26T11:53:17.328965+00:00,paper,True,primary,exp1_alignment_transfer,primary_t5000_k10,12,mixture_delay,6e09fa90a1fcdeccc861cf2960bd31c4b60e2df4,21563d9a7d6a3134d56776beef7f02b88fbe31e8f18ac118a957eac374c3df02,b4bf2ad829be75d27f6ac4d3792968e90467c80f1b4949e56d7f1566f488630b,b4bf2ad829be75d27f6ac4d3792968e90467c80f1b4949e56d7f1566f488630b,2026-07-26T11:53:17.328965+00:00,route_map_diagnostic,arrival_assigned,route_greedy,5000,138.69570221353175,0.0,1073.7705294254192,0.0277391404427063,0.0,0.2147541058850838,0.2147541058850838,0.1870149654423774,1e-08,True,0.5706,0.1108,0.0486139860545151,0.0023868762374317,14.622745098039216,0.3464,0.2642,10.4122,101,2fcf83f38a12340796be6f78d33fb5e73109330565d578fc8093f77a7aed73cd,ff9cc93bd46c3fccfb70af97266ac9f8fc9b72de1cf99391c4b63949032c54cd,bb81664d5187eba2484e25c08c87beb53fd0399b6f6a9a2a77fad97b94219bfa
exp1_alignment_transfer:full:2026-07-26T11:53:17.328965+00:00,paper,True,primary,exp1_alignment_transfer,primary_t5000_k10,12,mixture_delay,6e09fa90a1fcdeccc861cf2960bd31c4b60e2df4,21563d9a7d6a3134d56776beef7f02b88fbe31e8f18ac118a957eac374c3df02,b4bf2ad829be75d27f6ac4d3792968e90467c80f1b4949e56d7f1566f488630b,b4bf2ad829be75d27f6ac4d3792968e90467c80f1b4949e56d7f1566f488630b,2026-07-26T11:53:17.328965+00:00,route_map_diagnostic,source_bound,route_greedy,5000,0.0,0.0,0.0,0.0,0.0,0.0,0.0,0.0,1e-08,True,0.0,1.0,0.0,0.0,14.622745098039216,0.0,0.0,0.0,0,2fcf83f38a12340796be6f78d33fb5e73109330565d578fc8093f77a7aed73cd,ff9cc93bd46c3fccfb70af97266ac9f8fc9b72de1cf99391c4b63949032c54cd,bb81664d5187eba2484e25c08c87beb53fd0399b6f6a9a2a77fad97b94219bfa
exp1_alignment_transfer:full:2026-07-26T11:53:17.328965+00:00,paper,True,primary,exp1_alignment_transfer,primary_t5000_k10,12,state_coupled_delay,6e09fa90a1fcdeccc861cf2960bd31c4b60e2df4,21563d9a7d6a3134d56776beef7f02b88fbe31e8f18ac118a957eac374c3df02,b4bf2ad829be75d27f6ac4d3792968e90467c80f1b4949e56d7f1566f488630b,b4bf2ad829be75d27f6ac4d3792968e90467c80f1b4949e56d7f1566f488630b,2026-07-26T11:53:17.328965+00:00,route_map_diagnostic,arrival_assigned,route_greedy,5000,148.4208159636692,0.0,1228.8154212474194,0.0296841631927338,0.0,0.2457630842494838,0.2457630842494838,0.21607892105675,1e-08,True,0.6612,0.0476,0.0448943786943948,0.0030540613679066,15.251176470588236,0.3696,0.271,11.8896,99,2fcf83f38a12340796be6f78d33fb5e73109330565d578fc8093f77a7aed73cd,072ed20e813a378b2291eeb7a22d05efb306c7c5bbb7b9a568286083c9dc1d97,e5c730b65835ab09dd2dead6fcf93191d59447feeeb49c6b12a1cb92425f2ebc
exp1_alignment_transfer:full:2026-07-26T11:53:17.328965+00:00,paper,True,primary,exp1_alignment_transfer,primary_t5000_k10,12,state_coupled_delay,6e09fa90a1fcdeccc861cf2960bd31c4b60e2df4,21563d9a7d6a3134d56776beef7f02b88fbe31e8f18ac118a957eac374c3df02,b4bf2ad829be75d27f6ac4d3792968e90467c80f1b4949e56d7f1566f488630b,b4bf2ad829be75d27f6ac4d3792968e90467c80f1b4949e56d7f1566f488630b,2026-07-26T11:53:17.328965+00:00,route_map_diagnostic,source_bound,route_greedy,5000,0.0,0.0,0.0,0.0,0.0,0.0,0.0,0.0,1e-08,True,0.0,1.0,0.0,0.0,15.251176470588236,0.0,0.0,0.0,0,2fcf83f38a12340796be6f78d33fb5e73109330565d578fc8093f77a7aed73cd,072ed20e813a378b2291eeb7a22d05efb306c7c5bbb7b9a568286083c9dc1d97,e5c730b65835ab09dd2dead6fcf93191d59447feeeb49c6b12a1cb92425f2ebc
exp1_alignment_transfer:full:2026-07-26T11:53:17.328965+00:00,paper,True,primary,exp1_alignment_transfer,primary_t5000_k10,12,systematic_misbinding,6e09fa90a1fcdeccc861cf2960bd31c4b60e2df4,21563d9a7d6a3134d56776beef7f02b88fbe31e8f18ac118a957eac374c3df02,b4bf2ad829be75d27f6ac4d3792968e90467c80f1b4949e56d7f1566f488630b,b4bf2ad829be75d27f6ac4d3792968e90467c80f1b4949e56d7f1566f488630b,2026-07-26T11:53:17.328965+00:00,route_map_diagnostic,arrival_assigned,route_greedy,5000,772.2222222222221,0.0,2779.9999999999995,0.1544444444444444,0.0,0.5559999999999999,0.5559999999999999,0.4015555555555555,1e-08,True,0.5004,0.4996,0.308641975308642,0.3086419753086419,15.0,0.0,0.0,15.0,15,b003dadf595d73a0988c8db6d046eb521902d3cb4ee8990a663ec1aaf4b5cde5,e3121765c58cd366260eaa170985377b4042bd3498e4f7de501cd4230efd146b,35dcf0c65218e60ce93e1979780133102bb35be75b4e15839bd1001f1e147875
exp1_alignment_transfer:full:2026-07-26T11:53:17.328965+00:00,paper,True,primary,exp1_alignment_transfer,primary_t5000_k10,12,systematic_misbinding,6e09fa90a1fcdeccc861cf2960bd31c4b60e2df4,21563d9a7d6a3134d56776beef7f02b88fbe31e8f18ac118a957eac374c3df02,b4bf2ad829be75d27f6ac4d3792968e90467c80f1b4949e56d7f1566f488630b,b4bf2ad829be75d27f6ac4d3792968e90467c80f1b4949e56d7f1566f488630b,2026-07-26T11:53:17.328965+00:00,route_map_diagnostic,source_bound,route_greedy,5000,0.0,0.0,0.0,0.0,0.0,0.0,0.0,0.0,1e-08,True,0.0,1.0,0.0,0.0,15.0,0.0,0.0,0.0,0,b003dadf595d73a0988c8db6d046eb521902d3cb4ee8990a663ec1aaf4b5cde5,e3121765c58cd366260eaa170985377b4042bd3498e4f7de501cd4230efd146b,35dcf0c65218e60ce93e1979780133102bb35be75b4e15839bd1001f1e147875
exp1_alignment_transfer:full:2026-07-26T11:53:17.328965+00:00,paper,True,primary,exp1_alignment_transfer,primary_t5000_k10,13,zero_delay,6e09fa90a1fcdeccc861cf2960bd31c4b60e2df4,21563d9a7d6a3134d56776beef7f02b88fbe31e8f18ac118a957eac374c3df02,b4bf2ad829be75d27f6ac4d3792968e90467c80f1b4949e56d7f1566f488630b,b4bf2ad829be75d27f6ac4d3792968e90467c80f1b4949e56d7f1566f488630b,2026-07-26T11:53:17.328965+00:00,route_map_diagnostic,arrival_assigned,route_greedy,5000,0.0,0.0,0.0,0.0,0.0,0.0,0.0,0.0,1e-08,True,0.0,1.0,0.0,0.0,0.0,0.0,0.0,0.0,0,0903c8bd19ce171e4daf075dbfcd89d04eeccf1d230d5d5229d54cb929ca6d04,37ce48538eba93e9d9281c51df2699c7c20203fce7142fba8d6c798706ae4404,0bab63fc10850a67678ff5d91705dfb2e1c16733833cff87c0a2028e3a82a431
exp1_alignment_transfer:full:2026-07-26T11:53:17.328965+00:00,paper,True,primary,exp1_alignment_transfer,primary_t5000_k10,13,zero_delay,6e09fa90a1fcdeccc861cf2960bd31c4b60e2df4,21563d9a7d6a3134d56776beef7f02b88fbe31e8f18ac118a957eac374c3df02,b4bf2ad829be75d27f6ac4d3792968e90467c80f1b4949e56d7f1566f488630b,b4bf2ad829be75d27f6ac4d3792968e90467c80f1b4949e56d7f1566f488630b,2026-07-26T11:53:17.328965+00:00,route_map_diagnostic,source_bound,route_greedy,5000,0.0,0.0,0.0,0.0,0.0,0.0,0.0,0.0,1e-08,True,0.0,1.0,0.0,0.0,0.0,0.0,0.0,0.0,0,0903c8bd19ce171e4daf075dbfcd89d04eeccf1d230d5d5229d54cb929ca6d04,37ce48538eba93e9d9281c51df2699c7c20203fce7142fba8d6c798706ae4404,0bab63fc10850a67678ff5d91705dfb2e1c16733833cff87c0a2028e3a82a431
exp1_alignment_transfer:full:2026-07-26T11:53:17.328965+00:00,paper,True,primary,exp1_alignment_transfer,primary_t5000_k10,13,exact_valid_shift,6e09fa90a1fcdeccc861cf2960bd31c4b60e2df4,21563d9a7d6a3134d56776beef7f02b88fbe31e8f18ac118a957eac374c3df02,b4bf2ad829be75d27f6ac4d3792968e90467c80f1b4949e56d7f1566f488630b,b4bf2ad829be75d27f6ac4d3792968e90467c80f1b4949e56d7f1566f488630b,2026-07-26T11:53:17.328965+00:00,route_map_diagnostic,arrival_assigned,route_greedy,5000,0.0,0.0,2.8050695446979473e-13,0.0,0.0,5.610139089395893e-17,5.610139089395893e-17,5.610139089395893e-17,1e-08,True,0.0,1.0,0.0,0.0,14.98372549019608,0.3604,0.2686,11.5316,100,6a7cfabf0021cc869c753119d53388e457dc3fae2c71e98d7d896d82be443116,779e231dc29bc1f44352852501039e30e552d021432352f386abe8b09583be3b,c2d1814494dd9fcce0576442094dc065fd579ae3cbccd6d26ef5a251ab1e569f
exp1_alignment_transfer:full:2026-07-26T11:53:17.328965+00:00,paper,True,primary,exp1_alignment_transfer,primary_t5000_k10,13,exact_valid_shift,6e09fa90a1fcdeccc861cf2960bd31c4b60e2df4,21563d9a7d6a3134d56776beef7f02b88fbe31e8f18ac118a957eac374c3df02,b4bf2ad829be75d27f6ac4d3792968e90467c80f1b4949e56d7f1566f488630b,b4bf2ad829be75d27f6ac4d3792968e90467c80f1b4949e56d7f1566f488630b,2026-07-26T11:53:17.328965+00:00,route_map_diagnostic,source_bound,route_greedy,5000,0.0,0.0,0.0,0.0,0.0,0.0,0.0,0.0,1e-08,True,0.0,1.0,0.0,0.0,14.98372549019608,0.0,0.0,0.0,0,6a7cfabf0021cc869c753119d53388e457dc3fae2c71e98d7d896d82be443116,779e231dc29bc1f44352852501039e30e552d021432352f386abe8b09583be3b,c2d1814494dd9fcce0576442094dc065fd579ae3cbccd6d26ef5a251ab1e569f
exp1_alignment_transfer:full:2026-07-26T11:53:17.328965+00:00,paper,True,primary,exp1_alignment_transfer,primary_t5000_k10,13,geometric_delay,6e09fa90a1fcdeccc861cf2960bd31c4b60e2df4,21563d9a7d6a3134d56776beef7f02b88fbe31e8f18ac118a957eac374c3df02,b4bf2ad829be75d27f6ac4d3792968e90467c80f1b4949e56d7f1566f488630b,b4bf2ad829be75d27f6ac4d3792968e90467c80f1b4949e56d7f1566f488630b,2026-07-26T11:53:17.328965+00:00,route_map_diagnostic,arrival_assigned,route_greedy,5000,168.46180202085264,0.0,1309.7116488683537,0.0336923604041705,0.0,0.2619423297736707,0.2619423297736707,0.2282499693695002,1e-08,True,0.673,0.05,0.0500629426510706,0.0030720669345277,14.98372549019608,0.3604,0.2686,11.5316,100,0903c8bd19ce171e4daf075dbfcd89d04eeccf1d230d5d5229d54cb929ca6d04,779e231dc29bc1f44352852501039e30e552d021432352f386abe8b09583be3b,3e7bdee76a6233555237bdfcaf9e12e4e8f609b136e37f8dc92a1c1c0f0bac78
exp1_alignment_transfer:full:2026-07-26T11:53:17.328965+00:00,paper,True,primary,exp1_alignment_transfer,primary_t5000_k10,13,geometric_delay,6e09fa90a1fcdeccc861cf2960bd31c4b60e2df4,21563d9a7d6a3134d56776beef7f02b88fbe31e8f18ac118a957eac374c3df02,b4bf2ad829be75d27f6ac4d3792968e90467c80f1b4949e56d7f1566f488630b,b4bf2ad829be75d27f6ac4d3792968e90467c80f1b4949e56d7f1566f488630b,2026-07-26T11:53:17.328965+00:00,route_map_diagnostic,source_bound,route_greedy,5000,0.0,0.0,0.0,0.0,0.0,0.0,0.0,0.0,1e-08,True,0.0,1.0,0.0,0.0,14.98372549019608,0.0,0.0,0.0,0,0903c8bd19ce171e4daf075dbfcd89d04eeccf1d230d5d5229d54cb929ca6d04,779e231dc29bc1f44352852501039e30e552d021432352f386abe8b09583be3b,3e7bdee76a6233555237bdfcaf9e12e4e8f609b136e37f8dc92a1c1c0f0bac78
exp1_alignment_transfer:full:2026-07-26T11:53:17.328965+00:00,paper,True,primary,exp1_alignment_transfer,primary_t5000_k10,13,mixture_delay,6e09fa90a1fcdeccc861cf2960bd31c4b60e2df4,21563d9a7d6a3134d56776beef7f02b88fbe31e8f18ac118a957eac374c3df02,b4bf2ad829be75d27f6ac4d3792968e90467c80f1b4949e56d7f1566f488630b,b4bf2ad829be75d27f6ac4d3792968e90467c80f1b4949e56d7f1566f488630b,2026-07-26T11:53:17.328965+00:00,route_map_diagnostic,arrival_assigned,route_greedy,5000,139.2497679044846,0.0,1090.2054553088665,0.0278499535808969,0.0,0.2180410910617733,0.2180410910617733,0.1901911374808763,1e-08,True,0.58,0.1116,0.048017161346374,0.0025908299080363,14.485490196078432,0.3544,0.2638,9.77,100,0903c8bd19ce171e4daf075dbfcd89d04eeccf1d230d5d5229d54cb929ca6d04,f256a0d2a3b47ed91c9bbbffe59de45a723de8470b48d0694225d1ac31b2350b,631f11695bce08e0d4a908bb317571e0abd987085e88ad3f261eede0f7024b08
exp1_alignment_transfer:full:2026-07-26T11:53:17.328965+00:00,paper,True,primary,exp1_alignment_transfer,primary_t5000_k10,13,mixture_delay,6e09fa90a1fcdeccc861cf2960bd31c4b60e2df4,21563d9a7d6a3134d56776beef7f02b88fbe31e8f18ac118a957eac374c3df02,b4bf2ad829be75d27f6ac4d3792968e90467c80f1b4949e56d7f1566f488630b,b4bf2ad829be75d27f6ac4d3792968e90467c80f1b4949e56d7f1566f488630b,2026-07-26T11:53:17.328965+00:00,route_map_diagnostic,source_bound,route_greedy,5000,0.0,0.0,0.0,0.0,0.0,0.0,0.0,0.0,1e-08,True,0.0,1.0,0.0,0.0,14.485490196078432,0.0,0.0,0.0,0,0903c8bd19ce171e4daf075dbfcd89d04eeccf1d230d5d5229d54cb929ca6d04,f256a0d2a3b47ed91c9bbbffe59de45a723de8470b48d0694225d1ac31b2350b,631f11695bce08e0d4a908bb317571e0abd987085e88ad3f261eede0f7024b08
exp1_alignment_transfer:full:2026-07-26T11:53:17.328965+00:00,paper,True,primary,exp1_alignment_transfer,primary_t5000_k10,13,state_coupled_delay,6e09fa90a1fcdeccc861cf2960bd31c4b60e2df4,21563d9a7d6a3134d56776beef7f02b88fbe31e8f18ac118a957eac374c3df02,b4bf2ad829be75d27f6ac4d3792968e90467c80f1b4949e56d7f1566f488630b,b4bf2ad829be75d27f6ac4d3792968e90467c80f1b4949e56d7f1566f488630b,2026-07-26T11:53:17.328965+00:00,route_map_diagnostic,arrival_assigned,route_greedy,5000,163.82826462192162,0.0,1283.2764103793074,0.0327656529243843,0.0,0.2566552820758614,0.2566552820758614,0.2238896291514771,1e-08,True,0.658,0.0578,0.049795825113046,0.0034407349676177,15.92470588235294,0.3644,0.263,12.3056,98,0903c8bd19ce171e4daf075dbfcd89d04eeccf1d230d5d5229d54cb929ca6d04,cfacb9a1435a7fb75daa9f9b747e797111504fe0b731764ce6a4cbbd21241cf8,a0b756299ea5bf4224932fee4ac6f64ebe45da27a471524036d775c631f9654d
exp1_alignment_transfer:full:2026-07-26T11:53:17.328965+00:00,paper,True,primary,exp1_alignment_transfer,primary_t5000_k10,13,state_coupled_delay,6e09fa90a1fcdeccc861cf2960bd31c4b60e2df4,21563d9a7d6a3134d56776beef7f02b88fbe31e8f18ac118a957eac374c3df02,b4bf2ad829be75d27f6ac4d3792968e90467c80f1b4949e56d7f1566f488630b,b4bf2ad829be75d27f6ac4d3792968e90467c80f1b4949e56d7f1566f488630b,2026-07-26T11:53:17.328965+00:00,route_map_diagnostic,source_bound,route_greedy,5000,0.0,0.0,0.0,0.0,0.0,0.0,0.0,0.0,1e-08,True,0.0,1.0,0.0,0.0,15.92470588235294,0.0,0.0,0.0,0,0903c8bd19ce171e4daf075dbfcd89d04eeccf1d230d5d5229d54cb929ca6d04,cfacb9a1435a7fb75daa9f9b747e797111504fe0b731764ce6a4cbbd21241cf8,a0b756299ea5bf4224932fee4ac6f64ebe45da27a471524036d775c631f9654d
exp1_alignment_transfer:full:2026-07-26T11:53:17.328965+00:00,paper,True,primary,exp1_alignment_transfer,primary_t5000_k10,13,systematic_misbinding,6e09fa90a1fcdeccc861cf2960bd31c4b60e2df4,21563d9a7d6a3134d56776beef7f02b88fbe31e8f18ac118a957eac374c3df02,b4bf2ad829be75d27f6ac4d3792968e90467c80f1b4949e56d7f1566f488630b,b4bf2ad829be75d27f6ac4d3792968e90467c80f1b4949e56d7f1566f488630b,2026-07-26T11:53:17.328965+00:00,route_map_diagnostic,arrival_assigned,route_greedy,5000,770.0617283950617,0.0,2772.2222222222217,0.1540123456790123,0.0,0.5544444444444443,0.5544444444444443,0.400432098765432,1e-08,True,0.499,0.501,0.308641975308642,0.3086419753086419,15.0,0.0,0.0,15.0,15,0338c17787b037f56b1bac53239d7600bbf0f7631dc40a3cd83a5e7b4cfa504b,a6bd7aa34a96e9f63a979fae2e08f57cb529b536e394e033dbb86ac83f0ed0ea,64069bb0a0d9920818fc363264c65f866f2639e1deffae5bf4ff067eddc2ee76
exp1_alignment_transfer:full:2026-07-26T11:53:17.328965+00:00,paper,True,primary,exp1_alignment_transfer,primary_t5000_k10,13,systematic_misbinding,6e09fa90a1fcdeccc861cf2960bd31c4b60e2df4,21563d9a7d6a3134d56776beef7f02b88fbe31e8f18ac118a957eac374c3df02,b4bf2ad829be75d27f6ac4d3792968e90467c80f1b4949e56d7f1566f488630b,b4bf2ad829be75d27f6ac4d3792968e90467c80f1b4949e56d7f1566f488630b,2026-07-26T11:53:17.328965+00:00,route_map_diagnostic,source_bound,route_greedy,5000,0.0,0.0,0.0,0.0,0.0,0.0,0.0,0.0,1e-08,True,0.0,1.0,0.0,0.0,15.0,0.0,0.0,0.0,0,0338c17787b037f56b1bac53239d7600bbf0f7631dc40a3cd83a5e7b4cfa504b,a6bd7aa34a96e9f63a979fae2e08f57cb529b536e394e033dbb86ac83f0ed0ea,64069bb0a0d9920818fc363264c65f866f2639e1deffae5bf4ff067eddc2ee76
exp1_alignment_transfer:full:2026-07-26T11:53:17.328965+00:00,paper,True,primary,exp1_alignment_transfer,primary_t5000_k10,14,zero_delay,6e09fa90a1fcdeccc861cf2960bd31c4b60e2df4,21563d9a7d6a3134d56776beef7f02b88fbe31e8f18ac118a957eac374c3df02,b4bf2ad829be75d27f6ac4d3792968e90467c80f1b4949e56d7f1566f488630b,b4bf2ad829be75d27f6ac4d3792968e90467c80f1b4949e56d7f1566f488630b,2026-07-26T11:53:17.328965+00:00,route_map_diagnostic,arrival_assigned,route_greedy,5000,0.0,0.0,0.0,0.0,0.0,0.0,0.0,0.0,1e-08,True,0.0,1.0,0.0,0.0,0.0,0.0,0.0,0.0,0,8513d46f3e95fea187ec4f6afab945f63e07d0b80408bd67c92f59c8812b1eef,8e2a95e860267f04a3fa611396d23462e18dd1546be01990be1ebcf16f05012e,0ac3d7b2ac959d577bed8751afa42c22e04fe9772e0325a7ab95232a8bb364f7
exp1_alignment_transfer:full:2026-07-26T11:53:17.328965+00:00,paper,True,primary,exp1_alignment_transfer,primary_t5000_k10,14,zero_delay,6e09fa90a1fcdeccc861cf2960bd31c4b60e2df4,21563d9a7d6a3134d56776beef7f02b88fbe31e8f18ac118a957eac374c3df02,b4bf2ad829be75d27f6ac4d3792968e90467c80f1b4949e56d7f1566f488630b,b4bf2ad829be75d27f6ac4d3792968e90467c80f1b4949e56d7f1566f488630b,2026-07-26T11:53:17.328965+00:00,route_map_diagnostic,source_bound,route_greedy,5000,0.0,0.0,0.0,0.0,0.0,0.0,0.0,0.0,1e-08,True,0.0,1.0,0.0,0.0,0.0,0.0,0.0,0.0,0,8513d46f3e95fea187ec4f6afab945f63e07d0b80408bd67c92f59c8812b1eef,8e2a95e860267f04a3fa611396d23462e18dd1546be01990be1ebcf16f05012e,0ac3d7b2ac959d577bed8751afa42c22e04fe9772e0325a7ab95232a8bb364f7
exp1_alignment_transfer:full:2026-07-26T11:53:17.328965+00:00,paper,True,primary,exp1_alignment_transfer,primary_t5000_k10,14,exact_valid_shift,6e09fa90a1fcdeccc861cf2960bd31c4b60e2df4,21563d9a7d6a3134d56776beef7f02b88fbe31e8f18ac118a957eac374c3df02,b4bf2ad829be75d27f6ac4d3792968e90467c80f1b4949e56d7f1566f488630b,b4bf2ad829be75d27f6ac4d3792968e90467c80f1b4949e56d7f1566f488630b,2026-07-26T11:53:17.328965+00:00,route_map_diagnostic,arrival_assigned,route_greedy,5000,0.0,0.0,2.798416880167576e-13,0.0,0.0,5.596833760335152e-17,5.596833760335152e-17,5.596833760335152e-17,1e-08,True,0.0,1.0,0.0,0.0,15.028823529411763,0.3678,0.2588,11.9032,101,e9fe5eff39365e52e4f45a3f0270edf5c2adea7c46d7654d0460c88a27fcd748,477ca8ed94572320d3169f5aa2d64a2032c2325e828d4c9c4969b5cd3aa07ad7,af10efddf83b211512e757d58b28cc246b42478e7d2c2ffc8c1e9ebc850cd09b
exp1_alignment_transfer:full:2026-07-26T11:53:17.328965+00:00,paper,True,primary,exp1_alignment_transfer,primary_t5000_k10,14,exact_valid_shift,6e09fa90a1fcdeccc861cf2960bd31c4b60e2df4,21563d9a7d6a3134d56776beef7f02b88fbe31e8f18ac118a957eac374c3df02,b4bf2ad829be75d27f6ac4d3792968e90467c80f1b4949e56d7f1566f488630b,b4bf2ad829be75d27f6ac4d3792968e90467c80f1b4949e56d7f1566f488630b,2026-07-26T11:53:17.328965+00:00,route_map_diagnostic,source_bound,route_greedy,5000,0.0,0.0,0.0,0.0,0.0,0.0,0.0,0.0,1e-08,True,0.0,1.0,0.0,0.0,15.028823529411763,0.0,0.0,0.0,0,e9fe5eff39365e52e4f45a3f0270edf5c2adea7c46d7654d0460c88a27fcd748,477ca8ed94572320d3169f5aa2d64a2032c2325e828d4c9c4969b5cd3aa07ad7,af10efddf83b211512e757d58b28cc246b42478e7d2c2ffc8c1e9ebc850cd09b
exp1_alignment_transfer:full:2026-07-26T11:53:17.328965+00:00,paper,True,primary,exp1_alignment_transfer,primary_t5000_k10,14,geometric_delay,6e09fa90a1fcdeccc861cf2960bd31c4b60e2df4,21563d9a7d6a3134d56776beef7f02b88fbe31e8f18ac118a957eac374c3df02,b4bf2ad829be75d27f6ac4d3792968e90467c80f1b4949e56d7f1566f488630b,b4bf2ad829be75d27f6ac4d3792968e90467c80f1b4949e56d7f1566f488630b,2026-07-26T11:53:17.328965+00:00,route_map_diagnostic,arrival_assigned,route_greedy,5000,184.48409131575755,0.0,1355.67518199477,0.0368968182631515,0.0,0.271135036398954,0.271135036398954,0.2342382181358024,1e-08,True,0.656,0.048,0.0562451497913895,0.0031562489115635,15.028823529411763,0.3678,0.2588,11.9032,101,8513d46f3e95fea187ec4f6afab945f63e07d0b80408bd67c92f59c8812b1eef,477ca8ed94572320d3169f5aa2d64a2032c2325e828d4c9c4969b5cd3aa07ad7,693b576d16a8b7bcf81a051adb8581f9c3cb2d6f187d971b582ac8048534b006
exp1_alignment_transfer:full:2026-07-26T11:53:17.328965+00:00,paper,True,primary,exp1_alignment_transfer,primary_t5000_k10,14,geometric_delay,6e09fa90a1fcdeccc861cf2960bd31c4b60e2df4,21563d9a7d6a3134d56776beef7f02b88fbe31e8f18ac118a957eac374c3df02,b4bf2ad829be75d27f6ac4d3792968e90467c80f1b4949e56d7f1566f488630b,b4bf2ad829be75d27f6ac4d3792968e90467c80f1b4949e56d7f1566f488630b,2026-07-26T11:53:17.328965+00:00,route_map_diagnostic,source_bound,route_greedy,5000,0.0,0.0,0.0,0.0,0.0,0.0,0.0,0.0,1e-08,True,0.0,1.0,0.0,0.0,15.028823529411763,0.0,0.0,0.0,0,8513d46f3e95fea187ec4f6afab945f63e07d0b80408bd67c92f59c8812b1eef,477ca8ed94572320d3169f5aa2d64a2032c2325e828d4c9c4969b5cd3aa07ad7,693b576d16a8b7bcf81a051adb8581f9c3cb2d6f187d971b582ac8048534b006
exp1_alignment_transfer:full:2026-07-26T11:53:17.328965+00:00,paper,True,primary,exp1_alignment_transfer,primary_t5000_k10,14,mixture_delay,6e09fa90a1fcdeccc861cf2960bd31c4b60e2df4,21563d9a7d6a3134d56776beef7f02b88fbe31e8f18ac118a957eac374c3df02,b4bf2ad829be75d27f6ac4d3792968e90467c80f1b4949e56d7f1566f488630b,b4bf2ad829be75d27f6ac4d3792968e90467c80f1b4949e56d7f1566f488630b,2026-07-26T11:53:17.328965+00:00,route_map_diagnostic,arrival_assigned,route_greedy,5000,143.52901656657534,0.0,1112.618415793511,0.028705803313315,0.0,0.2225236831587022,0.2225236831587022,0.1938178798453871,1e-08,True,0.5794,0.106,0.0495440167644374,0.0027441494811918,14.688627450980391,0.3582,0.2656,10.0168,99,8513d46f3e95fea187ec4f6afab945f63e07d0b80408bd67c92f59c8812b1eef,96f40f99b7a62a05a58e781245c92082240216618e8cc2f76e1a8f5961d0d061,ed2ff8085a10e5281a7567ab8241b2997a4fee11bebd7ba7d0e7dc5b66ce75cb
exp1_alignment_transfer:full:2026-07-26T11:53:17.328965+00:00,paper,True,primary,exp1_alignment_transfer,primary_t5000_k10,14,mixture_delay,6e09fa90a1fcdeccc861cf2960bd31c4b60e2df4,21563d9a7d6a3134d56776beef7f02b88fbe31e8f18ac118a957eac374c3df02,b4bf2ad829be75d27f6ac4d3792968e90467c80f1b4949e56d7f1566f488630b,b4bf2ad829be75d27f6ac4d3792968e90467c80f1b4949e56d7f1566f488630b,2026-07-26T11:53:17.328965+00:00,route_map_diagnostic,source_bound,route_greedy,5000,0.0,0.0,0.0,0.0,0.0,0.0,0.0,0.0,1e-08,True,0.0,1.0,0.0,0.0,14.688627450980391,0.0,0.0,0.0,0,8513d46f3e95fea187ec4f6afab945f63e07d0b80408bd67c92f59c8812b1eef,96f40f99b7a62a05a58e781245c92082240216618e8cc2f76e1a8f5961d0d061,ed2ff8085a10e5281a7567ab8241b2997a4fee11bebd7ba7d0e7dc5b66ce75cb
exp1_alignment_transfer:full:2026-07-26T11:53:17.328965+00:00,paper,True,primary,exp1_alignment_transfer,primary_t5000_k10,14,state_coupled_delay,6e09fa90a1fcdeccc861cf2960bd31c4b60e2df4,21563d9a7d6a3134d56776beef7f02b88fbe31e8f18ac118a957eac374c3df02,b4bf2ad829be75d27f6ac4d3792968e90467c80f1b4949e56d7f1566f488630b,b4bf2ad829be75d27f6ac4d3792968e90467c80f1b4949e56d7f1566f488630b,2026-07-26T11:53:17.328965+00:00,route_map_diagnostic,arrival_assigned,route_greedy,5000,176.22894742862064,0.0,1319.560047819483,0.0352457894857241,0.0,0.2639120095638966,0.2639120095638966,0.2286662200781725,1e-08,True,0.6568,0.0516,0.0536628950757066,0.0032661281760661,15.974117647058824,0.3572,0.2588,12.7336,100,8513d46f3e95fea187ec4f6afab945f63e07d0b80408bd67c92f59c8812b1eef,ba9d4b7ce45d927109f5e46048d6c675cad2f94bf095c2bb1d9cbf0147616390,2c8897226ceab02f608205c98230bb3e248ae3165612ac3ba10caa2f1fd763e2
exp1_alignment_transfer:full:2026-07-26T11:53:17.328965+00:00,paper,True,primary,exp1_alignment_transfer,primary_t5000_k10,14,state_coupled_delay,6e09fa90a1fcdeccc861cf2960bd31c4b60e2df4,21563d9a7d6a3134d56776beef7f02b88fbe31e8f18ac118a957eac374c3df02,b4bf2ad829be75d27f6ac4d3792968e90467c80f1b4949e56d7f1566f488630b,b4bf2ad829be75d27f6ac4d3792968e90467c80f1b4949e56d7f1566f488630b,2026-07-26T11:53:17.328965+00:00,route_map_diagnostic,source_bound,route_greedy,5000,0.0,0.0,0.0,0.0,0.0,0.0,0.0,0.0,1e-08,True,0.0,1.0,0.0,0.0,15.974117647058824,0.0,0.0,0.0,0,8513d46f3e95fea187ec4f6afab945f63e07d0b80408bd67c92f59c8812b1eef,ba9d4b7ce45d927109f5e46048d6c675cad2f94bf095c2bb1d9cbf0147616390,2c8897226ceab02f608205c98230bb3e248ae3165612ac3ba10caa2f1fd763e2
exp1_alignment_transfer:full:2026-07-26T11:53:17.328965+00:00,paper,True,primary,exp1_alignment_transfer,primary_t5000_k10,14,systematic_misbinding,6e09fa90a1fcdeccc861cf2960bd31c4b60e2df4,21563d9a7d6a3134d56776beef7f02b88fbe31e8f18ac118a957eac374c3df02,b4bf2ad829be75d27f6ac4d3792968e90467c80f1b4949e56d7f1566f488630b,b4bf2ad829be75d27f6ac4d3792968e90467c80f1b4949e56d7f1566f488630b,2026-07-26T11:53:17.328965+00:00,route_map_diagnostic,arrival_assigned,route_greedy,5000,770.3703703703703,0.0,2773.333333333333,0.154074074074074,0.0,0.5546666666666666,0.5546666666666666,0.4005925925925925,1e-08,True,0.4992,0.5008,0.308641975308642,0.3086419753086419,15.0,0.0,0.0,15.0,15,d6257ca3e86823207bc4d00d71209c76eb2e63d649658d5353d9ece9e4098f77,178fa26cbe4942a99ca2dd0e9d0cbee086b016b56f42efbafdf368bd394c2ad4,62f9c0604bc5cba5eaa778965e688ff67b180c6eaaea9951239aa0a6b292f26c
exp1_alignment_transfer:full:2026-07-26T11:53:17.328965+00:00,paper,True,primary,exp1_alignment_transfer,primary_t5000_k10,14,systematic_misbinding,6e09fa90a1fcdeccc861cf2960bd31c4b60e2df4,21563d9a7d6a3134d56776beef7f02b88fbe31e8f18ac118a957eac374c3df02,b4bf2ad829be75d27f6ac4d3792968e90467c80f1b4949e56d7f1566f488630b,b4bf2ad829be75d27f6ac4d3792968e90467c80f1b4949e56d7f1566f488630b,2026-07-26T11:53:17.328965+00:00,route_map_diagnostic,source_bound,route_greedy,5000,0.0,0.0,0.0,0.0,0.0,0.0,0.0,0.0,1e-08,True,0.0,1.0,0.0,0.0,15.0,0.0,0.0,0.0,0,d6257ca3e86823207bc4d00d71209c76eb2e63d649658d5353d9ece9e4098f77,178fa26cbe4942a99ca2dd0e9d0cbee086b016b56f42efbafdf368bd394c2ad4,62f9c0604bc5cba5eaa778965e688ff67b180c6eaaea9951239aa0a6b292f26c
exp1_alignment_transfer:full:2026-07-26T11:53:17.328965+00:00,paper,True,primary,exp1_alignment_transfer,primary_t5000_k10,15,zero_delay,6e09fa90a1fcdeccc861cf2960bd31c4b60e2df4,21563d9a7d6a3134d56776beef7f02b88fbe31e8f18ac118a957eac374c3df02,b4bf2ad829be75d27f6ac4d3792968e90467c80f1b4949e56d7f1566f488630b,b4bf2ad829be75d27f6ac4d3792968e90467c80f1b4949e56d7f1566f488630b,2026-07-26T11:53:17.328965+00:00,route_map_diagnostic,arrival_assigned,route_greedy,5000,0.0,0.0,0.0,0.0,0.0,0.0,0.0,0.0,1e-08,True,0.0,1.0,0.0,0.0,0.0,0.0,0.0,0.0,0,eb2dac3e6b7d2233a24c9c4e58f6299b32ae3daf87a2c935aced5253b2e4c1d4,2b96cfcea0d69e51ac0aa49060f01c8c6eb48d711f34d3fad960d7468aa632ed,cb5a989ae358f6a328194d04be09b0da047e3924a2ad1afb78c94d5512698aeb
exp1_alignment_transfer:full:2026-07-26T11:53:17.328965+00:00,paper,True,primary,exp1_alignment_transfer,primary_t5000_k10,15,zero_delay,6e09fa90a1fcdeccc861cf2960bd31c4b60e2df4,21563d9a7d6a3134d56776beef7f02b88fbe31e8f18ac118a957eac374c3df02,b4bf2ad829be75d27f6ac4d3792968e90467c80f1b4949e56d7f1566f488630b,b4bf2ad829be75d27f6ac4d3792968e90467c80f1b4949e56d7f1566f488630b,2026-07-26T11:53:17.328965+00:00,route_map_diagnostic,source_bound,route_greedy,5000,0.0,0.0,0.0,0.0,0.0,0.0,0.0,0.0,1e-08,True,0.0,1.0,0.0,0.0,0.0,0.0,0.0,0.0,0,eb2dac3e6b7d2233a24c9c4e58f6299b32ae3daf87a2c935aced5253b2e4c1d4,2b96cfcea0d69e51ac0aa49060f01c8c6eb48d711f34d3fad960d7468aa632ed,cb5a989ae358f6a328194d04be09b0da047e3924a2ad1afb78c94d5512698aeb
exp1_alignment_transfer:full:2026-07-26T11:53:17.328965+00:00,paper,True,primary,exp1_alignment_transfer,primary_t5000_k10,15,exact_valid_shift,6e09fa90a1fcdeccc861cf2960bd31c4b60e2df4,21563d9a7d6a3134d56776beef7f02b88fbe31e8f18ac118a957eac374c3df02,b4bf2ad829be75d27f6ac4d3792968e90467c80f1b4949e56d7f1566f488630b,b4bf2ad829be75d27f6ac4d3792968e90467c80f1b4949e56d7f1566f488630b,2026-07-26T11:53:17.328965+00:00,route_map_diagnostic,arrival_assigned,route_greedy,5000,0.0,0.0,2.7518438916462884e-13,0.0,0.0,5.503687783292577e-17,5.503687783292577e-17,5.503687783292577e-17,1e-08,True,0.0,1.0,0.0,0.0,15.1221568627451,0.358,0.2622,11.938,86,e63b22b0cd3d27ed91b11f5b7b3ecca9be7549f72bc68156bd2492fa46ed7a89,6617b7da8ad34461ed59d33b9f09aed8badff50d3f48e2d078dad7d713c0bdde,928f774a37168bc05da55b57e0d28ee41cfbfe6c99d2a1ff0a1bf1ad3f2ded02
exp1_alignment_transfer:full:2026-07-26T11:53:17.328965+00:00,paper,True,primary,exp1_alignment_transfer,primary_t5000_k10,15,exact_valid_shift,6e09fa90a1fcdeccc861cf2960bd31c4b60e2df4,21563d9a7d6a3134d56776beef7f02b88fbe31e8f18ac118a957eac374c3df02,b4bf2ad829be75d27f6ac4d3792968e90467c80f1b4949e56d7f1566f488630b,b4bf2ad829be75d27f6ac4d3792968e90467c80f1b4949e56d7f1566f488630b,2026-07-26T11:53:17.328965+00:00,route_map_diagnostic,source_bound,route_greedy,5000,0.0,0.0,0.0,0.0,0.0,0.0,0.0,0.0,1e-08,True,0.0,1.0,0.0,0.0,15.1221568627451,0.0,0.0,0.0,0,e63b22b0cd3d27ed91b11f5b7b3ecca9be7549f72bc68156bd2492fa46ed7a89,6617b7da8ad34461ed59d33b9f09aed8badff50d3f48e2d078dad7d713c0bdde,928f774a37168bc05da55b57e0d28ee41cfbfe6c99d2a1ff0a1bf1ad3f2ded02
exp1_alignment_transfer:full:2026-07-26T11:53:17.328965+00:00,paper,True,primary,exp1_alignment_transfer,primary_t5000_k10,15,geometric_delay,6e09fa90a1fcdeccc861cf2960bd31c4b60e2df4,21563d9a7d6a3134d56776beef7f02b88fbe31e8f18ac118a957eac374c3df02,b4bf2ad829be75d27f6ac4d3792968e90467c80f1b4949e56d7f1566f488630b,b4bf2ad829be75d27f6ac4d3792968e90467c80f1b4949e56d7f1566f488630b,2026-07-26T11:53:17.328965+00:00,route_map_diagnostic,arrival_assigned,route_greedy,5000,175.5122010428396,0.0,1353.1834301275817,0.0351024402085679,0.0,0.2706366860255163,0.2706366860255163,0.2355342458169484,1e-08,True,0.6908,0.0442,0.0508141867524144,0.0032616567643345,15.1221568627451,0.358,0.2622,11.938,86,eb2dac3e6b7d2233a24c9c4e58f6299b32ae3daf87a2c935aced5253b2e4c1d4,6617b7da8ad34461ed59d33b9f09aed8badff50d3f48e2d078dad7d713c0bdde,928e58b3333add450de3da4ba677148fd76f63f2271cf434f164af3c221f2176
exp1_alignment_transfer:full:2026-07-26T11:53:17.328965+00:00,paper,True,primary,exp1_alignment_transfer,primary_t5000_k10,15,geometric_delay,6e09fa90a1fcdeccc861cf2960bd31c4b60e2df4,21563d9a7d6a3134d56776beef7f02b88fbe31e8f18ac118a957eac374c3df02,b4bf2ad829be75d27f6ac4d3792968e90467c80f1b4949e56d7f1566f488630b,b4bf2ad829be75d27f6ac4d3792968e90467c80f1b4949e56d7f1566f488630b,2026-07-26T11:53:17.328965+00:00,route_map_diagnostic,source_bound,route_greedy,5000,0.0,0.0,0.0,0.0,0.0,0.0,0.0,0.0,1e-08,True,0.0,1.0,0.0,0.0,15.1221568627451,0.0,0.0,0.0,0,eb2dac3e6b7d2233a24c9c4e58f6299b32ae3daf87a2c935aced5253b2e4c1d4,6617b7da8ad34461ed59d33b9f09aed8badff50d3f48e2d078dad7d713c0bdde,928e58b3333add450de3da4ba677148fd76f63f2271cf434f164af3c221f2176
exp1_alignment_transfer:full:2026-07-26T11:53:17.328965+00:00,paper,True,primary,exp1_alignment_transfer,primary_t5000_k10,15,mixture_delay,6e09fa90a1fcdeccc861cf2960bd31c4b60e2df4,21563d9a7d6a3134d56776beef7f02b88fbe31e8f18ac118a957eac374c3df02,b4bf2ad829be75d27f6ac4d3792968e90467c80f1b4949e56d7f1566f488630b,b4bf2ad829be75d27f6ac4d3792968e90467c80f1b4949e56d7f1566f488630b,2026-07-26T11:53:17.328965+00:00,route_map_diagnostic,arrival_assigned,route_greedy,5000,139.3776805575626,0.0,1115.5151689426348,0.0278755361115125,0.0,0.2231030337885269,0.2231030337885269,0.1952274976770144,1e-08,True,0.5982,0.1032,0.0465990239242937,0.0029192138544443,15.331176470588236,0.3558,0.2644,10.573,101,eb2dac3e6b7d2233a24c9c4e58f6299b32ae3daf87a2c935aced5253b2e4c1d4,bb0f2d033015d6c2857e255a3b8f9c05af2ac2a11faa7b5e441e248cec618f02,26188612e1c1a1e86bb48a3ee8e0093ee44c42e9bc0634bc79bd9f8f6275dc42
exp1_alignment_transfer:full:2026-07-26T11:53:17.328965+00:00,paper,True,primary,exp1_alignment_transfer,primary_t5000_k10,15,mixture_delay,6e09fa90a1fcdeccc861cf2960bd31c4b60e2df4,21563d9a7d6a3134d56776beef7f02b88fbe31e8f18ac118a957eac374c3df02,b4bf2ad829be75d27f6ac4d3792968e90467c80f1b4949e56d7f1566f488630b,b4bf2ad829be75d27f6ac4d3792968e90467c80f1b4949e56d7f1566f488630b,2026-07-26T11:53:17.328965+00:00,route_map_diagnostic,source_bound,route_greedy,5000,0.0,0.0,0.0,0.0,0.0,0.0,0.0,0.0,1e-08,True,0.0,1.0,0.0,0.0,15.331176470588236,0.0,0.0,0.0,0,eb2dac3e6b7d2233a24c9c4e58f6299b32ae3daf87a2c935aced5253b2e4c1d4,bb0f2d033015d6c2857e255a3b8f9c05af2ac2a11faa7b5e441e248cec618f02,26188612e1c1a1e86bb48a3ee8e0093ee44c42e9bc0634bc79bd9f8f6275dc42
exp1_alignment_transfer:full:2026-07-26T11:53:17.328965+00:00,paper,True,primary,exp1_alignment_transfer,primary_t5000_k10,15,state_coupled_delay,6e09fa90a1fcdeccc861cf2960bd31c4b60e2df4,21563d9a7d6a3134d56776beef7f02b88fbe31e8f18ac118a957eac374c3df02,b4bf2ad829be75d27f6ac4d3792968e90467c80f1b4949e56d7f1566f488630b,b4bf2ad829be75d27f6ac4d3792968e90467c80f1b4949e56d7f1566f488630b,2026-07-26T11:53:17.328965+00:00,route_map_diagnostic,arrival_assigned,route_greedy,5000,154.92266439943944,0.0,1273.761117696135,0.0309845328798878,0.0,0.254752223539227,0.254752223539227,0.2237676906593391,1e-08,True,0.6796,0.0482,0.045592308534267,0.0033174591994649,14.981372549019609,0.3702,0.2692,11.4126,102,eb2dac3e6b7d2233a24c9c4e58f6299b32ae3daf87a2c935aced5253b2e4c1d4,44e0407948e9e9a0f962815355aa2fb1cbe9e675ca628e4308982e3a2de86d08,c59e3bf709ae101eea5967561e1c78e286fee7921566cc34b81fb4d85ce1a0ed
exp1_alignment_transfer:full:2026-07-26T11:53:17.328965+00:00,paper,True,primary,exp1_alignment_transfer,primary_t5000_k10,15,state_coupled_delay,6e09fa90a1fcdeccc861cf2960bd31c4b60e2df4,21563d9a7d6a3134d56776beef7f02b88fbe31e8f18ac118a957eac374c3df02,b4bf2ad829be75d27f6ac4d3792968e90467c80f1b4949e56d7f1566f488630b,b4bf2ad829be75d27f6ac4d3792968e90467c80f1b4949e56d7f1566f488630b,2026-07-26T11:53:17.328965+00:00,route_map_diagnostic,source_bound,route_greedy,5000,0.0,0.0,0.0,0.0,0.0,0.0,0.0,0.0,1e-08,True,0.0,1.0,0.0,0.0,14.981372549019609,0.0,0.0,0.0,0,eb2dac3e6b7d2233a24c9c4e58f6299b32ae3daf87a2c935aced5253b2e4c1d4,44e0407948e9e9a0f962815355aa2fb1cbe9e675ca628e4308982e3a2de86d08,c59e3bf709ae101eea5967561e1c78e286fee7921566cc34b81fb4d85ce1a0ed
exp1_alignment_transfer:full:2026-07-26T11:53:17.328965+00:00,paper,True,primary,exp1_alignment_transfer,primary_t5000_k10,15,systematic_misbinding,6e09fa90a1fcdeccc861cf2960bd31c4b60e2df4,21563d9a7d6a3134d56776beef7f02b88fbe31e8f18ac118a957eac374c3df02,b4bf2ad829be75d27f6ac4d3792968e90467c80f1b4949e56d7f1566f488630b,b4bf2ad829be75d27f6ac4d3792968e90467c80f1b4949e56d7f1566f488630b,2026-07-26T11:53:17.328965+00:00,route_map_diagnostic,arrival_assigned,route_greedy,5000,772.2222222222222,0.0,2779.9999999999995,0.1544444444444444,0.0,0.5559999999999999,0.5559999999999999,0.4015555555555555,1e-08,True,0.5004,0.4996,0.308641975308642,0.3086419753086419,15.0,0.0,0.0,15.0,15,956f3dea9bc06ae790d51004c24e31509b0081e770c1fc56012727659e6274b9,411822371fa2bfa974e0e710c2432e78fa0b01cf83df68fc2d1050428d1ebf51,aec557de9a4e02c737e36cf0599415fd099fcc5c8cb2f8b5e7fafe565ee14122
exp1_alignment_transfer:full:2026-07-26T11:53:17.328965+00:00,paper,True,primary,exp1_alignment_transfer,primary_t5000_k10,15,systematic_misbinding,6e09fa90a1fcdeccc861cf2960bd31c4b60e2df4,21563d9a7d6a3134d56776beef7f02b88fbe31e8f18ac118a957eac374c3df02,b4bf2ad829be75d27f6ac4d3792968e90467c80f1b4949e56d7f1566f488630b,b4bf2ad829be75d27f6ac4d3792968e90467c80f1b4949e56d7f1566f488630b,2026-07-26T11:53:17.328965+00:00,route_map_diagnostic,source_bound,route_greedy,5000,0.0,0.0,0.0,0.0,0.0,0.0,0.0,0.0,1e-08,True,0.0,1.0,0.0,0.0,15.0,0.0,0.0,0.0,0,956f3dea9bc06ae790d51004c24e31509b0081e770c1fc56012727659e6274b9,411822371fa2bfa974e0e710c2432e78fa0b01cf83df68fc2d1050428d1ebf51,aec557de9a4e02c737e36cf0599415fd099fcc5c8cb2f8b5e7fafe565ee14122
exp1_alignment_transfer:full:2026-07-26T11:53:17.328965+00:00,paper,True,primary,exp1_alignment_transfer,primary_t5000_k10,16,zero_delay,6e09fa90a1fcdeccc861cf2960bd31c4b60e2df4,21563d9a7d6a3134d56776beef7f02b88fbe31e8f18ac118a957eac374c3df02,b4bf2ad829be75d27f6ac4d3792968e90467c80f1b4949e56d7f1566f488630b,b4bf2ad829be75d27f6ac4d3792968e90467c80f1b4949e56d7f1566f488630b,2026-07-26T11:53:17.328965+00:00,route_map_diagnostic,arrival_assigned,route_greedy,5000,0.0,0.0,0.0,0.0,0.0,0.0,0.0,0.0,1e-08,True,0.0,1.0,0.0,0.0,0.0,0.0,0.0,0.0,0,30bcd6b70488f6a9f5f4d302855e6e8303f776139b82a965d99e8aa122dbdc6e,e07a4b6b0565e6e99e9e7036d29534cac35471a1ca66b9cac34b5da900c083b7,75910438dc728a4ff8ec4b6957acb2e96e24b7dc3f7880511b9426f924fa08ed
exp1_alignment_transfer:full:2026-07-26T11:53:17.328965+00:00,paper,True,primary,exp1_alignment_transfer,primary_t5000_k10,16,zero_delay,6e09fa90a1fcdeccc861cf2960bd31c4b60e2df4,21563d9a7d6a3134d56776beef7f02b88fbe31e8f18ac118a957eac374c3df02,b4bf2ad829be75d27f6ac4d3792968e90467c80f1b4949e56d7f1566f488630b,b4bf2ad829be75d27f6ac4d3792968e90467c80f1b4949e56d7f1566f488630b,2026-07-26T11:53:17.328965+00:00,route_map_diagnostic,source_bound,route_greedy,5000,0.0,0.0,0.0,0.0,0.0,0.0,0.0,0.0,1e-08,True,0.0,1.0,0.0,0.0,0.0,0.0,0.0,0.0,0,30bcd6b70488f6a9f5f4d302855e6e8303f776139b82a965d99e8aa122dbdc6e,e07a4b6b0565e6e99e9e7036d29534cac35471a1ca66b9cac34b5da900c083b7,75910438dc728a4ff8ec4b6957acb2e96e24b7dc3f7880511b9426f924fa08ed
exp1_alignment_transfer:full:2026-07-26T11:53:17.328965+00:00,paper,True,primary,exp1_alignment_transfer,primary_t5000_k10,16,exact_valid_shift,6e09fa90a1fcdeccc861cf2960bd31c4b60e2df4,21563d9a7d6a3134d56776beef7f02b88fbe31e8f18ac118a957eac374c3df02,b4bf2ad829be75d27f6ac4d3792968e90467c80f1b4949e56d7f1566f488630b,b4bf2ad829be75d27f6ac4d3792968e90467c80f1b4949e56d7f1566f488630b,2026-07-26T11:53:17.328965+00:00,route_map_diagnostic,arrival_assigned,route_greedy,5000,0.0,0.0,2.771446266924827e-13,0.0,0.0,5.542892533849653e-17,5.542892533849653e-17,5.542892533849653e-17,1e-08,True,0.0,1.0,0.0,0.0,14.684313725490195,0.3684,0.2616,11.4114,99,2602c98ca5bbb01fae061a491d0a68a60929b6b038e3df0553b7afeca9c62d1b,f0fab9435e884255149c8b077be121d2cff39a074c7b12d5894cda820be36b38,eae1dcb2c83d428a6df69341bd44dabda886eea43b961d06bf99c2a17962fa0e
exp1_alignment_transfer:full:2026-07-26T11:53:17.328965+00:00,paper,True,primary,exp1_alignment_transfer,primary_t5000_k10,16,exact_valid_shift,6e09fa90a1fcdeccc861cf2960bd31c4b60e2df4,21563d9a7d6a3134d56776beef7f02b88fbe31e8f18ac118a957eac374c3df02,b4bf2ad829be75d27f6ac4d3792968e90467c80f1b4949e56d7f1566f488630b,b4bf2ad829be75d27f6ac4d3792968e90467c80f1b4949e56d7f1566f488630b,2026-07-26T11:53:17.328965+00:00,route_map_diagnostic,source_bound,route_greedy,5000,0.0,0.0,0.0,0.0,0.0,0.0,0.0,0.0,1e-08,True,0.0,1.0,0.0,0.0,14.684313725490195,0.0,0.0,0.0,0,2602c98ca5bbb01fae061a491d0a68a60929b6b038e3df0553b7afeca9c62d1b,f0fab9435e884255149c8b077be121d2cff39a074c7b12d5894cda820be36b38,eae1dcb2c83d428a6df69341bd44dabda886eea43b961d06bf99c2a17962fa0e
exp1_alignment_transfer:full:2026-07-26T11:53:17.328965+00:00,paper,True,primary,exp1_alignment_transfer,primary_t5000_k10,16,geometric_delay,6e09fa90a1fcdeccc861cf2960bd31c4b60e2df4,21563d9a7d6a3134d56776beef7f02b88fbe31e8f18ac118a957eac374c3df02,b4bf2ad829be75d27f6ac4d3792968e90467c80f1b4949e56d7f1566f488630b,b4bf2ad829be75d27f6ac4d3792968e90467c80f1b4949e56d7f1566f488630b,2026-07-26T11:53:17.328965+00:00,route_map_diagnostic,arrival_assigned,route_greedy,5000,133.56386191258667,0.0,1165.2005591604457,0.0267127723825173,0.0,0.2330401118320891,0.2330401118320891,0.2063273394495718,1e-08,True,0.6358,0.0554,0.0420144265217322,0.002723769246726,14.684313725490195,0.3684,0.2616,11.4114,99,30bcd6b70488f6a9f5f4d302855e6e8303f776139b82a965d99e8aa122dbdc6e,f0fab9435e884255149c8b077be121d2cff39a074c7b12d5894cda820be36b38,b61253002ac28fd0da773fc4de30a0ed803710b6f1a385c22cce18d63caa1fa0
exp1_alignment_transfer:full:2026-07-26T11:53:17.328965+00:00,paper,True,primary,exp1_alignment_transfer,primary_t5000_k10,16,geometric_delay,6e09fa90a1fcdeccc861cf2960bd31c4b60e2df4,21563d9a7d6a3134d56776beef7f02b88fbe31e8f18ac118a957eac374c3df02,b4bf2ad829be75d27f6ac4d3792968e90467c80f1b4949e56d7f1566f488630b,b4bf2ad829be75d27f6ac4d3792968e90467c80f1b4949e56d7f1566f488630b,2026-07-26T11:53:17.328965+00:00,route_map_diagnostic,source_bound,route_greedy,5000,0.0,0.0,0.0,0.0,0.0,0.0,0.0,0.0,1e-08,True,0.0,1.0,0.0,0.0,14.684313725490195,0.0,0.0,0.0,0,30bcd6b70488f6a9f5f4d302855e6e8303f776139b82a965d99e8aa122dbdc6e,f0fab9435e884255149c8b077be121d2cff39a074c7b12d5894cda820be36b38,b61253002ac28fd0da773fc4de30a0ed803710b6f1a385c22cce18d63caa1fa0
exp1_alignment_transfer:full:2026-07-26T11:53:17.328965+00:00,paper,True,primary,exp1_alignment_transfer,primary_t5000_k10,16,mixture_delay,6e09fa90a1fcdeccc861cf2960bd31c4b60e2df4,21563d9a7d6a3134d56776beef7f02b88fbe31e8f18ac118a957eac374c3df02,b4bf2ad829be75d27f6ac4d3792968e90467c80f1b4949e56d7f1566f488630b,b4bf2ad829be75d27f6ac4d3792968e90467c80f1b4949e56d7f1566f488630b,2026-07-26T11:53:17.328965+00:00,route_map_diagnostic,arrival_assigned,route_greedy,5000,112.2805798131775,0.0,1001.1992006840616,0.0224561159626354,0.0,0.2002398401368122,0.2002398401368122,0.1777837241741768,1e-08,True,0.5764,0.1064,0.0389592573952732,0.0022735842384405,14.801960784313726,0.3548,0.2626,10.101,101,30bcd6b70488f6a9f5f4d302855e6e8303f776139b82a965d99e8aa122dbdc6e,204810477e36fe656480db640b9a84e2fed243a56cc592c6b1717df6081c9561,1e68dc4ef3c6bc7068a9c93109687a6353f87e78a87c5a37a8c5bb0c8415b3dc
exp1_alignment_transfer:full:2026-07-26T11:53:17.328965+00:00,paper,True,primary,exp1_alignment_transfer,primary_t5000_k10,16,mixture_delay,6e09fa90a1fcdeccc861cf2960bd31c4b60e2df4,21563d9a7d6a3134d56776beef7f02b88fbe31e8f18ac118a957eac374c3df02,b4bf2ad829be75d27f6ac4d3792968e90467c80f1b4949e56d7f1566f488630b,b4bf2ad829be75d27f6ac4d3792968e90467c80f1b4949e56d7f1566f488630b,2026-07-26T11:53:17.328965+00:00,route_map_diagnostic,source_bound,route_greedy,5000,0.0,0.0,0.0,0.0,0.0,0.0,0.0,0.0,1e-08,True,0.0,1.0,0.0,0.0,14.801960784313726,0.0,0.0,0.0,0,30bcd6b70488f6a9f5f4d302855e6e8303f776139b82a965d99e8aa122dbdc6e,204810477e36fe656480db640b9a84e2fed243a56cc592c6b1717df6081c9561,1e68dc4ef3c6bc7068a9c93109687a6353f87e78a87c5a37a8c5bb0c8415b3dc
exp1_alignment_transfer:full:2026-07-26T11:53:17.328965+00:00,paper,True,primary,exp1_alignment_transfer,primary_t5000_k10,16,state_coupled_delay,6e09fa90a1fcdeccc861cf2960bd31c4b60e2df4,21563d9a7d6a3134d56776beef7f02b88fbe31e8f18ac118a957eac374c3df02,b4bf2ad829be75d27f6ac4d3792968e90467c80f1b4949e56d7f1566f488630b,b4bf2ad829be75d27f6ac4d3792968e90467c80f1b4949e56d7f1566f488630b,2026-07-26T11:53:17.328965+00:00,route_map_diagnostic,arrival_assigned,route_greedy,5000,123.126706021281,0.0,1105.11122737913,0.0246253412042562,0.0,0.221022245475826,0.221022245475826,0.1963969042715698,1e-08,True,0.6214,0.0634,0.039628807860084,0.0025972359177814,14.230196078431373,0.363,0.2578,10.9,100,30bcd6b70488f6a9f5f4d302855e6e8303f776139b82a965d99e8aa122dbdc6e,f5f55aa3d8478331f9212c74872662c0290a431bc5f79cb897ea898308c495d6,75726acc1a886d30108ce0327fe8ba9b9d87734dd2032136fdf4a459d8c6e1ee
exp1_alignment_transfer:full:2026-07-26T11:53:17.328965+00:00,paper,True,primary,exp1_alignment_transfer,primary_t5000_k10,16,state_coupled_delay,6e09fa90a1fcdeccc861cf2960bd31c4b60e2df4,21563d9a7d6a3134d56776beef7f02b88fbe31e8f18ac118a957eac374c3df02,b4bf2ad829be75d27f6ac4d3792968e90467c80f1b4949e56d7f1566f488630b,b4bf2ad829be75d27f6ac4d3792968e90467c80f1b4949e56d7f1566f488630b,2026-07-26T11:53:17.328965+00:00,route_map_diagnostic,source_bound,route_greedy,5000,0.0,0.0,0.0,0.0,0.0,0.0,0.0,0.0,1e-08,True,0.0,1.0,0.0,0.0,14.230196078431373,0.0,0.0,0.0,0,30bcd6b70488f6a9f5f4d302855e6e8303f776139b82a965d99e8aa122dbdc6e,f5f55aa3d8478331f9212c74872662c0290a431bc5f79cb897ea898308c495d6,75726acc1a886d30108ce0327fe8ba9b9d87734dd2032136fdf4a459d8c6e1ee
exp1_alignment_transfer:full:2026-07-26T11:53:17.328965+00:00,paper,True,primary,exp1_alignment_transfer,primary_t5000_k10,16,systematic_misbinding,6e09fa90a1fcdeccc861cf2960bd31c4b60e2df4,21563d9a7d6a3134d56776beef7f02b88fbe31e8f18ac118a957eac374c3df02,b4bf2ad829be75d27f6ac4d3792968e90467c80f1b4949e56d7f1566f488630b,b4bf2ad829be75d27f6ac4d3792968e90467c80f1b4949e56d7f1566f488630b,2026-07-26T11:53:17.328965+00:00,route_map_diagnostic,arrival_assigned,route_greedy,5000,771.9135802469135,0.0,2778.8888888888887,0.1543827160493827,0.0,0.5557777777777777,0.5557777777777777,0.401395061728395,1e-08,True,0.5002,0.4998,0.308641975308642,0.3086419753086419,15.0,0.0,0.0,15.0,15,0c349967bca2089273c2b03ef41bf9c2dfdc9ebad88c2d6076d32914d1b6a766,34c139c05f9b0a2ba0d874d2c19193fe241df40dbab75a57dc361d341b8aa8ec,13e5f83d9945532c8a30a50a13d2668b0ddc8311b7a00afc755c573c835e5780
exp1_alignment_transfer:full:2026-07-26T11:53:17.328965+00:00,paper,True,primary,exp1_alignment_transfer,primary_t5000_k10,16,systematic_misbinding,6e09fa90a1fcdeccc861cf2960bd31c4b60e2df4,21563d9a7d6a3134d56776beef7f02b88fbe31e8f18ac118a957eac374c3df02,b4bf2ad829be75d27f6ac4d3792968e90467c80f1b4949e56d7f1566f488630b,b4bf2ad829be75d27f6ac4d3792968e90467c80f1b4949e56d7f1566f488630b,2026-07-26T11:53:17.328965+00:00,route_map_diagnostic,source_bound,route_greedy,5000,0.0,0.0,0.0,0.0,0.0,0.0,0.0,0.0,1e-08,True,0.0,1.0,0.0,0.0,15.0,0.0,0.0,0.0,0,0c349967bca2089273c2b03ef41bf9c2dfdc9ebad88c2d6076d32914d1b6a766,34c139c05f9b0a2ba0d874d2c19193fe241df40dbab75a57dc361d341b8aa8ec,13e5f83d9945532c8a30a50a13d2668b0ddc8311b7a00afc755c573c835e5780
exp1_alignment_transfer:full:2026-07-26T11:53:17.328965+00:00,paper,True,primary,exp1_alignment_transfer,primary_t5000_k10,17,zero_delay,6e09fa90a1fcdeccc861cf2960bd31c4b60e2df4,21563d9a7d6a3134d56776beef7f02b88fbe31e8f18ac118a957eac374c3df02,b4bf2ad829be75d27f6ac4d3792968e90467c80f1b4949e56d7f1566f488630b,b4bf2ad829be75d27f6ac4d3792968e90467c80f1b4949e56d7f1566f488630b,2026-07-26T11:53:17.328965+00:00,route_map_diagnostic,arrival_assigned,route_greedy,5000,0.0,0.0,0.0,0.0,0.0,0.0,0.0,0.0,1e-08,True,0.0,1.0,0.0,0.0,0.0,0.0,0.0,0.0,0,0ca25680c3d930da200320f79670420f7443bc960e9a22cfe2b4ec3699a737be,33eeb80b16aece04842bff2ff721a7b8ddb8a8d465d37b2467a922f5ff8fcd27,5bfd8f0e3eaebfd8ddd537c8708be073d4db0dbaa0428f3c6d3bf444123d97a4
exp1_alignment_transfer:full:2026-07-26T11:53:17.328965+00:00,paper,True,primary,exp1_alignment_transfer,primary_t5000_k10,17,zero_delay,6e09fa90a1fcdeccc861cf2960bd31c4b60e2df4,21563d9a7d6a3134d56776beef7f02b88fbe31e8f18ac118a957eac374c3df02,b4bf2ad829be75d27f6ac4d3792968e90467c80f1b4949e56d7f1566f488630b,b4bf2ad829be75d27f6ac4d3792968e90467c80f1b4949e56d7f1566f488630b,2026-07-26T11:53:17.328965+00:00,route_map_diagnostic,source_bound,route_greedy,5000,0.0,0.0,0.0,0.0,0.0,0.0,0.0,0.0,1e-08,True,0.0,1.0,0.0,0.0,0.0,0.0,0.0,0.0,0,0ca25680c3d930da200320f79670420f7443bc960e9a22cfe2b4ec3699a737be,33eeb80b16aece04842bff2ff721a7b8ddb8a8d465d37b2467a922f5ff8fcd27,5bfd8f0e3eaebfd8ddd537c8708be073d4db0dbaa0428f3c6d3bf444123d97a4
exp1_alignment_transfer:full:2026-07-26T11:53:17.328965+00:00,paper,True,primary,exp1_alignment_transfer,primary_t5000_k10,17,exact_valid_shift,6e09fa90a1fcdeccc861cf2960bd31c4b60e2df4,21563d9a7d6a3134d56776beef7f02b88fbe31e8f18ac118a957eac374c3df02,b4bf2ad829be75d27f6ac4d3792968e90467c80f1b4949e56d7f1566f488630b,b4bf2ad829be75d27f6ac4d3792968e90467c80f1b4949e56d7f1566f488630b,2026-07-26T11:53:17.328965+00:00,route_map_diagnostic,arrival_assigned,route_greedy,5000,0.0,0.0,2.789574127248784e-13,0.0,0.0,5.579148254497568e-17,5.579148254497568e-17,5.579148254497568e-17,1e-08,True,0.0,1.0,0.0,0.0,15.194901960784314,0.3652,0.2644,11.5002,84,d3d116b853616dd33e34d2909e4b5a689564dcc61c4b4c02cc7b76fa6cb368db,771ede43c4a2d4711480170fbf7531514409a0531e53b3a0f2914b1238534bd7,fccdb68688ee96cddd606768e56698ff8f18df044d794a2d54a276be12ada7af
exp1_alignment_transfer:full:2026-07-26T11:53:17.328965+00:00,paper,True,primary,exp1_alignment_transfer,primary_t5000_k10,17,exact_valid_shift,6e09fa90a1fcdeccc861cf2960bd31c4b60e2df4,21563d9a7d6a3134d56776beef7f02b88fbe31e8f18ac118a957eac374c3df02,b4bf2ad829be75d27f6ac4d3792968e90467c80f1b4949e56d7f1566f488630b,b4bf2ad829be75d27f6ac4d3792968e90467c80f1b4949e56d7f1566f488630b,2026-07-26T11:53:17.328965+00:00,route_map_diagnostic,source_bound,route_greedy,5000,0.0,0.0,0.0,0.0,0.0,0.0,0.0,0.0,1e-08,True,0.0,1.0,0.0,0.0,15.194901960784314,0.0,0.0,0.0,0,d3d116b853616dd33e34d2909e4b5a689564dcc61c4b4c02cc7b76fa6cb368db,771ede43c4a2d4711480170fbf7531514409a0531e53b3a0f2914b1238534bd7,fccdb68688ee96cddd606768e56698ff8f18df044d794a2d54a276be12ada7af
exp1_alignment_transfer:full:2026-07-26T11:53:17.328965+00:00,paper,True,primary,exp1_alignment_transfer,primary_t5000_k10,17,geometric_delay,6e09fa90a1fcdeccc861cf2960bd31c4b60e2df4,21563d9a7d6a3134d56776beef7f02b88fbe31e8f18ac118a957eac374c3df02,b4bf2ad829be75d27f6ac4d3792968e90467c80f1b4949e56d7f1566f488630b,b4bf2ad829be75d27f6ac4d3792968e90467c80f1b4949e56d7f1566f488630b,2026-07-26T11:53:17.328965+00:00,route_map_diagnostic,arrival_assigned,route_greedy,5000,173.00586884388036,0.0,1350.720803326341,0.034601173768776,0.0,0.2701441606652682,0.2701441606652682,0.2355429868964921,1e-08,True,0.68,0.0388,0.0508840790717295,0.0031351523105735,15.194901960784314,0.3652,0.2644,11.5002,84,0ca25680c3d930da200320f79670420f7443bc960e9a22cfe2b4ec3699a737be,771ede43c4a2d4711480170fbf7531514409a0531e53b3a0f2914b1238534bd7,2c45afbe32ce8fa4dbe1ce52a314350507150c5f328e37793643f4cdb490834b
exp1_alignment_transfer:full:2026-07-26T11:53:17.328965+00:00,paper,True,primary,exp1_alignment_transfer,primary_t5000_k10,17,geometric_delay,6e09fa90a1fcdeccc861cf2960bd31c4b60e2df4,21563d9a7d6a3134d56776beef7f02b88fbe31e8f18ac118a957eac374c3df02,b4bf2ad829be75d27f6ac4d3792968e90467c80f1b4949e56d7f1566f488630b,b4bf2ad829be75d27f6ac4d3792968e90467c80f1b4949e56d7f1566f488630b,2026-07-26T11:53:17.328965+00:00,route_map_diagnostic,source_bound,route_greedy,5000,0.0,0.0,0.0,0.0,0.0,0.0,0.0,0.0,1e-08,True,0.0,1.0,0.0,0.0,15.194901960784314,0.0,0.0,0.0,0,0ca25680c3d930da200320f79670420f7443bc960e9a22cfe2b4ec3699a737be,771ede43c4a2d4711480170fbf7531514409a0531e53b3a0f2914b1238534bd7,2c45afbe32ce8fa4dbe1ce52a314350507150c5f328e37793643f4cdb490834b
exp1_alignment_transfer:full:2026-07-26T11:53:17.328965+00:00,paper,True,primary,exp1_alignment_transfer,primary_t5000_k10,17,mixture_delay,6e09fa90a1fcdeccc861cf2960bd31c4b60e2df4,21563d9a7d6a3134d56776beef7f02b88fbe31e8f18ac118a957eac374c3df02,b4bf2ad829be75d27f6ac4d3792968e90467c80f1b4949e56d7f1566f488630b,b4bf2ad829be75d27f6ac4d3792968e90467c80f1b4949e56d7f1566f488630b,2026-07-26T11:53:17.328965+00:00,route_map_diagnostic,arrival_assigned,route_greedy,5000,140.81027746458005,0.0,1130.1782505558929,0.028162055492916,0.0,0.2260356501111785,0.2260356501111785,0.1978735946182625,1e-08,True,0.5998,0.0954,0.0469524099581794,0.0026317760417576,15.019019607843138,0.357,0.2646,10.7424,103,0ca25680c3d930da200320f79670420f7443bc960e9a22cfe2b4ec3699a737be,934df0e0ce033f33c5c9e630533d0535c5eef8bb052ed0611ca17784221dbf08,ef4e23579ae40d4e3a5a8c5257d6f5893c432980f995e7ac786b46507d6ad19d
exp1_alignment_transfer:full:2026-07-26T11:53:17.328965+00:00,paper,True,primary,exp1_alignment_transfer,primary_t5000_k10,17,mixture_delay,6e09fa90a1fcdeccc861cf2960bd31c4b60e2df4,21563d9a7d6a3134d56776beef7f02b88fbe31e8f18ac118a957eac374c3df02,b4bf2ad829be75d27f6ac4d3792968e90467c80f1b4949e56d7f1566f488630b,b4bf2ad829be75d27f6ac4d3792968e90467c80f1b4949e56d7f1566f488630b,2026-07-26T11:53:17.328965+00:00,route_map_diagnostic,source_bound,route_greedy,5000,0.0,0.0,0.0,0.0,0.0,0.0,0.0,0.0,1e-08,True,0.0,1.0,0.0,0.0,15.019019607843138,0.0,0.0,0.0,0,0ca25680c3d930da200320f79670420f7443bc960e9a22cfe2b4ec3699a737be,934df0e0ce033f33c5c9e630533d0535c5eef8bb052ed0611ca17784221dbf08,ef4e23579ae40d4e3a5a8c5257d6f5893c432980f995e7ac786b46507d6ad19d
exp1_alignment_transfer:full:2026-07-26T11:53:17.328965+00:00,paper,True,primary,exp1_alignment_transfer,primary_t5000_k10,17,state_coupled_delay,6e09fa90a1fcdeccc861cf2960bd31c4b60e2df4,21563d9a7d6a3134d56776beef7f02b88fbe31e8f18ac118a957eac374c3df02,b4bf2ad829be75d27f6ac4d3792968e90467c80f1b4949e56d7f1566f488630b,b4bf2ad829be75d27f6ac4d3792968e90467c80f1b4949e56d7f1566f488630b,2026-07-26T11:53:17.328965+00:00,route_map_diagnostic,arrival_assigned,route_greedy,5000,154.9719660834113,0.0,1285.122934160136,0.0309943932166822,0.0,0.2570245868320272,0.2570245868320272,0.226030193615345,1e-08,True,0.6726,0.0438,0.0460814647884065,0.0031595559404198,13.94843137254902,0.3678,0.268,10.431,92,0ca25680c3d930da200320f79670420f7443bc960e9a22cfe2b4ec3699a737be,5503042f76d952a665a9d4130b7a9dce1c69af3bd663eda765d7535934af9b91,1f086a80c8a40becfb17c6a9397c734a811c1a3f00b56e4519837b76bc0623c2
exp1_alignment_transfer:full:2026-07-26T11:53:17.328965+00:00,paper,True,primary,exp1_alignment_transfer,primary_t5000_k10,17,state_coupled_delay,6e09fa90a1fcdeccc861cf2960bd31c4b60e2df4,21563d9a7d6a3134d56776beef7f02b88fbe31e8f18ac118a957eac374c3df02,b4bf2ad829be75d27f6ac4d3792968e90467c80f1b4949e56d7f1566f488630b,b4bf2ad829be75d27f6ac4d3792968e90467c80f1b4949e56d7f1566f488630b,2026-07-26T11:53:17.328965+00:00,route_map_diagnostic,source_bound,route_greedy,5000,0.0,0.0,0.0,0.0,0.0,0.0,0.0,0.0,1e-08,True,0.0,1.0,0.0,0.0,13.94843137254902,0.0,0.0,0.0,0,0ca25680c3d930da200320f79670420f7443bc960e9a22cfe2b4ec3699a737be,5503042f76d952a665a9d4130b7a9dce1c69af3bd663eda765d7535934af9b91,1f086a80c8a40becfb17c6a9397c734a811c1a3f00b56e4519837b76bc0623c2
exp1_alignment_transfer:full:2026-07-26T11:53:17.328965+00:00,paper,True,primary,exp1_alignment_transfer,primary_t5000_k10,17,systematic_misbinding,6e09fa90a1fcdeccc861cf2960bd31c4b60e2df4,21563d9a7d6a3134d56776beef7f02b88fbe31e8f18ac118a957eac374c3df02,b4bf2ad829be75d27f6ac4d3792968e90467c80f1b4949e56d7f1566f488630b,b4bf2ad829be75d27f6ac4d3792968e90467c80f1b4949e56d7f1566f488630b,2026-07-26T11:53:17.328965+00:00,route_map_diagnostic,arrival_assigned,route_greedy,5000,770.0617283950617,0.0,2772.2222222222217,0.1540123456790123,0.0,0.5544444444444443,0.5544444444444443,0.400432098765432,1e-08,True,0.499,0.501,0.308641975308642,0.3086419753086419,15.0,0.0,0.0,15.0,15,3f199757e9b3c9f8f6532dceb990e63d2e10ea979b3b319d08e99af6f133a209,9fc33f0ff77fce102752f5567c78674f4945287cd93030a62c9c050a42ddb154,79ee1a65e4682794d03517d9006e625731c1327688e505ff254d8b3b808891af
exp1_alignment_transfer:full:2026-07-26T11:53:17.328965+00:00,paper,True,primary,exp1_alignment_transfer,primary_t5000_k10,17,systematic_misbinding,6e09fa90a1fcdeccc861cf2960bd31c4b60e2df4,21563d9a7d6a3134d56776beef7f02b88fbe31e8f18ac118a957eac374c3df02,b4bf2ad829be75d27f6ac4d3792968e90467c80f1b4949e56d7f1566f488630b,b4bf2ad829be75d27f6ac4d3792968e90467c80f1b4949e56d7f1566f488630b,2026-07-26T11:53:17.328965+00:00,route_map_diagnostic,source_bound,route_greedy,5000,0.0,0.0,0.0,0.0,0.0,0.0,0.0,0.0,1e-08,True,0.0,1.0,0.0,0.0,15.0,0.0,0.0,0.0,0,3f199757e9b3c9f8f6532dceb990e63d2e10ea979b3b319d08e99af6f133a209,9fc33f0ff77fce102752f5567c78674f4945287cd93030a62c9c050a42ddb154,79ee1a65e4682794d03517d9006e625731c1327688e505ff254d8b3b808891af
exp1_alignment_transfer:full:2026-07-26T11:53:17.328965+00:00,paper,True,primary,exp1_alignment_transfer,primary_t5000_k10,18,zero_delay,6e09fa90a1fcdeccc861cf2960bd31c4b60e2df4,21563d9a7d6a3134d56776beef7f02b88fbe31e8f18ac118a957eac374c3df02,b4bf2ad829be75d27f6ac4d3792968e90467c80f1b4949e56d7f1566f488630b,b4bf2ad829be75d27f6ac4d3792968e90467c80f1b4949e56d7f1566f488630b,2026-07-26T11:53:17.328965+00:00,route_map_diagnostic,arrival_assigned,route_greedy,5000,0.0,0.0,0.0,0.0,0.0,0.0,0.0,0.0,1e-08,True,0.0,1.0,0.0,0.0,0.0,0.0,0.0,0.0,0,67bfea69218a9c63f814a9eded0366581ee940bf053b31c9663e32949f13dd2c,dc02427bf4ebb5548a749b6237b50101a26d954b588a81ae9473485f73b78361,ee91517b00c41fe813386e2d702bc84bc288a91f96783bc9f736f3661a721b98
exp1_alignment_transfer:full:2026-07-26T11:53:17.328965+00:00,paper,True,primary,exp1_alignment_transfer,primary_t5000_k10,18,zero_delay,6e09fa90a1fcdeccc861cf2960bd31c4b60e2df4,21563d9a7d6a3134d56776beef7f02b88fbe31e8f18ac118a957eac374c3df02,b4bf2ad829be75d27f6ac4d3792968e90467c80f1b4949e56d7f1566f488630b,b4bf2ad829be75d27f6ac4d3792968e90467c80f1b4949e56d7f1566f488630b,2026-07-26T11:53:17.328965+00:00,route_map_diagnostic,source_bound,route_greedy,5000,0.0,0.0,0.0,0.0,0.0,0.0,0.0,0.0,1e-08,True,0.0,1.0,0.0,0.0,0.0,0.0,0.0,0.0,0,67bfea69218a9c63f814a9eded0366581ee940bf053b31c9663e32949f13dd2c,dc02427bf4ebb5548a749b6237b50101a26d954b588a81ae9473485f73b78361,ee91517b00c41fe813386e2d702bc84bc288a91f96783bc9f736f3661a721b98
exp1_alignment_transfer:full:2026-07-26T11:53:17.328965+00:00,paper,True,primary,exp1_alignment_transfer,primary_t5000_k10,18,exact_valid_shift,6e09fa90a1fcdeccc861cf2960bd31c4b60e2df4,21563d9a7d6a3134d56776beef7f02b88fbe31e8f18ac118a957eac374c3df02,b4bf2ad829be75d27f6ac4d3792968e90467c80f1b4949e56d7f1566f488630b,b4bf2ad829be75d27f6ac4d3792968e90467c80f1b4949e56d7f1566f488630b,2026-07-26T11:53:17.328965+00:00,route_map_diagnostic,arrival_assigned,route_greedy,5000,0.0,0.0,2.750143862639831e-13,0.0,0.0,5.500287725279663e-17,5.500287725279663e-17,5.500287725279663e-17,1e-08,True,0.0,1.0,0.0,0.0,15.077843137254902,0.362,0.2668,11.7562,104,432c682e4552cec8b001028e985cfb4ebdf92c7bd79e478ba21ebf56b5c7ebda,cf4075ae3adc21fe8c0f6232838f4ff1e493759d8b63652c426af7529ffb2b66,274da108d31e39531ed4d4b70ae6952792db3aaa1c4478d136614bba2667044e
exp1_alignment_transfer:full:2026-07-26T11:53:17.328965+00:00,paper,True,primary,exp1_alignment_transfer,primary_t5000_k10,18,exact_valid_shift,6e09fa90a1fcdeccc861cf2960bd31c4b60e2df4,21563d9a7d6a3134d56776beef7f02b88fbe31e8f18ac118a957eac374c3df02,b4bf2ad829be75d27f6ac4d3792968e90467c80f1b4949e56d7f1566f488630b,b4bf2ad829be75d27f6ac4d3792968e90467c80f1b4949e56d7f1566f488630b,2026-07-26T11:53:17.328965+00:00,route_map_diagnostic,source_bound,route_greedy,5000,0.0,0.0,0.0,0.0,0.0,0.0,0.0,0.0,1e-08,True,0.0,1.0,0.0,0.0,15.077843137254902,0.0,0.0,0.0,0,432c682e4552cec8b001028e985cfb4ebdf92c7bd79e478ba21ebf56b5c7ebda,cf4075ae3adc21fe8c0f6232838f4ff1e493759d8b63652c426af7529ffb2b66,274da108d31e39531ed4d4b70ae6952792db3aaa1c4478d136614bba2667044e
exp1_alignment_transfer:full:2026-07-26T11:53:17.328965+00:00,paper,True,primary,exp1_alignment_transfer,primary_t5000_k10,18,geometric_delay,6e09fa90a1fcdeccc861cf2960bd31c4b60e2df4,21563d9a7d6a3134d56776beef7f02b88fbe31e8f18ac118a957eac374c3df02,b4bf2ad829be75d27f6ac4d3792968e90467c80f1b4949e56d7f1566f488630b,b4bf2ad829be75d27f6ac4d3792968e90467c80f1b4949e56d7f1566f488630b,2026-07-26T11:53:17.328965+00:00,route_map_diagnostic,arrival_assigned,route_greedy,5000,159.31420564754387,0.0,1317.8176659024984,0.0318628411295087,0.0,0.2635635331804997,0.2635635331804997,0.2317006920509909,1e-08,True,0.6824,0.043,0.0466923228744266,0.003404238726217,15.077843137254902,0.362,0.2668,11.7562,104,67bfea69218a9c63f814a9eded0366581ee940bf053b31c9663e32949f13dd2c,cf4075ae3adc21fe8c0f6232838f4ff1e493759d8b63652c426af7529ffb2b66,1defeb5d77740dded4f0199325175f28956b3abc540661e48d4808286fe3fc18
exp1_alignment_transfer:full:2026-07-26T11:53:17.328965+00:00,paper,True,primary,exp1_alignment_transfer,primary_t5000_k10,18,geometric_delay,6e09fa90a1fcdeccc861cf2960bd31c4b60e2df4,21563d9a7d6a3134d56776beef7f02b88fbe31e8f18ac118a957eac374c3df02,b4bf2ad829be75d27f6ac4d3792968e90467c80f1b4949e56d7f1566f488630b,b4bf2ad829be75d27f6ac4d3792968e90467c80f1b4949e56d7f1566f488630b,2026-07-26T11:53:17.328965+00:00,route_map_diagnostic,source_bound,route_greedy,5000,0.0,0.0,0.0,0.0,0.0,0.0,0.0,0.0,1e-08,True,0.0,1.0,0.0,0.0,15.077843137254902,0.0,0.0,0.0,0,67bfea69218a9c63f814a9eded0366581ee940bf053b31c9663e32949f13dd2c,cf4075ae3adc21fe8c0f6232838f4ff1e493759d8b63652c426af7529ffb2b66,1defeb5d77740dded4f0199325175f28956b3abc540661e48d4808286fe3fc18
exp1_alignment_transfer:full:2026-07-26T11:53:17.328965+00:00,paper,True,primary,exp1_alignment_transfer,primary_t5000_k10,18,mixture_delay,6e09fa90a1fcdeccc861cf2960bd31c4b60e2df4,21563d9a7d6a3134d56776beef7f02b88fbe31e8f18ac118a957eac374c3df02,b4bf2ad829be75d27f6ac4d3792968e90467c80f1b4949e56d7f1566f488630b,b4bf2ad829be75d27f6ac4d3792968e90467c80f1b4949e56d7f1566f488630b,2026-07-26T11:53:17.328965+00:00,route_map_diagnostic,arrival_assigned,route_greedy,5000,130.88521026074915,0.0,1114.2166714160787,0.0261770420521498,0.0,0.2228433342832157,0.2228433342832157,0.1966662922310659,1e-08,True,0.6068,0.1014,0.0431394892092119,0.0030332728383495,14.881176470588237,0.3532,0.2682,9.5046,98,67bfea69218a9c63f814a9eded0366581ee940bf053b31c9663e32949f13dd2c,5392b74e5d552194ea55de74522c27c4f6697461aa9c4d38adcd7f80cc1ce426,e9b7a6a0407d7af0f13082c48f4ef9048bb7f80521fbd7483179e0336638443d
exp1_alignment_transfer:full:2026-07-26T11:53:17.328965+00:00,paper,True,primary,exp1_alignment_transfer,primary_t5000_k10,18,mixture_delay,6e09fa90a1fcdeccc861cf2960bd31c4b60e2df4,21563d9a7d6a3134d56776beef7f02b88fbe31e8f18ac118a957eac374c3df02,b4bf2ad829be75d27f6ac4d3792968e90467c80f1b4949e56d7f1566f488630b,b4bf2ad829be75d27f6ac4d3792968e90467c80f1b4949e56d7f1566f488630b,2026-07-26T11:53:17.328965+00:00,route_map_diagnostic,source_bound,route_greedy,5000,0.0,0.0,0.0,0.0,0.0,0.0,0.0,0.0,1e-08,True,0.0,1.0,0.0,0.0,14.881176470588237,0.0,0.0,0.0,0,67bfea69218a9c63f814a9eded0366581ee940bf053b31c9663e32949f13dd2c,5392b74e5d552194ea55de74522c27c4f6697461aa9c4d38adcd7f80cc1ce426,e9b7a6a0407d7af0f13082c48f4ef9048bb7f80521fbd7483179e0336638443d
exp1_alignment_transfer:full:2026-07-26T11:53:17.328965+00:00,paper,True,primary,exp1_alignment_transfer,primary_t5000_k10,18,state_coupled_delay,6e09fa90a1fcdeccc861cf2960bd31c4b60e2df4,21563d9a7d6a3134d56776beef7f02b88fbe31e8f18ac118a957eac374c3df02,b4bf2ad829be75d27f6ac4d3792968e90467c80f1b4949e56d7f1566f488630b,b4bf2ad829be75d27f6ac4d3792968e90467c80f1b4949e56d7f1566f488630b,2026-07-26T11:53:17.328965+00:00,route_map_diagnostic,arrival_assigned,route_greedy,5000,154.55343703652375,0.0,1280.3498424702912,0.0309106874073047,0.0,0.2560699684940582,0.2560699684940582,0.2251592810867534,1e-08,True,0.6732,0.0532,0.0459160537838751,0.0032881281357245,14.354901960784314,0.3632,0.2648,11.1514,88,67bfea69218a9c63f814a9eded0366581ee940bf053b31c9663e32949f13dd2c,2d6e49c224b27c8fbd7e92ac46003d062254dc001adf2cd814deba07e4120ec2,90e7d35c7592170e8f7bb7dc1a7887d7e0c803242267ccee8ad62e8f482f9cc8
exp1_alignment_transfer:full:2026-07-26T11:53:17.328965+00:00,paper,True,primary,exp1_alignment_transfer,primary_t5000_k10,18,state_coupled_delay,6e09fa90a1fcdeccc861cf2960bd31c4b60e2df4,21563d9a7d6a3134d56776beef7f02b88fbe31e8f18ac118a957eac374c3df02,b4bf2ad829be75d27f6ac4d3792968e90467c80f1b4949e56d7f1566f488630b,b4bf2ad829be75d27f6ac4d3792968e90467c80f1b4949e56d7f1566f488630b,2026-07-26T11:53:17.328965+00:00,route_map_diagnostic,source_bound,route_greedy,5000,0.0,0.0,0.0,0.0,0.0,0.0,0.0,0.0,1e-08,True,0.0,1.0,0.0,0.0,14.354901960784314,0.0,0.0,0.0,0,67bfea69218a9c63f814a9eded0366581ee940bf053b31c9663e32949f13dd2c,2d6e49c224b27c8fbd7e92ac46003d062254dc001adf2cd814deba07e4120ec2,90e7d35c7592170e8f7bb7dc1a7887d7e0c803242267ccee8ad62e8f482f9cc8
exp1_alignment_transfer:full:2026-07-26T11:53:17.328965+00:00,paper,True,primary,exp1_alignment_transfer,primary_t5000_k10,18,systematic_misbinding,6e09fa90a1fcdeccc861cf2960bd31c4b60e2df4,21563d9a7d6a3134d56776beef7f02b88fbe31e8f18ac118a957eac374c3df02,b4bf2ad829be75d27f6ac4d3792968e90467c80f1b4949e56d7f1566f488630b,b4bf2ad829be75d27f6ac4d3792968e90467c80f1b4949e56d7f1566f488630b,2026-07-26T11:53:17.328965+00:00,route_map_diagnostic,arrival_assigned,route_greedy,5000,771.2962962962961,0.0,2776.666666666666,0.1542592592592592,0.0,0.5553333333333332,0.5553333333333332,0.4010740740740739,1e-08,True,0.4998,0.5002,0.3086419753086419,0.3086419753086419,15.0,0.0,0.0,15.0,15,fa10469c6b633c304d1ba62425de3ea1024c07785db9d0995104ca81e01fff5f,9e4b81f8cf2fde8c352e00c8914fd83fe49d3c8f29df77aa51370d953b140721,de7c8a04670294248671b6fcd3099ee1b436fde8c4e4ee6f1c9d0c594fa50a0d
exp1_alignment_transfer:full:2026-07-26T11:53:17.328965+00:00,paper,True,primary,exp1_alignment_transfer,primary_t5000_k10,18,systematic_misbinding,6e09fa90a1fcdeccc861cf2960bd31c4b60e2df4,21563d9a7d6a3134d56776beef7f02b88fbe31e8f18ac118a957eac374c3df02,b4bf2ad829be75d27f6ac4d3792968e90467c80f1b4949e56d7f1566f488630b,b4bf2ad829be75d27f6ac4d3792968e90467c80f1b4949e56d7f1566f488630b,2026-07-26T11:53:17.328965+00:00,route_map_diagnostic,source_bound,route_greedy,5000,0.0,0.0,0.0,0.0,0.0,0.0,0.0,0.0,1e-08,True,0.0,1.0,0.0,0.0,15.0,0.0,0.0,0.0,0,fa10469c6b633c304d1ba62425de3ea1024c07785db9d0995104ca81e01fff5f,9e4b81f8cf2fde8c352e00c8914fd83fe49d3c8f29df77aa51370d953b140721,de7c8a04670294248671b6fcd3099ee1b436fde8c4e4ee6f1c9d0c594fa50a0d
exp1_alignment_transfer:full:2026-07-26T11:53:17.328965+00:00,paper,True,primary,exp1_alignment_transfer,primary_t5000_k10,19,zero_delay,6e09fa90a1fcdeccc861cf2960bd31c4b60e2df4,21563d9a7d6a3134d56776beef7f02b88fbe31e8f18ac118a957eac374c3df02,b4bf2ad829be75d27f6ac4d3792968e90467c80f1b4949e56d7f1566f488630b,b4bf2ad829be75d27f6ac4d3792968e90467c80f1b4949e56d7f1566f488630b,2026-07-26T11:53:17.328965+00:00,route_map_diagnostic,arrival_assigned,route_greedy,5000,0.0,0.0,0.0,0.0,0.0,0.0,0.0,0.0,1e-08,True,0.0,1.0,0.0,0.0,0.0,0.0,0.0,0.0,0,e57be6bd0c06ea894d638322f9fc7101a5da7437490d4def64b956f32b8b28ac,87531a6b6838f01ab751fb8412eb080435482587625a9c3208dc79efe9750f07,aef2f3cd8fca729fd5f67152730c636316ae01174f9dd24843b5dbed14c38f08
exp1_alignment_transfer:full:2026-07-26T11:53:17.328965+00:00,paper,True,primary,exp1_alignment_transfer,primary_t5000_k10,19,zero_delay,6e09fa90a1fcdeccc861cf2960bd31c4b60e2df4,21563d9a7d6a3134d56776beef7f02b88fbe31e8f18ac118a957eac374c3df02,b4bf2ad829be75d27f6ac4d3792968e90467c80f1b4949e56d7f1566f488630b,b4bf2ad829be75d27f6ac4d3792968e90467c80f1b4949e56d7f1566f488630b,2026-07-26T11:53:17.328965+00:00,route_map_diagnostic,source_bound,route_greedy,5000,0.0,0.0,0.0,0.0,0.0,0.0,0.0,0.0,1e-08,True,0.0,1.0,0.0,0.0,0.0,0.0,0.0,0.0,0,e57be6bd0c06ea894d638322f9fc7101a5da7437490d4def64b956f32b8b28ac,87531a6b6838f01ab751fb8412eb080435482587625a9c3208dc79efe9750f07,aef2f3cd8fca729fd5f67152730c636316ae01174f9dd24843b5dbed14c38f08
exp1_alignment_transfer:full:2026-07-26T11:53:17.328965+00:00,paper,True,primary,exp1_alignment_transfer,primary_t5000_k10,19,exact_valid_shift,6e09fa90a1fcdeccc861cf2960bd31c4b60e2df4,21563d9a7d6a3134d56776beef7f02b88fbe31e8f18ac118a957eac374c3df02,b4bf2ad829be75d27f6ac4d3792968e90467c80f1b4949e56d7f1566f488630b,b4bf2ad829be75d27f6ac4d3792968e90467c80f1b4949e56d7f1566f488630b,2026-07-26T11:53:17.328965+00:00,route_map_diagnostic,arrival_assigned,route_greedy,5000,0.0,0.0,2.7170366651008143e-13,0.0,0.0,5.4340733302016267e-17,5.4340733302016267e-17,5.4340733302016267e-17,1e-08,True,0.0,1.0,0.0,0.0,14.875490196078433,0.3594,0.2644,11.2274,94,6f0186ccafbc6be41d3790a29d8eb15d411cc25a8a39b8fe58a9bc1ce3a709cc,cfe9a7e03a043f1b0f81cc397cb566212d5f4e594b047f0dd739e1dc6cfda118,9be2b473ae1d48a896766434c8b0601a4e16528f7de5523d48d52415d1456d75
exp1_alignment_transfer:full:2026-07-26T11:53:17.328965+00:00,paper,True,primary,exp1_alignment_transfer,primary_t5000_k10,19,exact_valid_shift,6e09fa90a1fcdeccc861cf2960bd31c4b60e2df4,21563d9a7d6a3134d56776beef7f02b88fbe31e8f18ac118a957eac374c3df02,b4bf2ad829be75d27f6ac4d3792968e90467c80f1b4949e56d7f1566f488630b,b4bf2ad829be75d27f6ac4d3792968e90467c80f1b4949e56d7f1566f488630b,2026-07-26T11:53:17.328965+00:00,route_map_diagnostic,source_bound,route_greedy,5000,0.0,0.0,0.0,0.0,0.0,0.0,0.0,0.0,1e-08,True,0.0,1.0,0.0,0.0,14.875490196078433,0.0,0.0,0.0,0,6f0186ccafbc6be41d3790a29d8eb15d411cc25a8a39b8fe58a9bc1ce3a709cc,cfe9a7e03a043f1b0f81cc397cb566212d5f4e594b047f0dd739e1dc6cfda118,9be2b473ae1d48a896766434c8b0601a4e16528f7de5523d48d52415d1456d75
exp1_alignment_transfer:full:2026-07-26T11:53:17.328965+00:00,paper,True,primary,exp1_alignment_transfer,primary_t5000_k10,19,geometric_delay,6e09fa90a1fcdeccc861cf2960bd31c4b60e2df4,21563d9a7d6a3134d56776beef7f02b88fbe31e8f18ac118a957eac374c3df02,b4bf2ad829be75d27f6ac4d3792968e90467c80f1b4949e56d7f1566f488630b,b4bf2ad829be75d27f6ac4d3792968e90467c80f1b4949e56d7f1566f488630b,2026-07-26T11:53:17.328965+00:00,route_map_diagnostic,arrival_assigned,route_greedy,5000,162.203686377936,0.0,1295.3811263171397,0.0324407372755872,0.0,0.2590762252634279,0.2590762252634279,0.2266354879878407,1e-08,True,0.6696,0.05,0.0484479349993835,0.0033767464152166,14.875490196078433,0.3594,0.2644,11.2274,94,e57be6bd0c06ea894d638322f9fc7101a5da7437490d4def64b956f32b8b28ac,cfe9a7e03a043f1b0f81cc397cb566212d5f4e594b047f0dd739e1dc6cfda118,0a15a92c26229f92f4e2fe875061bb7339d509157dc9313c8b7bdd231b7842e3
exp1_alignment_transfer:full:2026-07-26T11:53:17.328965+00:00,paper,True,primary,exp1_alignment_transfer,primary_t5000_k10,19,geometric_delay,6e09fa90a1fcdeccc861cf2960bd31c4b60e2df4,21563d9a7d6a3134d56776beef7f02b88fbe31e8f18ac118a957eac374c3df02,b4bf2ad829be75d27f6ac4d3792968e90467c80f1b4949e56d7f1566f488630b,b4bf2ad829be75d27f6ac4d3792968e90467c80f1b4949e56d7f1566f488630b,2026-07-26T11:53:17.328965+00:00,route_map_diagnostic,source_bound,route_greedy,5000,0.0,0.0,0.0,0.0,0.0,0.0,0.0,0.0,1e-08,True,0.0,1.0,0.0,0.0,14.875490196078433,0.0,0.0,0.0,0,e57be6bd0c06ea894d638322f9fc7101a5da7437490d4def64b956f32b8b28ac,cfe9a7e03a043f1b0f81cc397cb566212d5f4e594b047f0dd739e1dc6cfda118,0a15a92c26229f92f4e2fe875061bb7339d509157dc9313c8b7bdd231b7842e3
exp1_alignment_transfer:full:2026-07-26T11:53:17.328965+00:00,paper,True,primary,exp1_alignment_transfer,primary_t5000_k10,19,mixture_delay,6e09fa90a1fcdeccc861cf2960bd31c4b60e2df4,21563d9a7d6a3134d56776beef7f02b88fbe31e8f18ac118a957eac374c3df02,b4bf2ad829be75d27f6ac4d3792968e90467c80f1b4949e56d7f1566f488630b,b4bf2ad829be75d27f6ac4d3792968e90467c80f1b4949e56d7f1566f488630b,2026-07-26T11:53:17.328965+00:00,route_map_diagnostic,arrival_assigned,route_greedy,5000,147.2020697773008,0.0,1130.295868602648,0.0294404139554601,0.0,0.2260591737205295,0.2260591737205295,0.1966187597650694,1e-08,True,0.5822,0.1004,0.0505675265466509,0.0025196465405459,15.396274509803922,0.3564,0.2606,10.901,100,e57be6bd0c06ea894d638322f9fc7101a5da7437490d4def64b956f32b8b28ac,15143f8a26124edc88e2d567766bbab0cfaaca3bad87efaf5f37710217f0b770,1ff702ca3a83aebeef28945c306bc57588c560d902a2558b857f5bd0964ff6cb
exp1_alignment_transfer:full:2026-07-26T11:53:17.328965+00:00,paper,True,primary,exp1_alignment_transfer,primary_t5000_k10,19,mixture_delay,6e09fa90a1fcdeccc861cf2960bd31c4b60e2df4,21563d9a7d6a3134d56776beef7f02b88fbe31e8f18ac118a957eac374c3df02,b4bf2ad829be75d27f6ac4d3792968e90467c80f1b4949e56d7f1566f488630b,b4bf2ad829be75d27f6ac4d3792968e90467c80f1b4949e56d7f1566f488630b,2026-07-26T11:53:17.328965+00:00,route_map_diagnostic,source_bound,route_greedy,5000,0.0,0.0,0.0,0.0,0.0,0.0,0.0,0.0,1e-08,True,0.0,1.0,0.0,0.0,15.396274509803922,0.0,0.0,0.0,0,e57be6bd0c06ea894d638322f9fc7101a5da7437490d4def64b956f32b8b28ac,15143f8a26124edc88e2d567766bbab0cfaaca3bad87efaf5f37710217f0b770,1ff702ca3a83aebeef28945c306bc57588c560d902a2558b857f5bd0964ff6cb
exp1_alignment_transfer:full:2026-07-26T11:53:17.328965+00:00,paper,True,primary,exp1_alignment_transfer,primary_t5000_k10,19,state_coupled_delay,6e09fa90a1fcdeccc861cf2960bd31c4b60e2df4,21563d9a7d6a3134d56776beef7f02b88fbe31e8f18ac118a957eac374c3df02,b4bf2ad829be75d27f6ac4d3792968e90467c80f1b4949e56d7f1566f488630b,b4bf2ad829be75d27f6ac4d3792968e90467c80f1b4949e56d7f1566f488630b,2026-07-26T11:53:17.328965+00:00,route_map_diagnostic,arrival_assigned,route_greedy,5000,144.7878005304917,0.0,1193.783729633978,0.0289575601060983,0.0,0.2387567459267956,0.2387567459267956,0.2097991858206972,1e-08,True,0.6356,0.0566,0.0455594085999029,0.0029575524376379,13.42372549019608,0.3554,0.2588,10.042,100,e57be6bd0c06ea894d638322f9fc7101a5da7437490d4def64b956f32b8b28ac,2feaac4c00c988aed2f1f6dbaf2ab7e56b3c527829d1bf993ae63a7f18a9e1fb,793876dba1c2d9c70f64622f9d30583ad733f78678e79eda71ba4a9e3ab42e44
exp1_alignment_transfer:full:2026-07-26T11:53:17.328965+00:00,paper,True,primary,exp1_alignment_transfer,primary_t5000_k10,19,state_coupled_delay,6e09fa90a1fcdeccc861cf2960bd31c4b60e2df4,21563d9a7d6a3134d56776beef7f02b88fbe31e8f18ac118a957eac374c3df02,b4bf2ad829be75d27f6ac4d3792968e90467c80f1b4949e56d7f1566f488630b,b4bf2ad829be75d27f6ac4d3792968e90467c80f1b4949e56d7f1566f488630b,2026-07-26T11:53:17.328965+00:00,route_map_diagnostic,source_bound,route_greedy,5000,0.0,0.0,0.0,0.0,0.0,0.0,0.0,0.0,1e-08,True,0.0,1.0,0.0,0.0,13.42372549019608,0.0,0.0,0.0,0,e57be6bd0c06ea894d638322f9fc7101a5da7437490d4def64b956f32b8b28ac,2feaac4c00c988aed2f1f6dbaf2ab7e56b3c527829d1bf993ae63a7f18a9e1fb,793876dba1c2d9c70f64622f9d30583ad733f78678e79eda71ba4a9e3ab42e44
exp1_alignment_transfer:full:2026-07-26T11:53:17.328965+00:00,paper,True,primary,exp1_alignment_transfer,primary_t5000_k10,19,systematic_misbinding,6e09fa90a1fcdeccc861cf2960bd31c4b60e2df4,21563d9a7d6a3134d56776beef7f02b88fbe31e8f18ac118a957eac374c3df02,b4bf2ad829be75d27f6ac4d3792968e90467c80f1b4949e56d7f1566f488630b,b4bf2ad829be75d27f6ac4d3792968e90467c80f1b4949e56d7f1566f488630b,2026-07-26T11:53:17.328965+00:00,route_map_diagnostic,arrival_assigned,route_greedy,5000,771.6049382716049,0.0,2777.7777777777774,0.1543209876543209,0.0,0.5555555555555555,0.5555555555555555,0.4012345679012345,1e-08,True,0.5,0.5,0.308641975308642,0.3086419753086419,15.0,0.0,0.0,15.0,15,3525884854f8d8b544c5a59272cd2238451d30a19dc89d2077ec74a5a1841d0e,525a6d6f36f260dcebb7cec0077b9dfdfbba6c44496e5107292d9db96d021c5a,835684d8c935ca5ff7b50be622def3aa87070a00f657d08ef7eaa875d3a78508
exp1_alignment_transfer:full:2026-07-26T11:53:17.328965+00:00,paper,True,primary,exp1_alignment_transfer,primary_t5000_k10,19,systematic_misbinding,6e09fa90a1fcdeccc861cf2960bd31c4b60e2df4,21563d9a7d6a3134d56776beef7f02b88fbe31e8f18ac118a957eac374c3df02,b4bf2ad829be75d27f6ac4d3792968e90467c80f1b4949e56d7f1566f488630b,b4bf2ad829be75d27f6ac4d3792968e90467c80f1b4949e56d7f1566f488630b,2026-07-26T11:53:17.328965+00:00,route_map_diagnostic,source_bound,route_greedy,5000,0.0,0.0,0.0,0.0,0.0,0.0,0.0,0.0,1e-08,True,0.0,1.0,0.0,0.0,15.0,0.0,0.0,0.0,0,3525884854f8d8b544c5a59272cd2238451d30a19dc89d2077ec74a5a1841d0e,525a6d6f36f260dcebb7cec0077b9dfdfbba6c44496e5107292d9db96d021c5a,835684d8c935ca5ff7b50be622def3aa87070a00f657d08ef7eaa875d3a78508
exp1_alignment_transfer:full:2026-07-26T11:53:17.328965+00:00,paper,True,primary,exp1_alignment_transfer,primary_t5000_k10,20,zero_delay,6e09fa90a1fcdeccc861cf2960bd31c4b60e2df4,21563d9a7d6a3134d56776beef7f02b88fbe31e8f18ac118a957eac374c3df02,b4bf2ad829be75d27f6ac4d3792968e90467c80f1b4949e56d7f1566f488630b,b4bf2ad829be75d27f6ac4d3792968e90467c80f1b4949e56d7f1566f488630b,2026-07-26T11:53:17.328965+00:00,route_map_diagnostic,arrival_assigned,route_greedy,5000,0.0,0.0,0.0,0.0,0.0,0.0,0.0,0.0,1e-08,True,0.0,1.0,0.0,0.0,0.0,0.0,0.0,0.0,0,1b55d7740c7f78c666e319546d60ba4b6f3a058ab28d202dbf39149cda8ea481,fcbd18ba590cd6791f85fbb79f41a31cb96c3e3d5542c756851973e4b8eeaf7c,43f2789e750dd70aff2a1fcd3db01cc4e2282394039bf82b0d506734916c5382
exp1_alignment_transfer:full:2026-07-26T11:53:17.328965+00:00,paper,True,primary,exp1_alignment_transfer,primary_t5000_k10,20,zero_delay,6e09fa90a1fcdeccc861cf2960bd31c4b60e2df4,21563d9a7d6a3134d56776beef7f02b88fbe31e8f18ac118a957eac374c3df02,b4bf2ad829be75d27f6ac4d3792968e90467c80f1b4949e56d7f1566f488630b,b4bf2ad829be75d27f6ac4d3792968e90467c80f1b4949e56d7f1566f488630b,2026-07-26T11:53:17.328965+00:00,route_map_diagnostic,source_bound,route_greedy,5000,0.0,0.0,0.0,0.0,0.0,0.0,0.0,0.0,1e-08,True,0.0,1.0,0.0,0.0,0.0,0.0,0.0,0.0,0,1b55d7740c7f78c666e319546d60ba4b6f3a058ab28d202dbf39149cda8ea481,fcbd18ba590cd6791f85fbb79f41a31cb96c3e3d5542c756851973e4b8eeaf7c,43f2789e750dd70aff2a1fcd3db01cc4e2282394039bf82b0d506734916c5382
exp1_alignment_transfer:full:2026-07-26T11:53:17.328965+00:00,paper,True,primary,exp1_alignment_transfer,primary_t5000_k10,20,exact_valid_shift,6e09fa90a1fcdeccc861cf2960bd31c4b60e2df4,21563d9a7d6a3134d56776beef7f02b88fbe31e8f18ac118a957eac374c3df02,b4bf2ad829be75d27f6ac4d3792968e90467c80f1b4949e56d7f1566f488630b,b4bf2ad829be75d27f6ac4d3792968e90467c80f1b4949e56d7f1566f488630b,2026-07-26T11:53:17.328965+00:00,route_map_diagnostic,arrival_assigned,route_greedy,5000,0.0,0.0,2.834130499729248e-13,0.0,0.0,5.668260999458495e-17,5.668260999458495e-17,5.668260999458495e-17,1e-08,True,0.0,1.0,0.0,0.0,15.136274509803922,0.3606,0.2652,11.5216,97,a38ef0e63b69ae2ec4c699f22d29ec7fd2b9838eb956aa7f09d750fcc5f7206e,5e666b745d30a41690e21adce1afc2aa5a01c1dbc357cdfaa505c235931e1770,ee4f7c797f81d88588a8609ebd2542742157a43594c7ea41eff94741b9f95809
exp1_alignment_transfer:full:2026-07-26T11:53:17.328965+00:00,paper,True,primary,exp1_alignment_transfer,primary_t5000_k10,20,exact_valid_shift,6e09fa90a1fcdeccc861cf2960bd31c4b60e2df4,21563d9a7d6a3134d56776beef7f02b88fbe31e8f18ac118a957eac374c3df02,b4bf2ad829be75d27f6ac4d3792968e90467c80f1b4949e56d7f1566f488630b,b4bf2ad829be75d27f6ac4d3792968e90467c80f1b4949e56d7f1566f488630b,2026-07-26T11:53:17.328965+00:00,route_map_diagnostic,source_bound,route_greedy,5000,0.0,0.0,0.0,0.0,0.0,0.0,0.0,0.0,1e-08,True,0.0,1.0,0.0,0.0,15.136274509803922,0.0,0.0,0.0,0,a38ef0e63b69ae2ec4c699f22d29ec7fd2b9838eb956aa7f09d750fcc5f7206e,5e666b745d30a41690e21adce1afc2aa5a01c1dbc357cdfaa505c235931e1770,ee4f7c797f81d88588a8609ebd2542742157a43594c7ea41eff94741b9f95809
exp1_alignment_transfer:full:2026-07-26T11:53:17.328965+00:00,paper,True,primary,exp1_alignment_transfer,primary_t5000_k10,20,geometric_delay,6e09fa90a1fcdeccc861cf2960bd31c4b60e2df4,21563d9a7d6a3134d56776beef7f02b88fbe31e8f18ac118a957eac374c3df02,b4bf2ad829be75d27f6ac4d3792968e90467c80f1b4949e56d7f1566f488630b,b4bf2ad829be75d27f6ac4d3792968e90467c80f1b4949e56d7f1566f488630b,2026-07-26T11:53:17.328965+00:00,route_map_diagnostic,arrival_assigned,route_greedy,5000,163.62702617502714,0.0,1296.54461502274,0.0327254052350054,0.0,0.259308923004548,0.259308923004548,0.2265835177695425,1e-08,True,0.676,0.0434,0.0484103627736766,0.002996283458921,15.136274509803922,0.3606,0.2652,11.5216,97,1b55d7740c7f78c666e319546d60ba4b6f3a058ab28d202dbf39149cda8ea481,5e666b745d30a41690e21adce1afc2aa5a01c1dbc357cdfaa505c235931e1770,da6a844e7aac942cfb2ada85c2356216845391e497dba5d86ab865bce38e5c8a
exp1_alignment_transfer:full:2026-07-26T11:53:17.328965+00:00,paper,True,primary,exp1_alignment_transfer,primary_t5000_k10,20,geometric_delay,6e09fa90a1fcdeccc861cf2960bd31c4b60e2df4,21563d9a7d6a3134d56776beef7f02b88fbe31e8f18ac118a957eac374c3df02,b4bf2ad829be75d27f6ac4d3792968e90467c80f1b4949e56d7f1566f488630b,b4bf2ad829be75d27f6ac4d3792968e90467c80f1b4949e56d7f1566f488630b,2026-07-26T11:53:17.328965+00:00,route_map_diagnostic,source_bound,route_greedy,5000,0.0,0.0,0.0,0.0,0.0,0.0,0.0,0.0,1e-08,True,0.0,1.0,0.0,0.0,15.136274509803922,0.0,0.0,0.0,0,1b55d7740c7f78c666e319546d60ba4b6f3a058ab28d202dbf39149cda8ea481,5e666b745d30a41690e21adce1afc2aa5a01c1dbc357cdfaa505c235931e1770,da6a844e7aac942cfb2ada85c2356216845391e497dba5d86ab865bce38e5c8a
exp1_alignment_transfer:full:2026-07-26T11:53:17.328965+00:00,paper,True,primary,exp1_alignment_transfer,primary_t5000_k10,20,mixture_delay,6e09fa90a1fcdeccc861cf2960bd31c4b60e2df4,21563d9a7d6a3134d56776beef7f02b88fbe31e8f18ac118a957eac374c3df02,b4bf2ad829be75d27f6ac4d3792968e90467c80f1b4949e56d7f1566f488630b,b4bf2ad829be75d27f6ac4d3792968e90467c80f1b4949e56d7f1566f488630b,2026-07-26T11:53:17.328965+00:00,route_map_diagnostic,arrival_assigned,route_greedy,5000,130.4919015619376,0.0,1077.1354591286265,0.0260983803123875,0.0,0.2154270918257252,0.2154270918257252,0.1893287115133377,1e-08,True,0.5812,0.0978,0.0449043019827727,0.0025685439375513,15.24156862745098,0.3576,0.2634,10.171,99,1b55d7740c7f78c666e319546d60ba4b6f3a058ab28d202dbf39149cda8ea481,1a20a34be4ea669f96ef4f12642807fe90799b86bde60a681392441dffb8113b,59dadb9383f9a453a72cd9cc696a04a331c651e8ec71696233a1423360c0545c
exp1_alignment_transfer:full:2026-07-26T11:53:17.328965+00:00,paper,True,primary,exp1_alignment_transfer,primary_t5000_k10,20,mixture_delay,6e09fa90a1fcdeccc861cf2960bd31c4b60e2df4,21563d9a7d6a3134d56776beef7f02b88fbe31e8f18ac118a957eac374c3df02,b4bf2ad829be75d27f6ac4d3792968e90467c80f1b4949e56d7f1566f488630b,b4bf2ad829be75d27f6ac4d3792968e90467c80f1b4949e56d7f1566f488630b,2026-07-26T11:53:17.328965+00:00,route_map_diagnostic,source_bound,route_greedy,5000,0.0,0.0,0.0,0.0,0.0,0.0,0.0,0.0,1e-08,True,0.0,1.0,0.0,0.0,15.24156862745098,0.0,0.0,0.0,0,1b55d7740c7f78c666e319546d60ba4b6f3a058ab28d202dbf39149cda8ea481,1a20a34be4ea669f96ef4f12642807fe90799b86bde60a681392441dffb8113b,59dadb9383f9a453a72cd9cc696a04a331c651e8ec71696233a1423360c0545c
exp1_alignment_transfer:full:2026-07-26T11:53:17.328965+00:00,paper,True,primary,exp1_alignment_transfer,primary_t5000_k10,20,state_coupled_delay,6e09fa90a1fcdeccc861cf2960bd31c4b60e2df4,21563d9a7d6a3134d56776beef7f02b88fbe31e8f18ac118a957eac374c3df02,b4bf2ad829be75d27f6ac4d3792968e90467c80f1b4949e56d7f1566f488630b,b4bf2ad829be75d27f6ac4d3792968e90467c80f1b4949e56d7f1566f488630b,2026-07-26T11:53:17.328965+00:00,route_map_diagnostic,arrival_assigned,route_greedy,5000,155.66892407366453,0.0,1269.5554716326317,0.0311337848147329,0.0,0.2539110943265263,0.2539110943265263,0.2227773095117934,1e-08,True,0.6478,0.052,0.0480607977998346,0.0030254919919575,15.238627450980392,0.3668,0.2698,11.6652,102,1b55d7740c7f78c666e319546d60ba4b6f3a058ab28d202dbf39149cda8ea481,a556876c379b312c1fae60d16746380a37675345b766e5561ea799ba3854d478,db357612705358b9febc50cbed6120c3f5d998f30ad5852d13c371eafc13eeb4
exp1_alignment_transfer:full:2026-07-26T11:53:17.328965+00:00,paper,True,primary,exp1_alignment_transfer,primary_t5000_k10,20,state_coupled_delay,6e09fa90a1fcdeccc861cf2960bd31c4b60e2df4,21563d9a7d6a3134d56776beef7f02b88fbe31e8f18ac118a957eac374c3df02,b4bf2ad829be75d27f6ac4d3792968e90467c80f1b4949e56d7f1566f488630b,b4bf2ad829be75d27f6ac4d3792968e90467c80f1b4949e56d7f1566f488630b,2026-07-26T11:53:17.328965+00:00,route_map_diagnostic,source_bound,route_greedy,5000,0.0,0.0,0.0,0.0,0.0,0.0,0.0,0.0,1e-08,True,0.0,1.0,0.0,0.0,15.238627450980392,0.0,0.0,0.0,0,1b55d7740c7f78c666e319546d60ba4b6f3a058ab28d202dbf39149cda8ea481,a556876c379b312c1fae60d16746380a37675345b766e5561ea799ba3854d478,db357612705358b9febc50cbed6120c3f5d998f30ad5852d13c371eafc13eeb4
exp1_alignment_transfer:full:2026-07-26T11:53:17.328965+00:00,paper,True,primary,exp1_alignment_transfer,primary_t5000_k10,20,systematic_misbinding,6e09fa90a1fcdeccc861cf2960bd31c4b60e2df4,21563d9a7d6a3134d56776beef7f02b88fbe31e8f18ac118a957eac374c3df02,b4bf2ad829be75d27f6ac4d3792968e90467c80f1b4949e56d7f1566f488630b,b4bf2ad829be75d27f6ac4d3792968e90467c80f1b4949e56d7f1566f488630b,2026-07-26T11:53:17.328965+00:00,route_map_diagnostic,arrival_assigned,route_greedy,5000,772.2222222222222,0.0,2779.9999999999995,0.1544444444444444,0.0,0.5559999999999999,0.5559999999999999,0.4015555555555555,1e-08,True,0.5004,0.4996,0.308641975308642,0.3086419753086419,15.0,0.0,0.0,15.0,15,6eaec8f6917b7852464dd2e9514404a5e53bb385dce4daba910959ef2b73920a,99d221f22e88461b7e33c8605efb5a0541a4d657b58a9f9e173281ab69d52732,9b782cb41a2cad32566f7c59c24a81d5821e2c9be49b5abae68c5cc03e5052d6
exp1_alignment_transfer:full:2026-07-26T11:53:17.328965+00:00,paper,True,primary,exp1_alignment_transfer,primary_t5000_k10,20,systematic_misbinding,6e09fa90a1fcdeccc861cf2960bd31c4b60e2df4,21563d9a7d6a3134d56776beef7f02b88fbe31e8f18ac118a957eac374c3df02,b4bf2ad829be75d27f6ac4d3792968e90467c80f1b4949e56d7f1566f488630b,b4bf2ad829be75d27f6ac4d3792968e90467c80f1b4949e56d7f1566f488630b,2026-07-26T11:53:17.328965+00:00,route_map_diagnostic,source_bound,route_greedy,5000,0.0,0.0,0.0,0.0,0.0,0.0,0.0,0.0,1e-08,True,0.0,1.0,0.0,0.0,15.0,0.0,0.0,0.0,0,6eaec8f6917b7852464dd2e9514404a5e53bb385dce4daba910959ef2b73920a,99d221f22e88461b7e33c8605efb5a0541a4d657b58a9f9e173281ab69d52732,9b782cb41a2cad32566f7c59c24a81d5821e2c9be49b5abae68c5cc03e5052d6
exp1_alignment_transfer:full:2026-07-26T11:53:17.328965+00:00,paper,True,primary,exp1_alignment_transfer,primary_t5000_k10,21,zero_delay,6e09fa90a1fcdeccc861cf2960bd31c4b60e2df4,21563d9a7d6a3134d56776beef7f02b88fbe31e8f18ac118a957eac374c3df02,b4bf2ad829be75d27f6ac4d3792968e90467c80f1b4949e56d7f1566f488630b,b4bf2ad829be75d27f6ac4d3792968e90467c80f1b4949e56d7f1566f488630b,2026-07-26T11:53:17.328965+00:00,route_map_diagnostic,arrival_assigned,route_greedy,5000,0.0,0.0,0.0,0.0,0.0,0.0,0.0,0.0,1e-08,True,0.0,1.0,0.0,0.0,0.0,0.0,0.0,0.0,0,452d71727e77e202a76f9516ba982e6cd9be61cdfcbcbb4a0cc9f5cfc4e5263b,0f3d8dfbd8daa7805b305770b32f960e4027341713a86c41572ede0a495b5c6b,285e454ba121a90a93647fc618cab513ffd3d135cc26627642c55811f01b8ff0
exp1_alignment_transfer:full:2026-07-26T11:53:17.328965+00:00,paper,True,primary,exp1_alignment_transfer,primary_t5000_k10,21,zero_delay,6e09fa90a1fcdeccc861cf2960bd31c4b60e2df4,21563d9a7d6a3134d56776beef7f02b88fbe31e8f18ac118a957eac374c3df02,b4bf2ad829be75d27f6ac4d3792968e90467c80f1b4949e56d7f1566f488630b,b4bf2ad829be75d27f6ac4d3792968e90467c80f1b4949e56d7f1566f488630b,2026-07-26T11:53:17.328965+00:00,route_map_diagnostic,source_bound,route_greedy,5000,0.0,0.0,0.0,0.0,0.0,0.0,0.0,0.0,1e-08,True,0.0,1.0,0.0,0.0,0.0,0.0,0.0,0.0,0,452d71727e77e202a76f9516ba982e6cd9be61cdfcbcbb4a0cc9f5cfc4e5263b,0f3d8dfbd8daa7805b305770b32f960e4027341713a86c41572ede0a495b5c6b,285e454ba121a90a93647fc618cab513ffd3d135cc26627642c55811f01b8ff0
exp1_alignment_transfer:full:2026-07-26T11:53:17.328965+00:00,paper,True,primary,exp1_alignment_transfer,primary_t5000_k10,21,exact_valid_shift,6e09fa90a1fcdeccc861cf2960bd31c4b60e2df4,21563d9a7d6a3134d56776beef7f02b88fbe31e8f18ac118a957eac374c3df02,b4bf2ad829be75d27f6ac4d3792968e90467c80f1b4949e56d7f1566f488630b,b4bf2ad829be75d27f6ac4d3792968e90467c80f1b4949e56d7f1566f488630b,2026-07-26T11:53:17.328965+00:00,route_map_diagnostic,arrival_assigned,route_greedy,5000,0.0,0.0,2.790862159429697e-13,0.0,0.0,5.581724318859394e-17,5.581724318859394e-17,5.581724318859394e-17,1e-08,True,0.0,1.0,0.0,0.0,14.94,0.3682,0.2676,11.5792,96,3dc8df98dada4329cec24ad72ecc6a51a715a3d124a2f884c8eaff96c1bbd8b6,f6726a10e63ec5ba9bf2dc8c035d754d5ab44da365ff6fe3e88de0ece9bd825d,84b3834cdc6c095eb12486c037bc05b3995dd67d5e9ab2d8feef2e633c47b512
exp1_alignment_transfer:full:2026-07-26T11:53:17.328965+00:00,paper,True,primary,exp1_alignment_transfer,primary_t5000_k10,21,exact_valid_shift,6e09fa90a1fcdeccc861cf2960bd31c4b60e2df4,21563d9a7d6a3134d56776beef7f02b88fbe31e8f18ac118a957eac374c3df02,b4bf2ad829be75d27f6ac4d3792968e90467c80f1b4949e56d7f1566f488630b,b4bf2ad829be75d27f6ac4d3792968e90467c80f1b4949e56d7f1566f488630b,2026-07-26T11:53:17.328965+00:00,route_map_diagnostic,source_bound,route_greedy,5000,0.0,0.0,0.0,0.0,0.0,0.0,0.0,0.0,1e-08,True,0.0,1.0,0.0,0.0,14.94,0.0,0.0,0.0,0,3dc8df98dada4329cec24ad72ecc6a51a715a3d124a2f884c8eaff96c1bbd8b6,f6726a10e63ec5ba9bf2dc8c035d754d5ab44da365ff6fe3e88de0ece9bd825d,84b3834cdc6c095eb12486c037bc05b3995dd67d5e9ab2d8feef2e633c47b512
exp1_alignment_transfer:full:2026-07-26T11:53:17.328965+00:00,paper,True,primary,exp1_alignment_transfer,primary_t5000_k10,21,geometric_delay,6e09fa90a1fcdeccc861cf2960bd31c4b60e2df4,21563d9a7d6a3134d56776beef7f02b88fbe31e8f18ac118a957eac374c3df02,b4bf2ad829be75d27f6ac4d3792968e90467c80f1b4949e56d7f1566f488630b,b4bf2ad829be75d27f6ac4d3792968e90467c80f1b4949e56d7f1566f488630b,2026-07-26T11:53:17.328965+00:00,route_map_diagnostic,arrival_assigned,route_greedy,5000,165.4026560171337,0.0,1314.4302100885166,0.0330805312034267,0.0,0.2628860420177033,0.2628860420177033,0.2298055108142765,1e-08,True,0.6804,0.0422,0.0486192404518323,0.0032489157447386,14.94,0.3682,0.2676,11.5792,96,452d71727e77e202a76f9516ba982e6cd9be61cdfcbcbb4a0cc9f5cfc4e5263b,f6726a10e63ec5ba9bf2dc8c035d754d5ab44da365ff6fe3e88de0ece9bd825d,245be8f4489afc375584f6f98df3a8f60502634abe24c4057b8b7205ff8d773d
exp1_alignment_transfer:full:2026-07-26T11:53:17.328965+00:00,paper,True,primary,exp1_alignment_transfer,primary_t5000_k10,21,geometric_delay,6e09fa90a1fcdeccc861cf2960bd31c4b60e2df4,21563d9a7d6a3134d56776beef7f02b88fbe31e8f18ac118a957eac374c3df02,b4bf2ad829be75d27f6ac4d3792968e90467c80f1b4949e56d7f1566f488630b,b4bf2ad829be75d27f6ac4d3792968e90467c80f1b4949e56d7f1566f488630b,2026-07-26T11:53:17.328965+00:00,route_map_diagnostic,source_bound,route_greedy,5000,0.0,0.0,0.0,0.0,0.0,0.0,0.0,0.0,1e-08,True,0.0,1.0,0.0,0.0,14.94,0.0,0.0,0.0,0,452d71727e77e202a76f9516ba982e6cd9be61cdfcbcbb4a0cc9f5cfc4e5263b,f6726a10e63ec5ba9bf2dc8c035d754d5ab44da365ff6fe3e88de0ece9bd825d,245be8f4489afc375584f6f98df3a8f60502634abe24c4057b8b7205ff8d773d
exp1_alignment_transfer:full:2026-07-26T11:53:17.328965+00:00,paper,True,primary,exp1_alignment_transfer,primary_t5000_k10,21,mixture_delay,6e09fa90a1fcdeccc861cf2960bd31c4b60e2df4,21563d9a7d6a3134d56776beef7f02b88fbe31e8f18ac118a957eac374c3df02,b4bf2ad829be75d27f6ac4d3792968e90467c80f1b4949e56d7f1566f488630b,b4bf2ad829be75d27f6ac4d3792968e90467c80f1b4949e56d7f1566f488630b,2026-07-26T11:53:17.328965+00:00,route_map_diagnostic,arrival_assigned,route_greedy,5000,141.37248136314753,0.0,1129.1554750203595,0.0282744962726295,0.0,0.2258310950040719,0.2258310950040719,0.1975565987314424,1e-08,True,0.6022,0.0966,0.0469520031096471,0.002639636395849,15.263333333333334,0.3578,0.2666,10.5362,101,452d71727e77e202a76f9516ba982e6cd9be61cdfcbcbb4a0cc9f5cfc4e5263b,073eb84f00da6488062898d66581f2440eb41401b3db0a81cea4397440adad9e,24ad3f7bae511d70a445e1a322db548feb53096d04c524f23cea5fa73ff58c24
exp1_alignment_transfer:full:2026-07-26T11:53:17.328965+00:00,paper,True,primary,exp1_alignment_transfer,primary_t5000_k10,21,mixture_delay,6e09fa90a1fcdeccc861cf2960bd31c4b60e2df4,21563d9a7d6a3134d56776beef7f02b88fbe31e8f18ac118a957eac374c3df02,b4bf2ad829be75d27f6ac4d3792968e90467c80f1b4949e56d7f1566f488630b,b4bf2ad829be75d27f6ac4d3792968e90467c80f1b4949e56d7f1566f488630b,2026-07-26T11:53:17.328965+00:00,route_map_diagnostic,source_bound,route_greedy,5000,0.0,0.0,0.0,0.0,0.0,0.0,0.0,0.0,1e-08,True,0.0,1.0,0.0,0.0,15.263333333333334,0.0,0.0,0.0,0,452d71727e77e202a76f9516ba982e6cd9be61cdfcbcbb4a0cc9f5cfc4e5263b,073eb84f00da6488062898d66581f2440eb41401b3db0a81cea4397440adad9e,24ad3f7bae511d70a445e1a322db548feb53096d04c524f23cea5fa73ff58c24
exp1_alignment_transfer:full:2026-07-26T11:53:17.328965+00:00,paper,True,primary,exp1_alignment_transfer,primary_t5000_k10,21,state_coupled_delay,6e09fa90a1fcdeccc861cf2960bd31c4b60e2df4,21563d9a7d6a3134d56776beef7f02b88fbe31e8f18ac118a957eac374c3df02,b4bf2ad829be75d27f6ac4d3792968e90467c80f1b4949e56d7f1566f488630b,b4bf2ad829be75d27f6ac4d3792968e90467c80f1b4949e56d7f1566f488630b,2026-07-26T11:53:17.328965+00:00,route_map_diagnostic,arrival_assigned,route_greedy,5000,152.3991347274315,0.0,1230.730676008798,0.0304798269454863,0.0,0.2461461352017596,0.2461461352017596,0.2156663082562733,1e-08,True,0.6446,0.055,0.0472848696020575,0.0030892814694659,13.806470588235294,0.3632,0.2694,10.5882,99,452d71727e77e202a76f9516ba982e6cd9be61cdfcbcbb4a0cc9f5cfc4e5263b,36203a56173ec84ffcbc11b29d9add0d0fa8a2fa11a98c68bfc4da8d9617f98c,dd962754bf209d7763df92888d4485196577cb985262dea68311d479f405d0e7
exp1_alignment_transfer:full:2026-07-26T11:53:17.328965+00:00,paper,True,primary,exp1_alignment_transfer,primary_t5000_k10,21,state_coupled_delay,6e09fa90a1fcdeccc861cf2960bd31c4b60e2df4,21563d9a7d6a3134d56776beef7f02b88fbe31e8f18ac118a957eac374c3df02,b4bf2ad829be75d27f6ac4d3792968e90467c80f1b4949e56d7f1566f488630b,b4bf2ad829be75d27f6ac4d3792968e90467c80f1b4949e56d7f1566f488630b,2026-07-26T11:53:17.328965+00:00,route_map_diagnostic,source_bound,route_greedy,5000,0.0,0.0,0.0,0.0,0.0,0.0,0.0,0.0,1e-08,True,0.0,1.0,0.0,0.0,13.806470588235294,0.0,0.0,0.0,0,452d71727e77e202a76f9516ba982e6cd9be61cdfcbcbb4a0cc9f5cfc4e5263b,36203a56173ec84ffcbc11b29d9add0d0fa8a2fa11a98c68bfc4da8d9617f98c,dd962754bf209d7763df92888d4485196577cb985262dea68311d479f405d0e7
exp1_alignment_transfer:full:2026-07-26T11:53:17.328965+00:00,paper,True,primary,exp1_alignment_transfer,primary_t5000_k10,21,systematic_misbinding,6e09fa90a1fcdeccc861cf2960bd31c4b60e2df4,21563d9a7d6a3134d56776beef7f02b88fbe31e8f18ac118a957eac374c3df02,b4bf2ad829be75d27f6ac4d3792968e90467c80f1b4949e56d7f1566f488630b,b4bf2ad829be75d27f6ac4d3792968e90467c80f1b4949e56d7f1566f488630b,2026-07-26T11:53:17.328965+00:00,route_map_diagnostic,arrival_assigned,route_greedy,5000,770.3703703703702,0.0,2773.333333333333,0.154074074074074,0.0,0.5546666666666666,0.5546666666666666,0.4005925925925925,1e-08,True,0.4992,0.5008,0.308641975308642,0.3086419753086419,15.0,0.0,0.0,15.0,15,4765cfb9b5369e62c6b54ddb8490640c3810537744f8befcf6a74f015ebc777c,e351fba0d806debcc7ba77bcd560dfbe9c5d23a2791e381f83f3ebfeb73a30ee,849545dee7d3f94ad783fa65ffd11c3bdd4258bdd3b77e2064812d2eb8b6a4ea
exp1_alignment_transfer:full:2026-07-26T11:53:17.328965+00:00,paper,True,primary,exp1_alignment_transfer,primary_t5000_k10,21,systematic_misbinding,6e09fa90a1fcdeccc861cf2960bd31c4b60e2df4,21563d9a7d6a3134d56776beef7f02b88fbe31e8f18ac118a957eac374c3df02,b4bf2ad829be75d27f6ac4d3792968e90467c80f1b4949e56d7f1566f488630b,b4bf2ad829be75d27f6ac4d3792968e90467c80f1b4949e56d7f1566f488630b,2026-07-26T11:53:17.328965+00:00,route_map_diagnostic,source_bound,route_greedy,5000,0.0,0.0,0.0,0.0,0.0,0.0,0.0,0.0,1e-08,True,0.0,1.0,0.0,0.0,15.0,0.0,0.0,0.0,0,4765cfb9b5369e62c6b54ddb8490640c3810537744f8befcf6a74f015ebc777c,e351fba0d806debcc7ba77bcd560dfbe9c5d23a2791e381f83f3ebfeb73a30ee,849545dee7d3f94ad783fa65ffd11c3bdd4258bdd3b77e2064812d2eb8b6a4ea
exp1_alignment_transfer:full:2026-07-26T11:53:17.328965+00:00,paper,True,primary,exp1_alignment_transfer,primary_t5000_k10,22,zero_delay,6e09fa90a1fcdeccc861cf2960bd31c4b60e2df4,21563d9a7d6a3134d56776beef7f02b88fbe31e8f18ac118a957eac374c3df02,b4bf2ad829be75d27f6ac4d3792968e90467c80f1b4949e56d7f1566f488630b,b4bf2ad829be75d27f6ac4d3792968e90467c80f1b4949e56d7f1566f488630b,2026-07-26T11:53:17.328965+00:00,route_map_diagnostic,arrival_assigned,route_greedy,5000,0.0,0.0,0.0,0.0,0.0,0.0,0.0,0.0,1e-08,True,0.0,1.0,0.0,0.0,0.0,0.0,0.0,0.0,0,8e38b16c6e4f54bc3f091a5387bc8c8bb63e994e7d9cc2901c6feaf321c11f7a,98a596fe427a44d6bc18fe83de027226865b12ba710205c9f91ac9ec76c7d249,539260ecc14907fb74e278fa9289e0d4c3a765bee0f2d4508a0b6ce874932b82
exp1_alignment_transfer:full:2026-07-26T11:53:17.328965+00:00,paper,True,primary,exp1_alignment_transfer,primary_t5000_k10,22,zero_delay,6e09fa90a1fcdeccc861cf2960bd31c4b60e2df4,21563d9a7d6a3134d56776beef7f02b88fbe31e8f18ac118a957eac374c3df02,b4bf2ad829be75d27f6ac4d3792968e90467c80f1b4949e56d7f1566f488630b,b4bf2ad829be75d27f6ac4d3792968e90467c80f1b4949e56d7f1566f488630b,2026-07-26T11:53:17.328965+00:00,route_map_diagnostic,source_bound,route_greedy,5000,0.0,0.0,0.0,0.0,0.0,0.0,0.0,0.0,1e-08,True,0.0,1.0,0.0,0.0,0.0,0.0,0.0,0.0,0,8e38b16c6e4f54bc3f091a5387bc8c8bb63e994e7d9cc2901c6feaf321c11f7a,98a596fe427a44d6bc18fe83de027226865b12ba710205c9f91ac9ec76c7d249,539260ecc14907fb74e278fa9289e0d4c3a765bee0f2d4508a0b6ce874932b82
exp1_alignment_transfer:full:2026-07-26T11:53:17.328965+00:00,paper,True,primary,exp1_alignment_transfer,primary_t5000_k10,22,exact_valid_shift,6e09fa90a1fcdeccc861cf2960bd31c4b60e2df4,21563d9a7d6a3134d56776beef7f02b88fbe31e8f18ac118a957eac374c3df02,b4bf2ad829be75d27f6ac4d3792968e90467c80f1b4949e56d7f1566f488630b,b4bf2ad829be75d27f6ac4d3792968e90467c80f1b4949e56d7f1566f488630b,2026-07-26T11:53:17.328965+00:00,route_map_diagnostic,arrival_assigned,route_greedy,5000,0.0,0.0,2.792063455436811e-13,0.0,0.0,5.58412691087362e-17,5.58412691087362e-17,5.58412691087362e-17,1e-08,True,0.0,1.0,0.0,0.0,15.23078431372549,0.357,0.2596,11.816,89,426e926e2e21673af2039f9265fe1187d7f545d4889ee3de0beb5c2b601102b4,7f8e03989d8b0ef54ed0a81e5e8450c0aed2175b03996ad10d6313ecab9dd1ec,cbdcfee7ae8232c2384a68d452a85575e7f9137b4aa7c9fa630b972dec398ab0
exp1_alignment_transfer:full:2026-07-26T11:53:17.328965+00:00,paper,True,primary,exp1_alignment_transfer,primary_t5000_k10,22,exact_valid_shift,6e09fa90a1fcdeccc861cf2960bd31c4b60e2df4,21563d9a7d6a3134d56776beef7f02b88fbe31e8f18ac118a957eac374c3df02,b4bf2ad829be75d27f6ac4d3792968e90467c80f1b4949e56d7f1566f488630b,b4bf2ad829be75d27f6ac4d3792968e90467c80f1b4949e56d7f1566f488630b,2026-07-26T11:53:17.328965+00:00,route_map_diagnostic,source_bound,route_greedy,5000,0.0,0.0,0.0,0.0,0.0,0.0,0.0,0.0,1e-08,True,0.0,1.0,0.0,0.0,15.23078431372549,0.0,0.0,0.0,0,426e926e2e21673af2039f9265fe1187d7f545d4889ee3de0beb5c2b601102b4,7f8e03989d8b0ef54ed0a81e5e8450c0aed2175b03996ad10d6313ecab9dd1ec,cbdcfee7ae8232c2384a68d452a85575e7f9137b4aa7c9fa630b972dec398ab0
exp1_alignment_transfer:full:2026-07-26T11:53:17.328965+00:00,paper,True,primary,exp1_alignment_transfer,primary_t5000_k10,22,geometric_delay,6e09fa90a1fcdeccc861cf2960bd31c4b60e2df4,21563d9a7d6a3134d56776beef7f02b88fbe31e8f18ac118a957eac374c3df02,b4bf2ad829be75d27f6ac4d3792968e90467c80f1b4949e56d7f1566f488630b,b4bf2ad829be75d27f6ac4d3792968e90467c80f1b4949e56d7f1566f488630b,2026-07-26T11:53:17.328965+00:00,route_map_diagnostic,arrival_assigned,route_greedy,5000,167.91009185322187,0.0,1338.388425968707,0.0335820183706443,0.0,0.2676776851937414,0.2676776851937414,0.234095666823097,1e-08,True,0.685,0.0404,0.0490248443367071,0.0037401750339613,15.23078431372549,0.357,0.2596,11.816,89,8e38b16c6e4f54bc3f091a5387bc8c8bb63e994e7d9cc2901c6feaf321c11f7a,7f8e03989d8b0ef54ed0a81e5e8450c0aed2175b03996ad10d6313ecab9dd1ec,862f6db2f158fc884057f574476b97742af6c7e3a5de62eb02045eeb0dcccf28
exp1_alignment_transfer:full:2026-07-26T11:53:17.328965+00:00,paper,True,primary,exp1_alignment_transfer,primary_t5000_k10,22,geometric_delay,6e09fa90a1fcdeccc861cf2960bd31c4b60e2df4,21563d9a7d6a3134d56776beef7f02b88fbe31e8f18ac118a957eac374c3df02,b4bf2ad829be75d27f6ac4d3792968e90467c80f1b4949e56d7f1566f488630b,b4bf2ad829be75d27f6ac4d3792968e90467c80f1b4949e56d7f1566f488630b,2026-07-26T11:53:17.328965+00:00,route_map_diagnostic,source_bound,route_greedy,5000,0.0,0.0,0.0,0.0,0.0,0.0,0.0,0.0,1e-08,True,0.0,1.0,0.0,0.0,15.23078431372549,0.0,0.0,0.0,0,8e38b16c6e4f54bc3f091a5387bc8c8bb63e994e7d9cc2901c6feaf321c11f7a,7f8e03989d8b0ef54ed0a81e5e8450c0aed2175b03996ad10d6313ecab9dd1ec,862f6db2f158fc884057f574476b97742af6c7e3a5de62eb02045eeb0dcccf28
exp1_alignment_transfer:full:2026-07-26T11:53:17.328965+00:00,paper,True,primary,exp1_alignment_transfer,primary_t5000_k10,22,mixture_delay,6e09fa90a1fcdeccc861cf2960bd31c4b60e2df4,21563d9a7d6a3134d56776beef7f02b88fbe31e8f18ac118a957eac374c3df02,b4bf2ad829be75d27f6ac4d3792968e90467c80f1b4949e56d7f1566f488630b,b4bf2ad829be75d27f6ac4d3792968e90467c80f1b4949e56d7f1566f488630b,2026-07-26T11:53:17.328965+00:00,route_map_diagnostic,arrival_assigned,route_greedy,5000,138.0003734799764,0.0,1119.6847109782066,0.0276000746959952,0.0,0.2239369421956413,0.2239369421956413,0.196336867499646,1e-08,True,0.6034,0.0948,0.0457409259131509,0.0024948885955466,15.200392156862746,0.3534,0.2534,10.906,102,8e38b16c6e4f54bc3f091a5387bc8c8bb63e994e7d9cc2901c6feaf321c11f7a,8274797f1fee873a83110805f655b31e6582ba3b2440b4371cfd4ae2d62bed97,9e206efdb9be4a308a86ef2a0043b887bb825f226c70532ae505a7e2150a53ac
exp1_alignment_transfer:full:2026-07-26T11:53:17.328965+00:00,paper,True,primary,exp1_alignment_transfer,primary_t5000_k10,22,mixture_delay,6e09fa90a1fcdeccc861cf2960bd31c4b60e2df4,21563d9a7d6a3134d56776beef7f02b88fbe31e8f18ac118a957eac374c3df02,b4bf2ad829be75d27f6ac4d3792968e90467c80f1b4949e56d7f1566f488630b,b4bf2ad829be75d27f6ac4d3792968e90467c80f1b4949e56d7f1566f488630b,2026-07-26T11:53:17.328965+00:00,route_map_diagnostic,source_bound,route_greedy,5000,0.0,0.0,0.0,0.0,0.0,0.0,0.0,0.0,1e-08,True,0.0,1.0,0.0,0.0,15.200392156862746,0.0,0.0,0.0,0,8e38b16c6e4f54bc3f091a5387bc8c8bb63e994e7d9cc2901c6feaf321c11f7a,8274797f1fee873a83110805f655b31e6582ba3b2440b4371cfd4ae2d62bed97,9e206efdb9be4a308a86ef2a0043b887bb825f226c70532ae505a7e2150a53ac
exp1_alignment_transfer:full:2026-07-26T11:53:17.328965+00:00,paper,True,primary,exp1_alignment_transfer,primary_t5000_k10,22,state_coupled_delay,6e09fa90a1fcdeccc861cf2960bd31c4b60e2df4,21563d9a7d6a3134d56776beef7f02b88fbe31e8f18ac118a957eac374c3df02,b4bf2ad829be75d27f6ac4d3792968e90467c80f1b4949e56d7f1566f488630b,b4bf2ad829be75d27f6ac4d3792968e90467c80f1b4949e56d7f1566f488630b,2026-07-26T11:53:17.328965+00:00,route_map_diagnostic,arrival_assigned,route_greedy,5000,152.36748276363977,0.0,1281.6835441389696,0.0304734965527279,0.0,0.2563367088277939,0.2563367088277939,0.2258632122750659,1e-08,True,0.6658,0.0438,0.0457697454982396,0.0032849549345958,16.623333333333335,0.371,0.2636,12.7858,97,8e38b16c6e4f54bc3f091a5387bc8c8bb63e994e7d9cc2901c6feaf321c11f7a,03eb3844ccdd18bf16258d63813e275ea1ec632c89915321e57dc88d956e960d,0afdd9df5f8b2a16d0705d0174deaf69a144a6f1312d853efac94c21c5247394
exp1_alignment_transfer:full:2026-07-26T11:53:17.328965+00:00,paper,True,primary,exp1_alignment_transfer,primary_t5000_k10,22,state_coupled_delay,6e09fa90a1fcdeccc861cf2960bd31c4b60e2df4,21563d9a7d6a3134d56776beef7f02b88fbe31e8f18ac118a957eac374c3df02,b4bf2ad829be75d27f6ac4d3792968e90467c80f1b4949e56d7f1566f488630b,b4bf2ad829be75d27f6ac4d3792968e90467c80f1b4949e56d7f1566f488630b,2026-07-26T11:53:17.328965+00:00,route_map_diagnostic,source_bound,route_greedy,5000,0.0,0.0,0.0,0.0,0.0,0.0,0.0,0.0,1e-08,True,0.0,1.0,0.0,0.0,16.623333333333335,0.0,0.0,0.0,0,8e38b16c6e4f54bc3f091a5387bc8c8bb63e994e7d9cc2901c6feaf321c11f7a,03eb3844ccdd18bf16258d63813e275ea1ec632c89915321e57dc88d956e960d,0afdd9df5f8b2a16d0705d0174deaf69a144a6f1312d853efac94c21c5247394
exp1_alignment_transfer:full:2026-07-26T11:53:17.328965+00:00,paper,True,primary,exp1_alignment_transfer,primary_t5000_k10,22,systematic_misbinding,6e09fa90a1fcdeccc861cf2960bd31c4b60e2df4,21563d9a7d6a3134d56776beef7f02b88fbe31e8f18ac118a957eac374c3df02,b4bf2ad829be75d27f6ac4d3792968e90467c80f1b4949e56d7f1566f488630b,b4bf2ad829be75d27f6ac4d3792968e90467c80f1b4949e56d7f1566f488630b,2026-07-26T11:53:17.328965+00:00,route_map_diagnostic,arrival_assigned,route_greedy,5000,772.8395061728394,0.0,2782.2222222222213,0.1545679012345678,0.0,0.5564444444444443,0.5564444444444443,0.4018765432098764,1e-08,True,0.5008,0.4992,0.3086419753086419,0.3086419753086419,15.0,0.0,0.0,15.0,15,c726aeafe97f1683b472b72bf21df6f2682bfddc70ece01a6027b3a93d8175bf,89eeeaf31c88c92d0e2024695bc39541a5fd7be2ddfbd54394f21b3aefe27691,9c2536eba496193342e1d8a6b6278b03820da04302c3696da12659f3a9bba802
exp1_alignment_transfer:full:2026-07-26T11:53:17.328965+00:00,paper,True,primary,exp1_alignment_transfer,primary_t5000_k10,22,systematic_misbinding,6e09fa90a1fcdeccc861cf2960bd31c4b60e2df4,21563d9a7d6a3134d56776beef7f02b88fbe31e8f18ac118a957eac374c3df02,b4bf2ad829be75d27f6ac4d3792968e90467c80f1b4949e56d7f1566f488630b,b4bf2ad829be75d27f6ac4d3792968e90467c80f1b4949e56d7f1566f488630b,2026-07-26T11:53:17.328965+00:00,route_map_diagnostic,source_bound,route_greedy,5000,0.0,0.0,0.0,0.0,0.0,0.0,0.0,0.0,1e-08,True,0.0,1.0,0.0,0.0,15.0,0.0,0.0,0.0,0,c726aeafe97f1683b472b72bf21df6f2682bfddc70ece01a6027b3a93d8175bf,89eeeaf31c88c92d0e2024695bc39541a5fd7be2ddfbd54394f21b3aefe27691,9c2536eba496193342e1d8a6b6278b03820da04302c3696da12659f3a9bba802
exp1_alignment_transfer:full:2026-07-26T11:53:17.328965+00:00,paper,True,primary,exp1_alignment_transfer,primary_t5000_k10,23,zero_delay,6e09fa90a1fcdeccc861cf2960bd31c4b60e2df4,21563d9a7d6a3134d56776beef7f02b88fbe31e8f18ac118a957eac374c3df02,b4bf2ad829be75d27f6ac4d3792968e90467c80f1b4949e56d7f1566f488630b,b4bf2ad829be75d27f6ac4d3792968e90467c80f1b4949e56d7f1566f488630b,2026-07-26T11:53:17.328965+00:00,route_map_diagnostic,arrival_assigned,route_greedy,5000,0.0,0.0,0.0,0.0,0.0,0.0,0.0,0.0,1e-08,True,0.0,1.0,0.0,0.0,0.0,0.0,0.0,0.0,0,f9922560961084f8c4d59ff0c368314ed0c86070282b5ead4684deae3af3aece,22f263a2f9c1f7e539b466fa4e95ba8768553aec0e379739100cd43414b17f2d,cef5637d03e3359915bab1795a1787bef31ba84224548037b2af664f2f1c3906
exp1_alignment_transfer:full:2026-07-26T11:53:17.328965+00:00,paper,True,primary,exp1_alignment_transfer,primary_t5000_k10,23,zero_delay,6e09fa90a1fcdeccc861cf2960bd31c4b60e2df4,21563d9a7d6a3134d56776beef7f02b88fbe31e8f18ac118a957eac374c3df02,b4bf2ad829be75d27f6ac4d3792968e90467c80f1b4949e56d7f1566f488630b,b4bf2ad829be75d27f6ac4d3792968e90467c80f1b4949e56d7f1566f488630b,2026-07-26T11:53:17.328965+00:00,route_map_diagnostic,source_bound,route_greedy,5000,0.0,0.0,0.0,0.0,0.0,0.0,0.0,0.0,1e-08,True,0.0,1.0,0.0,0.0,0.0,0.0,0.0,0.0,0,f9922560961084f8c4d59ff0c368314ed0c86070282b5ead4684deae3af3aece,22f263a2f9c1f7e539b466fa4e95ba8768553aec0e379739100cd43414b17f2d,cef5637d03e3359915bab1795a1787bef31ba84224548037b2af664f2f1c3906
exp1_alignment_transfer:full:2026-07-26T11:53:17.328965+00:00,paper,True,primary,exp1_alignment_transfer,primary_t5000_k10,23,exact_valid_shift,6e09fa90a1fcdeccc861cf2960bd31c4b60e2df4,21563d9a7d6a3134d56776beef7f02b88fbe31e8f18ac118a957eac374c3df02,b4bf2ad829be75d27f6ac4d3792968e90467c80f1b4949e56d7f1566f488630b,b4bf2ad829be75d27f6ac4d3792968e90467c80f1b4949e56d7f1566f488630b,2026-07-26T11:53:17.328965+00:00,route_map_diagnostic,arrival_assigned,route_greedy,5000,0.0,0.0,2.728689670050688e-13,0.0,0.0,5.457379340101376e-17,5.457379340101376e-17,5.457379340101376e-17,1e-08,True,0.0,1.0,0.0,0.0,15.062156862745098,0.357,0.2618,11.7652,102,ba3fc4470959d56acfdab4c45e0e879867cbc49910f603c921d2086eb93f21ee,cbecbfe9b38323bd2a375146d4c54380d4d73d3f73d9e795ee3bfb87df40d4d0,e3bedb233d51f8da08984e8e4d417b4085c43b6aee123c5d44dade3d3ea0173b
exp1_alignment_transfer:full:2026-07-26T11:53:17.328965+00:00,paper,True,primary,exp1_alignment_transfer,primary_t5000_k10,23,exact_valid_shift,6e09fa90a1fcdeccc861cf2960bd31c4b60e2df4,21563d9a7d6a3134d56776beef7f02b88fbe31e8f18ac118a957eac374c3df02,b4bf2ad829be75d27f6ac4d3792968e90467c80f1b4949e56d7f1566f488630b,b4bf2ad829be75d27f6ac4d3792968e90467c80f1b4949e56d7f1566f488630b,2026-07-26T11:53:17.328965+00:00,route_map_diagnostic,source_bound,route_greedy,5000,0.0,0.0,0.0,0.0,0.0,0.0,0.0,0.0,1e-08,True,0.0,1.0,0.0,0.0,15.062156862745098,0.0,0.0,0.0,0,ba3fc4470959d56acfdab4c45e0e879867cbc49910f603c921d2086eb93f21ee,cbecbfe9b38323bd2a375146d4c54380d4d73d3f73d9e795ee3bfb87df40d4d0,e3bedb233d51f8da08984e8e4d417b4085c43b6aee123c5d44dade3d3ea0173b
exp1_alignment_transfer:full:2026-07-26T11:53:17.328965+00:00,paper,True,primary,exp1_alignment_transfer,primary_t5000_k10,23,geometric_delay,6e09fa90a1fcdeccc861cf2960bd31c4b60e2df4,21563d9a7d6a3134d56776beef7f02b88fbe31e8f18ac118a957eac374c3df02,b4bf2ad829be75d27f6ac4d3792968e90467c80f1b4949e56d7f1566f488630b,b4bf2ad829be75d27f6ac4d3792968e90467c80f1b4949e56d7f1566f488630b,2026-07-26T11:53:17.328965+00:00,route_map_diagnostic,arrival_assigned,route_greedy,5000,176.17563691130562,0.0,1334.8209063571494,0.0352351273822611,0.0,0.2669641812714299,0.2669641812714299,0.2317290538891687,1e-08,True,0.6534,0.052,0.0539258147876662,0.0033129696582162,15.062156862745098,0.357,0.2618,11.7652,102,f9922560961084f8c4d59ff0c368314ed0c86070282b5ead4684deae3af3aece,cbecbfe9b38323bd2a375146d4c54380d4d73d3f73d9e795ee3bfb87df40d4d0,b54a6c7c645a15e180e1a5111da305fc5f461b4b8e3103c333bf6b17edf57c16
exp1_alignment_transfer:full:2026-07-26T11:53:17.328965+00:00,paper,True,primary,exp1_alignment_transfer,primary_t5000_k10,23,geometric_delay,6e09fa90a1fcdeccc861cf2960bd31c4b60e2df4,21563d9a7d6a3134d56776beef7f02b88fbe31e8f18ac118a957eac374c3df02,b4bf2ad829be75d27f6ac4d3792968e90467c80f1b4949e56d7f1566f488630b,b4bf2ad829be75d27f6ac4d3792968e90467c80f1b4949e56d7f1566f488630b,2026-07-26T11:53:17.328965+00:00,route_map_diagnostic,source_bound,route_greedy,5000,0.0,0.0,0.0,0.0,0.0,0.0,0.0,0.0,1e-08,True,0.0,1.0,0.0,0.0,15.062156862745098,0.0,0.0,0.0,0,f9922560961084f8c4d59ff0c368314ed0c86070282b5ead4684deae3af3aece,cbecbfe9b38323bd2a375146d4c54380d4d73d3f73d9e795ee3bfb87df40d4d0,b54a6c7c645a15e180e1a5111da305fc5f461b4b8e3103c333bf6b17edf57c16
exp1_alignment_transfer:full:2026-07-26T11:53:17.328965+00:00,paper,True,primary,exp1_alignment_transfer,primary_t5000_k10,23,mixture_delay,6e09fa90a1fcdeccc861cf2960bd31c4b60e2df4,21563d9a7d6a3134d56776beef7f02b88fbe31e8f18ac118a957eac374c3df02,b4bf2ad829be75d27f6ac4d3792968e90467c80f1b4949e56d7f1566f488630b,b4bf2ad829be75d27f6ac4d3792968e90467c80f1b4949e56d7f1566f488630b,2026-07-26T11:53:17.328965+00:00,route_map_diagnostic,arrival_assigned,route_greedy,5000,147.0338459440259,0.0,1131.152196884046,0.0294067691888051,0.0,0.2262304393768092,0.2262304393768092,0.196823670188004,1e-08,True,0.583,0.1092,0.0504404274250517,0.0026840080234222,14.862352941176471,0.3482,0.2588,10.4078,100,f9922560961084f8c4d59ff0c368314ed0c86070282b5ead4684deae3af3aece,4e205cd12a69e37c81bf207cdfc26632d00d66f9f1b613ec858bc8637631ff66,6aee9d88744d92e25a2be46cb478effb2b8fcff36f151498e8975fd45719de61
exp1_alignment_transfer:full:2026-07-26T11:53:17.328965+00:00,paper,True,primary,exp1_alignment_transfer,primary_t5000_k10,23,mixture_delay,6e09fa90a1fcdeccc861cf2960bd31c4b60e2df4,21563d9a7d6a3134d56776beef7f02b88fbe31e8f18ac118a957eac374c3df02,b4bf2ad829be75d27f6ac4d3792968e90467c80f1b4949e56d7f1566f488630b,b4bf2ad829be75d27f6ac4d3792968e90467c80f1b4949e56d7f1566f488630b,2026-07-26T11:53:17.328965+00:00,route_map_diagnostic,source_bound,route_greedy,5000,0.0,0.0,0.0,0.0,0.0,0.0,0.0,0.0,1e-08,True,0.0,1.0,0.0,0.0,14.862352941176471,0.0,0.0,0.0,0,f9922560961084f8c4d59ff0c368314ed0c86070282b5ead4684deae3af3aece,4e205cd12a69e37c81bf207cdfc26632d00d66f9f1b613ec858bc8637631ff66,6aee9d88744d92e25a2be46cb478effb2b8fcff36f151498e8975fd45719de61
exp1_alignment_transfer:full:2026-07-26T11:53:17.328965+00:00,paper,True,primary,exp1_alignment_transfer,primary_t5000_k10,23,state_coupled_delay,6e09fa90a1fcdeccc861cf2960bd31c4b60e2df4,21563d9a7d6a3134d56776beef7f02b88fbe31e8f18ac118a957eac374c3df02,b4bf2ad829be75d27f6ac4d3792968e90467c80f1b4949e56d7f1566f488630b,b4bf2ad829be75d27f6ac4d3792968e90467c80f1b4949e56d7f1566f488630b,2026-07-26T11:53:17.328965+00:00,route_map_diagnostic,arrival_assigned,route_greedy,5000,161.25145588956855,0.0,1264.960056554644,0.0322502911779137,0.0,0.2529920113109288,0.2529920113109288,0.220741720133015,1e-08,True,0.6498,0.0568,0.0496311036902334,0.0033534065810481,14.912941176470587,0.3674,0.264,11.5206,102,f9922560961084f8c4d59ff0c368314ed0c86070282b5ead4684deae3af3aece,ae41e7bead3f38723fece3f32092cd4bfbd437e96f51dc386106a1f1fc63cf7a,008ff3107ed40dc51cdfaa421018585aa269950d87877129617c6bb6151631d4
exp1_alignment_transfer:full:2026-07-26T11:53:17.328965+00:00,paper,True,primary,exp1_alignment_transfer,primary_t5000_k10,23,state_coupled_delay,6e09fa90a1fcdeccc861cf2960bd31c4b60e2df4,21563d9a7d6a3134d56776beef7f02b88fbe31e8f18ac118a957eac374c3df02,b4bf2ad829be75d27f6ac4d3792968e90467c80f1b4949e56d7f1566f488630b,b4bf2ad829be75d27f6ac4d3792968e90467c80f1b4949e56d7f1566f488630b,2026-07-26T11:53:17.328965+00:00,route_map_diagnostic,source_bound,route_greedy,5000,0.0,0.0,0.0,0.0,0.0,0.0,0.0,0.0,1e-08,True,0.0,1.0,0.0,0.0,14.912941176470587,0.0,0.0,0.0,0,f9922560961084f8c4d59ff0c368314ed0c86070282b5ead4684deae3af3aece,ae41e7bead3f38723fece3f32092cd4bfbd437e96f51dc386106a1f1fc63cf7a,008ff3107ed40dc51cdfaa421018585aa269950d87877129617c6bb6151631d4
exp1_alignment_transfer:full:2026-07-26T11:53:17.328965+00:00,paper,True,primary,exp1_alignment_transfer,primary_t5000_k10,23,systematic_misbinding,6e09fa90a1fcdeccc861cf2960bd31c4b60e2df4,21563d9a7d6a3134d56776beef7f02b88fbe31e8f18ac118a957eac374c3df02,b4bf2ad829be75d27f6ac4d3792968e90467c80f1b4949e56d7f1566f488630b,b4bf2ad829be75d27f6ac4d3792968e90467c80f1b4949e56d7f1566f488630b,2026-07-26T11:53:17.328965+00:00,route_map_diagnostic,arrival_assigned,route_greedy,5000,770.9876543209875,0.0,2775.5555555555547,0.1541975308641975,0.0,0.555111111111111,0.555111111111111,0.4009135802469134,1e-08,True,0.4996,0.5004,0.308641975308642,0.3086419753086419,15.0,0.0,0.0,15.0,15,783cf3004996f907a6aecc5952c123da99fe93db77249da76f01d3910b4c36bc,2fb732e487485a3a62b30b7cc205d70310ef4e9c119957c2b3bd37c928be1e0e,7263c1d12d45e665ebe2afcf72d6ea17ee89907a231b3dbc6f222950f95486ae
exp1_alignment_transfer:full:2026-07-26T11:53:17.328965+00:00,paper,True,primary,exp1_alignment_transfer,primary_t5000_k10,23,systematic_misbinding,6e09fa90a1fcdeccc861cf2960bd31c4b60e2df4,21563d9a7d6a3134d56776beef7f02b88fbe31e8f18ac118a957eac374c3df02,b4bf2ad829be75d27f6ac4d3792968e90467c80f1b4949e56d7f1566f488630b,b4bf2ad829be75d27f6ac4d3792968e90467c80f1b4949e56d7f1566f488630b,2026-07-26T11:53:17.328965+00:00,route_map_diagnostic,source_bound,route_greedy,5000,0.0,0.0,0.0,0.0,0.0,0.0,0.0,0.0,1e-08,True,0.0,1.0,0.0,0.0,15.0,0.0,0.0,0.0,0,783cf3004996f907a6aecc5952c123da99fe93db77249da76f01d3910b4c36bc,2fb732e487485a3a62b30b7cc205d70310ef4e9c119957c2b3bd37c928be1e0e,7263c1d12d45e665ebe2afcf72d6ea17ee89907a231b3dbc6f222950f95486ae
exp1_alignment_transfer:full:2026-07-26T11:53:17.328965+00:00,paper,True,primary,exp1_alignment_transfer,primary_t5000_k10,24,zero_delay,6e09fa90a1fcdeccc861cf2960bd31c4b60e2df4,21563d9a7d6a3134d56776beef7f02b88fbe31e8f18ac118a957eac374c3df02,b4bf2ad829be75d27f6ac4d3792968e90467c80f1b4949e56d7f1566f488630b,b4bf2ad829be75d27f6ac4d3792968e90467c80f1b4949e56d7f1566f488630b,2026-07-26T11:53:17.328965+00:00,route_map_diagnostic,arrival_assigned,route_greedy,5000,0.0,0.0,0.0,0.0,0.0,0.0,0.0,0.0,1e-08,True,0.0,1.0,0.0,0.0,0.0,0.0,0.0,0.0,0,d34df0ee35d5cdde507390d5c13f29c2ace3be843284c17069fa152433665f95,44d0a87c3181a45841c8ddc52eac16395f9213fc07ca81f9902afa481d9a78a2,a0d0d58340d0f2564cf68616cda0c9a43ab088a6ea1ff50f5f7010d9902a62d2
exp1_alignment_transfer:full:2026-07-26T11:53:17.328965+00:00,paper,True,primary,exp1_alignment_transfer,primary_t5000_k10,24,zero_delay,6e09fa90a1fcdeccc861cf2960bd31c4b60e2df4,21563d9a7d6a3134d56776beef7f02b88fbe31e8f18ac118a957eac374c3df02,b4bf2ad829be75d27f6ac4d3792968e90467c80f1b4949e56d7f1566f488630b,b4bf2ad829be75d27f6ac4d3792968e90467c80f1b4949e56d7f1566f488630b,2026-07-26T11:53:17.328965+00:00,route_map_diagnostic,source_bound,route_greedy,5000,0.0,0.0,0.0,0.0,0.0,0.0,0.0,0.0,1e-08,True,0.0,1.0,0.0,0.0,0.0,0.0,0.0,0.0,0,d34df0ee35d5cdde507390d5c13f29c2ace3be843284c17069fa152433665f95,44d0a87c3181a45841c8ddc52eac16395f9213fc07ca81f9902afa481d9a78a2,a0d0d58340d0f2564cf68616cda0c9a43ab088a6ea1ff50f5f7010d9902a62d2
exp1_alignment_transfer:full:2026-07-26T11:53:17.328965+00:00,paper,True,primary,exp1_alignment_transfer,primary_t5000_k10,24,exact_valid_shift,6e09fa90a1fcdeccc861cf2960bd31c4b60e2df4,21563d9a7d6a3134d56776beef7f02b88fbe31e8f18ac118a957eac374c3df02,b4bf2ad829be75d27f6ac4d3792968e90467c80f1b4949e56d7f1566f488630b,b4bf2ad829be75d27f6ac4d3792968e90467c80f1b4949e56d7f1566f488630b,2026-07-26T11:53:17.328965+00:00,route_map_diagnostic,arrival_assigned,route_greedy,5000,0.0,0.0,2.794483394685799e-13,0.0,0.0,5.588966789371597e-17,5.588966789371597e-17,5.588966789371597e-17,1e-08,True,0.0,1.0,0.0,0.0,14.860588235294118,0.3734,0.272,11.272,99,05de31e836092635143483092fd6d8d0c056a0c7023c0c6bc1a5a4d81c453cbb,bc3959bf48160011252633e03c7903fe6a081d184462e6c6a74c0a9b80c09696,ed53c4ad5d60adb5dad7c0e53414e5b07696678dba25d3fcd20510f6204e7da8
exp1_alignment_transfer:full:2026-07-26T11:53:17.328965+00:00,paper,True,primary,exp1_alignment_transfer,primary_t5000_k10,24,exact_valid_shift,6e09fa90a1fcdeccc861cf2960bd31c4b60e2df4,21563d9a7d6a3134d56776beef7f02b88fbe31e8f18ac118a957eac374c3df02,b4bf2ad829be75d27f6ac4d3792968e90467c80f1b4949e56d7f1566f488630b,b4bf2ad829be75d27f6ac4d3792968e90467c80f1b4949e56d7f1566f488630b,2026-07-26T11:53:17.328965+00:00,route_map_diagnostic,source_bound,route_greedy,5000,0.0,0.0,0.0,0.0,0.0,0.0,0.0,0.0,1e-08,True,0.0,1.0,0.0,0.0,14.860588235294118,0.0,0.0,0.0,0,05de31e836092635143483092fd6d8d0c056a0c7023c0c6bc1a5a4d81c453cbb,bc3959bf48160011252633e03c7903fe6a081d184462e6c6a74c0a9b80c09696,ed53c4ad5d60adb5dad7c0e53414e5b07696678dba25d3fcd20510f6204e7da8
exp1_alignment_transfer:full:2026-07-26T11:53:17.328965+00:00,paper,True,primary,exp1_alignment_transfer,primary_t5000_k10,24,geometric_delay,6e09fa90a1fcdeccc861cf2960bd31c4b60e2df4,21563d9a7d6a3134d56776beef7f02b88fbe31e8f18ac118a957eac374c3df02,b4bf2ad829be75d27f6ac4d3792968e90467c80f1b4949e56d7f1566f488630b,b4bf2ad829be75d27f6ac4d3792968e90467c80f1b4949e56d7f1566f488630b,2026-07-26T11:53:17.328965+00:00,route_map_diagnostic,arrival_assigned,route_greedy,5000,151.7682515643566,0.0,1235.445385455127,0.0303536503128713,0.0,0.2470890770910254,0.2470890770910254,0.216735426778154,1e-08,True,0.6602,0.0476,0.0459764470052579,0.0030118929149257,14.860588235294118,0.3734,0.272,11.272,99,d34df0ee35d5cdde507390d5c13f29c2ace3be843284c17069fa152433665f95,bc3959bf48160011252633e03c7903fe6a081d184462e6c6a74c0a9b80c09696,ca6fc9d402e96351a0a2f7d216ee1ccbd72ca796644e2c05385be3d305347a33
exp1_alignment_transfer:full:2026-07-26T11:53:17.328965+00:00,paper,True,primary,exp1_alignment_transfer,primary_t5000_k10,24,geometric_delay,6e09fa90a1fcdeccc861cf2960bd31c4b60e2df4,21563d9a7d6a3134d56776beef7f02b88fbe31e8f18ac118a957eac374c3df02,b4bf2ad829be75d27f6ac4d3792968e90467c80f1b4949e56d7f1566f488630b,b4bf2ad829be75d27f6ac4d3792968e90467c80f1b4949e56d7f1566f488630b,2026-07-26T11:53:17.328965+00:00,route_map_diagnostic,source_bound,route_greedy,5000,0.0,0.0,0.0,0.0,0.0,0.0,0.0,0.0,1e-08,True,0.0,1.0,0.0,0.0,14.860588235294118,0.0,0.0,0.0,0,d34df0ee35d5cdde507390d5c13f29c2ace3be843284c17069fa152433665f95,bc3959bf48160011252633e03c7903fe6a081d184462e6c6a74c0a9b80c09696,ca6fc9d402e96351a0a2f7d216ee1ccbd72ca796644e2c05385be3d305347a33
exp1_alignment_transfer:full:2026-07-26T11:53:17.328965+00:00,paper,True,primary,exp1_alignment_transfer,primary_t5000_k10,24,mixture_delay,6e09fa90a1fcdeccc861cf2960bd31c4b60e2df4,21563d9a7d6a3134d56776beef7f02b88fbe31e8f18ac118a957eac374c3df02,b4bf2ad829be75d27f6ac4d3792968e90467c80f1b4949e56d7f1566f488630b,b4bf2ad829be75d27f6ac4d3792968e90467c80f1b4949e56d7f1566f488630b,2026-07-26T11:53:17.328965+00:00,route_map_diagnostic,arrival_assigned,route_greedy,5000,137.4905314550555,0.0,1071.4858293780635,0.0274981062910111,0.0,0.2142971658756127,0.2142971658756127,0.1867990595846016,1e-08,True,0.5802,0.0958,0.0473941852654448,0.0026069012481248,15.293333333333331,0.3516,0.2634,10.3496,102,d34df0ee35d5cdde507390d5c13f29c2ace3be843284c17069fa152433665f95,58e3394e958d2de272a0181a0b9ef263b4a0ff5a64e4fb36a25ba353d194225e,c6e43603a205bfcf83c522c8adfb34601661149fb91c7b36611ba8bbabdbfc32
exp1_alignment_transfer:full:2026-07-26T11:53:17.328965+00:00,paper,True,primary,exp1_alignment_transfer,primary_t5000_k10,24,mixture_delay,6e09fa90a1fcdeccc861cf2960bd31c4b60e2df4,21563d9a7d6a3134d56776beef7f02b88fbe31e8f18ac118a957eac374c3df02,b4bf2ad829be75d27f6ac4d3792968e90467c80f1b4949e56d7f1566f488630b,b4bf2ad829be75d27f6ac4d3792968e90467c80f1b4949e56d7f1566f488630b,2026-07-26T11:53:17.328965+00:00,route_map_diagnostic,source_bound,route_greedy,5000,0.0,0.0,0.0,0.0,0.0,0.0,0.0,0.0,1e-08,True,0.0,1.0,0.0,0.0,15.293333333333331,0.0,0.0,0.0,0,d34df0ee35d5cdde507390d5c13f29c2ace3be843284c17069fa152433665f95,58e3394e958d2de272a0181a0b9ef263b4a0ff5a64e4fb36a25ba353d194225e,c6e43603a205bfcf83c522c8adfb34601661149fb91c7b36611ba8bbabdbfc32
exp1_alignment_transfer:full:2026-07-26T11:53:17.328965+00:00,paper,True,primary,exp1_alignment_transfer,primary_t5000_k10,24,state_coupled_delay,6e09fa90a1fcdeccc861cf2960bd31c4b60e2df4,21563d9a7d6a3134d56776beef7f02b88fbe31e8f18ac118a957eac374c3df02,b4bf2ad829be75d27f6ac4d3792968e90467c80f1b4949e56d7f1566f488630b,b4bf2ad829be75d27f6ac4d3792968e90467c80f1b4949e56d7f1566f488630b,2026-07-26T11:53:17.328965+00:00,route_map_diagnostic,arrival_assigned,route_greedy,5000,131.09774276157015,0.0,1139.8759642678492,0.026219548552314,0.0,0.2279751928535698,0.2279751928535698,0.2017556443012558,1e-08,True,0.6164,0.062,0.0425365810387962,0.002917842714446,13.235686274509805,0.3564,0.2562,10.0828,96,d34df0ee35d5cdde507390d5c13f29c2ace3be843284c17069fa152433665f95,b8fe832e2ede9751a1523b1c4e9d8d92e6d3525fb21fb24fce0910330793cb51,f5140446bb6d4b9c91cb1ebbefa5cb8ce0e19741184857453ef80a7071418fc6
exp1_alignment_transfer:full:2026-07-26T11:53:17.328965+00:00,paper,True,primary,exp1_alignment_transfer,primary_t5000_k10,24,state_coupled_delay,6e09fa90a1fcdeccc861cf2960bd31c4b60e2df4,21563d9a7d6a3134d56776beef7f02b88fbe31e8f18ac118a957eac374c3df02,b4bf2ad829be75d27f6ac4d3792968e90467c80f1b4949e56d7f1566f488630b,b4bf2ad829be75d27f6ac4d3792968e90467c80f1b4949e56d7f1566f488630b,2026-07-26T11:53:17.328965+00:00,route_map_diagnostic,source_bound,route_greedy,5000,0.0,0.0,0.0,0.0,0.0,0.0,0.0,0.0,1e-08,True,0.0,1.0,0.0,0.0,13.235686274509805,0.0,0.0,0.0,0,d34df0ee35d5cdde507390d5c13f29c2ace3be843284c17069fa152433665f95,b8fe832e2ede9751a1523b1c4e9d8d92e6d3525fb21fb24fce0910330793cb51,f5140446bb6d4b9c91cb1ebbefa5cb8ce0e19741184857453ef80a7071418fc6
exp1_alignment_transfer:full:2026-07-26T11:53:17.328965+00:00,paper,True,primary,exp1_alignment_transfer,primary_t5000_k10,24,systematic_misbinding,6e09fa90a1fcdeccc861cf2960bd31c4b60e2df4,21563d9a7d6a3134d56776beef7f02b88fbe31e8f18ac118a957eac374c3df02,b4bf2ad829be75d27f6ac4d3792968e90467c80f1b4949e56d7f1566f488630b,b4bf2ad829be75d27f6ac4d3792968e90467c80f1b4949e56d7f1566f488630b,2026-07-26T11:53:17.328965+00:00,route_map_diagnostic,arrival_assigned,route_greedy,5000,770.0617283950617,0.0,2772.2222222222217,0.1540123456790123,0.0,0.5544444444444443,0.5544444444444443,0.400432098765432,1e-08,True,0.499,0.501,0.308641975308642,0.3086419753086419,15.0,0.0,0.0,15.0,15,1a355e9727599fe542db53e65dcb488ffaa2f721f90a3092be97f80ab677bf6e,71633b72a362ca9f9b5553f10b6349ab892cb8938cdd9bcbc78347cadb0cefbe,06302240528faf509087c008bb8eb59c91ac38ab34b20060c2179ec1129d88ee
exp1_alignment_transfer:full:2026-07-26T11:53:17.328965+00:00,paper,True,primary,exp1_alignment_transfer,primary_t5000_k10,24,systematic_misbinding,6e09fa90a1fcdeccc861cf2960bd31c4b60e2df4,21563d9a7d6a3134d56776beef7f02b88fbe31e8f18ac118a957eac374c3df02,b4bf2ad829be75d27f6ac4d3792968e90467c80f1b4949e56d7f1566f488630b,b4bf2ad829be75d27f6ac4d3792968e90467c80f1b4949e56d7f1566f488630b,2026-07-26T11:53:17.328965+00:00,route_map_diagnostic,source_bound,route_greedy,5000,0.0,0.0,0.0,0.0,0.0,0.0,0.0,0.0,1e-08,True,0.0,1.0,0.0,0.0,15.0,0.0,0.0,0.0,0,1a355e9727599fe542db53e65dcb488ffaa2f721f90a3092be97f80ab677bf6e,71633b72a362ca9f9b5553f10b6349ab892cb8938cdd9bcbc78347cadb0cefbe,06302240528faf509087c008bb8eb59c91ac38ab34b20060c2179ec1129d88ee
exp1_alignment_transfer:full:2026-07-26T11:53:17.328965+00:00,paper,True,primary,exp1_alignment_transfer,primary_t5000_k10,25,zero_delay,6e09fa90a1fcdeccc861cf2960bd31c4b60e2df4,21563d9a7d6a3134d56776beef7f02b88fbe31e8f18ac118a957eac374c3df02,b4bf2ad829be75d27f6ac4d3792968e90467c80f1b4949e56d7f1566f488630b,b4bf2ad829be75d27f6ac4d3792968e90467c80f1b4949e56d7f1566f488630b,2026-07-26T11:53:17.328965+00:00,route_map_diagnostic,arrival_assigned,route_greedy,5000,0.0,0.0,0.0,0.0,0.0,0.0,0.0,0.0,1e-08,True,0.0,1.0,0.0,0.0,0.0,0.0,0.0,0.0,0,dec966ed2ce50893c81eddbfb1e64b0c90a1f66e8320bf6354d2244907fd819f,6f5db262b6fe4bb39ead00aafa748a2c395dccaeaa61482c537232b00bb92c4c,3223821d95acb999b3051f03f45240753805a3408f92e2254c2dda5ea9b7bdbe
exp1_alignment_transfer:full:2026-07-26T11:53:17.328965+00:00,paper,True,primary,exp1_alignment_transfer,primary_t5000_k10,25,zero_delay,6e09fa90a1fcdeccc861cf2960bd31c4b60e2df4,21563d9a7d6a3134d56776beef7f02b88fbe31e8f18ac118a957eac374c3df02,b4bf2ad829be75d27f6ac4d3792968e90467c80f1b4949e56d7f1566f488630b,b4bf2ad829be75d27f6ac4d3792968e90467c80f1b4949e56d7f1566f488630b,2026-07-26T11:53:17.328965+00:00,route_map_diagnostic,source_bound,route_greedy,5000,0.0,0.0,0.0,0.0,0.0,0.0,0.0,0.0,1e-08,True,0.0,1.0,0.0,0.0,0.0,0.0,0.0,0.0,0,dec966ed2ce50893c81eddbfb1e64b0c90a1f66e8320bf6354d2244907fd819f,6f5db262b6fe4bb39ead00aafa748a2c395dccaeaa61482c537232b00bb92c4c,3223821d95acb999b3051f03f45240753805a3408f92e2254c2dda5ea9b7bdbe
exp1_alignment_transfer:full:2026-07-26T11:53:17.328965+00:00,paper,True,primary,exp1_alignment_transfer,primary_t5000_k10,25,exact_valid_shift,6e09fa90a1fcdeccc861cf2960bd31c4b60e2df4,21563d9a7d6a3134d56776beef7f02b88fbe31e8f18ac118a957eac374c3df02,b4bf2ad829be75d27f6ac4d3792968e90467c80f1b4949e56d7f1566f488630b,b4bf2ad829be75d27f6ac4d3792968e90467c80f1b4949e56d7f1566f488630b,2026-07-26T11:53:17.328965+00:00,route_map_diagnostic,arrival_assigned,route_greedy,5000,0.0,0.0,2.744098351326052e-13,0.0,0.0,5.488196702652104e-17,5.488196702652104e-17,5.488196702652104e-17,1e-08,True,0.0,1.0,0.0,0.0,14.569215686274507,0.3578,0.26,11.4578,100,3054307cceace89d7c7b5b9556750e1b01ea0dddd0cd920834609a66b6e08010,67643870cc2805c29dfd17624592846e05fcdc830c4cb3f80dd019a5e801f1f5,7690d0e3e55967b6755ee724b0852ac7a7b23d22de53add4abd485854587483c
exp1_alignment_transfer:full:2026-07-26T11:53:17.328965+00:00,paper,True,primary,exp1_alignment_transfer,primary_t5000_k10,25,exact_valid_shift,6e09fa90a1fcdeccc861cf2960bd31c4b60e2df4,21563d9a7d6a3134d56776beef7f02b88fbe31e8f18ac118a957eac374c3df02,b4bf2ad829be75d27f6ac4d3792968e90467c80f1b4949e56d7f1566f488630b,b4bf2ad829be75d27f6ac4d3792968e90467c80f1b4949e56d7f1566f488630b,2026-07-26T11:53:17.328965+00:00,route_map_diagnostic,source_bound,route_greedy,5000,0.0,0.0,0.0,0.0,0.0,0.0,0.0,0.0,1e-08,True,0.0,1.0,0.0,0.0,14.569215686274507,0.0,0.0,0.0,0,3054307cceace89d7c7b5b9556750e1b01ea0dddd0cd920834609a66b6e08010,67643870cc2805c29dfd17624592846e05fcdc830c4cb3f80dd019a5e801f1f5,7690d0e3e55967b6755ee724b0852ac7a7b23d22de53add4abd485854587483c
exp1_alignment_transfer:full:2026-07-26T11:53:17.328965+00:00,paper,True,primary,exp1_alignment_transfer,primary_t5000_k10,25,geometric_delay,6e09fa90a1fcdeccc861cf2960bd31c4b60e2df4,21563d9a7d6a3134d56776beef7f02b88fbe31e8f18ac118a957eac374c3df02,b4bf2ad829be75d27f6ac4d3792968e90467c80f1b4949e56d7f1566f488630b,b4bf2ad829be75d27f6ac4d3792968e90467c80f1b4949e56d7f1566f488630b,2026-07-26T11:53:17.328965+00:00,route_map_diagnostic,arrival_assigned,route_greedy,5000,158.2722295697684,0.0,1265.8878709635892,0.0316544459139536,0.0,0.2531775741927178,0.2531775741927178,0.2215231282787641,1e-08,True,0.656,0.0454,0.0482537285273684,0.0028319726256443,14.569215686274507,0.3578,0.26,11.4578,100,dec966ed2ce50893c81eddbfb1e64b0c90a1f66e8320bf6354d2244907fd819f,67643870cc2805c29dfd17624592846e05fcdc830c4cb3f80dd019a5e801f1f5,bfff076ab04d20aea66617b601d0f87b59495772e7c393bc17951927a4c78043
exp1_alignment_transfer:full:2026-07-26T11:53:17.328965+00:00,paper,True,primary,exp1_alignment_transfer,primary_t5000_k10,25,geometric_delay,6e09fa90a1fcdeccc861cf2960bd31c4b60e2df4,21563d9a7d6a3134d56776beef7f02b88fbe31e8f18ac118a957eac374c3df02,b4bf2ad829be75d27f6ac4d3792968e90467c80f1b4949e56d7f1566f488630b,b4bf2ad829be75d27f6ac4d3792968e90467c80f1b4949e56d7f1566f488630b,2026-07-26T11:53:17.328965+00:00,route_map_diagnostic,source_bound,route_greedy,5000,0.0,0.0,0.0,0.0,0.0,0.0,0.0,0.0,1e-08,True,0.0,1.0,0.0,0.0,14.569215686274507,0.0,0.0,0.0,0,dec966ed2ce50893c81eddbfb1e64b0c90a1f66e8320bf6354d2244907fd819f,67643870cc2805c29dfd17624592846e05fcdc830c4cb3f80dd019a5e801f1f5,bfff076ab04d20aea66617b601d0f87b59495772e7c393bc17951927a4c78043
exp1_alignment_transfer:full:2026-07-26T11:53:17.328965+00:00,paper,True,primary,exp1_alignment_transfer,primary_t5000_k10,25,mixture_delay,6e09fa90a1fcdeccc861cf2960bd31c4b60e2df4,21563d9a7d6a3134d56776beef7f02b88fbe31e8f18ac118a957eac374c3df02,b4bf2ad829be75d27f6ac4d3792968e90467c80f1b4949e56d7f1566f488630b,b4bf2ad829be75d27f6ac4d3792968e90467c80f1b4949e56d7f1566f488630b,2026-07-26T11:53:17.328965+00:00,route_map_diagnostic,arrival_assigned,route_greedy,5000,131.919521596467,0.0,1076.5502810271505,0.0263839043192934,0.0,0.2153100562054301,0.2153100562054301,0.1889261518861367,1e-08,True,0.5872,0.0948,0.0449317171650092,0.0024089710107043,14.583921568627453,0.3572,0.2704,9.8282,100,dec966ed2ce50893c81eddbfb1e64b0c90a1f66e8320bf6354d2244907fd819f,51d1f57810cc6438e58eb23a2550473d2030b36092c14a536ea510d28ec78c31,2d782c6b4bb2018a345e747f22133cc08e46a8ae9c4fbfb828f2f9f61848092c
exp1_alignment_transfer:full:2026-07-26T11:53:17.328965+00:00,paper,True,primary,exp1_alignment_transfer,primary_t5000_k10,25,mixture_delay,6e09fa90a1fcdeccc861cf2960bd31c4b60e2df4,21563d9a7d6a3134d56776beef7f02b88fbe31e8f18ac118a957eac374c3df02,b4bf2ad829be75d27f6ac4d3792968e90467c80f1b4949e56d7f1566f488630b,b4bf2ad829be75d27f6ac4d3792968e90467c80f1b4949e56d7f1566f488630b,2026-07-26T11:53:17.328965+00:00,route_map_diagnostic,source_bound,route_greedy,5000,0.0,0.0,0.0,0.0,0.0,0.0,0.0,0.0,1e-08,True,0.0,1.0,0.0,0.0,14.583921568627453,0.0,0.0,0.0,0,dec966ed2ce50893c81eddbfb1e64b0c90a1f66e8320bf6354d2244907fd819f,51d1f57810cc6438e58eb23a2550473d2030b36092c14a536ea510d28ec78c31,2d782c6b4bb2018a345e747f22133cc08e46a8ae9c4fbfb828f2f9f61848092c
exp1_alignment_transfer:full:2026-07-26T11:53:17.328965+00:00,paper,True,primary,exp1_alignment_transfer,primary_t5000_k10,25,state_coupled_delay,6e09fa90a1fcdeccc861cf2960bd31c4b60e2df4,21563d9a7d6a3134d56776beef7f02b88fbe31e8f18ac118a957eac374c3df02,b4bf2ad829be75d27f6ac4d3792968e90467c80f1b4949e56d7f1566f488630b,b4bf2ad829be75d27f6ac4d3792968e90467c80f1b4949e56d7f1566f488630b,2026-07-26T11:53:17.328965+00:00,route_map_diagnostic,arrival_assigned,route_greedy,5000,153.82474104229408,0.0,1254.2370868048547,0.0307649482084588,0.0,0.2508474173609709,0.2508474173609709,0.2200824691525121,1e-08,True,0.6532,0.0546,0.0470988184452829,0.002756402246075,15.062156862745098,0.3582,0.26,11.8224,100,dec966ed2ce50893c81eddbfb1e64b0c90a1f66e8320bf6354d2244907fd819f,0bcbe2efe0b13635d1c0c954ec98099578d017260098b368d04e720143a7cc35,68a74289f72699c058190e3a6ce94bc427df1ca4ad76462ed7a643b4df53fec4
exp1_alignment_transfer:full:2026-07-26T11:53:17.328965+00:00,paper,True,primary,exp1_alignment_transfer,primary_t5000_k10,25,state_coupled_delay,6e09fa90a1fcdeccc861cf2960bd31c4b60e2df4,21563d9a7d6a3134d56776beef7f02b88fbe31e8f18ac118a957eac374c3df02,b4bf2ad829be75d27f6ac4d3792968e90467c80f1b4949e56d7f1566f488630b,b4bf2ad829be75d27f6ac4d3792968e90467c80f1b4949e56d7f1566f488630b,2026-07-26T11:53:17.328965+00:00,route_map_diagnostic,source_bound,route_greedy,5000,0.0,0.0,0.0,0.0,0.0,0.0,0.0,0.0,1e-08,True,0.0,1.0,0.0,0.0,15.062156862745098,0.0,0.0,0.0,0,dec966ed2ce50893c81eddbfb1e64b0c90a1f66e8320bf6354d2244907fd819f,0bcbe2efe0b13635d1c0c954ec98099578d017260098b368d04e720143a7cc35,68a74289f72699c058190e3a6ce94bc427df1ca4ad76462ed7a643b4df53fec4
exp1_alignment_transfer:full:2026-07-26T11:53:17.328965+00:00,paper,True,primary,exp1_alignment_transfer,primary_t5000_k10,25,systematic_misbinding,6e09fa90a1fcdeccc861cf2960bd31c4b60e2df4,21563d9a7d6a3134d56776beef7f02b88fbe31e8f18ac118a957eac374c3df02,b4bf2ad829be75d27f6ac4d3792968e90467c80f1b4949e56d7f1566f488630b,b4bf2ad829be75d27f6ac4d3792968e90467c80f1b4949e56d7f1566f488630b,2026-07-26T11:53:17.328965+00:00,route_map_diagnostic,arrival_assigned,route_greedy,5000,773.148148148148,0.0,2783.3333333333326,0.1546296296296296,0.0,0.5566666666666665,0.5566666666666665,0.4020370370370369,1e-08,True,0.501,0.499,0.308641975308642,0.3086419753086419,15.0,0.0,0.0,15.0,15,78f91bd3936a66933531ff386cba1af5d0aae51caa912b0bf24f55d25ea72c1b,deac3426dc88143ddb6e607ce6f9d5ca316500c7c99a973ccbf00f4a40e97a8e,3ca2a69d9b341f68e1be694b933a2d2aa5fda96d508ea2ee246d8d0952ae3b91
exp1_alignment_transfer:full:2026-07-26T11:53:17.328965+00:00,paper,True,primary,exp1_alignment_transfer,primary_t5000_k10,25,systematic_misbinding,6e09fa90a1fcdeccc861cf2960bd31c4b60e2df4,21563d9a7d6a3134d56776beef7f02b88fbe31e8f18ac118a957eac374c3df02,b4bf2ad829be75d27f6ac4d3792968e90467c80f1b4949e56d7f1566f488630b,b4bf2ad829be75d27f6ac4d3792968e90467c80f1b4949e56d7f1566f488630b,2026-07-26T11:53:17.328965+00:00,route_map_diagnostic,source_bound,route_greedy,5000,0.0,0.0,0.0,0.0,0.0,0.0,0.0,0.0,1e-08,True,0.0,1.0,0.0,0.0,15.0,0.0,0.0,0.0,0,78f91bd3936a66933531ff386cba1af5d0aae51caa912b0bf24f55d25ea72c1b,deac3426dc88143ddb6e607ce6f9d5ca316500c7c99a973ccbf00f4a40e97a8e,3ca2a69d9b341f68e1be694b933a2d2aa5fda96d508ea2ee246d8d0952ae3b91
exp1_alignment_transfer:full:2026-07-26T11:53:17.328965+00:00,paper,True,primary,exp1_alignment_transfer,primary_t5000_k10,26,zero_delay,6e09fa90a1fcdeccc861cf2960bd31c4b60e2df4,21563d9a7d6a3134d56776beef7f02b88fbe31e8f18ac118a957eac374c3df02,b4bf2ad829be75d27f6ac4d3792968e90467c80f1b4949e56d7f1566f488630b,b4bf2ad829be75d27f6ac4d3792968e90467c80f1b4949e56d7f1566f488630b,2026-07-26T11:53:17.328965+00:00,route_map_diagnostic,arrival_assigned,route_greedy,5000,0.0,0.0,0.0,0.0,0.0,0.0,0.0,0.0,1e-08,True,0.0,1.0,0.0,0.0,0.0,0.0,0.0,0.0,0,d5b91c7b245451978681fbf55347da0c2d2ce629c51d74194f5dc6cf64896c9b,42f38e9245d246b73886d0ef1aa261f72c6e0b98af5a88aa3e065bd923612795,f5c811b55629f78f8d5e26cc2701a2d1d8f055ad221e8164f5680db971e9aeb3
exp1_alignment_transfer:full:2026-07-26T11:53:17.328965+00:00,paper,True,primary,exp1_alignment_transfer,primary_t5000_k10,26,zero_delay,6e09fa90a1fcdeccc861cf2960bd31c4b60e2df4,21563d9a7d6a3134d56776beef7f02b88fbe31e8f18ac118a957eac374c3df02,b4bf2ad829be75d27f6ac4d3792968e90467c80f1b4949e56d7f1566f488630b,b4bf2ad829be75d27f6ac4d3792968e90467c80f1b4949e56d7f1566f488630b,2026-07-26T11:53:17.328965+00:00,route_map_diagnostic,source_bound,route_greedy,5000,0.0,0.0,0.0,0.0,0.0,0.0,0.0,0.0,1e-08,True,0.0,1.0,0.0,0.0,0.0,0.0,0.0,0.0,0,d5b91c7b245451978681fbf55347da0c2d2ce629c51d74194f5dc6cf64896c9b,42f38e9245d246b73886d0ef1aa261f72c6e0b98af5a88aa3e065bd923612795,f5c811b55629f78f8d5e26cc2701a2d1d8f055ad221e8164f5680db971e9aeb3
exp1_alignment_transfer:full:2026-07-26T11:53:17.328965+00:00,paper,True,primary,exp1_alignment_transfer,primary_t5000_k10,26,exact_valid_shift,6e09fa90a1fcdeccc861cf2960bd31c4b60e2df4,21563d9a7d6a3134d56776beef7f02b88fbe31e8f18ac118a957eac374c3df02,b4bf2ad829be75d27f6ac4d3792968e90467c80f1b4949e56d7f1566f488630b,b4bf2ad829be75d27f6ac4d3792968e90467c80f1b4949e56d7f1566f488630b,2026-07-26T11:53:17.328965+00:00,route_map_diagnostic,arrival_assigned,route_greedy,5000,0.0,0.0,2.7596154528186645e-13,0.0,0.0,5.519230905637329e-17,5.519230905637329e-17,5.519230905637329e-17,1e-08,True,0.0,1.0,0.0,0.0,14.90156862745098,0.356,0.258,11.854,94,deda50bdfed0d9ae89830093c2f4a4322fcc2cd18ac075de30958b7d168cd98e,e628de97734b46a825183edac49519228f791e14bed2bc7b4a95a73c1e061e8e,2a9b94590085155c14f65418a35193b766e5e8fb2a0fbbcd33aaa8f33a137d46
exp1_alignment_transfer:full:2026-07-26T11:53:17.328965+00:00,paper,True,primary,exp1_alignment_transfer,primary_t5000_k10,26,exact_valid_shift,6e09fa90a1fcdeccc861cf2960bd31c4b60e2df4,21563d9a7d6a3134d56776beef7f02b88fbe31e8f18ac118a957eac374c3df02,b4bf2ad829be75d27f6ac4d3792968e90467c80f1b4949e56d7f1566f488630b,b4bf2ad829be75d27f6ac4d3792968e90467c80f1b4949e56d7f1566f488630b,2026-07-26T11:53:17.328965+00:00,route_map_diagnostic,source_bound,route_greedy,5000,0.0,0.0,0.0,0.0,0.0,0.0,0.0,0.0,1e-08,True,0.0,1.0,0.0,0.0,14.90156862745098,0.0,0.0,0.0,0,deda50bdfed0d9ae89830093c2f4a4322fcc2cd18ac075de30958b7d168cd98e,e628de97734b46a825183edac49519228f791e14bed2bc7b4a95a73c1e061e8e,2a9b94590085155c14f65418a35193b766e5e8fb2a0fbbcd33aaa8f33a137d46
exp1_alignment_transfer:full:2026-07-26T11:53:17.328965+00:00,paper,True,primary,exp1_alignment_transfer,primary_t5000_k10,26,geometric_delay,6e09fa90a1fcdeccc861cf2960bd31c4b60e2df4,21563d9a7d6a3134d56776beef7f02b88fbe31e8f18ac118a957eac374c3df02,b4bf2ad829be75d27f6ac4d3792968e90467c80f1b4949e56d7f1566f488630b,b4bf2ad829be75d27f6ac4d3792968e90467c80f1b4949e56d7f1566f488630b,2026-07-26T11:53:17.328965+00:00,route_map_diagnostic,arrival_assigned,route_greedy,5000,172.46428741985693,0.0,1285.8204262365657,0.0344928574839713,0.0,0.2571640852473131,0.2571640852473131,0.2226712277633417,1e-08,True,0.6496,0.0462,0.0530986106588229,0.0027419193139636,14.90156862745098,0.356,0.258,11.854,94,d5b91c7b245451978681fbf55347da0c2d2ce629c51d74194f5dc6cf64896c9b,e628de97734b46a825183edac49519228f791e14bed2bc7b4a95a73c1e061e8e,0fd671a753d129187141d05d6462e6013279de14ae52f9d24f6b7922e7d0f65c
exp1_alignment_transfer:full:2026-07-26T11:53:17.328965+00:00,paper,True,primary,exp1_alignment_transfer,primary_t5000_k10,26,geometric_delay,6e09fa90a1fcdeccc861cf2960bd31c4b60e2df4,21563d9a7d6a3134d56776beef7f02b88fbe31e8f18ac118a957eac374c3df02,b4bf2ad829be75d27f6ac4d3792968e90467c80f1b4949e56d7f1566f488630b,b4bf2ad829be75d27f6ac4d3792968e90467c80f1b4949e56d7f1566f488630b,2026-07-26T11:53:17.328965+00:00,route_map_diagnostic,source_bound,route_greedy,5000,0.0,0.0,0.0,0.0,0.0,0.0,0.0,0.0,1e-08,True,0.0,1.0,0.0,0.0,14.90156862745098,0.0,0.0,0.0,0,d5b91c7b245451978681fbf55347da0c2d2ce629c51d74194f5dc6cf64896c9b,e628de97734b46a825183edac49519228f791e14bed2bc7b4a95a73c1e061e8e,0fd671a753d129187141d05d6462e6013279de14ae52f9d24f6b7922e7d0f65c
exp1_alignment_transfer:full:2026-07-26T11:53:17.328965+00:00,paper,True,primary,exp1_alignment_transfer,primary_t5000_k10,26,mixture_delay,6e09fa90a1fcdeccc861cf2960bd31c4b60e2df4,21563d9a7d6a3134d56776beef7f02b88fbe31e8f18ac118a957eac374c3df02,b4bf2ad829be75d27f6ac4d3792968e90467c80f1b4949e56d7f1566f488630b,b4bf2ad829be75d27f6ac4d3792968e90467c80f1b4949e56d7f1566f488630b,2026-07-26T11:53:17.328965+00:00,route_map_diagnostic,arrival_assigned,route_greedy,5000,156.7943409077825,0.0,1145.7855285578134,0.0313588681815565,0.0,0.2291571057115627,0.2291571057115627,0.1977982375300062,1e-08,True,0.58,0.0964,0.0540670141061319,0.0024738707789581,15.191764705882353,0.3496,0.261,10.3584,100,d5b91c7b245451978681fbf55347da0c2d2ce629c51d74194f5dc6cf64896c9b,274ff5c0849cca946968abfcb7d9997b1c96f6e46c76f8fa8fe779655cba72ea,9d4ac0bd1455d1293922dc6fc7aef3d5ba3b87e9017aa8caa8f1a8a2bff8ff84
exp1_alignment_transfer:full:2026-07-26T11:53:17.328965+00:00,paper,True,primary,exp1_alignment_transfer,primary_t5000_k10,26,mixture_delay,6e09fa90a1fcdeccc861cf2960bd31c4b60e2df4,21563d9a7d6a3134d56776beef7f02b88fbe31e8f18ac118a957eac374c3df02,b4bf2ad829be75d27f6ac4d3792968e90467c80f1b4949e56d7f1566f488630b,b4bf2ad829be75d27f6ac4d3792968e90467c80f1b4949e56d7f1566f488630b,2026-07-26T11:53:17.328965+00:00,route_map_diagnostic,source_bound,route_greedy,5000,0.0,0.0,0.0,0.0,0.0,0.0,0.0,0.0,1e-08,True,0.0,1.0,0.0,0.0,15.191764705882353,0.0,0.0,0.0,0,d5b91c7b245451978681fbf55347da0c2d2ce629c51d74194f5dc6cf64896c9b,274ff5c0849cca946968abfcb7d9997b1c96f6e46c76f8fa8fe779655cba72ea,9d4ac0bd1455d1293922dc6fc7aef3d5ba3b87e9017aa8caa8f1a8a2bff8ff84
exp1_alignment_transfer:full:2026-07-26T11:53:17.328965+00:00,paper,True,primary,exp1_alignment_transfer,primary_t5000_k10,26,state_coupled_delay,6e09fa90a1fcdeccc861cf2960bd31c4b60e2df4,21563d9a7d6a3134d56776beef7f02b88fbe31e8f18ac118a957eac374c3df02,b4bf2ad829be75d27f6ac4d3792968e90467c80f1b4949e56d7f1566f488630b,b4bf2ad829be75d27f6ac4d3792968e90467c80f1b4949e56d7f1566f488630b,2026-07-26T11:53:17.328965+00:00,route_map_diagnostic,arrival_assigned,route_greedy,5000,153.18677762035583,0.0,1222.0061423107595,0.0306373555240711,0.0,0.2444012284621519,0.2444012284621519,0.2137638729380807,1e-08,True,0.6298,0.0532,0.0486461662814721,0.0026771179040063,15.943725490196078,0.3694,0.265,11.943,99,d5b91c7b245451978681fbf55347da0c2d2ce629c51d74194f5dc6cf64896c9b,bab2cda2e7df829fdeb87d0a03bb53250bb13dd012005a1510467fd11d7b8b74,17bcc341eddda1d642e9c1f9d1e64faf413770fdd9ecbfd30110909afe329206
exp1_alignment_transfer:full:2026-07-26T11:53:17.328965+00:00,paper,True,primary,exp1_alignment_transfer,primary_t5000_k10,26,state_coupled_delay,6e09fa90a1fcdeccc861cf2960bd31c4b60e2df4,21563d9a7d6a3134d56776beef7f02b88fbe31e8f18ac118a957eac374c3df02,b4bf2ad829be75d27f6ac4d3792968e90467c80f1b4949e56d7f1566f488630b,b4bf2ad829be75d27f6ac4d3792968e90467c80f1b4949e56d7f1566f488630b,2026-07-26T11:53:17.328965+00:00,route_map_diagnostic,source_bound,route_greedy,5000,0.0,0.0,0.0,0.0,0.0,0.0,0.0,0.0,1e-08,True,0.0,1.0,0.0,0.0,15.943725490196078,0.0,0.0,0.0,0,d5b91c7b245451978681fbf55347da0c2d2ce629c51d74194f5dc6cf64896c9b,bab2cda2e7df829fdeb87d0a03bb53250bb13dd012005a1510467fd11d7b8b74,17bcc341eddda1d642e9c1f9d1e64faf413770fdd9ecbfd30110909afe329206
exp1_alignment_transfer:full:2026-07-26T11:53:17.328965+00:00,paper,True,primary,exp1_alignment_transfer,primary_t5000_k10,26,systematic_misbinding,6e09fa90a1fcdeccc861cf2960bd31c4b60e2df4,21563d9a7d6a3134d56776beef7f02b88fbe31e8f18ac118a957eac374c3df02,b4bf2ad829be75d27f6ac4d3792968e90467c80f1b4949e56d7f1566f488630b,b4bf2ad829be75d27f6ac4d3792968e90467c80f1b4949e56d7f1566f488630b,2026-07-26T11:53:17.328965+00:00,route_map_diagnostic,arrival_assigned,route_greedy,5000,770.9876543209875,0.0,2775.5555555555547,0.1541975308641975,0.0,0.555111111111111,0.555111111111111,0.4009135802469134,1e-08,True,0.4996,0.5004,0.308641975308642,0.3086419753086419,15.0,0.0,0.0,15.0,15,28b869d18f298db7455f5cd11f9a1bb48d08862e84461b630a36c48b4c6e35e8,774ae03f0b0fda6edf6a3b449e3ec6f295b8ce88464cfc4d910e4e6ff2b4f504,00bdc3d7310cd0e8a6fac035610f532c58e0c040fe9139f44df2282f5587e128
exp1_alignment_transfer:full:2026-07-26T11:53:17.328965+00:00,paper,True,primary,exp1_alignment_transfer,primary_t5000_k10,26,systematic_misbinding,6e09fa90a1fcdeccc861cf2960bd31c4b60e2df4,21563d9a7d6a3134d56776beef7f02b88fbe31e8f18ac118a957eac374c3df02,b4bf2ad829be75d27f6ac4d3792968e90467c80f1b4949e56d7f1566f488630b,b4bf2ad829be75d27f6ac4d3792968e90467c80f1b4949e56d7f1566f488630b,2026-07-26T11:53:17.328965+00:00,route_map_diagnostic,source_bound,route_greedy,5000,0.0,0.0,0.0,0.0,0.0,0.0,0.0,0.0,1e-08,True,0.0,1.0,0.0,0.0,15.0,0.0,0.0,0.0,0,28b869d18f298db7455f5cd11f9a1bb48d08862e84461b630a36c48b4c6e35e8,774ae03f0b0fda6edf6a3b449e3ec6f295b8ce88464cfc4d910e4e6ff2b4f504,00bdc3d7310cd0e8a6fac035610f532c58e0c040fe9139f44df2282f5587e128
exp1_alignment_transfer:full:2026-07-26T11:53:17.328965+00:00,paper,True,primary,exp1_alignment_transfer,primary_t5000_k10,27,zero_delay,6e09fa90a1fcdeccc861cf2960bd31c4b60e2df4,21563d9a7d6a3134d56776beef7f02b88fbe31e8f18ac118a957eac374c3df02,b4bf2ad829be75d27f6ac4d3792968e90467c80f1b4949e56d7f1566f488630b,b4bf2ad829be75d27f6ac4d3792968e90467c80f1b4949e56d7f1566f488630b,2026-07-26T11:53:17.328965+00:00,route_map_diagnostic,arrival_assigned,route_greedy,5000,0.0,0.0,0.0,0.0,0.0,0.0,0.0,0.0,1e-08,True,0.0,1.0,0.0,0.0,0.0,0.0,0.0,0.0,0,be806ea832831c700633d61df528d0dc08fc4e05b0a40296b3b887b18b43e168,99637b16a95ac94be6f9218221a9fbdcad0772f511e33cbbebe1c2f71f728d40,e8151be153ed1163964c1b00085a1e0cf7296f6c566ac8caf0c703e7fa50c7e4
exp1_alignment_transfer:full:2026-07-26T11:53:17.328965+00:00,paper,True,primary,exp1_alignment_transfer,primary_t5000_k10,27,zero_delay,6e09fa90a1fcdeccc861cf2960bd31c4b60e2df4,21563d9a7d6a3134d56776beef7f02b88fbe31e8f18ac118a957eac374c3df02,b4bf2ad829be75d27f6ac4d3792968e90467c80f1b4949e56d7f1566f488630b,b4bf2ad829be75d27f6ac4d3792968e90467c80f1b4949e56d7f1566f488630b,2026-07-26T11:53:17.328965+00:00,route_map_diagnostic,source_bound,route_greedy,5000,0.0,0.0,0.0,0.0,0.0,0.0,0.0,0.0,1e-08,True,0.0,1.0,0.0,0.0,0.0,0.0,0.0,0.0,0,be806ea832831c700633d61df528d0dc08fc4e05b0a40296b3b887b18b43e168,99637b16a95ac94be6f9218221a9fbdcad0772f511e33cbbebe1c2f71f728d40,e8151be153ed1163964c1b00085a1e0cf7296f6c566ac8caf0c703e7fa50c7e4
exp1_alignment_transfer:full:2026-07-26T11:53:17.328965+00:00,paper,True,primary,exp1_alignment_transfer,primary_t5000_k10,27,exact_valid_shift,6e09fa90a1fcdeccc861cf2960bd31c4b60e2df4,21563d9a7d6a3134d56776beef7f02b88fbe31e8f18ac118a957eac374c3df02,b4bf2ad829be75d27f6ac4d3792968e90467c80f1b4949e56d7f1566f488630b,b4bf2ad829be75d27f6ac4d3792968e90467c80f1b4949e56d7f1566f488630b,2026-07-26T11:53:17.328965+00:00,route_map_diagnostic,arrival_assigned,route_greedy,5000,0.0,0.0,2.7655308598717454e-13,0.0,0.0,5.531061719743491e-17,5.531061719743491e-17,5.531061719743491e-17,1e-08,True,0.0,1.0,0.0,0.0,15.123725490196078,0.3624,0.259,11.9622,101,c77646fc0cda6cfed1625dd9b5f6cfc6ca337e47049d0e64693a26c64f832073,c7cb0a1207162fa1b32b3cd2e2596f5f4f6efd66b738367a7598cdd4542bc61d,8bf32f561ae000c951b817a4ff33f0746485a0f24a76889e306f81ff6f20aa39
exp1_alignment_transfer:full:2026-07-26T11:53:17.328965+00:00,paper,True,primary,exp1_alignment_transfer,primary_t5000_k10,27,exact_valid_shift,6e09fa90a1fcdeccc861cf2960bd31c4b60e2df4,21563d9a7d6a3134d56776beef7f02b88fbe31e8f18ac118a957eac374c3df02,b4bf2ad829be75d27f6ac4d3792968e90467c80f1b4949e56d7f1566f488630b,b4bf2ad829be75d27f6ac4d3792968e90467c80f1b4949e56d7f1566f488630b,2026-07-26T11:53:17.328965+00:00,route_map_diagnostic,source_bound,route_greedy,5000,0.0,0.0,0.0,0.0,0.0,0.0,0.0,0.0,1e-08,True,0.0,1.0,0.0,0.0,15.123725490196078,0.0,0.0,0.0,0,c77646fc0cda6cfed1625dd9b5f6cfc6ca337e47049d0e64693a26c64f832073,c7cb0a1207162fa1b32b3cd2e2596f5f4f6efd66b738367a7598cdd4542bc61d,8bf32f561ae000c951b817a4ff33f0746485a0f24a76889e306f81ff6f20aa39
exp1_alignment_transfer:full:2026-07-26T11:53:17.328965+00:00,paper,True,primary,exp1_alignment_transfer,primary_t5000_k10,27,geometric_delay,6e09fa90a1fcdeccc861cf2960bd31c4b60e2df4,21563d9a7d6a3134d56776beef7f02b88fbe31e8f18ac118a957eac374c3df02,b4bf2ad829be75d27f6ac4d3792968e90467c80f1b4949e56d7f1566f488630b,b4bf2ad829be75d27f6ac4d3792968e90467c80f1b4949e56d7f1566f488630b,2026-07-26T11:53:17.328965+00:00,route_map_diagnostic,arrival_assigned,route_greedy,5000,152.02705564952794,0.0,1256.9898705924809,0.0304054111299055,0.0,0.2513979741184962,0.2513979741184962,0.2209925629885906,1e-08,True,0.6522,0.054,0.0466197656085642,0.0029644354863787,15.123725490196078,0.3624,0.259,11.9622,101,be806ea832831c700633d61df528d0dc08fc4e05b0a40296b3b887b18b43e168,c7cb0a1207162fa1b32b3cd2e2596f5f4f6efd66b738367a7598cdd4542bc61d,384d5c7cf60028e6818dacd4085a7dc3318aa20eed4382475fe4784889c39908
exp1_alignment_transfer:full:2026-07-26T11:53:17.328965+00:00,paper,True,primary,exp1_alignment_transfer,primary_t5000_k10,27,geometric_delay,6e09fa90a1fcdeccc861cf2960bd31c4b60e2df4,21563d9a7d6a3134d56776beef7f02b88fbe31e8f18ac118a957eac374c3df02,b4bf2ad829be75d27f6ac4d3792968e90467c80f1b4949e56d7f1566f488630b,b4bf2ad829be75d27f6ac4d3792968e90467c80f1b4949e56d7f1566f488630b,2026-07-26T11:53:17.328965+00:00,route_map_diagnostic,source_bound,route_greedy,5000,0.0,0.0,0.0,0.0,0.0,0.0,0.0,0.0,1e-08,True,0.0,1.0,0.0,0.0,15.123725490196078,0.0,0.0,0.0,0,be806ea832831c700633d61df528d0dc08fc4e05b0a40296b3b887b18b43e168,c7cb0a1207162fa1b32b3cd2e2596f5f4f6efd66b738367a7598cdd4542bc61d,384d5c7cf60028e6818dacd4085a7dc3318aa20eed4382475fe4784889c39908
exp1_alignment_transfer:full:2026-07-26T11:53:17.328965+00:00,paper,True,primary,exp1_alignment_transfer,primary_t5000_k10,27,mixture_delay,6e09fa90a1fcdeccc861cf2960bd31c4b60e2df4,21563d9a7d6a3134d56776beef7f02b88fbe31e8f18ac118a957eac374c3df02,b4bf2ad829be75d27f6ac4d3792968e90467c80f1b4949e56d7f1566f488630b,b4bf2ad829be75d27f6ac4d3792968e90467c80f1b4949e56d7f1566f488630b,2026-07-26T11:53:17.328965+00:00,route_map_diagnostic,arrival_assigned,route_greedy,5000,132.72091705262088,0.0,1071.8823643946362,0.0265441834105241,0.0,0.2143764728789272,0.2143764728789272,0.187832289468403,1e-08,True,0.5732,0.1078,0.0463087638006353,0.0027385788342373,15.409607843137255,0.3566,0.2624,9.8962,100,be806ea832831c700633d61df528d0dc08fc4e05b0a40296b3b887b18b43e168,b2a0986748dbcbf400698310c872e0ebad875016213db254931cb159ee96c077,c26cfefb0fde12d191aeb068da5b4e3000e3236f4394968ad0c0902ea484fae9
exp1_alignment_transfer:full:2026-07-26T11:53:17.328965+00:00,paper,True,primary,exp1_alignment_transfer,primary_t5000_k10,27,mixture_delay,6e09fa90a1fcdeccc861cf2960bd31c4b60e2df4,21563d9a7d6a3134d56776beef7f02b88fbe31e8f18ac118a957eac374c3df02,b4bf2ad829be75d27f6ac4d3792968e90467c80f1b4949e56d7f1566f488630b,b4bf2ad829be75d27f6ac4d3792968e90467c80f1b4949e56d7f1566f488630b,2026-07-26T11:53:17.328965+00:00,route_map_diagnostic,source_bound,route_greedy,5000,0.0,0.0,0.0,0.0,0.0,0.0,0.0,0.0,1e-08,True,0.0,1.0,0.0,0.0,15.409607843137255,0.0,0.0,0.0,0,be806ea832831c700633d61df528d0dc08fc4e05b0a40296b3b887b18b43e168,b2a0986748dbcbf400698310c872e0ebad875016213db254931cb159ee96c077,c26cfefb0fde12d191aeb068da5b4e3000e3236f4394968ad0c0902ea484fae9
exp1_alignment_transfer:full:2026-07-26T11:53:17.328965+00:00,paper,True,primary,exp1_alignment_transfer,primary_t5000_k10,27,state_coupled_delay,6e09fa90a1fcdeccc861cf2960bd31c4b60e2df4,21563d9a7d6a3134d56776beef7f02b88fbe31e8f18ac118a957eac374c3df02,b4bf2ad829be75d27f6ac4d3792968e90467c80f1b4949e56d7f1566f488630b,b4bf2ad829be75d27f6ac4d3792968e90467c80f1b4949e56d7f1566f488630b,2026-07-26T11:53:17.328965+00:00,route_map_diagnostic,arrival_assigned,route_greedy,5000,133.1815415210688,0.0,1165.8260100378957,0.0266363083042137,0.0,0.2331652020075791,0.2331652020075791,0.2065288937033653,1e-08,True,0.6222,0.0682,0.0428098815561134,0.0027805796837118,13.955490196078433,0.3608,0.2676,10.7952,100,be806ea832831c700633d61df528d0dc08fc4e05b0a40296b3b887b18b43e168,c2b63834d3fbeec085fddaf5a4d179627a3cce3ec7f73c524eab0dffc936e63f,b7442b75fe594369e52e45676066cd8690ec53dde75bd1ca190f1c5efb179a3c
exp1_alignment_transfer:full:2026-07-26T11:53:17.328965+00:00,paper,True,primary,exp1_alignment_transfer,primary_t5000_k10,27,state_coupled_delay,6e09fa90a1fcdeccc861cf2960bd31c4b60e2df4,21563d9a7d6a3134d56776beef7f02b88fbe31e8f18ac118a957eac374c3df02,b4bf2ad829be75d27f6ac4d3792968e90467c80f1b4949e56d7f1566f488630b,b4bf2ad829be75d27f6ac4d3792968e90467c80f1b4949e56d7f1566f488630b,2026-07-26T11:53:17.328965+00:00,route_map_diagnostic,source_bound,route_greedy,5000,0.0,0.0,0.0,0.0,0.0,0.0,0.0,0.0,1e-08,True,0.0,1.0,0.0,0.0,13.955490196078433,0.0,0.0,0.0,0,be806ea832831c700633d61df528d0dc08fc4e05b0a40296b3b887b18b43e168,c2b63834d3fbeec085fddaf5a4d179627a3cce3ec7f73c524eab0dffc936e63f,b7442b75fe594369e52e45676066cd8690ec53dde75bd1ca190f1c5efb179a3c
exp1_alignment_transfer:full:2026-07-26T11:53:17.328965+00:00,paper,True,primary,exp1_alignment_transfer,primary_t5000_k10,27,systematic_misbinding,6e09fa90a1fcdeccc861cf2960bd31c4b60e2df4,21563d9a7d6a3134d56776beef7f02b88fbe31e8f18ac118a957eac374c3df02,b4bf2ad829be75d27f6ac4d3792968e90467c80f1b4949e56d7f1566f488630b,b4bf2ad829be75d27f6ac4d3792968e90467c80f1b4949e56d7f1566f488630b,2026-07-26T11:53:17.328965+00:00,route_map_diagnostic,arrival_assigned,route_greedy,5000,770.0617283950617,0.0,2772.2222222222217,0.1540123456790123,0.0,0.5544444444444443,0.5544444444444443,0.400432098765432,1e-08,True,0.499,0.501,0.308641975308642,0.3086419753086419,15.0,0.0,0.0,15.0,15,903c66d8dfe924abd698c466997b2e40e6660654538fa590de238cfdb07ff569,05c0a13bedea88efc7a1265f3f5fdf2adae064f5352e022c1b56456eac8e8d27,1cd4c0e94d2fb27b4be8a5cc471f867879179af4ecb141e4b58e963c798e21bf
exp1_alignment_transfer:full:2026-07-26T11:53:17.328965+00:00,paper,True,primary,exp1_alignment_transfer,primary_t5000_k10,27,systematic_misbinding,6e09fa90a1fcdeccc861cf2960bd31c4b60e2df4,21563d9a7d6a3134d56776beef7f02b88fbe31e8f18ac118a957eac374c3df02,b4bf2ad829be75d27f6ac4d3792968e90467c80f1b4949e56d7f1566f488630b,b4bf2ad829be75d27f6ac4d3792968e90467c80f1b4949e56d7f1566f488630b,2026-07-26T11:53:17.328965+00:00,route_map_diagnostic,source_bound,route_greedy,5000,0.0,0.0,0.0,0.0,0.0,0.0,0.0,0.0,1e-08,True,0.0,1.0,0.0,0.0,15.0,0.0,0.0,0.0,0,903c66d8dfe924abd698c466997b2e40e6660654538fa590de238cfdb07ff569,05c0a13bedea88efc7a1265f3f5fdf2adae064f5352e022c1b56456eac8e8d27,1cd4c0e94d2fb27b4be8a5cc471f867879179af4ecb141e4b58e963c798e21bf
exp1_alignment_transfer:full:2026-07-26T11:53:17.328965+00:00,paper,True,primary,exp1_alignment_transfer,primary_t5000_k10,28,zero_delay,6e09fa90a1fcdeccc861cf2960bd31c4b60e2df4,21563d9a7d6a3134d56776beef7f02b88fbe31e8f18ac118a957eac374c3df02,b4bf2ad829be75d27f6ac4d3792968e90467c80f1b4949e56d7f1566f488630b,b4bf2ad829be75d27f6ac4d3792968e90467c80f1b4949e56d7f1566f488630b,2026-07-26T11:53:17.328965+00:00,route_map_diagnostic,arrival_assigned,route_greedy,5000,0.0,0.0,0.0,0.0,0.0,0.0,0.0,0.0,1e-08,True,0.0,1.0,0.0,0.0,0.0,0.0,0.0,0.0,0,af29803d1fd9ca6e68ee7a9c9f7416e2ad456c87f1caffe808a9f65449acba1f,fe7ce1460aede6b1a87c63c89cca7aaf22b4f0d8af1bf7a8671a88ef3eca29d1,b364171c7ae3f1a939d859cf34532415c0716e10a6687faff78c8da46f9fd822
exp1_alignment_transfer:full:2026-07-26T11:53:17.328965+00:00,paper,True,primary,exp1_alignment_transfer,primary_t5000_k10,28,zero_delay,6e09fa90a1fcdeccc861cf2960bd31c4b60e2df4,21563d9a7d6a3134d56776beef7f02b88fbe31e8f18ac118a957eac374c3df02,b4bf2ad829be75d27f6ac4d3792968e90467c80f1b4949e56d7f1566f488630b,b4bf2ad829be75d27f6ac4d3792968e90467c80f1b4949e56d7f1566f488630b,2026-07-26T11:53:17.328965+00:00,route_map_diagnostic,source_bound,route_greedy,5000,0.0,0.0,0.0,0.0,0.0,0.0,0.0,0.0,1e-08,True,0.0,1.0,0.0,0.0,0.0,0.0,0.0,0.0,0,af29803d1fd9ca6e68ee7a9c9f7416e2ad456c87f1caffe808a9f65449acba1f,fe7ce1460aede6b1a87c63c89cca7aaf22b4f0d8af1bf7a8671a88ef3eca29d1,b364171c7ae3f1a939d859cf34532415c0716e10a6687faff78c8da46f9fd822
exp1_alignment_transfer:full:2026-07-26T11:53:17.328965+00:00,paper,True,primary,exp1_alignment_transfer,primary_t5000_k10,28,exact_valid_shift,6e09fa90a1fcdeccc861cf2960bd31c4b60e2df4,21563d9a7d6a3134d56776beef7f02b88fbe31e8f18ac118a957eac374c3df02,b4bf2ad829be75d27f6ac4d3792968e90467c80f1b4949e56d7f1566f488630b,b4bf2ad829be75d27f6ac4d3792968e90467c80f1b4949e56d7f1566f488630b,2026-07-26T11:53:17.328965+00:00,route_map_diagnostic,arrival_assigned,route_greedy,5000,0.0,0.0,2.7688875497977605e-13,0.0,0.0,5.5377750995955213e-17,5.5377750995955213e-17,5.5377750995955213e-17,1e-08,True,0.0,1.0,0.0,0.0,15.092549019607842,0.3626,0.2662,11.7024,100,f249dea5bb9278567165ee6b9a93727f69eda12380bd57a151e198aae521194e,ab31a5cec6013d5e51ab249cfc7be8067c11500bf01ac840e6d0f5aa64de073c,055836b1cafcc0151f41db3ae6d95a429d5ef0f9685cb9c1d865093b4db52407
exp1_alignment_transfer:full:2026-07-26T11:53:17.328965+00:00,paper,True,primary,exp1_alignment_transfer,primary_t5000_k10,28,exact_valid_shift,6e09fa90a1fcdeccc861cf2960bd31c4b60e2df4,21563d9a7d6a3134d56776beef7f02b88fbe31e8f18ac118a957eac374c3df02,b4bf2ad829be75d27f6ac4d3792968e90467c80f1b4949e56d7f1566f488630b,b4bf2ad829be75d27f6ac4d3792968e90467c80f1b4949e56d7f1566f488630b,2026-07-26T11:53:17.328965+00:00,route_map_diagnostic,source_bound,route_greedy,5000,0.0,0.0,0.0,0.0,0.0,0.0,0.0,0.0,1e-08,True,0.0,1.0,0.0,0.0,15.092549019607842,0.0,0.0,0.0,0,f249dea5bb9278567165ee6b9a93727f69eda12380bd57a151e198aae521194e,ab31a5cec6013d5e51ab249cfc7be8067c11500bf01ac840e6d0f5aa64de073c,055836b1cafcc0151f41db3ae6d95a429d5ef0f9685cb9c1d865093b4db52407
exp1_alignment_transfer:full:2026-07-26T11:53:17.328965+00:00,paper,True,primary,exp1_alignment_transfer,primary_t5000_k10,28,geometric_delay,6e09fa90a1fcdeccc861cf2960bd31c4b60e2df4,21563d9a7d6a3134d56776beef7f02b88fbe31e8f18ac118a957eac374c3df02,b4bf2ad829be75d27f6ac4d3792968e90467c80f1b4949e56d7f1566f488630b,b4bf2ad829be75d27f6ac4d3792968e90467c80f1b4949e56d7f1566f488630b,2026-07-26T11:53:17.328965+00:00,route_map_diagnostic,arrival_assigned,route_greedy,5000,177.09104034703591,0.0,1368.5359845104786,0.0354182080694071,0.0,0.2737071969020957,0.2737071969020957,0.2382889888326885,1e-08,True,0.6802,0.0452,0.0520702853122716,0.0035115982223785,15.092549019607842,0.3626,0.2662,11.7024,100,af29803d1fd9ca6e68ee7a9c9f7416e2ad456c87f1caffe808a9f65449acba1f,ab31a5cec6013d5e51ab249cfc7be8067c11500bf01ac840e6d0f5aa64de073c,1e12af24c3f7d3a675c834db5681f1fc13ea14f2afb88866ec885b11f5b78455
exp1_alignment_transfer:full:2026-07-26T11:53:17.328965+00:00,paper,True,primary,exp1_alignment_transfer,primary_t5000_k10,28,geometric_delay,6e09fa90a1fcdeccc861cf2960bd31c4b60e2df4,21563d9a7d6a3134d56776beef7f02b88fbe31e8f18ac118a957eac374c3df02,b4bf2ad829be75d27f6ac4d3792968e90467c80f1b4949e56d7f1566f488630b,b4bf2ad829be75d27f6ac4d3792968e90467c80f1b4949e56d7f1566f488630b,2026-07-26T11:53:17.328965+00:00,route_map_diagnostic,source_bound,route_greedy,5000,0.0,0.0,0.0,0.0,0.0,0.0,0.0,0.0,1e-08,True,0.0,1.0,0.0,0.0,15.092549019607842,0.0,0.0,0.0,0,af29803d1fd9ca6e68ee7a9c9f7416e2ad456c87f1caffe808a9f65449acba1f,ab31a5cec6013d5e51ab249cfc7be8067c11500bf01ac840e6d0f5aa64de073c,1e12af24c3f7d3a675c834db5681f1fc13ea14f2afb88866ec885b11f5b78455
exp1_alignment_transfer:full:2026-07-26T11:53:17.328965+00:00,paper,True,primary,exp1_alignment_transfer,primary_t5000_k10,28,mixture_delay,6e09fa90a1fcdeccc861cf2960bd31c4b60e2df4,21563d9a7d6a3134d56776beef7f02b88fbe31e8f18ac118a957eac374c3df02,b4bf2ad829be75d27f6ac4d3792968e90467c80f1b4949e56d7f1566f488630b,b4bf2ad829be75d27f6ac4d3792968e90467c80f1b4949e56d7f1566f488630b,2026-07-26T11:53:17.328965+00:00,route_map_diagnostic,arrival_assigned,route_greedy,5000,145.3764713596455,0.0,1151.336666031417,0.0290752942719291,0.0,0.2302673332062834,0.2302673332062834,0.2011920389343543,1e-08,True,0.5978,0.1024,0.0486371600400286,0.0031540125975777,15.111960784313723,0.3518,0.262,9.7664,100,af29803d1fd9ca6e68ee7a9c9f7416e2ad456c87f1caffe808a9f65449acba1f,c4c08fe8c7570e5f32fbf1fa46ac5ccf4c722329b51b803203f0c182cf66fa13,26cf662348f17be31426b17e0a14fb5ff04f95838f88846042fbba60d95de627
exp1_alignment_transfer:full:2026-07-26T11:53:17.328965+00:00,paper,True,primary,exp1_alignment_transfer,primary_t5000_k10,28,mixture_delay,6e09fa90a1fcdeccc861cf2960bd31c4b60e2df4,21563d9a7d6a3134d56776beef7f02b88fbe31e8f18ac118a957eac374c3df02,b4bf2ad829be75d27f6ac4d3792968e90467c80f1b4949e56d7f1566f488630b,b4bf2ad829be75d27f6ac4d3792968e90467c80f1b4949e56d7f1566f488630b,2026-07-26T11:53:17.328965+00:00,route_map_diagnostic,source_bound,route_greedy,5000,0.0,0.0,0.0,0.0,0.0,0.0,0.0,0.0,1e-08,True,0.0,1.0,0.0,0.0,15.111960784313723,0.0,0.0,0.0,0,af29803d1fd9ca6e68ee7a9c9f7416e2ad456c87f1caffe808a9f65449acba1f,c4c08fe8c7570e5f32fbf1fa46ac5ccf4c722329b51b803203f0c182cf66fa13,26cf662348f17be31426b17e0a14fb5ff04f95838f88846042fbba60d95de627
exp1_alignment_transfer:full:2026-07-26T11:53:17.328965+00:00,paper,True,primary,exp1_alignment_transfer,primary_t5000_k10,28,state_coupled_delay,6e09fa90a1fcdeccc861cf2960bd31c4b60e2df4,21563d9a7d6a3134d56776beef7f02b88fbe31e8f18ac118a957eac374c3df02,b4bf2ad829be75d27f6ac4d3792968e90467c80f1b4949e56d7f1566f488630b,b4bf2ad829be75d27f6ac4d3792968e90467c80f1b4949e56d7f1566f488630b,2026-07-26T11:53:17.328965+00:00,route_map_diagnostic,arrival_assigned,route_greedy,5000,173.2656648473609,0.0,1336.5162445092003,0.0346531329694721,0.0,0.2673032489018401,0.2673032489018401,0.2326501159323679,1e-08,True,0.6738,0.0538,0.0514294048226063,0.0035082962228787,14.86450980392157,0.362,0.267,11.43,100,af29803d1fd9ca6e68ee7a9c9f7416e2ad456c87f1caffe808a9f65449acba1f,a242d06a1e83a4ad2c30464da7721a82063619af276915900a3896d783afc2e9,c278377095479287c9c0699ab1a5985628f58b56580f287bb4af0baa5146f16e
exp1_alignment_transfer:full:2026-07-26T11:53:17.328965+00:00,paper,True,primary,exp1_alignment_transfer,primary_t5000_k10,28,state_coupled_delay,6e09fa90a1fcdeccc861cf2960bd31c4b60e2df4,21563d9a7d6a3134d56776beef7f02b88fbe31e8f18ac118a957eac374c3df02,b4bf2ad829be75d27f6ac4d3792968e90467c80f1b4949e56d7f1566f488630b,b4bf2ad829be75d27f6ac4d3792968e90467c80f1b4949e56d7f1566f488630b,2026-07-26T11:53:17.328965+00:00,route_map_diagnostic,source_bound,route_greedy,5000,0.0,0.0,0.0,0.0,0.0,0.0,0.0,0.0,1e-08,True,0.0,1.0,0.0,0.0,14.86450980392157,0.0,0.0,0.0,0,af29803d1fd9ca6e68ee7a9c9f7416e2ad456c87f1caffe808a9f65449acba1f,a242d06a1e83a4ad2c30464da7721a82063619af276915900a3896d783afc2e9,c278377095479287c9c0699ab1a5985628f58b56580f287bb4af0baa5146f16e
exp1_alignment_transfer:full:2026-07-26T11:53:17.328965+00:00,paper,True,primary,exp1_alignment_transfer,primary_t5000_k10,28,systematic_misbinding,6e09fa90a1fcdeccc861cf2960bd31c4b60e2df4,21563d9a7d6a3134d56776beef7f02b88fbe31e8f18ac118a957eac374c3df02,b4bf2ad829be75d27f6ac4d3792968e90467c80f1b4949e56d7f1566f488630b,b4bf2ad829be75d27f6ac4d3792968e90467c80f1b4949e56d7f1566f488630b,2026-07-26T11:53:17.328965+00:00,route_map_diagnostic,arrival_assigned,route_greedy,5000,771.6049382716049,0.0,2777.7777777777774,0.1543209876543209,0.0,0.5555555555555555,0.5555555555555555,0.4012345679012345,1e-08,True,0.5,0.5,0.308641975308642,0.3086419753086419,15.0,0.0,0.0,15.0,15,fa0ea78c4cf53f062dc5da095e017be4ed3dbf6be908f838f123b82fdd3902a6,fc6f62a5bf3c29b387a8cb8045e96dcbffd37dabf50fd949add6aeaff3361bbc,1729704086c61a1ca1f6651c14ac76bac69d3e5e4cb955649cc7109ed23034f4
exp1_alignment_transfer:full:2026-07-26T11:53:17.328965+00:00,paper,True,primary,exp1_alignment_transfer,primary_t5000_k10,28,systematic_misbinding,6e09fa90a1fcdeccc861cf2960bd31c4b60e2df4,21563d9a7d6a3134d56776beef7f02b88fbe31e8f18ac118a957eac374c3df02,b4bf2ad829be75d27f6ac4d3792968e90467c80f1b4949e56d7f1566f488630b,b4bf2ad829be75d27f6ac4d3792968e90467c80f1b4949e56d7f1566f488630b,2026-07-26T11:53:17.328965+00:00,route_map_diagnostic,source_bound,route_greedy,5000,0.0,0.0,0.0,0.0,0.0,0.0,0.0,0.0,1e-08,True,0.0,1.0,0.0,0.0,15.0,0.0,0.0,0.0,0,fa0ea78c4cf53f062dc5da095e017be4ed3dbf6be908f838f123b82fdd3902a6,fc6f62a5bf3c29b387a8cb8045e96dcbffd37dabf50fd949add6aeaff3361bbc,1729704086c61a1ca1f6651c14ac76bac69d3e5e4cb955649cc7109ed23034f4
exp1_alignment_transfer:full:2026-07-26T11:53:17.328965+00:00,paper,True,primary,exp1_alignment_transfer,primary_t5000_k10,29,zero_delay,6e09fa90a1fcdeccc861cf2960bd31c4b60e2df4,21563d9a7d6a3134d56776beef7f02b88fbe31e8f18ac118a957eac374c3df02,b4bf2ad829be75d27f6ac4d3792968e90467c80f1b4949e56d7f1566f488630b,b4bf2ad829be75d27f6ac4d3792968e90467c80f1b4949e56d7f1566f488630b,2026-07-26T11:53:17.328965+00:00,route_map_diagnostic,arrival_assigned,route_greedy,5000,0.0,0.0,0.0,0.0,0.0,0.0,0.0,0.0,1e-08,True,0.0,1.0,0.0,0.0,0.0,0.0,0.0,0.0,0,33270e43de936b5aa4398d2ee5c4818639e3bab4f77fc9f4b263d2afaf30f8fe,64513b789d8b548e46c9cf10f4ac5ac46a2677d2782ec361eb04dbde58d36e9c,9d3cbed23f47c348b062aa6808bafe2d0982e414fe9c00e0cf266ff7aaed5d67
exp1_alignment_transfer:full:2026-07-26T11:53:17.328965+00:00,paper,True,primary,exp1_alignment_transfer,primary_t5000_k10,29,zero_delay,6e09fa90a1fcdeccc861cf2960bd31c4b60e2df4,21563d9a7d6a3134d56776beef7f02b88fbe31e8f18ac118a957eac374c3df02,b4bf2ad829be75d27f6ac4d3792968e90467c80f1b4949e56d7f1566f488630b,b4bf2ad829be75d27f6ac4d3792968e90467c80f1b4949e56d7f1566f488630b,2026-07-26T11:53:17.328965+00:00,route_map_diagnostic,source_bound,route_greedy,5000,0.0,0.0,0.0,0.0,0.0,0.0,0.0,0.0,1e-08,True,0.0,1.0,0.0,0.0,0.0,0.0,0.0,0.0,0,33270e43de936b5aa4398d2ee5c4818639e3bab4f77fc9f4b263d2afaf30f8fe,64513b789d8b548e46c9cf10f4ac5ac46a2677d2782ec361eb04dbde58d36e9c,9d3cbed23f47c348b062aa6808bafe2d0982e414fe9c00e0cf266ff7aaed5d67
exp1_alignment_transfer:full:2026-07-26T11:53:17.328965+00:00,paper,True,primary,exp1_alignment_transfer,primary_t5000_k10,29,exact_valid_shift,6e09fa90a1fcdeccc861cf2960bd31c4b60e2df4,21563d9a7d6a3134d56776beef7f02b88fbe31e8f18ac118a957eac374c3df02,b4bf2ad829be75d27f6ac4d3792968e90467c80f1b4949e56d7f1566f488630b,b4bf2ad829be75d27f6ac4d3792968e90467c80f1b4949e56d7f1566f488630b,2026-07-26T11:53:17.328965+00:00,route_map_diagnostic,arrival_assigned,route_greedy,5000,0.0,0.0,2.7298475979709025e-13,0.0,0.0,5.459695195941805e-17,5.459695195941805e-17,5.459695195941805e-17,1e-08,True,0.0,1.0,0.0,0.0,15.009803921568627,0.3596,0.2638,11.6192,99,24c1b1e0a7c4e4e4e9da33aafeb9e11851008b432de4cc75066e1ed2bc3fe29a,76dd9c9091e2b4782a95258643236f59477dc7ce306dfef1b48478b531c459cf,620f22c3e24e57801eb81d7894da9ff3872b428afffdfed5d0936f7f438c8699
exp1_alignment_transfer:full:2026-07-26T11:53:17.328965+00:00,paper,True,primary,exp1_alignment_transfer,primary_t5000_k10,29,exact_valid_shift,6e09fa90a1fcdeccc861cf2960bd31c4b60e2df4,21563d9a7d6a3134d56776beef7f02b88fbe31e8f18ac118a957eac374c3df02,b4bf2ad829be75d27f6ac4d3792968e90467c80f1b4949e56d7f1566f488630b,b4bf2ad829be75d27f6ac4d3792968e90467c80f1b4949e56d7f1566f488630b,2026-07-26T11:53:17.328965+00:00,route_map_diagnostic,source_bound,route_greedy,5000,0.0,0.0,0.0,0.0,0.0,0.0,0.0,0.0,1e-08,True,0.0,1.0,0.0,0.0,15.009803921568627,0.0,0.0,0.0,0,24c1b1e0a7c4e4e4e9da33aafeb9e11851008b432de4cc75066e1ed2bc3fe29a,76dd9c9091e2b4782a95258643236f59477dc7ce306dfef1b48478b531c459cf,620f22c3e24e57801eb81d7894da9ff3872b428afffdfed5d0936f7f438c8699
exp1_alignment_transfer:full:2026-07-26T11:53:17.328965+00:00,paper,True,primary,exp1_alignment_transfer,primary_t5000_k10,29,geometric_delay,6e09fa90a1fcdeccc861cf2960bd31c4b60e2df4,21563d9a7d6a3134d56776beef7f02b88fbe31e8f18ac118a957eac374c3df02,b4bf2ad829be75d27f6ac4d3792968e90467c80f1b4949e56d7f1566f488630b,b4bf2ad829be75d27f6ac4d3792968e90467c80f1b4949e56d7f1566f488630b,2026-07-26T11:53:17.328965+00:00,route_map_diagnostic,arrival_assigned,route_greedy,5000,151.34362654205435,0.0,1249.3121831880826,0.0302687253084108,0.0,0.2498624366376165,0.2498624366376165,0.2195937113292056,1e-08,True,0.6766,0.0438,0.0447365139054254,0.002980411683958,15.009803921568627,0.3596,0.2638,11.6192,99,33270e43de936b5aa4398d2ee5c4818639e3bab4f77fc9f4b263d2afaf30f8fe,76dd9c9091e2b4782a95258643236f59477dc7ce306dfef1b48478b531c459cf,721378385abf0cfa9670905c12b014d683072a9654a31a60dcba9dfabb01a167
exp1_alignment_transfer:full:2026-07-26T11:53:17.328965+00:00,paper,True,primary,exp1_alignment_transfer,primary_t5000_k10,29,geometric_delay,6e09fa90a1fcdeccc861cf2960bd31c4b60e2df4,21563d9a7d6a3134d56776beef7f02b88fbe31e8f18ac118a957eac374c3df02,b4bf2ad829be75d27f6ac4d3792968e90467c80f1b4949e56d7f1566f488630b,b4bf2ad829be75d27f6ac4d3792968e90467c80f1b4949e56d7f1566f488630b,2026-07-26T11:53:17.328965+00:00,route_map_diagnostic,source_bound,route_greedy,5000,0.0,0.0,0.0,0.0,0.0,0.0,0.0,0.0,1e-08,True,0.0,1.0,0.0,0.0,15.009803921568627,0.0,0.0,0.0,0,33270e43de936b5aa4398d2ee5c4818639e3bab4f77fc9f4b263d2afaf30f8fe,76dd9c9091e2b4782a95258643236f59477dc7ce306dfef1b48478b531c459cf,721378385abf0cfa9670905c12b014d683072a9654a31a60dcba9dfabb01a167
exp1_alignment_transfer:full:2026-07-26T11:53:17.328965+00:00,paper,True,primary,exp1_alignment_transfer,primary_t5000_k10,29,mixture_delay,6e09fa90a1fcdeccc861cf2960bd31c4b60e2df4,21563d9a7d6a3134d56776beef7f02b88fbe31e8f18ac118a957eac374c3df02,b4bf2ad829be75d27f6ac4d3792968e90467c80f1b4949e56d7f1566f488630b,b4bf2ad829be75d27f6ac4d3792968e90467c80f1b4949e56d7f1566f488630b,2026-07-26T11:53:17.328965+00:00,route_map_diagnostic,arrival_assigned,route_greedy,5000,143.21005766746586,0.0,1116.221471328241,0.0286420115334931,0.0,0.2232442942656482,0.2232442942656482,0.194602282732155,1e-08,True,0.5834,0.0982,0.0490949803453774,0.0024909767227912,14.937843137254902,0.3558,0.2612,10.5298,99,33270e43de936b5aa4398d2ee5c4818639e3bab4f77fc9f4b263d2afaf30f8fe,752c0e843207cc1ec1626fb8f066f77897f38b20e2cfe920d3e6c102472c6edd,b10fc9efe61608ca4bf8e58aa5d4e95d8aac5f704b0a175e7ab8b6f97bbee2a5
exp1_alignment_transfer:full:2026-07-26T11:53:17.328965+00:00,paper,True,primary,exp1_alignment_transfer,primary_t5000_k10,29,mixture_delay,6e09fa90a1fcdeccc861cf2960bd31c4b60e2df4,21563d9a7d6a3134d56776beef7f02b88fbe31e8f18ac118a957eac374c3df02,b4bf2ad829be75d27f6ac4d3792968e90467c80f1b4949e56d7f1566f488630b,b4bf2ad829be75d27f6ac4d3792968e90467c80f1b4949e56d7f1566f488630b,2026-07-26T11:53:17.328965+00:00,route_map_diagnostic,source_bound,route_greedy,5000,0.0,0.0,0.0,0.0,0.0,0.0,0.0,0.0,1e-08,True,0.0,1.0,0.0,0.0,14.937843137254902,0.0,0.0,0.0,0,33270e43de936b5aa4398d2ee5c4818639e3bab4f77fc9f4b263d2afaf30f8fe,752c0e843207cc1ec1626fb8f066f77897f38b20e2cfe920d3e6c102472c6edd,b10fc9efe61608ca4bf8e58aa5d4e95d8aac5f704b0a175e7ab8b6f97bbee2a5
exp1_alignment_transfer:full:2026-07-26T11:53:17.328965+00:00,paper,True,primary,exp1_alignment_transfer,primary_t5000_k10,29,state_coupled_delay,6e09fa90a1fcdeccc861cf2960bd31c4b60e2df4,21563d9a7d6a3134d56776beef7f02b88fbe31e8f18ac118a957eac374c3df02,b4bf2ad829be75d27f6ac4d3792968e90467c80f1b4949e56d7f1566f488630b,b4bf2ad829be75d27f6ac4d3792968e90467c80f1b4949e56d7f1566f488630b,2026-07-26T11:53:17.328965+00:00,route_map_diagnostic,arrival_assigned,route_greedy,5000,134.56401509861962,0.0,1169.5561079414588,0.0269128030197239,0.0,0.2339112215882917,0.2339112215882917,0.2069984185685678,1e-08,True,0.6352,0.0526,0.0423690223862152,0.0030309431185134,12.869019607843136,0.3614,0.2624,10.0256,95,33270e43de936b5aa4398d2ee5c4818639e3bab4f77fc9f4b263d2afaf30f8fe,c05430d50152f0483d363ec8916475bbbb4d7714c3a25f55e0be118776ca23cc,4af5fe45d16d5e1dbba85accaeb828a62f63f50c0499a13339d4a5ffce324580
exp1_alignment_transfer:full:2026-07-26T11:53:17.328965+00:00,paper,True,primary,exp1_alignment_transfer,primary_t5000_k10,29,state_coupled_delay,6e09fa90a1fcdeccc861cf2960bd31c4b60e2df4,21563d9a7d6a3134d56776beef7f02b88fbe31e8f18ac118a957eac374c3df02,b4bf2ad829be75d27f6ac4d3792968e90467c80f1b4949e56d7f1566f488630b,b4bf2ad829be75d27f6ac4d3792968e90467c80f1b4949e56d7f1566f488630b,2026-07-26T11:53:17.328965+00:00,route_map_diagnostic,source_bound,route_greedy,5000,0.0,0.0,0.0,0.0,0.0,0.0,0.0,0.0,1e-08,True,0.0,1.0,0.0,0.0,12.869019607843136,0.0,0.0,0.0,0,33270e43de936b5aa4398d2ee5c4818639e3bab4f77fc9f4b263d2afaf30f8fe,c05430d50152f0483d363ec8916475bbbb4d7714c3a25f55e0be118776ca23cc,4af5fe45d16d5e1dbba85accaeb828a62f63f50c0499a13339d4a5ffce324580
exp1_alignment_transfer:full:2026-07-26T11:53:17.328965+00:00,paper,True,primary,exp1_alignment_transfer,primary_t5000_k10,29,systematic_misbinding,6e09fa90a1fcdeccc861cf2960bd31c4b60e2df4,21563d9a7d6a3134d56776beef7f02b88fbe31e8f18ac118a957eac374c3df02,b4bf2ad829be75d27f6ac4d3792968e90467c80f1b4949e56d7f1566f488630b,b4bf2ad829be75d27f6ac4d3792968e90467c80f1b4949e56d7f1566f488630b,2026-07-26T11:53:17.328965+00:00,route_map_diagnostic,arrival_assigned,route_greedy,5000,771.6049382716049,0.0,2777.7777777777774,0.1543209876543209,0.0,0.5555555555555555,0.5555555555555555,0.4012345679012345,1e-08,True,0.5,0.5,0.308641975308642,0.3086419753086419,15.0,0.0,0.0,15.0,15,b2ae9938fed49893867584371c3659995b2bf635ec55de1475bbdfa01344d8f1,28db95969dbf6204ec00ded4f4ccb00b531f20e62d0c9edb8d213c13885cda23,f92dcdd4de4c24f4fe3b4b609050f7f96a0b2a2d38a4c239638a9159c2c1044a
exp1_alignment_transfer:full:2026-07-26T11:53:17.328965+00:00,paper,True,primary,exp1_alignment_transfer,primary_t5000_k10,29,systematic_misbinding,6e09fa90a1fcdeccc861cf2960bd31c4b60e2df4,21563d9a7d6a3134d56776beef7f02b88fbe31e8f18ac118a957eac374c3df02,b4bf2ad829be75d27f6ac4d3792968e90467c80f1b4949e56d7f1566f488630b,b4bf2ad829be75d27f6ac4d3792968e90467c80f1b4949e56d7f1566f488630b,2026-07-26T11:53:17.328965+00:00,route_map_diagnostic,source_bound,route_greedy,5000,0.0,0.0,0.0,0.0,0.0,0.0,0.0,0.0,1e-08,True,0.0,1.0,0.0,0.0,15.0,0.0,0.0,0.0,0,b2ae9938fed49893867584371c3659995b2bf635ec55de1475bbdfa01344d8f1,28db95969dbf6204ec00ded4f4ccb00b531f20e62d0c9edb8d213c13885cda23,f92dcdd4de4c24f4fe3b4b609050f7f96a0b2a2d38a4c239638a9159c2c1044a
