horizon,n_source_events,n_valid_source_events,right_censoring_rate,target_mean,target_sd,context_streams
1h,4645546,4579783,0.014156140096341696,1.9788357411676174,1.0540304444060977,history_standard_only
6h,4645546,4472944,0.037154297901689004,2.9552576094639376,1.1647904967920275,history_standard_only
1d,4645546,4255030,0.08406245466087303,4.226262056329948,0.912994727895996,history_standard_only
3d,4645546,3581614,0.22902194919606866,5.284384346894822,0.8165460253901334,history_standard_only
