module_id,task_id,trajectory_file,route_map_file,trajectory_hash,route_map_hash,decision_horizon,warmup,clock_horizon,mean_delay,stream_seeds,state_path_hash,structural_loss_map_hash,realized_feedback_hash,delay_path_hash,source_proxy_hash,arrival_signature_noise_hash,route_label_uniform_hash,audit_mcar_uniform_hash,audit_selective_uniform_hash,calibration_label_uniform_hash
module_a,0,raw/trajectories/module_a_seed_000.npz,,74cbedc63fec86d91eb6f5afc338ec820be40c9b128ea965443d91571be5d109,,5000,250,5020,2.0,"{""audit_mcar"": 10082413122326736088, ""audit_selective"": 17953728421309854309, ""calibration_label"": 17636135106833930854, ""control_noise"": 1975466316545448098, ""control_permutation"": 18364194495857405839, ""delay"": 7270217543082719429, ""observation_proxy"": 12590063687200635491, ""route_label"": 10013488008839949868, ""state"": 17163738258619379270, ""structural_feedback"": 11586955684316616914}",0ab212cf88d3155d9abaf2d3a80f3263a565eb203e358c4a7d5afaf2551f3e90,b8348d79ecc5152f3db2a23728d6980de642e6e583709ab8eac8a66be3774a7e,933969af43a738c0b074c662fe414afa78188097a24d3205fe1ba5c5c0816055,37c6db87a05212b5906ba5e061dde5449ec9daf117ea34b4946039103c7c2227,7a732c4f225aed280ca807152ec84e20d6c008206e04d394018035883b0f9a2b,d78f859aae07649223260e1b7d8df5236431de182659180cd998984d23cd4bee,1f4743a6db79b7e499e544dba066e9316fad04b1f6cf0a0ef51b463ccf2126b6,538f95d3cb596ee92f11f562726a2ca1cc9f86f587eb0888157c7ea4404c99c2,be7bf0290ba478e3c8f0c69da9508a006f45c8ee673ce9da853fc2464babc083,7d86c4bf88730c2bfd5c463b4c9089b5c788dcaad046770690fe34aa34e09dc5
module_a,1,raw/trajectories/module_a_seed_001.npz,,115ac7e55ecbc0865aa66996716b1fc20ea9d96d0c09c3bac55cb558059ee2d1,,5000,250,5020,2.0,"{""audit_mcar"": 1247578743862569825, ""audit_selective"": 9261932372210281485, ""calibration_label"": 13193949555086090486, ""control_noise"": 3124988333990928795, ""control_permutation"": 1448874977263621983, ""delay"": 18346083948186770501, ""observation_proxy"": 16004395803097847828, ""route_label"": 8916784910514363783, ""state"": 12595231077372183214, ""structural_feedback"": 13796027052302928552}",901bdcf67879022ccb384ad0ac8046014b1e8570ac238c7e41839150d2b785c6,97d6754d758bb84434682fc551bfec72aaaef7d3583d722aee028f5da6adbf03,90869431d5f885d5f773b177f7f417e04165ba6addbe0f8690b7b591f23d1f24,ea2757c31eabe12064eabb3e251e53c68db860e88246f389ca67b4827b6f06d5,aeec607de118623c69406c380371f3126d92dd3a1d28cdd4f995dfa0be81cc9e,244402d64c249fdfae39a2c4aab519aecbf1401075ac563bf92600270bf2dc27,bfd2567bbe2a44b633997a80cec719ac26b08d137b566807c1ae2005b1af804c,695ed65fa01b2a6c4fa45cbc3179215fccab5b8285204e6ab8c61ffef1dbc371,349ec4781a12f3e75e9f0f51565168133d3648bbf45ce841e14d5616cc5a997f,58cac2bfa358b433db7d0ab21f2f6e75412bff39bff07ce89a99dbafdd1f5ba6
module_a,2,raw/trajectories/module_a_seed_002.npz,,b76ca36c1a4fd59b4327edf6b37b0109891ba44ac86d2d30275f9153e45750bd,,5000,250,5020,2.0,"{""audit_mcar"": 14104560157040433384, ""audit_selective"": 9760937477440526557, ""calibration_label"": 1561563911941875500, ""control_noise"": 14141646337358178507, ""control_permutation"": 8090076581219585190, ""delay"": 1515422427960741489, ""observation_proxy"": 1505622229604256690, ""route_label"": 6976888239503372740, ""state"": 12673762539764837864, ""structural_feedback"": 16742327910071893883}",f6d8aaa5fcea4362266e63486222f27a0dc904393cf16e7b13d0cc28d606d943,db171b2191ae53cf73d74e38fa41f14a3a03d6cc2d864848fc09ed196fcb1311,0e91f385c4ad5a893f77119a37274d2780ac88c63061f0143fa5226496145172,36a552a1a0cba3c3bd933cc204b0af97e86fe1f5ad0c5e454ffb9a53d3b07224,5fa7d105ea97931d4b708d05b0ead4e8bd1299249612136e5e0a6a437fedfcae,a9592a5d259d4920b9e06e6c267474184cda3d89e3ac599d5e9814d15dc4c80b,a20828376cb148ff3f8d402b1ada9e1c380bbfe26d7a36ab109a0eefbde12cab,b35dbe54f1a17ca19774e70db277f243c6ae3a784b66aabb87bea3a9040c074c,76522b7833454142c6238daf607b25bbe872b7fb9733d6e0e5db685d8d5fe45e,73310b142cf457a59b0339b78fa7abfd5c18bfb9683fb1d6800ce131e2f7af62
module_a,3,raw/trajectories/module_a_seed_003.npz,,5021bf1be4c9e7f90bbaa3c4ea69af6cb403612c23905eb22cc0430e6fb2cf63,,5000,250,5020,2.0,"{""audit_mcar"": 17605948322747879484, ""audit_selective"": 11001012179222856281, ""calibration_label"": 17381704194060261649, ""control_noise"": 705220517487568834, ""control_permutation"": 7492322132178030747, ""delay"": 16014989960567298014, ""observation_proxy"": 8516050262469398629, ""route_label"": 2433003282936838651, ""state"": 14027397332328391311, ""structural_feedback"": 11966733005483558647}",60c0a440f85ffcfa4bf50155808bf47344e4a4f4cb9404babdc98b1c0a6d3ef4,d546a6f06dfd7494f9e3e4a3d1b03eadddade421d6d3939504cb229969172b3f,2afd8c52476da4fe67bee6cfdc4febb1b30176e18eb0180a6ca371f7a90beeaa,d5f5b31bb45aedf4f2fe2f7f8b5aeaafbddcd056af57a00430f5847e3fa866ee,74615333d784061b0d712c964a7c1dfc2c0f5a4b692f1059241b7c8c5450c4ac,22f411ace54ee99de976fb49d461998e8c8273352d14ccff35a3841dec917cde,30f1fd1fb4b70c85ffb55267c6ecd93f7c7de0c8dea23d389e28ae9599857e78,0a68be957c59e13f16acd375e4ff531277b3cef15f5b0583dee0dc417b23b6dc,c5b4995e01768a8c308778dd8327e8e6de766ba9904b37421341104f8522101c,9d80303e2680995e0b35635a3e08eafbe31cfd234d74a9f0e6fe75f66ddfbde9
module_a,4,raw/trajectories/module_a_seed_004.npz,,9f00bebc0269530837df416e129d5483eb75188b0dc5bb98d1bfd91db787896c,,5000,250,5020,2.0,"{""audit_mcar"": 9168422430405560855, ""audit_selective"": 9850417233018039423, ""calibration_label"": 3630381116077225453, ""control_noise"": 8739122258327719960, ""control_permutation"": 9105791765192127102, ""delay"": 15918927317806705047, ""observation_proxy"": 11921129804366825144, ""route_label"": 1669146806203301981, ""state"": 16600816860227751508, ""structural_feedback"": 10931425232338231945}",3880d58c52be0ea1887fbd713981185aac3d4a7397187679bb73556994774ff1,fcc62a7bf1363deaaa938541a98af50c8d1b33b7fcdbea78e5f08279db08e33c,344014f083bbd1aa170402825df3db6d22a8848acd8630850f4e04e6a0ca7e2e,abae16f6e58b9da3c888752798ece0e54c37ad4dd1d7421b0bd5218463a74b73,6924c2a25139afe87613a2a66601d64e5e555d7ae61bc16bcb23f4dda4d938e9,264ec84d09f587f0c68f5a1677ae4bc31dda782c14e40168d4c68f4b072aedd8,e6adf8f7f600a5ddc21a9ae4d0e27ddcc02a1d82ebd39f7f8f65cfc55da67f1f,c6ba71ff5d194908e54c4d8cfea5f34fb0eec2f122eb1ce4abf8245a8dfba281,442276ade9f33b74df6bd781ce52235340b3d84cb78137a33d1117ae94c82263,33ad15c627b6ac8feb3f2fdf2428c49c7da9272f3331f0a5263cca22f14a4a99
module_a,5,raw/trajectories/module_a_seed_005.npz,,d5602a6eaad91954f6856cdc630e0ca2c063e715e7b3c3a1bc70718034f44080,,5000,250,5020,2.0,"{""audit_mcar"": 787336430351047813, ""audit_selective"": 9455130525440474825, ""calibration_label"": 8636814163034968796, ""control_noise"": 11311397279784658901, ""control_permutation"": 3886744675554896908, ""delay"": 12576642530939467022, ""observation_proxy"": 8764479820945087406, ""route_label"": 10947862421454515724, ""state"": 11227118342372637971, ""structural_feedback"": 7477754722750828607}",a73c70fef62a9cc5a680cf60a2bdca386090487ec9858c658c81c896978828be,4fa56e99516bf4a2e9a275866fff26c673825c3dfd74c1828c7b416d3b37ed89,d26769d219fe9239ca506efa7df8f2cbcd8c7cb2465b4b02d2e98fe1616aeed6,cf3ee40db802776fb5ebafe8b464fbd98948de114b3099a68eb39fd6376dcf44,750adc19566c50717756da532c7c4ff29bb51c2f37652bfc4d8219f9c3625398,a943660ae9fc9726ca9f04c3ed3fdbeb224e17653a39d4ace7a6c76e1680b154,4c49a9e3e027c6bc02ef7ae0faceab1e890a17472f163e3c83e53bf362e3a0d7,3cfdda6174ea477034e6161b0ab099c2cb1cc11765b7d9e64bd53ffbc3417857,d9461e6d69936a211bb8a3b23e81112b8daf4bcc33a9153a84a9be3ed50b237d,a3dde6dac2ba585ad5bbc8914b53b3fea03dd3b0b5dc5d75c7bc2f3a7b39adac
module_a,6,raw/trajectories/module_a_seed_006.npz,,1efcf1af061e1599664dfd99a6faa44f4b23110b5dabe5877942c0ba18b1e49d,,5000,250,5020,2.0,"{""audit_mcar"": 9289068214507144180, ""audit_selective"": 10477610161171676351, ""calibration_label"": 6559814947270387211, ""control_noise"": 16471452311144489123, ""control_permutation"": 10043435738233301148, ""delay"": 7457760747801785926, ""observation_proxy"": 16043612279013526481, ""route_label"": 5591000163550547832, ""state"": 11780946956269353901, ""structural_feedback"": 17447037447636987014}",5d635359880c37447b2d8f31ad4ca0d745bf57a8248acd21ff6707496f4565ff,010a491b4269158840ac94ff526df5a2eb280c6f83e57837e49e7458209a4be8,fc120ddcae35dec1aa45724544b6efc4bdcd6e61713497b3375ff9234ee33617,bc73da76fa11bb5c0fbf21f164243ded437e33a4eea494e51a50573e9cdbb609,80a432722ab8009bc77f07f0142a168f2ba10dac1e84275a87bdd6d55e25089c,d8640a84a6d6d87e8c0b79c8e9b0496d946d202fc1c182e9ba36e00ef3e5f9de,6f95cad85c767a0e3a1e61dc4e8b3b93fd716f04dc72ed03dfec3ab166414192,0e5c52df1323f24c920d999c027a2ad40fb1f2816a11e9b08501e00b1379f456,e0e521f15ae1303bbabc11b07e46b109b8e693a08c4af2f07d4cf355b3c97991,ff6662a3bd21f6dcadc3188257c944a7b0346fc2d3cd8f23ba11a1ce9af028de
module_a,7,raw/trajectories/module_a_seed_007.npz,,6ecdc1fcf7841c43faa3f8e0c8fc0dcb77df20d5240833073d261fe832982320,,5000,250,5020,2.0,"{""audit_mcar"": 11181446115212866664, ""audit_selective"": 9814783584255486796, ""calibration_label"": 9667313195333667195, ""control_noise"": 7890263945466902826, ""control_permutation"": 6298620633256340178, ""delay"": 8457537838063200563, ""observation_proxy"": 6321999790196863724, ""route_label"": 15633854482886943592, ""state"": 776795790909241324, ""structural_feedback"": 8615572322087267958}",02c9ee0a4f3f0cea8b19a3c8be00d156806b4186357b337f703a7698fe73ef1e,0d96d3c84501e3fa3331a0c260f1a3b484295009a2b472851212583371aeacf3,21e1802d32ae08d40b6e9f0786e1ba735b46eef39a9ff64539165734beba2680,62977b9d4489ebad5ff7f0a73b28d8d946d3d5c02bd7e6719bb3893eb2880db7,787127927e41adf19748719ea58476d1733f72e8cd0940d6f85ece3dc2f16b6d,bc1d61f0c45070eb34bddfdea6d5fd17aacb119b4de13354f794fc28d1f7258d,fb1701b024b1ff469d14a4d6f698d9944783db77f8fb7281c064bb25d0e9b58d,affe12e541836685f68f113f33b2c2c923489378b8733e2612b7ac27a62929ef,256bfada9546a70720ffbaa0968db65407583031fa732629970d626c48a19c9f,f2eec32c54024dd4fb976c18446e6340779985976e60b888d13c853bb4360ac9
module_a,8,raw/trajectories/module_a_seed_008.npz,,f855bf39378d065e0ffba354dae4a16f45805ae0e827e615c9e3ed7b7d8a7770,,5000,250,5020,2.0,"{""audit_mcar"": 8417480108056455707, ""audit_selective"": 2663037303492113950, ""calibration_label"": 260847690707438551, ""control_noise"": 6262287833585735961, ""control_permutation"": 12229711772405581599, ""delay"": 8459871471468129772, ""observation_proxy"": 13351144035877280285, ""route_label"": 15680076526409376229, ""state"": 5830936513329398847, ""structural_feedback"": 736295373844569168}",e2b3f54fbfa142f55f3adf606878a48ef5057d8d4db2d9564b0d46a5c1549e2a,29de86bb133fd786623481e9e9b0448ae538c0cd682545e50a9cb12a8b35419c,e7211e9fd8efc301aac14624e9acdad6d9cf0fea5d71711e65268b9338254202,b7022be97e2b2217fa3bbc8cc7c2eaf30af699f71fc924dc26483a7376218fec,ba7c711c3b4e0345947e7404087cc9552226992e6ff349a56097a1af57f07fa9,cb9d10459c60ff8155a59c4c6f6c88264f12824a7f8ec26e2df0fd28931dd4a5,2f0fdaa7b23f8e253ea2cb4dab7a0a564b69d70f0c4d9f67bf51a79cda033020,34040941f341d9e8e438aea0cf92311f66b5c9024e862f25da3e2f32a19f9ba0,68e4226dd66ec839161d465901fd6cd1cf4881a7c348e502811e14baca46543e,b74337ed2b4032579daa1948b3823e48f3f5fab17a58d9dc2f4d772251d005f7
module_a,9,raw/trajectories/module_a_seed_009.npz,,846db4fd2597202e9539a05f0268578db7f47cd1b522de8d64f959cdc62842e8,,5000,250,5020,2.0,"{""audit_mcar"": 18224953915552015589, ""audit_selective"": 8654084263339470987, ""calibration_label"": 4768768070392361670, ""control_noise"": 3031439814898689506, ""control_permutation"": 911810860830263332, ""delay"": 6100810592431916187, ""observation_proxy"": 569045494131768803, ""route_label"": 9818822047622603752, ""state"": 463978038885057586, ""structural_feedback"": 9033517913539359474}",56a67382354f576b86400517ba14b8986de531c4328a7dc724c73602565bbe86,7678ff68c8bf3b73cb3cd33d16d8480101da9b3f5cc7da9c1363726c3ac16f6f,6b0e74e93761256e9ea5feba94e2cc7777ee1b450716d82581759ea7156987ac,a23559843f4783bfb7b510e6f9db781e21d55ddca54fe11b6773007e5df331be,94f919cf1b4cc741d25c65a89a63cc8e47639604fe8735bc1e44e7260ac5faea,a13a206098e1ed2df16cf21bb1214f8587d0589b46d3c5623ac3e07220d057b5,3c3eac7f31ed1f906edfeeb592181e6fdfc986a11ad0c3d1c75af1b2931e09c8,1a61fce2b2dcc8f37c199722460acaf1fac5111ba6121154f61e4cfd21c21560,d165c36a397a893958a39fae5b01f408b914ff644e044de8c2e5e17febbe953d,76cc2ceb392dbea4852d93dfebf6c54b268978fa155cd6b37b541b78dc425e29
module_a,10,raw/trajectories/module_a_seed_010.npz,,8377251e62972ae26d999d7e72772913667ec02043d7e8a18a4c222824061122,,5000,250,5020,2.0,"{""audit_mcar"": 567012177823910490, ""audit_selective"": 423156232389024793, ""calibration_label"": 399809977203067123, ""control_noise"": 15683933976644294852, ""control_permutation"": 13981000000109746878, ""delay"": 4255090041839027231, ""observation_proxy"": 17163932310354891916, ""route_label"": 12339094980238808464, ""state"": 2678075102293431130, ""structural_feedback"": 8931866909758138689}",15618eef416bd572cc3419bc8268e7023e245ad1575205fa66ae6f38ead2ed88,ff9534aa3359013b7e6c39f7b08d28e6f27a5f9d61b9ff491c9889fcf5962ed6,20104d6ee67cd7a711fe6eda50566ad76f4f3f3e6891251370e9039c8e208366,b7c0e9eb3a19a589cf5d8a327a107539e611a84964194017e01e5162e175d4f2,0a93c75ce63ebe17bff2408753efd896a7e6a8e5d9c38573bc2bb47e20fe9bc4,c78fae6c471be9c8e744a97d3919acbd5d0ec1b593a74736265ffcfe868e9d16,547fa8a4cdbaba6b6170df30d46d70c423c86441e66d41b9d5c56a959e9961f2,c911a7e3b974e58e3845098c6e3988024d813231c216aef2d5a922eda2ff1ba0,844e5d0d47adc0501775e9ffa57b059274369ea66474f37814068de7b3aafea8,bdbcefabacb209aa9c44f904c80d5455ce5f40e96da69bf72ebb264ed2f7efe4
module_a,11,raw/trajectories/module_a_seed_011.npz,,70c1255f774bffe8feda7b1cff721758ad0b18800e39f58e95c94f4f9fcf76e5,,5000,250,5020,2.0,"{""audit_mcar"": 14353816523370320510, ""audit_selective"": 11112541435767610783, ""calibration_label"": 4240732468683978921, ""control_noise"": 554975195793171687, ""control_permutation"": 2946921866491755835, ""delay"": 17498878890326615484, ""observation_proxy"": 17643765884263480973, ""route_label"": 14425115117546106200, ""state"": 16617208059209309137, ""structural_feedback"": 8105653211300173591}",2a38431de6a25635f66e80a44053251c565b6031ae5864d726c8f311aa6bc915,13788930fc02f6f1bb01511fab059fd913975884c1a9a1477de6509ed658e623,e737c9c764487e6678955eee3462441e86b6f5b597828ded0d450977b7137942,0c6c1ad139fedda9e63df54523d61e34d5e87a1521940139050f68316ce795e5,7563379cb4ded552c666fd620cfad432fba2ccc82e202342963ebd3d564f6d91,0e611ed01dd086ebe3eb523ff3e7a33ce013243604ccaccebe7690c2f25d3b88,53c4cfc64d0e5c0997601a4165f00f754605a9ac8ec318403af153d67a200e2f,4055876d11ae014458348cc33946856292155c633bd5a10f2a0cacd62e8879e8,149b573bfc9a66ac0660981f8a393d9de9367662457b02a4fbfe9e8a6a08f2b4,29b398eceec42c02b6838b662245d56812bd563d0393d8ef1a08053612830d45
module_a,12,raw/trajectories/module_a_seed_012.npz,,0683c978152bd245219dee59dc3d80348d5bbc89f27b4c791bfc833d00386b4b,,5000,250,5020,2.0,"{""audit_mcar"": 6215222608024183872, ""audit_selective"": 3036624681935339320, ""calibration_label"": 4659630734460978186, ""control_noise"": 9023226514237799402, ""control_permutation"": 17721655617584051419, ""delay"": 1731986629927063314, ""observation_proxy"": 16101666716842180530, ""route_label"": 3470304871263824761, ""state"": 1253420474710957424, ""structural_feedback"": 12900016740179512170}",00dab9d17f017573233206f6850df9fe0b601577a8ce9ee67983492fada95081,da661c736990a0b65a1b1246368e9b1ee86df628c22128c3ac24a26eb1d734bf,b23271571802db886103f7e59c60c849457052cecac2e814d8a5afbbf85d1887,79da03ab393c468d9d71128e8aa43fbc1ba89046651ae71b329a5e0b74523913,f7b27fc388a8eae0d41f3a94c5213e2cbff35219a01d01feb243f6cde058ac6b,79cb13ddf92045ab4f98ddee6fd23c582cbe2089e47177ebc9330023744d9502,372b283078619f19e0fe589d0e2f3555920165f00122ebb5d5f41ba50a7dddcf,4fb1494e94b3ffafbe14fb52dcc04093a2ccd78d39968bf5d0528f57f8292a81,855868cf25e4b7cf2385fe502b26552dfc134581b4dbeb4b3cce26486d5d3479,21b82fb15aa9a46ba21e321c4cdbc04c6c5d0c5ebe48e10d743715227fcef42a
module_a,13,raw/trajectories/module_a_seed_013.npz,,de4638a23f77399c91712114d5f05b2df607f1c30e4e9a045e1ceb2d247252d3,,5000,250,5020,2.0,"{""audit_mcar"": 3975743076768958967, ""audit_selective"": 6616595867551411732, ""calibration_label"": 6397710917512149751, ""control_noise"": 10211391309688100624, ""control_permutation"": 4588391762695056958, ""delay"": 14129675797940495680, ""observation_proxy"": 6567570677451149665, ""route_label"": 16365116552566735193, ""state"": 8052197024201897395, ""structural_feedback"": 3488869023631806746}",fb220ece09b95b9faf9ff42cb5d484f107bc76fa4cad7073967a60cff6653b10,d31645cd34241cd397cb2a3ad1e6f0a8292d2dc5522979706e362b76fbdb05fe,b6729c8c1995232fedbd20bc256236d657cdf420d2b9a8a29e601dd402d00670,951a132800dc027df49048500cd8b407e9ab0f65385e666a7538a0ca4723348b,6a7406017851e04dc797bf230f2275195d1f7e405bbe74b12acc2f6688c72927,e838b75de6c71a16336336bbea8e1037631fd4d66f2e2b4b48cae5becf51b708,b8d22186451314eab574c6dd726ccd674364dc609ec1eefc0d8dec3bec5ca6af,d56605f1341e71e66419a974422bcb9d01233486518ddad454077fbf5902ac18,891f0cb4ebc37e32d6aadc4ca9ffba0be6de93e373b5a4c8c70808ce21fb6da7,7e3607e396b6656af6dbb30af00857c77edaf2e18cd93d5ec541b5bbab62a835
module_a,14,raw/trajectories/module_a_seed_014.npz,,8fbc65d76b6b17eb367867e00845d12893424c303558831f4bd020e53b666429,,5000,250,5020,2.0,"{""audit_mcar"": 4919437172114756738, ""audit_selective"": 14017434883557863217, ""calibration_label"": 5570852789891244770, ""control_noise"": 9305241531786495424, ""control_permutation"": 11183081904926096464, ""delay"": 10078622685699367067, ""observation_proxy"": 5559190420054952116, ""route_label"": 10053470465860059591, ""state"": 10844239082651066681, ""structural_feedback"": 315090547259136089}",27daa9a7e2552a4acd0efe4d221252c738c32d983702f6e25fec4bec20406410,a21d13174473562a5ab7016f7ad48a3b3ee32a436668c4f133a403aad3c879ba,1598aa5dbd30b83c022f101ab8d98ec6f3ed48dda8cc32bbb111a7db4fcc9d37,22372dc9bfce02fe9ea3f6826d022b5e5b66cb7a3497e5baaadd1d3da1d71471,7d34b11a912fe1a2240d30a68aa04e51ca175733d85a99f5070886c82c2d7aed,c9091212de8c9db47fdca0a776e0b46ab8d88033bf489e1aa266281677a9347f,649abd8d0c796cde4d2fc30ae4d8cb9c60bdbe526bddf1158e5b26490debea22,719fd0ae0b249fa2a709e4d5fc16b416f9cd46ff71ff5684bbfaffe19800f475,10e9211afadec37aa21f8e756a04f6188be0c98a632ae32748962ce6cf3d5c5c,86288fb8600ada8b0b19a47f241aa81f5c2a09f82b06e2d2a02d453387198625
module_a,15,raw/trajectories/module_a_seed_015.npz,,7fc08e2591574b107ccacb230a0003c6214c6ea3cac0898632bc0b4ef190b52e,,5000,250,5020,2.0,"{""audit_mcar"": 16527361149598229941, ""audit_selective"": 7922570204454787850, ""calibration_label"": 1474368581611901271, ""control_noise"": 4651447412512837777, ""control_permutation"": 1635435852257724082, ""delay"": 13360868659873955813, ""observation_proxy"": 4302996705869275513, ""route_label"": 7384147898641357734, ""state"": 11664318255414478267, ""structural_feedback"": 3694286896862089877}",bc42933a1b933ef89652605bb9c08b21e4046542839e3e0d2174943b8d9fa4f5,54fe646d65abc631a3db64dab59e95b7d770fc95d55431a00706128cd56d7045,0aefe79443183be55bfa6c65a6ff13e8a7797b831b80c3d0af02ae37646c94df,b0d07aad2f0f01bb5098ee69ef19c221a524e9fd251f587ee52e0aae9e320c8a,a2b2922b0eeb6d5c883848487c922f37c3ad80599a185e7ce53dd1699f52a01a,c54e151badf98a3b2acbe30c47f6c55ab5904b8fbc0fb3aaefaa5b842abf4802,f66c922e1976bf4726992927ba141de8d7d584e684291ad949b508cd849d4905,edaf992a239f7caa9338085a28ea7e318315cea1a69904efcc97ede36d19f3f3,dc6ef966c987f8e3ce97bad18654e4432d44c4e707c0cf7f73573dc9cc2df425,c822a9e8c25c8456d2ed8aecdd58c7e1a5a6b9e81e1a3b470a2aec5e062dfe3a
module_a,16,raw/trajectories/module_a_seed_016.npz,,403344d2763fc645d24771a54f1d1ae7f45f051bc8a4059f6ab18bcc5c8ede2d,,5000,250,5020,2.0,"{""audit_mcar"": 5112904684452388936, ""audit_selective"": 14514821824990228788, ""calibration_label"": 13357053593858680976, ""control_noise"": 5275308212639513447, ""control_permutation"": 13702331363526061810, ""delay"": 9035308671189910358, ""observation_proxy"": 2602209599956059339, ""route_label"": 2064010938836361378, ""state"": 16028274223993430626, ""structural_feedback"": 10638937543985405468}",a721a12d9f502a27cb6166f0fe00d56428108895e908518aafac00918d25b4b7,5d5d283dcdbd6b63325eb5b4f3c1efe315ab73b7a0417776ac548096d8352266,bc638b686ecfe3d7cca6849f6824bf1398cfb3bbe3644d725036b160e1574740,7d7b4b8368b35c0b436178cf4c49830533b36c2723c72e8a92b0249101666f35,e9c33d51e6077bd29d045139b150f4760bc3ceb7f11b0e6a168678692e385e7c,3c7d1774a28a9e39fdf72090d37f0c63066412959eb2070b3383f697b293fe85,26ddf51ca2f2e74dfa54f2acd67f300712a09198f82f07bd72e87b7f281a3c70,1c5dab5e5a868e0c20f731cb9b90bbeebb5cd884b3084dadf9ed8cd8f5af3fa6,cf36e721dd3c77462e74ede8bc33c7959c262207250bfa1d6a17d71a43040644,a603172ce266890803cf7ab422e54387553fb56fd4d6f4f8e41d9daefd8d5b1c
module_a,17,raw/trajectories/module_a_seed_017.npz,,2bd95dc90855ae0279e86513708258beea52c0105651d7d9daa23f5aad90da82,,5000,250,5020,2.0,"{""audit_mcar"": 5549567251652101017, ""audit_selective"": 6064665454834543620, ""calibration_label"": 13772645932334036548, ""control_noise"": 17736549555126477726, ""control_permutation"": 14047898107649082165, ""delay"": 16293440161647547764, ""observation_proxy"": 3384435778346202740, ""route_label"": 976073889271005814, ""state"": 3517612262311414185, ""structural_feedback"": 6931400802514721179}",fd8a270af2a20b299a74f68dc3b1cf0424c6a2c5f64ca7f3f06953703877e5d3,acdbba1722780ff29209ae75530a3640e3837c9fa12bb4763e92425584412223,337017085865e63f46956683a3568cece47d6f1257a41f87b9ba80f1722eb8c2,5d0ffc37ebde0f80d863a14d38cb759be9cea8d696751625f416e1a0740a648e,89d40c5925945a559bb5437b2b02a9dc396a5ebabe895153729ce1898c39d8f9,c9df8e784c4ac8fba434e6dff43bc2be6b5c00796bac7969cfd3409f2efba5c3,688dfbdb9f31e54e32416ef3bce0679e0831d0d3d29c85f85fc13c4811e86c76,8c5b12338def076f2756e5b58e066581ff26298b683075f78d02fe131688dba0,4a9006a0f6643dec4f7e0051f34385bd68d3508cdd115e3e7a144654ba019226,dfdcc5cf70e5841e1a44c6a54e678f399694321885c57973c6a6f6feedea3cf9
module_a,18,raw/trajectories/module_a_seed_018.npz,,8afd51a64f306bcf2831c148f427a3069ba22ebafdf8a6709216851f972bad81,,5000,250,5020,2.0,"{""audit_mcar"": 1279002135804557266, ""audit_selective"": 9294672195562974314, ""calibration_label"": 18315779817277511262, ""control_noise"": 13480911868970638390, ""control_permutation"": 16510006116043446967, ""delay"": 11030603551148215186, ""observation_proxy"": 5917711194563477582, ""route_label"": 4350603117328833283, ""state"": 8416702289513180629, ""structural_feedback"": 3629047861001284484}",9b3da0863dae8eb133458d410ac5ec3485cf281de4444460d4518cce07499273,38ac2c8aee06a1c02c15819af9c87cecfbeed529d23770d5e887bf7f98609abf,6a4683f5fb7e6556c9de405ef2cd92aeeb184d528d2358ff1ed5c977d0bb1053,ee335a349f58489087750b85d0efa7d216b656fbde3892dcffc5d880dc0ea75a,4ac0935cb892a032378c29dc1ad4929ded316e8df4d654fe0fa7353aa09e95f0,29638521a9ee48f3344e8fd07ef04d1e82cd9ca8169f8df48f82f50a647e74ce,35a4b66c893f9771cd9e9c00e76384ef8e4e0f0c43aaecd9fdc2ef5b562c0805,d3c2d8845573c107045fd461c3d891c171a4057c557048e88ca076051bf10c67,d342b116716a650c64194c3d5f1c338fb2042b77007f59f0c4a2f2df66b9cdab,9145f1eabeb56a3ab355e4ec1e91ff1979d94090922211a21d114524da8c1dd6
module_a,19,raw/trajectories/module_a_seed_019.npz,,ad5ea42cc34dd30b6d425bce1b2d42c4ee4b3865acce54535de1761e5fbaa0f9,,5000,250,5020,2.0,"{""audit_mcar"": 8333887135674699654, ""audit_selective"": 9744766735390670190, ""calibration_label"": 657223366179494265, ""control_noise"": 12221379044619718242, ""control_permutation"": 402753204791629707, ""delay"": 5446758631223088987, ""observation_proxy"": 737214173580758862, ""route_label"": 15974238062954923495, ""state"": 674209741818977674, ""structural_feedback"": 12780213911029217870}",4ac04f551879db236c42bf7ad3693cc269e5eba871432ff3c5d8c5a4b1fbdd7a,05d18996aea71fb0c4bf17751839a124222712b1cd521fc947d1ab11ec86f7d5,d2c6d254fa36453d45aa4e3c68d0f45db31c105fea4c08838aa501c88509c856,b094ca4a3ace14aae585b3a9d7f3f4a8da04daecd829e3dff2c81183b09982cb,17e03004fad699709c11e2e51d72dd0e6cf8ee1b5f131f00e218c5717222bd33,f151e1a5a44fee7cf54e862e1677741778c3044bb0b8814e3bb8c2f2a862b8da,31a43f9a6669d03bc7c19e744a30d8c9f6cb271cc32f24478f1af037b8940be4,aae479135de132e9bada00172432c39b4c66bc479879089880890d80a865720c,6b07fd45cbae74bde3b5f7b5c04b5a6b223248cdc8181c63de12b61bae695ee6,d7c4cc71a125516bd2431af89c1ea104b9a269da8615eb80e9840636c57df305
module_a,20,raw/trajectories/module_a_seed_020.npz,,5f22ea6cbf3057f3f1c087e63d8a029f534c2d4a41b4f76fe8d21a6219dff592,,5000,250,5020,2.0,"{""audit_mcar"": 2504207710363980453, ""audit_selective"": 13990528337972694619, ""calibration_label"": 7249558038954576503, ""control_noise"": 4328828122802610904, ""control_permutation"": 17899804687313740041, ""delay"": 3036982335659500748, ""observation_proxy"": 7653899660702943807, ""route_label"": 10605458598444251541, ""state"": 2501911915288952096, ""structural_feedback"": 7777655630820762962}",c4e9dde1600bd9cfd8960f9500e4524b1130f74034e0dcb5a7382f4096a5c549,7ae70cf8eafa58030eab26e0e92003ad04c3bc2507d750ae950d7475c2da651b,21171c9279ac82512a2dd653aba8e959d5a1eabe3b6c73344c265e48deee382e,d542acb3b3f9835b4782e21c2927ab038d31915b76085d0a6dae79f2f39471b9,d73723b8f02bc586fde683a785fc513b9fe1be4e8f6b998032051f55942c723e,5ef3666ed21634c611d562998f2848d73c9b366c43e8018984ca8d52696124be,f3e3260730aaf55fa4ef80ccf13ced240cf1bc668248419e0773c44a4757ed28,2122185f3482cbaa6c561819ea638df6e82bb1049b1fb0cc479b3d7cbe520a86,cc16a4170b02d4f450327b99bc7e429cbe5e57a02c8ccdba4383c245a0d482fc,3fecd5b26b6c587320a20dc47f5a3ae6548a0e8f30519170717a1eef73817c77
module_a,21,raw/trajectories/module_a_seed_021.npz,,a9cc8dab9a8552e6e86d7140ba4a2c8ea2c722cc8affaf4562693e1d6418663e,,5000,250,5020,2.0,"{""audit_mcar"": 14756410360056624581, ""audit_selective"": 16693690673197497678, ""calibration_label"": 8069177106372443859, ""control_noise"": 17332469087770465956, ""control_permutation"": 12427361350507400196, ""delay"": 2436229109225441505, ""observation_proxy"": 15345657817843577655, ""route_label"": 5116584171189153481, ""state"": 10643132750935592217, ""structural_feedback"": 6097477933718003934}",b467ccce8003624213aefd27f0c804b3b15dad94325d0b20dee52835fc9aa33f,805b17dbf98ac9909c3ea4ab68dd79cb43595d1c206b524fc8081cdcb6ae0d80,8440632d76ee92cff6e5d623b5ac4bb89bb54ea765c2bfd0beb85f25206bc39f,6ecaa5752503c867d582b44324142d87eaeac8a478e96d910f903f5049351801,2da9a5b0f2028fb89c9bfde8d576d47bfb132d3ca90a16b86bff58c1eb6c6a00,44d403cacddc2b561d4e10cdea699fabbac9965b280fc8a430cb3de00290147c,0320e0e3cff899b7dcd5a62d7047007bc335e2d98ff5a6d988b0258c5a0f1e1c,bc2a40d562e1c1c08c5158b22839e8adc9c71f0e1b4d6bd05362136e8cb24d62,574df778da169c1e52193b24bc1e18e9a73941792dde4ee794ff90d6be6a16d1,df9feccccf4a713d3066417a9db91ede7b47972f7e0113aad353eecc72d5cd78
module_a,22,raw/trajectories/module_a_seed_022.npz,,7100b05b9a9da85e1a10e908abc3e95634c4f902fd8b08b225ea8ec9eace0793,,5000,250,5020,2.0,"{""audit_mcar"": 7697189113532331090, ""audit_selective"": 7751625961393046649, ""calibration_label"": 10526640208377084845, ""control_noise"": 6239969595465198571, ""control_permutation"": 18280151145371143557, ""delay"": 188855135054529758, ""observation_proxy"": 14564642254371348907, ""route_label"": 3184111541368975207, ""state"": 1869807819745719559, ""structural_feedback"": 11292951800088065846}",65d05d706c62b0d667c5fe11d57bc2b7318ae47ad0b746c7d7b97f398a7e89d5,740f5d5b5cca14f39158298b1247353217f223f847f4c777bcd180face552729,38688e6eb59196b39dc365d5376f30b712b12a90bc168f746af57e3087e1d713,a834ed25034518b3c3451062d62a7f5b6a1e943ed529de97690a9f8ab00e0a39,ac1fc936d852627886dba641cbe636293ee83fb8ed423ca267a1e0dbe6315b20,eac1262f03d3aca76af34cf4d4e7342f70638f76eb3d35e004201ea5296f74ea,c8ec55884a3b86fc173f941ff960052cc208b7403631b0cb862ee2b350389919,8ac654ed6500a63ce236b7ec5368470b71387637e745c63d4a03319b003aa8b0,e366f09b92115df2fa2b80e847b1ca416ee00f4dd792bec36860400a40513c29,739c51d95084589e513364ff0ede1e0c84072f200e9d6ced10df3e8dcadb2729
module_a,23,raw/trajectories/module_a_seed_023.npz,,0ccad8b14d7e5e10046ac03d6b4eb8d05d16e4a6d4e2d264f25f2299aee0dcfc,,5000,250,5020,2.0,"{""audit_mcar"": 18324095190216200459, ""audit_selective"": 10896850614615528079, ""calibration_label"": 5715991585619558457, ""control_noise"": 1920071208899841574, ""control_permutation"": 12512321488710651108, ""delay"": 7329260790702802122, ""observation_proxy"": 10024991948950237918, ""route_label"": 40441257199348255, ""state"": 8390214859838114815, ""structural_feedback"": 948796031703797817}",e434bb164b88eaace4e939fbffe76fe135f29dc14dad7a1d0aa25f153502d6ef,d7fb2a0e9c46852a7e4ae2573a9d191c30967c70991380fa69daafa15ca3f9f0,2dac67925d96276fae61c79bd04bb8b269f316f8772078c9cfb8bccc996ea6a9,742da98dc5da98f33bf943df47f30e6b7f58bdd39a173834727a735940933cea,a653d241dea0d0f0d09b310825066194571863b75d769f960f313c472b088894,e23c580633ec56ddcc14585df59404a20d3225a883e5cd9948cc07450312f260,513de2654a55943e189313f297c8ea1366ad6d613714d651cd7e043a5560707c,adb59c153b207fc48bd6cbafb3ef6ca2775ce7492db09f0de6bdfb8a502cc254,c0d646d48e2e4e41b347486df9b6c28e451b2933c0934893de2aad1671335ed5,afa8ecc3205561075ba89556b88f64bf71a968faf6e4ae7ecefebdadc85d1067
module_a,24,raw/trajectories/module_a_seed_024.npz,,0528e763e6a6252c7681e10503ae36285dccaa2eb5636e679c0bdf30d2fbd044,,5000,250,5020,2.0,"{""audit_mcar"": 4709139169744646068, ""audit_selective"": 17508514286516625967, ""calibration_label"": 7296820076869579210, ""control_noise"": 16942654735934073378, ""control_permutation"": 8221109845692210896, ""delay"": 2327244094143094458, ""observation_proxy"": 11102330003194708462, ""route_label"": 10487194105225595643, ""state"": 5782413102504633088, ""structural_feedback"": 16966908397298795232}",530c077a801ff3a1f420c8014ad94d75013fa6ca45f558f0a76546f9bc955442,7d6a59aaf47c6688f6c3812af7d480df005a5c27bcd2831fa85a2dc7e17c501a,7e68cb3738bf1f74ceba55b9d72c816040b7294cd973c0a6d4f728bd5e82c99c,2bd9d6afb9cc3da61c4072d2f498cc277c5e064fa47db2b9c54d89fc2eea18cb,4d4b9b92987dbbdf9666bd43c08f24801b9458b65aa60080bfe08315e452db33,78b6d044c539876edb6ffb19ac00d3fb3626c854856b261aab55510725da9767,edf3f9fa3f3bf921434c01ac54b2c3117838e14821c76cc5bd51ee2501790b23,f27162bb8dc8c196289f0018fb30905eab511cee4cf55869bdf08de08970d4a2,408f00d82521afb398ffcbb023beab1733ddc6388d6906ef587790edbc2b8b89,fa9bfa44e55bcd2337f2c5ea2ef624f74285a4b277df0261e050f08cb8565808
module_a,25,raw/trajectories/module_a_seed_025.npz,,b749f20c634b81f5a380effac6d9313c9fa350bb277cf5a78f31682fa2b6e441,,5000,250,5020,2.0,"{""audit_mcar"": 14378068106720595795, ""audit_selective"": 12905733331235333979, ""calibration_label"": 16405753651479681039, ""control_noise"": 1200458961300311428, ""control_permutation"": 9076092115250674631, ""delay"": 9384644501539370926, ""observation_proxy"": 3132759999690237171, ""route_label"": 18041506791428567636, ""state"": 7220214258884017274, ""structural_feedback"": 1036513901875452718}",12033a3bc946fcbd5fe31b464c9f4f3acc67f4662943f2bbb35d83e99bda87ff,3f5902fa7a8318bae75214a67710565930ea9202491d2d415985414f24704651,abb5c782a87a32e38dc4c4c4843beef4187ca493e5262d0b51ec86b29f8fcfe8,bd63a0e49e51d06a90ec50cbdef7de9539af25f1d0eb1f15cf08e9f4b51f990b,e3fbe4792abf1650152edd99a44dc694a25cdfb99dba918ae9d5f570d714df86,94d55477181038197395db1109c86e7bad174c47bddfcca45f50935309035621,11732d0a8c2576127dbdb5193db07c189e5afbda7ea42843e1956de3e89cf461,e7c2e85b53ac16ef2e6a90d3c68c251698c11a0480debf39ff71c32f7f184c4a,bedc1b285e948da361edd1a3d44ea387eb2580824d75e2e34ec25497ca5e9828,6a3a6482a0e6694118ccc58f0145811ba776f29c7dd5a13eb0e809a9ff7326e0
module_a,26,raw/trajectories/module_a_seed_026.npz,,c0622dd5c3ee98dc769666908bee2980e76b06971e00ca9898d0bb2dda526060,,5000,250,5020,2.0,"{""audit_mcar"": 4713927701337104463, ""audit_selective"": 783115458698478985, ""calibration_label"": 9336315955122914301, ""control_noise"": 12343902180484353334, ""control_permutation"": 6904220684109921078, ""delay"": 476630149424486039, ""observation_proxy"": 2492693704040434082, ""route_label"": 518120734922735762, ""state"": 988538816961093396, ""structural_feedback"": 7624178523324139835}",05ffb975af041bcf3c3d00e55e71c67c48e6190447f5a39cb0f67933d9682045,087cb9a6b2745e7702a4b4824fee5c770dea879090214fa00db83a9116d67841,a584c3d80a5a0f6ca1e6775570d229d8fb38b9915df3363fbf764699024bfa2d,bd4d677b2d325e8f8a1eb9ee0aa007a45a96085904af063375bc19d93759ce1e,260ba77f78b47df598951436bff608cdbcfde4be9c1fd986de4c7df0c5603de0,f6c6f790e0c7465c331c37cbdaef0f0d87b44705eb8a90259a1114e6bd07ac1c,f06efad0015e948d3dc8aa9ced1fac2edccc2e3d2ea996a0776f7c4ca1b55142,d2a92a6eb67bf7e0bb233ec1cff222b6116fb908a72f2e7937c95502bb99208d,b49dd134034ddbeae8439b026f97299b67fb52eb912e91b41704363307aed05c,b7a505c30798eac7c1be082edba44118519d9c77481b90e9512ce9c40a48da60
module_a,27,raw/trajectories/module_a_seed_027.npz,,00abc36bdc2e513483fb0c0d046ac1578041c33d369bd976cff1dde6233d48d1,,5000,250,5020,2.0,"{""audit_mcar"": 15832953258005227496, ""audit_selective"": 18302915052959016310, ""calibration_label"": 12320693517897814368, ""control_noise"": 485279229830333932, ""control_permutation"": 9048896981715984099, ""delay"": 7694099634409024643, ""observation_proxy"": 3003043292967098763, ""route_label"": 5456910421979643159, ""state"": 13270262961232437390, ""structural_feedback"": 11214685324068922081}",ca48124be41451e2013cab9d900e5499abae1258429708c75606cf8aedb356ab,27205934f4b6a5d3343e56bbdc008d78e800d7f24d17b343f34fb3e83721f5b6,4ea77d1621c6b71ddba61f644744d9c61c622fe529ab0d40308987a8fcd67fd4,d897f6a822f80d168498ee2a773498a5c974d9a898ba21bb25c4454a267fdc9f,efc632fd8f628206ba424ddfaa9c70c993b8ba7d9b14a06ed3e2d9ed8093e515,cc0349fc69e6f4ec737f2a4f10921519e49fd6f6d2af8d4c8f47e0094f9007ee,f486a8039c0d9eab4506c2578d43e5325eb11dc64800414e4f18d799cd79ea91,2c720e0fb535269e906b555ed66517d724a8c1d8eda0f9099e64fa0e2856184f,d96e09154ed33fbdc640384daf16d0a26e23f8b24b254338ca7a3799e1c3abff,7a07ddc066217579162fb2e4c02363851a722f8862531a3642d688b702a0f5a5
module_a,28,raw/trajectories/module_a_seed_028.npz,,9fd3f9f45236c27249c7ae363d09989ef3f20a7df87e026677e2344eda4b37fb,,5000,250,5020,2.0,"{""audit_mcar"": 13925461119070949474, ""audit_selective"": 151944101273382248, ""calibration_label"": 14277509493704520864, ""control_noise"": 4753040596391828889, ""control_permutation"": 14407863055388353086, ""delay"": 11898416402347395643, ""observation_proxy"": 6715128247039005217, ""route_label"": 15292099372283808098, ""state"": 5885439134066097357, ""structural_feedback"": 696240849894166668}",fe74fa90668dafd2d01453e540de0b068f62b998db3974d7d28ad7aceed1e6c5,4237ef5caab17a83028d4fd7ac53ba45e9d2d5bc89b3e57d253089077633d867,634a45f6c12b6f1af4b91cd5f316bdb7a9fb2e23473191b25a0c69cf9eaa5651,3f77f1f42a02bad9d665215f9939c472ac1b598a30bdf545f710248b9dce06c9,405aaf33e16a8316befc45888777e82faa894284704b484b1893ef4abdad1288,1851b1b7aa9c6407e6c8114b0c82a5408b1d49fa6712c08fd9cd6677caad2657,f4bfb959753451f81901cb030de1b40bc9a46b767cd057ad4425e158ae4a814c,968154f35e1012d6861efa7f819dc0b2709e0f7b787e98f2787dcfb75be6ed20,7a6033bd4902924019fef30d50e2bbcd3247f515675cd9c006b9a96e5e018973,074208bdcd24c6da3a1d5bf46d819e21dc0d98f51bcfead1a84a0946a61b049c
module_a,29,raw/trajectories/module_a_seed_029.npz,,b1dce5866ee34372e9cb7fddf3279ab177262afc3a025442635d72f6f7e7b847,,5000,250,5020,2.0,"{""audit_mcar"": 3327890350051386187, ""audit_selective"": 5730011763698801960, ""calibration_label"": 16896554889825828066, ""control_noise"": 13363480391357377945, ""control_permutation"": 1754414382379931725, ""delay"": 11231288511118906986, ""observation_proxy"": 9259943566578082422, ""route_label"": 8468439601787157523, ""state"": 2176393061459960695, ""structural_feedback"": 7600713906290418927}",fc4f0f80dd49188950b9815b2e80492bf8c6ecf69d4a56cadc68125400884598,c1859645f8f9cff64f613c72ca058e3cd8de6ecbca656c785d0ffd981fd06595,57d15c42720f9e1816a5208ff815a1bfbc3b989a71ba7cfc74848e36f38b10a7,8b8c6b7e42e25499193904aac7c8916559aaca4ebb3a59328e38a784538379c9,c04f60fd89497b365fc3ea2a99e1e7bf01d6bb7c2d8628eb31db9e25ad73628a,b244cea131f689f004fa28d2c5cd6e93506b030532f85a69123e51650baf144e,bfa0e24a06d6b19d600dc0ccee7bef16c08ce605ef4225fb00cb8bdc054c308c,3052e0e2365914668b327f10e1f615c224f94b139bf7bcfd93043ab2de50a41b,864d75a64cee0f844f8ed18310166c9c29f7c0429dc4eebf8d2e67515e07ee46,23403a7a23127d868cfd3153cc135109cce5dd063ed70a1964ba50bba77137af
module_a,30,raw/trajectories/module_a_seed_030.npz,,083c680992b7bb89c4cd8951436dd7f6402ed922c7d8dcdb9352c7d9ab7d6d81,,5000,250,5020,2.0,"{""audit_mcar"": 18232219706413863909, ""audit_selective"": 5593153494030667218, ""calibration_label"": 15497931274414362660, ""control_noise"": 2012089825539200592, ""control_permutation"": 3381724372012562303, ""delay"": 9300647360209948891, ""observation_proxy"": 15442936583609529545, ""route_label"": 3505336697722831884, ""state"": 13346679209547990801, ""structural_feedback"": 18423818605049380759}",02fad75c88e39cf71cdc43c7ba73b44f0eb99fd06420db8bd131f648a62664e6,67f7a8bbd31f2c955b6b55d544de1b19f27fa172f9a974117902366efb6bdacc,4d846865b7956b756b674b0f0b76fc2bc8a04c5230f2f7caa4232146842cbd86,1394fd6d593878a58daef85d953d82f4da7a14bbc0922f336788d1bfae9f2092,939f4742004f994985a4e0b7adcefaa90de9994f263b5555c5605f42212ebc2b,3280cc164724fc3c5de14a0b1cffc9e1f87da5b4532c6e063134b9ecc4bc69c4,bb3e709e62dfa3d0ec5cadfe73aae52c032d52295a5c32cef9ce1e8d8d9c3f37,119e98835c4b63d85f7d7e4a0481b070b331b0101320c6d3b9cd22f72ad891fe,25b458a89d2c155f60865943c35f03f32d49d38342ecf977756d518e5b4850b1,dd746b3ce043a169215fa958c715dc946fad85def54ac3ad1091a00db7dac8ea
module_a,31,raw/trajectories/module_a_seed_031.npz,,09965cdd34c3e630d8816bd59e9fec8664734c6d10ff27c3822f0acca530f690,,5000,250,5020,2.0,"{""audit_mcar"": 524303426929380617, ""audit_selective"": 5134767329768064592, ""calibration_label"": 18279542996791423057, ""control_noise"": 7817294511442645412, ""control_permutation"": 14997605149161711480, ""delay"": 16891480029058284806, ""observation_proxy"": 4038605835477059032, ""route_label"": 14497888481483900260, ""state"": 3627151517853391969, ""structural_feedback"": 9313874960441363950}",89eebfae351d47e6cd517f891c852c84c6802fdbd609868e7f564322d2aff092,cafb881dbb5b5bd8d150b13bf86d43159ddbb7995721c2a09cc8399701ef9518,d377140cfb8c659d602465bef7a095aa38111dc69b8ae7c3c56d278f7a503435,870aba9bb4e26423385f6be1190900ca07ecf89402e2f8109646ed470d2078bf,14d4d488d882634849bbc2c10e1e1bb342adf1e0be8d6e55d80568cbed20c194,20c4f5c3fd8e9956373c3c715a1f20a5362cf0c99dff7ec4b23ab5e11a96c225,7e3b6a7510df699d6373bfc60f6355382e8e18464f0a67d63010e30e7d16fb5d,eaebc5af781bf217ae8511d64bd7ecb1c97e19de7a490afcb5b331c6c18d928b,7ebf19024615eb8e8bb66136ab9f94152151b1d41da7cd08dffa6fac96297d3e,3e837868b88cca3ffcbddeed7a45ccf343d529dfb2be2fada8b59414e7d9409e
module_a,32,raw/trajectories/module_a_seed_032.npz,,c72fabebd8b073ff55d4feb5822f1107f95a199e92d5cb6911c9737594b7618b,,5000,250,5020,2.0,"{""audit_mcar"": 8518868850023379520, ""audit_selective"": 16540574539737960285, ""calibration_label"": 1788920114642313292, ""control_noise"": 3275323746503574046, ""control_permutation"": 9945831702637603932, ""delay"": 10339964670198194059, ""observation_proxy"": 14753931033117017911, ""route_label"": 345665060531116222, ""state"": 794329763821706929, ""structural_feedback"": 3471508315265284100}",3167c634588026895980b3cee93051cca9d9aabd2b7987db96e8ec41b392ac08,35b209925f7ba2bcddd4ffd9afe1b6c1ce1cb7f808e9e141997dadf336bc0b36,9ad8548edf4faf178a682824845bb750067ee5fd73aca85ac8ef3e09f0bee17b,6ac7e730ee5c871b35497f3617efc4fc131e4c82a33832d3423fa5e59d610623,1c5de70a1960385447dded3e489ea6949f61da0dccd175441bf5bccb1121dbc7,112606334d7bbf3ebabd37947767908ab97e516eddbe4c9ffec079852dcca449,fa56950525a902239eb55403bd564404931a96fcf4002c59b11370cf8bcd8b8f,e39096120a39329662b3add2312a05c234dec1899ad365fd528347c779c7713f,235d463abefae7373948283c81be695fd3e39067f51f45dc531635236ea0156f,d9bc5dcba5439cdf115c75bc93e4d6a01c6f7ec8f3bfd23aaf824c383a591259
module_a,33,raw/trajectories/module_a_seed_033.npz,,af8239d14be09e6e34c503fb0eeeb16442b023b8d10c496e77a2e408d613ba51,,5000,250,5020,2.0,"{""audit_mcar"": 11065557650955303797, ""audit_selective"": 13394394484745830366, ""calibration_label"": 5985653316912524558, ""control_noise"": 14933580835135246491, ""control_permutation"": 5955572460853191180, ""delay"": 5441445854318677426, ""observation_proxy"": 8008841362903397900, ""route_label"": 4241770745337643098, ""state"": 10034070718093943107, ""structural_feedback"": 17032923566108711885}",b271f49ff29e89e7c4767ea4304e9e06dbfdc6b248d9d86107423c4cb80a5b38,2e8fa9779dff4727aee772494b3ffa3ca37213d4ea74178f7ee77030e43ce1bd,4175915e00d5baaf4d1fa3052164707756eb49930f76dcb67e01d547a4af9fbd,aa65778aaeffc15596bb67346a57c0147efdaa2cccb88a3578f2fa84d7c5c4cc,941887dd9f6d41403ab7302cc4f0e879221e2ae84253b26aef82c6ec400892da,0cb1ad269d369ebbddbbc5066c74f4fd85a922f07dcb5b00cebf432c53b66aa4,ffaac70bc8cbe60a652c414726c9f64d4b336fde63b08a6c1390e84529b5acae,cd21dc008bba3f5f9761045710a180a692cc77d83cf36aa73c81814d544716ec,89ed70b448cd08b2ade8a4a23368be50ebeee75ac0ee7336d8a46ab4eda3f36a,ccbac909fa720a81b3ed74d937085d2dfd1595ad9d0a798e512815703a972185
module_a,34,raw/trajectories/module_a_seed_034.npz,,66b1387acb3cf98e20ab2cba1c9d2e84b28b316b1ee2c5b8e4bee1b94ceb651c,,5000,250,5020,2.0,"{""audit_mcar"": 13461846616473725374, ""audit_selective"": 7641107434690207865, ""calibration_label"": 14144379374211632134, ""control_noise"": 6165074610806493970, ""control_permutation"": 14533783047391073589, ""delay"": 6180103620438133354, ""observation_proxy"": 9869417678432924457, ""route_label"": 14905861395206536550, ""state"": 11777296280580723990, ""structural_feedback"": 2409242152906339135}",3b77644e99c61f6fee57adfa0afe3dfe8733b49e282acf8eabb1fa8bc1c72d9b,f603a53923d8e28318eabc28cdbc55c9f8cc15917fd553acac4c6d02b3b30f0a,e4a80b0af8cecb9d4c2442426f0514582b8e2c021c1da54a9647c88145fabc3d,4875a6a7fe30f0593c718259853f86c4bef3b41b092a8b6c20164354878e6c69,c3aad5f743212056862607d6f75f9bb9d21a730ddc4107c57f4bf35106e55fde,1705d772318d11fd497f95c7cdcd22f1dc76bd18aaa917a5dfe5973587a1934b,c83cec4c555e850f1e2b447fead8258b89ddda318ccdf9eda3c4889b14c21064,d3d75f302f625a565fa290c3f3ee8230c538096ccf7a191eecc40b3d79815acf,e5b6f247d77b54cb3568d00d050c7eee1c4db2f5e27cee95f8d0e2ab95e22249,462f9cd95c8ee62a7857063900c019e4632c3e6598504453752ce838fa0a2ada
module_a,35,raw/trajectories/module_a_seed_035.npz,,f425f413b7441fb82bb140d6c4edf5f219c3258f2b376938ff3842b73257e421,,5000,250,5020,2.0,"{""audit_mcar"": 8309123846663550245, ""audit_selective"": 10640235806383684813, ""calibration_label"": 4435724846178772915, ""control_noise"": 7939215143607110002, ""control_permutation"": 676736020301446129, ""delay"": 6358497724217486098, ""observation_proxy"": 1855354518277599782, ""route_label"": 16865209604210678325, ""state"": 15222171988727786256, ""structural_feedback"": 17385470798265415161}",620593a82ee7a58298f01d741a7d5fecd0b8c8bb11e29bc03a4a8728df734ee4,ad67f6964fb3af489e277c7adffd6511cdfee6bfe21dd4d6569163b7f3d312b1,cf640ce11813471bf292c94aca0ea48462fd28cc79695275c4d08a73202eb820,8f75c21242a45bafe97d869fc952599b787c900dae4d97834bf74fd9469cd4d5,65e1ef398e445811cf48c52dbfd37124f6e97da038f967b7602208a33e28da0a,f896ba6c2e10c426913a3e28b757edfa3bcebdb1aedd0e1af318c9c385138e12,157eb6fcfc9336974efe5460457ea5f27dc482be4a2ffb9e97b9c638515c9285,d0eeee8669852f4a687cd327afe80d1d6b37765a94c680a3e1c37a364c146abc,1c347322532f09f5d0c27fc74e0de0a47276a3291cf94d3c7d662f03168b6a00,9d61ebb97cbb7b1ce6b04f5e91e217b1bc8369e8093c84dc3a3891b8ba8c900b
module_a,36,raw/trajectories/module_a_seed_036.npz,,10ef8703e9383573def0af8509e480d241bcc1ec7c59894aec00487b81386315,,5000,250,5020,2.0,"{""audit_mcar"": 3153484896894633640, ""audit_selective"": 921064048530340149, ""calibration_label"": 17390069116949839302, ""control_noise"": 4748421373513223168, ""control_permutation"": 7630271376552584232, ""delay"": 7484715587617170852, ""observation_proxy"": 249702115788193373, ""route_label"": 5341271056105439815, ""state"": 18214805270419151166, ""structural_feedback"": 701204684106743222}",3a670bb7d9a7c6f990d242f3a8b9416ebec1656e12e51a2532d496b25b95304a,2956d9889e61e3e1e627ae96e3accf332cbab8e2c6a06ed2bdcc2c63f20b38ad,01c07acec46aaf18725967a698597fedc5bab8e0eefa3c7648da6260ed5f215e,e434bb99268bf079f32366426d8ea75b062d60b255535a6583b772c6a58a5948,af455c54414b4df9cf8c03375ae2e55a562130cfb48a0999e1324a95af0d5db2,f80dc8b0665a5f915318ee1cebde821802524572facecd292bf94e3cb548e13c,a3457b46e8c87167a88660a5688ccb18d118f55a6c03908af7b5792a193ef7ee,1659a84219d4ec06db739c7cdddf42920b4ddb591a00e27bf88fd5a98d98d8f4,a97dadda6bdc807bce34f556acf71709df5e400336e0a75f881ee96770631ca1,2ce542fe735259de334feef632deee4e1620b0be0b362f5e22a3ae863c5c1bff
module_a,37,raw/trajectories/module_a_seed_037.npz,,00f3e1fc2ffef91acd9c4d1fce439a91aaa26c5ff37876ffa2a9d4ebc60e7f79,,5000,250,5020,2.0,"{""audit_mcar"": 11409576543558493130, ""audit_selective"": 1519968427724996968, ""calibration_label"": 2201786298955421804, ""control_noise"": 5839097413444923971, ""control_permutation"": 9974066057523125339, ""delay"": 12719536395291571287, ""observation_proxy"": 6170803332961996460, ""route_label"": 633212587843279120, ""state"": 6157804665608812170, ""structural_feedback"": 6603405788943273199}",3f152e2557e7c572366779f9eeb40753593fbc00492030bfe2245c6dd20afc50,b38755206207da9b0c254494e4998d029d305f47088ea8163ac377edab8b3ac5,5e25c33ef67c514c341ca4a4a6ed4c595d3ab49c84e520b874aa08620a6104a4,96924f55dd324687682c68a6617c68c4ce22faee93bbb3f279fdff07b81d7586,6058c9e9adf465368358b8a7c67aaee599dbae4e7194b260af0115412e98d391,2de4227df6cda55115240dfd2ccb1209038673fa3431c76bfdb7f7addd68bab5,c3fb1722ca8e23924de8174b033bb22de8a458df94ec876c39ed5671bcbcaee1,9f24deb6cc00bcc689e1b15462d68e32a6274657575adde85eb97e0ae9f5e5e4,e536dce1416d4ba8134d033ced322d68ab6ec13d6ae900f9d7edc01505b6ef08,b0028a4e12fe11328dd14b6376b1e0f06a66cfa4f0752b9186b31fd3e2f9139f
module_a,38,raw/trajectories/module_a_seed_038.npz,,d163751239fa8758e931f3042450f56f949a44194dede33d610715f922bdd467,,5000,250,5020,2.0,"{""audit_mcar"": 7349592162302439737, ""audit_selective"": 12552098417543254144, ""calibration_label"": 8420883244462188853, ""control_noise"": 16602314989250860378, ""control_permutation"": 8107333198737295821, ""delay"": 6645605911113441703, ""observation_proxy"": 2058592767779931927, ""route_label"": 15568922922307378359, ""state"": 17729631297805209169, ""structural_feedback"": 3673286417171991100}",efc9c2274507d480f7e3a558c6bb580d8615ff6bd44997d5ca9e8b0b76e15693,800eb6ac04034445bc5130bf74bce079e8ea5173ce15753c0bf22a3a1ff1a3ca,57d99a4acdd2adab2d03e0d5677a6ed7912c17209c933ee3baa0904248810071,a3e9a9b840a4128cf0da924017b46fb2567cfee4ae1985cce3b16cbe5864142e,34f23ea5502241e7771785b2b3816496443058ae80f34df6206fc8ce94be8731,1f258488475fb5432f9999edb78a80e411ef40f39bf0b742772076f4ab6df177,0f846016df10801705371a95f6d0938ba0a5463c82d777eb8582da602b752d23,dd206bd768060326e22daac2a7db309af963cb12eb5c175a2a1802b4b75dbed1,cf791c2144afbdcc3d91b0802d0e03bb689869ba49a672e6f4b992c8455f2187,48af09e815003be69d037a2ff22384a9d8ce28f5377860bcf1a20d0199e151b6
module_a,39,raw/trajectories/module_a_seed_039.npz,,f0c9ecf3b681c70dfee51bec77efbcc590cccaa53ef199e1bd1a79ef14b77937,,5000,250,5020,2.0,"{""audit_mcar"": 6960566743709093642, ""audit_selective"": 9515523445964417896, ""calibration_label"": 9116447268425790437, ""control_noise"": 17079398997756571811, ""control_permutation"": 18262009371353096, ""delay"": 4852308664331172643, ""observation_proxy"": 3261329579805451972, ""route_label"": 9472618201882504650, ""state"": 15673142317650479793, ""structural_feedback"": 3829716637321618121}",b6388eb44fcae4c7c4a08e2667ac0a786453fe9c2fadf2519e8bf51d39b102f4,7e716512f8a3a6c91695ec43ff11ebafa45670789aed704915a5e3d88ba54c68,5a68da57f888826b8850b43ab96829acd3967ca1f75a57b7b4011d216ea5e202,aa937026bccfbadcfddf7ded4ea562c4f97b309a90377d9467c72e546d0b92ff,4c45b9e94141e8f2dd8e13129bc78d86e69289cc52c62cc713e8d4fc6ad6a99c,812d547d8b004fb86705f9eff720090d7a17ef1d93d8b8fa12fbeafe826844bc,65e65422e797ab29399da0d84aee9d4549fe8d10a201d34060d28ea1141540b4,cb3bdfa482c154ca1e5953203c1d190c344a3d999eadd007aa4d399134e8c892,c3f43a10b7401e62590325d24239ac15b06804c3bfc477a61068fb9682a996f2,46298161b4ca0f80383118d3106d517a3ec483222960b916a9b7dfa43654c140
module_a,40,raw/trajectories/module_a_seed_040.npz,,2ad05b8c84dab09effcebbbf0d274905935bc8f998bae8616062d1fa6a29d314,,5000,250,5020,2.0,"{""audit_mcar"": 4055187802680056675, ""audit_selective"": 12739547015387563784, ""calibration_label"": 16432947815590706744, ""control_noise"": 5137415610681836999, ""control_permutation"": 9621809970434244575, ""delay"": 2185740248593736167, ""observation_proxy"": 659958192883560568, ""route_label"": 9947125875075366016, ""state"": 8537781734555038175, ""structural_feedback"": 10046425913442163182}",a4d4f7c6349ca93885af73cc43a8015d371a8d5150901069da415e0006075b5f,2683e04912f77e8f8361e456a193798646d08569046d4186cb3ac52ff909e347,79bf264efb0a9d084b5b0e527013efedbae5f203f607f897ec8c83be77364a30,ac66a3abdf7866a4f2a06e13e91f83f5eebe1b0007161cea3b9c0e1a441ad165,941e303c9fc10149d641bae39b86f5385e5f03da974bc801483a5b9f4de894aa,504e1669a83eaa25be7704fdf00705ece3f4021be8c0ad0846e5d5e9fc33113a,c919f239a6c981d2a720758230e2914a473080a14a51a4dd41119f6482cb58be,8daca46c43f5167bf74e47d770923729ef10f0d5881b2e36d3360073701d19b7,96191405dc091f6ce6afd9af2afe3e4a230c3d77d406cf055a30d2b0a30404d2,8553c3bcb553f14cfeb3e030069032c07855cd9222fe7330f0fbf736704d3c75
module_a,41,raw/trajectories/module_a_seed_041.npz,,b056be21f3688117351cbd4e4bdff6246be17e5da8e137de3850805e1f4b50e8,,5000,250,5020,2.0,"{""audit_mcar"": 6331347868620811536, ""audit_selective"": 13206723605542237047, ""calibration_label"": 12700828601358537265, ""control_noise"": 11495852892380285720, ""control_permutation"": 10625310389281262689, ""delay"": 13249299806468744616, ""observation_proxy"": 4314282828115874165, ""route_label"": 280507064883901055, ""state"": 15570698046352422000, ""structural_feedback"": 13929977705286179195}",a3e5a9a8eb16773708f0042e844f2627050ba1eb6263d582943cd03a2683add0,1a8b8bafec449c521723db3fbd5682bc789ea17a67975c1a9a3f8fc3a93ca143,564b1b63083022f705642e0d57791faeb25927feed3f7fe9a60c4dfb5ef2fb77,2c8cadfa3f8e7ff1285a4bed9448f688fa1626da3904e19a41848b3d1e1cf455,0e5aaaaf100738ecef05c27b74c9ccc8f5d9b93a44287051d62ad58f4f814a37,aff9cbd746a01d8e129e4d171f475ed64b0b62ac0ce989344ae06f5b496c4b95,0e24346e04987b550ad8c61bd1c384212407b8c814c5c7588d6d4fcc28f40d28,fec4702b839788cba0738d5f93bec714a594cd4108268abd5db563b65cba4482,636ead699b3e1fb0e6e3db130c379f31848b0bc0490558fc9638ac590914a8ce,99c854791aea4d5183b789bd422bf29d973bdc9a4df43f58726fae70b80eb711
module_a,42,raw/trajectories/module_a_seed_042.npz,,0e9233e9010a107df07dd62263d17f7e4df53abbc7d0ee03b2181fcd7992b45a,,5000,250,5020,2.0,"{""audit_mcar"": 9640295332773639013, ""audit_selective"": 15628722433957465764, ""calibration_label"": 6484178713301894431, ""control_noise"": 15406677447577883902, ""control_permutation"": 6280504518652216917, ""delay"": 3875481092349302204, ""observation_proxy"": 4617343130441840523, ""route_label"": 6840300495757884511, ""state"": 17956233277789688278, ""structural_feedback"": 4555991117987407595}",603bacc9658512b81c3dbbd6f08934026195518bcc3365aa610afb96cbd3b000,21883538f968fa663fe6d6929db9aee5d52b005cd621ac5411b27e977a5fd324,7bf7edb15f2ed4b0065ee78f7a25cd5a6f528388041b3ab80278b8f9988ad7e5,7f904af6d0d7cb904176b884c86544129b7a1addbdfeb9fae12be7fd053b6441,70b39a7169eb48d811baa27bcfa3d53a46a0e056ada5127d5768714fbde9e112,067e2e5e80c329f83136bfeb8268ed7f9d51e65575290f3ff76119d5ad61c3e0,7a110e7d4191e5559df00025f5d01db51d287ba3135285cdd43c41a0c9478992,ff910c43f0c6e0221586fb2c260a23ff6f4bebf79cf5d4b76bbf2a11e88e060d,33745d40e6d996d0d42a9f9ed67ac3a2d055868b17235e8ba0e9585e8b1bac8f,e7c755db1f0e616bebc2e094d9b4d9a573b2c0859aa2d27c7c55bb5184765eae
module_a,43,raw/trajectories/module_a_seed_043.npz,,8f12fc05e7bedcffc947cd8adf3dc910a561e960c2ea8a1cf03613ff16b6c6d5,,5000,250,5020,2.0,"{""audit_mcar"": 1824366235451524544, ""audit_selective"": 5742487792051559446, ""calibration_label"": 11871112759175201069, ""control_noise"": 15390481937751612196, ""control_permutation"": 5503319547957904083, ""delay"": 10541923511228930241, ""observation_proxy"": 8101824726473428437, ""route_label"": 3419844533022847627, ""state"": 11010888285512888824, ""structural_feedback"": 14000821344996707621}",de7a9e2c202458e1522870dcd7384b2a34272d1de3c6d7bc77e6f31076f37896,5e98dd59bc9878ae37639bfcfb05c47a489c55daed3ddecd18431b69bb7ef6ca,97e37c6e6fb7530eca3c655d1c7adb70cdf453563d1699edcf89aa042252f0ec,cc6b0bbe4de73eb6a3da49126666970b11220d64b1f11ce20e78c72e041186a1,a97e7c0f68193d6f4342280d360e8bf49d55a2a46af67b986dc8db865a84b326,99e2710ed5684faa5e15575b523529af0229979444272464072d9bf0901f8fde,c9f1282febcdb43fcf6155a21cabdff341ec1929179b1ae6d9c83f4b32b41c43,8cdea55a96bbe9350a783d1f8ad8e2e1dd6d8c52c8cf93277531c307224807af,814bb6a01a99815e461ab270659b26ba84b94ef236dcd74b17daac18e865bb77,753e75ab344a2ddb450878fe43240c1da4d1b265da4b8a8c960f75392c9e9fb4
module_a,44,raw/trajectories/module_a_seed_044.npz,,5125d4c83055f1a9d93744bb9035705994c97f04abde50ffb13cfca94c98d5df,,5000,250,5020,2.0,"{""audit_mcar"": 17200818988838585384, ""audit_selective"": 7153814165974527910, ""calibration_label"": 1274768664747523060, ""control_noise"": 15949517411364063781, ""control_permutation"": 8962217765953816017, ""delay"": 212069277811885331, ""observation_proxy"": 4143768306070215447, ""route_label"": 4007439238386935340, ""state"": 7574550877558554523, ""structural_feedback"": 14082624347140855948}",98905af14b914d9d11e308ed8541bad3a5651cb9113f0b248330bf16f9479747,3f7777581b826c963c387a3e87b399188281d39d5bbf36be46d67bf3997de4ed,4b3acc400607e00d06512a87761c6fec63d865e85573ddeedddd30201f6be26c,fb01c24da61edc2ad2755676dc58cb8752dcace8d2ff17641cc34dadc9e10a50,d74960500ee643364b5b662341a5d0a37f39f80dff5f2387f7d1b09210b67de7,5059bc6e9a072248d873c35d0275bce025612d8e9f4cc5ed01414eab7eff2474,20c8331e8d67ee636612af2d81e17d93f51a92b5a715b793e7c1c9e0e297ca34,049d448f9ef25632280f9ceedacb4c8bbb56cc8982730d6130b23498ecab8ab2,9fbc47d0c2d5f0f51b1f47dc3f55a7794aa5aac1910e985752abe2c75b57e210,213cddf5c05c895c4da7fdbe05d9fba4155f476f61d57e8050c6f10316a8e140
module_a,45,raw/trajectories/module_a_seed_045.npz,,3a79a582ed83066c861e7d0ac126f7b706c8791ee65a69b95c259b9e4d168972,,5000,250,5020,2.0,"{""audit_mcar"": 1771073761344053138, ""audit_selective"": 6222002611428799730, ""calibration_label"": 16066012638893537389, ""control_noise"": 4701457008391229922, ""control_permutation"": 11750342284724109784, ""delay"": 17681691727761029520, ""observation_proxy"": 5358836058215508842, ""route_label"": 13449033974998747906, ""state"": 14813670828987032609, ""structural_feedback"": 16803257680631306026}",8d4f612e975f3df665ea2465c88d614dd9033b0c2a303a816878e1679c197433,431aeb7a81fe40c47faa65beca66d41009a79654c1076ff73ecba5018b1bdc0b,0eb02ec96b2ae3de352791772a049979e67e2374cbadbcf18f4537147c02b0fd,8727fb0b01638d09090d211acdf4218cb8f7686520f0cb0f89f8808a9eb29a3e,8abae0fbbc0c8b83f729993c702463aca9cc156d09c7aa645f6d5eb438bd4513,c85b26e71353dcab42ce83645696d318dcf94b823ad60d7c9f9f3051a5d099ff,fb96f209d18df91cb9c14ad448d864f16c92068dc41dd0802488219b545688b0,21bffc2a8bb3e76c9d320386dbe50ad3b95cc8cd989fc42781a2694b886c73ae,d3131e9c8724ff19a7f26d7cdfb2679b0c90301a06d9b1896991ca3dadf368ed,86a54bd3fb00b269e2eaf844d722c6fbae7f39e686d005361bda3c266e0c59c1
module_a,46,raw/trajectories/module_a_seed_046.npz,,be01cf41ede9e7d933c749c0a3581b080990a243df5938581466d86f15210b6e,,5000,250,5020,2.0,"{""audit_mcar"": 18421090590387207987, ""audit_selective"": 2596172648559212525, ""calibration_label"": 6974540292934500525, ""control_noise"": 12501946021614960771, ""control_permutation"": 2532196773118089075, ""delay"": 14979327470995611225, ""observation_proxy"": 5204183257202541392, ""route_label"": 5907232509307480610, ""state"": 17889525493210410700, ""structural_feedback"": 3967718298050998187}",df88e084e6699c1485722c2827aaaeb31249b68d97df8ba47cc0fd72fe48c7d0,b6928d51f1346ab96f73eea3dbafbf486f51a74bf1e9a2375abc6fa25e0cbcca,ba4de1e78dac8750126bf396150ed8d631966e7aa4bb1d455c7524a05eb665c8,87d93f480e5e6de1fd5bf0f2f94b7fc2e6cd75235f66a331aae5ab4ec8ac2e62,d6f8b98f32726e2e80d8c2ab8b5b5c8b2fbff3caf9252c5ef8704a9d9a65db55,4891229ff10780b5bded9c5d3327a142d633b11563a202562ee4d4a2c27b75e1,8fde2cc9880ad4ad3242f25c200e942f4fcfa2a993cb2b7faad91eb522b81f80,0f4d835ed83fefdf52af3918bdf120c53b94a9649678cb6b9a32f5a6b9e55e22,4512f8f25d5d5b389dd1f832385f93511d5ea0b97fb6476ad85a2b07abeb6d34,19af7ced474c22507e625a2f322d14e222271a027193129028e61ef2dd11b4d7
module_a,47,raw/trajectories/module_a_seed_047.npz,,dd96988817c7975520bd62c53c2f3d1495db0d40f0af790cf112794dda96bbea,,5000,250,5020,2.0,"{""audit_mcar"": 15389456733551328881, ""audit_selective"": 13102479398475712687, ""calibration_label"": 2057947536341637234, ""control_noise"": 11524908014760304042, ""control_permutation"": 14391676405062649441, ""delay"": 5994283215635279687, ""observation_proxy"": 14900457945193738213, ""route_label"": 14676406698648091046, ""state"": 11405956961579630407, ""structural_feedback"": 11112022118226264088}",5981be4c5667cb7bcf1a4b4918159cd3e360969f8394d9a05a2d9a913c13f4dd,b52510aa0abf5f38cb22eef93df05e092eb8f5bba2f61d1ab075b00d4112cac1,2c3ed5183112907bbfec55b45e0a9f29797f02aff42c52a5946faa4930563f15,4e30e4bc0b959abfa789428720f6e44b521c29a16ee9e024a228a4d4efd8dbbf,760c6695c232e056866b4a1c4bc9925c42f9f4bbefca874439dc82b356a8be60,d235480ccbbcb6baefc02884f757cfe39f0b1f490979bcd33edd6b439cd1bbcc,081df3c5fc4b98627118c34ce27ed8fd82db50061deef8c55fa500d02ad91064,aad9e911a6f9e4226b8826c51fc657854151d82b392434f3572104e7b96a0fc9,d6d7fba1a099c9866513e5081eeefda287b432048241d4c85ea09b7be366a8e3,c70fe6820971f4c0a1d46b38ff8e9c6b5e886fafb153e68a9008865bb980d039
module_a,48,raw/trajectories/module_a_seed_048.npz,,245f64881b517c52e6c0289324ce52fa417fb043645e0a0e494c9a583cc2839c,,5000,250,5020,2.0,"{""audit_mcar"": 7683384348073392901, ""audit_selective"": 17597669278181129999, ""calibration_label"": 13600250887309758964, ""control_noise"": 13964860850762270223, ""control_permutation"": 9038612541051046309, ""delay"": 1525207323915019002, ""observation_proxy"": 13128039171471672482, ""route_label"": 13636834108224254648, ""state"": 10024826010995285819, ""structural_feedback"": 17502752203845797148}",ce59b4e7a1885ab221bf56c7b8293e517a2c3023e39b257dec401c800452ff55,82412770231f429dd3be93ad048a97792d8391290cbf539be423242dec82037d,d402acd0c3407a562d6eaf2e77829b7e0cb489a63d5cdedfec297670203e67ee,9b840c1a4eff296d9adcc7b8f071ef28e7fb5f481c7395906092cf4d641ffb47,39173fdf0db3f68be9608002ccce399cf72510b7be8714d71f35c22228cef71d,e70bbf47570bf23647601e5b9aab26a831dd29bdbb1353c0ea79213539da3c52,07c061fa7b4f5771d3074c1118d9d48df00d712ca03e53ad29470527d672fab5,ad87ce22ab43bd4a4133186865795a561a6e1a1ccca42868303a201ad1608d26,4667842272e77ae9fe79ed1732377640cf1bcabe76602568a5c5f3beeee28587,4f2d341d2aa3de0b3ce7883fe3d2ceb60d55401618224b5454d41f86d9662615
module_a,49,raw/trajectories/module_a_seed_049.npz,,bffdf54caaf82111592b112c7ca3c983c135ee50a57d4fb21bd04edd231065d1,,5000,250,5020,2.0,"{""audit_mcar"": 6078669142641998639, ""audit_selective"": 2423006523316266432, ""calibration_label"": 10535714028462068319, ""control_noise"": 9295171401284700154, ""control_permutation"": 4046333133311322487, ""delay"": 6739971111709965114, ""observation_proxy"": 13501869901123579963, ""route_label"": 645264938929508331, ""state"": 14507358830292586019, ""structural_feedback"": 3650239935045454985}",bf1d4540296bc3ed099a75f28bc3835db0e215b2a3e9b0dcc70922bf795239af,f3fc369c53827ac00c6ee673a8d0f529d03ecb7a80aaeee71aed5913f0d7fd5c,b174249c4761c531a4c529098d5d70b3e95620212c4aeee8d6b57bb01697a72e,583687edbf1d4744f5d34317c7d1689b41ff09e4df3636353ca025b188a268a0,2871518e55c5e2126f2a2eed0348a9e23105ec5bdbf5febe7cb4737976db5dd9,b5e0a8be99b355ab93bdc61e50f9e3b8ab7a5ddef2868b8b2ef6bc0aa951c275,923bf0d0f6becbc00e0ab79dbed0a3925fce1ee8f8db69b4340053a63ff139cc,97ee885cd904af96254f731f7d88f34a265837f9a6371a21362b432f46b6b86c,764c4e6b8d43e4e28a6c0de177c7a6c236cbe513b656c41d35662fd649303fcc,cd209b7bd885489ed57356f28ca070bbd0a9044eeb34b035aac4e8d074b4a1c6
module_a,50,raw/trajectories/module_a_seed_050.npz,,53d53cd333576f6f8f57297d97ac84aca241fbc23c6c9c1477992d9d87827e54,,5000,250,5020,2.0,"{""audit_mcar"": 12453696883573428658, ""audit_selective"": 11514892467524869420, ""calibration_label"": 10951853528448605747, ""control_noise"": 4637458944512511749, ""control_permutation"": 12304368717129335460, ""delay"": 13881359858464716636, ""observation_proxy"": 5643956075339682955, ""route_label"": 7111022384939973074, ""state"": 2861412714099510135, ""structural_feedback"": 6957504655349414478}",6979dafdc04aa3ef9b7305488af4676f7222aeafa16ec78f52e225e867a7a060,fb1b7f43951c0cea357e432a9370f1b902ab08e6438c952c3083fe3ea65bebea,e7a14b848ed6db2d74dcc9d5d3f0fe358f352da8481c55a6637048150398295b,7327f837ce743d1b7e7f87c824090f8b83d78dd1f6c3b6dfbd7fa981a5fa6b7c,6879c7157840ba4dbdebf2314e91e3c94744f05b0d320c82f1e541a3aeedf1c0,45da6af7c725fe417001a1f278dd5e51dae3b3305449c45195babe1f0575848b,bf2cb0809ef43f3b9c7e0359b07d7761560279b64c55b1443083db54d473b13f,7fc65b176998799da3de56adc02d43add5376869c25687fd0f4a27b89a9b3c19,17c14faa13f00b3f0b0d55cb9621594fe4b3af06a7a3de796eb8be26da7408c7,557c63d2186e509e880d4aeab64361525e7b6d7c28547f5dc007d8076e33b7b9
module_a,51,raw/trajectories/module_a_seed_051.npz,,9a056eb14a5d007d75167652cc3bc16a561163fa2021c44a0518979b82e440c1,,5000,250,5020,2.0,"{""audit_mcar"": 10358019170698357078, ""audit_selective"": 5625600124273957347, ""calibration_label"": 13807459707793371828, ""control_noise"": 578678865341946005, ""control_permutation"": 11335120254178702897, ""delay"": 18282961473064015612, ""observation_proxy"": 5795352099654567833, ""route_label"": 14711540563062797572, ""state"": 11716275759466404972, ""structural_feedback"": 17019639736875577485}",464106d6969783cd15107da920213d8c8f98ed10d24cb0fe5564a0d058b963c7,d0adccac85dc2b0f97ac972c0d5427b00c45fdf7dbece2595b22a7e1d616cdf7,069dc070ca4058c419d61dd2181c62cebb9fbf7a0c58792aefe73ce8fd51f271,ca968f35b814415ec539b239b5549f705868f72df6e9a8a2681f11c6cd26f438,9983207a432b93af6c78f6f840682c371d6209a736972a58c89580782e648890,e2a540f30242c0fab7b259c8a51aaf4e234bfc6139813cb861f0aa19b172e45b,885f308aef0d8aa6c47206ea9efbf160f6b0ab90a11d383649c9044ddb42771a,85e2fabc07454f2a4780c6e5a5c45b0c86346729899a4d4251a970782226309e,15b5719a9d1e56be623eff56f5cb6eda3a4b5736ae0f66eaaf62bae8aeb956a1,83db081011e3533b5780c7c4a6898856dcc3ae53fcf6f5766aeb2c5ef91c0cbe
module_a,52,raw/trajectories/module_a_seed_052.npz,,8f89c2774d907fd654d4a3be0e36e1c1520b67d8c8d005470c246cf7804d4f11,,5000,250,5020,2.0,"{""audit_mcar"": 5699552116139217196, ""audit_selective"": 12202830796066356787, ""calibration_label"": 107632870756686824, ""control_noise"": 7544473105365621295, ""control_permutation"": 6499000879740131809, ""delay"": 15384628106359627515, ""observation_proxy"": 4666997928457097959, ""route_label"": 9364778662848592896, ""state"": 16910070779881187553, ""structural_feedback"": 12681373960122435454}",9ebfc57a24337342fe6511bea03dddd3faa043942c40e3aa1ea711bba37c2261,fbcede431463e2aa86f86bda2260d52e2941f2d4fc4d1160bf1098805b098ed6,63a3e0797dba02110183dd934ecfd2bfcada951331ef194f4d94538a720d87ae,fb3f14b51286afcb64b19dee94ecab7423fcd5232c7b94bfe58f2018c13e6930,18cc2d6a33aef7789ee82d03d5257c2a2e2d7895a2232099a93ecc0d28effa19,b034133e1b31c2bd9a601fb8681caaa95274ba8da70bd7e66672fa1056af1af1,9ab8f394c72f323c7e527a00c81d6a599d7814a0cbfce76819e61b70e33e91ee,c168027b91153d669b5190832549f3743a2279230360c938f6f18154ea119408,9fe39a57f64f73a9af0322ff71db0c35b96fb4c8a6d3006b4d4a1bfa4e0623cc,a3ce26368a697dcd9b835cf09d02ae14c1cb53d88cfe7dfb3a580118e3cc28f2
module_a,53,raw/trajectories/module_a_seed_053.npz,,0a2c191f1d2757f24ac039e3b41e27fb56528edb3b334ae768b648e5518afb72,,5000,250,5020,2.0,"{""audit_mcar"": 15677874978439306219, ""audit_selective"": 14825257507020316413, ""calibration_label"": 6407784053282089719, ""control_noise"": 7126048834346643679, ""control_permutation"": 15237055312302877006, ""delay"": 7361531557622436473, ""observation_proxy"": 5432350673117621000, ""route_label"": 1944045692708709981, ""state"": 12296248536141165013, ""structural_feedback"": 14530755551921444852}",d592b723e4bcb136f184c913a3f85838033decb20bc5896c6735517d9bc324a5,da230ccd80cee40b66c63ca19a5fc69369eb52bb2138bf39324f3feb0b48cce7,a03ab82b88bc6ae1cc1d460e3f67811cce55c8404a1afd3804335c8ee87d5d65,e7b28cad40615ae1f7bc73d1749736e7d6dd3875965cb0546c50d3a544ba8701,77faba26f9404ad557ac3a59e791c9c5f76495a45a55a91b5b16c2207769fa79,82f5a70e5f5459a1d002a26af5012a539d8294568a1f01f6d5235f7b4926def2,d779888dbc2c961ddef29b99a4bc3d7067bbb83fd1100637b41bccd67b93eee1,fbb029860009fdf3c744e6853c20885d4e03ccf89ff6c9e4fdc18312eeff035f,15facfb8657c9caed827e2a220399f687541baf4f13df9edf5ca51fe4850335e,ae58fd839a17be2ab77689c89af8985975ea6ea0898622e4fa85af8657d757d4
module_a,54,raw/trajectories/module_a_seed_054.npz,,db97f28138d6b39037eb2f7f0d97963ed6069214d231a2fbb322529c137c53e1,,5000,250,5020,2.0,"{""audit_mcar"": 8110399103370243019, ""audit_selective"": 17824345985203199802, ""calibration_label"": 17747837525702487472, ""control_noise"": 8865163337419054213, ""control_permutation"": 16752118401831408825, ""delay"": 9362092675190577024, ""observation_proxy"": 2074705581656125900, ""route_label"": 8331455136357191070, ""state"": 8762030402047510993, ""structural_feedback"": 16765489924266007597}",376077b8994963ebace98b54b723f91edfbaf4323caeece40077604bb3fb5a89,c7883aab92597eb70f5060f98de25598d9bea0f78dd416e4479ba697e60f39fd,b3d5a542c7901fb533775b9bf0bafcdcfb0ad1570edf3a8265f85a959645d53e,951ff297fff2550b427dc7ca22723fa7b53414618934a4a9cfa9721853f9e11a,983c798b3ee42e8821b71cb226e2a6f7a484a0641bcc58cb20ee91046ce33ff9,8fd49ea0594536e2c3b619133bff6c201bce6060ebe1a51ce38512a5c24b5b69,d4782363c86f85a180714669459e1e642f82f1cd1387ce981508e6c908f15d69,d24b1eb6e2d46f8dabeab78d6123036428a53d0880d5a931df8f9d5f78c5ffe7,619b60edfb0e680371190aefd5b7b7e691da8554ba772dc856aa1a23f1931ab7,e9295bc38d1903b9ad73e6e2a6e1228e3fb213c8e5b9bd6ebb6dc482cc88d107
module_a,55,raw/trajectories/module_a_seed_055.npz,,c2f108485ffa5e02c0c763a2f3c1b24c69900d556249f5f11e342a9a143cef34,,5000,250,5020,2.0,"{""audit_mcar"": 6065408135331086620, ""audit_selective"": 711346446662346415, ""calibration_label"": 3599311295392719009, ""control_noise"": 13375378015610253235, ""control_permutation"": 1402382326944429342, ""delay"": 13819179568539898870, ""observation_proxy"": 4819202216494469633, ""route_label"": 4355959751273866874, ""state"": 1002646768061905360, ""structural_feedback"": 1216840081077418402}",0036a599ddaed01c1e2324275cf40f5f537eaf096a8ee10cfd1f0965fd5c154d,801bf0d9e28f053fb560a50b073585ee4d02793913c7b7e89fb305f4b1e98c1f,8fdfd9747ddc1e37256f0f2406fe435638779f92bf0aa54f251664b68a881d4b,cee0ae9a0ca3b3fff63f334086b04a40e2a95d82ef2bf0f0f00aac0f21c4bbb6,24cf386fed7651ba66c28ef2f871b5e5d958fe3a790fc3bcf679b450ab719fda,702a4e9f2dc0acabc90c29057c8519e48d2cb91f2110d048eb09dd3e7f19b377,23f9b23c3bdce59d3407aac3e86aed99c97e7f8db1e12b569c20ada2f4af9963,4f0c95166af882264c634009b3ffbf2783b976844e21f3dc3d198254851b5b6e,a4a0c9005fbfafdd51c8f68bafcc0d2a92cb71ecc4ad6e67e24dc49dc4abc426,e4d83052fea2873b4c90e02e5e21adc846851916b4e76d67e818010e2de1ebcc
module_a,56,raw/trajectories/module_a_seed_056.npz,,e31982e9e49fb45df452c43afb7ba46068a891bd836ed48cc8cf2ab47f5c106e,,5000,250,5020,2.0,"{""audit_mcar"": 555740607834487394, ""audit_selective"": 13629682711091553920, ""calibration_label"": 11020916026908114739, ""control_noise"": 9358375466310054222, ""control_permutation"": 15111472513645485773, ""delay"": 2327073400525283529, ""observation_proxy"": 8708476414658399251, ""route_label"": 3574627736747469543, ""state"": 7880727337117589056, ""structural_feedback"": 13833810838605741029}",01afc1ce0eae21b8273880a5996b5aba7c087c2d737d9b010209a6cef2d08fde,93e850cba0991c6fdab9ae34e767bb95c12b84de0be11ae1136257c6df794d90,95339119c2d23a83257bff17db5a72671c6a1062a03df4e0990517d06e056ea4,8170a207219914e2bf987a65a03015c6ca10171f1c18379b6661be058ce89c9c,ffe766ef0fe7e61b485682d6e8c7e6135a4661fe321ae3a4a29cb1ae1dd35c17,2f9db3dc40ba1d0c92e2b977fdbeeb2cadbaf44dfd68bbd433f97ea6c9868983,47811088aa9b73b79f34fecd800c08e6523e08959e04b676cb24b4f403f86b26,2d76fa2aa3a8d10cbddd40a3d5e6af9b720025b86e593054aa36e9c3aad30fc1,f7244032d4079d066b288f34d0a3d0a211016c107c679e0b13e24f5ccbd7bbd0,2c603b24f6b484be1480f605ea8c2c7ccb6622f016cbaddb6e1c323777646c47
module_a,57,raw/trajectories/module_a_seed_057.npz,,d8b94cdacafa96345d765cae1e7ca0eb90f317cf5af3e4b8c657d3ca57e3de93,,5000,250,5020,2.0,"{""audit_mcar"": 9543655520322869077, ""audit_selective"": 14337282115926910732, ""calibration_label"": 4730283513332998412, ""control_noise"": 15261755961351943665, ""control_permutation"": 6183580004430093817, ""delay"": 16983116837659006244, ""observation_proxy"": 13611166107386791636, ""route_label"": 6753516710830246941, ""state"": 5054983810719391666, ""structural_feedback"": 747095828772340683}",809fec86202feff48559afcb217a34f8b0f33c1cfc00eea82cb69c20b41d01a1,2ed8f4807b96ded0c3a12e139c5ba169efe84c49c6dbee3c8c9051d784828911,e83d88a50f1f27df023e8626e86b4586a208bdbcd10f49f119b56cf1356d5f67,e1c0e8fddb5a139b4f1a57ced80660e3b9d7c66f5705dbafc7dc087102696ca6,d3d6036cef0bc9c790862fa8fca544b514aedd5e73d06a6ca829e5925b0d2469,7e49473db24d4aabdfe9aa5feaffd5e8514dc9de2b0567032bf3872ec19e1892,e1ae3edc851a4df0c5d5ac13f25e6b01c39e8eb5b983132c65cafa48efffe42c,6a22a6cb014c360df6aae39572ab0b6d658ef590ba4a9e56a2853215ed292865,2ed4968332d210c97156bab469bbbf40d8e272ed8ba0919fba39df1a9b0386f0,c72fe5cd66a8bd1cc0a78f54fac660e899ce4a731aac465c7568ca7e077711c7
module_a,58,raw/trajectories/module_a_seed_058.npz,,5b54006d6b05b8e5d7e29025d6fb97b9d919b1c49274f0139512aabe0975787f,,5000,250,5020,2.0,"{""audit_mcar"": 2141276486923810754, ""audit_selective"": 9554476396197706483, ""calibration_label"": 10404691461224243180, ""control_noise"": 4397960379654616631, ""control_permutation"": 15216165659419574466, ""delay"": 15144366367843562690, ""observation_proxy"": 11092872628125583525, ""route_label"": 17824467314432100821, ""state"": 11715389466952494859, ""structural_feedback"": 9040963901075713578}",92dcd03b59517072d4eee51d0cba5e97c68c608237f4398413ac21c89f998b62,3fa0e55533053cbeb67d98d63cfdfbf4a23a0daf5bb9efbb4c702fe26ee6a102,eb35355682fe9a114da719b5e0d02cad615540760dae9d98e83fa8663c25069b,ca923c283c55434403323404c646287650e9f9e60bb75aaad20e10fd8a8e8e0a,c9a92481bb2c2f8934eca64f43ba9c883221f831fc9f0b5394d55eea53df8b14,bcad73cfa7876b17080c051d053282f20436c404771f7708d20ac31ea9f73d1a,a31e0f00e85e62b561508a6a987ba34852257bffd4f97d082e04d14f455e3615,4d50faeb5217ca2b6483b50f3cbb541ad65e48450fe17e267f40d9f3300e8f6e,544b0edb0b99e124d1fe713fff1e4bdf09c3047d96a1d1bf3c641ed6c2672300,85d5cda01c6216555b465f4690d23c120c297f9751cf96620fd1b9afa877c8b2
module_a,59,raw/trajectories/module_a_seed_059.npz,,d44ec07aeb127a006a46239a780017d365b97e8865f4cbe08e0ea5e1ee2c716e,,5000,250,5020,2.0,"{""audit_mcar"": 12165914790913222455, ""audit_selective"": 1036174617744479503, ""calibration_label"": 3707506655196430459, ""control_noise"": 11985285453023321793, ""control_permutation"": 7028187869651351408, ""delay"": 6340035189899741521, ""observation_proxy"": 2971775443925715081, ""route_label"": 12448666189502166352, ""state"": 13233204793927169966, ""structural_feedback"": 16215114836912907728}",1f90f4c86994b8cee2c912570823f400bc6ada17615a2b7c25a17fe2fc1b273a,8b8bda83e892685e81b40d051064dad78b5c4117bb192b3ef78583c8b9138c73,e5f7b11984b73c637fc5f14702c0b2dca5255a3796849db759b5e2d44fc2dc89,1bd3fe0df3949f0ea54fd6fe6ef2f415f98a7d8f1e7bb7457693a3d9f81e4edb,ba06dc37fa36450eef9879b4d2e262b556fe3ea84fe6305bcfdfe9e40af2b397,53d22707df06a29057ab63a03b2ccad8079cf744c2462c44da4044db5b135f8e,581d89aa388e8c1b502f9b962e08fa4cfbfa0c83e4dcd7c5d1b1464af359886a,a7775705d07ed000f0b4a30be9467368d7269e55906859153a6ef666ee9e1fe2,33d1731c98e4e9e9f442555e88eddf26641f56454ac6991a13fbfb53732a6bad,e3a818b757bd24841b8f5694384ea511f4c034e23043c694dfb6bd89cea50fae
module_a,60,raw/trajectories/module_a_seed_060.npz,,10d20ea0de19cd881c53a9d657a403b3590ba074f824aa5a736345d7f7a85b36,,5000,250,5020,2.0,"{""audit_mcar"": 1887184629246908266, ""audit_selective"": 6081413826199755672, ""calibration_label"": 666886246444721986, ""control_noise"": 18313579373419384751, ""control_permutation"": 8917626745327808728, ""delay"": 8960074786904817137, ""observation_proxy"": 6705098324645468014, ""route_label"": 1374619460157423305, ""state"": 18304544368085253265, ""structural_feedback"": 17128159082314900118}",b66176b718cbc31620cf082a214f82d931ca847405ba87d853dffd2b82f6d281,33c2cac6058c50b5902c09c491bdb910f7b3794fd8e6525c717347beda94c8f6,367fbe402e415a856f7c2d113510d89ebd5c45e554aad1054c937dec62d6ce43,623b1826209537d7b312869bfde3a17698a2dcf438b4f7a5c43569e8caa3a1d5,58d7f73f7d128a7a74e3ebcf342817edec5b1e6cfc508e52b53fc890dfff3b4a,4f6b02c7f047155070d54fc2e8f85a6831c47a27ee15218058c24bcb4adf5b1d,2d14900add3d42f4599a9b6f4e65589f83b493f7011212493397ba929cbd57c4,05646733f3459497897567f59c5196b837d7a0913043782812b2b74bf5078491,3c09d374d29151228530a1deaea873274d44bf5bf91d0941c131eb5c79e767ce,d9b06db7ed599d88b9a06903e06b4b3c0d220434c5c844dc232788d62be26e1a
module_a,61,raw/trajectories/module_a_seed_061.npz,,906eaac0b313354f6aeb7f91f89f85136f6011ae106e32206635b27f51383ce8,,5000,250,5020,2.0,"{""audit_mcar"": 16429003656719737133, ""audit_selective"": 11929984673258546379, ""calibration_label"": 17631141143846229961, ""control_noise"": 7604439902291622900, ""control_permutation"": 3707739044692488526, ""delay"": 6227788204044031325, ""observation_proxy"": 10585849165021820265, ""route_label"": 15962416943831445474, ""state"": 2175265928587871966, ""structural_feedback"": 15811186194329812278}",20f8c1fd488c0752e4fb3bc9cfe583a0569588f3f9571baf16be68aabc545bbf,c4c4e66c0786a7238b021f411c7ff4d95b3ffcde486ae74e7affa8902bd91021,e7ba95c21bce568c879ec6471f01b3792f10688b7a90b0eaab445f89a92ad7f2,4e6bcfd06d89a830a2412f2f4effbf75e03ed3740eb2d2623c65f225d49e338f,fd0947c61b03bd313cb6ee23b30f1e6006860bdb19e2c2dabfafe87e769e9db6,80913da723eef46ea70e3241bbdf75cd07367c2c4c71131148c3066bcd077cbd,719e743cb14472c1932a58152e2364839f02057e02e73811a874428dd59069d9,c591024bf97782d4ea9dc71e05275cd774ac763241f4008895131d0c0e592c20,08d8310d327b22c37a15cb93cbffb3dd308c8d981b6d4de41d73432b7fd1d5f0,52c808a1b5f52c5f75790088396eca31afa28f2f8d815099bf40b4bd9e25e86c
module_a,62,raw/trajectories/module_a_seed_062.npz,,4e6d1e05b6122d416276e8877306ea9e641d1bcac32fe7a6131f704ddbb4b0a7,,5000,250,5020,2.0,"{""audit_mcar"": 5187284277083596806, ""audit_selective"": 4347513619192292410, ""calibration_label"": 11675020323368309993, ""control_noise"": 3998576883023688936, ""control_permutation"": 538071068041910666, ""delay"": 17524299182968214569, ""observation_proxy"": 964274938771392828, ""route_label"": 10513971858293088173, ""state"": 1073394854655954390, ""structural_feedback"": 12981066463317914937}",f9134000f64fd22a68fad10b18bde198e26642dc6005e224968b03b9890f050c,e742f8ad585cdc21faed66cbe43001acf1b3dc8a4f79d970c0f6170438dd83e0,153c9fa3b9be2fc984421ec54380ef94d0c7348d2c2bf96942b216e246a76dd0,1a5c3d119a5bb26bb88d863bd7ab82a518d7a36645485fc9fc93577b84b5e2da,f9ad0a716ffda1af59601aa582a378d87711cadb42b34e2b1cb7250dde68e668,be3adc609aca44fea4ac69ee2da142e83cbe3ab60f558cce697652d70f66481b,f1bf5e166b29d543e1dd111e001f17660307369e34716bdd8cd728bfdc1fbd88,ccc81f39149f33ba7622d4af69b894db195d9cfd81e9918b84fa570b14c644f5,bdd7fff46e416d479643fa1f9f5c1ccbfb9cd0591f7fd224178c4fa6ee9f5a1d,32d4e4b0b911030f4c79682970970dbaed40c178ed91a1b2a6715bb424c3fe52
module_a,63,raw/trajectories/module_a_seed_063.npz,,74757e30b11a67ae00a2f5bbfd78ad1455a4c017cf952b15cd82ab4cbcff5e67,,5000,250,5020,2.0,"{""audit_mcar"": 3951481129715100203, ""audit_selective"": 7399551470730201333, ""calibration_label"": 341243717015541816, ""control_noise"": 554432866315764222, ""control_permutation"": 10087432929637979808, ""delay"": 10053553311861284238, ""observation_proxy"": 4328901811753674759, ""route_label"": 827472725324665929, ""state"": 15355360494252364400, ""structural_feedback"": 8456457419848410220}",46eb64e4a0b102256fa6f1b14b44a8a07f95b9f4ecea2457490467e7d66abaab,70da2f8fb40c2980d8dd91c9a378a78d1e74d5100388361e5d2c7d6a4bd286a6,3551c839bfab97e1fdc25b5cc7b29d9848d1eceff6651810b4e1648bd36acacd,26ab337fd1122b80a3f7a785f8d13645d9768240d7416f527ac155036d619172,9088d97bc4c5a0a1cead25d5d0c6bd9fdbb40143375861f1ed0afe94d6d8465d,635dea2e62c63d74cfb515967c573324bf6dc9980781fdc4707223948940af13,2f8e4e7d0ccbeac099932392795b498112274a9125251a95e1cb0e2f76067ef8,e59bfec97e17b05f34232b012e44b3273234b44ec28c2df4621a510e92096b22,6c1bb4fb409d52dadf7c691a6e079382afa7bd2c94afb2b4354cc57a124d43cf,43e5add629d68afed347b6f12c47a3188cd3e5e76f65018183e0a12cbbf82a33
module_a,64,raw/trajectories/module_a_seed_064.npz,,d69462f1902df9d8cf2215e50f29837d35fa00452a5caece3d45e7ae56c07229,,5000,250,5020,2.0,"{""audit_mcar"": 13711009483308179524, ""audit_selective"": 1030144196685647486, ""calibration_label"": 5877268185364059891, ""control_noise"": 15425870125164033701, ""control_permutation"": 7862120409858236440, ""delay"": 4697767330170132526, ""observation_proxy"": 6924583000764097358, ""route_label"": 13968744023369189277, ""state"": 16820239814252947135, ""structural_feedback"": 898651621771795386}",fbc8b61d00f62502b63cef84294cef6943e2d3cf47410665fc4e54f2d1cb5711,4eef0589b62224d19ec9e34669d4ff51be2d9fdae9178a7f2fec70b4b23a3915,c93d91cad96c68fa859b00ffda0dfef9ac8d93565508927aebe6b2a81fd025b0,6689e387a6226d043aaa633770bef02846fd99612b4200c5b5e8c1446e249bb4,21354add5958c798b7b63a1de85e5b2e0cc772e104c4eb092cab29a4ad06434f,e53fafbcfb0b9f007268c91eed216d45061479b139277244d4ec4b0a40f60cbb,47852326b8af0fcf00dc2058611184fe20f09606dad8f62ad22e1a960b66e82f,8f194cbd559540fcd06fabd771cbe4d918a3752ed9c273286c4864e827576bf2,e6156a52ed40ad10f21c5421b092454fb4ebaeb91d8f3dc434c47300d67411d5,abfdf3baf272d808311757bd3f5fee30bd8e71fc240aae5f78c4bac0c3b19b07
module_a,65,raw/trajectories/module_a_seed_065.npz,,3cd58576a5391f8fd5ee06e9d36317c81f197e8778a74d2b13312bdb78b13920,,5000,250,5020,2.0,"{""audit_mcar"": 76278717277032243, ""audit_selective"": 13265486024472723254, ""calibration_label"": 7302486148876313339, ""control_noise"": 11438330782524550568, ""control_permutation"": 7999281362682625710, ""delay"": 17725542162905080063, ""observation_proxy"": 10419705336253314693, ""route_label"": 17269265011278748294, ""state"": 4093170892711341068, ""structural_feedback"": 2230142232022619722}",d30f1711b660b083af939d12503715f303bad4bba576caa57fd42a09eb843fd7,9e076baeb570aa3b124be5267651fff029c9e8e5852af987e011b5f5ba07173c,6d0f20f6beea99039a9dd4e30a635aeb620e947778f427925cd9c4b0b7f4c9a4,6e0e24d5d4d674d963ca5549b1ab5704ed4998492ea6b72270cb8eac008238e0,858b9443cb7048c63d211e338ee23c0a5cdf6070fc7cd385f1bc792009e525a1,5151a0be98ddc54da18463a0425517dbbb3e028930b388f43af198a6353d0377,80474dd8f48ca1f165be6e2b4d6f230897a7f52dd90a3b140d78d350c57ed526,5e84339f6691fa88622652217cf4fe2a1a4e79fe7244d97ac114cdf7ba1fb484,e8a031b23d50ee7b1ec0a7b7efe2d155f379d5c8dbb2420af754f1ac33222779,208e8153e67d14ed4d873b6ba446d8f03dd8bef9a162fd487afb4d7ade14f234
module_a,66,raw/trajectories/module_a_seed_066.npz,,fb327df55e46a9b144f9d826888d656bbea851e7772fb70f44b01b114228cc82,,5000,250,5020,2.0,"{""audit_mcar"": 3353176439510496115, ""audit_selective"": 15974992742007435714, ""calibration_label"": 17188127989542587968, ""control_noise"": 10655538863364719805, ""control_permutation"": 9115597876869078071, ""delay"": 12501051512929222825, ""observation_proxy"": 10950204020882170749, ""route_label"": 13928373170769501999, ""state"": 14436536274088316393, ""structural_feedback"": 4643371729177563691}",39252883d0752723efbebec9cac04bb99f9db59f172e681cbd4d0fbefe3c73e9,24ff398b02a3c0f4dfad5a51a1f4692100c4ec1f3d3db14ef9aa3ca41921bc99,9391e6523d1cc9f116163fe95bfb848756def629444bd2f761f0364d70bf9f40,39fbc7c4222d91beb42014d8abd097f63a32921c5134a2734b89fae0042ffb5f,8d7e34730c3dfc211dacbc8c882fcf63e19dd67f4e1f80a16d7320736f4edabd,917910c118550697c32e46e53205781e199f4962fee7cb5cc2d6b5fe28ab35c5,1ad11a00263f8cd9e300b969883cbd374bd5c148e57b468f829d3b20d283a9b1,83cfe649242dda94c3f88a498cd15bf77c78ff31f6c0944ed7f4f5928e435cbb,64bc5f5e89fe77a21d9c5c034d99167482b32a2ee8ea18818bb195d41f61e853,373c63a17ce8c36e66c67b099527dcf5f6e69528dbff8bc359045b2e0adfcf02
module_a,67,raw/trajectories/module_a_seed_067.npz,,ce865d829fea96b67011188f3eff4bd09861542d2efa48ef79f2a9aa5db069ed,,5000,250,5020,2.0,"{""audit_mcar"": 8729843811944181421, ""audit_selective"": 18441600762756714586, ""calibration_label"": 6780729054309616319, ""control_noise"": 6068526164486708855, ""control_permutation"": 8133392630359749109, ""delay"": 18408568047019142432, ""observation_proxy"": 2082362401629423456, ""route_label"": 17702341054005951767, ""state"": 7135940572434904663, ""structural_feedback"": 6081747164426454818}",e20d03e6e7487dbacaa16140665f4e5ac5e3297284d277d32db563c9361d47ef,5c88b71986f951008f47c82b99d8607835ecf3529296ae47096b0e02b3f623d3,92c81e761002f6dc8aa48f904d16972f675aa55b916641c20e49ff5f11bf5ac5,390f30e1c09abc158a758023f6a25bb49b545878d1e1e343618a4a51f817a962,d980c23413713888663362d6324277d23a35570fd06e074bf9984922ce9d0d9c,4ef78c3346ba58a1d444ec6d968f5925d87deba44da6b49ce930ec139a2a2eea,c3a16f0f3b96f2f6cecd8e1036321c28de3ecd7ec314b19e5fad584fb3990451,9932d1ea18077183d41a36c72a67ea4d5593642c4313ffafbb0b684729bd6d48,34eade0d33930e6cd46322e5969edf6d77eae37f8d5a01cc8b9902d8dcc25ea0,951021950b09d253c039bac44118b6428a2449b70b847a746980ae2325aa6f97
module_a,68,raw/trajectories/module_a_seed_068.npz,,4f30e64e4e803273b2b6b6ab2ab8403a48f9dc2b6d3971b38a441f900adb9848,,5000,250,5020,2.0,"{""audit_mcar"": 1204176507383834650, ""audit_selective"": 9865303169594438821, ""calibration_label"": 11463690005582029407, ""control_noise"": 2931273618659729895, ""control_permutation"": 17748497500155822642, ""delay"": 7780831095472506865, ""observation_proxy"": 6081095980402261506, ""route_label"": 556932403068506738, ""state"": 15969117099166150630, ""structural_feedback"": 15378714039246985504}",7fec165568875899e6f4cbe5e105dd8ef0216e156a8eddc7b47c9f27b19cd146,2f357fcd9eae237b81960a4e421d5d5374185f7ab5fc489ca34c83109828e69e,b67e81e303c9ac556b8ce59bab89596922377f267c8219649c3fbae8911a36ac,9f49a88873f86cec313b103dab289e49f6ee7241190a32af4b39de9e49d3f4ad,be5507f163172b4a54a2deeab85067dfdf583c40005d7b91c7d217520b97e227,68d00ba41439a2378d047cdd35b331c0b27d307887469ee2e21e356ae0668166,a939370baa3483ac66ce760abb80f77b2e79eee2bae4476e8197c414cfd5fff1,c4f842c727395f2a2482e54512e2eb1c8894bcb3ca53632695a329850376bd40,5be611df4f10d8f47dc7c68d7fbc803a355adf366308a624c98f03a0bf1518a5,e2a250ef196d9291d8b91f40d27d9d014d50d6d505501c552d2eb71b2564cb1a
module_a,69,raw/trajectories/module_a_seed_069.npz,,f3e1a4e75780c90b7379afc56cb20b7bad5e765e264b63f0a5922f3cedc4e1e8,,5000,250,5020,2.0,"{""audit_mcar"": 16681464032051607391, ""audit_selective"": 7542883553843910564, ""calibration_label"": 16983365800691375010, ""control_noise"": 9562588256427585292, ""control_permutation"": 4430348695134395021, ""delay"": 9398318480986659777, ""observation_proxy"": 149358059718792589, ""route_label"": 15608359083233497480, ""state"": 8312546055932102943, ""structural_feedback"": 8594086521174758990}",7eba0062f5387eaf72ec6f02e05c99e15fe4206d68a3e6154947b050a57830e6,553923867683886c629b211f62dbd64f2146c17c13bd572a51090e88eaeebb17,86b0d14fe2915c6fe17b1117ac363dea2e500ed9c12aeb7854550d87fa43e3e6,fc75e1b7eb82705ef1a69ac1e5f2bc449b8714c63f32803433f23fdfa2a208b5,637720d3e3f91386a86a6332ae0bdd7f47798f6a79b7866da4058bbc1d214556,dfd081882a7fd606432645d012c41c306b94f3c5170418627fca030329ea7063,dbdac66d928e36d353fb2a7c415e95c84538c1c66be19e061dfa9b0c4e73b20f,cba965b63991854fb2a05862bd53382cbee6f248c36d993efa4d2e2e259d8b92,64313ed947d16754c847bc3ba1b4799f70d606e3ef6ef2af7fe3999a8fce0d15,13a6866ad9a0020d93ffd309f23d9e819459618da71598a6de933284951a0000
module_a,70,raw/trajectories/module_a_seed_070.npz,,8fd28c1c90138204e857a0912ea03ef4ec0e3805fad7d8fe9957a9e7cd6630c1,,5000,250,5020,2.0,"{""audit_mcar"": 11725345425869788207, ""audit_selective"": 11084626504176665724, ""calibration_label"": 16855646120553515140, ""control_noise"": 14769163217108287647, ""control_permutation"": 5458856224122285800, ""delay"": 8034696725211251657, ""observation_proxy"": 1370712880386277641, ""route_label"": 5202862749128853238, ""state"": 5442477268091715867, ""structural_feedback"": 6741846094827343650}",1cc5d4e97aba7f05d259b857b29c985add823dac3ad4284f9f6e697951f54b33,2016e1c50637f4092b761963ee7b516f80005be674c630ba1223cbd233237fa4,bc4acab93c7e3aa0676525408771cc14e8aa35268ab1c7ab3ca4af422e307b93,f4e0242751d9e2ecf7bd7535d1812766513b4a41edd77da6422a4fcd3ea23594,59b39ad3c0ae8a573ab8aefd1662c232e27932e25626ca2c8f930746fba725f8,3de5956c5685d7ffe66bd96422e606b251c66803e0e22e930339426c56eb645d,3e6d33e4c75b2259f4f963c228eaebe4cd3d7d5d69965bee73db713243dc559e,34a450af8245a662bd8660b9e90f4ad1ae09132846700cc970aabcff7a660315,5c82950ef99d9a9a195757ee43847c92c6c6bbe2850edb36659c9d8c08ee1647,28fec53a1ae5bc63b5d7749b73dfbb3a63870c4ee81b61b98d9f59404dfae963
module_a,71,raw/trajectories/module_a_seed_071.npz,,9548f6fdb767491e5ceda77bb36981636f5d9b8d1b0d31ea1d5203a56cbbfcc3,,5000,250,5020,2.0,"{""audit_mcar"": 11768533144492275829, ""audit_selective"": 13119374329538380463, ""calibration_label"": 3804670982087400788, ""control_noise"": 8679221089666895359, ""control_permutation"": 16805205669171038466, ""delay"": 8313010167312168801, ""observation_proxy"": 6220112127722971319, ""route_label"": 15656977603283881199, ""state"": 3165083620702314907, ""structural_feedback"": 15689717283082991424}",ba7159d46041aaec7e04c5bdf04b5b724a91dd94f0d0c0a8fd0b94eebe2ca8ad,ed9322b1f02114d78b37a385c593b7aeeccdc6a457a1525b707be5741eaa8502,9ed332ac96b70a898f57cca6184f285d2ec3af59de5b8b91a7dfacd204c5bb3d,01311de3c61e3d065645ff5ecc6ff894717b7144694afe6cf35ba48ed1cba2f1,3675747d580a21533e3a2391868f9f3b6d03035e67af343c4d58842350148f76,523601846f202c255ef057c535e70951661cd760061ebba4c31332ad17381c04,fa73c87619e042a78208279b97bc597ef8f339fd3d44b8c79a3db8ccf97d2d46,d2680262b9be45ea0a87486c3dac5c15af279f86352dd0b9869ec9c3a99d51d7,bb24c6d78730706d57820f14c586ddf4c34770c06aad9d4a0c506359e62d4783,aaeed470a272978e2e989512d7f2032cd7088b92f55fc6056f71a8660e57b444
module_a,72,raw/trajectories/module_a_seed_072.npz,,5277307c00789385b071d19663e905a6fe0470e4190ff413014c0744abd416b8,,5000,250,5020,2.0,"{""audit_mcar"": 9781513802807365410, ""audit_selective"": 12409752177706269900, ""calibration_label"": 9518208383057367991, ""control_noise"": 10267954086722819904, ""control_permutation"": 14760896263277512695, ""delay"": 5332867379597434388, ""observation_proxy"": 12244349162296771945, ""route_label"": 14244676663533543794, ""state"": 1616011928883778211, ""structural_feedback"": 7169165808585160267}",3a0b9f72bfc4c9fb5b38355c09321818d952d1ef58b06696b7dd79b8ef8b3eb9,1117cb66d63f4c4f226a6863463a86d1af3d7f561c553dea191acc1c79467f12,3b1f445dc682054ae192dbe428bedbc4f87d903f30e3c181515ef743ee88d5a0,ce994354729fcdbb74a40e97e257ae083c7a08d3e6cbc0c068f6605ea9ca166d,56a7817f8166219f35233f275622d37c75a5d223354a2122c89949f80f0ae554,c127ba7aee56dabc384fb1167039d4613b6af167d26df4cf2d199cbc00ca373f,1d434ec3b1f4418463b9829a040476d1b90d63d6bf48728e0e7ba00d332e89ed,bed6a04fb4c4985e947c0b0bed68f28e6500f35b79f0e9f4d2aca21df3e89aaf,f4d5abc64f42c01437746fb04cb0dca62fbcc561d1c867ed22526138994519b5,27dc100de763e91325d0476bee24e13eb03a0c93f5863b104c389c1553bee5b3
module_a,73,raw/trajectories/module_a_seed_073.npz,,d151a94de4ffed793008fe4f8600f6e3396668dfbf2c198095b6141ef0a40543,,5000,250,5020,2.0,"{""audit_mcar"": 16120740891504610394, ""audit_selective"": 5000946873041036631, ""calibration_label"": 9177512481245458939, ""control_noise"": 10109791348102101159, ""control_permutation"": 6864532417195281288, ""delay"": 7333375198961168818, ""observation_proxy"": 15514291893629670288, ""route_label"": 18190072236745582425, ""state"": 10241166546594469346, ""structural_feedback"": 2698659148438470657}",e3c9ef9091573eee5f361bfd89dfb62d7e4a1b911c337b91f447cdf1368a6b70,d2d948d80f61c81ae21495b58a080f7c52032b8406b66859b100e47cd594fc37,b5fd74234b81fc79e2de0c1dc8fd49579e827d587006d4da74621e21ddc88ef6,e940e7d6fa748c94ce6e4df61e0e32e745446ffb94fa77f6f7b15f450dfef9a0,fdc81c6e865ffe3e4622778053f8694933d780d5765fd06837d462fcbd8d410b,9f4b400f739ed17646426b6af6940bf1e95fcb3d60746248b770e21d73d9b672,badbef178ad5b72cb258ffad91046a6e05e61d5dabd7fc7a691e7be831632251,bfbd4d2b89707ee17f24470a474c68694fb7403f8ebe635824483e7aced4fd70,8d93be598ab255b5cf01045153e3b01fb01930f03cabce655f1f7b5ea4a3d2d3,17e50cbb5fde71dc843cc0a41148c398db7f83fd03e93deae32480e12ff73169
module_a,74,raw/trajectories/module_a_seed_074.npz,,76b8ce5d9ba50d1494e04958101ed911206518e20f8ee383d2d57653fb70ae45,,5000,250,5020,2.0,"{""audit_mcar"": 14429158343801238354, ""audit_selective"": 7770236723022470667, ""calibration_label"": 13194419756362498908, ""control_noise"": 11648002884088909308, ""control_permutation"": 4254742086039612935, ""delay"": 8618664324601477365, ""observation_proxy"": 8785346268602660699, ""route_label"": 16066505390030645762, ""state"": 16136044997121022675, ""structural_feedback"": 9197071128122649937}",b5710b102601cf51b4c37f4b7b89998eed276342b58a870bb81d86ebb6c0fe39,7fd46d60ea4e28a42740fbd163ef6ddb70e70045ea67237eefdd074f2767a1f0,db4271d60432fb6a6791c06a6375dd36488f0298e3a1c92885129ed28820d170,1e0fe9db1b1f66dff57b422f5f0e9a3fa676b9d84a05ae8da1a65709b1763518,0cec35e39496d21b0bc96ffb42fa8a3e713408f3076c5615cdcd207dea63c7cf,f3fcb5d42f112ffa94cb69ac03317006bc15596bde722888e3115a1eb03a13a2,ccf87571326a88f37bee35a5b0ab62ed98cd6bda5364d57c9144c9a944cabd6a,22d4151c88e01e2e94f61e16508212ef8dc18087ba4b5a5a73bac9972f3a6501,1bafd11647a3dd1c921e0e183a0d7dcf92f175035c5271b7d3be9ff3b814091f,20939ebb176db11f3dd844b7ffbec47a1752d566ba3f56861bac5a408e448543
module_a,75,raw/trajectories/module_a_seed_075.npz,,bcfe931e174fde274f45707c1a82871093ea0044f92ed2e0e002e4aa1878f500,,5000,250,5020,2.0,"{""audit_mcar"": 10603221811091532281, ""audit_selective"": 11408446550645402020, ""calibration_label"": 8274721505533009948, ""control_noise"": 16455610310679793865, ""control_permutation"": 5445799737375198065, ""delay"": 8324980733057263044, ""observation_proxy"": 6516639218096594335, ""route_label"": 15349528370888263073, ""state"": 8288733873988940903, ""structural_feedback"": 18382467930308860520}",8cc03d387b7c00bf8a56b160d651a8e801289a8d717aec2881fd416dbcbc9047,5e91e8c4278a8ba48b9a111cff2defac2b46142340ad28655776886c62f723d6,cd68bf696d3ada4d767ac5558e7728a4d58664ce88da64774b360795d7fb181c,e1425cd17d6ad32155952a3a43321ae17659e2147639c2b04a063c2e34c6062d,3d9195cf807463ec6dd1775027cae7aab00bc6c53cf5e903a99d1b8cd59cda35,17ee9dd9ea479e37560da89e8403804995aa0b4361a6ef7a5916a28f0a6f9081,65f66b78d10bc9708af1b551fde4ee68eeec7438ae4e3d5f97f8ab93e1827899,18e78df0157ab3c4ff57f9d03a2f1406ff23aed53782358811b1b3dc05eb137e,d7f3d46dc238c5115257d2d9099eabb8bb6c6dab5d3d3ca4da820d8ed05cb80b,3cda40bb0e434444d5cbb9e1af0b4bcbb6bd285a55d3db06d271dc29988e1b15
module_a,76,raw/trajectories/module_a_seed_076.npz,,f2bece19b2bd4a4a2a9f867d16692c1d266d9fbbab296f3f1ed935792c42192a,,5000,250,5020,2.0,"{""audit_mcar"": 11040652425266347988, ""audit_selective"": 8660741472333151027, ""calibration_label"": 416164572452793854, ""control_noise"": 1862918762546387773, ""control_permutation"": 12076989032562842053, ""delay"": 13377009772685621912, ""observation_proxy"": 2563814401975114745, ""route_label"": 11438128132625601277, ""state"": 15007394527082498372, ""structural_feedback"": 884238719143022373}",dcb99bde6a4bb27830402ff0c8d735cdbcc32593a106fc7650827ea223eaa437,534b00bde88003e6e14a8450ebe4d81972ec79740b2df9150cbacf35d6ebbb5f,dd715ce87e2c39da6ded3a867a4cf4331b835e409d10718762da6cba937cd77d,a88b5fff27af2643217c3a6d6a3e01a5da1d3ce2a9875cd9bf15392716602127,4d4cfada36d6bb82a59e00c023f0fe864b0085b8bbf9c34de4499efcab497ecf,09e29afddcab25e9eef39276b20245fbca5a2e1ba466007a65c59e0d015664ae,d34cc38663bbfcee8debd79cf7792b1981bd721d83d631b2e4e772580e654f76,20aa7b02c8473371f1943d0cbad7381b37758aa4865469654ee8305018bc5f0e,fdaa5d07bc71ce8529d20c9951cc9119170b6b6a946886942b7f3c1ec124c14f,5cd1928ca51b3fcee763f804b9f667fa2c975dc9b70ee37c47025d49afcff5a7
module_a,77,raw/trajectories/module_a_seed_077.npz,,34096789d7eb113dce7d9f89638c02b0e9714a83cafc654314c83c32d10693cd,,5000,250,5020,2.0,"{""audit_mcar"": 10999010207228872444, ""audit_selective"": 217093242880688663, ""calibration_label"": 4845333008205951200, ""control_noise"": 3933334128923426941, ""control_permutation"": 18141793027746621694, ""delay"": 18126133279406912327, ""observation_proxy"": 9212017923117475491, ""route_label"": 14287151704993380091, ""state"": 3388050570160875477, ""structural_feedback"": 12124532788826118756}",10834b48168389ca08824b916baa1b15f5970c12720eccf042463fcfe7e9ecd8,4b1b1ae3faf50bcdf9cc632450f0252d5ab27e1c27695abd9e93aaad3deb8f44,705f61e1b169ddfec5ae40cc2eae8452cf507c604de067b5028931468ca28c94,dcb2a9dae9497319a383ee71ec64a92f75bf38b40443da091fa89a20f580dbb0,6a7c2efa266173ddc3bf88db49f6e3ea68be52165edc56cce6571011a2545fe7,59202055395a002afd717d013295dfa57ba05b7eb154e939c3107081135f4d87,09f086cad30d3b4860ac5175f0904f4256d48a12869f803efc762e853ada4457,8ae40089fa0523220cd1fce8219e444196336d5d217f888de1709d813e3fdc34,70f6089421f34edeacb935f0e55fb5dcd8da973b6483b95ed4a61bd488c058b7,176ace07b7326bd9cdb90caf290ebae87f05fa484eda0cd472cda93df107539f
module_a,78,raw/trajectories/module_a_seed_078.npz,,645929221728af67805c59e2843e1515335d9d550997467456a052707067d6c8,,5000,250,5020,2.0,"{""audit_mcar"": 12675559986958382891, ""audit_selective"": 3608607500807387033, ""calibration_label"": 2217477768049238139, ""control_noise"": 7138252308947331042, ""control_permutation"": 11823361187514386147, ""delay"": 17850636814969738566, ""observation_proxy"": 17649899750205499603, ""route_label"": 15186963640799728691, ""state"": 12970520297959554178, ""structural_feedback"": 18258889990097200251}",3282f2f8b7b03e6e318b83caa0265e5b59490064ca89e7bc667cbbbfbd4cb417,a09f398d3fa8ab239bcf15ba6e38f7c3bf5e5b21722490f9ecee98e14a352e21,24a5dda0df3a768e46fc18874c06a5ae87874124db7e39ce4c79dd4214c44747,7b348b11c91144c60194c11d88870bb5f2113e3986f4a4d4d936258ac2c55d45,73df3aa317d77057ae5fb041ae6e75f488644852357c1774baafec6ba5e9c355,f1b06e0dc66188445c36b1ff3bdc9e0e6f778214b3cdad7e123b7fe3fe773815,cddb64478c4cbc4182dfa7e5e4be768e8c2c5d68648217a213978c6e9a90ddfe,46d6dc54cc97227fb76a1b06a508cd8972c5ec013ad2122d9c076fb4e80e6829,1093a6996462b9128a86605115053bc341fe502b525c14789f950ca7577ccd7a,cbcac9aad0855a00cfa1ac7b71dfd3f33d709254bf1ae9f75251aec157584305
module_a,79,raw/trajectories/module_a_seed_079.npz,,4e0840150c46972c607df4d16cf6315c33ea68f2f3dea846878768a4acab2cd1,,5000,250,5020,2.0,"{""audit_mcar"": 1958175815181296283, ""audit_selective"": 2361757967223435358, ""calibration_label"": 11207630249018522946, ""control_noise"": 8815576339148690273, ""control_permutation"": 6962634918523467664, ""delay"": 5699295141035369113, ""observation_proxy"": 13298029265740021154, ""route_label"": 16158563653880653341, ""state"": 11157962802937863086, ""structural_feedback"": 11783388402829424646}",fb512d42083992d6d6a54f363a85a88780831f03197366d330c18ce29956f52b,84c2821c1c37beba777446a227e184988fa56768c5af2b2ed432f0a6f13652a2,eef9136890208ad004567f0e4aa38ff2eac03c1ed56014b933efd5b776e83e14,00ecd7236f825aacee71c0eb963f27cf373414244d48523eae5478ae271391a3,e343624f9362d316da76931b6a702fdcc64343acbed1466aa783cd17950c5f71,42b5ad83eece3d826a201135c103eee690fa71467742bff2b36bae080452b931,f348029d5225858ecca9f45badb083d7ee9f3513b04b934a62251234f3230f0f,516e9b4ebe938557543152d264544761ae9aa46d5d0bcdb62f637c674fef6fb0,feb7351c0724e3a133c8e44ed7e8f7c60a4ff884a2487395ba5cc2901140be09,5778cf3af77af0f1c86787102f179894b3ca5e3f99861bc03a58ca387a60b433
module_a,80,raw/trajectories/module_a_seed_080.npz,,4c1029bd332e787b9791def51b3d59cce53accf4bce9db1a9a2a52df4d8a165e,,5000,250,5020,2.0,"{""audit_mcar"": 15158883967663541252, ""audit_selective"": 14325430473073850503, ""calibration_label"": 4292680377676676610, ""control_noise"": 15407630356063403806, ""control_permutation"": 9987490710220174856, ""delay"": 18271195157950191531, ""observation_proxy"": 13836132382746967782, ""route_label"": 11773051991086151824, ""state"": 4485834877694744099, ""structural_feedback"": 2091255697876882259}",fac4a4f4eef7740439345b95c8288146a9e4c01ac121a71cb6c9122e8cf5347e,a2ac16f89ba534e4f97085728164646570579ea43482fdd930ed4b82bdcd4522,a2f90ff0b758660e1e3d307fbc27b6c5089c55d0167a58ba165bad3a68218b34,0dd1b873632dd5c6a9cea3c3a9cc6964af194408c437cac83663c30ae56dc03e,bee56670892820e4bc516a3ec29526be21c48917ab5ba6a317321796364e0358,152a500a2655fb238f2384eb43ad078b071879bc1347b048e71fe580b45c653f,99428cf0c3908e9e067e2d021d9ec967401528085eb15e191a3a6b2c843e16ef,0d01fa47c19ac80a98b279a8c198dc21294257ab03faaabe6f1aa5177a179fcc,adc8086496333f6889dbc5557e1140274b7e3cf91b94878643c533d0f5f9cae4,75f4d726c0aef9c0f0b7a62487c2738e43307682d65537b8d6bf86c9222c3ff1
module_a,81,raw/trajectories/module_a_seed_081.npz,,5c5f816fbd4097872a979c997aff90a9d6434c66908f943ab69c142ec53aa32b,,5000,250,5020,2.0,"{""audit_mcar"": 17663428834156432262, ""audit_selective"": 12663178385675396221, ""calibration_label"": 3498681534651931650, ""control_noise"": 8580536129363794469, ""control_permutation"": 5505745475060349771, ""delay"": 15764500151339231631, ""observation_proxy"": 15138902081570855174, ""route_label"": 16423936935911042390, ""state"": 7425870766662279796, ""structural_feedback"": 3101850748310244642}",2210b78e2bbe41acfc85d0e210241abd0bcaa72dfb0b7f8be9ce13c407578927,8a3e901f45663b0929d485d04420e6fe3b0e56a5fa02832d58203b935d189e44,c0f67b77cf6f9d76b3220c11e73ea7383351f44d65c137c5334c65334db64db2,296b8d65cd224c13f6b704194fc4fce5c43752021710cbac3c8669703eed02b9,4ffb755d599bb01f390c2d98ff005efc8bcd2a8e94e9a981739be7ad87cb09fe,5a3dd01bca6065ba1339294b5ea791f826e3c31821ea9eab6badf890c48d17ec,423dabb28eb756f99c19999fdb4c7cf0db917d1a4ad1498ee859868d59671191,e9caf24bd33b969f444b0fe73039c7356cf4d8938b62ba10b3cabd199b772f76,fb9c18d25af79e2b0d2c8b87d81ba883a6527ca67ad8e4ca803820f1ef3286e2,27711d4f8707acf1e8f794bbdef66666be3442e77d4ac7e194dfab40aa46ec94
module_a,82,raw/trajectories/module_a_seed_082.npz,,6c42ace216369cf78d5176632f8688e38a25dec2732df53a768dbd5d07b7ce75,,5000,250,5020,2.0,"{""audit_mcar"": 17368017468014242063, ""audit_selective"": 13738791654253135513, ""calibration_label"": 4983047658118434379, ""control_noise"": 18055626346937322751, ""control_permutation"": 18089738607004285849, ""delay"": 5533957768190734298, ""observation_proxy"": 8740039726322644864, ""route_label"": 17093997885151860784, ""state"": 12292343710331193309, ""structural_feedback"": 1780307770307625342}",47b5546ee3e87767037c130b2a5a145b97c48201190298ca7e64002c819ec7de,91cbe37ae1e552a728dfd532b69abd2c600dac1a99b95474bc62f938f6cac5dc,3d3233566ec7a6590ce9630db8d976750bb7a4b36eaa3131034d0c89fed34bf6,9756727f04f67672a57eb6dcf19bb078ea58345eed665887709fbacf251417db,2046b70f1d8f2ac6f15fa04d1262706b3e47a44ce35b933a904b565f7ff03ccb,e791eea99348541f02cfb34e37b1afc9935599a5afd888408044cb3a1c7406c8,32b302757fafd4a252c3307f3ca6873b67c928b3f327c307be777aa6448fa473,ee70d51e8b73e731ab8f48676307c58c6c7d959fdd9277cf3b8ed54532c5ea2f,042e3255f74684ad3d1462346579123be183accdb7f8714a138f676b06d5125a,218d98f980ea0501faa62407d198a904bd7619cb1158e41fe32658e9896cab2b
module_a,83,raw/trajectories/module_a_seed_083.npz,,f6ce3d7cd387cd86d80bdec008c9c67f5f2ba106d000dc4ab7c328fce18ac4a6,,5000,250,5020,2.0,"{""audit_mcar"": 12115397224703120974, ""audit_selective"": 10957150614300265248, ""calibration_label"": 12376107036792522537, ""control_noise"": 16395217614942318663, ""control_permutation"": 2271159640177674359, ""delay"": 5763314997154366457, ""observation_proxy"": 3697474887677087495, ""route_label"": 5522660031000544840, ""state"": 12939984007788607431, ""structural_feedback"": 17361932894856586534}",02e9608faccda356fc043fb5e429a2040c02ca835bee34f29cb2165cb762bc27,d1371b20ece0716bef10446aab6153f6c56c72f4fcbf9ef428b7308adad5b95d,2fd28b0e4b2397c3ae2179a09bab23b1fe3481ad7a3b694c3233c896eefd32a4,2c7439840e950c14953aff075a306bb369f174f02b2674dadbe766fc5d9247b1,f5b9dff3322dd346b2984f86c868aab5a7afb276c00b8d7f10f753dd2af2db60,d63351ccd3ebc543b48fa5f4e1a007a6b03e57d0b5813c9436793fe89a6cedc6,d203a6beaacb7781c3ae3f12c7e9ef9bced8b976ecd4e468334f1fec6570b92b,8f03dc012f0934beb21125884eebf1f23b1b49952be2b5a07f75bc5f2b373184,0ff22dab4412beb8b03c2f36953f134fb0744e7dee0a5a1539880c7afd4ef979,db9fee6007b56cb36c8b517dcc651c1e16e250957b5cf6ae6ae915acbc7dc98a
module_a,84,raw/trajectories/module_a_seed_084.npz,,c7edba56ed5d8d2433fb24c0a48f528a1f0f22ef42f0d4c79bd32bd28480a74a,,5000,250,5020,2.0,"{""audit_mcar"": 2661950022643272922, ""audit_selective"": 5809945174124920190, ""calibration_label"": 11050711164353779252, ""control_noise"": 13863909559774623851, ""control_permutation"": 12254220848273156134, ""delay"": 15802471862646035465, ""observation_proxy"": 1198649410452748862, ""route_label"": 15952877362301373728, ""state"": 2937453741813339388, ""structural_feedback"": 6028912433495627114}",28972ed77d2dcfc9e4cb0782107eab7b0d9003a0933bdf856591a8e57149f7f7,3d7ad0f9283f64ab26ba6e91b88c8e4da638da93845d3211d226cfc794a12266,a71f78e3c48e0f2d7ebcc4a765ac26e991fda18f518502c4432e709942a76739,e8c2eb3d9efd672b5b5ee399af57c446ebcee609f899474b59c3c85c9cb4898b,de3ccec0863844895726a9513929527783730b1e03fb6e58e43d1d4a59ee21be,ea54894acff11d7cee22ca94f1f5e8989de96c21cbdccd2f0f179a6574ff41b7,0526162dad2fa3fbd3a403a7023d5bf20cc8490b8868cd4771e7e8e46a31ba0d,873354667e10d335f7405415de38e754b4e7900c0926cd73ade0587642294d9c,4096b685b1d72fba2a385d168301a69e7bb03c75c3b3b3cf49039123fa553edc,5e754eddf26af38d6444a3059c8c90cceee07cc16f22eb204bcfff7c37c3bbbe
module_a,85,raw/trajectories/module_a_seed_085.npz,,9b0fc640e8f208510119fb75dba9ab574ffda44f10ea4d312c40512199f4b8f6,,5000,250,5020,2.0,"{""audit_mcar"": 8448099375916199228, ""audit_selective"": 7981524753695823055, ""calibration_label"": 11616404219585212308, ""control_noise"": 17657027565809297159, ""control_permutation"": 6555216714293171175, ""delay"": 5558457588611382253, ""observation_proxy"": 17500410175002537631, ""route_label"": 15376120454552725742, ""state"": 8852544031955558190, ""structural_feedback"": 9366482597968205530}",8439696144bf7a7db4e035a7b4aea84fe78f1b5d5e8741bb387c0e48ae055f83,af15d1a5fda9659e10089e0b84840c07ec0f1127191b93e3c562decda6e27937,301e156f863fec5563161edf91eda116e67f0b9348129001f330f0abcccc0584,2f8f9448b7f9e4a91de0cfa35974000fa66ffa487722af028f8cdce42900e38c,72e77606882f3e0ce11f3826c8d58444044415a23c096ff42e38ed7fff6ffd2d,c6484ff13c08f6efb87c5aea87cb14ef4182ffa495922cca658028cdac191f31,29d0b8d0a45ab517d74693542f897099f9e2f8762445724a4628b3645b821e77,d5baf7b7159a25b87c95d22de72d8d63dfef2c6ce6b02b3fb9c955870a09151c,ddb0708a51a87ff6107677ef6266fb15403e35496d3d492c93346c334455ff10,20fc5c0f7a9c780641e34370f134ec8417cdc220eb07f6bf9492103eda96a1f0
module_a,86,raw/trajectories/module_a_seed_086.npz,,0c851492df12c0298051b7d61fdca328e4bbfa2b61f7d3d866c0737590bcd5cc,,5000,250,5020,2.0,"{""audit_mcar"": 15974872711342059154, ""audit_selective"": 3345063233418074171, ""calibration_label"": 4829197321381489465, ""control_noise"": 7001564615424090495, ""control_permutation"": 1231728242552535569, ""delay"": 16063141481549425852, ""observation_proxy"": 7120813079031906763, ""route_label"": 16896331154298931709, ""state"": 11689690516980381489, ""structural_feedback"": 5593371071855804517}",d2bb91de6887e7bcfca78520d76cbfa70e57b7d0be36c639327c078dd013ee14,e0b51145edaadcd3177f6f187760ce4a625648a4a3af7ccec7fa9c592ed0cb25,b436f3593cf1a8a692b1315d2625a73f33926ffc2cc1647c5133364ca2d78e90,3a288ef69c1f43becd11a0ed49e93efba654dcc1f65d2f09adecb5da6e866168,8df1789ff90e2e58d716b6fcb508da0f73f9214f9101913460041255a5cc3f2b,fd8143f76c70b3b1dad6aab9537099008152e191923c2949ae9b3e275ba85d26,2dae7a78e8b843c806d315a0043f72f611d93cbecc9faef52627a99410c6fa8b,2b1766c741dec8ce56006497049738438c900d3af5ac73fa9b147c97fbdb73c4,596fafd42e6a52e9c80a72d3985c4eb6197a19e52b1355548ab3655a5d055de4,9468e8b0ee68cd18057f9b2ec9f5d38c9278027dc3e15b046fc3f33de434c995
module_a,87,raw/trajectories/module_a_seed_087.npz,,bdaa40deb3c72aa02bbe19d7a89e7b6da50f0fcf94b95131909e15029eddbca1,,5000,250,5020,2.0,"{""audit_mcar"": 1753062324219938368, ""audit_selective"": 7100189944037562634, ""calibration_label"": 16455223639645473861, ""control_noise"": 8188448874667816610, ""control_permutation"": 15971849621447664213, ""delay"": 17143567724839127466, ""observation_proxy"": 1638393803582220851, ""route_label"": 7350571549436632149, ""state"": 3100954725683476095, ""structural_feedback"": 7931918413699849908}",c9e5574d1ffdedcc3a6abd08d1b488084908ca22887e6dd9a79a21a1774ffd48,41d60dd7a877f10b22dc094a625ea8705dc4f97b1447cc49044a43831e5e413d,0d4b96fcf07768255219c350370f53f34bfd7be03fa9d391ec0f6606a60fe81a,a4ccaaa9fabffdec48007a516c5a43f38bb60d9d5b4b1a08718d5834e408285a,e203782c3c94cd35ae33d3867125863716246a81b26f5a3deffe266e48085406,bfbcba18b946a8c12252ce8f140e101e010b71b777d8e0f170f34dcadf4d489d,2895713c569ba01661fa8388ef566f35e8823fe9c2b3911663210331849d3309,ba36be22e632e0252ea753e69c99fffea22ef0c91a299f9a55745997fd061042,bbc090930d4d32f4834d868c9a9d0bdc6963a0e6929c66adcba9d4b5ee9a4a38,909f28fcb98aee0a3c9158c31f793dc96ae61bd944b585106ea0fb86b6d03818
module_a,88,raw/trajectories/module_a_seed_088.npz,,cfae15bc1ad4a3f0e5ac1d8064edc47dff8df68803324372d6e0913b838d44ab,,5000,250,5020,2.0,"{""audit_mcar"": 5112830968893879919, ""audit_selective"": 17102409421008984135, ""calibration_label"": 3303049431717173689, ""control_noise"": 3712780992241980716, ""control_permutation"": 14671565906238490063, ""delay"": 14161396698810825874, ""observation_proxy"": 5410807303378845628, ""route_label"": 8300555291368389914, ""state"": 2112337302909919359, ""structural_feedback"": 2586223116767386762}",29d29ca0b7da02437dc9177394b26504524236dc82fd10f2482d302e41411e3b,6c4173c278d96e21fe5a3522bcc97a49acbf0840b8e227c215375359ba962301,69890445caae33a545b907bf7a60895a3fd5816e545bcca4319a4787b874568f,7ce02157aa501d4c61156f0b35b20031ecbf47c46f4beaf8e4903e9db5dd6697,612f122f8316d1ce72a15609f66140a2862025f5af376beac9659526e2c6a86d,245ecf304c6b728c3462030b78500705b9b9d6a5b8bb59ed3f9e83e7880d99d3,e4f64fd0f56afd9c5c991836b110b4c8b9da817972e32159c6ae1d68113e051b,55edfd13514da30d82db441e5e5de999e84266fc711d2a2d5616e7ec79d3a048,4e68136694333918a7b2c76417a184c40b06a5f7bfa45e4d5a313abf6f38c3a1,a6af4e15ab939b1ff3cedd962725ad9b974fe8a5be5046405cd729a65d5257e8
module_a,89,raw/trajectories/module_a_seed_089.npz,,342d8b07fa107727562ffab3eb9cd848000d7f8f3755ece930fe4117218d9d9b,,5000,250,5020,2.0,"{""audit_mcar"": 9983485898325325434, ""audit_selective"": 110905874507432549, ""calibration_label"": 9668737184012108183, ""control_noise"": 1798706233461430474, ""control_permutation"": 10961322151237751061, ""delay"": 11808830975045734370, ""observation_proxy"": 13149480040563140783, ""route_label"": 7305882080882010927, ""state"": 4133692507930670756, ""structural_feedback"": 11877380231843670152}",689137f7ca9013d5aae4ecd6a1aa0690db699e17cee160440eee3f67c89ff1c8,ff15e653398dc52e7cb5ffbc3c7782ce91acf6f97db080ab4ad28dc4a10fe658,1c418e3380cea1fc541f0c53b71972366f38281bf78289b572be5a40aa6af1c0,6b19345f1c7992af6dd368d329705ddd906b4ac2e30461dd4e01830adcdd93dc,3627ad1ea367e45e03558f0033300176d509091cff334865176bff9cbb94f57b,6c9fcaecadae6cdacad75536e4fb33698b1c0d30c42297066dd8e4f17e3e7577,e807a8978f02ff97222d4318a4dad5fe0047f6d6ad628cc8917f367e09675dc2,0ff38d4ad649e21d510954cea51f3e4e03ce34eae7abee89c5f400ceffb4b6cd,2becd3c992b467d34bc236ae8f66e3b0891b4b965a9e2135127cd59b6937f968,16e7d2f543de5c2595c37b75929d511abed8b7a9cbb96730db8363ca8c02ecfd
module_a,90,raw/trajectories/module_a_seed_090.npz,,f37def250c5ed0454067df17a29431286631e23b93c4c982b4d59631be19d599,,5000,250,5020,2.0,"{""audit_mcar"": 6979942831119021367, ""audit_selective"": 1399239254540049548, ""calibration_label"": 6606760679430453341, ""control_noise"": 15388752163863132475, ""control_permutation"": 7082541450104620018, ""delay"": 13457617090171041393, ""observation_proxy"": 15492886323862612572, ""route_label"": 10754362509241134584, ""state"": 13235058600067337524, ""structural_feedback"": 9328167348330108322}",96836b57a7a60bc633a2d3025e8312c125d4c9f0db1f7d9001a33c7a5a9f74fb,449a0ce12ba968b6b21205e956f8efc44aee900b098cb27f22ec5f2a565d15f6,f5842891a57053452ed1e94ec20318012e3bf571caeb87f10aadcc396f8e6d30,adf095677a0337ac930918ce69376341ab6d090d46e6164f9ecd5c9907ae9fb8,69fbff11c752fb58f7181f3e1dcd2a6deea2ef5017968b21b1efb19a7b09684b,8f2a8fe6495f254397de14596fb5b2bb490857a1a900e0621962f1600ff2a69b,4950a786d551f00913ac715bf344dda92e62f8569aaa72d3bf6de07e072603e8,e276fa6d938adbd37e25ce8bbc862e54d346d9f38325ba129e070be9f7d5a43c,8b9b69b8fdf781dc2ceeba4113022a6150312ec49235866a7442512547c1d47e,f13e0c32711e21dacdff501c92b49cbb365f380a897abfb9fc354279f7681f11
module_a,91,raw/trajectories/module_a_seed_091.npz,,fa18c6d7551410c10884beda1104e269a31bed78584ec87b84eb0f815c91bc93,,5000,250,5020,2.0,"{""audit_mcar"": 8497069513492146655, ""audit_selective"": 3994941032615890773, ""calibration_label"": 11036921096201747205, ""control_noise"": 18160026857705108683, ""control_permutation"": 137130406230692020, ""delay"": 13965622072823081956, ""observation_proxy"": 8738366841744932547, ""route_label"": 8387950776289855891, ""state"": 10208974452189180267, ""structural_feedback"": 9456440204586439835}",7d98c089ab05bc7166345d74f203630e60ea16e9eba7e2003773496915c5d6fc,8f73f2d17ce3ce6127c0b93f21aa0fc05127a93e25b6e43055dd296c3e76f332,e1d405b1b28a45803c3e2545cbecaa832495b0ba94668d2a6d2434cb7d33c655,e9684eff7db3dc947c61206f2669e68fa551df8cd902358d68f862f8f136e1c7,d8d4a9aeff20dd0343fdbc43a573f74ff29c21ab6011685fe9b39e9d7a9c261e,97349f60f73749a183b4768fa2cf54269e991350099f562c75e789ee0796285a,3d7479524e266bd3ef4b5a5d52a24aecf67bca2f412bd3c05315bc8a3a791062,39dfed7a70ef41586fbfc6f15814ed9d85b2eb74e5037a59ae46b479f793e974,9b7d2c0d279fd0ecc789b3b45238f65b063ea01fedd1ee4e1b2d575ed2ae7fe4,c340044b861b96dd31fa25d74603fc6671c747de5688ed881c16a13fb02ead0c
module_a,92,raw/trajectories/module_a_seed_092.npz,,3ed69edcffdbaaa9e617f525a64c98ecdc8741ec6c3029e2b6104213d53e3176,,5000,250,5020,2.0,"{""audit_mcar"": 1052089589294011484, ""audit_selective"": 10351548170255112652, ""calibration_label"": 18037669739054930268, ""control_noise"": 12618971724942993845, ""control_permutation"": 3016374691822819975, ""delay"": 7282682523171945664, ""observation_proxy"": 13719290959411098797, ""route_label"": 10184541431195518252, ""state"": 8522907625568635134, ""structural_feedback"": 11757184048137588293}",df874ea7dc607da6a32dce86654389174c67dac69d4febc86e45feaca3f71255,783445ed433fe73463830206882031d8ee85be8edc20ea353f9c7a7cac8dd286,772d29da1c8b0039db9ce4b0485e8cbe4acf9395787f73e952bb97c21b03a7d7,f25454d3c769503b6278711b6c386b00ee0180b8c718ac97e30cd24773642b77,7eeadbcfa14b66cfbfd2afa087649c941f01199f6b2e302dee1dae79147040aa,594d6c74f6b5d34fddb88cb1ac836f31ee303422a179c0d0d2276a5a34d3213f,78a9f42551948101ed8d1b9ec2c617fd1aad658b569c7bc54b01aac1b2b20b90,b13d71bf07ff071508c4c90e46c569f3c6ba4fdced1f23f57de4253ff28c015d,76f3efb6bc0b631adae177f5e71ccc46d5007fd21d12d1bc3f730d853dbc93b9,672835cbf76858360e8a176ae483072c122baf447c81a603546b4d696a56a602
module_a,93,raw/trajectories/module_a_seed_093.npz,,1eb401de43f43b315151a1b883f016b33327e4135627d80c27159c0f1535c4f3,,5000,250,5020,2.0,"{""audit_mcar"": 750360759401806866, ""audit_selective"": 17054755807808847747, ""calibration_label"": 18196326600126030856, ""control_noise"": 17047347292482161244, ""control_permutation"": 7058743492200971744, ""delay"": 628291960578970068, ""observation_proxy"": 16510200422246292471, ""route_label"": 2373131939769567304, ""state"": 14524646555732149251, ""structural_feedback"": 3971886684231399493}",04614923107a72c4cf70caa78a6196699c2e0bfbbd4128b8aca7c9d0bfe5d1ff,75ae9e2a47c8be31588469e40301764f456409188a67ff28a1dc2d62dd89c01c,4d299bb4d25d3c2a8a5436b6587f9e441ba5eb30ec39404b06bfdfdf174c52ef,20f56eedca5942e236e0494bbc9ae664ced7afa5d6e86344a4245bb64051a82a,db192f07bc20fe9eadc3e9d5c96f638fa055ca27f554cac56da31d19740cdfec,1da13d958976d81c77dd954ff42805442b1b352106fffe460ee029ff04893612,c1909b1bfd6fab39402be56d3c0b73641b2dc2c97b90b8f2c41d50e40a19f0d9,03383d979cd38f28857bb1164eb28556c57fe61eae2184fcd92c7bfe7367511b,8c0a3561c2205955f0543eb622ffeffb37776e8c4c84d5a7dd7ca55f8d22058e,32700cee0dc2b2cbf8d4c043185a315f062f48e018e43efc265daf97dcb44ab4
module_a,94,raw/trajectories/module_a_seed_094.npz,,9364be869b28b76c5e4b2dc0a426e10f9c8988ba540896ace635361418fc9fbc,,5000,250,5020,2.0,"{""audit_mcar"": 11764628614234294874, ""audit_selective"": 3605337047424167540, ""calibration_label"": 17173647233557242750, ""control_noise"": 9523219137042491924, ""control_permutation"": 12076898941534071567, ""delay"": 11671741977531064644, ""observation_proxy"": 12018483603604024954, ""route_label"": 17852309528434519612, ""state"": 6092176096925013794, ""structural_feedback"": 7803619202454204877}",5fadf9637094829c07d9ecb8fb6b5df7dca40ab8939cb1de627b3c7b89f19e47,d5dfb1cef2198f32c44ecf5b85b1fb025ab8bc382842f0282e124faa43b8a49d,d7c4eae27782a466bff38f43b790cf43d7c7a3b0b92fa1256c6a71464e5fa1fd,d5c001487bf37ddd2175c08174db0759dddb6ca44057c22513f5f0506281debc,6c03ee87f0dc9cf004e5f96707f1f4c074c072b7aeceb6f02d261e315616d9cc,fc3fcef2e4dce43e1de2a8cf25a46e8d0d0a09ac9d7e693338fc376137cbb0b3,b080289e384e3be9525d391f9560bb0c070b06bf1233845e07aac2624cdf4de9,a3fe659cf2b50bcde2d089318fbdc4d96c929b1fcbd5927d42025b2cd93f865b,875b571d184e8d979acf4d74f6bdf8a2b6342e0a6919230dc49dce7825762998,9afbf036f3f38b242f238df6e44517d9fe402d9301b4c4c0029d258f5c8ea844
module_a,95,raw/trajectories/module_a_seed_095.npz,,a995e7ff5357f7937ef53a233afc34284a3c3a5f160909195718cb5a1c729234,,5000,250,5020,2.0,"{""audit_mcar"": 2008652294742980899, ""audit_selective"": 8601399029759866139, ""calibration_label"": 8325446983115364059, ""control_noise"": 15230614999782232411, ""control_permutation"": 11141015051143858291, ""delay"": 208046412650186109, ""observation_proxy"": 14311193435561390018, ""route_label"": 14024046261279224476, ""state"": 5079724699201489730, ""structural_feedback"": 1084562813035015886}",f493fee8a6b5dac97dab777a109b7b3d9380aa90018935813ff379fe4ac5788a,2fb1459cdca06ff86c1afd2d084e3b999616d2d81731204117004a88f45e4477,31b495ff5f117a9c1884367d6b34f5693bfe2cd88204db33a5ffdbb54688830f,b6afb25e60ab5f56791d388e87afee7a58bb650f7298a2a21c5179944f940595,3dfa42f8fee9b108aaf5596d702b9c52adb9cae57ac5f55b444be93b2bf4117e,06e1532b0aea0df30f3ad5c058b13d145543d002a23c0ec11a5ab2fb4c623ca8,b62adcbd6ba34e3b83157bea816a7ed7dd8ff9916feb2c07ae04c02473a57c1e,5aa3a65fadcf1b187cedc591919ec869cffacb8fa459ef7cac92bf50920a3385,6f7411851a4851df8ba803de0a9d3827316f718114f899808b8ffc7e042ad8a2,1b8c2134f598bc90f0416c4193b2ee32fcdb8f7289e64ac47979d7c5b51475d9
module_a,96,raw/trajectories/module_a_seed_096.npz,,fd9be520f478e0165590ec3c92afdb2878f664ea05e18e7bd295cd83dcc29470,,5000,250,5020,2.0,"{""audit_mcar"": 14533100894894360499, ""audit_selective"": 13654516903617786723, ""calibration_label"": 17935195631370275476, ""control_noise"": 1568336962235484988, ""control_permutation"": 5819404025325885068, ""delay"": 18390519348433419422, ""observation_proxy"": 14988588662018038660, ""route_label"": 10789441118376674007, ""state"": 12478689099176351143, ""structural_feedback"": 2139007538088044666}",35a361324ce08bc1af45be0911cccc1ccb169a49b4a6bae4437eaf8861b7a7e5,ba79bbfac5817f299e43949f2050013b67c463f279ede609eb55a33fdb14e290,cdbf73d55e9129bfd86dff5e59f39c3c27e04d631e0e863e5ac158d2169726d6,bbae17043b18d676570f987f412fb5c64231b55aa3f3f8dca6d488f8e7891366,47183918c3b87f6deb587de9bfc802bebaa01071603ae49674e7b1d613e14ce9,46f0178be031de3a40ed4290d9d10be8b33e0f372eec5a8e23660e5d0142b80e,cb05af4f404176154f5e264603d59f9a660c13feca8f94bdd984d200f9552e47,8babd840419b19d693eaebe67dc47ac97563eb65c72c075d7837a631a3a3ed29,9c97fe48de40c480a6c4ca05061db5ec4ac08327f08b0de1cfa26c72bdc71cc9,66bac8c76a521af6ab4175e06b5a487901d0db252a03bdc903d402d0e36f39d7
module_a,97,raw/trajectories/module_a_seed_097.npz,,26ab17d53ec301aa84f014ba87773046bc7647718cb1b1607949819730771cbe,,5000,250,5020,2.0,"{""audit_mcar"": 13401793937679069081, ""audit_selective"": 14095720269966017729, ""calibration_label"": 1283314588333156113, ""control_noise"": 18230147188697319119, ""control_permutation"": 3860858556347874060, ""delay"": 17301777238681281894, ""observation_proxy"": 9548242469419431046, ""route_label"": 967882285936545836, ""state"": 4234192504688688790, ""structural_feedback"": 11262316064830005850}",337cece1f37c399dcfece9ac774a88acf9e16b06a41f4ad998b9912c984c482d,895f78a95ba543c943a44cd3c26b8726c7c3e8f15830e6218d81d6744e6bd26b,445d281721490d06f6510811cf38183cb7f07766924ed984b181cdae7465078e,826cd982f05135f5b0b7512fe53608064905016a79261eceb794bfa4be4d26c6,a6fd6336302873222fcf716e5313d5df4e70559262a5e194c1af498b559cb7d1,897ff8e39bfc38daf477d3b0e3c7167ebfcc87676f99cf29b20899755a76ca21,2444cd1e217c635281268af2311a7a28277b900722520fbb512e1ceab85f6e3f,8fccdfe86183f3876f5d7a96f7904d506a4945d03af32ab4c1713843cc1895a5,1a553eb07fc300302e87431cc5059a4674974865e89d03bbbb03bdd5508ee56a,3c0f854c80a07a5737a46327ef78bb9f3f25f7edaaabd5c27c422b0c2ce56d30
module_a,98,raw/trajectories/module_a_seed_098.npz,,125e00fb40bbe9d67038f83ef260f868f423a6217c7038c8410b06e1dc0b1cc4,,5000,250,5020,2.0,"{""audit_mcar"": 17580608310516912590, ""audit_selective"": 13148448098376469559, ""calibration_label"": 17047724542523255431, ""control_noise"": 12093534410764205295, ""control_permutation"": 16245839430087077605, ""delay"": 12700689474113263713, ""observation_proxy"": 4606324010832299229, ""route_label"": 4322892145663579200, ""state"": 11372087086067813308, ""structural_feedback"": 1330785629415617230}",1f461bfaa891e8576d4e714c2b6b6627b5aec6124071ba3b32ae10be54176803,42fd5f84017b962bcded347851a900f9e350b3188731c6f8ac78916f9f9d2022,56ffdb2be7d98c2ea085262398aac38c29bf04602ffb50dcee4be3ad4e88dbe9,b904d945f3433e1f63cd914b733f7a713191b7bcd5a58fbedac6c09cd5dc0a4c,6d6a2adf721272be1ee95431df87adf0df688289ad6f1ebd30f7cad2a6fb35e2,cfde38d2f316192cbbb414110be147a6e05b2cb1af86cda85f876a3d78605eb8,a357e99338a9df46d063e7debdcef585f6301fb13c9f8db75a18276c5d02a100,7486a406c67684c287cab43e2c965b750a1ff146cc76ad9b6da814e1f468c126,9912bc180430434f24c0a43bcd4dcf92321d23008197ddc5c5469c7a8e34d3ce,35e3ac8bc3a3976cf0d9238bed2c9b47456b146d947eae8ebb0dc8ef67707676
module_a,99,raw/trajectories/module_a_seed_099.npz,,02c43f46640afc8bb36dbab8c8a7eb834044dfa935447e5e28275912c137bb29,,5000,250,5020,2.0,"{""audit_mcar"": 12279281916477004605, ""audit_selective"": 7388242010518639831, ""calibration_label"": 3470735370625659738, ""control_noise"": 2356648574350260676, ""control_permutation"": 11790024915958041677, ""delay"": 12956819616017511421, ""observation_proxy"": 10855181486448817394, ""route_label"": 1640467193131697169, ""state"": 16746266443106145656, ""structural_feedback"": 12125141044503434252}",a915abccb6ac67c2957bacfecc61c226c85aba193c759b917af672058c3375d8,0fe3041b1ff760e48a3e968476b1157398fb095607fb4f5f3dc6cfada7c18078,b51e13662c1b8246e1548f3baa52bec3f7218d1d616fdf0dbb0eb7b321837b84,7900c7361e580024d1775755c096b4617e1336c0697610945a72b8023bf180b4,ea7213ab55c80d90740add6716923c3b2bce954fcdbf9a2525523c4bfea41a7b,5fe4294a966159b6d26c43ecd877bb9ab3a589cbdc5e54f0a57ff4e6f12002a0,e34f7a3af63bccbb81198eb0cc6a8e7c6564220dc329eb534509c43f8b4a63cf,f2fffab5e6f462be6ea0c770d496fed6bd28c63fe33843cd9e26838647483b1a,f0c9cd94f9d3e0a1e480e3620ef72088a18b2025565656d07c4f019ca13b12e6,2ef223f5a331581f702ee688cdce514cd165a5d1fd170d342840d43d9e410da3
