Route,"Top-k credited mass / 1,000",Allocation TV vs arrival anchor,TV CI low,TV CI high,Top-10 overlap vs arrival anchor,Overlap CI low,Overlap CI high
Arrival-bin anchor (diagnostic),377.8158735404274,0.0,0.0,0.0,1.0,1.0,1.0
First click or touch,42.64430491297642,0.9243707314386428,0.922833536770742,0.9260074579888924,0.0,0.0,0.0
Last click or touch,40.689028420356905,0.9222433355364617,0.9207968441809644,0.9236649712651316,0.0,0.0,0.0
Linear attribution,39.75355669733561,0.923483767668558,0.9220183750163164,0.9249325171197088,0.0,0.0,0.0
Time-decay attribution,40.690246694678265,0.9225146012904448,0.921110569236077,0.9239077751855168,0.0,0.0,0.0
