figure_id,panel_id,experiment_id,run_id,run_tier,paper_result,analysis_tier,metric_id,estimand_id,condition_id,series_id,point_estimate,resampling_median,interval_lower,interval_upper,uncertainty_role,uncertainty_method,repetition_count,sample_count,unit,better_direction,source_table,source_row_key
exp1_appendix_delay_coupling_diagnostics,a,exp1_alignment_transfer,exp1_alignment_transfer:full:2026-08-17T06:28:21.157011+00:00,paper,True,appendix,delay_threshold,delay_threshold,fig_exp1_delay_survival_data,delay_threshold,0,,,,frozen appendix diagnostic,source table,,,,,fig_exp1_delay_survival_data.csv,0
exp1_appendix_delay_coupling_diagnostics,a,exp1_alignment_transfer,exp1_alignment_transfer:full:2026-08-17T06:28:21.157011+00:00,paper,True,appendix,delay_threshold,delay_threshold,fig_exp1_delay_survival_data,delay_threshold,0,,,,frozen appendix diagnostic,source table,,,,,fig_exp1_delay_survival_data.csv,1
exp1_appendix_delay_coupling_diagnostics,a,exp1_alignment_transfer,exp1_alignment_transfer:full:2026-08-17T06:28:21.157011+00:00,paper,True,appendix,delay_threshold,delay_threshold,fig_exp1_delay_survival_data,delay_threshold,1,,,,frozen appendix diagnostic,source table,,,,,fig_exp1_delay_survival_data.csv,2
exp1_appendix_delay_coupling_diagnostics,a,exp1_alignment_transfer,exp1_alignment_transfer:full:2026-08-17T06:28:21.157011+00:00,paper,True,appendix,delay_threshold,delay_threshold,fig_exp1_delay_survival_data,delay_threshold,2,,,,frozen appendix diagnostic,source table,,,,,fig_exp1_delay_survival_data.csv,3
exp1_appendix_delay_coupling_diagnostics,a,exp1_alignment_transfer,exp1_alignment_transfer:full:2026-08-17T06:28:21.157011+00:00,paper,True,appendix,delay_threshold,delay_threshold,fig_exp1_delay_survival_data,delay_threshold,3,,,,frozen appendix diagnostic,source table,,,,,fig_exp1_delay_survival_data.csv,4
exp1_appendix_delay_coupling_diagnostics,a,exp1_alignment_transfer,exp1_alignment_transfer:full:2026-08-17T06:28:21.157011+00:00,paper,True,appendix,delay_threshold,delay_threshold,fig_exp1_delay_survival_data,delay_threshold,4,,,,frozen appendix diagnostic,source table,,,,,fig_exp1_delay_survival_data.csv,5
exp1_appendix_delay_coupling_diagnostics,a,exp1_alignment_transfer,exp1_alignment_transfer:full:2026-08-17T06:28:21.157011+00:00,paper,True,appendix,delay_threshold,delay_threshold,fig_exp1_delay_survival_data,delay_threshold,5,,,,frozen appendix diagnostic,source table,,,,,fig_exp1_delay_survival_data.csv,6
exp1_appendix_delay_coupling_diagnostics,a,exp1_alignment_transfer,exp1_alignment_transfer:full:2026-08-17T06:28:21.157011+00:00,paper,True,appendix,delay_threshold,delay_threshold,fig_exp1_delay_survival_data,delay_threshold,6,,,,frozen appendix diagnostic,source table,,,,,fig_exp1_delay_survival_data.csv,7
exp1_appendix_delay_coupling_diagnostics,a,exp1_alignment_transfer,exp1_alignment_transfer:full:2026-08-17T06:28:21.157011+00:00,paper,True,appendix,delay_threshold,delay_threshold,fig_exp1_delay_survival_data,delay_threshold,7,,,,frozen appendix diagnostic,source table,,,,,fig_exp1_delay_survival_data.csv,8
exp1_appendix_delay_coupling_diagnostics,a,exp1_alignment_transfer,exp1_alignment_transfer:full:2026-08-17T06:28:21.157011+00:00,paper,True,appendix,delay_threshold,delay_threshold,fig_exp1_delay_survival_data,delay_threshold,8,,,,frozen appendix diagnostic,source table,,,,,fig_exp1_delay_survival_data.csv,9
exp1_appendix_delay_coupling_diagnostics,a,exp1_alignment_transfer,exp1_alignment_transfer:full:2026-08-17T06:28:21.157011+00:00,paper,True,appendix,delay_threshold,delay_threshold,fig_exp1_delay_survival_data,delay_threshold,9,,,,frozen appendix diagnostic,source table,,,,,fig_exp1_delay_survival_data.csv,10
exp1_appendix_delay_coupling_diagnostics,a,exp1_alignment_transfer,exp1_alignment_transfer:full:2026-08-17T06:28:21.157011+00:00,paper,True,appendix,delay_threshold,delay_threshold,fig_exp1_delay_survival_data,delay_threshold,10,,,,frozen appendix diagnostic,source table,,,,,fig_exp1_delay_survival_data.csv,11
exp1_appendix_delay_coupling_diagnostics,a,exp1_alignment_transfer,exp1_alignment_transfer:full:2026-08-17T06:28:21.157011+00:00,paper,True,appendix,delay_threshold,delay_threshold,fig_exp1_delay_survival_data,delay_threshold,11,,,,frozen appendix diagnostic,source table,,,,,fig_exp1_delay_survival_data.csv,12
exp1_appendix_delay_coupling_diagnostics,a,exp1_alignment_transfer,exp1_alignment_transfer:full:2026-08-17T06:28:21.157011+00:00,paper,True,appendix,delay_threshold,delay_threshold,fig_exp1_delay_survival_data,delay_threshold,12,,,,frozen appendix diagnostic,source table,,,,,fig_exp1_delay_survival_data.csv,13
exp1_appendix_delay_coupling_diagnostics,a,exp1_alignment_transfer,exp1_alignment_transfer:full:2026-08-17T06:28:21.157011+00:00,paper,True,appendix,delay_threshold,delay_threshold,fig_exp1_delay_survival_data,delay_threshold,13,,,,frozen appendix diagnostic,source table,,,,,fig_exp1_delay_survival_data.csv,14
exp1_appendix_delay_coupling_diagnostics,a,exp1_alignment_transfer,exp1_alignment_transfer:full:2026-08-17T06:28:21.157011+00:00,paper,True,appendix,delay_threshold,delay_threshold,fig_exp1_delay_survival_data,delay_threshold,14,,,,frozen appendix diagnostic,source table,,,,,fig_exp1_delay_survival_data.csv,15
exp1_appendix_delay_coupling_diagnostics,a,exp1_alignment_transfer,exp1_alignment_transfer:full:2026-08-17T06:28:21.157011+00:00,paper,True,appendix,delay_threshold,delay_threshold,fig_exp1_delay_survival_data,delay_threshold,15,,,,frozen appendix diagnostic,source table,,,,,fig_exp1_delay_survival_data.csv,16
exp1_appendix_delay_coupling_diagnostics,a,exp1_alignment_transfer,exp1_alignment_transfer:full:2026-08-17T06:28:21.157011+00:00,paper,True,appendix,delay_threshold,delay_threshold,fig_exp1_delay_survival_data,delay_threshold,16,,,,frozen appendix diagnostic,source table,,,,,fig_exp1_delay_survival_data.csv,17
exp1_appendix_delay_coupling_diagnostics,a,exp1_alignment_transfer,exp1_alignment_transfer:full:2026-08-17T06:28:21.157011+00:00,paper,True,appendix,delay_threshold,delay_threshold,fig_exp1_delay_survival_data,delay_threshold,17,,,,frozen appendix diagnostic,source table,,,,,fig_exp1_delay_survival_data.csv,18
exp1_appendix_delay_coupling_diagnostics,a,exp1_alignment_transfer,exp1_alignment_transfer:full:2026-08-17T06:28:21.157011+00:00,paper,True,appendix,delay_threshold,delay_threshold,fig_exp1_delay_survival_data,delay_threshold,18,,,,frozen appendix diagnostic,source table,,,,,fig_exp1_delay_survival_data.csv,19
exp1_appendix_delay_coupling_diagnostics,a,exp1_alignment_transfer,exp1_alignment_transfer:full:2026-08-17T06:28:21.157011+00:00,paper,True,appendix,delay_threshold,delay_threshold,fig_exp1_delay_survival_data,delay_threshold,19,,,,frozen appendix diagnostic,source table,,,,,fig_exp1_delay_survival_data.csv,20
exp1_appendix_delay_coupling_diagnostics,a,exp1_alignment_transfer,exp1_alignment_transfer:full:2026-08-17T06:28:21.157011+00:00,paper,True,appendix,delay_threshold,delay_threshold,fig_exp1_delay_survival_data,delay_threshold,20,,,,frozen appendix diagnostic,source table,,,,,fig_exp1_delay_survival_data.csv,21
exp1_appendix_delay_coupling_diagnostics,a,exp1_alignment_transfer,exp1_alignment_transfer:full:2026-08-17T06:28:21.157011+00:00,paper,True,appendix,delay_threshold,delay_threshold,fig_exp1_delay_survival_data,delay_threshold,21,,,,frozen appendix diagnostic,source table,,,,,fig_exp1_delay_survival_data.csv,22
exp1_appendix_delay_coupling_diagnostics,a,exp1_alignment_transfer,exp1_alignment_transfer:full:2026-08-17T06:28:21.157011+00:00,paper,True,appendix,delay_threshold,delay_threshold,fig_exp1_delay_survival_data,delay_threshold,22,,,,frozen appendix diagnostic,source table,,,,,fig_exp1_delay_survival_data.csv,23
exp1_appendix_delay_coupling_diagnostics,a,exp1_alignment_transfer,exp1_alignment_transfer:full:2026-08-17T06:28:21.157011+00:00,paper,True,appendix,delay_threshold,delay_threshold,fig_exp1_delay_survival_data,delay_threshold,23,,,,frozen appendix diagnostic,source table,,,,,fig_exp1_delay_survival_data.csv,24
exp1_appendix_delay_coupling_diagnostics,a,exp1_alignment_transfer,exp1_alignment_transfer:full:2026-08-17T06:28:21.157011+00:00,paper,True,appendix,delay_threshold,delay_threshold,fig_exp1_delay_survival_data,delay_threshold,24,,,,frozen appendix diagnostic,source table,,,,,fig_exp1_delay_survival_data.csv,25
exp1_appendix_delay_coupling_diagnostics,a,exp1_alignment_transfer,exp1_alignment_transfer:full:2026-08-17T06:28:21.157011+00:00,paper,True,appendix,delay_threshold,delay_threshold,fig_exp1_delay_survival_data,delay_threshold,25,,,,frozen appendix diagnostic,source table,,,,,fig_exp1_delay_survival_data.csv,26
exp1_appendix_delay_coupling_diagnostics,a,exp1_alignment_transfer,exp1_alignment_transfer:full:2026-08-17T06:28:21.157011+00:00,paper,True,appendix,delay_threshold,delay_threshold,fig_exp1_delay_survival_data,delay_threshold,26,,,,frozen appendix diagnostic,source table,,,,,fig_exp1_delay_survival_data.csv,27
exp1_appendix_delay_coupling_diagnostics,a,exp1_alignment_transfer,exp1_alignment_transfer:full:2026-08-17T06:28:21.157011+00:00,paper,True,appendix,delay_threshold,delay_threshold,fig_exp1_delay_survival_data,delay_threshold,27,,,,frozen appendix diagnostic,source table,,,,,fig_exp1_delay_survival_data.csv,28
exp1_appendix_delay_coupling_diagnostics,a,exp1_alignment_transfer,exp1_alignment_transfer:full:2026-08-17T06:28:21.157011+00:00,paper,True,appendix,delay_threshold,delay_threshold,fig_exp1_delay_survival_data,delay_threshold,28,,,,frozen appendix diagnostic,source table,,,,,fig_exp1_delay_survival_data.csv,29
exp1_appendix_delay_coupling_diagnostics,a,exp1_alignment_transfer,exp1_alignment_transfer:full:2026-08-17T06:28:21.157011+00:00,paper,True,appendix,delay_threshold,delay_threshold,fig_exp1_delay_survival_data,delay_threshold,29,,,,frozen appendix diagnostic,source table,,,,,fig_exp1_delay_survival_data.csv,30
exp1_appendix_delay_coupling_diagnostics,a,exp1_alignment_transfer,exp1_alignment_transfer:full:2026-08-17T06:28:21.157011+00:00,paper,True,appendix,delay_threshold,delay_threshold,fig_exp1_delay_survival_data,delay_threshold,30,,,,frozen appendix diagnostic,source table,,,,,fig_exp1_delay_survival_data.csv,31
exp1_appendix_delay_coupling_diagnostics,a,exp1_alignment_transfer,exp1_alignment_transfer:full:2026-08-17T06:28:21.157011+00:00,paper,True,appendix,delay_threshold,delay_threshold,fig_exp1_delay_survival_data,delay_threshold,31,,,,frozen appendix diagnostic,source table,,,,,fig_exp1_delay_survival_data.csv,32
exp1_appendix_delay_coupling_diagnostics,a,exp1_alignment_transfer,exp1_alignment_transfer:full:2026-08-17T06:28:21.157011+00:00,paper,True,appendix,delay_threshold,delay_threshold,fig_exp1_delay_survival_data,delay_threshold,32,,,,frozen appendix diagnostic,source table,,,,,fig_exp1_delay_survival_data.csv,33
exp1_appendix_delay_coupling_diagnostics,a,exp1_alignment_transfer,exp1_alignment_transfer:full:2026-08-17T06:28:21.157011+00:00,paper,True,appendix,delay_threshold,delay_threshold,fig_exp1_delay_survival_data,delay_threshold,33,,,,frozen appendix diagnostic,source table,,,,,fig_exp1_delay_survival_data.csv,34
exp1_appendix_delay_coupling_diagnostics,a,exp1_alignment_transfer,exp1_alignment_transfer:full:2026-08-17T06:28:21.157011+00:00,paper,True,appendix,delay_threshold,delay_threshold,fig_exp1_delay_survival_data,delay_threshold,34,,,,frozen appendix diagnostic,source table,,,,,fig_exp1_delay_survival_data.csv,35
exp1_appendix_delay_coupling_diagnostics,a,exp1_alignment_transfer,exp1_alignment_transfer:full:2026-08-17T06:28:21.157011+00:00,paper,True,appendix,delay_threshold,delay_threshold,fig_exp1_delay_survival_data,delay_threshold,35,,,,frozen appendix diagnostic,source table,,,,,fig_exp1_delay_survival_data.csv,36
exp1_appendix_delay_coupling_diagnostics,a,exp1_alignment_transfer,exp1_alignment_transfer:full:2026-08-17T06:28:21.157011+00:00,paper,True,appendix,delay_threshold,delay_threshold,fig_exp1_delay_survival_data,delay_threshold,36,,,,frozen appendix diagnostic,source table,,,,,fig_exp1_delay_survival_data.csv,37
exp1_appendix_delay_coupling_diagnostics,a,exp1_alignment_transfer,exp1_alignment_transfer:full:2026-08-17T06:28:21.157011+00:00,paper,True,appendix,delay_threshold,delay_threshold,fig_exp1_delay_survival_data,delay_threshold,37,,,,frozen appendix diagnostic,source table,,,,,fig_exp1_delay_survival_data.csv,38
exp1_appendix_delay_coupling_diagnostics,a,exp1_alignment_transfer,exp1_alignment_transfer:full:2026-08-17T06:28:21.157011+00:00,paper,True,appendix,delay_threshold,delay_threshold,fig_exp1_delay_survival_data,delay_threshold,38,,,,frozen appendix diagnostic,source table,,,,,fig_exp1_delay_survival_data.csv,39
exp1_appendix_delay_coupling_diagnostics,a,exp1_alignment_transfer,exp1_alignment_transfer:full:2026-08-17T06:28:21.157011+00:00,paper,True,appendix,delay_threshold,delay_threshold,fig_exp1_delay_survival_data,delay_threshold,39,,,,frozen appendix diagnostic,source table,,,,,fig_exp1_delay_survival_data.csv,40
exp1_appendix_delay_coupling_diagnostics,a,exp1_alignment_transfer,exp1_alignment_transfer:full:2026-08-17T06:28:21.157011+00:00,paper,True,appendix,delay_threshold,delay_threshold,fig_exp1_delay_survival_data,delay_threshold,40,,,,frozen appendix diagnostic,source table,,,,,fig_exp1_delay_survival_data.csv,41
exp1_appendix_delay_coupling_diagnostics,a,exp1_alignment_transfer,exp1_alignment_transfer:full:2026-08-17T06:28:21.157011+00:00,paper,True,appendix,delay_threshold,delay_threshold,fig_exp1_delay_survival_data,delay_threshold,41,,,,frozen appendix diagnostic,source table,,,,,fig_exp1_delay_survival_data.csv,42
exp1_appendix_delay_coupling_diagnostics,a,exp1_alignment_transfer,exp1_alignment_transfer:full:2026-08-17T06:28:21.157011+00:00,paper,True,appendix,delay_threshold,delay_threshold,fig_exp1_delay_survival_data,delay_threshold,42,,,,frozen appendix diagnostic,source table,,,,,fig_exp1_delay_survival_data.csv,43
exp1_appendix_delay_coupling_diagnostics,a,exp1_alignment_transfer,exp1_alignment_transfer:full:2026-08-17T06:28:21.157011+00:00,paper,True,appendix,delay_threshold,delay_threshold,fig_exp1_delay_survival_data,delay_threshold,43,,,,frozen appendix diagnostic,source table,,,,,fig_exp1_delay_survival_data.csv,44
exp1_appendix_delay_coupling_diagnostics,a,exp1_alignment_transfer,exp1_alignment_transfer:full:2026-08-17T06:28:21.157011+00:00,paper,True,appendix,delay_threshold,delay_threshold,fig_exp1_delay_survival_data,delay_threshold,44,,,,frozen appendix diagnostic,source table,,,,,fig_exp1_delay_survival_data.csv,45
exp1_appendix_delay_coupling_diagnostics,a,exp1_alignment_transfer,exp1_alignment_transfer:full:2026-08-17T06:28:21.157011+00:00,paper,True,appendix,delay_threshold,delay_threshold,fig_exp1_delay_survival_data,delay_threshold,45,,,,frozen appendix diagnostic,source table,,,,,fig_exp1_delay_survival_data.csv,46
exp1_appendix_delay_coupling_diagnostics,a,exp1_alignment_transfer,exp1_alignment_transfer:full:2026-08-17T06:28:21.157011+00:00,paper,True,appendix,delay_threshold,delay_threshold,fig_exp1_delay_survival_data,delay_threshold,46,,,,frozen appendix diagnostic,source table,,,,,fig_exp1_delay_survival_data.csv,47
exp1_appendix_delay_coupling_diagnostics,a,exp1_alignment_transfer,exp1_alignment_transfer:full:2026-08-17T06:28:21.157011+00:00,paper,True,appendix,delay_threshold,delay_threshold,fig_exp1_delay_survival_data,delay_threshold,47,,,,frozen appendix diagnostic,source table,,,,,fig_exp1_delay_survival_data.csv,48
exp1_appendix_delay_coupling_diagnostics,a,exp1_alignment_transfer,exp1_alignment_transfer:full:2026-08-17T06:28:21.157011+00:00,paper,True,appendix,delay_threshold,delay_threshold,fig_exp1_delay_survival_data,delay_threshold,48,,,,frozen appendix diagnostic,source table,,,,,fig_exp1_delay_survival_data.csv,49
exp1_appendix_delay_coupling_diagnostics,a,exp1_alignment_transfer,exp1_alignment_transfer:full:2026-08-17T06:28:21.157011+00:00,paper,True,appendix,delay_threshold,delay_threshold,fig_exp1_delay_survival_data,delay_threshold,49,,,,frozen appendix diagnostic,source table,,,,,fig_exp1_delay_survival_data.csv,50
exp1_appendix_delay_coupling_diagnostics,a,exp1_alignment_transfer,exp1_alignment_transfer:full:2026-08-17T06:28:21.157011+00:00,paper,True,appendix,delay_threshold,delay_threshold,fig_exp1_delay_survival_data,delay_threshold,50,,,,frozen appendix diagnostic,source table,,,,,fig_exp1_delay_survival_data.csv,51
exp1_appendix_delay_coupling_diagnostics,a,exp1_alignment_transfer,exp1_alignment_transfer:full:2026-08-17T06:28:21.157011+00:00,paper,True,appendix,delay_threshold,delay_threshold,fig_exp1_delay_survival_data,delay_threshold,51,,,,frozen appendix diagnostic,source table,,,,,fig_exp1_delay_survival_data.csv,52
exp1_appendix_delay_coupling_diagnostics,a,exp1_alignment_transfer,exp1_alignment_transfer:full:2026-08-17T06:28:21.157011+00:00,paper,True,appendix,delay_threshold,delay_threshold,fig_exp1_delay_survival_data,delay_threshold,52,,,,frozen appendix diagnostic,source table,,,,,fig_exp1_delay_survival_data.csv,53
exp1_appendix_delay_coupling_diagnostics,a,exp1_alignment_transfer,exp1_alignment_transfer:full:2026-08-17T06:28:21.157011+00:00,paper,True,appendix,delay_threshold,delay_threshold,fig_exp1_delay_survival_data,delay_threshold,53,,,,frozen appendix diagnostic,source table,,,,,fig_exp1_delay_survival_data.csv,54
exp1_appendix_delay_coupling_diagnostics,a,exp1_alignment_transfer,exp1_alignment_transfer:full:2026-08-17T06:28:21.157011+00:00,paper,True,appendix,delay_threshold,delay_threshold,fig_exp1_delay_survival_data,delay_threshold,54,,,,frozen appendix diagnostic,source table,,,,,fig_exp1_delay_survival_data.csv,55
exp1_appendix_delay_coupling_diagnostics,a,exp1_alignment_transfer,exp1_alignment_transfer:full:2026-08-17T06:28:21.157011+00:00,paper,True,appendix,delay_threshold,delay_threshold,fig_exp1_delay_survival_data,delay_threshold,55,,,,frozen appendix diagnostic,source table,,,,,fig_exp1_delay_survival_data.csv,56
exp1_appendix_delay_coupling_diagnostics,a,exp1_alignment_transfer,exp1_alignment_transfer:full:2026-08-17T06:28:21.157011+00:00,paper,True,appendix,delay_threshold,delay_threshold,fig_exp1_delay_survival_data,delay_threshold,56,,,,frozen appendix diagnostic,source table,,,,,fig_exp1_delay_survival_data.csv,57
exp1_appendix_delay_coupling_diagnostics,a,exp1_alignment_transfer,exp1_alignment_transfer:full:2026-08-17T06:28:21.157011+00:00,paper,True,appendix,delay_threshold,delay_threshold,fig_exp1_delay_survival_data,delay_threshold,57,,,,frozen appendix diagnostic,source table,,,,,fig_exp1_delay_survival_data.csv,58
exp1_appendix_delay_coupling_diagnostics,a,exp1_alignment_transfer,exp1_alignment_transfer:full:2026-08-17T06:28:21.157011+00:00,paper,True,appendix,delay_threshold,delay_threshold,fig_exp1_delay_survival_data,delay_threshold,58,,,,frozen appendix diagnostic,source table,,,,,fig_exp1_delay_survival_data.csv,59
exp1_appendix_delay_coupling_diagnostics,a,exp1_alignment_transfer,exp1_alignment_transfer:full:2026-08-17T06:28:21.157011+00:00,paper,True,appendix,delay_threshold,delay_threshold,fig_exp1_delay_survival_data,delay_threshold,59,,,,frozen appendix diagnostic,source table,,,,,fig_exp1_delay_survival_data.csv,60
exp1_appendix_delay_coupling_diagnostics,a,exp1_alignment_transfer,exp1_alignment_transfer:full:2026-08-17T06:28:21.157011+00:00,paper,True,appendix,delay_threshold,delay_threshold,fig_exp1_delay_survival_data,delay_threshold,60,,,,frozen appendix diagnostic,source table,,,,,fig_exp1_delay_survival_data.csv,61
exp1_appendix_delay_coupling_diagnostics,a,exp1_alignment_transfer,exp1_alignment_transfer:full:2026-08-17T06:28:21.157011+00:00,paper,True,appendix,delay_threshold,delay_threshold,fig_exp1_delay_survival_data,delay_threshold,61,,,,frozen appendix diagnostic,source table,,,,,fig_exp1_delay_survival_data.csv,62
exp1_appendix_delay_coupling_diagnostics,a,exp1_alignment_transfer,exp1_alignment_transfer:full:2026-08-17T06:28:21.157011+00:00,paper,True,appendix,delay_threshold,delay_threshold,fig_exp1_delay_survival_data,delay_threshold,62,,,,frozen appendix diagnostic,source table,,,,,fig_exp1_delay_survival_data.csv,63
exp1_appendix_delay_coupling_diagnostics,a,exp1_alignment_transfer,exp1_alignment_transfer:full:2026-08-17T06:28:21.157011+00:00,paper,True,appendix,delay_threshold,delay_threshold,fig_exp1_delay_survival_data,delay_threshold,63,,,,frozen appendix diagnostic,source table,,,,,fig_exp1_delay_survival_data.csv,64
exp1_appendix_delay_coupling_diagnostics,a,exp1_alignment_transfer,exp1_alignment_transfer:full:2026-08-17T06:28:21.157011+00:00,paper,True,appendix,delay_threshold,delay_threshold,fig_exp1_delay_survival_data,delay_threshold,64,,,,frozen appendix diagnostic,source table,,,,,fig_exp1_delay_survival_data.csv,65
exp1_appendix_delay_coupling_diagnostics,a,exp1_alignment_transfer,exp1_alignment_transfer:full:2026-08-17T06:28:21.157011+00:00,paper,True,appendix,delay_threshold,delay_threshold,fig_exp1_delay_survival_data,delay_threshold,65,,,,frozen appendix diagnostic,source table,,,,,fig_exp1_delay_survival_data.csv,66
exp1_appendix_delay_coupling_diagnostics,a,exp1_alignment_transfer,exp1_alignment_transfer:full:2026-08-17T06:28:21.157011+00:00,paper,True,appendix,delay_threshold,delay_threshold,fig_exp1_delay_survival_data,delay_threshold,66,,,,frozen appendix diagnostic,source table,,,,,fig_exp1_delay_survival_data.csv,67
exp1_appendix_delay_coupling_diagnostics,a,exp1_alignment_transfer,exp1_alignment_transfer:full:2026-08-17T06:28:21.157011+00:00,paper,True,appendix,delay_threshold,delay_threshold,fig_exp1_delay_survival_data,delay_threshold,67,,,,frozen appendix diagnostic,source table,,,,,fig_exp1_delay_survival_data.csv,68
exp1_appendix_delay_coupling_diagnostics,a,exp1_alignment_transfer,exp1_alignment_transfer:full:2026-08-17T06:28:21.157011+00:00,paper,True,appendix,delay_threshold,delay_threshold,fig_exp1_delay_survival_data,delay_threshold,68,,,,frozen appendix diagnostic,source table,,,,,fig_exp1_delay_survival_data.csv,69
exp1_appendix_delay_coupling_diagnostics,a,exp1_alignment_transfer,exp1_alignment_transfer:full:2026-08-17T06:28:21.157011+00:00,paper,True,appendix,delay_threshold,delay_threshold,fig_exp1_delay_survival_data,delay_threshold,69,,,,frozen appendix diagnostic,source table,,,,,fig_exp1_delay_survival_data.csv,70
exp1_appendix_delay_coupling_diagnostics,a,exp1_alignment_transfer,exp1_alignment_transfer:full:2026-08-17T06:28:21.157011+00:00,paper,True,appendix,delay_threshold,delay_threshold,fig_exp1_delay_survival_data,delay_threshold,70,,,,frozen appendix diagnostic,source table,,,,,fig_exp1_delay_survival_data.csv,71
exp1_appendix_delay_coupling_diagnostics,a,exp1_alignment_transfer,exp1_alignment_transfer:full:2026-08-17T06:28:21.157011+00:00,paper,True,appendix,delay_threshold,delay_threshold,fig_exp1_delay_survival_data,delay_threshold,71,,,,frozen appendix diagnostic,source table,,,,,fig_exp1_delay_survival_data.csv,72
exp1_appendix_delay_coupling_diagnostics,a,exp1_alignment_transfer,exp1_alignment_transfer:full:2026-08-17T06:28:21.157011+00:00,paper,True,appendix,delay_threshold,delay_threshold,fig_exp1_delay_survival_data,delay_threshold,72,,,,frozen appendix diagnostic,source table,,,,,fig_exp1_delay_survival_data.csv,73
exp1_appendix_delay_coupling_diagnostics,a,exp1_alignment_transfer,exp1_alignment_transfer:full:2026-08-17T06:28:21.157011+00:00,paper,True,appendix,delay_threshold,delay_threshold,fig_exp1_delay_survival_data,delay_threshold,73,,,,frozen appendix diagnostic,source table,,,,,fig_exp1_delay_survival_data.csv,74
exp1_appendix_delay_coupling_diagnostics,a,exp1_alignment_transfer,exp1_alignment_transfer:full:2026-08-17T06:28:21.157011+00:00,paper,True,appendix,delay_threshold,delay_threshold,fig_exp1_delay_survival_data,delay_threshold,74,,,,frozen appendix diagnostic,source table,,,,,fig_exp1_delay_survival_data.csv,75
exp1_appendix_delay_coupling_diagnostics,a,exp1_alignment_transfer,exp1_alignment_transfer:full:2026-08-17T06:28:21.157011+00:00,paper,True,appendix,delay_threshold,delay_threshold,fig_exp1_delay_survival_data,delay_threshold,75,,,,frozen appendix diagnostic,source table,,,,,fig_exp1_delay_survival_data.csv,76
exp1_appendix_delay_coupling_diagnostics,a,exp1_alignment_transfer,exp1_alignment_transfer:full:2026-08-17T06:28:21.157011+00:00,paper,True,appendix,delay_threshold,delay_threshold,fig_exp1_delay_survival_data,delay_threshold,76,,,,frozen appendix diagnostic,source table,,,,,fig_exp1_delay_survival_data.csv,77
exp1_appendix_delay_coupling_diagnostics,a,exp1_alignment_transfer,exp1_alignment_transfer:full:2026-08-17T06:28:21.157011+00:00,paper,True,appendix,delay_threshold,delay_threshold,fig_exp1_delay_survival_data,delay_threshold,77,,,,frozen appendix diagnostic,source table,,,,,fig_exp1_delay_survival_data.csv,78
exp1_appendix_delay_coupling_diagnostics,a,exp1_alignment_transfer,exp1_alignment_transfer:full:2026-08-17T06:28:21.157011+00:00,paper,True,appendix,delay_threshold,delay_threshold,fig_exp1_delay_survival_data,delay_threshold,78,,,,frozen appendix diagnostic,source table,,,,,fig_exp1_delay_survival_data.csv,79
exp1_appendix_delay_coupling_diagnostics,a,exp1_alignment_transfer,exp1_alignment_transfer:full:2026-08-17T06:28:21.157011+00:00,paper,True,appendix,delay_threshold,delay_threshold,fig_exp1_delay_survival_data,delay_threshold,79,,,,frozen appendix diagnostic,source table,,,,,fig_exp1_delay_survival_data.csv,80
exp1_appendix_delay_coupling_diagnostics,a,exp1_alignment_transfer,exp1_alignment_transfer:full:2026-08-17T06:28:21.157011+00:00,paper,True,appendix,delay_threshold,delay_threshold,fig_exp1_delay_survival_data,delay_threshold,80,,,,frozen appendix diagnostic,source table,,,,,fig_exp1_delay_survival_data.csv,81
exp1_appendix_delay_coupling_diagnostics,a,exp1_alignment_transfer,exp1_alignment_transfer:full:2026-08-17T06:28:21.157011+00:00,paper,True,appendix,delay_threshold,delay_threshold,fig_exp1_delay_survival_data,delay_threshold,81,,,,frozen appendix diagnostic,source table,,,,,fig_exp1_delay_survival_data.csv,82
exp1_appendix_delay_coupling_diagnostics,a,exp1_alignment_transfer,exp1_alignment_transfer:full:2026-08-17T06:28:21.157011+00:00,paper,True,appendix,delay_threshold,delay_threshold,fig_exp1_delay_survival_data,delay_threshold,82,,,,frozen appendix diagnostic,source table,,,,,fig_exp1_delay_survival_data.csv,83
exp1_appendix_delay_coupling_diagnostics,a,exp1_alignment_transfer,exp1_alignment_transfer:full:2026-08-17T06:28:21.157011+00:00,paper,True,appendix,delay_threshold,delay_threshold,fig_exp1_delay_survival_data,delay_threshold,83,,,,frozen appendix diagnostic,source table,,,,,fig_exp1_delay_survival_data.csv,84
exp1_appendix_delay_coupling_diagnostics,a,exp1_alignment_transfer,exp1_alignment_transfer:full:2026-08-17T06:28:21.157011+00:00,paper,True,appendix,delay_threshold,delay_threshold,fig_exp1_delay_survival_data,delay_threshold,84,,,,frozen appendix diagnostic,source table,,,,,fig_exp1_delay_survival_data.csv,85
exp1_appendix_delay_coupling_diagnostics,a,exp1_alignment_transfer,exp1_alignment_transfer:full:2026-08-17T06:28:21.157011+00:00,paper,True,appendix,delay_threshold,delay_threshold,fig_exp1_delay_survival_data,delay_threshold,85,,,,frozen appendix diagnostic,source table,,,,,fig_exp1_delay_survival_data.csv,86
exp1_appendix_delay_coupling_diagnostics,a,exp1_alignment_transfer,exp1_alignment_transfer:full:2026-08-17T06:28:21.157011+00:00,paper,True,appendix,delay_threshold,delay_threshold,fig_exp1_delay_survival_data,delay_threshold,86,,,,frozen appendix diagnostic,source table,,,,,fig_exp1_delay_survival_data.csv,87
exp1_appendix_delay_coupling_diagnostics,a,exp1_alignment_transfer,exp1_alignment_transfer:full:2026-08-17T06:28:21.157011+00:00,paper,True,appendix,delay_threshold,delay_threshold,fig_exp1_delay_survival_data,delay_threshold,87,,,,frozen appendix diagnostic,source table,,,,,fig_exp1_delay_survival_data.csv,88
exp1_appendix_delay_coupling_diagnostics,a,exp1_alignment_transfer,exp1_alignment_transfer:full:2026-08-17T06:28:21.157011+00:00,paper,True,appendix,delay_threshold,delay_threshold,fig_exp1_delay_survival_data,delay_threshold,88,,,,frozen appendix diagnostic,source table,,,,,fig_exp1_delay_survival_data.csv,89
exp1_appendix_delay_coupling_diagnostics,a,exp1_alignment_transfer,exp1_alignment_transfer:full:2026-08-17T06:28:21.157011+00:00,paper,True,appendix,delay_threshold,delay_threshold,fig_exp1_delay_survival_data,delay_threshold,89,,,,frozen appendix diagnostic,source table,,,,,fig_exp1_delay_survival_data.csv,90
exp1_appendix_delay_coupling_diagnostics,a,exp1_alignment_transfer,exp1_alignment_transfer:full:2026-08-17T06:28:21.157011+00:00,paper,True,appendix,delay_threshold,delay_threshold,fig_exp1_delay_survival_data,delay_threshold,90,,,,frozen appendix diagnostic,source table,,,,,fig_exp1_delay_survival_data.csv,91
exp1_appendix_delay_coupling_diagnostics,a,exp1_alignment_transfer,exp1_alignment_transfer:full:2026-08-17T06:28:21.157011+00:00,paper,True,appendix,delay_threshold,delay_threshold,fig_exp1_delay_survival_data,delay_threshold,91,,,,frozen appendix diagnostic,source table,,,,,fig_exp1_delay_survival_data.csv,92
exp1_appendix_delay_coupling_diagnostics,a,exp1_alignment_transfer,exp1_alignment_transfer:full:2026-08-17T06:28:21.157011+00:00,paper,True,appendix,delay_threshold,delay_threshold,fig_exp1_delay_survival_data,delay_threshold,92,,,,frozen appendix diagnostic,source table,,,,,fig_exp1_delay_survival_data.csv,93
exp1_appendix_delay_coupling_diagnostics,a,exp1_alignment_transfer,exp1_alignment_transfer:full:2026-08-17T06:28:21.157011+00:00,paper,True,appendix,delay_threshold,delay_threshold,fig_exp1_delay_survival_data,delay_threshold,93,,,,frozen appendix diagnostic,source table,,,,,fig_exp1_delay_survival_data.csv,94
exp1_appendix_delay_coupling_diagnostics,a,exp1_alignment_transfer,exp1_alignment_transfer:full:2026-08-17T06:28:21.157011+00:00,paper,True,appendix,delay_threshold,delay_threshold,fig_exp1_delay_survival_data,delay_threshold,94,,,,frozen appendix diagnostic,source table,,,,,fig_exp1_delay_survival_data.csv,95
exp1_appendix_delay_coupling_diagnostics,a,exp1_alignment_transfer,exp1_alignment_transfer:full:2026-08-17T06:28:21.157011+00:00,paper,True,appendix,delay_threshold,delay_threshold,fig_exp1_delay_survival_data,delay_threshold,95,,,,frozen appendix diagnostic,source table,,,,,fig_exp1_delay_survival_data.csv,96
exp1_appendix_delay_coupling_diagnostics,a,exp1_alignment_transfer,exp1_alignment_transfer:full:2026-08-17T06:28:21.157011+00:00,paper,True,appendix,delay_threshold,delay_threshold,fig_exp1_delay_survival_data,delay_threshold,96,,,,frozen appendix diagnostic,source table,,,,,fig_exp1_delay_survival_data.csv,97
exp1_appendix_delay_coupling_diagnostics,a,exp1_alignment_transfer,exp1_alignment_transfer:full:2026-08-17T06:28:21.157011+00:00,paper,True,appendix,delay_threshold,delay_threshold,fig_exp1_delay_survival_data,delay_threshold,97,,,,frozen appendix diagnostic,source table,,,,,fig_exp1_delay_survival_data.csv,98
exp1_appendix_delay_coupling_diagnostics,a,exp1_alignment_transfer,exp1_alignment_transfer:full:2026-08-17T06:28:21.157011+00:00,paper,True,appendix,delay_threshold,delay_threshold,fig_exp1_delay_survival_data,delay_threshold,98,,,,frozen appendix diagnostic,source table,,,,,fig_exp1_delay_survival_data.csv,99
exp1_appendix_delay_coupling_diagnostics,a,exp1_alignment_transfer,exp1_alignment_transfer:full:2026-08-17T06:28:21.157011+00:00,paper,True,appendix,delay_threshold,delay_threshold,fig_exp1_delay_survival_data,delay_threshold,99,,,,frozen appendix diagnostic,source table,,,,,fig_exp1_delay_survival_data.csv,100
exp1_appendix_delay_coupling_diagnostics,a,exp1_alignment_transfer,exp1_alignment_transfer:full:2026-08-17T06:28:21.157011+00:00,paper,True,appendix,delay_threshold,delay_threshold,fig_exp1_delay_survival_data,delay_threshold,100,,,,frozen appendix diagnostic,source table,,,,,fig_exp1_delay_survival_data.csv,101
exp1_appendix_delay_coupling_diagnostics,a,exp1_alignment_transfer,exp1_alignment_transfer:full:2026-08-17T06:28:21.157011+00:00,paper,True,appendix,delay_threshold,delay_threshold,fig_exp1_delay_survival_data,delay_threshold,0,,,,frozen appendix diagnostic,source table,,,,,fig_exp1_delay_survival_data.csv,102
exp1_appendix_delay_coupling_diagnostics,a,exp1_alignment_transfer,exp1_alignment_transfer:full:2026-08-17T06:28:21.157011+00:00,paper,True,appendix,delay_threshold,delay_threshold,fig_exp1_delay_survival_data,delay_threshold,1,,,,frozen appendix diagnostic,source table,,,,,fig_exp1_delay_survival_data.csv,103
exp1_appendix_delay_coupling_diagnostics,a,exp1_alignment_transfer,exp1_alignment_transfer:full:2026-08-17T06:28:21.157011+00:00,paper,True,appendix,delay_threshold,delay_threshold,fig_exp1_delay_survival_data,delay_threshold,2,,,,frozen appendix diagnostic,source table,,,,,fig_exp1_delay_survival_data.csv,104
exp1_appendix_delay_coupling_diagnostics,a,exp1_alignment_transfer,exp1_alignment_transfer:full:2026-08-17T06:28:21.157011+00:00,paper,True,appendix,delay_threshold,delay_threshold,fig_exp1_delay_survival_data,delay_threshold,3,,,,frozen appendix diagnostic,source table,,,,,fig_exp1_delay_survival_data.csv,105
exp1_appendix_delay_coupling_diagnostics,a,exp1_alignment_transfer,exp1_alignment_transfer:full:2026-08-17T06:28:21.157011+00:00,paper,True,appendix,delay_threshold,delay_threshold,fig_exp1_delay_survival_data,delay_threshold,4,,,,frozen appendix diagnostic,source table,,,,,fig_exp1_delay_survival_data.csv,106
exp1_appendix_delay_coupling_diagnostics,a,exp1_alignment_transfer,exp1_alignment_transfer:full:2026-08-17T06:28:21.157011+00:00,paper,True,appendix,delay_threshold,delay_threshold,fig_exp1_delay_survival_data,delay_threshold,5,,,,frozen appendix diagnostic,source table,,,,,fig_exp1_delay_survival_data.csv,107
exp1_appendix_delay_coupling_diagnostics,a,exp1_alignment_transfer,exp1_alignment_transfer:full:2026-08-17T06:28:21.157011+00:00,paper,True,appendix,delay_threshold,delay_threshold,fig_exp1_delay_survival_data,delay_threshold,6,,,,frozen appendix diagnostic,source table,,,,,fig_exp1_delay_survival_data.csv,108
exp1_appendix_delay_coupling_diagnostics,a,exp1_alignment_transfer,exp1_alignment_transfer:full:2026-08-17T06:28:21.157011+00:00,paper,True,appendix,delay_threshold,delay_threshold,fig_exp1_delay_survival_data,delay_threshold,7,,,,frozen appendix diagnostic,source table,,,,,fig_exp1_delay_survival_data.csv,109
exp1_appendix_delay_coupling_diagnostics,a,exp1_alignment_transfer,exp1_alignment_transfer:full:2026-08-17T06:28:21.157011+00:00,paper,True,appendix,delay_threshold,delay_threshold,fig_exp1_delay_survival_data,delay_threshold,8,,,,frozen appendix diagnostic,source table,,,,,fig_exp1_delay_survival_data.csv,110
exp1_appendix_delay_coupling_diagnostics,a,exp1_alignment_transfer,exp1_alignment_transfer:full:2026-08-17T06:28:21.157011+00:00,paper,True,appendix,delay_threshold,delay_threshold,fig_exp1_delay_survival_data,delay_threshold,9,,,,frozen appendix diagnostic,source table,,,,,fig_exp1_delay_survival_data.csv,111
exp1_appendix_delay_coupling_diagnostics,a,exp1_alignment_transfer,exp1_alignment_transfer:full:2026-08-17T06:28:21.157011+00:00,paper,True,appendix,delay_threshold,delay_threshold,fig_exp1_delay_survival_data,delay_threshold,10,,,,frozen appendix diagnostic,source table,,,,,fig_exp1_delay_survival_data.csv,112
exp1_appendix_delay_coupling_diagnostics,a,exp1_alignment_transfer,exp1_alignment_transfer:full:2026-08-17T06:28:21.157011+00:00,paper,True,appendix,delay_threshold,delay_threshold,fig_exp1_delay_survival_data,delay_threshold,11,,,,frozen appendix diagnostic,source table,,,,,fig_exp1_delay_survival_data.csv,113
exp1_appendix_delay_coupling_diagnostics,a,exp1_alignment_transfer,exp1_alignment_transfer:full:2026-08-17T06:28:21.157011+00:00,paper,True,appendix,delay_threshold,delay_threshold,fig_exp1_delay_survival_data,delay_threshold,12,,,,frozen appendix diagnostic,source table,,,,,fig_exp1_delay_survival_data.csv,114
exp1_appendix_delay_coupling_diagnostics,a,exp1_alignment_transfer,exp1_alignment_transfer:full:2026-08-17T06:28:21.157011+00:00,paper,True,appendix,delay_threshold,delay_threshold,fig_exp1_delay_survival_data,delay_threshold,13,,,,frozen appendix diagnostic,source table,,,,,fig_exp1_delay_survival_data.csv,115
exp1_appendix_delay_coupling_diagnostics,a,exp1_alignment_transfer,exp1_alignment_transfer:full:2026-08-17T06:28:21.157011+00:00,paper,True,appendix,delay_threshold,delay_threshold,fig_exp1_delay_survival_data,delay_threshold,14,,,,frozen appendix diagnostic,source table,,,,,fig_exp1_delay_survival_data.csv,116
exp1_appendix_delay_coupling_diagnostics,a,exp1_alignment_transfer,exp1_alignment_transfer:full:2026-08-17T06:28:21.157011+00:00,paper,True,appendix,delay_threshold,delay_threshold,fig_exp1_delay_survival_data,delay_threshold,15,,,,frozen appendix diagnostic,source table,,,,,fig_exp1_delay_survival_data.csv,117
exp1_appendix_delay_coupling_diagnostics,a,exp1_alignment_transfer,exp1_alignment_transfer:full:2026-08-17T06:28:21.157011+00:00,paper,True,appendix,delay_threshold,delay_threshold,fig_exp1_delay_survival_data,delay_threshold,16,,,,frozen appendix diagnostic,source table,,,,,fig_exp1_delay_survival_data.csv,118
exp1_appendix_delay_coupling_diagnostics,a,exp1_alignment_transfer,exp1_alignment_transfer:full:2026-08-17T06:28:21.157011+00:00,paper,True,appendix,delay_threshold,delay_threshold,fig_exp1_delay_survival_data,delay_threshold,17,,,,frozen appendix diagnostic,source table,,,,,fig_exp1_delay_survival_data.csv,119
exp1_appendix_delay_coupling_diagnostics,a,exp1_alignment_transfer,exp1_alignment_transfer:full:2026-08-17T06:28:21.157011+00:00,paper,True,appendix,delay_threshold,delay_threshold,fig_exp1_delay_survival_data,delay_threshold,18,,,,frozen appendix diagnostic,source table,,,,,fig_exp1_delay_survival_data.csv,120
exp1_appendix_delay_coupling_diagnostics,a,exp1_alignment_transfer,exp1_alignment_transfer:full:2026-08-17T06:28:21.157011+00:00,paper,True,appendix,delay_threshold,delay_threshold,fig_exp1_delay_survival_data,delay_threshold,19,,,,frozen appendix diagnostic,source table,,,,,fig_exp1_delay_survival_data.csv,121
exp1_appendix_delay_coupling_diagnostics,a,exp1_alignment_transfer,exp1_alignment_transfer:full:2026-08-17T06:28:21.157011+00:00,paper,True,appendix,delay_threshold,delay_threshold,fig_exp1_delay_survival_data,delay_threshold,20,,,,frozen appendix diagnostic,source table,,,,,fig_exp1_delay_survival_data.csv,122
exp1_appendix_delay_coupling_diagnostics,a,exp1_alignment_transfer,exp1_alignment_transfer:full:2026-08-17T06:28:21.157011+00:00,paper,True,appendix,delay_threshold,delay_threshold,fig_exp1_delay_survival_data,delay_threshold,21,,,,frozen appendix diagnostic,source table,,,,,fig_exp1_delay_survival_data.csv,123
exp1_appendix_delay_coupling_diagnostics,a,exp1_alignment_transfer,exp1_alignment_transfer:full:2026-08-17T06:28:21.157011+00:00,paper,True,appendix,delay_threshold,delay_threshold,fig_exp1_delay_survival_data,delay_threshold,22,,,,frozen appendix diagnostic,source table,,,,,fig_exp1_delay_survival_data.csv,124
exp1_appendix_delay_coupling_diagnostics,a,exp1_alignment_transfer,exp1_alignment_transfer:full:2026-08-17T06:28:21.157011+00:00,paper,True,appendix,delay_threshold,delay_threshold,fig_exp1_delay_survival_data,delay_threshold,23,,,,frozen appendix diagnostic,source table,,,,,fig_exp1_delay_survival_data.csv,125
exp1_appendix_delay_coupling_diagnostics,a,exp1_alignment_transfer,exp1_alignment_transfer:full:2026-08-17T06:28:21.157011+00:00,paper,True,appendix,delay_threshold,delay_threshold,fig_exp1_delay_survival_data,delay_threshold,24,,,,frozen appendix diagnostic,source table,,,,,fig_exp1_delay_survival_data.csv,126
exp1_appendix_delay_coupling_diagnostics,a,exp1_alignment_transfer,exp1_alignment_transfer:full:2026-08-17T06:28:21.157011+00:00,paper,True,appendix,delay_threshold,delay_threshold,fig_exp1_delay_survival_data,delay_threshold,25,,,,frozen appendix diagnostic,source table,,,,,fig_exp1_delay_survival_data.csv,127
exp1_appendix_delay_coupling_diagnostics,a,exp1_alignment_transfer,exp1_alignment_transfer:full:2026-08-17T06:28:21.157011+00:00,paper,True,appendix,delay_threshold,delay_threshold,fig_exp1_delay_survival_data,delay_threshold,26,,,,frozen appendix diagnostic,source table,,,,,fig_exp1_delay_survival_data.csv,128
exp1_appendix_delay_coupling_diagnostics,a,exp1_alignment_transfer,exp1_alignment_transfer:full:2026-08-17T06:28:21.157011+00:00,paper,True,appendix,delay_threshold,delay_threshold,fig_exp1_delay_survival_data,delay_threshold,27,,,,frozen appendix diagnostic,source table,,,,,fig_exp1_delay_survival_data.csv,129
exp1_appendix_delay_coupling_diagnostics,a,exp1_alignment_transfer,exp1_alignment_transfer:full:2026-08-17T06:28:21.157011+00:00,paper,True,appendix,delay_threshold,delay_threshold,fig_exp1_delay_survival_data,delay_threshold,28,,,,frozen appendix diagnostic,source table,,,,,fig_exp1_delay_survival_data.csv,130
exp1_appendix_delay_coupling_diagnostics,a,exp1_alignment_transfer,exp1_alignment_transfer:full:2026-08-17T06:28:21.157011+00:00,paper,True,appendix,delay_threshold,delay_threshold,fig_exp1_delay_survival_data,delay_threshold,29,,,,frozen appendix diagnostic,source table,,,,,fig_exp1_delay_survival_data.csv,131
exp1_appendix_delay_coupling_diagnostics,a,exp1_alignment_transfer,exp1_alignment_transfer:full:2026-08-17T06:28:21.157011+00:00,paper,True,appendix,delay_threshold,delay_threshold,fig_exp1_delay_survival_data,delay_threshold,30,,,,frozen appendix diagnostic,source table,,,,,fig_exp1_delay_survival_data.csv,132
exp1_appendix_delay_coupling_diagnostics,a,exp1_alignment_transfer,exp1_alignment_transfer:full:2026-08-17T06:28:21.157011+00:00,paper,True,appendix,delay_threshold,delay_threshold,fig_exp1_delay_survival_data,delay_threshold,31,,,,frozen appendix diagnostic,source table,,,,,fig_exp1_delay_survival_data.csv,133
exp1_appendix_delay_coupling_diagnostics,a,exp1_alignment_transfer,exp1_alignment_transfer:full:2026-08-17T06:28:21.157011+00:00,paper,True,appendix,delay_threshold,delay_threshold,fig_exp1_delay_survival_data,delay_threshold,32,,,,frozen appendix diagnostic,source table,,,,,fig_exp1_delay_survival_data.csv,134
exp1_appendix_delay_coupling_diagnostics,a,exp1_alignment_transfer,exp1_alignment_transfer:full:2026-08-17T06:28:21.157011+00:00,paper,True,appendix,delay_threshold,delay_threshold,fig_exp1_delay_survival_data,delay_threshold,33,,,,frozen appendix diagnostic,source table,,,,,fig_exp1_delay_survival_data.csv,135
exp1_appendix_delay_coupling_diagnostics,a,exp1_alignment_transfer,exp1_alignment_transfer:full:2026-08-17T06:28:21.157011+00:00,paper,True,appendix,delay_threshold,delay_threshold,fig_exp1_delay_survival_data,delay_threshold,34,,,,frozen appendix diagnostic,source table,,,,,fig_exp1_delay_survival_data.csv,136
exp1_appendix_delay_coupling_diagnostics,a,exp1_alignment_transfer,exp1_alignment_transfer:full:2026-08-17T06:28:21.157011+00:00,paper,True,appendix,delay_threshold,delay_threshold,fig_exp1_delay_survival_data,delay_threshold,35,,,,frozen appendix diagnostic,source table,,,,,fig_exp1_delay_survival_data.csv,137
exp1_appendix_delay_coupling_diagnostics,a,exp1_alignment_transfer,exp1_alignment_transfer:full:2026-08-17T06:28:21.157011+00:00,paper,True,appendix,delay_threshold,delay_threshold,fig_exp1_delay_survival_data,delay_threshold,36,,,,frozen appendix diagnostic,source table,,,,,fig_exp1_delay_survival_data.csv,138
exp1_appendix_delay_coupling_diagnostics,a,exp1_alignment_transfer,exp1_alignment_transfer:full:2026-08-17T06:28:21.157011+00:00,paper,True,appendix,delay_threshold,delay_threshold,fig_exp1_delay_survival_data,delay_threshold,37,,,,frozen appendix diagnostic,source table,,,,,fig_exp1_delay_survival_data.csv,139
exp1_appendix_delay_coupling_diagnostics,a,exp1_alignment_transfer,exp1_alignment_transfer:full:2026-08-17T06:28:21.157011+00:00,paper,True,appendix,delay_threshold,delay_threshold,fig_exp1_delay_survival_data,delay_threshold,38,,,,frozen appendix diagnostic,source table,,,,,fig_exp1_delay_survival_data.csv,140
exp1_appendix_delay_coupling_diagnostics,a,exp1_alignment_transfer,exp1_alignment_transfer:full:2026-08-17T06:28:21.157011+00:00,paper,True,appendix,delay_threshold,delay_threshold,fig_exp1_delay_survival_data,delay_threshold,39,,,,frozen appendix diagnostic,source table,,,,,fig_exp1_delay_survival_data.csv,141
exp1_appendix_delay_coupling_diagnostics,a,exp1_alignment_transfer,exp1_alignment_transfer:full:2026-08-17T06:28:21.157011+00:00,paper,True,appendix,delay_threshold,delay_threshold,fig_exp1_delay_survival_data,delay_threshold,40,,,,frozen appendix diagnostic,source table,,,,,fig_exp1_delay_survival_data.csv,142
exp1_appendix_delay_coupling_diagnostics,a,exp1_alignment_transfer,exp1_alignment_transfer:full:2026-08-17T06:28:21.157011+00:00,paper,True,appendix,delay_threshold,delay_threshold,fig_exp1_delay_survival_data,delay_threshold,41,,,,frozen appendix diagnostic,source table,,,,,fig_exp1_delay_survival_data.csv,143
exp1_appendix_delay_coupling_diagnostics,a,exp1_alignment_transfer,exp1_alignment_transfer:full:2026-08-17T06:28:21.157011+00:00,paper,True,appendix,delay_threshold,delay_threshold,fig_exp1_delay_survival_data,delay_threshold,42,,,,frozen appendix diagnostic,source table,,,,,fig_exp1_delay_survival_data.csv,144
exp1_appendix_delay_coupling_diagnostics,a,exp1_alignment_transfer,exp1_alignment_transfer:full:2026-08-17T06:28:21.157011+00:00,paper,True,appendix,delay_threshold,delay_threshold,fig_exp1_delay_survival_data,delay_threshold,43,,,,frozen appendix diagnostic,source table,,,,,fig_exp1_delay_survival_data.csv,145
exp1_appendix_delay_coupling_diagnostics,a,exp1_alignment_transfer,exp1_alignment_transfer:full:2026-08-17T06:28:21.157011+00:00,paper,True,appendix,delay_threshold,delay_threshold,fig_exp1_delay_survival_data,delay_threshold,44,,,,frozen appendix diagnostic,source table,,,,,fig_exp1_delay_survival_data.csv,146
exp1_appendix_delay_coupling_diagnostics,a,exp1_alignment_transfer,exp1_alignment_transfer:full:2026-08-17T06:28:21.157011+00:00,paper,True,appendix,delay_threshold,delay_threshold,fig_exp1_delay_survival_data,delay_threshold,45,,,,frozen appendix diagnostic,source table,,,,,fig_exp1_delay_survival_data.csv,147
exp1_appendix_delay_coupling_diagnostics,a,exp1_alignment_transfer,exp1_alignment_transfer:full:2026-08-17T06:28:21.157011+00:00,paper,True,appendix,delay_threshold,delay_threshold,fig_exp1_delay_survival_data,delay_threshold,46,,,,frozen appendix diagnostic,source table,,,,,fig_exp1_delay_survival_data.csv,148
exp1_appendix_delay_coupling_diagnostics,a,exp1_alignment_transfer,exp1_alignment_transfer:full:2026-08-17T06:28:21.157011+00:00,paper,True,appendix,delay_threshold,delay_threshold,fig_exp1_delay_survival_data,delay_threshold,47,,,,frozen appendix diagnostic,source table,,,,,fig_exp1_delay_survival_data.csv,149
exp1_appendix_delay_coupling_diagnostics,a,exp1_alignment_transfer,exp1_alignment_transfer:full:2026-08-17T06:28:21.157011+00:00,paper,True,appendix,delay_threshold,delay_threshold,fig_exp1_delay_survival_data,delay_threshold,48,,,,frozen appendix diagnostic,source table,,,,,fig_exp1_delay_survival_data.csv,150
exp1_appendix_delay_coupling_diagnostics,a,exp1_alignment_transfer,exp1_alignment_transfer:full:2026-08-17T06:28:21.157011+00:00,paper,True,appendix,delay_threshold,delay_threshold,fig_exp1_delay_survival_data,delay_threshold,49,,,,frozen appendix diagnostic,source table,,,,,fig_exp1_delay_survival_data.csv,151
exp1_appendix_delay_coupling_diagnostics,a,exp1_alignment_transfer,exp1_alignment_transfer:full:2026-08-17T06:28:21.157011+00:00,paper,True,appendix,delay_threshold,delay_threshold,fig_exp1_delay_survival_data,delay_threshold,50,,,,frozen appendix diagnostic,source table,,,,,fig_exp1_delay_survival_data.csv,152
exp1_appendix_delay_coupling_diagnostics,a,exp1_alignment_transfer,exp1_alignment_transfer:full:2026-08-17T06:28:21.157011+00:00,paper,True,appendix,delay_threshold,delay_threshold,fig_exp1_delay_survival_data,delay_threshold,51,,,,frozen appendix diagnostic,source table,,,,,fig_exp1_delay_survival_data.csv,153
exp1_appendix_delay_coupling_diagnostics,a,exp1_alignment_transfer,exp1_alignment_transfer:full:2026-08-17T06:28:21.157011+00:00,paper,True,appendix,delay_threshold,delay_threshold,fig_exp1_delay_survival_data,delay_threshold,52,,,,frozen appendix diagnostic,source table,,,,,fig_exp1_delay_survival_data.csv,154
exp1_appendix_delay_coupling_diagnostics,a,exp1_alignment_transfer,exp1_alignment_transfer:full:2026-08-17T06:28:21.157011+00:00,paper,True,appendix,delay_threshold,delay_threshold,fig_exp1_delay_survival_data,delay_threshold,53,,,,frozen appendix diagnostic,source table,,,,,fig_exp1_delay_survival_data.csv,155
exp1_appendix_delay_coupling_diagnostics,a,exp1_alignment_transfer,exp1_alignment_transfer:full:2026-08-17T06:28:21.157011+00:00,paper,True,appendix,delay_threshold,delay_threshold,fig_exp1_delay_survival_data,delay_threshold,54,,,,frozen appendix diagnostic,source table,,,,,fig_exp1_delay_survival_data.csv,156
exp1_appendix_delay_coupling_diagnostics,a,exp1_alignment_transfer,exp1_alignment_transfer:full:2026-08-17T06:28:21.157011+00:00,paper,True,appendix,delay_threshold,delay_threshold,fig_exp1_delay_survival_data,delay_threshold,55,,,,frozen appendix diagnostic,source table,,,,,fig_exp1_delay_survival_data.csv,157
exp1_appendix_delay_coupling_diagnostics,a,exp1_alignment_transfer,exp1_alignment_transfer:full:2026-08-17T06:28:21.157011+00:00,paper,True,appendix,delay_threshold,delay_threshold,fig_exp1_delay_survival_data,delay_threshold,56,,,,frozen appendix diagnostic,source table,,,,,fig_exp1_delay_survival_data.csv,158
exp1_appendix_delay_coupling_diagnostics,a,exp1_alignment_transfer,exp1_alignment_transfer:full:2026-08-17T06:28:21.157011+00:00,paper,True,appendix,delay_threshold,delay_threshold,fig_exp1_delay_survival_data,delay_threshold,57,,,,frozen appendix diagnostic,source table,,,,,fig_exp1_delay_survival_data.csv,159
exp1_appendix_delay_coupling_diagnostics,a,exp1_alignment_transfer,exp1_alignment_transfer:full:2026-08-17T06:28:21.157011+00:00,paper,True,appendix,delay_threshold,delay_threshold,fig_exp1_delay_survival_data,delay_threshold,58,,,,frozen appendix diagnostic,source table,,,,,fig_exp1_delay_survival_data.csv,160
exp1_appendix_delay_coupling_diagnostics,a,exp1_alignment_transfer,exp1_alignment_transfer:full:2026-08-17T06:28:21.157011+00:00,paper,True,appendix,delay_threshold,delay_threshold,fig_exp1_delay_survival_data,delay_threshold,59,,,,frozen appendix diagnostic,source table,,,,,fig_exp1_delay_survival_data.csv,161
exp1_appendix_delay_coupling_diagnostics,a,exp1_alignment_transfer,exp1_alignment_transfer:full:2026-08-17T06:28:21.157011+00:00,paper,True,appendix,delay_threshold,delay_threshold,fig_exp1_delay_survival_data,delay_threshold,60,,,,frozen appendix diagnostic,source table,,,,,fig_exp1_delay_survival_data.csv,162
exp1_appendix_delay_coupling_diagnostics,a,exp1_alignment_transfer,exp1_alignment_transfer:full:2026-08-17T06:28:21.157011+00:00,paper,True,appendix,delay_threshold,delay_threshold,fig_exp1_delay_survival_data,delay_threshold,61,,,,frozen appendix diagnostic,source table,,,,,fig_exp1_delay_survival_data.csv,163
exp1_appendix_delay_coupling_diagnostics,a,exp1_alignment_transfer,exp1_alignment_transfer:full:2026-08-17T06:28:21.157011+00:00,paper,True,appendix,delay_threshold,delay_threshold,fig_exp1_delay_survival_data,delay_threshold,62,,,,frozen appendix diagnostic,source table,,,,,fig_exp1_delay_survival_data.csv,164
exp1_appendix_delay_coupling_diagnostics,a,exp1_alignment_transfer,exp1_alignment_transfer:full:2026-08-17T06:28:21.157011+00:00,paper,True,appendix,delay_threshold,delay_threshold,fig_exp1_delay_survival_data,delay_threshold,63,,,,frozen appendix diagnostic,source table,,,,,fig_exp1_delay_survival_data.csv,165
exp1_appendix_delay_coupling_diagnostics,a,exp1_alignment_transfer,exp1_alignment_transfer:full:2026-08-17T06:28:21.157011+00:00,paper,True,appendix,delay_threshold,delay_threshold,fig_exp1_delay_survival_data,delay_threshold,64,,,,frozen appendix diagnostic,source table,,,,,fig_exp1_delay_survival_data.csv,166
exp1_appendix_delay_coupling_diagnostics,a,exp1_alignment_transfer,exp1_alignment_transfer:full:2026-08-17T06:28:21.157011+00:00,paper,True,appendix,delay_threshold,delay_threshold,fig_exp1_delay_survival_data,delay_threshold,65,,,,frozen appendix diagnostic,source table,,,,,fig_exp1_delay_survival_data.csv,167
exp1_appendix_delay_coupling_diagnostics,a,exp1_alignment_transfer,exp1_alignment_transfer:full:2026-08-17T06:28:21.157011+00:00,paper,True,appendix,delay_threshold,delay_threshold,fig_exp1_delay_survival_data,delay_threshold,66,,,,frozen appendix diagnostic,source table,,,,,fig_exp1_delay_survival_data.csv,168
exp1_appendix_delay_coupling_diagnostics,a,exp1_alignment_transfer,exp1_alignment_transfer:full:2026-08-17T06:28:21.157011+00:00,paper,True,appendix,delay_threshold,delay_threshold,fig_exp1_delay_survival_data,delay_threshold,67,,,,frozen appendix diagnostic,source table,,,,,fig_exp1_delay_survival_data.csv,169
exp1_appendix_delay_coupling_diagnostics,a,exp1_alignment_transfer,exp1_alignment_transfer:full:2026-08-17T06:28:21.157011+00:00,paper,True,appendix,delay_threshold,delay_threshold,fig_exp1_delay_survival_data,delay_threshold,68,,,,frozen appendix diagnostic,source table,,,,,fig_exp1_delay_survival_data.csv,170
exp1_appendix_delay_coupling_diagnostics,a,exp1_alignment_transfer,exp1_alignment_transfer:full:2026-08-17T06:28:21.157011+00:00,paper,True,appendix,delay_threshold,delay_threshold,fig_exp1_delay_survival_data,delay_threshold,69,,,,frozen appendix diagnostic,source table,,,,,fig_exp1_delay_survival_data.csv,171
exp1_appendix_delay_coupling_diagnostics,a,exp1_alignment_transfer,exp1_alignment_transfer:full:2026-08-17T06:28:21.157011+00:00,paper,True,appendix,delay_threshold,delay_threshold,fig_exp1_delay_survival_data,delay_threshold,70,,,,frozen appendix diagnostic,source table,,,,,fig_exp1_delay_survival_data.csv,172
exp1_appendix_delay_coupling_diagnostics,a,exp1_alignment_transfer,exp1_alignment_transfer:full:2026-08-17T06:28:21.157011+00:00,paper,True,appendix,delay_threshold,delay_threshold,fig_exp1_delay_survival_data,delay_threshold,71,,,,frozen appendix diagnostic,source table,,,,,fig_exp1_delay_survival_data.csv,173
exp1_appendix_delay_coupling_diagnostics,a,exp1_alignment_transfer,exp1_alignment_transfer:full:2026-08-17T06:28:21.157011+00:00,paper,True,appendix,delay_threshold,delay_threshold,fig_exp1_delay_survival_data,delay_threshold,72,,,,frozen appendix diagnostic,source table,,,,,fig_exp1_delay_survival_data.csv,174
exp1_appendix_delay_coupling_diagnostics,a,exp1_alignment_transfer,exp1_alignment_transfer:full:2026-08-17T06:28:21.157011+00:00,paper,True,appendix,delay_threshold,delay_threshold,fig_exp1_delay_survival_data,delay_threshold,73,,,,frozen appendix diagnostic,source table,,,,,fig_exp1_delay_survival_data.csv,175
exp1_appendix_delay_coupling_diagnostics,a,exp1_alignment_transfer,exp1_alignment_transfer:full:2026-08-17T06:28:21.157011+00:00,paper,True,appendix,delay_threshold,delay_threshold,fig_exp1_delay_survival_data,delay_threshold,74,,,,frozen appendix diagnostic,source table,,,,,fig_exp1_delay_survival_data.csv,176
exp1_appendix_delay_coupling_diagnostics,a,exp1_alignment_transfer,exp1_alignment_transfer:full:2026-08-17T06:28:21.157011+00:00,paper,True,appendix,delay_threshold,delay_threshold,fig_exp1_delay_survival_data,delay_threshold,75,,,,frozen appendix diagnostic,source table,,,,,fig_exp1_delay_survival_data.csv,177
exp1_appendix_delay_coupling_diagnostics,a,exp1_alignment_transfer,exp1_alignment_transfer:full:2026-08-17T06:28:21.157011+00:00,paper,True,appendix,delay_threshold,delay_threshold,fig_exp1_delay_survival_data,delay_threshold,76,,,,frozen appendix diagnostic,source table,,,,,fig_exp1_delay_survival_data.csv,178
exp1_appendix_delay_coupling_diagnostics,a,exp1_alignment_transfer,exp1_alignment_transfer:full:2026-08-17T06:28:21.157011+00:00,paper,True,appendix,delay_threshold,delay_threshold,fig_exp1_delay_survival_data,delay_threshold,77,,,,frozen appendix diagnostic,source table,,,,,fig_exp1_delay_survival_data.csv,179
exp1_appendix_delay_coupling_diagnostics,a,exp1_alignment_transfer,exp1_alignment_transfer:full:2026-08-17T06:28:21.157011+00:00,paper,True,appendix,delay_threshold,delay_threshold,fig_exp1_delay_survival_data,delay_threshold,78,,,,frozen appendix diagnostic,source table,,,,,fig_exp1_delay_survival_data.csv,180
exp1_appendix_delay_coupling_diagnostics,a,exp1_alignment_transfer,exp1_alignment_transfer:full:2026-08-17T06:28:21.157011+00:00,paper,True,appendix,delay_threshold,delay_threshold,fig_exp1_delay_survival_data,delay_threshold,79,,,,frozen appendix diagnostic,source table,,,,,fig_exp1_delay_survival_data.csv,181
exp1_appendix_delay_coupling_diagnostics,a,exp1_alignment_transfer,exp1_alignment_transfer:full:2026-08-17T06:28:21.157011+00:00,paper,True,appendix,delay_threshold,delay_threshold,fig_exp1_delay_survival_data,delay_threshold,80,,,,frozen appendix diagnostic,source table,,,,,fig_exp1_delay_survival_data.csv,182
exp1_appendix_delay_coupling_diagnostics,a,exp1_alignment_transfer,exp1_alignment_transfer:full:2026-08-17T06:28:21.157011+00:00,paper,True,appendix,delay_threshold,delay_threshold,fig_exp1_delay_survival_data,delay_threshold,81,,,,frozen appendix diagnostic,source table,,,,,fig_exp1_delay_survival_data.csv,183
exp1_appendix_delay_coupling_diagnostics,a,exp1_alignment_transfer,exp1_alignment_transfer:full:2026-08-17T06:28:21.157011+00:00,paper,True,appendix,delay_threshold,delay_threshold,fig_exp1_delay_survival_data,delay_threshold,82,,,,frozen appendix diagnostic,source table,,,,,fig_exp1_delay_survival_data.csv,184
exp1_appendix_delay_coupling_diagnostics,a,exp1_alignment_transfer,exp1_alignment_transfer:full:2026-08-17T06:28:21.157011+00:00,paper,True,appendix,delay_threshold,delay_threshold,fig_exp1_delay_survival_data,delay_threshold,83,,,,frozen appendix diagnostic,source table,,,,,fig_exp1_delay_survival_data.csv,185
exp1_appendix_delay_coupling_diagnostics,a,exp1_alignment_transfer,exp1_alignment_transfer:full:2026-08-17T06:28:21.157011+00:00,paper,True,appendix,delay_threshold,delay_threshold,fig_exp1_delay_survival_data,delay_threshold,84,,,,frozen appendix diagnostic,source table,,,,,fig_exp1_delay_survival_data.csv,186
exp1_appendix_delay_coupling_diagnostics,a,exp1_alignment_transfer,exp1_alignment_transfer:full:2026-08-17T06:28:21.157011+00:00,paper,True,appendix,delay_threshold,delay_threshold,fig_exp1_delay_survival_data,delay_threshold,85,,,,frozen appendix diagnostic,source table,,,,,fig_exp1_delay_survival_data.csv,187
exp1_appendix_delay_coupling_diagnostics,a,exp1_alignment_transfer,exp1_alignment_transfer:full:2026-08-17T06:28:21.157011+00:00,paper,True,appendix,delay_threshold,delay_threshold,fig_exp1_delay_survival_data,delay_threshold,86,,,,frozen appendix diagnostic,source table,,,,,fig_exp1_delay_survival_data.csv,188
exp1_appendix_delay_coupling_diagnostics,a,exp1_alignment_transfer,exp1_alignment_transfer:full:2026-08-17T06:28:21.157011+00:00,paper,True,appendix,delay_threshold,delay_threshold,fig_exp1_delay_survival_data,delay_threshold,87,,,,frozen appendix diagnostic,source table,,,,,fig_exp1_delay_survival_data.csv,189
exp1_appendix_delay_coupling_diagnostics,a,exp1_alignment_transfer,exp1_alignment_transfer:full:2026-08-17T06:28:21.157011+00:00,paper,True,appendix,delay_threshold,delay_threshold,fig_exp1_delay_survival_data,delay_threshold,88,,,,frozen appendix diagnostic,source table,,,,,fig_exp1_delay_survival_data.csv,190
exp1_appendix_delay_coupling_diagnostics,a,exp1_alignment_transfer,exp1_alignment_transfer:full:2026-08-17T06:28:21.157011+00:00,paper,True,appendix,delay_threshold,delay_threshold,fig_exp1_delay_survival_data,delay_threshold,89,,,,frozen appendix diagnostic,source table,,,,,fig_exp1_delay_survival_data.csv,191
exp1_appendix_delay_coupling_diagnostics,a,exp1_alignment_transfer,exp1_alignment_transfer:full:2026-08-17T06:28:21.157011+00:00,paper,True,appendix,delay_threshold,delay_threshold,fig_exp1_delay_survival_data,delay_threshold,90,,,,frozen appendix diagnostic,source table,,,,,fig_exp1_delay_survival_data.csv,192
exp1_appendix_delay_coupling_diagnostics,a,exp1_alignment_transfer,exp1_alignment_transfer:full:2026-08-17T06:28:21.157011+00:00,paper,True,appendix,delay_threshold,delay_threshold,fig_exp1_delay_survival_data,delay_threshold,91,,,,frozen appendix diagnostic,source table,,,,,fig_exp1_delay_survival_data.csv,193
exp1_appendix_delay_coupling_diagnostics,a,exp1_alignment_transfer,exp1_alignment_transfer:full:2026-08-17T06:28:21.157011+00:00,paper,True,appendix,delay_threshold,delay_threshold,fig_exp1_delay_survival_data,delay_threshold,92,,,,frozen appendix diagnostic,source table,,,,,fig_exp1_delay_survival_data.csv,194
exp1_appendix_delay_coupling_diagnostics,a,exp1_alignment_transfer,exp1_alignment_transfer:full:2026-08-17T06:28:21.157011+00:00,paper,True,appendix,delay_threshold,delay_threshold,fig_exp1_delay_survival_data,delay_threshold,93,,,,frozen appendix diagnostic,source table,,,,,fig_exp1_delay_survival_data.csv,195
exp1_appendix_delay_coupling_diagnostics,a,exp1_alignment_transfer,exp1_alignment_transfer:full:2026-08-17T06:28:21.157011+00:00,paper,True,appendix,delay_threshold,delay_threshold,fig_exp1_delay_survival_data,delay_threshold,94,,,,frozen appendix diagnostic,source table,,,,,fig_exp1_delay_survival_data.csv,196
exp1_appendix_delay_coupling_diagnostics,a,exp1_alignment_transfer,exp1_alignment_transfer:full:2026-08-17T06:28:21.157011+00:00,paper,True,appendix,delay_threshold,delay_threshold,fig_exp1_delay_survival_data,delay_threshold,95,,,,frozen appendix diagnostic,source table,,,,,fig_exp1_delay_survival_data.csv,197
exp1_appendix_delay_coupling_diagnostics,a,exp1_alignment_transfer,exp1_alignment_transfer:full:2026-08-17T06:28:21.157011+00:00,paper,True,appendix,delay_threshold,delay_threshold,fig_exp1_delay_survival_data,delay_threshold,96,,,,frozen appendix diagnostic,source table,,,,,fig_exp1_delay_survival_data.csv,198
exp1_appendix_delay_coupling_diagnostics,a,exp1_alignment_transfer,exp1_alignment_transfer:full:2026-08-17T06:28:21.157011+00:00,paper,True,appendix,delay_threshold,delay_threshold,fig_exp1_delay_survival_data,delay_threshold,97,,,,frozen appendix diagnostic,source table,,,,,fig_exp1_delay_survival_data.csv,199
exp1_appendix_delay_coupling_diagnostics,a,exp1_alignment_transfer,exp1_alignment_transfer:full:2026-08-17T06:28:21.157011+00:00,paper,True,appendix,delay_threshold,delay_threshold,fig_exp1_delay_survival_data,delay_threshold,98,,,,frozen appendix diagnostic,source table,,,,,fig_exp1_delay_survival_data.csv,200
exp1_appendix_delay_coupling_diagnostics,a,exp1_alignment_transfer,exp1_alignment_transfer:full:2026-08-17T06:28:21.157011+00:00,paper,True,appendix,delay_threshold,delay_threshold,fig_exp1_delay_survival_data,delay_threshold,99,,,,frozen appendix diagnostic,source table,,,,,fig_exp1_delay_survival_data.csv,201
exp1_appendix_delay_coupling_diagnostics,a,exp1_alignment_transfer,exp1_alignment_transfer:full:2026-08-17T06:28:21.157011+00:00,paper,True,appendix,delay_threshold,delay_threshold,fig_exp1_delay_survival_data,delay_threshold,100,,,,frozen appendix diagnostic,source table,,,,,fig_exp1_delay_survival_data.csv,202
exp1_appendix_delay_coupling_diagnostics,a,exp1_alignment_transfer,exp1_alignment_transfer:full:2026-08-17T06:28:21.157011+00:00,paper,True,appendix,delay_threshold,delay_threshold,fig_exp1_delay_survival_data,delay_threshold,0,,,,frozen appendix diagnostic,source table,,,,,fig_exp1_delay_survival_data.csv,203
exp1_appendix_delay_coupling_diagnostics,a,exp1_alignment_transfer,exp1_alignment_transfer:full:2026-08-17T06:28:21.157011+00:00,paper,True,appendix,delay_threshold,delay_threshold,fig_exp1_delay_survival_data,delay_threshold,1,,,,frozen appendix diagnostic,source table,,,,,fig_exp1_delay_survival_data.csv,204
exp1_appendix_delay_coupling_diagnostics,a,exp1_alignment_transfer,exp1_alignment_transfer:full:2026-08-17T06:28:21.157011+00:00,paper,True,appendix,delay_threshold,delay_threshold,fig_exp1_delay_survival_data,delay_threshold,2,,,,frozen appendix diagnostic,source table,,,,,fig_exp1_delay_survival_data.csv,205
exp1_appendix_delay_coupling_diagnostics,a,exp1_alignment_transfer,exp1_alignment_transfer:full:2026-08-17T06:28:21.157011+00:00,paper,True,appendix,delay_threshold,delay_threshold,fig_exp1_delay_survival_data,delay_threshold,3,,,,frozen appendix diagnostic,source table,,,,,fig_exp1_delay_survival_data.csv,206
exp1_appendix_delay_coupling_diagnostics,a,exp1_alignment_transfer,exp1_alignment_transfer:full:2026-08-17T06:28:21.157011+00:00,paper,True,appendix,delay_threshold,delay_threshold,fig_exp1_delay_survival_data,delay_threshold,4,,,,frozen appendix diagnostic,source table,,,,,fig_exp1_delay_survival_data.csv,207
exp1_appendix_delay_coupling_diagnostics,a,exp1_alignment_transfer,exp1_alignment_transfer:full:2026-08-17T06:28:21.157011+00:00,paper,True,appendix,delay_threshold,delay_threshold,fig_exp1_delay_survival_data,delay_threshold,5,,,,frozen appendix diagnostic,source table,,,,,fig_exp1_delay_survival_data.csv,208
exp1_appendix_delay_coupling_diagnostics,a,exp1_alignment_transfer,exp1_alignment_transfer:full:2026-08-17T06:28:21.157011+00:00,paper,True,appendix,delay_threshold,delay_threshold,fig_exp1_delay_survival_data,delay_threshold,6,,,,frozen appendix diagnostic,source table,,,,,fig_exp1_delay_survival_data.csv,209
exp1_appendix_delay_coupling_diagnostics,a,exp1_alignment_transfer,exp1_alignment_transfer:full:2026-08-17T06:28:21.157011+00:00,paper,True,appendix,delay_threshold,delay_threshold,fig_exp1_delay_survival_data,delay_threshold,7,,,,frozen appendix diagnostic,source table,,,,,fig_exp1_delay_survival_data.csv,210
exp1_appendix_delay_coupling_diagnostics,a,exp1_alignment_transfer,exp1_alignment_transfer:full:2026-08-17T06:28:21.157011+00:00,paper,True,appendix,delay_threshold,delay_threshold,fig_exp1_delay_survival_data,delay_threshold,8,,,,frozen appendix diagnostic,source table,,,,,fig_exp1_delay_survival_data.csv,211
exp1_appendix_delay_coupling_diagnostics,a,exp1_alignment_transfer,exp1_alignment_transfer:full:2026-08-17T06:28:21.157011+00:00,paper,True,appendix,delay_threshold,delay_threshold,fig_exp1_delay_survival_data,delay_threshold,9,,,,frozen appendix diagnostic,source table,,,,,fig_exp1_delay_survival_data.csv,212
exp1_appendix_delay_coupling_diagnostics,a,exp1_alignment_transfer,exp1_alignment_transfer:full:2026-08-17T06:28:21.157011+00:00,paper,True,appendix,delay_threshold,delay_threshold,fig_exp1_delay_survival_data,delay_threshold,10,,,,frozen appendix diagnostic,source table,,,,,fig_exp1_delay_survival_data.csv,213
exp1_appendix_delay_coupling_diagnostics,a,exp1_alignment_transfer,exp1_alignment_transfer:full:2026-08-17T06:28:21.157011+00:00,paper,True,appendix,delay_threshold,delay_threshold,fig_exp1_delay_survival_data,delay_threshold,11,,,,frozen appendix diagnostic,source table,,,,,fig_exp1_delay_survival_data.csv,214
exp1_appendix_delay_coupling_diagnostics,a,exp1_alignment_transfer,exp1_alignment_transfer:full:2026-08-17T06:28:21.157011+00:00,paper,True,appendix,delay_threshold,delay_threshold,fig_exp1_delay_survival_data,delay_threshold,12,,,,frozen appendix diagnostic,source table,,,,,fig_exp1_delay_survival_data.csv,215
exp1_appendix_delay_coupling_diagnostics,a,exp1_alignment_transfer,exp1_alignment_transfer:full:2026-08-17T06:28:21.157011+00:00,paper,True,appendix,delay_threshold,delay_threshold,fig_exp1_delay_survival_data,delay_threshold,13,,,,frozen appendix diagnostic,source table,,,,,fig_exp1_delay_survival_data.csv,216
exp1_appendix_delay_coupling_diagnostics,a,exp1_alignment_transfer,exp1_alignment_transfer:full:2026-08-17T06:28:21.157011+00:00,paper,True,appendix,delay_threshold,delay_threshold,fig_exp1_delay_survival_data,delay_threshold,14,,,,frozen appendix diagnostic,source table,,,,,fig_exp1_delay_survival_data.csv,217
exp1_appendix_delay_coupling_diagnostics,a,exp1_alignment_transfer,exp1_alignment_transfer:full:2026-08-17T06:28:21.157011+00:00,paper,True,appendix,delay_threshold,delay_threshold,fig_exp1_delay_survival_data,delay_threshold,15,,,,frozen appendix diagnostic,source table,,,,,fig_exp1_delay_survival_data.csv,218
exp1_appendix_delay_coupling_diagnostics,a,exp1_alignment_transfer,exp1_alignment_transfer:full:2026-08-17T06:28:21.157011+00:00,paper,True,appendix,delay_threshold,delay_threshold,fig_exp1_delay_survival_data,delay_threshold,16,,,,frozen appendix diagnostic,source table,,,,,fig_exp1_delay_survival_data.csv,219
exp1_appendix_delay_coupling_diagnostics,a,exp1_alignment_transfer,exp1_alignment_transfer:full:2026-08-17T06:28:21.157011+00:00,paper,True,appendix,delay_threshold,delay_threshold,fig_exp1_delay_survival_data,delay_threshold,17,,,,frozen appendix diagnostic,source table,,,,,fig_exp1_delay_survival_data.csv,220
exp1_appendix_delay_coupling_diagnostics,a,exp1_alignment_transfer,exp1_alignment_transfer:full:2026-08-17T06:28:21.157011+00:00,paper,True,appendix,delay_threshold,delay_threshold,fig_exp1_delay_survival_data,delay_threshold,18,,,,frozen appendix diagnostic,source table,,,,,fig_exp1_delay_survival_data.csv,221
exp1_appendix_delay_coupling_diagnostics,a,exp1_alignment_transfer,exp1_alignment_transfer:full:2026-08-17T06:28:21.157011+00:00,paper,True,appendix,delay_threshold,delay_threshold,fig_exp1_delay_survival_data,delay_threshold,19,,,,frozen appendix diagnostic,source table,,,,,fig_exp1_delay_survival_data.csv,222
exp1_appendix_delay_coupling_diagnostics,a,exp1_alignment_transfer,exp1_alignment_transfer:full:2026-08-17T06:28:21.157011+00:00,paper,True,appendix,delay_threshold,delay_threshold,fig_exp1_delay_survival_data,delay_threshold,20,,,,frozen appendix diagnostic,source table,,,,,fig_exp1_delay_survival_data.csv,223
exp1_appendix_delay_coupling_diagnostics,a,exp1_alignment_transfer,exp1_alignment_transfer:full:2026-08-17T06:28:21.157011+00:00,paper,True,appendix,delay_threshold,delay_threshold,fig_exp1_delay_survival_data,delay_threshold,21,,,,frozen appendix diagnostic,source table,,,,,fig_exp1_delay_survival_data.csv,224
exp1_appendix_delay_coupling_diagnostics,a,exp1_alignment_transfer,exp1_alignment_transfer:full:2026-08-17T06:28:21.157011+00:00,paper,True,appendix,delay_threshold,delay_threshold,fig_exp1_delay_survival_data,delay_threshold,22,,,,frozen appendix diagnostic,source table,,,,,fig_exp1_delay_survival_data.csv,225
exp1_appendix_delay_coupling_diagnostics,a,exp1_alignment_transfer,exp1_alignment_transfer:full:2026-08-17T06:28:21.157011+00:00,paper,True,appendix,delay_threshold,delay_threshold,fig_exp1_delay_survival_data,delay_threshold,23,,,,frozen appendix diagnostic,source table,,,,,fig_exp1_delay_survival_data.csv,226
exp1_appendix_delay_coupling_diagnostics,a,exp1_alignment_transfer,exp1_alignment_transfer:full:2026-08-17T06:28:21.157011+00:00,paper,True,appendix,delay_threshold,delay_threshold,fig_exp1_delay_survival_data,delay_threshold,24,,,,frozen appendix diagnostic,source table,,,,,fig_exp1_delay_survival_data.csv,227
exp1_appendix_delay_coupling_diagnostics,a,exp1_alignment_transfer,exp1_alignment_transfer:full:2026-08-17T06:28:21.157011+00:00,paper,True,appendix,delay_threshold,delay_threshold,fig_exp1_delay_survival_data,delay_threshold,25,,,,frozen appendix diagnostic,source table,,,,,fig_exp1_delay_survival_data.csv,228
exp1_appendix_delay_coupling_diagnostics,a,exp1_alignment_transfer,exp1_alignment_transfer:full:2026-08-17T06:28:21.157011+00:00,paper,True,appendix,delay_threshold,delay_threshold,fig_exp1_delay_survival_data,delay_threshold,26,,,,frozen appendix diagnostic,source table,,,,,fig_exp1_delay_survival_data.csv,229
exp1_appendix_delay_coupling_diagnostics,a,exp1_alignment_transfer,exp1_alignment_transfer:full:2026-08-17T06:28:21.157011+00:00,paper,True,appendix,delay_threshold,delay_threshold,fig_exp1_delay_survival_data,delay_threshold,27,,,,frozen appendix diagnostic,source table,,,,,fig_exp1_delay_survival_data.csv,230
exp1_appendix_delay_coupling_diagnostics,a,exp1_alignment_transfer,exp1_alignment_transfer:full:2026-08-17T06:28:21.157011+00:00,paper,True,appendix,delay_threshold,delay_threshold,fig_exp1_delay_survival_data,delay_threshold,28,,,,frozen appendix diagnostic,source table,,,,,fig_exp1_delay_survival_data.csv,231
exp1_appendix_delay_coupling_diagnostics,a,exp1_alignment_transfer,exp1_alignment_transfer:full:2026-08-17T06:28:21.157011+00:00,paper,True,appendix,delay_threshold,delay_threshold,fig_exp1_delay_survival_data,delay_threshold,29,,,,frozen appendix diagnostic,source table,,,,,fig_exp1_delay_survival_data.csv,232
exp1_appendix_delay_coupling_diagnostics,a,exp1_alignment_transfer,exp1_alignment_transfer:full:2026-08-17T06:28:21.157011+00:00,paper,True,appendix,delay_threshold,delay_threshold,fig_exp1_delay_survival_data,delay_threshold,30,,,,frozen appendix diagnostic,source table,,,,,fig_exp1_delay_survival_data.csv,233
exp1_appendix_delay_coupling_diagnostics,a,exp1_alignment_transfer,exp1_alignment_transfer:full:2026-08-17T06:28:21.157011+00:00,paper,True,appendix,delay_threshold,delay_threshold,fig_exp1_delay_survival_data,delay_threshold,31,,,,frozen appendix diagnostic,source table,,,,,fig_exp1_delay_survival_data.csv,234
exp1_appendix_delay_coupling_diagnostics,a,exp1_alignment_transfer,exp1_alignment_transfer:full:2026-08-17T06:28:21.157011+00:00,paper,True,appendix,delay_threshold,delay_threshold,fig_exp1_delay_survival_data,delay_threshold,32,,,,frozen appendix diagnostic,source table,,,,,fig_exp1_delay_survival_data.csv,235
exp1_appendix_delay_coupling_diagnostics,a,exp1_alignment_transfer,exp1_alignment_transfer:full:2026-08-17T06:28:21.157011+00:00,paper,True,appendix,delay_threshold,delay_threshold,fig_exp1_delay_survival_data,delay_threshold,33,,,,frozen appendix diagnostic,source table,,,,,fig_exp1_delay_survival_data.csv,236
exp1_appendix_delay_coupling_diagnostics,a,exp1_alignment_transfer,exp1_alignment_transfer:full:2026-08-17T06:28:21.157011+00:00,paper,True,appendix,delay_threshold,delay_threshold,fig_exp1_delay_survival_data,delay_threshold,34,,,,frozen appendix diagnostic,source table,,,,,fig_exp1_delay_survival_data.csv,237
exp1_appendix_delay_coupling_diagnostics,a,exp1_alignment_transfer,exp1_alignment_transfer:full:2026-08-17T06:28:21.157011+00:00,paper,True,appendix,delay_threshold,delay_threshold,fig_exp1_delay_survival_data,delay_threshold,35,,,,frozen appendix diagnostic,source table,,,,,fig_exp1_delay_survival_data.csv,238
exp1_appendix_delay_coupling_diagnostics,a,exp1_alignment_transfer,exp1_alignment_transfer:full:2026-08-17T06:28:21.157011+00:00,paper,True,appendix,delay_threshold,delay_threshold,fig_exp1_delay_survival_data,delay_threshold,36,,,,frozen appendix diagnostic,source table,,,,,fig_exp1_delay_survival_data.csv,239
exp1_appendix_delay_coupling_diagnostics,a,exp1_alignment_transfer,exp1_alignment_transfer:full:2026-08-17T06:28:21.157011+00:00,paper,True,appendix,delay_threshold,delay_threshold,fig_exp1_delay_survival_data,delay_threshold,37,,,,frozen appendix diagnostic,source table,,,,,fig_exp1_delay_survival_data.csv,240
exp1_appendix_delay_coupling_diagnostics,a,exp1_alignment_transfer,exp1_alignment_transfer:full:2026-08-17T06:28:21.157011+00:00,paper,True,appendix,delay_threshold,delay_threshold,fig_exp1_delay_survival_data,delay_threshold,38,,,,frozen appendix diagnostic,source table,,,,,fig_exp1_delay_survival_data.csv,241
exp1_appendix_delay_coupling_diagnostics,a,exp1_alignment_transfer,exp1_alignment_transfer:full:2026-08-17T06:28:21.157011+00:00,paper,True,appendix,delay_threshold,delay_threshold,fig_exp1_delay_survival_data,delay_threshold,39,,,,frozen appendix diagnostic,source table,,,,,fig_exp1_delay_survival_data.csv,242
exp1_appendix_delay_coupling_diagnostics,a,exp1_alignment_transfer,exp1_alignment_transfer:full:2026-08-17T06:28:21.157011+00:00,paper,True,appendix,delay_threshold,delay_threshold,fig_exp1_delay_survival_data,delay_threshold,40,,,,frozen appendix diagnostic,source table,,,,,fig_exp1_delay_survival_data.csv,243
exp1_appendix_delay_coupling_diagnostics,a,exp1_alignment_transfer,exp1_alignment_transfer:full:2026-08-17T06:28:21.157011+00:00,paper,True,appendix,delay_threshold,delay_threshold,fig_exp1_delay_survival_data,delay_threshold,41,,,,frozen appendix diagnostic,source table,,,,,fig_exp1_delay_survival_data.csv,244
exp1_appendix_delay_coupling_diagnostics,a,exp1_alignment_transfer,exp1_alignment_transfer:full:2026-08-17T06:28:21.157011+00:00,paper,True,appendix,delay_threshold,delay_threshold,fig_exp1_delay_survival_data,delay_threshold,42,,,,frozen appendix diagnostic,source table,,,,,fig_exp1_delay_survival_data.csv,245
exp1_appendix_delay_coupling_diagnostics,a,exp1_alignment_transfer,exp1_alignment_transfer:full:2026-08-17T06:28:21.157011+00:00,paper,True,appendix,delay_threshold,delay_threshold,fig_exp1_delay_survival_data,delay_threshold,43,,,,frozen appendix diagnostic,source table,,,,,fig_exp1_delay_survival_data.csv,246
exp1_appendix_delay_coupling_diagnostics,a,exp1_alignment_transfer,exp1_alignment_transfer:full:2026-08-17T06:28:21.157011+00:00,paper,True,appendix,delay_threshold,delay_threshold,fig_exp1_delay_survival_data,delay_threshold,44,,,,frozen appendix diagnostic,source table,,,,,fig_exp1_delay_survival_data.csv,247
exp1_appendix_delay_coupling_diagnostics,a,exp1_alignment_transfer,exp1_alignment_transfer:full:2026-08-17T06:28:21.157011+00:00,paper,True,appendix,delay_threshold,delay_threshold,fig_exp1_delay_survival_data,delay_threshold,45,,,,frozen appendix diagnostic,source table,,,,,fig_exp1_delay_survival_data.csv,248
exp1_appendix_delay_coupling_diagnostics,a,exp1_alignment_transfer,exp1_alignment_transfer:full:2026-08-17T06:28:21.157011+00:00,paper,True,appendix,delay_threshold,delay_threshold,fig_exp1_delay_survival_data,delay_threshold,46,,,,frozen appendix diagnostic,source table,,,,,fig_exp1_delay_survival_data.csv,249
exp1_appendix_delay_coupling_diagnostics,a,exp1_alignment_transfer,exp1_alignment_transfer:full:2026-08-17T06:28:21.157011+00:00,paper,True,appendix,delay_threshold,delay_threshold,fig_exp1_delay_survival_data,delay_threshold,47,,,,frozen appendix diagnostic,source table,,,,,fig_exp1_delay_survival_data.csv,250
exp1_appendix_delay_coupling_diagnostics,a,exp1_alignment_transfer,exp1_alignment_transfer:full:2026-08-17T06:28:21.157011+00:00,paper,True,appendix,delay_threshold,delay_threshold,fig_exp1_delay_survival_data,delay_threshold,48,,,,frozen appendix diagnostic,source table,,,,,fig_exp1_delay_survival_data.csv,251
exp1_appendix_delay_coupling_diagnostics,a,exp1_alignment_transfer,exp1_alignment_transfer:full:2026-08-17T06:28:21.157011+00:00,paper,True,appendix,delay_threshold,delay_threshold,fig_exp1_delay_survival_data,delay_threshold,49,,,,frozen appendix diagnostic,source table,,,,,fig_exp1_delay_survival_data.csv,252
exp1_appendix_delay_coupling_diagnostics,a,exp1_alignment_transfer,exp1_alignment_transfer:full:2026-08-17T06:28:21.157011+00:00,paper,True,appendix,delay_threshold,delay_threshold,fig_exp1_delay_survival_data,delay_threshold,50,,,,frozen appendix diagnostic,source table,,,,,fig_exp1_delay_survival_data.csv,253
exp1_appendix_delay_coupling_diagnostics,a,exp1_alignment_transfer,exp1_alignment_transfer:full:2026-08-17T06:28:21.157011+00:00,paper,True,appendix,delay_threshold,delay_threshold,fig_exp1_delay_survival_data,delay_threshold,51,,,,frozen appendix diagnostic,source table,,,,,fig_exp1_delay_survival_data.csv,254
exp1_appendix_delay_coupling_diagnostics,a,exp1_alignment_transfer,exp1_alignment_transfer:full:2026-08-17T06:28:21.157011+00:00,paper,True,appendix,delay_threshold,delay_threshold,fig_exp1_delay_survival_data,delay_threshold,52,,,,frozen appendix diagnostic,source table,,,,,fig_exp1_delay_survival_data.csv,255
exp1_appendix_delay_coupling_diagnostics,a,exp1_alignment_transfer,exp1_alignment_transfer:full:2026-08-17T06:28:21.157011+00:00,paper,True,appendix,delay_threshold,delay_threshold,fig_exp1_delay_survival_data,delay_threshold,53,,,,frozen appendix diagnostic,source table,,,,,fig_exp1_delay_survival_data.csv,256
exp1_appendix_delay_coupling_diagnostics,a,exp1_alignment_transfer,exp1_alignment_transfer:full:2026-08-17T06:28:21.157011+00:00,paper,True,appendix,delay_threshold,delay_threshold,fig_exp1_delay_survival_data,delay_threshold,54,,,,frozen appendix diagnostic,source table,,,,,fig_exp1_delay_survival_data.csv,257
exp1_appendix_delay_coupling_diagnostics,a,exp1_alignment_transfer,exp1_alignment_transfer:full:2026-08-17T06:28:21.157011+00:00,paper,True,appendix,delay_threshold,delay_threshold,fig_exp1_delay_survival_data,delay_threshold,55,,,,frozen appendix diagnostic,source table,,,,,fig_exp1_delay_survival_data.csv,258
exp1_appendix_delay_coupling_diagnostics,a,exp1_alignment_transfer,exp1_alignment_transfer:full:2026-08-17T06:28:21.157011+00:00,paper,True,appendix,delay_threshold,delay_threshold,fig_exp1_delay_survival_data,delay_threshold,56,,,,frozen appendix diagnostic,source table,,,,,fig_exp1_delay_survival_data.csv,259
exp1_appendix_delay_coupling_diagnostics,a,exp1_alignment_transfer,exp1_alignment_transfer:full:2026-08-17T06:28:21.157011+00:00,paper,True,appendix,delay_threshold,delay_threshold,fig_exp1_delay_survival_data,delay_threshold,57,,,,frozen appendix diagnostic,source table,,,,,fig_exp1_delay_survival_data.csv,260
exp1_appendix_delay_coupling_diagnostics,a,exp1_alignment_transfer,exp1_alignment_transfer:full:2026-08-17T06:28:21.157011+00:00,paper,True,appendix,delay_threshold,delay_threshold,fig_exp1_delay_survival_data,delay_threshold,58,,,,frozen appendix diagnostic,source table,,,,,fig_exp1_delay_survival_data.csv,261
exp1_appendix_delay_coupling_diagnostics,a,exp1_alignment_transfer,exp1_alignment_transfer:full:2026-08-17T06:28:21.157011+00:00,paper,True,appendix,delay_threshold,delay_threshold,fig_exp1_delay_survival_data,delay_threshold,59,,,,frozen appendix diagnostic,source table,,,,,fig_exp1_delay_survival_data.csv,262
exp1_appendix_delay_coupling_diagnostics,a,exp1_alignment_transfer,exp1_alignment_transfer:full:2026-08-17T06:28:21.157011+00:00,paper,True,appendix,delay_threshold,delay_threshold,fig_exp1_delay_survival_data,delay_threshold,60,,,,frozen appendix diagnostic,source table,,,,,fig_exp1_delay_survival_data.csv,263
exp1_appendix_delay_coupling_diagnostics,a,exp1_alignment_transfer,exp1_alignment_transfer:full:2026-08-17T06:28:21.157011+00:00,paper,True,appendix,delay_threshold,delay_threshold,fig_exp1_delay_survival_data,delay_threshold,61,,,,frozen appendix diagnostic,source table,,,,,fig_exp1_delay_survival_data.csv,264
exp1_appendix_delay_coupling_diagnostics,a,exp1_alignment_transfer,exp1_alignment_transfer:full:2026-08-17T06:28:21.157011+00:00,paper,True,appendix,delay_threshold,delay_threshold,fig_exp1_delay_survival_data,delay_threshold,62,,,,frozen appendix diagnostic,source table,,,,,fig_exp1_delay_survival_data.csv,265
exp1_appendix_delay_coupling_diagnostics,a,exp1_alignment_transfer,exp1_alignment_transfer:full:2026-08-17T06:28:21.157011+00:00,paper,True,appendix,delay_threshold,delay_threshold,fig_exp1_delay_survival_data,delay_threshold,63,,,,frozen appendix diagnostic,source table,,,,,fig_exp1_delay_survival_data.csv,266
exp1_appendix_delay_coupling_diagnostics,a,exp1_alignment_transfer,exp1_alignment_transfer:full:2026-08-17T06:28:21.157011+00:00,paper,True,appendix,delay_threshold,delay_threshold,fig_exp1_delay_survival_data,delay_threshold,64,,,,frozen appendix diagnostic,source table,,,,,fig_exp1_delay_survival_data.csv,267
exp1_appendix_delay_coupling_diagnostics,a,exp1_alignment_transfer,exp1_alignment_transfer:full:2026-08-17T06:28:21.157011+00:00,paper,True,appendix,delay_threshold,delay_threshold,fig_exp1_delay_survival_data,delay_threshold,65,,,,frozen appendix diagnostic,source table,,,,,fig_exp1_delay_survival_data.csv,268
exp1_appendix_delay_coupling_diagnostics,a,exp1_alignment_transfer,exp1_alignment_transfer:full:2026-08-17T06:28:21.157011+00:00,paper,True,appendix,delay_threshold,delay_threshold,fig_exp1_delay_survival_data,delay_threshold,66,,,,frozen appendix diagnostic,source table,,,,,fig_exp1_delay_survival_data.csv,269
exp1_appendix_delay_coupling_diagnostics,a,exp1_alignment_transfer,exp1_alignment_transfer:full:2026-08-17T06:28:21.157011+00:00,paper,True,appendix,delay_threshold,delay_threshold,fig_exp1_delay_survival_data,delay_threshold,67,,,,frozen appendix diagnostic,source table,,,,,fig_exp1_delay_survival_data.csv,270
exp1_appendix_delay_coupling_diagnostics,a,exp1_alignment_transfer,exp1_alignment_transfer:full:2026-08-17T06:28:21.157011+00:00,paper,True,appendix,delay_threshold,delay_threshold,fig_exp1_delay_survival_data,delay_threshold,68,,,,frozen appendix diagnostic,source table,,,,,fig_exp1_delay_survival_data.csv,271
exp1_appendix_delay_coupling_diagnostics,a,exp1_alignment_transfer,exp1_alignment_transfer:full:2026-08-17T06:28:21.157011+00:00,paper,True,appendix,delay_threshold,delay_threshold,fig_exp1_delay_survival_data,delay_threshold,69,,,,frozen appendix diagnostic,source table,,,,,fig_exp1_delay_survival_data.csv,272
exp1_appendix_delay_coupling_diagnostics,a,exp1_alignment_transfer,exp1_alignment_transfer:full:2026-08-17T06:28:21.157011+00:00,paper,True,appendix,delay_threshold,delay_threshold,fig_exp1_delay_survival_data,delay_threshold,70,,,,frozen appendix diagnostic,source table,,,,,fig_exp1_delay_survival_data.csv,273
exp1_appendix_delay_coupling_diagnostics,a,exp1_alignment_transfer,exp1_alignment_transfer:full:2026-08-17T06:28:21.157011+00:00,paper,True,appendix,delay_threshold,delay_threshold,fig_exp1_delay_survival_data,delay_threshold,71,,,,frozen appendix diagnostic,source table,,,,,fig_exp1_delay_survival_data.csv,274
exp1_appendix_delay_coupling_diagnostics,a,exp1_alignment_transfer,exp1_alignment_transfer:full:2026-08-17T06:28:21.157011+00:00,paper,True,appendix,delay_threshold,delay_threshold,fig_exp1_delay_survival_data,delay_threshold,72,,,,frozen appendix diagnostic,source table,,,,,fig_exp1_delay_survival_data.csv,275
exp1_appendix_delay_coupling_diagnostics,a,exp1_alignment_transfer,exp1_alignment_transfer:full:2026-08-17T06:28:21.157011+00:00,paper,True,appendix,delay_threshold,delay_threshold,fig_exp1_delay_survival_data,delay_threshold,73,,,,frozen appendix diagnostic,source table,,,,,fig_exp1_delay_survival_data.csv,276
exp1_appendix_delay_coupling_diagnostics,a,exp1_alignment_transfer,exp1_alignment_transfer:full:2026-08-17T06:28:21.157011+00:00,paper,True,appendix,delay_threshold,delay_threshold,fig_exp1_delay_survival_data,delay_threshold,74,,,,frozen appendix diagnostic,source table,,,,,fig_exp1_delay_survival_data.csv,277
exp1_appendix_delay_coupling_diagnostics,a,exp1_alignment_transfer,exp1_alignment_transfer:full:2026-08-17T06:28:21.157011+00:00,paper,True,appendix,delay_threshold,delay_threshold,fig_exp1_delay_survival_data,delay_threshold,75,,,,frozen appendix diagnostic,source table,,,,,fig_exp1_delay_survival_data.csv,278
exp1_appendix_delay_coupling_diagnostics,a,exp1_alignment_transfer,exp1_alignment_transfer:full:2026-08-17T06:28:21.157011+00:00,paper,True,appendix,delay_threshold,delay_threshold,fig_exp1_delay_survival_data,delay_threshold,76,,,,frozen appendix diagnostic,source table,,,,,fig_exp1_delay_survival_data.csv,279
exp1_appendix_delay_coupling_diagnostics,a,exp1_alignment_transfer,exp1_alignment_transfer:full:2026-08-17T06:28:21.157011+00:00,paper,True,appendix,delay_threshold,delay_threshold,fig_exp1_delay_survival_data,delay_threshold,77,,,,frozen appendix diagnostic,source table,,,,,fig_exp1_delay_survival_data.csv,280
exp1_appendix_delay_coupling_diagnostics,a,exp1_alignment_transfer,exp1_alignment_transfer:full:2026-08-17T06:28:21.157011+00:00,paper,True,appendix,delay_threshold,delay_threshold,fig_exp1_delay_survival_data,delay_threshold,78,,,,frozen appendix diagnostic,source table,,,,,fig_exp1_delay_survival_data.csv,281
exp1_appendix_delay_coupling_diagnostics,a,exp1_alignment_transfer,exp1_alignment_transfer:full:2026-08-17T06:28:21.157011+00:00,paper,True,appendix,delay_threshold,delay_threshold,fig_exp1_delay_survival_data,delay_threshold,79,,,,frozen appendix diagnostic,source table,,,,,fig_exp1_delay_survival_data.csv,282
exp1_appendix_delay_coupling_diagnostics,a,exp1_alignment_transfer,exp1_alignment_transfer:full:2026-08-17T06:28:21.157011+00:00,paper,True,appendix,delay_threshold,delay_threshold,fig_exp1_delay_survival_data,delay_threshold,80,,,,frozen appendix diagnostic,source table,,,,,fig_exp1_delay_survival_data.csv,283
exp1_appendix_delay_coupling_diagnostics,a,exp1_alignment_transfer,exp1_alignment_transfer:full:2026-08-17T06:28:21.157011+00:00,paper,True,appendix,delay_threshold,delay_threshold,fig_exp1_delay_survival_data,delay_threshold,81,,,,frozen appendix diagnostic,source table,,,,,fig_exp1_delay_survival_data.csv,284
exp1_appendix_delay_coupling_diagnostics,a,exp1_alignment_transfer,exp1_alignment_transfer:full:2026-08-17T06:28:21.157011+00:00,paper,True,appendix,delay_threshold,delay_threshold,fig_exp1_delay_survival_data,delay_threshold,82,,,,frozen appendix diagnostic,source table,,,,,fig_exp1_delay_survival_data.csv,285
exp1_appendix_delay_coupling_diagnostics,a,exp1_alignment_transfer,exp1_alignment_transfer:full:2026-08-17T06:28:21.157011+00:00,paper,True,appendix,delay_threshold,delay_threshold,fig_exp1_delay_survival_data,delay_threshold,83,,,,frozen appendix diagnostic,source table,,,,,fig_exp1_delay_survival_data.csv,286
exp1_appendix_delay_coupling_diagnostics,a,exp1_alignment_transfer,exp1_alignment_transfer:full:2026-08-17T06:28:21.157011+00:00,paper,True,appendix,delay_threshold,delay_threshold,fig_exp1_delay_survival_data,delay_threshold,84,,,,frozen appendix diagnostic,source table,,,,,fig_exp1_delay_survival_data.csv,287
exp1_appendix_delay_coupling_diagnostics,a,exp1_alignment_transfer,exp1_alignment_transfer:full:2026-08-17T06:28:21.157011+00:00,paper,True,appendix,delay_threshold,delay_threshold,fig_exp1_delay_survival_data,delay_threshold,85,,,,frozen appendix diagnostic,source table,,,,,fig_exp1_delay_survival_data.csv,288
exp1_appendix_delay_coupling_diagnostics,a,exp1_alignment_transfer,exp1_alignment_transfer:full:2026-08-17T06:28:21.157011+00:00,paper,True,appendix,delay_threshold,delay_threshold,fig_exp1_delay_survival_data,delay_threshold,86,,,,frozen appendix diagnostic,source table,,,,,fig_exp1_delay_survival_data.csv,289
exp1_appendix_delay_coupling_diagnostics,a,exp1_alignment_transfer,exp1_alignment_transfer:full:2026-08-17T06:28:21.157011+00:00,paper,True,appendix,delay_threshold,delay_threshold,fig_exp1_delay_survival_data,delay_threshold,87,,,,frozen appendix diagnostic,source table,,,,,fig_exp1_delay_survival_data.csv,290
exp1_appendix_delay_coupling_diagnostics,a,exp1_alignment_transfer,exp1_alignment_transfer:full:2026-08-17T06:28:21.157011+00:00,paper,True,appendix,delay_threshold,delay_threshold,fig_exp1_delay_survival_data,delay_threshold,88,,,,frozen appendix diagnostic,source table,,,,,fig_exp1_delay_survival_data.csv,291
exp1_appendix_delay_coupling_diagnostics,a,exp1_alignment_transfer,exp1_alignment_transfer:full:2026-08-17T06:28:21.157011+00:00,paper,True,appendix,delay_threshold,delay_threshold,fig_exp1_delay_survival_data,delay_threshold,89,,,,frozen appendix diagnostic,source table,,,,,fig_exp1_delay_survival_data.csv,292
exp1_appendix_delay_coupling_diagnostics,a,exp1_alignment_transfer,exp1_alignment_transfer:full:2026-08-17T06:28:21.157011+00:00,paper,True,appendix,delay_threshold,delay_threshold,fig_exp1_delay_survival_data,delay_threshold,90,,,,frozen appendix diagnostic,source table,,,,,fig_exp1_delay_survival_data.csv,293
exp1_appendix_delay_coupling_diagnostics,a,exp1_alignment_transfer,exp1_alignment_transfer:full:2026-08-17T06:28:21.157011+00:00,paper,True,appendix,delay_threshold,delay_threshold,fig_exp1_delay_survival_data,delay_threshold,91,,,,frozen appendix diagnostic,source table,,,,,fig_exp1_delay_survival_data.csv,294
exp1_appendix_delay_coupling_diagnostics,a,exp1_alignment_transfer,exp1_alignment_transfer:full:2026-08-17T06:28:21.157011+00:00,paper,True,appendix,delay_threshold,delay_threshold,fig_exp1_delay_survival_data,delay_threshold,92,,,,frozen appendix diagnostic,source table,,,,,fig_exp1_delay_survival_data.csv,295
exp1_appendix_delay_coupling_diagnostics,a,exp1_alignment_transfer,exp1_alignment_transfer:full:2026-08-17T06:28:21.157011+00:00,paper,True,appendix,delay_threshold,delay_threshold,fig_exp1_delay_survival_data,delay_threshold,93,,,,frozen appendix diagnostic,source table,,,,,fig_exp1_delay_survival_data.csv,296
exp1_appendix_delay_coupling_diagnostics,a,exp1_alignment_transfer,exp1_alignment_transfer:full:2026-08-17T06:28:21.157011+00:00,paper,True,appendix,delay_threshold,delay_threshold,fig_exp1_delay_survival_data,delay_threshold,94,,,,frozen appendix diagnostic,source table,,,,,fig_exp1_delay_survival_data.csv,297
exp1_appendix_delay_coupling_diagnostics,a,exp1_alignment_transfer,exp1_alignment_transfer:full:2026-08-17T06:28:21.157011+00:00,paper,True,appendix,delay_threshold,delay_threshold,fig_exp1_delay_survival_data,delay_threshold,95,,,,frozen appendix diagnostic,source table,,,,,fig_exp1_delay_survival_data.csv,298
exp1_appendix_delay_coupling_diagnostics,a,exp1_alignment_transfer,exp1_alignment_transfer:full:2026-08-17T06:28:21.157011+00:00,paper,True,appendix,delay_threshold,delay_threshold,fig_exp1_delay_survival_data,delay_threshold,96,,,,frozen appendix diagnostic,source table,,,,,fig_exp1_delay_survival_data.csv,299
exp1_appendix_delay_coupling_diagnostics,a,exp1_alignment_transfer,exp1_alignment_transfer:full:2026-08-17T06:28:21.157011+00:00,paper,True,appendix,delay_threshold,delay_threshold,fig_exp1_delay_survival_data,delay_threshold,97,,,,frozen appendix diagnostic,source table,,,,,fig_exp1_delay_survival_data.csv,300
exp1_appendix_delay_coupling_diagnostics,a,exp1_alignment_transfer,exp1_alignment_transfer:full:2026-08-17T06:28:21.157011+00:00,paper,True,appendix,delay_threshold,delay_threshold,fig_exp1_delay_survival_data,delay_threshold,98,,,,frozen appendix diagnostic,source table,,,,,fig_exp1_delay_survival_data.csv,301
exp1_appendix_delay_coupling_diagnostics,a,exp1_alignment_transfer,exp1_alignment_transfer:full:2026-08-17T06:28:21.157011+00:00,paper,True,appendix,delay_threshold,delay_threshold,fig_exp1_delay_survival_data,delay_threshold,99,,,,frozen appendix diagnostic,source table,,,,,fig_exp1_delay_survival_data.csv,302
exp1_appendix_delay_coupling_diagnostics,a,exp1_alignment_transfer,exp1_alignment_transfer:full:2026-08-17T06:28:21.157011+00:00,paper,True,appendix,delay_threshold,delay_threshold,fig_exp1_delay_survival_data,delay_threshold,100,,,,frozen appendix diagnostic,source table,,,,,fig_exp1_delay_survival_data.csv,303
exp1_appendix_delay_coupling_diagnostics,a,exp1_alignment_transfer,exp1_alignment_transfer:full:2026-08-17T06:28:21.157011+00:00,paper,True,appendix,delay_threshold,delay_threshold,fig_exp1_delay_survival_data,delay_threshold,0,,,,frozen appendix diagnostic,source table,,,,,fig_exp1_delay_survival_data.csv,304
exp1_appendix_delay_coupling_diagnostics,a,exp1_alignment_transfer,exp1_alignment_transfer:full:2026-08-17T06:28:21.157011+00:00,paper,True,appendix,delay_threshold,delay_threshold,fig_exp1_delay_survival_data,delay_threshold,1,,,,frozen appendix diagnostic,source table,,,,,fig_exp1_delay_survival_data.csv,305
exp1_appendix_delay_coupling_diagnostics,a,exp1_alignment_transfer,exp1_alignment_transfer:full:2026-08-17T06:28:21.157011+00:00,paper,True,appendix,delay_threshold,delay_threshold,fig_exp1_delay_survival_data,delay_threshold,2,,,,frozen appendix diagnostic,source table,,,,,fig_exp1_delay_survival_data.csv,306
exp1_appendix_delay_coupling_diagnostics,a,exp1_alignment_transfer,exp1_alignment_transfer:full:2026-08-17T06:28:21.157011+00:00,paper,True,appendix,delay_threshold,delay_threshold,fig_exp1_delay_survival_data,delay_threshold,3,,,,frozen appendix diagnostic,source table,,,,,fig_exp1_delay_survival_data.csv,307
exp1_appendix_delay_coupling_diagnostics,a,exp1_alignment_transfer,exp1_alignment_transfer:full:2026-08-17T06:28:21.157011+00:00,paper,True,appendix,delay_threshold,delay_threshold,fig_exp1_delay_survival_data,delay_threshold,4,,,,frozen appendix diagnostic,source table,,,,,fig_exp1_delay_survival_data.csv,308
exp1_appendix_delay_coupling_diagnostics,a,exp1_alignment_transfer,exp1_alignment_transfer:full:2026-08-17T06:28:21.157011+00:00,paper,True,appendix,delay_threshold,delay_threshold,fig_exp1_delay_survival_data,delay_threshold,5,,,,frozen appendix diagnostic,source table,,,,,fig_exp1_delay_survival_data.csv,309
exp1_appendix_delay_coupling_diagnostics,a,exp1_alignment_transfer,exp1_alignment_transfer:full:2026-08-17T06:28:21.157011+00:00,paper,True,appendix,delay_threshold,delay_threshold,fig_exp1_delay_survival_data,delay_threshold,6,,,,frozen appendix diagnostic,source table,,,,,fig_exp1_delay_survival_data.csv,310
exp1_appendix_delay_coupling_diagnostics,a,exp1_alignment_transfer,exp1_alignment_transfer:full:2026-08-17T06:28:21.157011+00:00,paper,True,appendix,delay_threshold,delay_threshold,fig_exp1_delay_survival_data,delay_threshold,7,,,,frozen appendix diagnostic,source table,,,,,fig_exp1_delay_survival_data.csv,311
exp1_appendix_delay_coupling_diagnostics,a,exp1_alignment_transfer,exp1_alignment_transfer:full:2026-08-17T06:28:21.157011+00:00,paper,True,appendix,delay_threshold,delay_threshold,fig_exp1_delay_survival_data,delay_threshold,8,,,,frozen appendix diagnostic,source table,,,,,fig_exp1_delay_survival_data.csv,312
exp1_appendix_delay_coupling_diagnostics,a,exp1_alignment_transfer,exp1_alignment_transfer:full:2026-08-17T06:28:21.157011+00:00,paper,True,appendix,delay_threshold,delay_threshold,fig_exp1_delay_survival_data,delay_threshold,9,,,,frozen appendix diagnostic,source table,,,,,fig_exp1_delay_survival_data.csv,313
exp1_appendix_delay_coupling_diagnostics,a,exp1_alignment_transfer,exp1_alignment_transfer:full:2026-08-17T06:28:21.157011+00:00,paper,True,appendix,delay_threshold,delay_threshold,fig_exp1_delay_survival_data,delay_threshold,10,,,,frozen appendix diagnostic,source table,,,,,fig_exp1_delay_survival_data.csv,314
exp1_appendix_delay_coupling_diagnostics,a,exp1_alignment_transfer,exp1_alignment_transfer:full:2026-08-17T06:28:21.157011+00:00,paper,True,appendix,delay_threshold,delay_threshold,fig_exp1_delay_survival_data,delay_threshold,11,,,,frozen appendix diagnostic,source table,,,,,fig_exp1_delay_survival_data.csv,315
exp1_appendix_delay_coupling_diagnostics,a,exp1_alignment_transfer,exp1_alignment_transfer:full:2026-08-17T06:28:21.157011+00:00,paper,True,appendix,delay_threshold,delay_threshold,fig_exp1_delay_survival_data,delay_threshold,12,,,,frozen appendix diagnostic,source table,,,,,fig_exp1_delay_survival_data.csv,316
exp1_appendix_delay_coupling_diagnostics,a,exp1_alignment_transfer,exp1_alignment_transfer:full:2026-08-17T06:28:21.157011+00:00,paper,True,appendix,delay_threshold,delay_threshold,fig_exp1_delay_survival_data,delay_threshold,13,,,,frozen appendix diagnostic,source table,,,,,fig_exp1_delay_survival_data.csv,317
exp1_appendix_delay_coupling_diagnostics,a,exp1_alignment_transfer,exp1_alignment_transfer:full:2026-08-17T06:28:21.157011+00:00,paper,True,appendix,delay_threshold,delay_threshold,fig_exp1_delay_survival_data,delay_threshold,14,,,,frozen appendix diagnostic,source table,,,,,fig_exp1_delay_survival_data.csv,318
exp1_appendix_delay_coupling_diagnostics,a,exp1_alignment_transfer,exp1_alignment_transfer:full:2026-08-17T06:28:21.157011+00:00,paper,True,appendix,delay_threshold,delay_threshold,fig_exp1_delay_survival_data,delay_threshold,15,,,,frozen appendix diagnostic,source table,,,,,fig_exp1_delay_survival_data.csv,319
exp1_appendix_delay_coupling_diagnostics,a,exp1_alignment_transfer,exp1_alignment_transfer:full:2026-08-17T06:28:21.157011+00:00,paper,True,appendix,delay_threshold,delay_threshold,fig_exp1_delay_survival_data,delay_threshold,16,,,,frozen appendix diagnostic,source table,,,,,fig_exp1_delay_survival_data.csv,320
exp1_appendix_delay_coupling_diagnostics,a,exp1_alignment_transfer,exp1_alignment_transfer:full:2026-08-17T06:28:21.157011+00:00,paper,True,appendix,delay_threshold,delay_threshold,fig_exp1_delay_survival_data,delay_threshold,17,,,,frozen appendix diagnostic,source table,,,,,fig_exp1_delay_survival_data.csv,321
exp1_appendix_delay_coupling_diagnostics,a,exp1_alignment_transfer,exp1_alignment_transfer:full:2026-08-17T06:28:21.157011+00:00,paper,True,appendix,delay_threshold,delay_threshold,fig_exp1_delay_survival_data,delay_threshold,18,,,,frozen appendix diagnostic,source table,,,,,fig_exp1_delay_survival_data.csv,322
exp1_appendix_delay_coupling_diagnostics,a,exp1_alignment_transfer,exp1_alignment_transfer:full:2026-08-17T06:28:21.157011+00:00,paper,True,appendix,delay_threshold,delay_threshold,fig_exp1_delay_survival_data,delay_threshold,19,,,,frozen appendix diagnostic,source table,,,,,fig_exp1_delay_survival_data.csv,323
exp1_appendix_delay_coupling_diagnostics,a,exp1_alignment_transfer,exp1_alignment_transfer:full:2026-08-17T06:28:21.157011+00:00,paper,True,appendix,delay_threshold,delay_threshold,fig_exp1_delay_survival_data,delay_threshold,20,,,,frozen appendix diagnostic,source table,,,,,fig_exp1_delay_survival_data.csv,324
exp1_appendix_delay_coupling_diagnostics,a,exp1_alignment_transfer,exp1_alignment_transfer:full:2026-08-17T06:28:21.157011+00:00,paper,True,appendix,delay_threshold,delay_threshold,fig_exp1_delay_survival_data,delay_threshold,21,,,,frozen appendix diagnostic,source table,,,,,fig_exp1_delay_survival_data.csv,325
exp1_appendix_delay_coupling_diagnostics,a,exp1_alignment_transfer,exp1_alignment_transfer:full:2026-08-17T06:28:21.157011+00:00,paper,True,appendix,delay_threshold,delay_threshold,fig_exp1_delay_survival_data,delay_threshold,22,,,,frozen appendix diagnostic,source table,,,,,fig_exp1_delay_survival_data.csv,326
exp1_appendix_delay_coupling_diagnostics,a,exp1_alignment_transfer,exp1_alignment_transfer:full:2026-08-17T06:28:21.157011+00:00,paper,True,appendix,delay_threshold,delay_threshold,fig_exp1_delay_survival_data,delay_threshold,23,,,,frozen appendix diagnostic,source table,,,,,fig_exp1_delay_survival_data.csv,327
exp1_appendix_delay_coupling_diagnostics,a,exp1_alignment_transfer,exp1_alignment_transfer:full:2026-08-17T06:28:21.157011+00:00,paper,True,appendix,delay_threshold,delay_threshold,fig_exp1_delay_survival_data,delay_threshold,24,,,,frozen appendix diagnostic,source table,,,,,fig_exp1_delay_survival_data.csv,328
exp1_appendix_delay_coupling_diagnostics,a,exp1_alignment_transfer,exp1_alignment_transfer:full:2026-08-17T06:28:21.157011+00:00,paper,True,appendix,delay_threshold,delay_threshold,fig_exp1_delay_survival_data,delay_threshold,25,,,,frozen appendix diagnostic,source table,,,,,fig_exp1_delay_survival_data.csv,329
exp1_appendix_delay_coupling_diagnostics,a,exp1_alignment_transfer,exp1_alignment_transfer:full:2026-08-17T06:28:21.157011+00:00,paper,True,appendix,delay_threshold,delay_threshold,fig_exp1_delay_survival_data,delay_threshold,26,,,,frozen appendix diagnostic,source table,,,,,fig_exp1_delay_survival_data.csv,330
exp1_appendix_delay_coupling_diagnostics,a,exp1_alignment_transfer,exp1_alignment_transfer:full:2026-08-17T06:28:21.157011+00:00,paper,True,appendix,delay_threshold,delay_threshold,fig_exp1_delay_survival_data,delay_threshold,27,,,,frozen appendix diagnostic,source table,,,,,fig_exp1_delay_survival_data.csv,331
exp1_appendix_delay_coupling_diagnostics,a,exp1_alignment_transfer,exp1_alignment_transfer:full:2026-08-17T06:28:21.157011+00:00,paper,True,appendix,delay_threshold,delay_threshold,fig_exp1_delay_survival_data,delay_threshold,28,,,,frozen appendix diagnostic,source table,,,,,fig_exp1_delay_survival_data.csv,332
exp1_appendix_delay_coupling_diagnostics,a,exp1_alignment_transfer,exp1_alignment_transfer:full:2026-08-17T06:28:21.157011+00:00,paper,True,appendix,delay_threshold,delay_threshold,fig_exp1_delay_survival_data,delay_threshold,29,,,,frozen appendix diagnostic,source table,,,,,fig_exp1_delay_survival_data.csv,333
exp1_appendix_delay_coupling_diagnostics,a,exp1_alignment_transfer,exp1_alignment_transfer:full:2026-08-17T06:28:21.157011+00:00,paper,True,appendix,delay_threshold,delay_threshold,fig_exp1_delay_survival_data,delay_threshold,30,,,,frozen appendix diagnostic,source table,,,,,fig_exp1_delay_survival_data.csv,334
exp1_appendix_delay_coupling_diagnostics,a,exp1_alignment_transfer,exp1_alignment_transfer:full:2026-08-17T06:28:21.157011+00:00,paper,True,appendix,delay_threshold,delay_threshold,fig_exp1_delay_survival_data,delay_threshold,31,,,,frozen appendix diagnostic,source table,,,,,fig_exp1_delay_survival_data.csv,335
exp1_appendix_delay_coupling_diagnostics,a,exp1_alignment_transfer,exp1_alignment_transfer:full:2026-08-17T06:28:21.157011+00:00,paper,True,appendix,delay_threshold,delay_threshold,fig_exp1_delay_survival_data,delay_threshold,32,,,,frozen appendix diagnostic,source table,,,,,fig_exp1_delay_survival_data.csv,336
exp1_appendix_delay_coupling_diagnostics,a,exp1_alignment_transfer,exp1_alignment_transfer:full:2026-08-17T06:28:21.157011+00:00,paper,True,appendix,delay_threshold,delay_threshold,fig_exp1_delay_survival_data,delay_threshold,33,,,,frozen appendix diagnostic,source table,,,,,fig_exp1_delay_survival_data.csv,337
exp1_appendix_delay_coupling_diagnostics,a,exp1_alignment_transfer,exp1_alignment_transfer:full:2026-08-17T06:28:21.157011+00:00,paper,True,appendix,delay_threshold,delay_threshold,fig_exp1_delay_survival_data,delay_threshold,34,,,,frozen appendix diagnostic,source table,,,,,fig_exp1_delay_survival_data.csv,338
exp1_appendix_delay_coupling_diagnostics,a,exp1_alignment_transfer,exp1_alignment_transfer:full:2026-08-17T06:28:21.157011+00:00,paper,True,appendix,delay_threshold,delay_threshold,fig_exp1_delay_survival_data,delay_threshold,35,,,,frozen appendix diagnostic,source table,,,,,fig_exp1_delay_survival_data.csv,339
exp1_appendix_delay_coupling_diagnostics,a,exp1_alignment_transfer,exp1_alignment_transfer:full:2026-08-17T06:28:21.157011+00:00,paper,True,appendix,delay_threshold,delay_threshold,fig_exp1_delay_survival_data,delay_threshold,36,,,,frozen appendix diagnostic,source table,,,,,fig_exp1_delay_survival_data.csv,340
exp1_appendix_delay_coupling_diagnostics,a,exp1_alignment_transfer,exp1_alignment_transfer:full:2026-08-17T06:28:21.157011+00:00,paper,True,appendix,delay_threshold,delay_threshold,fig_exp1_delay_survival_data,delay_threshold,37,,,,frozen appendix diagnostic,source table,,,,,fig_exp1_delay_survival_data.csv,341
exp1_appendix_delay_coupling_diagnostics,a,exp1_alignment_transfer,exp1_alignment_transfer:full:2026-08-17T06:28:21.157011+00:00,paper,True,appendix,delay_threshold,delay_threshold,fig_exp1_delay_survival_data,delay_threshold,38,,,,frozen appendix diagnostic,source table,,,,,fig_exp1_delay_survival_data.csv,342
exp1_appendix_delay_coupling_diagnostics,a,exp1_alignment_transfer,exp1_alignment_transfer:full:2026-08-17T06:28:21.157011+00:00,paper,True,appendix,delay_threshold,delay_threshold,fig_exp1_delay_survival_data,delay_threshold,39,,,,frozen appendix diagnostic,source table,,,,,fig_exp1_delay_survival_data.csv,343
exp1_appendix_delay_coupling_diagnostics,a,exp1_alignment_transfer,exp1_alignment_transfer:full:2026-08-17T06:28:21.157011+00:00,paper,True,appendix,delay_threshold,delay_threshold,fig_exp1_delay_survival_data,delay_threshold,40,,,,frozen appendix diagnostic,source table,,,,,fig_exp1_delay_survival_data.csv,344
exp1_appendix_delay_coupling_diagnostics,a,exp1_alignment_transfer,exp1_alignment_transfer:full:2026-08-17T06:28:21.157011+00:00,paper,True,appendix,delay_threshold,delay_threshold,fig_exp1_delay_survival_data,delay_threshold,41,,,,frozen appendix diagnostic,source table,,,,,fig_exp1_delay_survival_data.csv,345
exp1_appendix_delay_coupling_diagnostics,a,exp1_alignment_transfer,exp1_alignment_transfer:full:2026-08-17T06:28:21.157011+00:00,paper,True,appendix,delay_threshold,delay_threshold,fig_exp1_delay_survival_data,delay_threshold,42,,,,frozen appendix diagnostic,source table,,,,,fig_exp1_delay_survival_data.csv,346
exp1_appendix_delay_coupling_diagnostics,a,exp1_alignment_transfer,exp1_alignment_transfer:full:2026-08-17T06:28:21.157011+00:00,paper,True,appendix,delay_threshold,delay_threshold,fig_exp1_delay_survival_data,delay_threshold,43,,,,frozen appendix diagnostic,source table,,,,,fig_exp1_delay_survival_data.csv,347
exp1_appendix_delay_coupling_diagnostics,a,exp1_alignment_transfer,exp1_alignment_transfer:full:2026-08-17T06:28:21.157011+00:00,paper,True,appendix,delay_threshold,delay_threshold,fig_exp1_delay_survival_data,delay_threshold,44,,,,frozen appendix diagnostic,source table,,,,,fig_exp1_delay_survival_data.csv,348
exp1_appendix_delay_coupling_diagnostics,a,exp1_alignment_transfer,exp1_alignment_transfer:full:2026-08-17T06:28:21.157011+00:00,paper,True,appendix,delay_threshold,delay_threshold,fig_exp1_delay_survival_data,delay_threshold,45,,,,frozen appendix diagnostic,source table,,,,,fig_exp1_delay_survival_data.csv,349
exp1_appendix_delay_coupling_diagnostics,a,exp1_alignment_transfer,exp1_alignment_transfer:full:2026-08-17T06:28:21.157011+00:00,paper,True,appendix,delay_threshold,delay_threshold,fig_exp1_delay_survival_data,delay_threshold,46,,,,frozen appendix diagnostic,source table,,,,,fig_exp1_delay_survival_data.csv,350
exp1_appendix_delay_coupling_diagnostics,a,exp1_alignment_transfer,exp1_alignment_transfer:full:2026-08-17T06:28:21.157011+00:00,paper,True,appendix,delay_threshold,delay_threshold,fig_exp1_delay_survival_data,delay_threshold,47,,,,frozen appendix diagnostic,source table,,,,,fig_exp1_delay_survival_data.csv,351
exp1_appendix_delay_coupling_diagnostics,a,exp1_alignment_transfer,exp1_alignment_transfer:full:2026-08-17T06:28:21.157011+00:00,paper,True,appendix,delay_threshold,delay_threshold,fig_exp1_delay_survival_data,delay_threshold,48,,,,frozen appendix diagnostic,source table,,,,,fig_exp1_delay_survival_data.csv,352
exp1_appendix_delay_coupling_diagnostics,a,exp1_alignment_transfer,exp1_alignment_transfer:full:2026-08-17T06:28:21.157011+00:00,paper,True,appendix,delay_threshold,delay_threshold,fig_exp1_delay_survival_data,delay_threshold,49,,,,frozen appendix diagnostic,source table,,,,,fig_exp1_delay_survival_data.csv,353
exp1_appendix_delay_coupling_diagnostics,a,exp1_alignment_transfer,exp1_alignment_transfer:full:2026-08-17T06:28:21.157011+00:00,paper,True,appendix,delay_threshold,delay_threshold,fig_exp1_delay_survival_data,delay_threshold,50,,,,frozen appendix diagnostic,source table,,,,,fig_exp1_delay_survival_data.csv,354
exp1_appendix_delay_coupling_diagnostics,a,exp1_alignment_transfer,exp1_alignment_transfer:full:2026-08-17T06:28:21.157011+00:00,paper,True,appendix,delay_threshold,delay_threshold,fig_exp1_delay_survival_data,delay_threshold,51,,,,frozen appendix diagnostic,source table,,,,,fig_exp1_delay_survival_data.csv,355
exp1_appendix_delay_coupling_diagnostics,a,exp1_alignment_transfer,exp1_alignment_transfer:full:2026-08-17T06:28:21.157011+00:00,paper,True,appendix,delay_threshold,delay_threshold,fig_exp1_delay_survival_data,delay_threshold,52,,,,frozen appendix diagnostic,source table,,,,,fig_exp1_delay_survival_data.csv,356
exp1_appendix_delay_coupling_diagnostics,a,exp1_alignment_transfer,exp1_alignment_transfer:full:2026-08-17T06:28:21.157011+00:00,paper,True,appendix,delay_threshold,delay_threshold,fig_exp1_delay_survival_data,delay_threshold,53,,,,frozen appendix diagnostic,source table,,,,,fig_exp1_delay_survival_data.csv,357
exp1_appendix_delay_coupling_diagnostics,a,exp1_alignment_transfer,exp1_alignment_transfer:full:2026-08-17T06:28:21.157011+00:00,paper,True,appendix,delay_threshold,delay_threshold,fig_exp1_delay_survival_data,delay_threshold,54,,,,frozen appendix diagnostic,source table,,,,,fig_exp1_delay_survival_data.csv,358
exp1_appendix_delay_coupling_diagnostics,a,exp1_alignment_transfer,exp1_alignment_transfer:full:2026-08-17T06:28:21.157011+00:00,paper,True,appendix,delay_threshold,delay_threshold,fig_exp1_delay_survival_data,delay_threshold,55,,,,frozen appendix diagnostic,source table,,,,,fig_exp1_delay_survival_data.csv,359
exp1_appendix_delay_coupling_diagnostics,a,exp1_alignment_transfer,exp1_alignment_transfer:full:2026-08-17T06:28:21.157011+00:00,paper,True,appendix,delay_threshold,delay_threshold,fig_exp1_delay_survival_data,delay_threshold,56,,,,frozen appendix diagnostic,source table,,,,,fig_exp1_delay_survival_data.csv,360
exp1_appendix_delay_coupling_diagnostics,a,exp1_alignment_transfer,exp1_alignment_transfer:full:2026-08-17T06:28:21.157011+00:00,paper,True,appendix,delay_threshold,delay_threshold,fig_exp1_delay_survival_data,delay_threshold,57,,,,frozen appendix diagnostic,source table,,,,,fig_exp1_delay_survival_data.csv,361
exp1_appendix_delay_coupling_diagnostics,a,exp1_alignment_transfer,exp1_alignment_transfer:full:2026-08-17T06:28:21.157011+00:00,paper,True,appendix,delay_threshold,delay_threshold,fig_exp1_delay_survival_data,delay_threshold,58,,,,frozen appendix diagnostic,source table,,,,,fig_exp1_delay_survival_data.csv,362
exp1_appendix_delay_coupling_diagnostics,a,exp1_alignment_transfer,exp1_alignment_transfer:full:2026-08-17T06:28:21.157011+00:00,paper,True,appendix,delay_threshold,delay_threshold,fig_exp1_delay_survival_data,delay_threshold,59,,,,frozen appendix diagnostic,source table,,,,,fig_exp1_delay_survival_data.csv,363
exp1_appendix_delay_coupling_diagnostics,a,exp1_alignment_transfer,exp1_alignment_transfer:full:2026-08-17T06:28:21.157011+00:00,paper,True,appendix,delay_threshold,delay_threshold,fig_exp1_delay_survival_data,delay_threshold,60,,,,frozen appendix diagnostic,source table,,,,,fig_exp1_delay_survival_data.csv,364
exp1_appendix_delay_coupling_diagnostics,a,exp1_alignment_transfer,exp1_alignment_transfer:full:2026-08-17T06:28:21.157011+00:00,paper,True,appendix,delay_threshold,delay_threshold,fig_exp1_delay_survival_data,delay_threshold,61,,,,frozen appendix diagnostic,source table,,,,,fig_exp1_delay_survival_data.csv,365
exp1_appendix_delay_coupling_diagnostics,a,exp1_alignment_transfer,exp1_alignment_transfer:full:2026-08-17T06:28:21.157011+00:00,paper,True,appendix,delay_threshold,delay_threshold,fig_exp1_delay_survival_data,delay_threshold,62,,,,frozen appendix diagnostic,source table,,,,,fig_exp1_delay_survival_data.csv,366
exp1_appendix_delay_coupling_diagnostics,a,exp1_alignment_transfer,exp1_alignment_transfer:full:2026-08-17T06:28:21.157011+00:00,paper,True,appendix,delay_threshold,delay_threshold,fig_exp1_delay_survival_data,delay_threshold,63,,,,frozen appendix diagnostic,source table,,,,,fig_exp1_delay_survival_data.csv,367
exp1_appendix_delay_coupling_diagnostics,a,exp1_alignment_transfer,exp1_alignment_transfer:full:2026-08-17T06:28:21.157011+00:00,paper,True,appendix,delay_threshold,delay_threshold,fig_exp1_delay_survival_data,delay_threshold,64,,,,frozen appendix diagnostic,source table,,,,,fig_exp1_delay_survival_data.csv,368
exp1_appendix_delay_coupling_diagnostics,a,exp1_alignment_transfer,exp1_alignment_transfer:full:2026-08-17T06:28:21.157011+00:00,paper,True,appendix,delay_threshold,delay_threshold,fig_exp1_delay_survival_data,delay_threshold,65,,,,frozen appendix diagnostic,source table,,,,,fig_exp1_delay_survival_data.csv,369
exp1_appendix_delay_coupling_diagnostics,a,exp1_alignment_transfer,exp1_alignment_transfer:full:2026-08-17T06:28:21.157011+00:00,paper,True,appendix,delay_threshold,delay_threshold,fig_exp1_delay_survival_data,delay_threshold,66,,,,frozen appendix diagnostic,source table,,,,,fig_exp1_delay_survival_data.csv,370
exp1_appendix_delay_coupling_diagnostics,a,exp1_alignment_transfer,exp1_alignment_transfer:full:2026-08-17T06:28:21.157011+00:00,paper,True,appendix,delay_threshold,delay_threshold,fig_exp1_delay_survival_data,delay_threshold,67,,,,frozen appendix diagnostic,source table,,,,,fig_exp1_delay_survival_data.csv,371
exp1_appendix_delay_coupling_diagnostics,a,exp1_alignment_transfer,exp1_alignment_transfer:full:2026-08-17T06:28:21.157011+00:00,paper,True,appendix,delay_threshold,delay_threshold,fig_exp1_delay_survival_data,delay_threshold,68,,,,frozen appendix diagnostic,source table,,,,,fig_exp1_delay_survival_data.csv,372
exp1_appendix_delay_coupling_diagnostics,a,exp1_alignment_transfer,exp1_alignment_transfer:full:2026-08-17T06:28:21.157011+00:00,paper,True,appendix,delay_threshold,delay_threshold,fig_exp1_delay_survival_data,delay_threshold,69,,,,frozen appendix diagnostic,source table,,,,,fig_exp1_delay_survival_data.csv,373
exp1_appendix_delay_coupling_diagnostics,a,exp1_alignment_transfer,exp1_alignment_transfer:full:2026-08-17T06:28:21.157011+00:00,paper,True,appendix,delay_threshold,delay_threshold,fig_exp1_delay_survival_data,delay_threshold,70,,,,frozen appendix diagnostic,source table,,,,,fig_exp1_delay_survival_data.csv,374
exp1_appendix_delay_coupling_diagnostics,a,exp1_alignment_transfer,exp1_alignment_transfer:full:2026-08-17T06:28:21.157011+00:00,paper,True,appendix,delay_threshold,delay_threshold,fig_exp1_delay_survival_data,delay_threshold,71,,,,frozen appendix diagnostic,source table,,,,,fig_exp1_delay_survival_data.csv,375
exp1_appendix_delay_coupling_diagnostics,a,exp1_alignment_transfer,exp1_alignment_transfer:full:2026-08-17T06:28:21.157011+00:00,paper,True,appendix,delay_threshold,delay_threshold,fig_exp1_delay_survival_data,delay_threshold,72,,,,frozen appendix diagnostic,source table,,,,,fig_exp1_delay_survival_data.csv,376
exp1_appendix_delay_coupling_diagnostics,a,exp1_alignment_transfer,exp1_alignment_transfer:full:2026-08-17T06:28:21.157011+00:00,paper,True,appendix,delay_threshold,delay_threshold,fig_exp1_delay_survival_data,delay_threshold,73,,,,frozen appendix diagnostic,source table,,,,,fig_exp1_delay_survival_data.csv,377
exp1_appendix_delay_coupling_diagnostics,a,exp1_alignment_transfer,exp1_alignment_transfer:full:2026-08-17T06:28:21.157011+00:00,paper,True,appendix,delay_threshold,delay_threshold,fig_exp1_delay_survival_data,delay_threshold,74,,,,frozen appendix diagnostic,source table,,,,,fig_exp1_delay_survival_data.csv,378
exp1_appendix_delay_coupling_diagnostics,a,exp1_alignment_transfer,exp1_alignment_transfer:full:2026-08-17T06:28:21.157011+00:00,paper,True,appendix,delay_threshold,delay_threshold,fig_exp1_delay_survival_data,delay_threshold,75,,,,frozen appendix diagnostic,source table,,,,,fig_exp1_delay_survival_data.csv,379
exp1_appendix_delay_coupling_diagnostics,a,exp1_alignment_transfer,exp1_alignment_transfer:full:2026-08-17T06:28:21.157011+00:00,paper,True,appendix,delay_threshold,delay_threshold,fig_exp1_delay_survival_data,delay_threshold,76,,,,frozen appendix diagnostic,source table,,,,,fig_exp1_delay_survival_data.csv,380
exp1_appendix_delay_coupling_diagnostics,a,exp1_alignment_transfer,exp1_alignment_transfer:full:2026-08-17T06:28:21.157011+00:00,paper,True,appendix,delay_threshold,delay_threshold,fig_exp1_delay_survival_data,delay_threshold,77,,,,frozen appendix diagnostic,source table,,,,,fig_exp1_delay_survival_data.csv,381
exp1_appendix_delay_coupling_diagnostics,a,exp1_alignment_transfer,exp1_alignment_transfer:full:2026-08-17T06:28:21.157011+00:00,paper,True,appendix,delay_threshold,delay_threshold,fig_exp1_delay_survival_data,delay_threshold,78,,,,frozen appendix diagnostic,source table,,,,,fig_exp1_delay_survival_data.csv,382
exp1_appendix_delay_coupling_diagnostics,a,exp1_alignment_transfer,exp1_alignment_transfer:full:2026-08-17T06:28:21.157011+00:00,paper,True,appendix,delay_threshold,delay_threshold,fig_exp1_delay_survival_data,delay_threshold,79,,,,frozen appendix diagnostic,source table,,,,,fig_exp1_delay_survival_data.csv,383
exp1_appendix_delay_coupling_diagnostics,a,exp1_alignment_transfer,exp1_alignment_transfer:full:2026-08-17T06:28:21.157011+00:00,paper,True,appendix,delay_threshold,delay_threshold,fig_exp1_delay_survival_data,delay_threshold,80,,,,frozen appendix diagnostic,source table,,,,,fig_exp1_delay_survival_data.csv,384
exp1_appendix_delay_coupling_diagnostics,a,exp1_alignment_transfer,exp1_alignment_transfer:full:2026-08-17T06:28:21.157011+00:00,paper,True,appendix,delay_threshold,delay_threshold,fig_exp1_delay_survival_data,delay_threshold,81,,,,frozen appendix diagnostic,source table,,,,,fig_exp1_delay_survival_data.csv,385
exp1_appendix_delay_coupling_diagnostics,a,exp1_alignment_transfer,exp1_alignment_transfer:full:2026-08-17T06:28:21.157011+00:00,paper,True,appendix,delay_threshold,delay_threshold,fig_exp1_delay_survival_data,delay_threshold,82,,,,frozen appendix diagnostic,source table,,,,,fig_exp1_delay_survival_data.csv,386
exp1_appendix_delay_coupling_diagnostics,a,exp1_alignment_transfer,exp1_alignment_transfer:full:2026-08-17T06:28:21.157011+00:00,paper,True,appendix,delay_threshold,delay_threshold,fig_exp1_delay_survival_data,delay_threshold,83,,,,frozen appendix diagnostic,source table,,,,,fig_exp1_delay_survival_data.csv,387
exp1_appendix_delay_coupling_diagnostics,a,exp1_alignment_transfer,exp1_alignment_transfer:full:2026-08-17T06:28:21.157011+00:00,paper,True,appendix,delay_threshold,delay_threshold,fig_exp1_delay_survival_data,delay_threshold,84,,,,frozen appendix diagnostic,source table,,,,,fig_exp1_delay_survival_data.csv,388
exp1_appendix_delay_coupling_diagnostics,a,exp1_alignment_transfer,exp1_alignment_transfer:full:2026-08-17T06:28:21.157011+00:00,paper,True,appendix,delay_threshold,delay_threshold,fig_exp1_delay_survival_data,delay_threshold,85,,,,frozen appendix diagnostic,source table,,,,,fig_exp1_delay_survival_data.csv,389
exp1_appendix_delay_coupling_diagnostics,a,exp1_alignment_transfer,exp1_alignment_transfer:full:2026-08-17T06:28:21.157011+00:00,paper,True,appendix,delay_threshold,delay_threshold,fig_exp1_delay_survival_data,delay_threshold,86,,,,frozen appendix diagnostic,source table,,,,,fig_exp1_delay_survival_data.csv,390
exp1_appendix_delay_coupling_diagnostics,a,exp1_alignment_transfer,exp1_alignment_transfer:full:2026-08-17T06:28:21.157011+00:00,paper,True,appendix,delay_threshold,delay_threshold,fig_exp1_delay_survival_data,delay_threshold,87,,,,frozen appendix diagnostic,source table,,,,,fig_exp1_delay_survival_data.csv,391
exp1_appendix_delay_coupling_diagnostics,a,exp1_alignment_transfer,exp1_alignment_transfer:full:2026-08-17T06:28:21.157011+00:00,paper,True,appendix,delay_threshold,delay_threshold,fig_exp1_delay_survival_data,delay_threshold,88,,,,frozen appendix diagnostic,source table,,,,,fig_exp1_delay_survival_data.csv,392
exp1_appendix_delay_coupling_diagnostics,a,exp1_alignment_transfer,exp1_alignment_transfer:full:2026-08-17T06:28:21.157011+00:00,paper,True,appendix,delay_threshold,delay_threshold,fig_exp1_delay_survival_data,delay_threshold,89,,,,frozen appendix diagnostic,source table,,,,,fig_exp1_delay_survival_data.csv,393
exp1_appendix_delay_coupling_diagnostics,a,exp1_alignment_transfer,exp1_alignment_transfer:full:2026-08-17T06:28:21.157011+00:00,paper,True,appendix,delay_threshold,delay_threshold,fig_exp1_delay_survival_data,delay_threshold,90,,,,frozen appendix diagnostic,source table,,,,,fig_exp1_delay_survival_data.csv,394
exp1_appendix_delay_coupling_diagnostics,a,exp1_alignment_transfer,exp1_alignment_transfer:full:2026-08-17T06:28:21.157011+00:00,paper,True,appendix,delay_threshold,delay_threshold,fig_exp1_delay_survival_data,delay_threshold,91,,,,frozen appendix diagnostic,source table,,,,,fig_exp1_delay_survival_data.csv,395
exp1_appendix_delay_coupling_diagnostics,a,exp1_alignment_transfer,exp1_alignment_transfer:full:2026-08-17T06:28:21.157011+00:00,paper,True,appendix,delay_threshold,delay_threshold,fig_exp1_delay_survival_data,delay_threshold,92,,,,frozen appendix diagnostic,source table,,,,,fig_exp1_delay_survival_data.csv,396
exp1_appendix_delay_coupling_diagnostics,a,exp1_alignment_transfer,exp1_alignment_transfer:full:2026-08-17T06:28:21.157011+00:00,paper,True,appendix,delay_threshold,delay_threshold,fig_exp1_delay_survival_data,delay_threshold,93,,,,frozen appendix diagnostic,source table,,,,,fig_exp1_delay_survival_data.csv,397
exp1_appendix_delay_coupling_diagnostics,a,exp1_alignment_transfer,exp1_alignment_transfer:full:2026-08-17T06:28:21.157011+00:00,paper,True,appendix,delay_threshold,delay_threshold,fig_exp1_delay_survival_data,delay_threshold,94,,,,frozen appendix diagnostic,source table,,,,,fig_exp1_delay_survival_data.csv,398
exp1_appendix_delay_coupling_diagnostics,a,exp1_alignment_transfer,exp1_alignment_transfer:full:2026-08-17T06:28:21.157011+00:00,paper,True,appendix,delay_threshold,delay_threshold,fig_exp1_delay_survival_data,delay_threshold,95,,,,frozen appendix diagnostic,source table,,,,,fig_exp1_delay_survival_data.csv,399
exp1_appendix_delay_coupling_diagnostics,a,exp1_alignment_transfer,exp1_alignment_transfer:full:2026-08-17T06:28:21.157011+00:00,paper,True,appendix,delay_threshold,delay_threshold,fig_exp1_delay_survival_data,delay_threshold,96,,,,frozen appendix diagnostic,source table,,,,,fig_exp1_delay_survival_data.csv,400
exp1_appendix_delay_coupling_diagnostics,a,exp1_alignment_transfer,exp1_alignment_transfer:full:2026-08-17T06:28:21.157011+00:00,paper,True,appendix,delay_threshold,delay_threshold,fig_exp1_delay_survival_data,delay_threshold,97,,,,frozen appendix diagnostic,source table,,,,,fig_exp1_delay_survival_data.csv,401
exp1_appendix_delay_coupling_diagnostics,a,exp1_alignment_transfer,exp1_alignment_transfer:full:2026-08-17T06:28:21.157011+00:00,paper,True,appendix,delay_threshold,delay_threshold,fig_exp1_delay_survival_data,delay_threshold,98,,,,frozen appendix diagnostic,source table,,,,,fig_exp1_delay_survival_data.csv,402
exp1_appendix_delay_coupling_diagnostics,a,exp1_alignment_transfer,exp1_alignment_transfer:full:2026-08-17T06:28:21.157011+00:00,paper,True,appendix,delay_threshold,delay_threshold,fig_exp1_delay_survival_data,delay_threshold,99,,,,frozen appendix diagnostic,source table,,,,,fig_exp1_delay_survival_data.csv,403
exp1_appendix_delay_coupling_diagnostics,a,exp1_alignment_transfer,exp1_alignment_transfer:full:2026-08-17T06:28:21.157011+00:00,paper,True,appendix,delay_threshold,delay_threshold,fig_exp1_delay_survival_data,delay_threshold,100,,,,frozen appendix diagnostic,source table,,,,,fig_exp1_delay_survival_data.csv,404
exp1_appendix_delay_coupling_diagnostics,a,exp1_alignment_transfer,exp1_alignment_transfer:full:2026-08-17T06:28:21.157011+00:00,paper,True,appendix,delay_threshold,delay_threshold,fig_exp1_delay_survival_data,delay_threshold,0,,,,frozen appendix diagnostic,source table,,,,,fig_exp1_delay_survival_data.csv,405
exp1_appendix_delay_coupling_diagnostics,a,exp1_alignment_transfer,exp1_alignment_transfer:full:2026-08-17T06:28:21.157011+00:00,paper,True,appendix,delay_threshold,delay_threshold,fig_exp1_delay_survival_data,delay_threshold,1,,,,frozen appendix diagnostic,source table,,,,,fig_exp1_delay_survival_data.csv,406
exp1_appendix_delay_coupling_diagnostics,a,exp1_alignment_transfer,exp1_alignment_transfer:full:2026-08-17T06:28:21.157011+00:00,paper,True,appendix,delay_threshold,delay_threshold,fig_exp1_delay_survival_data,delay_threshold,2,,,,frozen appendix diagnostic,source table,,,,,fig_exp1_delay_survival_data.csv,407
exp1_appendix_delay_coupling_diagnostics,a,exp1_alignment_transfer,exp1_alignment_transfer:full:2026-08-17T06:28:21.157011+00:00,paper,True,appendix,delay_threshold,delay_threshold,fig_exp1_delay_survival_data,delay_threshold,3,,,,frozen appendix diagnostic,source table,,,,,fig_exp1_delay_survival_data.csv,408
exp1_appendix_delay_coupling_diagnostics,a,exp1_alignment_transfer,exp1_alignment_transfer:full:2026-08-17T06:28:21.157011+00:00,paper,True,appendix,delay_threshold,delay_threshold,fig_exp1_delay_survival_data,delay_threshold,4,,,,frozen appendix diagnostic,source table,,,,,fig_exp1_delay_survival_data.csv,409
exp1_appendix_delay_coupling_diagnostics,a,exp1_alignment_transfer,exp1_alignment_transfer:full:2026-08-17T06:28:21.157011+00:00,paper,True,appendix,delay_threshold,delay_threshold,fig_exp1_delay_survival_data,delay_threshold,5,,,,frozen appendix diagnostic,source table,,,,,fig_exp1_delay_survival_data.csv,410
exp1_appendix_delay_coupling_diagnostics,a,exp1_alignment_transfer,exp1_alignment_transfer:full:2026-08-17T06:28:21.157011+00:00,paper,True,appendix,delay_threshold,delay_threshold,fig_exp1_delay_survival_data,delay_threshold,6,,,,frozen appendix diagnostic,source table,,,,,fig_exp1_delay_survival_data.csv,411
exp1_appendix_delay_coupling_diagnostics,a,exp1_alignment_transfer,exp1_alignment_transfer:full:2026-08-17T06:28:21.157011+00:00,paper,True,appendix,delay_threshold,delay_threshold,fig_exp1_delay_survival_data,delay_threshold,7,,,,frozen appendix diagnostic,source table,,,,,fig_exp1_delay_survival_data.csv,412
exp1_appendix_delay_coupling_diagnostics,a,exp1_alignment_transfer,exp1_alignment_transfer:full:2026-08-17T06:28:21.157011+00:00,paper,True,appendix,delay_threshold,delay_threshold,fig_exp1_delay_survival_data,delay_threshold,8,,,,frozen appendix diagnostic,source table,,,,,fig_exp1_delay_survival_data.csv,413
exp1_appendix_delay_coupling_diagnostics,a,exp1_alignment_transfer,exp1_alignment_transfer:full:2026-08-17T06:28:21.157011+00:00,paper,True,appendix,delay_threshold,delay_threshold,fig_exp1_delay_survival_data,delay_threshold,9,,,,frozen appendix diagnostic,source table,,,,,fig_exp1_delay_survival_data.csv,414
exp1_appendix_delay_coupling_diagnostics,a,exp1_alignment_transfer,exp1_alignment_transfer:full:2026-08-17T06:28:21.157011+00:00,paper,True,appendix,delay_threshold,delay_threshold,fig_exp1_delay_survival_data,delay_threshold,10,,,,frozen appendix diagnostic,source table,,,,,fig_exp1_delay_survival_data.csv,415
exp1_appendix_delay_coupling_diagnostics,a,exp1_alignment_transfer,exp1_alignment_transfer:full:2026-08-17T06:28:21.157011+00:00,paper,True,appendix,delay_threshold,delay_threshold,fig_exp1_delay_survival_data,delay_threshold,11,,,,frozen appendix diagnostic,source table,,,,,fig_exp1_delay_survival_data.csv,416
exp1_appendix_delay_coupling_diagnostics,a,exp1_alignment_transfer,exp1_alignment_transfer:full:2026-08-17T06:28:21.157011+00:00,paper,True,appendix,delay_threshold,delay_threshold,fig_exp1_delay_survival_data,delay_threshold,12,,,,frozen appendix diagnostic,source table,,,,,fig_exp1_delay_survival_data.csv,417
exp1_appendix_delay_coupling_diagnostics,a,exp1_alignment_transfer,exp1_alignment_transfer:full:2026-08-17T06:28:21.157011+00:00,paper,True,appendix,delay_threshold,delay_threshold,fig_exp1_delay_survival_data,delay_threshold,13,,,,frozen appendix diagnostic,source table,,,,,fig_exp1_delay_survival_data.csv,418
exp1_appendix_delay_coupling_diagnostics,a,exp1_alignment_transfer,exp1_alignment_transfer:full:2026-08-17T06:28:21.157011+00:00,paper,True,appendix,delay_threshold,delay_threshold,fig_exp1_delay_survival_data,delay_threshold,14,,,,frozen appendix diagnostic,source table,,,,,fig_exp1_delay_survival_data.csv,419
exp1_appendix_delay_coupling_diagnostics,a,exp1_alignment_transfer,exp1_alignment_transfer:full:2026-08-17T06:28:21.157011+00:00,paper,True,appendix,delay_threshold,delay_threshold,fig_exp1_delay_survival_data,delay_threshold,15,,,,frozen appendix diagnostic,source table,,,,,fig_exp1_delay_survival_data.csv,420
exp1_appendix_delay_coupling_diagnostics,a,exp1_alignment_transfer,exp1_alignment_transfer:full:2026-08-17T06:28:21.157011+00:00,paper,True,appendix,estimate,estimate,fig_exp1_delay_survival_data,estimate,0,,,,frozen appendix diagnostic,source table,,,,,fig_exp1_delay_survival_data.csv,0
exp1_appendix_delay_coupling_diagnostics,a,exp1_alignment_transfer,exp1_alignment_transfer:full:2026-08-17T06:28:21.157011+00:00,paper,True,appendix,estimate,estimate,fig_exp1_delay_survival_data,estimate,0.93884000000000001,,,,frozen appendix diagnostic,source table,,,,,fig_exp1_delay_survival_data.csv,1
exp1_appendix_delay_coupling_diagnostics,a,exp1_alignment_transfer,exp1_alignment_transfer:full:2026-08-17T06:28:21.157011+00:00,paper,True,appendix,estimate,estimate,fig_exp1_delay_survival_data,estimate,0.88195999999999986,,,,frozen appendix diagnostic,source table,,,,,fig_exp1_delay_survival_data.csv,2
exp1_appendix_delay_coupling_diagnostics,a,exp1_alignment_transfer,exp1_alignment_transfer:full:2026-08-17T06:28:21.157011+00:00,paper,True,appendix,estimate,estimate,fig_exp1_delay_survival_data,estimate,0.82778666666666667,,,,frozen appendix diagnostic,source table,,,,,fig_exp1_delay_survival_data.csv,3
exp1_appendix_delay_coupling_diagnostics,a,exp1_alignment_transfer,exp1_alignment_transfer:full:2026-08-17T06:28:21.157011+00:00,paper,True,appendix,estimate,estimate,fig_exp1_delay_survival_data,estimate,0.77643333333333331,,,,frozen appendix diagnostic,source table,,,,,fig_exp1_delay_survival_data.csv,4
exp1_appendix_delay_coupling_diagnostics,a,exp1_alignment_transfer,exp1_alignment_transfer:full:2026-08-17T06:28:21.157011+00:00,paper,True,appendix,estimate,estimate,fig_exp1_delay_survival_data,estimate,0.72864000000000007,,,,frozen appendix diagnostic,source table,,,,,fig_exp1_delay_survival_data.csv,5
exp1_appendix_delay_coupling_diagnostics,a,exp1_alignment_transfer,exp1_alignment_transfer:full:2026-08-17T06:28:21.157011+00:00,paper,True,appendix,estimate,estimate,fig_exp1_delay_survival_data,estimate,0.68273333333333341,,,,frozen appendix diagnostic,source table,,,,,fig_exp1_delay_survival_data.csv,6
exp1_appendix_delay_coupling_diagnostics,a,exp1_alignment_transfer,exp1_alignment_transfer:full:2026-08-17T06:28:21.157011+00:00,paper,True,appendix,estimate,estimate,fig_exp1_delay_survival_data,estimate,0.64093333333333335,,,,frozen appendix diagnostic,source table,,,,,fig_exp1_delay_survival_data.csv,7
exp1_appendix_delay_coupling_diagnostics,a,exp1_alignment_transfer,exp1_alignment_transfer:full:2026-08-17T06:28:21.157011+00:00,paper,True,appendix,estimate,estimate,fig_exp1_delay_survival_data,estimate,0.60061333333333344,,,,frozen appendix diagnostic,source table,,,,,fig_exp1_delay_survival_data.csv,8
exp1_appendix_delay_coupling_diagnostics,a,exp1_alignment_transfer,exp1_alignment_transfer:full:2026-08-17T06:28:21.157011+00:00,paper,True,appendix,estimate,estimate,fig_exp1_delay_survival_data,estimate,0.56353333333333344,,,,frozen appendix diagnostic,source table,,,,,fig_exp1_delay_survival_data.csv,9
exp1_appendix_delay_coupling_diagnostics,a,exp1_alignment_transfer,exp1_alignment_transfer:full:2026-08-17T06:28:21.157011+00:00,paper,True,appendix,estimate,estimate,fig_exp1_delay_survival_data,estimate,0.52847999999999995,,,,frozen appendix diagnostic,source table,,,,,fig_exp1_delay_survival_data.csv,10
exp1_appendix_delay_coupling_diagnostics,a,exp1_alignment_transfer,exp1_alignment_transfer:full:2026-08-17T06:28:21.157011+00:00,paper,True,appendix,estimate,estimate,fig_exp1_delay_survival_data,estimate,0.49485333333333331,,,,frozen appendix diagnostic,source table,,,,,fig_exp1_delay_survival_data.csv,11
exp1_appendix_delay_coupling_diagnostics,a,exp1_alignment_transfer,exp1_alignment_transfer:full:2026-08-17T06:28:21.157011+00:00,paper,True,appendix,estimate,estimate,fig_exp1_delay_survival_data,estimate,0.46351999999999999,,,,frozen appendix diagnostic,source table,,,,,fig_exp1_delay_survival_data.csv,12
exp1_appendix_delay_coupling_diagnostics,a,exp1_alignment_transfer,exp1_alignment_transfer:full:2026-08-17T06:28:21.157011+00:00,paper,True,appendix,estimate,estimate,fig_exp1_delay_survival_data,estimate,0.43468000000000001,,,,frozen appendix diagnostic,source table,,,,,fig_exp1_delay_survival_data.csv,13
exp1_appendix_delay_coupling_diagnostics,a,exp1_alignment_transfer,exp1_alignment_transfer:full:2026-08-17T06:28:21.157011+00:00,paper,True,appendix,estimate,estimate,fig_exp1_delay_survival_data,estimate,0.4072533333333333,,,,frozen appendix diagnostic,source table,,,,,fig_exp1_delay_survival_data.csv,14
exp1_appendix_delay_coupling_diagnostics,a,exp1_alignment_transfer,exp1_alignment_transfer:full:2026-08-17T06:28:21.157011+00:00,paper,True,appendix,estimate,estimate,fig_exp1_delay_survival_data,estimate,0.3824466666666666,,,,frozen appendix diagnostic,source table,,,,,fig_exp1_delay_survival_data.csv,15
exp1_appendix_delay_coupling_diagnostics,a,exp1_alignment_transfer,exp1_alignment_transfer:full:2026-08-17T06:28:21.157011+00:00,paper,True,appendix,estimate,estimate,fig_exp1_delay_survival_data,estimate,0.35831999999999992,,,,frozen appendix diagnostic,source table,,,,,fig_exp1_delay_survival_data.csv,16
exp1_appendix_delay_coupling_diagnostics,a,exp1_alignment_transfer,exp1_alignment_transfer:full:2026-08-17T06:28:21.157011+00:00,paper,True,appendix,estimate,estimate,fig_exp1_delay_survival_data,estimate,0.33623333333333327,,,,frozen appendix diagnostic,source table,,,,,fig_exp1_delay_survival_data.csv,17
exp1_appendix_delay_coupling_diagnostics,a,exp1_alignment_transfer,exp1_alignment_transfer:full:2026-08-17T06:28:21.157011+00:00,paper,True,appendix,estimate,estimate,fig_exp1_delay_survival_data,estimate,0.3148333333333333,,,,frozen appendix diagnostic,source table,,,,,fig_exp1_delay_survival_data.csv,18
exp1_appendix_delay_coupling_diagnostics,a,exp1_alignment_transfer,exp1_alignment_transfer:full:2026-08-17T06:28:21.157011+00:00,paper,True,appendix,estimate,estimate,fig_exp1_delay_survival_data,estimate,0.2955266666666666,,,,frozen appendix diagnostic,source table,,,,,fig_exp1_delay_survival_data.csv,19
exp1_appendix_delay_coupling_diagnostics,a,exp1_alignment_transfer,exp1_alignment_transfer:full:2026-08-17T06:28:21.157011+00:00,paper,True,appendix,estimate,estimate,fig_exp1_delay_survival_data,estimate,0.27660000000000001,,,,frozen appendix diagnostic,source table,,,,,fig_exp1_delay_survival_data.csv,20
exp1_appendix_delay_coupling_diagnostics,a,exp1_alignment_transfer,exp1_alignment_transfer:full:2026-08-17T06:28:21.157011+00:00,paper,True,appendix,estimate,estimate,fig_exp1_delay_survival_data,estimate,0.25924000000000003,,,,frozen appendix diagnostic,source table,,,,,fig_exp1_delay_survival_data.csv,21
exp1_appendix_delay_coupling_diagnostics,a,exp1_alignment_transfer,exp1_alignment_transfer:full:2026-08-17T06:28:21.157011+00:00,paper,True,appendix,estimate,estimate,fig_exp1_delay_survival_data,estimate,0.2426666666666667,,,,frozen appendix diagnostic,source table,,,,,fig_exp1_delay_survival_data.csv,22
exp1_appendix_delay_coupling_diagnostics,a,exp1_alignment_transfer,exp1_alignment_transfer:full:2026-08-17T06:28:21.157011+00:00,paper,True,appendix,estimate,estimate,fig_exp1_delay_survival_data,estimate,0.2273533333333333,,,,frozen appendix diagnostic,source table,,,,,fig_exp1_delay_survival_data.csv,23
exp1_appendix_delay_coupling_diagnostics,a,exp1_alignment_transfer,exp1_alignment_transfer:full:2026-08-17T06:28:21.157011+00:00,paper,True,appendix,estimate,estimate,fig_exp1_delay_survival_data,estimate,0.21265999999999999,,,,frozen appendix diagnostic,source table,,,,,fig_exp1_delay_survival_data.csv,24
exp1_appendix_delay_coupling_diagnostics,a,exp1_alignment_transfer,exp1_alignment_transfer:full:2026-08-17T06:28:21.157011+00:00,paper,True,appendix,estimate,estimate,fig_exp1_delay_survival_data,estimate,0.19900666666666661,,,,frozen appendix diagnostic,source table,,,,,fig_exp1_delay_survival_data.csv,25
exp1_appendix_delay_coupling_diagnostics,a,exp1_alignment_transfer,exp1_alignment_transfer:full:2026-08-17T06:28:21.157011+00:00,paper,True,appendix,estimate,estimate,fig_exp1_delay_survival_data,estimate,0.18663999999999989,,,,frozen appendix diagnostic,source table,,,,,fig_exp1_delay_survival_data.csv,26
exp1_appendix_delay_coupling_diagnostics,a,exp1_alignment_transfer,exp1_alignment_transfer:full:2026-08-17T06:28:21.157011+00:00,paper,True,appendix,estimate,estimate,fig_exp1_delay_survival_data,estimate,0.1749,,,,frozen appendix diagnostic,source table,,,,,fig_exp1_delay_survival_data.csv,27
exp1_appendix_delay_coupling_diagnostics,a,exp1_alignment_transfer,exp1_alignment_transfer:full:2026-08-17T06:28:21.157011+00:00,paper,True,appendix,estimate,estimate,fig_exp1_delay_survival_data,estimate,0.16357999999999989,,,,frozen appendix diagnostic,source table,,,,,fig_exp1_delay_survival_data.csv,28
exp1_appendix_delay_coupling_diagnostics,a,exp1_alignment_transfer,exp1_alignment_transfer:full:2026-08-17T06:28:21.157011+00:00,paper,True,appendix,estimate,estimate,fig_exp1_delay_survival_data,estimate,0.15343999999999991,,,,frozen appendix diagnostic,source table,,,,,fig_exp1_delay_survival_data.csv,29
exp1_appendix_delay_coupling_diagnostics,a,exp1_alignment_transfer,exp1_alignment_transfer:full:2026-08-17T06:28:21.157011+00:00,paper,True,appendix,estimate,estimate,fig_exp1_delay_survival_data,estimate,0.14404,,,,frozen appendix diagnostic,source table,,,,,fig_exp1_delay_survival_data.csv,30
exp1_appendix_delay_coupling_diagnostics,a,exp1_alignment_transfer,exp1_alignment_transfer:full:2026-08-17T06:28:21.157011+00:00,paper,True,appendix,estimate,estimate,fig_exp1_delay_survival_data,estimate,0.13532,,,,frozen appendix diagnostic,source table,,,,,fig_exp1_delay_survival_data.csv,31
exp1_appendix_delay_coupling_diagnostics,a,exp1_alignment_transfer,exp1_alignment_transfer:full:2026-08-17T06:28:21.157011+00:00,paper,True,appendix,estimate,estimate,fig_exp1_delay_survival_data,estimate,0.1268399999999999,,,,frozen appendix diagnostic,source table,,,,,fig_exp1_delay_survival_data.csv,32
exp1_appendix_delay_coupling_diagnostics,a,exp1_alignment_transfer,exp1_alignment_transfer:full:2026-08-17T06:28:21.157011+00:00,paper,True,appendix,estimate,estimate,fig_exp1_delay_survival_data,estimate,0.1189533333333333,,,,frozen appendix diagnostic,source table,,,,,fig_exp1_delay_survival_data.csv,33
exp1_appendix_delay_coupling_diagnostics,a,exp1_alignment_transfer,exp1_alignment_transfer:full:2026-08-17T06:28:21.157011+00:00,paper,True,appendix,estimate,estimate,fig_exp1_delay_survival_data,estimate,0.1114266666666666,,,,frozen appendix diagnostic,source table,,,,,fig_exp1_delay_survival_data.csv,34
exp1_appendix_delay_coupling_diagnostics,a,exp1_alignment_transfer,exp1_alignment_transfer:full:2026-08-17T06:28:21.157011+00:00,paper,True,appendix,estimate,estimate,fig_exp1_delay_survival_data,estimate,0.1043533333333333,,,,frozen appendix diagnostic,source table,,,,,fig_exp1_delay_survival_data.csv,35
exp1_appendix_delay_coupling_diagnostics,a,exp1_alignment_transfer,exp1_alignment_transfer:full:2026-08-17T06:28:21.157011+00:00,paper,True,appendix,estimate,estimate,fig_exp1_delay_survival_data,estimate,0.097939999999999999,,,,frozen appendix diagnostic,source table,,,,,fig_exp1_delay_survival_data.csv,36
exp1_appendix_delay_coupling_diagnostics,a,exp1_alignment_transfer,exp1_alignment_transfer:full:2026-08-17T06:28:21.157011+00:00,paper,True,appendix,estimate,estimate,fig_exp1_delay_survival_data,estimate,0.091593333333333304,,,,frozen appendix diagnostic,source table,,,,,fig_exp1_delay_survival_data.csv,37
exp1_appendix_delay_coupling_diagnostics,a,exp1_alignment_transfer,exp1_alignment_transfer:full:2026-08-17T06:28:21.157011+00:00,paper,True,appendix,estimate,estimate,fig_exp1_delay_survival_data,estimate,0.085720000000000005,,,,frozen appendix diagnostic,source table,,,,,fig_exp1_delay_survival_data.csv,38
exp1_appendix_delay_coupling_diagnostics,a,exp1_alignment_transfer,exp1_alignment_transfer:full:2026-08-17T06:28:21.157011+00:00,paper,True,appendix,estimate,estimate,fig_exp1_delay_survival_data,estimate,0.080493333333333306,,,,frozen appendix diagnostic,source table,,,,,fig_exp1_delay_survival_data.csv,39
exp1_appendix_delay_coupling_diagnostics,a,exp1_alignment_transfer,exp1_alignment_transfer:full:2026-08-17T06:28:21.157011+00:00,paper,True,appendix,estimate,estimate,fig_exp1_delay_survival_data,estimate,0.075706666666666603,,,,frozen appendix diagnostic,source table,,,,,fig_exp1_delay_survival_data.csv,40
exp1_appendix_delay_coupling_diagnostics,a,exp1_alignment_transfer,exp1_alignment_transfer:full:2026-08-17T06:28:21.157011+00:00,paper,True,appendix,estimate,estimate,fig_exp1_delay_survival_data,estimate,0.070893333333333294,,,,frozen appendix diagnostic,source table,,,,,fig_exp1_delay_survival_data.csv,41
exp1_appendix_delay_coupling_diagnostics,a,exp1_alignment_transfer,exp1_alignment_transfer:full:2026-08-17T06:28:21.157011+00:00,paper,True,appendix,estimate,estimate,fig_exp1_delay_survival_data,estimate,0.066273333333333295,,,,frozen appendix diagnostic,source table,,,,,fig_exp1_delay_survival_data.csv,42
exp1_appendix_delay_coupling_diagnostics,a,exp1_alignment_transfer,exp1_alignment_transfer:full:2026-08-17T06:28:21.157011+00:00,paper,True,appendix,estimate,estimate,fig_exp1_delay_survival_data,estimate,0.061853333333333302,,,,frozen appendix diagnostic,source table,,,,,fig_exp1_delay_survival_data.csv,43
exp1_appendix_delay_coupling_diagnostics,a,exp1_alignment_transfer,exp1_alignment_transfer:full:2026-08-17T06:28:21.157011+00:00,paper,True,appendix,estimate,estimate,fig_exp1_delay_survival_data,estimate,0.057926666666666599,,,,frozen appendix diagnostic,source table,,,,,fig_exp1_delay_survival_data.csv,44
exp1_appendix_delay_coupling_diagnostics,a,exp1_alignment_transfer,exp1_alignment_transfer:full:2026-08-17T06:28:21.157011+00:00,paper,True,appendix,estimate,estimate,fig_exp1_delay_survival_data,estimate,0.054120000000000001,,,,frozen appendix diagnostic,source table,,,,,fig_exp1_delay_survival_data.csv,45
exp1_appendix_delay_coupling_diagnostics,a,exp1_alignment_transfer,exp1_alignment_transfer:full:2026-08-17T06:28:21.157011+00:00,paper,True,appendix,estimate,estimate,fig_exp1_delay_survival_data,estimate,0.050739999999999903,,,,frozen appendix diagnostic,source table,,,,,fig_exp1_delay_survival_data.csv,46
exp1_appendix_delay_coupling_diagnostics,a,exp1_alignment_transfer,exp1_alignment_transfer:full:2026-08-17T06:28:21.157011+00:00,paper,True,appendix,estimate,estimate,fig_exp1_delay_survival_data,estimate,0.047286666666666602,,,,frozen appendix diagnostic,source table,,,,,fig_exp1_delay_survival_data.csv,47
exp1_appendix_delay_coupling_diagnostics,a,exp1_alignment_transfer,exp1_alignment_transfer:full:2026-08-17T06:28:21.157011+00:00,paper,True,appendix,estimate,estimate,fig_exp1_delay_survival_data,estimate,0.044433333333333297,,,,frozen appendix diagnostic,source table,,,,,fig_exp1_delay_survival_data.csv,48
exp1_appendix_delay_coupling_diagnostics,a,exp1_alignment_transfer,exp1_alignment_transfer:full:2026-08-17T06:28:21.157011+00:00,paper,True,appendix,estimate,estimate,fig_exp1_delay_survival_data,estimate,0.041666666666666602,,,,frozen appendix diagnostic,source table,,,,,fig_exp1_delay_survival_data.csv,49
exp1_appendix_delay_coupling_diagnostics,a,exp1_alignment_transfer,exp1_alignment_transfer:full:2026-08-17T06:28:21.157011+00:00,paper,True,appendix,estimate,estimate,fig_exp1_delay_survival_data,estimate,0.039099999999999899,,,,frozen appendix diagnostic,source table,,,,,fig_exp1_delay_survival_data.csv,50
exp1_appendix_delay_coupling_diagnostics,a,exp1_alignment_transfer,exp1_alignment_transfer:full:2026-08-17T06:28:21.157011+00:00,paper,True,appendix,estimate,estimate,fig_exp1_delay_survival_data,estimate,0.03662,,,,frozen appendix diagnostic,source table,,,,,fig_exp1_delay_survival_data.csv,51
exp1_appendix_delay_coupling_diagnostics,a,exp1_alignment_transfer,exp1_alignment_transfer:full:2026-08-17T06:28:21.157011+00:00,paper,True,appendix,estimate,estimate,fig_exp1_delay_survival_data,estimate,0.034139999999999997,,,,frozen appendix diagnostic,source table,,,,,fig_exp1_delay_survival_data.csv,52
exp1_appendix_delay_coupling_diagnostics,a,exp1_alignment_transfer,exp1_alignment_transfer:full:2026-08-17T06:28:21.157011+00:00,paper,True,appendix,estimate,estimate,fig_exp1_delay_survival_data,estimate,0.031800000000000002,,,,frozen appendix diagnostic,source table,,,,,fig_exp1_delay_survival_data.csv,53
exp1_appendix_delay_coupling_diagnostics,a,exp1_alignment_transfer,exp1_alignment_transfer:full:2026-08-17T06:28:21.157011+00:00,paper,True,appendix,estimate,estimate,fig_exp1_delay_survival_data,estimate,0.029813333333333299,,,,frozen appendix diagnostic,source table,,,,,fig_exp1_delay_survival_data.csv,54
exp1_appendix_delay_coupling_diagnostics,a,exp1_alignment_transfer,exp1_alignment_transfer:full:2026-08-17T06:28:21.157011+00:00,paper,True,appendix,estimate,estimate,fig_exp1_delay_survival_data,estimate,0.027759999999999899,,,,frozen appendix diagnostic,source table,,,,,fig_exp1_delay_survival_data.csv,55
exp1_appendix_delay_coupling_diagnostics,a,exp1_alignment_transfer,exp1_alignment_transfer:full:2026-08-17T06:28:21.157011+00:00,paper,True,appendix,estimate,estimate,fig_exp1_delay_survival_data,estimate,0.026013333333333302,,,,frozen appendix diagnostic,source table,,,,,fig_exp1_delay_survival_data.csv,56
exp1_appendix_delay_coupling_diagnostics,a,exp1_alignment_transfer,exp1_alignment_transfer:full:2026-08-17T06:28:21.157011+00:00,paper,True,appendix,estimate,estimate,fig_exp1_delay_survival_data,estimate,0.024293333333333299,,,,frozen appendix diagnostic,source table,,,,,fig_exp1_delay_survival_data.csv,57
exp1_appendix_delay_coupling_diagnostics,a,exp1_alignment_transfer,exp1_alignment_transfer:full:2026-08-17T06:28:21.157011+00:00,paper,True,appendix,estimate,estimate,fig_exp1_delay_survival_data,estimate,0.02266,,,,frozen appendix diagnostic,source table,,,,,fig_exp1_delay_survival_data.csv,58
exp1_appendix_delay_coupling_diagnostics,a,exp1_alignment_transfer,exp1_alignment_transfer:full:2026-08-17T06:28:21.157011+00:00,paper,True,appendix,estimate,estimate,fig_exp1_delay_survival_data,estimate,0.021160000000000002,,,,frozen appendix diagnostic,source table,,,,,fig_exp1_delay_survival_data.csv,59
exp1_appendix_delay_coupling_diagnostics,a,exp1_alignment_transfer,exp1_alignment_transfer:full:2026-08-17T06:28:21.157011+00:00,paper,True,appendix,estimate,estimate,fig_exp1_delay_survival_data,estimate,0.0197399999999999,,,,frozen appendix diagnostic,source table,,,,,fig_exp1_delay_survival_data.csv,60
exp1_appendix_delay_coupling_diagnostics,a,exp1_alignment_transfer,exp1_alignment_transfer:full:2026-08-17T06:28:21.157011+00:00,paper,True,appendix,estimate,estimate,fig_exp1_delay_survival_data,estimate,0.0182133333333333,,,,frozen appendix diagnostic,source table,,,,,fig_exp1_delay_survival_data.csv,61
exp1_appendix_delay_coupling_diagnostics,a,exp1_alignment_transfer,exp1_alignment_transfer:full:2026-08-17T06:28:21.157011+00:00,paper,True,appendix,estimate,estimate,fig_exp1_delay_survival_data,estimate,0.016993333333333301,,,,frozen appendix diagnostic,source table,,,,,fig_exp1_delay_survival_data.csv,62
exp1_appendix_delay_coupling_diagnostics,a,exp1_alignment_transfer,exp1_alignment_transfer:full:2026-08-17T06:28:21.157011+00:00,paper,True,appendix,estimate,estimate,fig_exp1_delay_survival_data,estimate,0.015866666666666598,,,,frozen appendix diagnostic,source table,,,,,fig_exp1_delay_survival_data.csv,63
exp1_appendix_delay_coupling_diagnostics,a,exp1_alignment_transfer,exp1_alignment_transfer:full:2026-08-17T06:28:21.157011+00:00,paper,True,appendix,estimate,estimate,fig_exp1_delay_survival_data,estimate,0.0149199999999999,,,,frozen appendix diagnostic,source table,,,,,fig_exp1_delay_survival_data.csv,64
exp1_appendix_delay_coupling_diagnostics,a,exp1_alignment_transfer,exp1_alignment_transfer:full:2026-08-17T06:28:21.157011+00:00,paper,True,appendix,estimate,estimate,fig_exp1_delay_survival_data,estimate,0.013939999999999999,,,,frozen appendix diagnostic,source table,,,,,fig_exp1_delay_survival_data.csv,65
exp1_appendix_delay_coupling_diagnostics,a,exp1_alignment_transfer,exp1_alignment_transfer:full:2026-08-17T06:28:21.157011+00:00,paper,True,appendix,estimate,estimate,fig_exp1_delay_survival_data,estimate,0.0128866666666666,,,,frozen appendix diagnostic,source table,,,,,fig_exp1_delay_survival_data.csv,66
exp1_appendix_delay_coupling_diagnostics,a,exp1_alignment_transfer,exp1_alignment_transfer:full:2026-08-17T06:28:21.157011+00:00,paper,True,appendix,estimate,estimate,fig_exp1_delay_survival_data,estimate,0.012,,,,frozen appendix diagnostic,source table,,,,,fig_exp1_delay_survival_data.csv,67
exp1_appendix_delay_coupling_diagnostics,a,exp1_alignment_transfer,exp1_alignment_transfer:full:2026-08-17T06:28:21.157011+00:00,paper,True,appendix,estimate,estimate,fig_exp1_delay_survival_data,estimate,0.011166666666666601,,,,frozen appendix diagnostic,source table,,,,,fig_exp1_delay_survival_data.csv,68
exp1_appendix_delay_coupling_diagnostics,a,exp1_alignment_transfer,exp1_alignment_transfer:full:2026-08-17T06:28:21.157011+00:00,paper,True,appendix,estimate,estimate,fig_exp1_delay_survival_data,estimate,0.0103666666666666,,,,frozen appendix diagnostic,source table,,,,,fig_exp1_delay_survival_data.csv,69
exp1_appendix_delay_coupling_diagnostics,a,exp1_alignment_transfer,exp1_alignment_transfer:full:2026-08-17T06:28:21.157011+00:00,paper,True,appendix,estimate,estimate,fig_exp1_delay_survival_data,estimate,0.0096333333333332993,,,,frozen appendix diagnostic,source table,,,,,fig_exp1_delay_survival_data.csv,70
exp1_appendix_delay_coupling_diagnostics,a,exp1_alignment_transfer,exp1_alignment_transfer:full:2026-08-17T06:28:21.157011+00:00,paper,True,appendix,estimate,estimate,fig_exp1_delay_survival_data,estimate,0.0089066666666665992,,,,frozen appendix diagnostic,source table,,,,,fig_exp1_delay_survival_data.csv,71
exp1_appendix_delay_coupling_diagnostics,a,exp1_alignment_transfer,exp1_alignment_transfer:full:2026-08-17T06:28:21.157011+00:00,paper,True,appendix,estimate,estimate,fig_exp1_delay_survival_data,estimate,0.0083199999999999993,,,,frozen appendix diagnostic,source table,,,,,fig_exp1_delay_survival_data.csv,72
exp1_appendix_delay_coupling_diagnostics,a,exp1_alignment_transfer,exp1_alignment_transfer:full:2026-08-17T06:28:21.157011+00:00,paper,True,appendix,estimate,estimate,fig_exp1_delay_survival_data,estimate,0.0077733333333332997,,,,frozen appendix diagnostic,source table,,,,,fig_exp1_delay_survival_data.csv,73
exp1_appendix_delay_coupling_diagnostics,a,exp1_alignment_transfer,exp1_alignment_transfer:full:2026-08-17T06:28:21.157011+00:00,paper,True,appendix,estimate,estimate,fig_exp1_delay_survival_data,estimate,0.0072399999999999999,,,,frozen appendix diagnostic,source table,,,,,fig_exp1_delay_survival_data.csv,74
exp1_appendix_delay_coupling_diagnostics,a,exp1_alignment_transfer,exp1_alignment_transfer:full:2026-08-17T06:28:21.157011+00:00,paper,True,appendix,estimate,estimate,fig_exp1_delay_survival_data,estimate,0.0066666666666666003,,,,frozen appendix diagnostic,source table,,,,,fig_exp1_delay_survival_data.csv,75
exp1_appendix_delay_coupling_diagnostics,a,exp1_alignment_transfer,exp1_alignment_transfer:full:2026-08-17T06:28:21.157011+00:00,paper,True,appendix,estimate,estimate,fig_exp1_delay_survival_data,estimate,0.0062133333333332999,,,,frozen appendix diagnostic,source table,,,,,fig_exp1_delay_survival_data.csv,76
exp1_appendix_delay_coupling_diagnostics,a,exp1_alignment_transfer,exp1_alignment_transfer:full:2026-08-17T06:28:21.157011+00:00,paper,True,appendix,estimate,estimate,fig_exp1_delay_survival_data,estimate,0.0057866666666665997,,,,frozen appendix diagnostic,source table,,,,,fig_exp1_delay_survival_data.csv,77
exp1_appendix_delay_coupling_diagnostics,a,exp1_alignment_transfer,exp1_alignment_transfer:full:2026-08-17T06:28:21.157011+00:00,paper,True,appendix,estimate,estimate,fig_exp1_delay_survival_data,estimate,0.0052866666666666002,,,,frozen appendix diagnostic,source table,,,,,fig_exp1_delay_survival_data.csv,78
exp1_appendix_delay_coupling_diagnostics,a,exp1_alignment_transfer,exp1_alignment_transfer:full:2026-08-17T06:28:21.157011+00:00,paper,True,appendix,estimate,estimate,fig_exp1_delay_survival_data,estimate,0.0048733333333332999,,,,frozen appendix diagnostic,source table,,,,,fig_exp1_delay_survival_data.csv,79
exp1_appendix_delay_coupling_diagnostics,a,exp1_alignment_transfer,exp1_alignment_transfer:full:2026-08-17T06:28:21.157011+00:00,paper,True,appendix,estimate,estimate,fig_exp1_delay_survival_data,estimate,0.0044933333333332997,,,,frozen appendix diagnostic,source table,,,,,fig_exp1_delay_survival_data.csv,80
exp1_appendix_delay_coupling_diagnostics,a,exp1_alignment_transfer,exp1_alignment_transfer:full:2026-08-17T06:28:21.157011+00:00,paper,True,appendix,estimate,estimate,fig_exp1_delay_survival_data,estimate,0.0040733333333333004,,,,frozen appendix diagnostic,source table,,,,,fig_exp1_delay_survival_data.csv,81
exp1_appendix_delay_coupling_diagnostics,a,exp1_alignment_transfer,exp1_alignment_transfer:full:2026-08-17T06:28:21.157011+00:00,paper,True,appendix,estimate,estimate,fig_exp1_delay_survival_data,estimate,0.0037200000000000002,,,,frozen appendix diagnostic,source table,,,,,fig_exp1_delay_survival_data.csv,82
exp1_appendix_delay_coupling_diagnostics,a,exp1_alignment_transfer,exp1_alignment_transfer:full:2026-08-17T06:28:21.157011+00:00,paper,True,appendix,estimate,estimate,fig_exp1_delay_survival_data,estimate,0.0032799999999999002,,,,frozen appendix diagnostic,source table,,,,,fig_exp1_delay_survival_data.csv,83
exp1_appendix_delay_coupling_diagnostics,a,exp1_alignment_transfer,exp1_alignment_transfer:full:2026-08-17T06:28:21.157011+00:00,paper,True,appendix,estimate,estimate,fig_exp1_delay_survival_data,estimate,0.00296,,,,frozen appendix diagnostic,source table,,,,,fig_exp1_delay_survival_data.csv,84
exp1_appendix_delay_coupling_diagnostics,a,exp1_alignment_transfer,exp1_alignment_transfer:full:2026-08-17T06:28:21.157011+00:00,paper,True,appendix,estimate,estimate,fig_exp1_delay_survival_data,estimate,0.0026666666666665998,,,,frozen appendix diagnostic,source table,,,,,fig_exp1_delay_survival_data.csv,85
exp1_appendix_delay_coupling_diagnostics,a,exp1_alignment_transfer,exp1_alignment_transfer:full:2026-08-17T06:28:21.157011+00:00,paper,True,appendix,estimate,estimate,fig_exp1_delay_survival_data,estimate,0.0023666666666665999,,,,frozen appendix diagnostic,source table,,,,,fig_exp1_delay_survival_data.csv,86
exp1_appendix_delay_coupling_diagnostics,a,exp1_alignment_transfer,exp1_alignment_transfer:full:2026-08-17T06:28:21.157011+00:00,paper,True,appendix,estimate,estimate,fig_exp1_delay_survival_data,estimate,0.0021133333333333,,,,frozen appendix diagnostic,source table,,,,,fig_exp1_delay_survival_data.csv,87
exp1_appendix_delay_coupling_diagnostics,a,exp1_alignment_transfer,exp1_alignment_transfer:full:2026-08-17T06:28:21.157011+00:00,paper,True,appendix,estimate,estimate,fig_exp1_delay_survival_data,estimate,0.0018933333333333001,,,,frozen appendix diagnostic,source table,,,,,fig_exp1_delay_survival_data.csv,88
exp1_appendix_delay_coupling_diagnostics,a,exp1_alignment_transfer,exp1_alignment_transfer:full:2026-08-17T06:28:21.157011+00:00,paper,True,appendix,estimate,estimate,fig_exp1_delay_survival_data,estimate,0.0016466666666665999,,,,frozen appendix diagnostic,source table,,,,,fig_exp1_delay_survival_data.csv,89
exp1_appendix_delay_coupling_diagnostics,a,exp1_alignment_transfer,exp1_alignment_transfer:full:2026-08-17T06:28:21.157011+00:00,paper,True,appendix,estimate,estimate,fig_exp1_delay_survival_data,estimate,0.0013933333333333001,,,,frozen appendix diagnostic,source table,,,,,fig_exp1_delay_survival_data.csv,90
exp1_appendix_delay_coupling_diagnostics,a,exp1_alignment_transfer,exp1_alignment_transfer:full:2026-08-17T06:28:21.157011+00:00,paper,True,appendix,estimate,estimate,fig_exp1_delay_survival_data,estimate,0.0012266666666665999,,,,frozen appendix diagnostic,source table,,,,,fig_exp1_delay_survival_data.csv,91
exp1_appendix_delay_coupling_diagnostics,a,exp1_alignment_transfer,exp1_alignment_transfer:full:2026-08-17T06:28:21.157011+00:00,paper,True,appendix,estimate,estimate,fig_exp1_delay_survival_data,estimate,0.0010533333333333,,,,frozen appendix diagnostic,source table,,,,,fig_exp1_delay_survival_data.csv,92
exp1_appendix_delay_coupling_diagnostics,a,exp1_alignment_transfer,exp1_alignment_transfer:full:2026-08-17T06:28:21.157011+00:00,paper,True,appendix,estimate,estimate,fig_exp1_delay_survival_data,estimate,0.00090666666666660005,,,,frozen appendix diagnostic,source table,,,,,fig_exp1_delay_survival_data.csv,93
exp1_appendix_delay_coupling_diagnostics,a,exp1_alignment_transfer,exp1_alignment_transfer:full:2026-08-17T06:28:21.157011+00:00,paper,True,appendix,estimate,estimate,fig_exp1_delay_survival_data,estimate,0.00082666666666659995,,,,frozen appendix diagnostic,source table,,,,,fig_exp1_delay_survival_data.csv,94
exp1_appendix_delay_coupling_diagnostics,a,exp1_alignment_transfer,exp1_alignment_transfer:full:2026-08-17T06:28:21.157011+00:00,paper,True,appendix,estimate,estimate,fig_exp1_delay_survival_data,estimate,0.00068000000000000005,,,,frozen appendix diagnostic,source table,,,,,fig_exp1_delay_survival_data.csv,95
exp1_appendix_delay_coupling_diagnostics,a,exp1_alignment_transfer,exp1_alignment_transfer:full:2026-08-17T06:28:21.157011+00:00,paper,True,appendix,estimate,estimate,fig_exp1_delay_survival_data,estimate,0.00054666666666659998,,,,frozen appendix diagnostic,source table,,,,,fig_exp1_delay_survival_data.csv,96
exp1_appendix_delay_coupling_diagnostics,a,exp1_alignment_transfer,exp1_alignment_transfer:full:2026-08-17T06:28:21.157011+00:00,paper,True,appendix,estimate,estimate,fig_exp1_delay_survival_data,estimate,0.0004399999999999,,,,frozen appendix diagnostic,source table,,,,,fig_exp1_delay_survival_data.csv,97
exp1_appendix_delay_coupling_diagnostics,a,exp1_alignment_transfer,exp1_alignment_transfer:full:2026-08-17T06:28:21.157011+00:00,paper,True,appendix,estimate,estimate,fig_exp1_delay_survival_data,estimate,0.00029333333333329999,,,,frozen appendix diagnostic,source table,,,,,fig_exp1_delay_survival_data.csv,98
exp1_appendix_delay_coupling_diagnostics,a,exp1_alignment_transfer,exp1_alignment_transfer:full:2026-08-17T06:28:21.157011+00:00,paper,True,appendix,estimate,estimate,fig_exp1_delay_survival_data,estimate,0.00020000000000000001,,,,frozen appendix diagnostic,source table,,,,,fig_exp1_delay_survival_data.csv,99
exp1_appendix_delay_coupling_diagnostics,a,exp1_alignment_transfer,exp1_alignment_transfer:full:2026-08-17T06:28:21.157011+00:00,paper,True,appendix,estimate,estimate,fig_exp1_delay_survival_data,estimate,9.3333333333333343e-05,,,,frozen appendix diagnostic,source table,,,,,fig_exp1_delay_survival_data.csv,100
exp1_appendix_delay_coupling_diagnostics,a,exp1_alignment_transfer,exp1_alignment_transfer:full:2026-08-17T06:28:21.157011+00:00,paper,True,appendix,estimate,estimate,fig_exp1_delay_survival_data,estimate,0,,,,frozen appendix diagnostic,source table,,,,,fig_exp1_delay_survival_data.csv,101
exp1_appendix_delay_coupling_diagnostics,a,exp1_alignment_transfer,exp1_alignment_transfer:full:2026-08-17T06:28:21.157011+00:00,paper,True,appendix,estimate,estimate,fig_exp1_delay_survival_data,estimate,0.93884000000000001,,,,frozen appendix diagnostic,source table,,,,,fig_exp1_delay_survival_data.csv,102
exp1_appendix_delay_coupling_diagnostics,a,exp1_alignment_transfer,exp1_alignment_transfer:full:2026-08-17T06:28:21.157011+00:00,paper,True,appendix,estimate,estimate,fig_exp1_delay_survival_data,estimate,0.88195999999999986,,,,frozen appendix diagnostic,source table,,,,,fig_exp1_delay_survival_data.csv,103
exp1_appendix_delay_coupling_diagnostics,a,exp1_alignment_transfer,exp1_alignment_transfer:full:2026-08-17T06:28:21.157011+00:00,paper,True,appendix,estimate,estimate,fig_exp1_delay_survival_data,estimate,0.82778666666666667,,,,frozen appendix diagnostic,source table,,,,,fig_exp1_delay_survival_data.csv,104
exp1_appendix_delay_coupling_diagnostics,a,exp1_alignment_transfer,exp1_alignment_transfer:full:2026-08-17T06:28:21.157011+00:00,paper,True,appendix,estimate,estimate,fig_exp1_delay_survival_data,estimate,0.77643333333333331,,,,frozen appendix diagnostic,source table,,,,,fig_exp1_delay_survival_data.csv,105
exp1_appendix_delay_coupling_diagnostics,a,exp1_alignment_transfer,exp1_alignment_transfer:full:2026-08-17T06:28:21.157011+00:00,paper,True,appendix,estimate,estimate,fig_exp1_delay_survival_data,estimate,0.72864000000000007,,,,frozen appendix diagnostic,source table,,,,,fig_exp1_delay_survival_data.csv,106
exp1_appendix_delay_coupling_diagnostics,a,exp1_alignment_transfer,exp1_alignment_transfer:full:2026-08-17T06:28:21.157011+00:00,paper,True,appendix,estimate,estimate,fig_exp1_delay_survival_data,estimate,0.68273333333333341,,,,frozen appendix diagnostic,source table,,,,,fig_exp1_delay_survival_data.csv,107
exp1_appendix_delay_coupling_diagnostics,a,exp1_alignment_transfer,exp1_alignment_transfer:full:2026-08-17T06:28:21.157011+00:00,paper,True,appendix,estimate,estimate,fig_exp1_delay_survival_data,estimate,0.64093333333333335,,,,frozen appendix diagnostic,source table,,,,,fig_exp1_delay_survival_data.csv,108
exp1_appendix_delay_coupling_diagnostics,a,exp1_alignment_transfer,exp1_alignment_transfer:full:2026-08-17T06:28:21.157011+00:00,paper,True,appendix,estimate,estimate,fig_exp1_delay_survival_data,estimate,0.60061333333333344,,,,frozen appendix diagnostic,source table,,,,,fig_exp1_delay_survival_data.csv,109
exp1_appendix_delay_coupling_diagnostics,a,exp1_alignment_transfer,exp1_alignment_transfer:full:2026-08-17T06:28:21.157011+00:00,paper,True,appendix,estimate,estimate,fig_exp1_delay_survival_data,estimate,0.56353333333333344,,,,frozen appendix diagnostic,source table,,,,,fig_exp1_delay_survival_data.csv,110
exp1_appendix_delay_coupling_diagnostics,a,exp1_alignment_transfer,exp1_alignment_transfer:full:2026-08-17T06:28:21.157011+00:00,paper,True,appendix,estimate,estimate,fig_exp1_delay_survival_data,estimate,0.52847999999999995,,,,frozen appendix diagnostic,source table,,,,,fig_exp1_delay_survival_data.csv,111
exp1_appendix_delay_coupling_diagnostics,a,exp1_alignment_transfer,exp1_alignment_transfer:full:2026-08-17T06:28:21.157011+00:00,paper,True,appendix,estimate,estimate,fig_exp1_delay_survival_data,estimate,0.49485333333333331,,,,frozen appendix diagnostic,source table,,,,,fig_exp1_delay_survival_data.csv,112
exp1_appendix_delay_coupling_diagnostics,a,exp1_alignment_transfer,exp1_alignment_transfer:full:2026-08-17T06:28:21.157011+00:00,paper,True,appendix,estimate,estimate,fig_exp1_delay_survival_data,estimate,0.46351999999999999,,,,frozen appendix diagnostic,source table,,,,,fig_exp1_delay_survival_data.csv,113
exp1_appendix_delay_coupling_diagnostics,a,exp1_alignment_transfer,exp1_alignment_transfer:full:2026-08-17T06:28:21.157011+00:00,paper,True,appendix,estimate,estimate,fig_exp1_delay_survival_data,estimate,0.43468000000000001,,,,frozen appendix diagnostic,source table,,,,,fig_exp1_delay_survival_data.csv,114
exp1_appendix_delay_coupling_diagnostics,a,exp1_alignment_transfer,exp1_alignment_transfer:full:2026-08-17T06:28:21.157011+00:00,paper,True,appendix,estimate,estimate,fig_exp1_delay_survival_data,estimate,0.4072533333333333,,,,frozen appendix diagnostic,source table,,,,,fig_exp1_delay_survival_data.csv,115
exp1_appendix_delay_coupling_diagnostics,a,exp1_alignment_transfer,exp1_alignment_transfer:full:2026-08-17T06:28:21.157011+00:00,paper,True,appendix,estimate,estimate,fig_exp1_delay_survival_data,estimate,0.3824466666666666,,,,frozen appendix diagnostic,source table,,,,,fig_exp1_delay_survival_data.csv,116
exp1_appendix_delay_coupling_diagnostics,a,exp1_alignment_transfer,exp1_alignment_transfer:full:2026-08-17T06:28:21.157011+00:00,paper,True,appendix,estimate,estimate,fig_exp1_delay_survival_data,estimate,0.35831999999999992,,,,frozen appendix diagnostic,source table,,,,,fig_exp1_delay_survival_data.csv,117
exp1_appendix_delay_coupling_diagnostics,a,exp1_alignment_transfer,exp1_alignment_transfer:full:2026-08-17T06:28:21.157011+00:00,paper,True,appendix,estimate,estimate,fig_exp1_delay_survival_data,estimate,0.33623333333333327,,,,frozen appendix diagnostic,source table,,,,,fig_exp1_delay_survival_data.csv,118
exp1_appendix_delay_coupling_diagnostics,a,exp1_alignment_transfer,exp1_alignment_transfer:full:2026-08-17T06:28:21.157011+00:00,paper,True,appendix,estimate,estimate,fig_exp1_delay_survival_data,estimate,0.3148333333333333,,,,frozen appendix diagnostic,source table,,,,,fig_exp1_delay_survival_data.csv,119
exp1_appendix_delay_coupling_diagnostics,a,exp1_alignment_transfer,exp1_alignment_transfer:full:2026-08-17T06:28:21.157011+00:00,paper,True,appendix,estimate,estimate,fig_exp1_delay_survival_data,estimate,0.2955266666666666,,,,frozen appendix diagnostic,source table,,,,,fig_exp1_delay_survival_data.csv,120
exp1_appendix_delay_coupling_diagnostics,a,exp1_alignment_transfer,exp1_alignment_transfer:full:2026-08-17T06:28:21.157011+00:00,paper,True,appendix,estimate,estimate,fig_exp1_delay_survival_data,estimate,0.27660000000000001,,,,frozen appendix diagnostic,source table,,,,,fig_exp1_delay_survival_data.csv,121
exp1_appendix_delay_coupling_diagnostics,a,exp1_alignment_transfer,exp1_alignment_transfer:full:2026-08-17T06:28:21.157011+00:00,paper,True,appendix,estimate,estimate,fig_exp1_delay_survival_data,estimate,0.25924000000000003,,,,frozen appendix diagnostic,source table,,,,,fig_exp1_delay_survival_data.csv,122
exp1_appendix_delay_coupling_diagnostics,a,exp1_alignment_transfer,exp1_alignment_transfer:full:2026-08-17T06:28:21.157011+00:00,paper,True,appendix,estimate,estimate,fig_exp1_delay_survival_data,estimate,0.2426666666666667,,,,frozen appendix diagnostic,source table,,,,,fig_exp1_delay_survival_data.csv,123
exp1_appendix_delay_coupling_diagnostics,a,exp1_alignment_transfer,exp1_alignment_transfer:full:2026-08-17T06:28:21.157011+00:00,paper,True,appendix,estimate,estimate,fig_exp1_delay_survival_data,estimate,0.2273533333333333,,,,frozen appendix diagnostic,source table,,,,,fig_exp1_delay_survival_data.csv,124
exp1_appendix_delay_coupling_diagnostics,a,exp1_alignment_transfer,exp1_alignment_transfer:full:2026-08-17T06:28:21.157011+00:00,paper,True,appendix,estimate,estimate,fig_exp1_delay_survival_data,estimate,0.21265999999999999,,,,frozen appendix diagnostic,source table,,,,,fig_exp1_delay_survival_data.csv,125
exp1_appendix_delay_coupling_diagnostics,a,exp1_alignment_transfer,exp1_alignment_transfer:full:2026-08-17T06:28:21.157011+00:00,paper,True,appendix,estimate,estimate,fig_exp1_delay_survival_data,estimate,0.19900666666666661,,,,frozen appendix diagnostic,source table,,,,,fig_exp1_delay_survival_data.csv,126
exp1_appendix_delay_coupling_diagnostics,a,exp1_alignment_transfer,exp1_alignment_transfer:full:2026-08-17T06:28:21.157011+00:00,paper,True,appendix,estimate,estimate,fig_exp1_delay_survival_data,estimate,0.18663999999999989,,,,frozen appendix diagnostic,source table,,,,,fig_exp1_delay_survival_data.csv,127
exp1_appendix_delay_coupling_diagnostics,a,exp1_alignment_transfer,exp1_alignment_transfer:full:2026-08-17T06:28:21.157011+00:00,paper,True,appendix,estimate,estimate,fig_exp1_delay_survival_data,estimate,0.1749,,,,frozen appendix diagnostic,source table,,,,,fig_exp1_delay_survival_data.csv,128
exp1_appendix_delay_coupling_diagnostics,a,exp1_alignment_transfer,exp1_alignment_transfer:full:2026-08-17T06:28:21.157011+00:00,paper,True,appendix,estimate,estimate,fig_exp1_delay_survival_data,estimate,0.16357999999999989,,,,frozen appendix diagnostic,source table,,,,,fig_exp1_delay_survival_data.csv,129
exp1_appendix_delay_coupling_diagnostics,a,exp1_alignment_transfer,exp1_alignment_transfer:full:2026-08-17T06:28:21.157011+00:00,paper,True,appendix,estimate,estimate,fig_exp1_delay_survival_data,estimate,0.15343999999999991,,,,frozen appendix diagnostic,source table,,,,,fig_exp1_delay_survival_data.csv,130
exp1_appendix_delay_coupling_diagnostics,a,exp1_alignment_transfer,exp1_alignment_transfer:full:2026-08-17T06:28:21.157011+00:00,paper,True,appendix,estimate,estimate,fig_exp1_delay_survival_data,estimate,0.14404,,,,frozen appendix diagnostic,source table,,,,,fig_exp1_delay_survival_data.csv,131
exp1_appendix_delay_coupling_diagnostics,a,exp1_alignment_transfer,exp1_alignment_transfer:full:2026-08-17T06:28:21.157011+00:00,paper,True,appendix,estimate,estimate,fig_exp1_delay_survival_data,estimate,0.13532,,,,frozen appendix diagnostic,source table,,,,,fig_exp1_delay_survival_data.csv,132
exp1_appendix_delay_coupling_diagnostics,a,exp1_alignment_transfer,exp1_alignment_transfer:full:2026-08-17T06:28:21.157011+00:00,paper,True,appendix,estimate,estimate,fig_exp1_delay_survival_data,estimate,0.1268399999999999,,,,frozen appendix diagnostic,source table,,,,,fig_exp1_delay_survival_data.csv,133
exp1_appendix_delay_coupling_diagnostics,a,exp1_alignment_transfer,exp1_alignment_transfer:full:2026-08-17T06:28:21.157011+00:00,paper,True,appendix,estimate,estimate,fig_exp1_delay_survival_data,estimate,0.1189533333333333,,,,frozen appendix diagnostic,source table,,,,,fig_exp1_delay_survival_data.csv,134
exp1_appendix_delay_coupling_diagnostics,a,exp1_alignment_transfer,exp1_alignment_transfer:full:2026-08-17T06:28:21.157011+00:00,paper,True,appendix,estimate,estimate,fig_exp1_delay_survival_data,estimate,0.1114266666666666,,,,frozen appendix diagnostic,source table,,,,,fig_exp1_delay_survival_data.csv,135
exp1_appendix_delay_coupling_diagnostics,a,exp1_alignment_transfer,exp1_alignment_transfer:full:2026-08-17T06:28:21.157011+00:00,paper,True,appendix,estimate,estimate,fig_exp1_delay_survival_data,estimate,0.1043533333333333,,,,frozen appendix diagnostic,source table,,,,,fig_exp1_delay_survival_data.csv,136
exp1_appendix_delay_coupling_diagnostics,a,exp1_alignment_transfer,exp1_alignment_transfer:full:2026-08-17T06:28:21.157011+00:00,paper,True,appendix,estimate,estimate,fig_exp1_delay_survival_data,estimate,0.097939999999999999,,,,frozen appendix diagnostic,source table,,,,,fig_exp1_delay_survival_data.csv,137
exp1_appendix_delay_coupling_diagnostics,a,exp1_alignment_transfer,exp1_alignment_transfer:full:2026-08-17T06:28:21.157011+00:00,paper,True,appendix,estimate,estimate,fig_exp1_delay_survival_data,estimate,0.091593333333333304,,,,frozen appendix diagnostic,source table,,,,,fig_exp1_delay_survival_data.csv,138
exp1_appendix_delay_coupling_diagnostics,a,exp1_alignment_transfer,exp1_alignment_transfer:full:2026-08-17T06:28:21.157011+00:00,paper,True,appendix,estimate,estimate,fig_exp1_delay_survival_data,estimate,0.085720000000000005,,,,frozen appendix diagnostic,source table,,,,,fig_exp1_delay_survival_data.csv,139
exp1_appendix_delay_coupling_diagnostics,a,exp1_alignment_transfer,exp1_alignment_transfer:full:2026-08-17T06:28:21.157011+00:00,paper,True,appendix,estimate,estimate,fig_exp1_delay_survival_data,estimate,0.080493333333333306,,,,frozen appendix diagnostic,source table,,,,,fig_exp1_delay_survival_data.csv,140
exp1_appendix_delay_coupling_diagnostics,a,exp1_alignment_transfer,exp1_alignment_transfer:full:2026-08-17T06:28:21.157011+00:00,paper,True,appendix,estimate,estimate,fig_exp1_delay_survival_data,estimate,0.075706666666666603,,,,frozen appendix diagnostic,source table,,,,,fig_exp1_delay_survival_data.csv,141
exp1_appendix_delay_coupling_diagnostics,a,exp1_alignment_transfer,exp1_alignment_transfer:full:2026-08-17T06:28:21.157011+00:00,paper,True,appendix,estimate,estimate,fig_exp1_delay_survival_data,estimate,0.070893333333333294,,,,frozen appendix diagnostic,source table,,,,,fig_exp1_delay_survival_data.csv,142
exp1_appendix_delay_coupling_diagnostics,a,exp1_alignment_transfer,exp1_alignment_transfer:full:2026-08-17T06:28:21.157011+00:00,paper,True,appendix,estimate,estimate,fig_exp1_delay_survival_data,estimate,0.066273333333333295,,,,frozen appendix diagnostic,source table,,,,,fig_exp1_delay_survival_data.csv,143
exp1_appendix_delay_coupling_diagnostics,a,exp1_alignment_transfer,exp1_alignment_transfer:full:2026-08-17T06:28:21.157011+00:00,paper,True,appendix,estimate,estimate,fig_exp1_delay_survival_data,estimate,0.061853333333333302,,,,frozen appendix diagnostic,source table,,,,,fig_exp1_delay_survival_data.csv,144
exp1_appendix_delay_coupling_diagnostics,a,exp1_alignment_transfer,exp1_alignment_transfer:full:2026-08-17T06:28:21.157011+00:00,paper,True,appendix,estimate,estimate,fig_exp1_delay_survival_data,estimate,0.057926666666666599,,,,frozen appendix diagnostic,source table,,,,,fig_exp1_delay_survival_data.csv,145
exp1_appendix_delay_coupling_diagnostics,a,exp1_alignment_transfer,exp1_alignment_transfer:full:2026-08-17T06:28:21.157011+00:00,paper,True,appendix,estimate,estimate,fig_exp1_delay_survival_data,estimate,0.054120000000000001,,,,frozen appendix diagnostic,source table,,,,,fig_exp1_delay_survival_data.csv,146
exp1_appendix_delay_coupling_diagnostics,a,exp1_alignment_transfer,exp1_alignment_transfer:full:2026-08-17T06:28:21.157011+00:00,paper,True,appendix,estimate,estimate,fig_exp1_delay_survival_data,estimate,0.050739999999999903,,,,frozen appendix diagnostic,source table,,,,,fig_exp1_delay_survival_data.csv,147
exp1_appendix_delay_coupling_diagnostics,a,exp1_alignment_transfer,exp1_alignment_transfer:full:2026-08-17T06:28:21.157011+00:00,paper,True,appendix,estimate,estimate,fig_exp1_delay_survival_data,estimate,0.047286666666666602,,,,frozen appendix diagnostic,source table,,,,,fig_exp1_delay_survival_data.csv,148
exp1_appendix_delay_coupling_diagnostics,a,exp1_alignment_transfer,exp1_alignment_transfer:full:2026-08-17T06:28:21.157011+00:00,paper,True,appendix,estimate,estimate,fig_exp1_delay_survival_data,estimate,0.044433333333333297,,,,frozen appendix diagnostic,source table,,,,,fig_exp1_delay_survival_data.csv,149
exp1_appendix_delay_coupling_diagnostics,a,exp1_alignment_transfer,exp1_alignment_transfer:full:2026-08-17T06:28:21.157011+00:00,paper,True,appendix,estimate,estimate,fig_exp1_delay_survival_data,estimate,0.041666666666666602,,,,frozen appendix diagnostic,source table,,,,,fig_exp1_delay_survival_data.csv,150
exp1_appendix_delay_coupling_diagnostics,a,exp1_alignment_transfer,exp1_alignment_transfer:full:2026-08-17T06:28:21.157011+00:00,paper,True,appendix,estimate,estimate,fig_exp1_delay_survival_data,estimate,0.039099999999999899,,,,frozen appendix diagnostic,source table,,,,,fig_exp1_delay_survival_data.csv,151
exp1_appendix_delay_coupling_diagnostics,a,exp1_alignment_transfer,exp1_alignment_transfer:full:2026-08-17T06:28:21.157011+00:00,paper,True,appendix,estimate,estimate,fig_exp1_delay_survival_data,estimate,0.03662,,,,frozen appendix diagnostic,source table,,,,,fig_exp1_delay_survival_data.csv,152
exp1_appendix_delay_coupling_diagnostics,a,exp1_alignment_transfer,exp1_alignment_transfer:full:2026-08-17T06:28:21.157011+00:00,paper,True,appendix,estimate,estimate,fig_exp1_delay_survival_data,estimate,0.034139999999999997,,,,frozen appendix diagnostic,source table,,,,,fig_exp1_delay_survival_data.csv,153
exp1_appendix_delay_coupling_diagnostics,a,exp1_alignment_transfer,exp1_alignment_transfer:full:2026-08-17T06:28:21.157011+00:00,paper,True,appendix,estimate,estimate,fig_exp1_delay_survival_data,estimate,0.031800000000000002,,,,frozen appendix diagnostic,source table,,,,,fig_exp1_delay_survival_data.csv,154
exp1_appendix_delay_coupling_diagnostics,a,exp1_alignment_transfer,exp1_alignment_transfer:full:2026-08-17T06:28:21.157011+00:00,paper,True,appendix,estimate,estimate,fig_exp1_delay_survival_data,estimate,0.029813333333333299,,,,frozen appendix diagnostic,source table,,,,,fig_exp1_delay_survival_data.csv,155
exp1_appendix_delay_coupling_diagnostics,a,exp1_alignment_transfer,exp1_alignment_transfer:full:2026-08-17T06:28:21.157011+00:00,paper,True,appendix,estimate,estimate,fig_exp1_delay_survival_data,estimate,0.027759999999999899,,,,frozen appendix diagnostic,source table,,,,,fig_exp1_delay_survival_data.csv,156
exp1_appendix_delay_coupling_diagnostics,a,exp1_alignment_transfer,exp1_alignment_transfer:full:2026-08-17T06:28:21.157011+00:00,paper,True,appendix,estimate,estimate,fig_exp1_delay_survival_data,estimate,0.026013333333333302,,,,frozen appendix diagnostic,source table,,,,,fig_exp1_delay_survival_data.csv,157
exp1_appendix_delay_coupling_diagnostics,a,exp1_alignment_transfer,exp1_alignment_transfer:full:2026-08-17T06:28:21.157011+00:00,paper,True,appendix,estimate,estimate,fig_exp1_delay_survival_data,estimate,0.024293333333333299,,,,frozen appendix diagnostic,source table,,,,,fig_exp1_delay_survival_data.csv,158
exp1_appendix_delay_coupling_diagnostics,a,exp1_alignment_transfer,exp1_alignment_transfer:full:2026-08-17T06:28:21.157011+00:00,paper,True,appendix,estimate,estimate,fig_exp1_delay_survival_data,estimate,0.02266,,,,frozen appendix diagnostic,source table,,,,,fig_exp1_delay_survival_data.csv,159
exp1_appendix_delay_coupling_diagnostics,a,exp1_alignment_transfer,exp1_alignment_transfer:full:2026-08-17T06:28:21.157011+00:00,paper,True,appendix,estimate,estimate,fig_exp1_delay_survival_data,estimate,0.021160000000000002,,,,frozen appendix diagnostic,source table,,,,,fig_exp1_delay_survival_data.csv,160
exp1_appendix_delay_coupling_diagnostics,a,exp1_alignment_transfer,exp1_alignment_transfer:full:2026-08-17T06:28:21.157011+00:00,paper,True,appendix,estimate,estimate,fig_exp1_delay_survival_data,estimate,0.0197399999999999,,,,frozen appendix diagnostic,source table,,,,,fig_exp1_delay_survival_data.csv,161
exp1_appendix_delay_coupling_diagnostics,a,exp1_alignment_transfer,exp1_alignment_transfer:full:2026-08-17T06:28:21.157011+00:00,paper,True,appendix,estimate,estimate,fig_exp1_delay_survival_data,estimate,0.0182133333333333,,,,frozen appendix diagnostic,source table,,,,,fig_exp1_delay_survival_data.csv,162
exp1_appendix_delay_coupling_diagnostics,a,exp1_alignment_transfer,exp1_alignment_transfer:full:2026-08-17T06:28:21.157011+00:00,paper,True,appendix,estimate,estimate,fig_exp1_delay_survival_data,estimate,0.016993333333333301,,,,frozen appendix diagnostic,source table,,,,,fig_exp1_delay_survival_data.csv,163
exp1_appendix_delay_coupling_diagnostics,a,exp1_alignment_transfer,exp1_alignment_transfer:full:2026-08-17T06:28:21.157011+00:00,paper,True,appendix,estimate,estimate,fig_exp1_delay_survival_data,estimate,0.015866666666666598,,,,frozen appendix diagnostic,source table,,,,,fig_exp1_delay_survival_data.csv,164
exp1_appendix_delay_coupling_diagnostics,a,exp1_alignment_transfer,exp1_alignment_transfer:full:2026-08-17T06:28:21.157011+00:00,paper,True,appendix,estimate,estimate,fig_exp1_delay_survival_data,estimate,0.0149199999999999,,,,frozen appendix diagnostic,source table,,,,,fig_exp1_delay_survival_data.csv,165
exp1_appendix_delay_coupling_diagnostics,a,exp1_alignment_transfer,exp1_alignment_transfer:full:2026-08-17T06:28:21.157011+00:00,paper,True,appendix,estimate,estimate,fig_exp1_delay_survival_data,estimate,0.013939999999999999,,,,frozen appendix diagnostic,source table,,,,,fig_exp1_delay_survival_data.csv,166
exp1_appendix_delay_coupling_diagnostics,a,exp1_alignment_transfer,exp1_alignment_transfer:full:2026-08-17T06:28:21.157011+00:00,paper,True,appendix,estimate,estimate,fig_exp1_delay_survival_data,estimate,0.0128866666666666,,,,frozen appendix diagnostic,source table,,,,,fig_exp1_delay_survival_data.csv,167
exp1_appendix_delay_coupling_diagnostics,a,exp1_alignment_transfer,exp1_alignment_transfer:full:2026-08-17T06:28:21.157011+00:00,paper,True,appendix,estimate,estimate,fig_exp1_delay_survival_data,estimate,0.012,,,,frozen appendix diagnostic,source table,,,,,fig_exp1_delay_survival_data.csv,168
exp1_appendix_delay_coupling_diagnostics,a,exp1_alignment_transfer,exp1_alignment_transfer:full:2026-08-17T06:28:21.157011+00:00,paper,True,appendix,estimate,estimate,fig_exp1_delay_survival_data,estimate,0.011166666666666601,,,,frozen appendix diagnostic,source table,,,,,fig_exp1_delay_survival_data.csv,169
exp1_appendix_delay_coupling_diagnostics,a,exp1_alignment_transfer,exp1_alignment_transfer:full:2026-08-17T06:28:21.157011+00:00,paper,True,appendix,estimate,estimate,fig_exp1_delay_survival_data,estimate,0.0103666666666666,,,,frozen appendix diagnostic,source table,,,,,fig_exp1_delay_survival_data.csv,170
exp1_appendix_delay_coupling_diagnostics,a,exp1_alignment_transfer,exp1_alignment_transfer:full:2026-08-17T06:28:21.157011+00:00,paper,True,appendix,estimate,estimate,fig_exp1_delay_survival_data,estimate,0.0096333333333332993,,,,frozen appendix diagnostic,source table,,,,,fig_exp1_delay_survival_data.csv,171
exp1_appendix_delay_coupling_diagnostics,a,exp1_alignment_transfer,exp1_alignment_transfer:full:2026-08-17T06:28:21.157011+00:00,paper,True,appendix,estimate,estimate,fig_exp1_delay_survival_data,estimate,0.0089066666666665992,,,,frozen appendix diagnostic,source table,,,,,fig_exp1_delay_survival_data.csv,172
exp1_appendix_delay_coupling_diagnostics,a,exp1_alignment_transfer,exp1_alignment_transfer:full:2026-08-17T06:28:21.157011+00:00,paper,True,appendix,estimate,estimate,fig_exp1_delay_survival_data,estimate,0.0083199999999999993,,,,frozen appendix diagnostic,source table,,,,,fig_exp1_delay_survival_data.csv,173
exp1_appendix_delay_coupling_diagnostics,a,exp1_alignment_transfer,exp1_alignment_transfer:full:2026-08-17T06:28:21.157011+00:00,paper,True,appendix,estimate,estimate,fig_exp1_delay_survival_data,estimate,0.0077733333333332997,,,,frozen appendix diagnostic,source table,,,,,fig_exp1_delay_survival_data.csv,174
exp1_appendix_delay_coupling_diagnostics,a,exp1_alignment_transfer,exp1_alignment_transfer:full:2026-08-17T06:28:21.157011+00:00,paper,True,appendix,estimate,estimate,fig_exp1_delay_survival_data,estimate,0.0072399999999999999,,,,frozen appendix diagnostic,source table,,,,,fig_exp1_delay_survival_data.csv,175
exp1_appendix_delay_coupling_diagnostics,a,exp1_alignment_transfer,exp1_alignment_transfer:full:2026-08-17T06:28:21.157011+00:00,paper,True,appendix,estimate,estimate,fig_exp1_delay_survival_data,estimate,0.0066666666666666003,,,,frozen appendix diagnostic,source table,,,,,fig_exp1_delay_survival_data.csv,176
exp1_appendix_delay_coupling_diagnostics,a,exp1_alignment_transfer,exp1_alignment_transfer:full:2026-08-17T06:28:21.157011+00:00,paper,True,appendix,estimate,estimate,fig_exp1_delay_survival_data,estimate,0.0062133333333332999,,,,frozen appendix diagnostic,source table,,,,,fig_exp1_delay_survival_data.csv,177
exp1_appendix_delay_coupling_diagnostics,a,exp1_alignment_transfer,exp1_alignment_transfer:full:2026-08-17T06:28:21.157011+00:00,paper,True,appendix,estimate,estimate,fig_exp1_delay_survival_data,estimate,0.0057866666666665997,,,,frozen appendix diagnostic,source table,,,,,fig_exp1_delay_survival_data.csv,178
exp1_appendix_delay_coupling_diagnostics,a,exp1_alignment_transfer,exp1_alignment_transfer:full:2026-08-17T06:28:21.157011+00:00,paper,True,appendix,estimate,estimate,fig_exp1_delay_survival_data,estimate,0.0052866666666666002,,,,frozen appendix diagnostic,source table,,,,,fig_exp1_delay_survival_data.csv,179
exp1_appendix_delay_coupling_diagnostics,a,exp1_alignment_transfer,exp1_alignment_transfer:full:2026-08-17T06:28:21.157011+00:00,paper,True,appendix,estimate,estimate,fig_exp1_delay_survival_data,estimate,0.0048733333333332999,,,,frozen appendix diagnostic,source table,,,,,fig_exp1_delay_survival_data.csv,180
exp1_appendix_delay_coupling_diagnostics,a,exp1_alignment_transfer,exp1_alignment_transfer:full:2026-08-17T06:28:21.157011+00:00,paper,True,appendix,estimate,estimate,fig_exp1_delay_survival_data,estimate,0.0044933333333332997,,,,frozen appendix diagnostic,source table,,,,,fig_exp1_delay_survival_data.csv,181
exp1_appendix_delay_coupling_diagnostics,a,exp1_alignment_transfer,exp1_alignment_transfer:full:2026-08-17T06:28:21.157011+00:00,paper,True,appendix,estimate,estimate,fig_exp1_delay_survival_data,estimate,0.0040733333333333004,,,,frozen appendix diagnostic,source table,,,,,fig_exp1_delay_survival_data.csv,182
exp1_appendix_delay_coupling_diagnostics,a,exp1_alignment_transfer,exp1_alignment_transfer:full:2026-08-17T06:28:21.157011+00:00,paper,True,appendix,estimate,estimate,fig_exp1_delay_survival_data,estimate,0.0037200000000000002,,,,frozen appendix diagnostic,source table,,,,,fig_exp1_delay_survival_data.csv,183
exp1_appendix_delay_coupling_diagnostics,a,exp1_alignment_transfer,exp1_alignment_transfer:full:2026-08-17T06:28:21.157011+00:00,paper,True,appendix,estimate,estimate,fig_exp1_delay_survival_data,estimate,0.0032799999999999002,,,,frozen appendix diagnostic,source table,,,,,fig_exp1_delay_survival_data.csv,184
exp1_appendix_delay_coupling_diagnostics,a,exp1_alignment_transfer,exp1_alignment_transfer:full:2026-08-17T06:28:21.157011+00:00,paper,True,appendix,estimate,estimate,fig_exp1_delay_survival_data,estimate,0.00296,,,,frozen appendix diagnostic,source table,,,,,fig_exp1_delay_survival_data.csv,185
exp1_appendix_delay_coupling_diagnostics,a,exp1_alignment_transfer,exp1_alignment_transfer:full:2026-08-17T06:28:21.157011+00:00,paper,True,appendix,estimate,estimate,fig_exp1_delay_survival_data,estimate,0.0026666666666665998,,,,frozen appendix diagnostic,source table,,,,,fig_exp1_delay_survival_data.csv,186
exp1_appendix_delay_coupling_diagnostics,a,exp1_alignment_transfer,exp1_alignment_transfer:full:2026-08-17T06:28:21.157011+00:00,paper,True,appendix,estimate,estimate,fig_exp1_delay_survival_data,estimate,0.0023666666666665999,,,,frozen appendix diagnostic,source table,,,,,fig_exp1_delay_survival_data.csv,187
exp1_appendix_delay_coupling_diagnostics,a,exp1_alignment_transfer,exp1_alignment_transfer:full:2026-08-17T06:28:21.157011+00:00,paper,True,appendix,estimate,estimate,fig_exp1_delay_survival_data,estimate,0.0021133333333333,,,,frozen appendix diagnostic,source table,,,,,fig_exp1_delay_survival_data.csv,188
exp1_appendix_delay_coupling_diagnostics,a,exp1_alignment_transfer,exp1_alignment_transfer:full:2026-08-17T06:28:21.157011+00:00,paper,True,appendix,estimate,estimate,fig_exp1_delay_survival_data,estimate,0.0018933333333333001,,,,frozen appendix diagnostic,source table,,,,,fig_exp1_delay_survival_data.csv,189
exp1_appendix_delay_coupling_diagnostics,a,exp1_alignment_transfer,exp1_alignment_transfer:full:2026-08-17T06:28:21.157011+00:00,paper,True,appendix,estimate,estimate,fig_exp1_delay_survival_data,estimate,0.0016466666666665999,,,,frozen appendix diagnostic,source table,,,,,fig_exp1_delay_survival_data.csv,190
exp1_appendix_delay_coupling_diagnostics,a,exp1_alignment_transfer,exp1_alignment_transfer:full:2026-08-17T06:28:21.157011+00:00,paper,True,appendix,estimate,estimate,fig_exp1_delay_survival_data,estimate,0.0013933333333333001,,,,frozen appendix diagnostic,source table,,,,,fig_exp1_delay_survival_data.csv,191
exp1_appendix_delay_coupling_diagnostics,a,exp1_alignment_transfer,exp1_alignment_transfer:full:2026-08-17T06:28:21.157011+00:00,paper,True,appendix,estimate,estimate,fig_exp1_delay_survival_data,estimate,0.0012266666666665999,,,,frozen appendix diagnostic,source table,,,,,fig_exp1_delay_survival_data.csv,192
exp1_appendix_delay_coupling_diagnostics,a,exp1_alignment_transfer,exp1_alignment_transfer:full:2026-08-17T06:28:21.157011+00:00,paper,True,appendix,estimate,estimate,fig_exp1_delay_survival_data,estimate,0.0010533333333333,,,,frozen appendix diagnostic,source table,,,,,fig_exp1_delay_survival_data.csv,193
exp1_appendix_delay_coupling_diagnostics,a,exp1_alignment_transfer,exp1_alignment_transfer:full:2026-08-17T06:28:21.157011+00:00,paper,True,appendix,estimate,estimate,fig_exp1_delay_survival_data,estimate,0.00090666666666660005,,,,frozen appendix diagnostic,source table,,,,,fig_exp1_delay_survival_data.csv,194
exp1_appendix_delay_coupling_diagnostics,a,exp1_alignment_transfer,exp1_alignment_transfer:full:2026-08-17T06:28:21.157011+00:00,paper,True,appendix,estimate,estimate,fig_exp1_delay_survival_data,estimate,0.00082666666666659995,,,,frozen appendix diagnostic,source table,,,,,fig_exp1_delay_survival_data.csv,195
exp1_appendix_delay_coupling_diagnostics,a,exp1_alignment_transfer,exp1_alignment_transfer:full:2026-08-17T06:28:21.157011+00:00,paper,True,appendix,estimate,estimate,fig_exp1_delay_survival_data,estimate,0.00068000000000000005,,,,frozen appendix diagnostic,source table,,,,,fig_exp1_delay_survival_data.csv,196
exp1_appendix_delay_coupling_diagnostics,a,exp1_alignment_transfer,exp1_alignment_transfer:full:2026-08-17T06:28:21.157011+00:00,paper,True,appendix,estimate,estimate,fig_exp1_delay_survival_data,estimate,0.00054666666666659998,,,,frozen appendix diagnostic,source table,,,,,fig_exp1_delay_survival_data.csv,197
exp1_appendix_delay_coupling_diagnostics,a,exp1_alignment_transfer,exp1_alignment_transfer:full:2026-08-17T06:28:21.157011+00:00,paper,True,appendix,estimate,estimate,fig_exp1_delay_survival_data,estimate,0.0004399999999999,,,,frozen appendix diagnostic,source table,,,,,fig_exp1_delay_survival_data.csv,198
exp1_appendix_delay_coupling_diagnostics,a,exp1_alignment_transfer,exp1_alignment_transfer:full:2026-08-17T06:28:21.157011+00:00,paper,True,appendix,estimate,estimate,fig_exp1_delay_survival_data,estimate,0.00029333333333329999,,,,frozen appendix diagnostic,source table,,,,,fig_exp1_delay_survival_data.csv,199
exp1_appendix_delay_coupling_diagnostics,a,exp1_alignment_transfer,exp1_alignment_transfer:full:2026-08-17T06:28:21.157011+00:00,paper,True,appendix,estimate,estimate,fig_exp1_delay_survival_data,estimate,0.00020000000000000001,,,,frozen appendix diagnostic,source table,,,,,fig_exp1_delay_survival_data.csv,200
exp1_appendix_delay_coupling_diagnostics,a,exp1_alignment_transfer,exp1_alignment_transfer:full:2026-08-17T06:28:21.157011+00:00,paper,True,appendix,estimate,estimate,fig_exp1_delay_survival_data,estimate,9.3333333333333343e-05,,,,frozen appendix diagnostic,source table,,,,,fig_exp1_delay_survival_data.csv,201
exp1_appendix_delay_coupling_diagnostics,a,exp1_alignment_transfer,exp1_alignment_transfer:full:2026-08-17T06:28:21.157011+00:00,paper,True,appendix,estimate,estimate,fig_exp1_delay_survival_data,estimate,0,,,,frozen appendix diagnostic,source table,,,,,fig_exp1_delay_survival_data.csv,202
exp1_appendix_delay_coupling_diagnostics,a,exp1_alignment_transfer,exp1_alignment_transfer:full:2026-08-17T06:28:21.157011+00:00,paper,True,appendix,estimate,estimate,fig_exp1_delay_survival_data,estimate,0.82900666666666656,,,,frozen appendix diagnostic,source table,,,,,fig_exp1_delay_survival_data.csv,203
exp1_appendix_delay_coupling_diagnostics,a,exp1_alignment_transfer,exp1_alignment_transfer:full:2026-08-17T06:28:21.157011+00:00,paper,True,appendix,estimate,estimate,fig_exp1_delay_survival_data,estimate,0.70815333333333319,,,,frozen appendix diagnostic,source table,,,,,fig_exp1_delay_survival_data.csv,204
exp1_appendix_delay_coupling_diagnostics,a,exp1_alignment_transfer,exp1_alignment_transfer:full:2026-08-17T06:28:21.157011+00:00,paper,True,appendix,estimate,estimate,fig_exp1_delay_survival_data,estimate,0.62284000000000006,,,,frozen appendix diagnostic,source table,,,,,fig_exp1_delay_survival_data.csv,205
exp1_appendix_delay_coupling_diagnostics,a,exp1_alignment_transfer,exp1_alignment_transfer:full:2026-08-17T06:28:21.157011+00:00,paper,True,appendix,estimate,estimate,fig_exp1_delay_survival_data,estimate,0.56093999999999999,,,,frozen appendix diagnostic,source table,,,,,fig_exp1_delay_survival_data.csv,206
exp1_appendix_delay_coupling_diagnostics,a,exp1_alignment_transfer,exp1_alignment_transfer:full:2026-08-17T06:28:21.157011+00:00,paper,True,appendix,estimate,estimate,fig_exp1_delay_survival_data,estimate,0.51469999999999994,,,,frozen appendix diagnostic,source table,,,,,fig_exp1_delay_survival_data.csv,207
exp1_appendix_delay_coupling_diagnostics,a,exp1_alignment_transfer,exp1_alignment_transfer:full:2026-08-17T06:28:21.157011+00:00,paper,True,appendix,estimate,estimate,fig_exp1_delay_survival_data,estimate,0.47882666666666662,,,,frozen appendix diagnostic,source table,,,,,fig_exp1_delay_survival_data.csv,208
exp1_appendix_delay_coupling_diagnostics,a,exp1_alignment_transfer,exp1_alignment_transfer:full:2026-08-17T06:28:21.157011+00:00,paper,True,appendix,estimate,estimate,fig_exp1_delay_survival_data,estimate,0.45094666666666672,,,,frozen appendix diagnostic,source table,,,,,fig_exp1_delay_survival_data.csv,209
exp1_appendix_delay_coupling_diagnostics,a,exp1_alignment_transfer,exp1_alignment_transfer:full:2026-08-17T06:28:21.157011+00:00,paper,True,appendix,estimate,estimate,fig_exp1_delay_survival_data,estimate,0.42740666666666649,,,,frozen appendix diagnostic,source table,,,,,fig_exp1_delay_survival_data.csv,210
exp1_appendix_delay_coupling_diagnostics,a,exp1_alignment_transfer,exp1_alignment_transfer:full:2026-08-17T06:28:21.157011+00:00,paper,True,appendix,estimate,estimate,fig_exp1_delay_survival_data,estimate,0.40795999999999999,,,,frozen appendix diagnostic,source table,,,,,fig_exp1_delay_survival_data.csv,211
exp1_appendix_delay_coupling_diagnostics,a,exp1_alignment_transfer,exp1_alignment_transfer:full:2026-08-17T06:28:21.157011+00:00,paper,True,appendix,estimate,estimate,fig_exp1_delay_survival_data,estimate,0.39005333333333331,,,,frozen appendix diagnostic,source table,,,,,fig_exp1_delay_survival_data.csv,212
exp1_appendix_delay_coupling_diagnostics,a,exp1_alignment_transfer,exp1_alignment_transfer:full:2026-08-17T06:28:21.157011+00:00,paper,True,appendix,estimate,estimate,fig_exp1_delay_survival_data,estimate,0.3745066666666666,,,,frozen appendix diagnostic,source table,,,,,fig_exp1_delay_survival_data.csv,213
exp1_appendix_delay_coupling_diagnostics,a,exp1_alignment_transfer,exp1_alignment_transfer:full:2026-08-17T06:28:21.157011+00:00,paper,True,appendix,estimate,estimate,fig_exp1_delay_survival_data,estimate,0.36038666666666669,,,,frozen appendix diagnostic,source table,,,,,fig_exp1_delay_survival_data.csv,214
exp1_appendix_delay_coupling_diagnostics,a,exp1_alignment_transfer,exp1_alignment_transfer:full:2026-08-17T06:28:21.157011+00:00,paper,True,appendix,estimate,estimate,fig_exp1_delay_survival_data,estimate,0.34700666666666657,,,,frozen appendix diagnostic,source table,,,,,fig_exp1_delay_survival_data.csv,215
exp1_appendix_delay_coupling_diagnostics,a,exp1_alignment_transfer,exp1_alignment_transfer:full:2026-08-17T06:28:21.157011+00:00,paper,True,appendix,estimate,estimate,fig_exp1_delay_survival_data,estimate,0.33434666666666663,,,,frozen appendix diagnostic,source table,,,,,fig_exp1_delay_survival_data.csv,216
exp1_appendix_delay_coupling_diagnostics,a,exp1_alignment_transfer,exp1_alignment_transfer:full:2026-08-17T06:28:21.157011+00:00,paper,True,appendix,estimate,estimate,fig_exp1_delay_survival_data,estimate,0.3220533333333333,,,,frozen appendix diagnostic,source table,,,,,fig_exp1_delay_survival_data.csv,217
exp1_appendix_delay_coupling_diagnostics,a,exp1_alignment_transfer,exp1_alignment_transfer:full:2026-08-17T06:28:21.157011+00:00,paper,True,appendix,estimate,estimate,fig_exp1_delay_survival_data,estimate,0.31075999999999998,,,,frozen appendix diagnostic,source table,,,,,fig_exp1_delay_survival_data.csv,218
exp1_appendix_delay_coupling_diagnostics,a,exp1_alignment_transfer,exp1_alignment_transfer:full:2026-08-17T06:28:21.157011+00:00,paper,True,appendix,estimate,estimate,fig_exp1_delay_survival_data,estimate,0.30003999999999997,,,,frozen appendix diagnostic,source table,,,,,fig_exp1_delay_survival_data.csv,219
exp1_appendix_delay_coupling_diagnostics,a,exp1_alignment_transfer,exp1_alignment_transfer:full:2026-08-17T06:28:21.157011+00:00,paper,True,appendix,estimate,estimate,fig_exp1_delay_survival_data,estimate,0.28955333333333327,,,,frozen appendix diagnostic,source table,,,,,fig_exp1_delay_survival_data.csv,220
exp1_appendix_delay_coupling_diagnostics,a,exp1_alignment_transfer,exp1_alignment_transfer:full:2026-08-17T06:28:21.157011+00:00,paper,True,appendix,estimate,estimate,fig_exp1_delay_survival_data,estimate,0.27914,,,,frozen appendix diagnostic,source table,,,,,fig_exp1_delay_survival_data.csv,221
exp1_appendix_delay_coupling_diagnostics,a,exp1_alignment_transfer,exp1_alignment_transfer:full:2026-08-17T06:28:21.157011+00:00,paper,True,appendix,estimate,estimate,fig_exp1_delay_survival_data,estimate,0.26922666666666661,,,,frozen appendix diagnostic,source table,,,,,fig_exp1_delay_survival_data.csv,222
exp1_appendix_delay_coupling_diagnostics,a,exp1_alignment_transfer,exp1_alignment_transfer:full:2026-08-17T06:28:21.157011+00:00,paper,True,appendix,estimate,estimate,fig_exp1_delay_survival_data,estimate,0.25993999999999989,,,,frozen appendix diagnostic,source table,,,,,fig_exp1_delay_survival_data.csv,223
exp1_appendix_delay_coupling_diagnostics,a,exp1_alignment_transfer,exp1_alignment_transfer:full:2026-08-17T06:28:21.157011+00:00,paper,True,appendix,estimate,estimate,fig_exp1_delay_survival_data,estimate,0.25025999999999998,,,,frozen appendix diagnostic,source table,,,,,fig_exp1_delay_survival_data.csv,224
exp1_appendix_delay_coupling_diagnostics,a,exp1_alignment_transfer,exp1_alignment_transfer:full:2026-08-17T06:28:21.157011+00:00,paper,True,appendix,estimate,estimate,fig_exp1_delay_survival_data,estimate,0.2412933333333333,,,,frozen appendix diagnostic,source table,,,,,fig_exp1_delay_survival_data.csv,225
exp1_appendix_delay_coupling_diagnostics,a,exp1_alignment_transfer,exp1_alignment_transfer:full:2026-08-17T06:28:21.157011+00:00,paper,True,appendix,estimate,estimate,fig_exp1_delay_survival_data,estimate,0.23317333333333329,,,,frozen appendix diagnostic,source table,,,,,fig_exp1_delay_survival_data.csv,226
exp1_appendix_delay_coupling_diagnostics,a,exp1_alignment_transfer,exp1_alignment_transfer:full:2026-08-17T06:28:21.157011+00:00,paper,True,appendix,estimate,estimate,fig_exp1_delay_survival_data,estimate,0.22478666666666669,,,,frozen appendix diagnostic,source table,,,,,fig_exp1_delay_survival_data.csv,227
exp1_appendix_delay_coupling_diagnostics,a,exp1_alignment_transfer,exp1_alignment_transfer:full:2026-08-17T06:28:21.157011+00:00,paper,True,appendix,estimate,estimate,fig_exp1_delay_survival_data,estimate,0.21660666666666659,,,,frozen appendix diagnostic,source table,,,,,fig_exp1_delay_survival_data.csv,228
exp1_appendix_delay_coupling_diagnostics,a,exp1_alignment_transfer,exp1_alignment_transfer:full:2026-08-17T06:28:21.157011+00:00,paper,True,appendix,estimate,estimate,fig_exp1_delay_survival_data,estimate,0.20944666666666659,,,,frozen appendix diagnostic,source table,,,,,fig_exp1_delay_survival_data.csv,229
exp1_appendix_delay_coupling_diagnostics,a,exp1_alignment_transfer,exp1_alignment_transfer:full:2026-08-17T06:28:21.157011+00:00,paper,True,appendix,estimate,estimate,fig_exp1_delay_survival_data,estimate,0.2019666666666666,,,,frozen appendix diagnostic,source table,,,,,fig_exp1_delay_survival_data.csv,230
exp1_appendix_delay_coupling_diagnostics,a,exp1_alignment_transfer,exp1_alignment_transfer:full:2026-08-17T06:28:21.157011+00:00,paper,True,appendix,estimate,estimate,fig_exp1_delay_survival_data,estimate,0.19428666666666661,,,,frozen appendix diagnostic,source table,,,,,fig_exp1_delay_survival_data.csv,231
exp1_appendix_delay_coupling_diagnostics,a,exp1_alignment_transfer,exp1_alignment_transfer:full:2026-08-17T06:28:21.157011+00:00,paper,True,appendix,estimate,estimate,fig_exp1_delay_survival_data,estimate,0.18744,,,,frozen appendix diagnostic,source table,,,,,fig_exp1_delay_survival_data.csv,232
exp1_appendix_delay_coupling_diagnostics,a,exp1_alignment_transfer,exp1_alignment_transfer:full:2026-08-17T06:28:21.157011+00:00,paper,True,appendix,estimate,estimate,fig_exp1_delay_survival_data,estimate,0.1810933333333333,,,,frozen appendix diagnostic,source table,,,,,fig_exp1_delay_survival_data.csv,233
exp1_appendix_delay_coupling_diagnostics,a,exp1_alignment_transfer,exp1_alignment_transfer:full:2026-08-17T06:28:21.157011+00:00,paper,True,appendix,estimate,estimate,fig_exp1_delay_survival_data,estimate,0.1745133333333333,,,,frozen appendix diagnostic,source table,,,,,fig_exp1_delay_survival_data.csv,234
exp1_appendix_delay_coupling_diagnostics,a,exp1_alignment_transfer,exp1_alignment_transfer:full:2026-08-17T06:28:21.157011+00:00,paper,True,appendix,estimate,estimate,fig_exp1_delay_survival_data,estimate,0.16814000000000001,,,,frozen appendix diagnostic,source table,,,,,fig_exp1_delay_survival_data.csv,235
exp1_appendix_delay_coupling_diagnostics,a,exp1_alignment_transfer,exp1_alignment_transfer:full:2026-08-17T06:28:21.157011+00:00,paper,True,appendix,estimate,estimate,fig_exp1_delay_survival_data,estimate,0.16206666666666669,,,,frozen appendix diagnostic,source table,,,,,fig_exp1_delay_survival_data.csv,236
exp1_appendix_delay_coupling_diagnostics,a,exp1_alignment_transfer,exp1_alignment_transfer:full:2026-08-17T06:28:21.157011+00:00,paper,True,appendix,estimate,estimate,fig_exp1_delay_survival_data,estimate,0.15624666666666659,,,,frozen appendix diagnostic,source table,,,,,fig_exp1_delay_survival_data.csv,237
exp1_appendix_delay_coupling_diagnostics,a,exp1_alignment_transfer,exp1_alignment_transfer:full:2026-08-17T06:28:21.157011+00:00,paper,True,appendix,estimate,estimate,fig_exp1_delay_survival_data,estimate,0.15066666666666659,,,,frozen appendix diagnostic,source table,,,,,fig_exp1_delay_survival_data.csv,238
exp1_appendix_delay_coupling_diagnostics,a,exp1_alignment_transfer,exp1_alignment_transfer:full:2026-08-17T06:28:21.157011+00:00,paper,True,appendix,estimate,estimate,fig_exp1_delay_survival_data,estimate,0.14502666666666661,,,,frozen appendix diagnostic,source table,,,,,fig_exp1_delay_survival_data.csv,239
exp1_appendix_delay_coupling_diagnostics,a,exp1_alignment_transfer,exp1_alignment_transfer:full:2026-08-17T06:28:21.157011+00:00,paper,True,appendix,estimate,estimate,fig_exp1_delay_survival_data,estimate,0.1394933333333333,,,,frozen appendix diagnostic,source table,,,,,fig_exp1_delay_survival_data.csv,240
exp1_appendix_delay_coupling_diagnostics,a,exp1_alignment_transfer,exp1_alignment_transfer:full:2026-08-17T06:28:21.157011+00:00,paper,True,appendix,estimate,estimate,fig_exp1_delay_survival_data,estimate,0.13397333333333331,,,,frozen appendix diagnostic,source table,,,,,fig_exp1_delay_survival_data.csv,241
exp1_appendix_delay_coupling_diagnostics,a,exp1_alignment_transfer,exp1_alignment_transfer:full:2026-08-17T06:28:21.157011+00:00,paper,True,appendix,estimate,estimate,fig_exp1_delay_survival_data,estimate,0.12881333333333331,,,,frozen appendix diagnostic,source table,,,,,fig_exp1_delay_survival_data.csv,242
exp1_appendix_delay_coupling_diagnostics,a,exp1_alignment_transfer,exp1_alignment_transfer:full:2026-08-17T06:28:21.157011+00:00,paper,True,appendix,estimate,estimate,fig_exp1_delay_survival_data,estimate,0.1239066666666666,,,,frozen appendix diagnostic,source table,,,,,fig_exp1_delay_survival_data.csv,243
exp1_appendix_delay_coupling_diagnostics,a,exp1_alignment_transfer,exp1_alignment_transfer:full:2026-08-17T06:28:21.157011+00:00,paper,True,appendix,estimate,estimate,fig_exp1_delay_survival_data,estimate,0.1191933333333333,,,,frozen appendix diagnostic,source table,,,,,fig_exp1_delay_survival_data.csv,244
exp1_appendix_delay_coupling_diagnostics,a,exp1_alignment_transfer,exp1_alignment_transfer:full:2026-08-17T06:28:21.157011+00:00,paper,True,appendix,estimate,estimate,fig_exp1_delay_survival_data,estimate,0.1143666666666666,,,,frozen appendix diagnostic,source table,,,,,fig_exp1_delay_survival_data.csv,245
exp1_appendix_delay_coupling_diagnostics,a,exp1_alignment_transfer,exp1_alignment_transfer:full:2026-08-17T06:28:21.157011+00:00,paper,True,appendix,estimate,estimate,fig_exp1_delay_survival_data,estimate,0.10976,,,,frozen appendix diagnostic,source table,,,,,fig_exp1_delay_survival_data.csv,246
exp1_appendix_delay_coupling_diagnostics,a,exp1_alignment_transfer,exp1_alignment_transfer:full:2026-08-17T06:28:21.157011+00:00,paper,True,appendix,estimate,estimate,fig_exp1_delay_survival_data,estimate,0.10551333333333331,,,,frozen appendix diagnostic,source table,,,,,fig_exp1_delay_survival_data.csv,247
exp1_appendix_delay_coupling_diagnostics,a,exp1_alignment_transfer,exp1_alignment_transfer:full:2026-08-17T06:28:21.157011+00:00,paper,True,appendix,estimate,estimate,fig_exp1_delay_survival_data,estimate,0.1014533333333333,,,,frozen appendix diagnostic,source table,,,,,fig_exp1_delay_survival_data.csv,248
exp1_appendix_delay_coupling_diagnostics,a,exp1_alignment_transfer,exp1_alignment_transfer:full:2026-08-17T06:28:21.157011+00:00,paper,True,appendix,estimate,estimate,fig_exp1_delay_survival_data,estimate,0.097593333333333296,,,,frozen appendix diagnostic,source table,,,,,fig_exp1_delay_survival_data.csv,249
exp1_appendix_delay_coupling_diagnostics,a,exp1_alignment_transfer,exp1_alignment_transfer:full:2026-08-17T06:28:21.157011+00:00,paper,True,appendix,estimate,estimate,fig_exp1_delay_survival_data,estimate,0.093793333333333298,,,,frozen appendix diagnostic,source table,,,,,fig_exp1_delay_survival_data.csv,250
exp1_appendix_delay_coupling_diagnostics,a,exp1_alignment_transfer,exp1_alignment_transfer:full:2026-08-17T06:28:21.157011+00:00,paper,True,appendix,estimate,estimate,fig_exp1_delay_survival_data,estimate,0.090053333333333305,,,,frozen appendix diagnostic,source table,,,,,fig_exp1_delay_survival_data.csv,251
exp1_appendix_delay_coupling_diagnostics,a,exp1_alignment_transfer,exp1_alignment_transfer:full:2026-08-17T06:28:21.157011+00:00,paper,True,appendix,estimate,estimate,fig_exp1_delay_survival_data,estimate,0.086580000000000004,,,,frozen appendix diagnostic,source table,,,,,fig_exp1_delay_survival_data.csv,252
exp1_appendix_delay_coupling_diagnostics,a,exp1_alignment_transfer,exp1_alignment_transfer:full:2026-08-17T06:28:21.157011+00:00,paper,True,appendix,estimate,estimate,fig_exp1_delay_survival_data,estimate,0.083286666666666606,,,,frozen appendix diagnostic,source table,,,,,fig_exp1_delay_survival_data.csv,253
exp1_appendix_delay_coupling_diagnostics,a,exp1_alignment_transfer,exp1_alignment_transfer:full:2026-08-17T06:28:21.157011+00:00,paper,True,appendix,estimate,estimate,fig_exp1_delay_survival_data,estimate,0.079826666666666601,,,,frozen appendix diagnostic,source table,,,,,fig_exp1_delay_survival_data.csv,254
exp1_appendix_delay_coupling_diagnostics,a,exp1_alignment_transfer,exp1_alignment_transfer:full:2026-08-17T06:28:21.157011+00:00,paper,True,appendix,estimate,estimate,fig_exp1_delay_survival_data,estimate,0.076706666666666604,,,,frozen appendix diagnostic,source table,,,,,fig_exp1_delay_survival_data.csv,255
exp1_appendix_delay_coupling_diagnostics,a,exp1_alignment_transfer,exp1_alignment_transfer:full:2026-08-17T06:28:21.157011+00:00,paper,True,appendix,estimate,estimate,fig_exp1_delay_survival_data,estimate,0.073719999999999994,,,,frozen appendix diagnostic,source table,,,,,fig_exp1_delay_survival_data.csv,256
exp1_appendix_delay_coupling_diagnostics,a,exp1_alignment_transfer,exp1_alignment_transfer:full:2026-08-17T06:28:21.157011+00:00,paper,True,appendix,estimate,estimate,fig_exp1_delay_survival_data,estimate,0.070800000000000002,,,,frozen appendix diagnostic,source table,,,,,fig_exp1_delay_survival_data.csv,257
exp1_appendix_delay_coupling_diagnostics,a,exp1_alignment_transfer,exp1_alignment_transfer:full:2026-08-17T06:28:21.157011+00:00,paper,True,appendix,estimate,estimate,fig_exp1_delay_survival_data,estimate,0.067919999999999994,,,,frozen appendix diagnostic,source table,,,,,fig_exp1_delay_survival_data.csv,258
exp1_appendix_delay_coupling_diagnostics,a,exp1_alignment_transfer,exp1_alignment_transfer:full:2026-08-17T06:28:21.157011+00:00,paper,True,appendix,estimate,estimate,fig_exp1_delay_survival_data,estimate,0.064993333333333306,,,,frozen appendix diagnostic,source table,,,,,fig_exp1_delay_survival_data.csv,259
exp1_appendix_delay_coupling_diagnostics,a,exp1_alignment_transfer,exp1_alignment_transfer:full:2026-08-17T06:28:21.157011+00:00,paper,True,appendix,estimate,estimate,fig_exp1_delay_survival_data,estimate,0.0622333333333333,,,,frozen appendix diagnostic,source table,,,,,fig_exp1_delay_survival_data.csv,260
exp1_appendix_delay_coupling_diagnostics,a,exp1_alignment_transfer,exp1_alignment_transfer:full:2026-08-17T06:28:21.157011+00:00,paper,True,appendix,estimate,estimate,fig_exp1_delay_survival_data,estimate,0.059546666666666602,,,,frozen appendix diagnostic,source table,,,,,fig_exp1_delay_survival_data.csv,261
exp1_appendix_delay_coupling_diagnostics,a,exp1_alignment_transfer,exp1_alignment_transfer:full:2026-08-17T06:28:21.157011+00:00,paper,True,appendix,estimate,estimate,fig_exp1_delay_survival_data,estimate,0.057153333333333299,,,,frozen appendix diagnostic,source table,,,,,fig_exp1_delay_survival_data.csv,262
exp1_appendix_delay_coupling_diagnostics,a,exp1_alignment_transfer,exp1_alignment_transfer:full:2026-08-17T06:28:21.157011+00:00,paper,True,appendix,estimate,estimate,fig_exp1_delay_survival_data,estimate,0.054613333333333298,,,,frozen appendix diagnostic,source table,,,,,fig_exp1_delay_survival_data.csv,263
exp1_appendix_delay_coupling_diagnostics,a,exp1_alignment_transfer,exp1_alignment_transfer:full:2026-08-17T06:28:21.157011+00:00,paper,True,appendix,estimate,estimate,fig_exp1_delay_survival_data,estimate,0.052159999999999998,,,,frozen appendix diagnostic,source table,,,,,fig_exp1_delay_survival_data.csv,264
exp1_appendix_delay_coupling_diagnostics,a,exp1_alignment_transfer,exp1_alignment_transfer:full:2026-08-17T06:28:21.157011+00:00,paper,True,appendix,estimate,estimate,fig_exp1_delay_survival_data,estimate,0.049699999999999897,,,,frozen appendix diagnostic,source table,,,,,fig_exp1_delay_survival_data.csv,265
exp1_appendix_delay_coupling_diagnostics,a,exp1_alignment_transfer,exp1_alignment_transfer:full:2026-08-17T06:28:21.157011+00:00,paper,True,appendix,estimate,estimate,fig_exp1_delay_survival_data,estimate,0.047480000000000001,,,,frozen appendix diagnostic,source table,,,,,fig_exp1_delay_survival_data.csv,266
exp1_appendix_delay_coupling_diagnostics,a,exp1_alignment_transfer,exp1_alignment_transfer:full:2026-08-17T06:28:21.157011+00:00,paper,True,appendix,estimate,estimate,fig_exp1_delay_survival_data,estimate,0.0453733333333333,,,,frozen appendix diagnostic,source table,,,,,fig_exp1_delay_survival_data.csv,267
exp1_appendix_delay_coupling_diagnostics,a,exp1_alignment_transfer,exp1_alignment_transfer:full:2026-08-17T06:28:21.157011+00:00,paper,True,appendix,estimate,estimate,fig_exp1_delay_survival_data,estimate,0.043386666666666601,,,,frozen appendix diagnostic,source table,,,,,fig_exp1_delay_survival_data.csv,268
exp1_appendix_delay_coupling_diagnostics,a,exp1_alignment_transfer,exp1_alignment_transfer:full:2026-08-17T06:28:21.157011+00:00,paper,True,appendix,estimate,estimate,fig_exp1_delay_survival_data,estimate,0.041520000000000001,,,,frozen appendix diagnostic,source table,,,,,fig_exp1_delay_survival_data.csv,269
exp1_appendix_delay_coupling_diagnostics,a,exp1_alignment_transfer,exp1_alignment_transfer:full:2026-08-17T06:28:21.157011+00:00,paper,True,appendix,estimate,estimate,fig_exp1_delay_survival_data,estimate,0.039579999999999997,,,,frozen appendix diagnostic,source table,,,,,fig_exp1_delay_survival_data.csv,270
exp1_appendix_delay_coupling_diagnostics,a,exp1_alignment_transfer,exp1_alignment_transfer:full:2026-08-17T06:28:21.157011+00:00,paper,True,appendix,estimate,estimate,fig_exp1_delay_survival_data,estimate,0.037699999999999997,,,,frozen appendix diagnostic,source table,,,,,fig_exp1_delay_survival_data.csv,271
exp1_appendix_delay_coupling_diagnostics,a,exp1_alignment_transfer,exp1_alignment_transfer:full:2026-08-17T06:28:21.157011+00:00,paper,True,appendix,estimate,estimate,fig_exp1_delay_survival_data,estimate,0.035720000000000002,,,,frozen appendix diagnostic,source table,,,,,fig_exp1_delay_survival_data.csv,272
exp1_appendix_delay_coupling_diagnostics,a,exp1_alignment_transfer,exp1_alignment_transfer:full:2026-08-17T06:28:21.157011+00:00,paper,True,appendix,estimate,estimate,fig_exp1_delay_survival_data,estimate,0.033839999999999898,,,,frozen appendix diagnostic,source table,,,,,fig_exp1_delay_survival_data.csv,273
exp1_appendix_delay_coupling_diagnostics,a,exp1_alignment_transfer,exp1_alignment_transfer:full:2026-08-17T06:28:21.157011+00:00,paper,True,appendix,estimate,estimate,fig_exp1_delay_survival_data,estimate,0.032153333333333298,,,,frozen appendix diagnostic,source table,,,,,fig_exp1_delay_survival_data.csv,274
exp1_appendix_delay_coupling_diagnostics,a,exp1_alignment_transfer,exp1_alignment_transfer:full:2026-08-17T06:28:21.157011+00:00,paper,True,appendix,estimate,estimate,fig_exp1_delay_survival_data,estimate,0.030460000000000001,,,,frozen appendix diagnostic,source table,,,,,fig_exp1_delay_survival_data.csv,275
exp1_appendix_delay_coupling_diagnostics,a,exp1_alignment_transfer,exp1_alignment_transfer:full:2026-08-17T06:28:21.157011+00:00,paper,True,appendix,estimate,estimate,fig_exp1_delay_survival_data,estimate,0.028760000000000001,,,,frozen appendix diagnostic,source table,,,,,fig_exp1_delay_survival_data.csv,276
exp1_appendix_delay_coupling_diagnostics,a,exp1_alignment_transfer,exp1_alignment_transfer:full:2026-08-17T06:28:21.157011+00:00,paper,True,appendix,estimate,estimate,fig_exp1_delay_survival_data,estimate,0.0271466666666666,,,,frozen appendix diagnostic,source table,,,,,fig_exp1_delay_survival_data.csv,277
exp1_appendix_delay_coupling_diagnostics,a,exp1_alignment_transfer,exp1_alignment_transfer:full:2026-08-17T06:28:21.157011+00:00,paper,True,appendix,estimate,estimate,fig_exp1_delay_survival_data,estimate,0.025553333333333299,,,,frozen appendix diagnostic,source table,,,,,fig_exp1_delay_survival_data.csv,278
exp1_appendix_delay_coupling_diagnostics,a,exp1_alignment_transfer,exp1_alignment_transfer:full:2026-08-17T06:28:21.157011+00:00,paper,True,appendix,estimate,estimate,fig_exp1_delay_survival_data,estimate,0.024053333333333302,,,,frozen appendix diagnostic,source table,,,,,fig_exp1_delay_survival_data.csv,279
exp1_appendix_delay_coupling_diagnostics,a,exp1_alignment_transfer,exp1_alignment_transfer:full:2026-08-17T06:28:21.157011+00:00,paper,True,appendix,estimate,estimate,fig_exp1_delay_survival_data,estimate,0.022706666666666601,,,,frozen appendix diagnostic,source table,,,,,fig_exp1_delay_survival_data.csv,280
exp1_appendix_delay_coupling_diagnostics,a,exp1_alignment_transfer,exp1_alignment_transfer:full:2026-08-17T06:28:21.157011+00:00,paper,True,appendix,estimate,estimate,fig_exp1_delay_survival_data,estimate,0.021319999999999999,,,,frozen appendix diagnostic,source table,,,,,fig_exp1_delay_survival_data.csv,281
exp1_appendix_delay_coupling_diagnostics,a,exp1_alignment_transfer,exp1_alignment_transfer:full:2026-08-17T06:28:21.157011+00:00,paper,True,appendix,estimate,estimate,fig_exp1_delay_survival_data,estimate,0.0200066666666666,,,,frozen appendix diagnostic,source table,,,,,fig_exp1_delay_survival_data.csv,282
exp1_appendix_delay_coupling_diagnostics,a,exp1_alignment_transfer,exp1_alignment_transfer:full:2026-08-17T06:28:21.157011+00:00,paper,True,appendix,estimate,estimate,fig_exp1_delay_survival_data,estimate,0.0186466666666666,,,,frozen appendix diagnostic,source table,,,,,fig_exp1_delay_survival_data.csv,283
exp1_appendix_delay_coupling_diagnostics,a,exp1_alignment_transfer,exp1_alignment_transfer:full:2026-08-17T06:28:21.157011+00:00,paper,True,appendix,estimate,estimate,fig_exp1_delay_survival_data,estimate,0.0173733333333333,,,,frozen appendix diagnostic,source table,,,,,fig_exp1_delay_survival_data.csv,284
exp1_appendix_delay_coupling_diagnostics,a,exp1_alignment_transfer,exp1_alignment_transfer:full:2026-08-17T06:28:21.157011+00:00,paper,True,appendix,estimate,estimate,fig_exp1_delay_survival_data,estimate,0.0160933333333333,,,,frozen appendix diagnostic,source table,,,,,fig_exp1_delay_survival_data.csv,285
exp1_appendix_delay_coupling_diagnostics,a,exp1_alignment_transfer,exp1_alignment_transfer:full:2026-08-17T06:28:21.157011+00:00,paper,True,appendix,estimate,estimate,fig_exp1_delay_survival_data,estimate,0.014826666666666599,,,,frozen appendix diagnostic,source table,,,,,fig_exp1_delay_survival_data.csv,286
exp1_appendix_delay_coupling_diagnostics,a,exp1_alignment_transfer,exp1_alignment_transfer:full:2026-08-17T06:28:21.157011+00:00,paper,True,appendix,estimate,estimate,fig_exp1_delay_survival_data,estimate,0.0136733333333333,,,,frozen appendix diagnostic,source table,,,,,fig_exp1_delay_survival_data.csv,287
exp1_appendix_delay_coupling_diagnostics,a,exp1_alignment_transfer,exp1_alignment_transfer:full:2026-08-17T06:28:21.157011+00:00,paper,True,appendix,estimate,estimate,fig_exp1_delay_survival_data,estimate,0.01264,,,,frozen appendix diagnostic,source table,,,,,fig_exp1_delay_survival_data.csv,288
exp1_appendix_delay_coupling_diagnostics,a,exp1_alignment_transfer,exp1_alignment_transfer:full:2026-08-17T06:28:21.157011+00:00,paper,True,appendix,estimate,estimate,fig_exp1_delay_survival_data,estimate,0.0115733333333333,,,,frozen appendix diagnostic,source table,,,,,fig_exp1_delay_survival_data.csv,289
exp1_appendix_delay_coupling_diagnostics,a,exp1_alignment_transfer,exp1_alignment_transfer:full:2026-08-17T06:28:21.157011+00:00,paper,True,appendix,estimate,estimate,fig_exp1_delay_survival_data,estimate,0.010613333333333299,,,,frozen appendix diagnostic,source table,,,,,fig_exp1_delay_survival_data.csv,290
exp1_appendix_delay_coupling_diagnostics,a,exp1_alignment_transfer,exp1_alignment_transfer:full:2026-08-17T06:28:21.157011+00:00,paper,True,appendix,estimate,estimate,fig_exp1_delay_survival_data,estimate,0.0094599999999999997,,,,frozen appendix diagnostic,source table,,,,,fig_exp1_delay_survival_data.csv,291
exp1_appendix_delay_coupling_diagnostics,a,exp1_alignment_transfer,exp1_alignment_transfer:full:2026-08-17T06:28:21.157011+00:00,paper,True,appendix,estimate,estimate,fig_exp1_delay_survival_data,estimate,0.0085333333333333008,,,,frozen appendix diagnostic,source table,,,,,fig_exp1_delay_survival_data.csv,292
exp1_appendix_delay_coupling_diagnostics,a,exp1_alignment_transfer,exp1_alignment_transfer:full:2026-08-17T06:28:21.157011+00:00,paper,True,appendix,estimate,estimate,fig_exp1_delay_survival_data,estimate,0.0077000000000000002,,,,frozen appendix diagnostic,source table,,,,,fig_exp1_delay_survival_data.csv,293
exp1_appendix_delay_coupling_diagnostics,a,exp1_alignment_transfer,exp1_alignment_transfer:full:2026-08-17T06:28:21.157011+00:00,paper,True,appendix,estimate,estimate,fig_exp1_delay_survival_data,estimate,0.0067799999999999996,,,,frozen appendix diagnostic,source table,,,,,fig_exp1_delay_survival_data.csv,294
exp1_appendix_delay_coupling_diagnostics,a,exp1_alignment_transfer,exp1_alignment_transfer:full:2026-08-17T06:28:21.157011+00:00,paper,True,appendix,estimate,estimate,fig_exp1_delay_survival_data,estimate,0.0057933333333332997,,,,frozen appendix diagnostic,source table,,,,,fig_exp1_delay_survival_data.csv,295
exp1_appendix_delay_coupling_diagnostics,a,exp1_alignment_transfer,exp1_alignment_transfer:full:2026-08-17T06:28:21.157011+00:00,paper,True,appendix,estimate,estimate,fig_exp1_delay_survival_data,estimate,0.0048999999999999001,,,,frozen appendix diagnostic,source table,,,,,fig_exp1_delay_survival_data.csv,296
exp1_appendix_delay_coupling_diagnostics,a,exp1_alignment_transfer,exp1_alignment_transfer:full:2026-08-17T06:28:21.157011+00:00,paper,True,appendix,estimate,estimate,fig_exp1_delay_survival_data,estimate,0.0042466666666666,,,,frozen appendix diagnostic,source table,,,,,fig_exp1_delay_survival_data.csv,297
exp1_appendix_delay_coupling_diagnostics,a,exp1_alignment_transfer,exp1_alignment_transfer:full:2026-08-17T06:28:21.157011+00:00,paper,True,appendix,estimate,estimate,fig_exp1_delay_survival_data,estimate,0.0034533333333333,,,,frozen appendix diagnostic,source table,,,,,fig_exp1_delay_survival_data.csv,298
exp1_appendix_delay_coupling_diagnostics,a,exp1_alignment_transfer,exp1_alignment_transfer:full:2026-08-17T06:28:21.157011+00:00,paper,True,appendix,estimate,estimate,fig_exp1_delay_survival_data,estimate,0.0027799999999999002,,,,frozen appendix diagnostic,source table,,,,,fig_exp1_delay_survival_data.csv,299
exp1_appendix_delay_coupling_diagnostics,a,exp1_alignment_transfer,exp1_alignment_transfer:full:2026-08-17T06:28:21.157011+00:00,paper,True,appendix,estimate,estimate,fig_exp1_delay_survival_data,estimate,0.0020066666666665998,,,,frozen appendix diagnostic,source table,,,,,fig_exp1_delay_survival_data.csv,300
exp1_appendix_delay_coupling_diagnostics,a,exp1_alignment_transfer,exp1_alignment_transfer:full:2026-08-17T06:28:21.157011+00:00,paper,True,appendix,estimate,estimate,fig_exp1_delay_survival_data,estimate,0.0012666666666666,,,,frozen appendix diagnostic,source table,,,,,fig_exp1_delay_survival_data.csv,301
exp1_appendix_delay_coupling_diagnostics,a,exp1_alignment_transfer,exp1_alignment_transfer:full:2026-08-17T06:28:21.157011+00:00,paper,True,appendix,estimate,estimate,fig_exp1_delay_survival_data,estimate,0.00054666666666659998,,,,frozen appendix diagnostic,source table,,,,,fig_exp1_delay_survival_data.csv,302
exp1_appendix_delay_coupling_diagnostics,a,exp1_alignment_transfer,exp1_alignment_transfer:full:2026-08-17T06:28:21.157011+00:00,paper,True,appendix,estimate,estimate,fig_exp1_delay_survival_data,estimate,0,,,,frozen appendix diagnostic,source table,,,,,fig_exp1_delay_survival_data.csv,303
exp1_appendix_delay_coupling_diagnostics,a,exp1_alignment_transfer,exp1_alignment_transfer:full:2026-08-17T06:28:21.157011+00:00,paper,True,appendix,estimate,estimate,fig_exp1_delay_survival_data,estimate,0.92478000000000005,,,,frozen appendix diagnostic,source table,,,,,fig_exp1_delay_survival_data.csv,304
exp1_appendix_delay_coupling_diagnostics,a,exp1_alignment_transfer,exp1_alignment_transfer:full:2026-08-17T06:28:21.157011+00:00,paper,True,appendix,estimate,estimate,fig_exp1_delay_survival_data,estimate,0.85643333333333327,,,,frozen appendix diagnostic,source table,,,,,fig_exp1_delay_survival_data.csv,305
exp1_appendix_delay_coupling_diagnostics,a,exp1_alignment_transfer,exp1_alignment_transfer:full:2026-08-17T06:28:21.157011+00:00,paper,True,appendix,estimate,estimate,fig_exp1_delay_survival_data,estimate,0.79359333333333315,,,,frozen appendix diagnostic,source table,,,,,fig_exp1_delay_survival_data.csv,306
exp1_appendix_delay_coupling_diagnostics,a,exp1_alignment_transfer,exp1_alignment_transfer:full:2026-08-17T06:28:21.157011+00:00,paper,True,appendix,estimate,estimate,fig_exp1_delay_survival_data,estimate,0.73646666666666671,,,,frozen appendix diagnostic,source table,,,,,fig_exp1_delay_survival_data.csv,307
exp1_appendix_delay_coupling_diagnostics,a,exp1_alignment_transfer,exp1_alignment_transfer:full:2026-08-17T06:28:21.157011+00:00,paper,True,appendix,estimate,estimate,fig_exp1_delay_survival_data,estimate,0.6847066666666668,,,,frozen appendix diagnostic,source table,,,,,fig_exp1_delay_survival_data.csv,308
exp1_appendix_delay_coupling_diagnostics,a,exp1_alignment_transfer,exp1_alignment_transfer:full:2026-08-17T06:28:21.157011+00:00,paper,True,appendix,estimate,estimate,fig_exp1_delay_survival_data,estimate,0.6371133333333332,,,,frozen appendix diagnostic,source table,,,,,fig_exp1_delay_survival_data.csv,309
exp1_appendix_delay_coupling_diagnostics,a,exp1_alignment_transfer,exp1_alignment_transfer:full:2026-08-17T06:28:21.157011+00:00,paper,True,appendix,estimate,estimate,fig_exp1_delay_survival_data,estimate,0.59296666666666653,,,,frozen appendix diagnostic,source table,,,,,fig_exp1_delay_survival_data.csv,310
exp1_appendix_delay_coupling_diagnostics,a,exp1_alignment_transfer,exp1_alignment_transfer:full:2026-08-17T06:28:21.157011+00:00,paper,True,appendix,estimate,estimate,fig_exp1_delay_survival_data,estimate,0.55255999999999994,,,,frozen appendix diagnostic,source table,,,,,fig_exp1_delay_survival_data.csv,311
exp1_appendix_delay_coupling_diagnostics,a,exp1_alignment_transfer,exp1_alignment_transfer:full:2026-08-17T06:28:21.157011+00:00,paper,True,appendix,estimate,estimate,fig_exp1_delay_survival_data,estimate,0.51662666666666668,,,,frozen appendix diagnostic,source table,,,,,fig_exp1_delay_survival_data.csv,312
exp1_appendix_delay_coupling_diagnostics,a,exp1_alignment_transfer,exp1_alignment_transfer:full:2026-08-17T06:28:21.157011+00:00,paper,True,appendix,estimate,estimate,fig_exp1_delay_survival_data,estimate,0.48303333333333331,,,,frozen appendix diagnostic,source table,,,,,fig_exp1_delay_survival_data.csv,313
exp1_appendix_delay_coupling_diagnostics,a,exp1_alignment_transfer,exp1_alignment_transfer:full:2026-08-17T06:28:21.157011+00:00,paper,True,appendix,estimate,estimate,fig_exp1_delay_survival_data,estimate,0.45162000000000008,,,,frozen appendix diagnostic,source table,,,,,fig_exp1_delay_survival_data.csv,314
exp1_appendix_delay_coupling_diagnostics,a,exp1_alignment_transfer,exp1_alignment_transfer:full:2026-08-17T06:28:21.157011+00:00,paper,True,appendix,estimate,estimate,fig_exp1_delay_survival_data,estimate,0.42299333333333339,,,,frozen appendix diagnostic,source table,,,,,fig_exp1_delay_survival_data.csv,315
exp1_appendix_delay_coupling_diagnostics,a,exp1_alignment_transfer,exp1_alignment_transfer:full:2026-08-17T06:28:21.157011+00:00,paper,True,appendix,estimate,estimate,fig_exp1_delay_survival_data,estimate,0.39639333333333321,,,,frozen appendix diagnostic,source table,,,,,fig_exp1_delay_survival_data.csv,316
exp1_appendix_delay_coupling_diagnostics,a,exp1_alignment_transfer,exp1_alignment_transfer:full:2026-08-17T06:28:21.157011+00:00,paper,True,appendix,estimate,estimate,fig_exp1_delay_survival_data,estimate,0.3718466666666666,,,,frozen appendix diagnostic,source table,,,,,fig_exp1_delay_survival_data.csv,317
exp1_appendix_delay_coupling_diagnostics,a,exp1_alignment_transfer,exp1_alignment_transfer:full:2026-08-17T06:28:21.157011+00:00,paper,True,appendix,estimate,estimate,fig_exp1_delay_survival_data,estimate,0.34841333333333319,,,,frozen appendix diagnostic,source table,,,,,fig_exp1_delay_survival_data.csv,318
exp1_appendix_delay_coupling_diagnostics,a,exp1_alignment_transfer,exp1_alignment_transfer:full:2026-08-17T06:28:21.157011+00:00,paper,True,appendix,estimate,estimate,fig_exp1_delay_survival_data,estimate,0.32811999999999991,,,,frozen appendix diagnostic,source table,,,,,fig_exp1_delay_survival_data.csv,319
exp1_appendix_delay_coupling_diagnostics,a,exp1_alignment_transfer,exp1_alignment_transfer:full:2026-08-17T06:28:21.157011+00:00,paper,True,appendix,estimate,estimate,fig_exp1_delay_survival_data,estimate,0.30842666666666663,,,,frozen appendix diagnostic,source table,,,,,fig_exp1_delay_survival_data.csv,320
exp1_appendix_delay_coupling_diagnostics,a,exp1_alignment_transfer,exp1_alignment_transfer:full:2026-08-17T06:28:21.157011+00:00,paper,True,appendix,estimate,estimate,fig_exp1_delay_survival_data,estimate,0.29044666666666669,,,,frozen appendix diagnostic,source table,,,,,fig_exp1_delay_survival_data.csv,321
exp1_appendix_delay_coupling_diagnostics,a,exp1_alignment_transfer,exp1_alignment_transfer:full:2026-08-17T06:28:21.157011+00:00,paper,True,appendix,estimate,estimate,fig_exp1_delay_survival_data,estimate,0.27392,,,,frozen appendix diagnostic,source table,,,,,fig_exp1_delay_survival_data.csv,322
exp1_appendix_delay_coupling_diagnostics,a,exp1_alignment_transfer,exp1_alignment_transfer:full:2026-08-17T06:28:21.157011+00:00,paper,True,appendix,estimate,estimate,fig_exp1_delay_survival_data,estimate,0.25840000000000002,,,,frozen appendix diagnostic,source table,,,,,fig_exp1_delay_survival_data.csv,323
exp1_appendix_delay_coupling_diagnostics,a,exp1_alignment_transfer,exp1_alignment_transfer:full:2026-08-17T06:28:21.157011+00:00,paper,True,appendix,estimate,estimate,fig_exp1_delay_survival_data,estimate,0.24351999999999999,,,,frozen appendix diagnostic,source table,,,,,fig_exp1_delay_survival_data.csv,324
exp1_appendix_delay_coupling_diagnostics,a,exp1_alignment_transfer,exp1_alignment_transfer:full:2026-08-17T06:28:21.157011+00:00,paper,True,appendix,estimate,estimate,fig_exp1_delay_survival_data,estimate,0.23051999999999989,,,,frozen appendix diagnostic,source table,,,,,fig_exp1_delay_survival_data.csv,325
exp1_appendix_delay_coupling_diagnostics,a,exp1_alignment_transfer,exp1_alignment_transfer:full:2026-08-17T06:28:21.157011+00:00,paper,True,appendix,estimate,estimate,fig_exp1_delay_survival_data,estimate,0.2181799999999999,,,,frozen appendix diagnostic,source table,,,,,fig_exp1_delay_survival_data.csv,326
exp1_appendix_delay_coupling_diagnostics,a,exp1_alignment_transfer,exp1_alignment_transfer:full:2026-08-17T06:28:21.157011+00:00,paper,True,appendix,estimate,estimate,fig_exp1_delay_survival_data,estimate,0.20681999999999989,,,,frozen appendix diagnostic,source table,,,,,fig_exp1_delay_survival_data.csv,327
exp1_appendix_delay_coupling_diagnostics,a,exp1_alignment_transfer,exp1_alignment_transfer:full:2026-08-17T06:28:21.157011+00:00,paper,True,appendix,estimate,estimate,fig_exp1_delay_survival_data,estimate,0.19594,,,,frozen appendix diagnostic,source table,,,,,fig_exp1_delay_survival_data.csv,328
exp1_appendix_delay_coupling_diagnostics,a,exp1_alignment_transfer,exp1_alignment_transfer:full:2026-08-17T06:28:21.157011+00:00,paper,True,appendix,estimate,estimate,fig_exp1_delay_survival_data,estimate,0.18558666666666659,,,,frozen appendix diagnostic,source table,,,,,fig_exp1_delay_survival_data.csv,329
exp1_appendix_delay_coupling_diagnostics,a,exp1_alignment_transfer,exp1_alignment_transfer:full:2026-08-17T06:28:21.157011+00:00,paper,True,appendix,estimate,estimate,fig_exp1_delay_survival_data,estimate,0.17583333333333331,,,,frozen appendix diagnostic,source table,,,,,fig_exp1_delay_survival_data.csv,330
exp1_appendix_delay_coupling_diagnostics,a,exp1_alignment_transfer,exp1_alignment_transfer:full:2026-08-17T06:28:21.157011+00:00,paper,True,appendix,estimate,estimate,fig_exp1_delay_survival_data,estimate,0.16672666666666661,,,,frozen appendix diagnostic,source table,,,,,fig_exp1_delay_survival_data.csv,331
exp1_appendix_delay_coupling_diagnostics,a,exp1_alignment_transfer,exp1_alignment_transfer:full:2026-08-17T06:28:21.157011+00:00,paper,True,appendix,estimate,estimate,fig_exp1_delay_survival_data,estimate,0.15798000000000001,,,,frozen appendix diagnostic,source table,,,,,fig_exp1_delay_survival_data.csv,332
exp1_appendix_delay_coupling_diagnostics,a,exp1_alignment_transfer,exp1_alignment_transfer:full:2026-08-17T06:28:21.157011+00:00,paper,True,appendix,estimate,estimate,fig_exp1_delay_survival_data,estimate,0.14965999999999999,,,,frozen appendix diagnostic,source table,,,,,fig_exp1_delay_survival_data.csv,333
exp1_appendix_delay_coupling_diagnostics,a,exp1_alignment_transfer,exp1_alignment_transfer:full:2026-08-17T06:28:21.157011+00:00,paper,True,appendix,estimate,estimate,fig_exp1_delay_survival_data,estimate,0.14231999999999989,,,,frozen appendix diagnostic,source table,,,,,fig_exp1_delay_survival_data.csv,334
exp1_appendix_delay_coupling_diagnostics,a,exp1_alignment_transfer,exp1_alignment_transfer:full:2026-08-17T06:28:21.157011+00:00,paper,True,appendix,estimate,estimate,fig_exp1_delay_survival_data,estimate,0.1352799999999999,,,,frozen appendix diagnostic,source table,,,,,fig_exp1_delay_survival_data.csv,335
exp1_appendix_delay_coupling_diagnostics,a,exp1_alignment_transfer,exp1_alignment_transfer:full:2026-08-17T06:28:21.157011+00:00,paper,True,appendix,estimate,estimate,fig_exp1_delay_survival_data,estimate,0.12862666666666661,,,,frozen appendix diagnostic,source table,,,,,fig_exp1_delay_survival_data.csv,336
exp1_appendix_delay_coupling_diagnostics,a,exp1_alignment_transfer,exp1_alignment_transfer:full:2026-08-17T06:28:21.157011+00:00,paper,True,appendix,estimate,estimate,fig_exp1_delay_survival_data,estimate,0.12232,,,,frozen appendix diagnostic,source table,,,,,fig_exp1_delay_survival_data.csv,337
exp1_appendix_delay_coupling_diagnostics,a,exp1_alignment_transfer,exp1_alignment_transfer:full:2026-08-17T06:28:21.157011+00:00,paper,True,appendix,estimate,estimate,fig_exp1_delay_survival_data,estimate,0.11625999999999991,,,,frozen appendix diagnostic,source table,,,,,fig_exp1_delay_survival_data.csv,338
exp1_appendix_delay_coupling_diagnostics,a,exp1_alignment_transfer,exp1_alignment_transfer:full:2026-08-17T06:28:21.157011+00:00,paper,True,appendix,estimate,estimate,fig_exp1_delay_survival_data,estimate,0.11088000000000001,,,,frozen appendix diagnostic,source table,,,,,fig_exp1_delay_survival_data.csv,339
exp1_appendix_delay_coupling_diagnostics,a,exp1_alignment_transfer,exp1_alignment_transfer:full:2026-08-17T06:28:21.157011+00:00,paper,True,appendix,estimate,estimate,fig_exp1_delay_survival_data,estimate,0.10533333333333331,,,,frozen appendix diagnostic,source table,,,,,fig_exp1_delay_survival_data.csv,340
exp1_appendix_delay_coupling_diagnostics,a,exp1_alignment_transfer,exp1_alignment_transfer:full:2026-08-17T06:28:21.157011+00:00,paper,True,appendix,estimate,estimate,fig_exp1_delay_survival_data,estimate,0.1003133333333333,,,,frozen appendix diagnostic,source table,,,,,fig_exp1_delay_survival_data.csv,341
exp1_appendix_delay_coupling_diagnostics,a,exp1_alignment_transfer,exp1_alignment_transfer:full:2026-08-17T06:28:21.157011+00:00,paper,True,appendix,estimate,estimate,fig_exp1_delay_survival_data,estimate,0.095339999999999994,,,,frozen appendix diagnostic,source table,,,,,fig_exp1_delay_survival_data.csv,342
exp1_appendix_delay_coupling_diagnostics,a,exp1_alignment_transfer,exp1_alignment_transfer:full:2026-08-17T06:28:21.157011+00:00,paper,True,appendix,estimate,estimate,fig_exp1_delay_survival_data,estimate,0.090586666666666593,,,,frozen appendix diagnostic,source table,,,,,fig_exp1_delay_survival_data.csv,343
exp1_appendix_delay_coupling_diagnostics,a,exp1_alignment_transfer,exp1_alignment_transfer:full:2026-08-17T06:28:21.157011+00:00,paper,True,appendix,estimate,estimate,fig_exp1_delay_survival_data,estimate,0.0859866666666666,,,,frozen appendix diagnostic,source table,,,,,fig_exp1_delay_survival_data.csv,344
exp1_appendix_delay_coupling_diagnostics,a,exp1_alignment_transfer,exp1_alignment_transfer:full:2026-08-17T06:28:21.157011+00:00,paper,True,appendix,estimate,estimate,fig_exp1_delay_survival_data,estimate,0.081646666666666604,,,,frozen appendix diagnostic,source table,,,,,fig_exp1_delay_survival_data.csv,345
exp1_appendix_delay_coupling_diagnostics,a,exp1_alignment_transfer,exp1_alignment_transfer:full:2026-08-17T06:28:21.157011+00:00,paper,True,appendix,estimate,estimate,fig_exp1_delay_survival_data,estimate,0.077799999999999994,,,,frozen appendix diagnostic,source table,,,,,fig_exp1_delay_survival_data.csv,346
exp1_appendix_delay_coupling_diagnostics,a,exp1_alignment_transfer,exp1_alignment_transfer:full:2026-08-17T06:28:21.157011+00:00,paper,True,appendix,estimate,estimate,fig_exp1_delay_survival_data,estimate,0.074186666666666595,,,,frozen appendix diagnostic,source table,,,,,fig_exp1_delay_survival_data.csv,347
exp1_appendix_delay_coupling_diagnostics,a,exp1_alignment_transfer,exp1_alignment_transfer:full:2026-08-17T06:28:21.157011+00:00,paper,True,appendix,estimate,estimate,fig_exp1_delay_survival_data,estimate,0.070540000000000005,,,,frozen appendix diagnostic,source table,,,,,fig_exp1_delay_survival_data.csv,348
exp1_appendix_delay_coupling_diagnostics,a,exp1_alignment_transfer,exp1_alignment_transfer:full:2026-08-17T06:28:21.157011+00:00,paper,True,appendix,estimate,estimate,fig_exp1_delay_survival_data,estimate,0.067059999999999995,,,,frozen appendix diagnostic,source table,,,,,fig_exp1_delay_survival_data.csv,349
exp1_appendix_delay_coupling_diagnostics,a,exp1_alignment_transfer,exp1_alignment_transfer:full:2026-08-17T06:28:21.157011+00:00,paper,True,appendix,estimate,estimate,fig_exp1_delay_survival_data,estimate,0.063820000000000002,,,,frozen appendix diagnostic,source table,,,,,fig_exp1_delay_survival_data.csv,350
exp1_appendix_delay_coupling_diagnostics,a,exp1_alignment_transfer,exp1_alignment_transfer:full:2026-08-17T06:28:21.157011+00:00,paper,True,appendix,estimate,estimate,fig_exp1_delay_survival_data,estimate,0.060953333333333297,,,,frozen appendix diagnostic,source table,,,,,fig_exp1_delay_survival_data.csv,351
exp1_appendix_delay_coupling_diagnostics,a,exp1_alignment_transfer,exp1_alignment_transfer:full:2026-08-17T06:28:21.157011+00:00,paper,True,appendix,estimate,estimate,fig_exp1_delay_survival_data,estimate,0.058093333333333302,,,,frozen appendix diagnostic,source table,,,,,fig_exp1_delay_survival_data.csv,352
exp1_appendix_delay_coupling_diagnostics,a,exp1_alignment_transfer,exp1_alignment_transfer:full:2026-08-17T06:28:21.157011+00:00,paper,True,appendix,estimate,estimate,fig_exp1_delay_survival_data,estimate,0.055246666666666597,,,,frozen appendix diagnostic,source table,,,,,fig_exp1_delay_survival_data.csv,353
exp1_appendix_delay_coupling_diagnostics,a,exp1_alignment_transfer,exp1_alignment_transfer:full:2026-08-17T06:28:21.157011+00:00,paper,True,appendix,estimate,estimate,fig_exp1_delay_survival_data,estimate,0.052433333333333297,,,,frozen appendix diagnostic,source table,,,,,fig_exp1_delay_survival_data.csv,354
exp1_appendix_delay_coupling_diagnostics,a,exp1_alignment_transfer,exp1_alignment_transfer:full:2026-08-17T06:28:21.157011+00:00,paper,True,appendix,estimate,estimate,fig_exp1_delay_survival_data,estimate,0.0499,,,,frozen appendix diagnostic,source table,,,,,fig_exp1_delay_survival_data.csv,355
exp1_appendix_delay_coupling_diagnostics,a,exp1_alignment_transfer,exp1_alignment_transfer:full:2026-08-17T06:28:21.157011+00:00,paper,True,appendix,estimate,estimate,fig_exp1_delay_survival_data,estimate,0.047393333333333301,,,,frozen appendix diagnostic,source table,,,,,fig_exp1_delay_survival_data.csv,356
exp1_appendix_delay_coupling_diagnostics,a,exp1_alignment_transfer,exp1_alignment_transfer:full:2026-08-17T06:28:21.157011+00:00,paper,True,appendix,estimate,estimate,fig_exp1_delay_survival_data,estimate,0.044939999999999897,,,,frozen appendix diagnostic,source table,,,,,fig_exp1_delay_survival_data.csv,357
exp1_appendix_delay_coupling_diagnostics,a,exp1_alignment_transfer,exp1_alignment_transfer:full:2026-08-17T06:28:21.157011+00:00,paper,True,appendix,estimate,estimate,fig_exp1_delay_survival_data,estimate,0.042506666666666602,,,,frozen appendix diagnostic,source table,,,,,fig_exp1_delay_survival_data.csv,358
exp1_appendix_delay_coupling_diagnostics,a,exp1_alignment_transfer,exp1_alignment_transfer:full:2026-08-17T06:28:21.157011+00:00,paper,True,appendix,estimate,estimate,fig_exp1_delay_survival_data,estimate,0.040446666666666603,,,,frozen appendix diagnostic,source table,,,,,fig_exp1_delay_survival_data.csv,359
exp1_appendix_delay_coupling_diagnostics,a,exp1_alignment_transfer,exp1_alignment_transfer:full:2026-08-17T06:28:21.157011+00:00,paper,True,appendix,estimate,estimate,fig_exp1_delay_survival_data,estimate,0.038413333333333299,,,,frozen appendix diagnostic,source table,,,,,fig_exp1_delay_survival_data.csv,360
exp1_appendix_delay_coupling_diagnostics,a,exp1_alignment_transfer,exp1_alignment_transfer:full:2026-08-17T06:28:21.157011+00:00,paper,True,appendix,estimate,estimate,fig_exp1_delay_survival_data,estimate,0.036526666666666603,,,,frozen appendix diagnostic,source table,,,,,fig_exp1_delay_survival_data.csv,361
exp1_appendix_delay_coupling_diagnostics,a,exp1_alignment_transfer,exp1_alignment_transfer:full:2026-08-17T06:28:21.157011+00:00,paper,True,appendix,estimate,estimate,fig_exp1_delay_survival_data,estimate,0.034680000000000002,,,,frozen appendix diagnostic,source table,,,,,fig_exp1_delay_survival_data.csv,362
exp1_appendix_delay_coupling_diagnostics,a,exp1_alignment_transfer,exp1_alignment_transfer:full:2026-08-17T06:28:21.157011+00:00,paper,True,appendix,estimate,estimate,fig_exp1_delay_survival_data,estimate,0.032973333333333299,,,,frozen appendix diagnostic,source table,,,,,fig_exp1_delay_survival_data.csv,363
exp1_appendix_delay_coupling_diagnostics,a,exp1_alignment_transfer,exp1_alignment_transfer:full:2026-08-17T06:28:21.157011+00:00,paper,True,appendix,estimate,estimate,fig_exp1_delay_survival_data,estimate,0.03134,,,,frozen appendix diagnostic,source table,,,,,fig_exp1_delay_survival_data.csv,364
exp1_appendix_delay_coupling_diagnostics,a,exp1_alignment_transfer,exp1_alignment_transfer:full:2026-08-17T06:28:21.157011+00:00,paper,True,appendix,estimate,estimate,fig_exp1_delay_survival_data,estimate,0.029520000000000001,,,,frozen appendix diagnostic,source table,,,,,fig_exp1_delay_survival_data.csv,365
exp1_appendix_delay_coupling_diagnostics,a,exp1_alignment_transfer,exp1_alignment_transfer:full:2026-08-17T06:28:21.157011+00:00,paper,True,appendix,estimate,estimate,fig_exp1_delay_survival_data,estimate,0.0280866666666666,,,,frozen appendix diagnostic,source table,,,,,fig_exp1_delay_survival_data.csv,366
exp1_appendix_delay_coupling_diagnostics,a,exp1_alignment_transfer,exp1_alignment_transfer:full:2026-08-17T06:28:21.157011+00:00,paper,True,appendix,estimate,estimate,fig_exp1_delay_survival_data,estimate,0.026606666666666601,,,,frozen appendix diagnostic,source table,,,,,fig_exp1_delay_survival_data.csv,367
exp1_appendix_delay_coupling_diagnostics,a,exp1_alignment_transfer,exp1_alignment_transfer:full:2026-08-17T06:28:21.157011+00:00,paper,True,appendix,estimate,estimate,fig_exp1_delay_survival_data,estimate,0.025253333333333301,,,,frozen appendix diagnostic,source table,,,,,fig_exp1_delay_survival_data.csv,368
exp1_appendix_delay_coupling_diagnostics,a,exp1_alignment_transfer,exp1_alignment_transfer:full:2026-08-17T06:28:21.157011+00:00,paper,True,appendix,estimate,estimate,fig_exp1_delay_survival_data,estimate,0.023939999999999899,,,,frozen appendix diagnostic,source table,,,,,fig_exp1_delay_survival_data.csv,369
exp1_appendix_delay_coupling_diagnostics,a,exp1_alignment_transfer,exp1_alignment_transfer:full:2026-08-17T06:28:21.157011+00:00,paper,True,appendix,estimate,estimate,fig_exp1_delay_survival_data,estimate,0.0226333333333333,,,,frozen appendix diagnostic,source table,,,,,fig_exp1_delay_survival_data.csv,370
exp1_appendix_delay_coupling_diagnostics,a,exp1_alignment_transfer,exp1_alignment_transfer:full:2026-08-17T06:28:21.157011+00:00,paper,True,appendix,estimate,estimate,fig_exp1_delay_survival_data,estimate,0.02146,,,,frozen appendix diagnostic,source table,,,,,fig_exp1_delay_survival_data.csv,371
exp1_appendix_delay_coupling_diagnostics,a,exp1_alignment_transfer,exp1_alignment_transfer:full:2026-08-17T06:28:21.157011+00:00,paper,True,appendix,estimate,estimate,fig_exp1_delay_survival_data,estimate,0.020293333333333299,,,,frozen appendix diagnostic,source table,,,,,fig_exp1_delay_survival_data.csv,372
exp1_appendix_delay_coupling_diagnostics,a,exp1_alignment_transfer,exp1_alignment_transfer:full:2026-08-17T06:28:21.157011+00:00,paper,True,appendix,estimate,estimate,fig_exp1_delay_survival_data,estimate,0.019093333333333299,,,,frozen appendix diagnostic,source table,,,,,fig_exp1_delay_survival_data.csv,373
exp1_appendix_delay_coupling_diagnostics,a,exp1_alignment_transfer,exp1_alignment_transfer:full:2026-08-17T06:28:21.157011+00:00,paper,True,appendix,estimate,estimate,fig_exp1_delay_survival_data,estimate,0.018013333333333301,,,,frozen appendix diagnostic,source table,,,,,fig_exp1_delay_survival_data.csv,374
exp1_appendix_delay_coupling_diagnostics,a,exp1_alignment_transfer,exp1_alignment_transfer:full:2026-08-17T06:28:21.157011+00:00,paper,True,appendix,estimate,estimate,fig_exp1_delay_survival_data,estimate,0.01694,,,,frozen appendix diagnostic,source table,,,,,fig_exp1_delay_survival_data.csv,375
exp1_appendix_delay_coupling_diagnostics,a,exp1_alignment_transfer,exp1_alignment_transfer:full:2026-08-17T06:28:21.157011+00:00,paper,True,appendix,estimate,estimate,fig_exp1_delay_survival_data,estimate,0.0160866666666666,,,,frozen appendix diagnostic,source table,,,,,fig_exp1_delay_survival_data.csv,376
exp1_appendix_delay_coupling_diagnostics,a,exp1_alignment_transfer,exp1_alignment_transfer:full:2026-08-17T06:28:21.157011+00:00,paper,True,appendix,estimate,estimate,fig_exp1_delay_survival_data,estimate,0.01508,,,,frozen appendix diagnostic,source table,,,,,fig_exp1_delay_survival_data.csv,377
exp1_appendix_delay_coupling_diagnostics,a,exp1_alignment_transfer,exp1_alignment_transfer:full:2026-08-17T06:28:21.157011+00:00,paper,True,appendix,estimate,estimate,fig_exp1_delay_survival_data,estimate,0.014193333333333299,,,,frozen appendix diagnostic,source table,,,,,fig_exp1_delay_survival_data.csv,378
exp1_appendix_delay_coupling_diagnostics,a,exp1_alignment_transfer,exp1_alignment_transfer:full:2026-08-17T06:28:21.157011+00:00,paper,True,appendix,estimate,estimate,fig_exp1_delay_survival_data,estimate,0.01332,,,,frozen appendix diagnostic,source table,,,,,fig_exp1_delay_survival_data.csv,379
exp1_appendix_delay_coupling_diagnostics,a,exp1_alignment_transfer,exp1_alignment_transfer:full:2026-08-17T06:28:21.157011+00:00,paper,True,appendix,estimate,estimate,fig_exp1_delay_survival_data,estimate,0.0124266666666666,,,,frozen appendix diagnostic,source table,,,,,fig_exp1_delay_survival_data.csv,380
exp1_appendix_delay_coupling_diagnostics,a,exp1_alignment_transfer,exp1_alignment_transfer:full:2026-08-17T06:28:21.157011+00:00,paper,True,appendix,estimate,estimate,fig_exp1_delay_survival_data,estimate,0.0114466666666666,,,,frozen appendix diagnostic,source table,,,,,fig_exp1_delay_survival_data.csv,381
exp1_appendix_delay_coupling_diagnostics,a,exp1_alignment_transfer,exp1_alignment_transfer:full:2026-08-17T06:28:21.157011+00:00,paper,True,appendix,estimate,estimate,fig_exp1_delay_survival_data,estimate,0.0106733333333333,,,,frozen appendix diagnostic,source table,,,,,fig_exp1_delay_survival_data.csv,382
exp1_appendix_delay_coupling_diagnostics,a,exp1_alignment_transfer,exp1_alignment_transfer:full:2026-08-17T06:28:21.157011+00:00,paper,True,appendix,estimate,estimate,fig_exp1_delay_survival_data,estimate,0.0100399999999999,,,,frozen appendix diagnostic,source table,,,,,fig_exp1_delay_survival_data.csv,383
exp1_appendix_delay_coupling_diagnostics,a,exp1_alignment_transfer,exp1_alignment_transfer:full:2026-08-17T06:28:21.157011+00:00,paper,True,appendix,estimate,estimate,fig_exp1_delay_survival_data,estimate,0.0093866666666666005,,,,frozen appendix diagnostic,source table,,,,,fig_exp1_delay_survival_data.csv,384
exp1_appendix_delay_coupling_diagnostics,a,exp1_alignment_transfer,exp1_alignment_transfer:full:2026-08-17T06:28:21.157011+00:00,paper,True,appendix,estimate,estimate,fig_exp1_delay_survival_data,estimate,0.0085800000000000008,,,,frozen appendix diagnostic,source table,,,,,fig_exp1_delay_survival_data.csv,385
exp1_appendix_delay_coupling_diagnostics,a,exp1_alignment_transfer,exp1_alignment_transfer:full:2026-08-17T06:28:21.157011+00:00,paper,True,appendix,estimate,estimate,fig_exp1_delay_survival_data,estimate,0.0078533333333333007,,,,frozen appendix diagnostic,source table,,,,,fig_exp1_delay_survival_data.csv,386
exp1_appendix_delay_coupling_diagnostics,a,exp1_alignment_transfer,exp1_alignment_transfer:full:2026-08-17T06:28:21.157011+00:00,paper,True,appendix,estimate,estimate,fig_exp1_delay_survival_data,estimate,0.0072866666666666002,,,,frozen appendix diagnostic,source table,,,,,fig_exp1_delay_survival_data.csv,387
exp1_appendix_delay_coupling_diagnostics,a,exp1_alignment_transfer,exp1_alignment_transfer:full:2026-08-17T06:28:21.157011+00:00,paper,True,appendix,estimate,estimate,fig_exp1_delay_survival_data,estimate,0.0066733333333333002,,,,frozen appendix diagnostic,source table,,,,,fig_exp1_delay_survival_data.csv,388
exp1_appendix_delay_coupling_diagnostics,a,exp1_alignment_transfer,exp1_alignment_transfer:full:2026-08-17T06:28:21.157011+00:00,paper,True,appendix,estimate,estimate,fig_exp1_delay_survival_data,estimate,0.0059666666666666002,,,,frozen appendix diagnostic,source table,,,,,fig_exp1_delay_survival_data.csv,389
exp1_appendix_delay_coupling_diagnostics,a,exp1_alignment_transfer,exp1_alignment_transfer:full:2026-08-17T06:28:21.157011+00:00,paper,True,appendix,estimate,estimate,fig_exp1_delay_survival_data,estimate,0.0054933333333332997,,,,frozen appendix diagnostic,source table,,,,,fig_exp1_delay_survival_data.csv,390
exp1_appendix_delay_coupling_diagnostics,a,exp1_alignment_transfer,exp1_alignment_transfer:full:2026-08-17T06:28:21.157011+00:00,paper,True,appendix,estimate,estimate,fig_exp1_delay_survival_data,estimate,0.0050533333333333003,,,,frozen appendix diagnostic,source table,,,,,fig_exp1_delay_survival_data.csv,391
exp1_appendix_delay_coupling_diagnostics,a,exp1_alignment_transfer,exp1_alignment_transfer:full:2026-08-17T06:28:21.157011+00:00,paper,True,appendix,estimate,estimate,fig_exp1_delay_survival_data,estimate,0.0045533333333332999,,,,frozen appendix diagnostic,source table,,,,,fig_exp1_delay_survival_data.csv,392
exp1_appendix_delay_coupling_diagnostics,a,exp1_alignment_transfer,exp1_alignment_transfer:full:2026-08-17T06:28:21.157011+00:00,paper,True,appendix,estimate,estimate,fig_exp1_delay_survival_data,estimate,0.0040533333333333003,,,,frozen appendix diagnostic,source table,,,,,fig_exp1_delay_survival_data.csv,393
exp1_appendix_delay_coupling_diagnostics,a,exp1_alignment_transfer,exp1_alignment_transfer:full:2026-08-17T06:28:21.157011+00:00,paper,True,appendix,estimate,estimate,fig_exp1_delay_survival_data,estimate,0.0036266666666666001,,,,frozen appendix diagnostic,source table,,,,,fig_exp1_delay_survival_data.csv,394
exp1_appendix_delay_coupling_diagnostics,a,exp1_alignment_transfer,exp1_alignment_transfer:full:2026-08-17T06:28:21.157011+00:00,paper,True,appendix,estimate,estimate,fig_exp1_delay_survival_data,estimate,0.0032599999999999999,,,,frozen appendix diagnostic,source table,,,,,fig_exp1_delay_survival_data.csv,395
exp1_appendix_delay_coupling_diagnostics,a,exp1_alignment_transfer,exp1_alignment_transfer:full:2026-08-17T06:28:21.157011+00:00,paper,True,appendix,estimate,estimate,fig_exp1_delay_survival_data,estimate,0.0028866666666665999,,,,frozen appendix diagnostic,source table,,,,,fig_exp1_delay_survival_data.csv,396
exp1_appendix_delay_coupling_diagnostics,a,exp1_alignment_transfer,exp1_alignment_transfer:full:2026-08-17T06:28:21.157011+00:00,paper,True,appendix,estimate,estimate,fig_exp1_delay_survival_data,estimate,0.0024799999999998998,,,,frozen appendix diagnostic,source table,,,,,fig_exp1_delay_survival_data.csv,397
exp1_appendix_delay_coupling_diagnostics,a,exp1_alignment_transfer,exp1_alignment_transfer:full:2026-08-17T06:28:21.157011+00:00,paper,True,appendix,estimate,estimate,fig_exp1_delay_survival_data,estimate,0.0021466666666666002,,,,frozen appendix diagnostic,source table,,,,,fig_exp1_delay_survival_data.csv,398
exp1_appendix_delay_coupling_diagnostics,a,exp1_alignment_transfer,exp1_alignment_transfer:full:2026-08-17T06:28:21.157011+00:00,paper,True,appendix,estimate,estimate,fig_exp1_delay_survival_data,estimate,0.0017533333333332999,,,,frozen appendix diagnostic,source table,,,,,fig_exp1_delay_survival_data.csv,399
exp1_appendix_delay_coupling_diagnostics,a,exp1_alignment_transfer,exp1_alignment_transfer:full:2026-08-17T06:28:21.157011+00:00,paper,True,appendix,estimate,estimate,fig_exp1_delay_survival_data,estimate,0.0014066666666666,,,,frozen appendix diagnostic,source table,,,,,fig_exp1_delay_survival_data.csv,400
exp1_appendix_delay_coupling_diagnostics,a,exp1_alignment_transfer,exp1_alignment_transfer:full:2026-08-17T06:28:21.157011+00:00,paper,True,appendix,estimate,estimate,fig_exp1_delay_survival_data,estimate,0.00099999999999990006,,,,frozen appendix diagnostic,source table,,,,,fig_exp1_delay_survival_data.csv,401
exp1_appendix_delay_coupling_diagnostics,a,exp1_alignment_transfer,exp1_alignment_transfer:full:2026-08-17T06:28:21.157011+00:00,paper,True,appendix,estimate,estimate,fig_exp1_delay_survival_data,estimate,0.00059333333333330001,,,,frozen appendix diagnostic,source table,,,,,fig_exp1_delay_survival_data.csv,402
exp1_appendix_delay_coupling_diagnostics,a,exp1_alignment_transfer,exp1_alignment_transfer:full:2026-08-17T06:28:21.157011+00:00,paper,True,appendix,estimate,estimate,fig_exp1_delay_survival_data,estimate,0.00027333333333329999,,,,frozen appendix diagnostic,source table,,,,,fig_exp1_delay_survival_data.csv,403
exp1_appendix_delay_coupling_diagnostics,a,exp1_alignment_transfer,exp1_alignment_transfer:full:2026-08-17T06:28:21.157011+00:00,paper,True,appendix,estimate,estimate,fig_exp1_delay_survival_data,estimate,0,,,,frozen appendix diagnostic,source table,,,,,fig_exp1_delay_survival_data.csv,404
exp1_appendix_delay_coupling_diagnostics,a,exp1_alignment_transfer,exp1_alignment_transfer:full:2026-08-17T06:28:21.157011+00:00,paper,True,appendix,estimate,estimate,fig_exp1_delay_survival_data,estimate,1,,,,frozen appendix diagnostic,source table,,,,,fig_exp1_delay_survival_data.csv,405
exp1_appendix_delay_coupling_diagnostics,a,exp1_alignment_transfer,exp1_alignment_transfer:full:2026-08-17T06:28:21.157011+00:00,paper,True,appendix,estimate,estimate,fig_exp1_delay_survival_data,estimate,1,,,,frozen appendix diagnostic,source table,,,,,fig_exp1_delay_survival_data.csv,406
exp1_appendix_delay_coupling_diagnostics,a,exp1_alignment_transfer,exp1_alignment_transfer:full:2026-08-17T06:28:21.157011+00:00,paper,True,appendix,estimate,estimate,fig_exp1_delay_survival_data,estimate,1,,,,frozen appendix diagnostic,source table,,,,,fig_exp1_delay_survival_data.csv,407
exp1_appendix_delay_coupling_diagnostics,a,exp1_alignment_transfer,exp1_alignment_transfer:full:2026-08-17T06:28:21.157011+00:00,paper,True,appendix,estimate,estimate,fig_exp1_delay_survival_data,estimate,1,,,,frozen appendix diagnostic,source table,,,,,fig_exp1_delay_survival_data.csv,408
exp1_appendix_delay_coupling_diagnostics,a,exp1_alignment_transfer,exp1_alignment_transfer:full:2026-08-17T06:28:21.157011+00:00,paper,True,appendix,estimate,estimate,fig_exp1_delay_survival_data,estimate,1,,,,frozen appendix diagnostic,source table,,,,,fig_exp1_delay_survival_data.csv,409
exp1_appendix_delay_coupling_diagnostics,a,exp1_alignment_transfer,exp1_alignment_transfer:full:2026-08-17T06:28:21.157011+00:00,paper,True,appendix,estimate,estimate,fig_exp1_delay_survival_data,estimate,1,,,,frozen appendix diagnostic,source table,,,,,fig_exp1_delay_survival_data.csv,410
exp1_appendix_delay_coupling_diagnostics,a,exp1_alignment_transfer,exp1_alignment_transfer:full:2026-08-17T06:28:21.157011+00:00,paper,True,appendix,estimate,estimate,fig_exp1_delay_survival_data,estimate,1,,,,frozen appendix diagnostic,source table,,,,,fig_exp1_delay_survival_data.csv,411
exp1_appendix_delay_coupling_diagnostics,a,exp1_alignment_transfer,exp1_alignment_transfer:full:2026-08-17T06:28:21.157011+00:00,paper,True,appendix,estimate,estimate,fig_exp1_delay_survival_data,estimate,1,,,,frozen appendix diagnostic,source table,,,,,fig_exp1_delay_survival_data.csv,412
exp1_appendix_delay_coupling_diagnostics,a,exp1_alignment_transfer,exp1_alignment_transfer:full:2026-08-17T06:28:21.157011+00:00,paper,True,appendix,estimate,estimate,fig_exp1_delay_survival_data,estimate,1,,,,frozen appendix diagnostic,source table,,,,,fig_exp1_delay_survival_data.csv,413
exp1_appendix_delay_coupling_diagnostics,a,exp1_alignment_transfer,exp1_alignment_transfer:full:2026-08-17T06:28:21.157011+00:00,paper,True,appendix,estimate,estimate,fig_exp1_delay_survival_data,estimate,1,,,,frozen appendix diagnostic,source table,,,,,fig_exp1_delay_survival_data.csv,414
exp1_appendix_delay_coupling_diagnostics,a,exp1_alignment_transfer,exp1_alignment_transfer:full:2026-08-17T06:28:21.157011+00:00,paper,True,appendix,estimate,estimate,fig_exp1_delay_survival_data,estimate,1,,,,frozen appendix diagnostic,source table,,,,,fig_exp1_delay_survival_data.csv,415
exp1_appendix_delay_coupling_diagnostics,a,exp1_alignment_transfer,exp1_alignment_transfer:full:2026-08-17T06:28:21.157011+00:00,paper,True,appendix,estimate,estimate,fig_exp1_delay_survival_data,estimate,1,,,,frozen appendix diagnostic,source table,,,,,fig_exp1_delay_survival_data.csv,416
exp1_appendix_delay_coupling_diagnostics,a,exp1_alignment_transfer,exp1_alignment_transfer:full:2026-08-17T06:28:21.157011+00:00,paper,True,appendix,estimate,estimate,fig_exp1_delay_survival_data,estimate,1,,,,frozen appendix diagnostic,source table,,,,,fig_exp1_delay_survival_data.csv,417
exp1_appendix_delay_coupling_diagnostics,a,exp1_alignment_transfer,exp1_alignment_transfer:full:2026-08-17T06:28:21.157011+00:00,paper,True,appendix,estimate,estimate,fig_exp1_delay_survival_data,estimate,1,,,,frozen appendix diagnostic,source table,,,,,fig_exp1_delay_survival_data.csv,418
exp1_appendix_delay_coupling_diagnostics,a,exp1_alignment_transfer,exp1_alignment_transfer:full:2026-08-17T06:28:21.157011+00:00,paper,True,appendix,estimate,estimate,fig_exp1_delay_survival_data,estimate,1,,,,frozen appendix diagnostic,source table,,,,,fig_exp1_delay_survival_data.csv,419
exp1_appendix_delay_coupling_diagnostics,a,exp1_alignment_transfer,exp1_alignment_transfer:full:2026-08-17T06:28:21.157011+00:00,paper,True,appendix,estimate,estimate,fig_exp1_delay_survival_data,estimate,0,,,,frozen appendix diagnostic,source table,,,,,fig_exp1_delay_survival_data.csv,420
exp1_appendix_delay_coupling_diagnostics,b,exp1_alignment_transfer,exp1_alignment_transfer:full:2026-08-17T06:28:21.157011+00:00,paper,True,appendix,state_decile,state_decile,fig_exp1_state_coupling_data,state_decile,1,,,,frozen appendix diagnostic,source table,,,,,fig_exp1_state_coupling_data.csv,0
exp1_appendix_delay_coupling_diagnostics,b,exp1_alignment_transfer,exp1_alignment_transfer:full:2026-08-17T06:28:21.157011+00:00,paper,True,appendix,state_decile,state_decile,fig_exp1_state_coupling_data,state_decile,2,,,,frozen appendix diagnostic,source table,,,,,fig_exp1_state_coupling_data.csv,1
exp1_appendix_delay_coupling_diagnostics,b,exp1_alignment_transfer,exp1_alignment_transfer:full:2026-08-17T06:28:21.157011+00:00,paper,True,appendix,state_decile,state_decile,fig_exp1_state_coupling_data,state_decile,3,,,,frozen appendix diagnostic,source table,,,,,fig_exp1_state_coupling_data.csv,2
exp1_appendix_delay_coupling_diagnostics,b,exp1_alignment_transfer,exp1_alignment_transfer:full:2026-08-17T06:28:21.157011+00:00,paper,True,appendix,state_decile,state_decile,fig_exp1_state_coupling_data,state_decile,4,,,,frozen appendix diagnostic,source table,,,,,fig_exp1_state_coupling_data.csv,3
exp1_appendix_delay_coupling_diagnostics,b,exp1_alignment_transfer,exp1_alignment_transfer:full:2026-08-17T06:28:21.157011+00:00,paper,True,appendix,state_decile,state_decile,fig_exp1_state_coupling_data,state_decile,5,,,,frozen appendix diagnostic,source table,,,,,fig_exp1_state_coupling_data.csv,4
exp1_appendix_delay_coupling_diagnostics,b,exp1_alignment_transfer,exp1_alignment_transfer:full:2026-08-17T06:28:21.157011+00:00,paper,True,appendix,state_decile,state_decile,fig_exp1_state_coupling_data,state_decile,6,,,,frozen appendix diagnostic,source table,,,,,fig_exp1_state_coupling_data.csv,5
exp1_appendix_delay_coupling_diagnostics,b,exp1_alignment_transfer,exp1_alignment_transfer:full:2026-08-17T06:28:21.157011+00:00,paper,True,appendix,state_decile,state_decile,fig_exp1_state_coupling_data,state_decile,7,,,,frozen appendix diagnostic,source table,,,,,fig_exp1_state_coupling_data.csv,6
exp1_appendix_delay_coupling_diagnostics,b,exp1_alignment_transfer,exp1_alignment_transfer:full:2026-08-17T06:28:21.157011+00:00,paper,True,appendix,state_decile,state_decile,fig_exp1_state_coupling_data,state_decile,8,,,,frozen appendix diagnostic,source table,,,,,fig_exp1_state_coupling_data.csv,7
exp1_appendix_delay_coupling_diagnostics,b,exp1_alignment_transfer,exp1_alignment_transfer:full:2026-08-17T06:28:21.157011+00:00,paper,True,appendix,state_decile,state_decile,fig_exp1_state_coupling_data,state_decile,9,,,,frozen appendix diagnostic,source table,,,,,fig_exp1_state_coupling_data.csv,8
exp1_appendix_delay_coupling_diagnostics,b,exp1_alignment_transfer,exp1_alignment_transfer:full:2026-08-17T06:28:21.157011+00:00,paper,True,appendix,state_decile,state_decile,fig_exp1_state_coupling_data,state_decile,10,,,,frozen appendix diagnostic,source table,,,,,fig_exp1_state_coupling_data.csv,9
exp1_appendix_delay_coupling_diagnostics,b,exp1_alignment_transfer,exp1_alignment_transfer:full:2026-08-17T06:28:21.157011+00:00,paper,True,appendix,mean_state,mean_state,fig_exp1_state_coupling_data,mean_state,-0.84936495006269064,,,,frozen appendix diagnostic,source table,,,,,fig_exp1_state_coupling_data.csv,0
exp1_appendix_delay_coupling_diagnostics,b,exp1_alignment_transfer,exp1_alignment_transfer:full:2026-08-17T06:28:21.157011+00:00,paper,True,appendix,mean_state,mean_state,fig_exp1_state_coupling_data,mean_state,-0.65345720708149024,,,,frozen appendix diagnostic,source table,,,,,fig_exp1_state_coupling_data.csv,1
exp1_appendix_delay_coupling_diagnostics,b,exp1_alignment_transfer,exp1_alignment_transfer:full:2026-08-17T06:28:21.157011+00:00,paper,True,appendix,mean_state,mean_state,fig_exp1_state_coupling_data,mean_state,-0.4678046822234378,,,,frozen appendix diagnostic,source table,,,,,fig_exp1_state_coupling_data.csv,2
exp1_appendix_delay_coupling_diagnostics,b,exp1_alignment_transfer,exp1_alignment_transfer:full:2026-08-17T06:28:21.157011+00:00,paper,True,appendix,mean_state,mean_state,fig_exp1_state_coupling_data,mean_state,-0.285715903874948,,,,frozen appendix diagnostic,source table,,,,,fig_exp1_state_coupling_data.csv,3
exp1_appendix_delay_coupling_diagnostics,b,exp1_alignment_transfer,exp1_alignment_transfer:full:2026-08-17T06:28:21.157011+00:00,paper,True,appendix,mean_state,mean_state,fig_exp1_state_coupling_data,mean_state,-0.10107719142120811,,,,frozen appendix diagnostic,source table,,,,,fig_exp1_state_coupling_data.csv,4
exp1_appendix_delay_coupling_diagnostics,b,exp1_alignment_transfer,exp1_alignment_transfer:full:2026-08-17T06:28:21.157011+00:00,paper,True,appendix,mean_state,mean_state,fig_exp1_state_coupling_data,mean_state,0.0827460564945912,,,,frozen appendix diagnostic,source table,,,,,fig_exp1_state_coupling_data.csv,5
exp1_appendix_delay_coupling_diagnostics,b,exp1_alignment_transfer,exp1_alignment_transfer:full:2026-08-17T06:28:21.157011+00:00,paper,True,appendix,mean_state,mean_state,fig_exp1_state_coupling_data,mean_state,0.27114777459378042,,,,frozen appendix diagnostic,source table,,,,,fig_exp1_state_coupling_data.csv,6
exp1_appendix_delay_coupling_diagnostics,b,exp1_alignment_transfer,exp1_alignment_transfer:full:2026-08-17T06:28:21.157011+00:00,paper,True,appendix,mean_state,mean_state,fig_exp1_state_coupling_data,mean_state,0.46260082178383521,,,,frozen appendix diagnostic,source table,,,,,fig_exp1_state_coupling_data.csv,7
exp1_appendix_delay_coupling_diagnostics,b,exp1_alignment_transfer,exp1_alignment_transfer:full:2026-08-17T06:28:21.157011+00:00,paper,True,appendix,mean_state,mean_state,fig_exp1_state_coupling_data,mean_state,0.65345124090378648,,,,frozen appendix diagnostic,source table,,,,,fig_exp1_state_coupling_data.csv,8
exp1_appendix_delay_coupling_diagnostics,b,exp1_alignment_transfer,exp1_alignment_transfer:full:2026-08-17T06:28:21.157011+00:00,paper,True,appendix,mean_state,mean_state,fig_exp1_state_coupling_data,mean_state,0.85136878940626026,,,,frozen appendix diagnostic,source table,,,,,fig_exp1_state_coupling_data.csv,9
