figure_id,panel_id,experiment_id,run_id,run_tier,paper_result,analysis_tier,metric_id,estimand_id,condition_id,series_id,point_estimate,resampling_median,interval_lower,interval_upper,uncertainty_role,uncertainty_method,repetition_count,sample_count,unit,better_direction,source_table,source_row_key
exp1_appendix_reversal_trajectory_diagnostics,a,exp1_alignment_transfer,exp1_alignment_transfer:full:2026-08-17T06:28:21.157011+00:00,paper,True,appendix,estimate,estimate,fig_exp1_reversal_margin_data,estimate,0.50001333333333331,,,,frozen appendix diagnostic,source table,,,,,fig_exp1_reversal_margin_data.csv,0
exp1_appendix_reversal_trajectory_diagnostics,a,exp1_alignment_transfer,exp1_alignment_transfer:full:2026-08-17T06:28:21.157011+00:00,paper,True,appendix,estimate,estimate,fig_exp1_reversal_margin_data,estimate,0.3086419753086419,,,,frozen appendix diagnostic,source table,,,,,fig_exp1_reversal_margin_data.csv,1
exp1_appendix_reversal_trajectory_diagnostics,a,exp1_alignment_transfer,exp1_alignment_transfer:full:2026-08-17T06:28:21.157011+00:00,paper,True,appendix,estimate,estimate,fig_exp1_reversal_margin_data,estimate,0,,,,frozen appendix diagnostic,source table,,,,,fig_exp1_reversal_margin_data.csv,2
exp1_appendix_reversal_trajectory_diagnostics,a,exp1_alignment_transfer,exp1_alignment_transfer:full:2026-08-17T06:28:21.157011+00:00,paper,True,appendix,estimate,estimate,fig_exp1_reversal_margin_data,estimate,0.3086419753086419,,,,frozen appendix diagnostic,source table,,,,,fig_exp1_reversal_margin_data.csv,3
exp1_appendix_reversal_trajectory_diagnostics,a,exp1_alignment_transfer,exp1_alignment_transfer:full:2026-08-17T06:28:21.157011+00:00,paper,True,appendix,estimate,estimate,fig_exp1_reversal_margin_data,estimate,0.3086419753086419,,,,frozen appendix diagnostic,source table,,,,,fig_exp1_reversal_margin_data.csv,4
exp1_appendix_reversal_trajectory_diagnostics,a,exp1_alignment_transfer,exp1_alignment_transfer:full:2026-08-17T06:28:21.157011+00:00,paper,True,appendix,estimate,estimate,fig_exp1_reversal_margin_data,estimate,0.3086419753086419,,,,frozen appendix diagnostic,source table,,,,,fig_exp1_reversal_margin_data.csv,5
exp1_appendix_reversal_trajectory_diagnostics,a,exp1_alignment_transfer,exp1_alignment_transfer:full:2026-08-17T06:28:21.157011+00:00,paper,True,appendix,estimate,estimate,fig_exp1_reversal_margin_data,estimate,0.3086419753086419,,,,frozen appendix diagnostic,source table,,,,,fig_exp1_reversal_margin_data.csv,6
exp1_appendix_reversal_trajectory_diagnostics,a,exp1_alignment_transfer,exp1_alignment_transfer:full:2026-08-17T06:28:21.157011+00:00,paper,True,appendix,estimate,estimate,fig_exp1_reversal_margin_data,estimate,0.3086419753086419,,,,frozen appendix diagnostic,source table,,,,,fig_exp1_reversal_margin_data.csv,7
exp1_appendix_reversal_trajectory_diagnostics,a,exp1_alignment_transfer,exp1_alignment_transfer:full:2026-08-17T06:28:21.157011+00:00,paper,True,appendix,estimate,estimate,fig_exp1_reversal_margin_data,estimate,0.3086419753086419,,,,frozen appendix diagnostic,source table,,,,,fig_exp1_reversal_margin_data.csv,8
exp1_appendix_reversal_trajectory_diagnostics,a,exp1_alignment_transfer,exp1_alignment_transfer:full:2026-08-17T06:28:21.157011+00:00,paper,True,appendix,estimate,estimate,fig_exp1_reversal_margin_data,estimate,0.3086419753086419,,,,frozen appendix diagnostic,source table,,,,,fig_exp1_reversal_margin_data.csv,9
exp1_appendix_reversal_trajectory_diagnostics,a,exp1_alignment_transfer,exp1_alignment_transfer:full:2026-08-17T06:28:21.157011+00:00,paper,True,appendix,estimate,estimate,fig_exp1_reversal_margin_data,estimate,0.3086419753086419,,,,frozen appendix diagnostic,source table,,,,,fig_exp1_reversal_margin_data.csv,10
exp1_appendix_reversal_trajectory_diagnostics,a,exp1_alignment_transfer,exp1_alignment_transfer:full:2026-08-17T06:28:21.157011+00:00,paper,True,appendix,estimate,estimate,fig_exp1_reversal_margin_data,estimate,0.3086419753086419,,,,frozen appendix diagnostic,source table,,,,,fig_exp1_reversal_margin_data.csv,11
exp1_appendix_reversal_trajectory_diagnostics,a,exp1_alignment_transfer,exp1_alignment_transfer:full:2026-08-17T06:28:21.157011+00:00,paper,True,appendix,estimate,estimate,fig_exp1_reversal_margin_data,estimate,0.3086419753086419,,,,frozen appendix diagnostic,source table,,,,,fig_exp1_reversal_margin_data.csv,12
exp1_appendix_reversal_trajectory_diagnostics,a,exp1_alignment_transfer,exp1_alignment_transfer:full:2026-08-17T06:28:21.157011+00:00,paper,True,appendix,estimate,estimate,fig_exp1_reversal_margin_data,estimate,0.3086419753086419,,,,frozen appendix diagnostic,source table,,,,,fig_exp1_reversal_margin_data.csv,13
exp1_appendix_reversal_trajectory_diagnostics,a,exp1_alignment_transfer,exp1_alignment_transfer:full:2026-08-17T06:28:21.157011+00:00,paper,True,appendix,estimate,estimate,fig_exp1_reversal_margin_data,estimate,0.3086419753086419,,,,frozen appendix diagnostic,source table,,,,,fig_exp1_reversal_margin_data.csv,14
exp1_appendix_reversal_trajectory_diagnostics,a,exp1_alignment_transfer,exp1_alignment_transfer:full:2026-08-17T06:28:21.157011+00:00,paper,True,appendix,estimate,estimate,fig_exp1_reversal_margin_data,estimate,0.3086419753086419,,,,frozen appendix diagnostic,source table,,,,,fig_exp1_reversal_margin_data.csv,15
exp1_appendix_reversal_trajectory_diagnostics,a,exp1_alignment_transfer,exp1_alignment_transfer:full:2026-08-17T06:28:21.157011+00:00,paper,True,appendix,estimate,estimate,fig_exp1_reversal_margin_data,estimate,0.3086419753086419,,,,frozen appendix diagnostic,source table,,,,,fig_exp1_reversal_margin_data.csv,16
exp1_appendix_reversal_trajectory_diagnostics,a,exp1_alignment_transfer,exp1_alignment_transfer:full:2026-08-17T06:28:21.157011+00:00,paper,True,appendix,estimate,estimate,fig_exp1_reversal_margin_data,estimate,0.3086419753086419,,,,frozen appendix diagnostic,source table,,,,,fig_exp1_reversal_margin_data.csv,17
exp1_appendix_reversal_trajectory_diagnostics,a,exp1_alignment_transfer,exp1_alignment_transfer:full:2026-08-17T06:28:21.157011+00:00,paper,True,appendix,estimate,estimate,fig_exp1_reversal_margin_data,estimate,0.3086419753086419,,,,frozen appendix diagnostic,source table,,,,,fig_exp1_reversal_margin_data.csv,18
exp1_appendix_reversal_trajectory_diagnostics,a,exp1_alignment_transfer,exp1_alignment_transfer:full:2026-08-17T06:28:21.157011+00:00,paper,True,appendix,estimate,estimate,fig_exp1_reversal_margin_data,estimate,0.3086419753086419,,,,frozen appendix diagnostic,source table,,,,,fig_exp1_reversal_margin_data.csv,19
exp1_appendix_reversal_trajectory_diagnostics,a,exp1_alignment_transfer,exp1_alignment_transfer:full:2026-08-17T06:28:21.157011+00:00,paper,True,appendix,estimate,estimate,fig_exp1_reversal_margin_data,estimate,0.3086419753086419,,,,frozen appendix diagnostic,source table,,,,,fig_exp1_reversal_margin_data.csv,20
exp1_appendix_reversal_trajectory_diagnostics,a,exp1_alignment_transfer,exp1_alignment_transfer:full:2026-08-17T06:28:21.157011+00:00,paper,True,appendix,estimate,estimate,fig_exp1_reversal_margin_data,estimate,0.3086419753086419,,,,frozen appendix diagnostic,source table,,,,,fig_exp1_reversal_margin_data.csv,21
exp1_appendix_reversal_trajectory_diagnostics,a,exp1_alignment_transfer,exp1_alignment_transfer:full:2026-08-17T06:28:21.157011+00:00,paper,True,appendix,estimate,estimate,fig_exp1_reversal_margin_data,estimate,0.3086419753086419,,,,frozen appendix diagnostic,source table,,,,,fig_exp1_reversal_margin_data.csv,22
exp1_appendix_reversal_trajectory_diagnostics,a,exp1_alignment_transfer,exp1_alignment_transfer:full:2026-08-17T06:28:21.157011+00:00,paper,True,appendix,estimate,estimate,fig_exp1_reversal_margin_data,estimate,0.3086419753086419,,,,frozen appendix diagnostic,source table,,,,,fig_exp1_reversal_margin_data.csv,23
exp1_appendix_reversal_trajectory_diagnostics,a,exp1_alignment_transfer,exp1_alignment_transfer:full:2026-08-17T06:28:21.157011+00:00,paper,True,appendix,se,se,fig_exp1_reversal_margin_data,se,0.00012240251418540001,,,,frozen appendix diagnostic,source table,,,,,fig_exp1_reversal_margin_data.csv,0
exp1_appendix_reversal_trajectory_diagnostics,a,exp1_alignment_transfer,exp1_alignment_transfer:full:2026-08-17T06:28:21.157011+00:00,paper,True,appendix,se,se,fig_exp1_reversal_margin_data,se,1.0308162000485893e-17,,,,frozen appendix diagnostic,source table,,,,,fig_exp1_reversal_margin_data.csv,1
exp1_appendix_reversal_trajectory_diagnostics,a,exp1_alignment_transfer,exp1_alignment_transfer:full:2026-08-17T06:28:21.157011+00:00,paper,True,appendix,se,se,fig_exp1_reversal_margin_data,se,0,,,,frozen appendix diagnostic,source table,,,,,fig_exp1_reversal_margin_data.csv,2
exp1_appendix_reversal_trajectory_diagnostics,a,exp1_alignment_transfer,exp1_alignment_transfer:full:2026-08-17T06:28:21.157011+00:00,paper,True,appendix,se,se,fig_exp1_reversal_margin_data,se,1.0308162000485893e-17,,,,frozen appendix diagnostic,source table,,,,,fig_exp1_reversal_margin_data.csv,3
exp1_appendix_reversal_trajectory_diagnostics,a,exp1_alignment_transfer,exp1_alignment_transfer:full:2026-08-17T06:28:21.157011+00:00,paper,True,appendix,se,se,fig_exp1_reversal_margin_data,se,1.0308162000485893e-17,,,,frozen appendix diagnostic,source table,,,,,fig_exp1_reversal_margin_data.csv,4
exp1_appendix_reversal_trajectory_diagnostics,a,exp1_alignment_transfer,exp1_alignment_transfer:full:2026-08-17T06:28:21.157011+00:00,paper,True,appendix,se,se,fig_exp1_reversal_margin_data,se,1.0308162000485893e-17,,,,frozen appendix diagnostic,source table,,,,,fig_exp1_reversal_margin_data.csv,5
exp1_appendix_reversal_trajectory_diagnostics,a,exp1_alignment_transfer,exp1_alignment_transfer:full:2026-08-17T06:28:21.157011+00:00,paper,True,appendix,se,se,fig_exp1_reversal_margin_data,se,1.0308162000485893e-17,,,,frozen appendix diagnostic,source table,,,,,fig_exp1_reversal_margin_data.csv,6
exp1_appendix_reversal_trajectory_diagnostics,a,exp1_alignment_transfer,exp1_alignment_transfer:full:2026-08-17T06:28:21.157011+00:00,paper,True,appendix,se,se,fig_exp1_reversal_margin_data,se,1.0308162000485893e-17,,,,frozen appendix diagnostic,source table,,,,,fig_exp1_reversal_margin_data.csv,7
exp1_appendix_reversal_trajectory_diagnostics,a,exp1_alignment_transfer,exp1_alignment_transfer:full:2026-08-17T06:28:21.157011+00:00,paper,True,appendix,se,se,fig_exp1_reversal_margin_data,se,1.0308162000485893e-17,,,,frozen appendix diagnostic,source table,,,,,fig_exp1_reversal_margin_data.csv,8
exp1_appendix_reversal_trajectory_diagnostics,a,exp1_alignment_transfer,exp1_alignment_transfer:full:2026-08-17T06:28:21.157011+00:00,paper,True,appendix,se,se,fig_exp1_reversal_margin_data,se,1.0308162000485893e-17,,,,frozen appendix diagnostic,source table,,,,,fig_exp1_reversal_margin_data.csv,9
exp1_appendix_reversal_trajectory_diagnostics,a,exp1_alignment_transfer,exp1_alignment_transfer:full:2026-08-17T06:28:21.157011+00:00,paper,True,appendix,se,se,fig_exp1_reversal_margin_data,se,1.0308162000485893e-17,,,,frozen appendix diagnostic,source table,,,,,fig_exp1_reversal_margin_data.csv,10
exp1_appendix_reversal_trajectory_diagnostics,a,exp1_alignment_transfer,exp1_alignment_transfer:full:2026-08-17T06:28:21.157011+00:00,paper,True,appendix,se,se,fig_exp1_reversal_margin_data,se,1.0308162000485893e-17,,,,frozen appendix diagnostic,source table,,,,,fig_exp1_reversal_margin_data.csv,11
exp1_appendix_reversal_trajectory_diagnostics,a,exp1_alignment_transfer,exp1_alignment_transfer:full:2026-08-17T06:28:21.157011+00:00,paper,True,appendix,se,se,fig_exp1_reversal_margin_data,se,1.0308162000485893e-17,,,,frozen appendix diagnostic,source table,,,,,fig_exp1_reversal_margin_data.csv,12
exp1_appendix_reversal_trajectory_diagnostics,a,exp1_alignment_transfer,exp1_alignment_transfer:full:2026-08-17T06:28:21.157011+00:00,paper,True,appendix,se,se,fig_exp1_reversal_margin_data,se,1.0308162000485893e-17,,,,frozen appendix diagnostic,source table,,,,,fig_exp1_reversal_margin_data.csv,13
exp1_appendix_reversal_trajectory_diagnostics,a,exp1_alignment_transfer,exp1_alignment_transfer:full:2026-08-17T06:28:21.157011+00:00,paper,True,appendix,se,se,fig_exp1_reversal_margin_data,se,1.0308162000485893e-17,,,,frozen appendix diagnostic,source table,,,,,fig_exp1_reversal_margin_data.csv,14
exp1_appendix_reversal_trajectory_diagnostics,a,exp1_alignment_transfer,exp1_alignment_transfer:full:2026-08-17T06:28:21.157011+00:00,paper,True,appendix,se,se,fig_exp1_reversal_margin_data,se,1.0308162000485893e-17,,,,frozen appendix diagnostic,source table,,,,,fig_exp1_reversal_margin_data.csv,15
exp1_appendix_reversal_trajectory_diagnostics,a,exp1_alignment_transfer,exp1_alignment_transfer:full:2026-08-17T06:28:21.157011+00:00,paper,True,appendix,se,se,fig_exp1_reversal_margin_data,se,1.0308162000485893e-17,,,,frozen appendix diagnostic,source table,,,,,fig_exp1_reversal_margin_data.csv,16
exp1_appendix_reversal_trajectory_diagnostics,a,exp1_alignment_transfer,exp1_alignment_transfer:full:2026-08-17T06:28:21.157011+00:00,paper,True,appendix,se,se,fig_exp1_reversal_margin_data,se,1.0308162000485893e-17,,,,frozen appendix diagnostic,source table,,,,,fig_exp1_reversal_margin_data.csv,17
exp1_appendix_reversal_trajectory_diagnostics,a,exp1_alignment_transfer,exp1_alignment_transfer:full:2026-08-17T06:28:21.157011+00:00,paper,True,appendix,se,se,fig_exp1_reversal_margin_data,se,1.0308162000485893e-17,,,,frozen appendix diagnostic,source table,,,,,fig_exp1_reversal_margin_data.csv,18
exp1_appendix_reversal_trajectory_diagnostics,a,exp1_alignment_transfer,exp1_alignment_transfer:full:2026-08-17T06:28:21.157011+00:00,paper,True,appendix,se,se,fig_exp1_reversal_margin_data,se,1.0308162000485893e-17,,,,frozen appendix diagnostic,source table,,,,,fig_exp1_reversal_margin_data.csv,19
exp1_appendix_reversal_trajectory_diagnostics,a,exp1_alignment_transfer,exp1_alignment_transfer:full:2026-08-17T06:28:21.157011+00:00,paper,True,appendix,se,se,fig_exp1_reversal_margin_data,se,1.0308162000485893e-17,,,,frozen appendix diagnostic,source table,,,,,fig_exp1_reversal_margin_data.csv,20
exp1_appendix_reversal_trajectory_diagnostics,a,exp1_alignment_transfer,exp1_alignment_transfer:full:2026-08-17T06:28:21.157011+00:00,paper,True,appendix,se,se,fig_exp1_reversal_margin_data,se,1.0308162000485893e-17,,,,frozen appendix diagnostic,source table,,,,,fig_exp1_reversal_margin_data.csv,21
exp1_appendix_reversal_trajectory_diagnostics,a,exp1_alignment_transfer,exp1_alignment_transfer:full:2026-08-17T06:28:21.157011+00:00,paper,True,appendix,se,se,fig_exp1_reversal_margin_data,se,1.0308162000485893e-17,,,,frozen appendix diagnostic,source table,,,,,fig_exp1_reversal_margin_data.csv,22
exp1_appendix_reversal_trajectory_diagnostics,a,exp1_alignment_transfer,exp1_alignment_transfer:full:2026-08-17T06:28:21.157011+00:00,paper,True,appendix,se,se,fig_exp1_reversal_margin_data,se,1.0308162000485893e-17,,,,frozen appendix diagnostic,source table,,,,,fig_exp1_reversal_margin_data.csv,23
exp1_appendix_reversal_trajectory_diagnostics,b,exp1_alignment_transfer,exp1_alignment_transfer:full:2026-08-17T06:28:21.157011+00:00,paper,True,appendix,structural_best_action,structural_best_action,fig_exp1_route_trajectory_data,structural_best_action,4,,,,frozen appendix diagnostic,source table,,,,,fig_exp1_route_trajectory_data.csv,0
exp1_appendix_reversal_trajectory_diagnostics,b,exp1_alignment_transfer,exp1_alignment_transfer:full:2026-08-17T06:28:21.157011+00:00,paper,True,appendix,structural_best_action,structural_best_action,fig_exp1_route_trajectory_data,structural_best_action,4,,,,frozen appendix diagnostic,source table,,,,,fig_exp1_route_trajectory_data.csv,1
exp1_appendix_reversal_trajectory_diagnostics,b,exp1_alignment_transfer,exp1_alignment_transfer:full:2026-08-17T06:28:21.157011+00:00,paper,True,appendix,structural_best_action,structural_best_action,fig_exp1_route_trajectory_data,structural_best_action,4,,,,frozen appendix diagnostic,source table,,,,,fig_exp1_route_trajectory_data.csv,2
exp1_appendix_reversal_trajectory_diagnostics,b,exp1_alignment_transfer,exp1_alignment_transfer:full:2026-08-17T06:28:21.157011+00:00,paper,True,appendix,structural_best_action,structural_best_action,fig_exp1_route_trajectory_data,structural_best_action,4,,,,frozen appendix diagnostic,source table,,,,,fig_exp1_route_trajectory_data.csv,3
exp1_appendix_reversal_trajectory_diagnostics,b,exp1_alignment_transfer,exp1_alignment_transfer:full:2026-08-17T06:28:21.157011+00:00,paper,True,appendix,structural_best_action,structural_best_action,fig_exp1_route_trajectory_data,structural_best_action,4,,,,frozen appendix diagnostic,source table,,,,,fig_exp1_route_trajectory_data.csv,4
exp1_appendix_reversal_trajectory_diagnostics,b,exp1_alignment_transfer,exp1_alignment_transfer:full:2026-08-17T06:28:21.157011+00:00,paper,True,appendix,structural_best_action,structural_best_action,fig_exp1_route_trajectory_data,structural_best_action,4,,,,frozen appendix diagnostic,source table,,,,,fig_exp1_route_trajectory_data.csv,5
exp1_appendix_reversal_trajectory_diagnostics,b,exp1_alignment_transfer,exp1_alignment_transfer:full:2026-08-17T06:28:21.157011+00:00,paper,True,appendix,structural_best_action,structural_best_action,fig_exp1_route_trajectory_data,structural_best_action,4,,,,frozen appendix diagnostic,source table,,,,,fig_exp1_route_trajectory_data.csv,6
exp1_appendix_reversal_trajectory_diagnostics,b,exp1_alignment_transfer,exp1_alignment_transfer:full:2026-08-17T06:28:21.157011+00:00,paper,True,appendix,structural_best_action,structural_best_action,fig_exp1_route_trajectory_data,structural_best_action,4,,,,frozen appendix diagnostic,source table,,,,,fig_exp1_route_trajectory_data.csv,7
exp1_appendix_reversal_trajectory_diagnostics,b,exp1_alignment_transfer,exp1_alignment_transfer:full:2026-08-17T06:28:21.157011+00:00,paper,True,appendix,structural_best_action,structural_best_action,fig_exp1_route_trajectory_data,structural_best_action,4,,,,frozen appendix diagnostic,source table,,,,,fig_exp1_route_trajectory_data.csv,8
exp1_appendix_reversal_trajectory_diagnostics,b,exp1_alignment_transfer,exp1_alignment_transfer:full:2026-08-17T06:28:21.157011+00:00,paper,True,appendix,structural_best_action,structural_best_action,fig_exp1_route_trajectory_data,structural_best_action,4,,,,frozen appendix diagnostic,source table,,,,,fig_exp1_route_trajectory_data.csv,9
exp1_appendix_reversal_trajectory_diagnostics,b,exp1_alignment_transfer,exp1_alignment_transfer:full:2026-08-17T06:28:21.157011+00:00,paper,True,appendix,structural_best_action,structural_best_action,fig_exp1_route_trajectory_data,structural_best_action,4,,,,frozen appendix diagnostic,source table,,,,,fig_exp1_route_trajectory_data.csv,10
exp1_appendix_reversal_trajectory_diagnostics,b,exp1_alignment_transfer,exp1_alignment_transfer:full:2026-08-17T06:28:21.157011+00:00,paper,True,appendix,structural_best_action,structural_best_action,fig_exp1_route_trajectory_data,structural_best_action,4,,,,frozen appendix diagnostic,source table,,,,,fig_exp1_route_trajectory_data.csv,11
exp1_appendix_reversal_trajectory_diagnostics,b,exp1_alignment_transfer,exp1_alignment_transfer:full:2026-08-17T06:28:21.157011+00:00,paper,True,appendix,structural_best_action,structural_best_action,fig_exp1_route_trajectory_data,structural_best_action,4,,,,frozen appendix diagnostic,source table,,,,,fig_exp1_route_trajectory_data.csv,12
exp1_appendix_reversal_trajectory_diagnostics,b,exp1_alignment_transfer,exp1_alignment_transfer:full:2026-08-17T06:28:21.157011+00:00,paper,True,appendix,structural_best_action,structural_best_action,fig_exp1_route_trajectory_data,structural_best_action,4,,,,frozen appendix diagnostic,source table,,,,,fig_exp1_route_trajectory_data.csv,13
exp1_appendix_reversal_trajectory_diagnostics,b,exp1_alignment_transfer,exp1_alignment_transfer:full:2026-08-17T06:28:21.157011+00:00,paper,True,appendix,structural_best_action,structural_best_action,fig_exp1_route_trajectory_data,structural_best_action,4,,,,frozen appendix diagnostic,source table,,,,,fig_exp1_route_trajectory_data.csv,14
exp1_appendix_reversal_trajectory_diagnostics,b,exp1_alignment_transfer,exp1_alignment_transfer:full:2026-08-17T06:28:21.157011+00:00,paper,True,appendix,structural_best_action,structural_best_action,fig_exp1_route_trajectory_data,structural_best_action,4,,,,frozen appendix diagnostic,source table,,,,,fig_exp1_route_trajectory_data.csv,15
exp1_appendix_reversal_trajectory_diagnostics,b,exp1_alignment_transfer,exp1_alignment_transfer:full:2026-08-17T06:28:21.157011+00:00,paper,True,appendix,structural_best_action,structural_best_action,fig_exp1_route_trajectory_data,structural_best_action,4,,,,frozen appendix diagnostic,source table,,,,,fig_exp1_route_trajectory_data.csv,16
exp1_appendix_reversal_trajectory_diagnostics,b,exp1_alignment_transfer,exp1_alignment_transfer:full:2026-08-17T06:28:21.157011+00:00,paper,True,appendix,structural_best_action,structural_best_action,fig_exp1_route_trajectory_data,structural_best_action,4,,,,frozen appendix diagnostic,source table,,,,,fig_exp1_route_trajectory_data.csv,17
exp1_appendix_reversal_trajectory_diagnostics,b,exp1_alignment_transfer,exp1_alignment_transfer:full:2026-08-17T06:28:21.157011+00:00,paper,True,appendix,structural_best_action,structural_best_action,fig_exp1_route_trajectory_data,structural_best_action,4,,,,frozen appendix diagnostic,source table,,,,,fig_exp1_route_trajectory_data.csv,18
exp1_appendix_reversal_trajectory_diagnostics,b,exp1_alignment_transfer,exp1_alignment_transfer:full:2026-08-17T06:28:21.157011+00:00,paper,True,appendix,structural_best_action,structural_best_action,fig_exp1_route_trajectory_data,structural_best_action,4,,,,frozen appendix diagnostic,source table,,,,,fig_exp1_route_trajectory_data.csv,19
exp1_appendix_reversal_trajectory_diagnostics,b,exp1_alignment_transfer,exp1_alignment_transfer:full:2026-08-17T06:28:21.157011+00:00,paper,True,appendix,structural_best_action,structural_best_action,fig_exp1_route_trajectory_data,structural_best_action,4,,,,frozen appendix diagnostic,source table,,,,,fig_exp1_route_trajectory_data.csv,20
exp1_appendix_reversal_trajectory_diagnostics,b,exp1_alignment_transfer,exp1_alignment_transfer:full:2026-08-17T06:28:21.157011+00:00,paper,True,appendix,structural_best_action,structural_best_action,fig_exp1_route_trajectory_data,structural_best_action,4,,,,frozen appendix diagnostic,source table,,,,,fig_exp1_route_trajectory_data.csv,21
exp1_appendix_reversal_trajectory_diagnostics,b,exp1_alignment_transfer,exp1_alignment_transfer:full:2026-08-17T06:28:21.157011+00:00,paper,True,appendix,structural_best_action,structural_best_action,fig_exp1_route_trajectory_data,structural_best_action,4,,,,frozen appendix diagnostic,source table,,,,,fig_exp1_route_trajectory_data.csv,22
exp1_appendix_reversal_trajectory_diagnostics,b,exp1_alignment_transfer,exp1_alignment_transfer:full:2026-08-17T06:28:21.157011+00:00,paper,True,appendix,structural_best_action,structural_best_action,fig_exp1_route_trajectory_data,structural_best_action,4,,,,frozen appendix diagnostic,source table,,,,,fig_exp1_route_trajectory_data.csv,23
exp1_appendix_reversal_trajectory_diagnostics,b,exp1_alignment_transfer,exp1_alignment_transfer:full:2026-08-17T06:28:21.157011+00:00,paper,True,appendix,structural_best_action,structural_best_action,fig_exp1_route_trajectory_data,structural_best_action,4,,,,frozen appendix diagnostic,source table,,,,,fig_exp1_route_trajectory_data.csv,24
exp1_appendix_reversal_trajectory_diagnostics,b,exp1_alignment_transfer,exp1_alignment_transfer:full:2026-08-17T06:28:21.157011+00:00,paper,True,appendix,structural_best_action,structural_best_action,fig_exp1_route_trajectory_data,structural_best_action,4,,,,frozen appendix diagnostic,source table,,,,,fig_exp1_route_trajectory_data.csv,25
exp1_appendix_reversal_trajectory_diagnostics,b,exp1_alignment_transfer,exp1_alignment_transfer:full:2026-08-17T06:28:21.157011+00:00,paper,True,appendix,structural_best_action,structural_best_action,fig_exp1_route_trajectory_data,structural_best_action,4,,,,frozen appendix diagnostic,source table,,,,,fig_exp1_route_trajectory_data.csv,26
exp1_appendix_reversal_trajectory_diagnostics,b,exp1_alignment_transfer,exp1_alignment_transfer:full:2026-08-17T06:28:21.157011+00:00,paper,True,appendix,structural_best_action,structural_best_action,fig_exp1_route_trajectory_data,structural_best_action,4,,,,frozen appendix diagnostic,source table,,,,,fig_exp1_route_trajectory_data.csv,27
exp1_appendix_reversal_trajectory_diagnostics,b,exp1_alignment_transfer,exp1_alignment_transfer:full:2026-08-17T06:28:21.157011+00:00,paper,True,appendix,structural_best_action,structural_best_action,fig_exp1_route_trajectory_data,structural_best_action,4,,,,frozen appendix diagnostic,source table,,,,,fig_exp1_route_trajectory_data.csv,28
exp1_appendix_reversal_trajectory_diagnostics,b,exp1_alignment_transfer,exp1_alignment_transfer:full:2026-08-17T06:28:21.157011+00:00,paper,True,appendix,structural_best_action,structural_best_action,fig_exp1_route_trajectory_data,structural_best_action,4,,,,frozen appendix diagnostic,source table,,,,,fig_exp1_route_trajectory_data.csv,29
exp1_appendix_reversal_trajectory_diagnostics,b,exp1_alignment_transfer,exp1_alignment_transfer:full:2026-08-17T06:28:21.157011+00:00,paper,True,appendix,structural_best_action,structural_best_action,fig_exp1_route_trajectory_data,structural_best_action,4,,,,frozen appendix diagnostic,source table,,,,,fig_exp1_route_trajectory_data.csv,30
exp1_appendix_reversal_trajectory_diagnostics,b,exp1_alignment_transfer,exp1_alignment_transfer:full:2026-08-17T06:28:21.157011+00:00,paper,True,appendix,structural_best_action,structural_best_action,fig_exp1_route_trajectory_data,structural_best_action,4,,,,frozen appendix diagnostic,source table,,,,,fig_exp1_route_trajectory_data.csv,31
exp1_appendix_reversal_trajectory_diagnostics,b,exp1_alignment_transfer,exp1_alignment_transfer:full:2026-08-17T06:28:21.157011+00:00,paper,True,appendix,structural_best_action,structural_best_action,fig_exp1_route_trajectory_data,structural_best_action,4,,,,frozen appendix diagnostic,source table,,,,,fig_exp1_route_trajectory_data.csv,32
exp1_appendix_reversal_trajectory_diagnostics,b,exp1_alignment_transfer,exp1_alignment_transfer:full:2026-08-17T06:28:21.157011+00:00,paper,True,appendix,structural_best_action,structural_best_action,fig_exp1_route_trajectory_data,structural_best_action,4,,,,frozen appendix diagnostic,source table,,,,,fig_exp1_route_trajectory_data.csv,33
exp1_appendix_reversal_trajectory_diagnostics,b,exp1_alignment_transfer,exp1_alignment_transfer:full:2026-08-17T06:28:21.157011+00:00,paper,True,appendix,structural_best_action,structural_best_action,fig_exp1_route_trajectory_data,structural_best_action,4,,,,frozen appendix diagnostic,source table,,,,,fig_exp1_route_trajectory_data.csv,34
exp1_appendix_reversal_trajectory_diagnostics,b,exp1_alignment_transfer,exp1_alignment_transfer:full:2026-08-17T06:28:21.157011+00:00,paper,True,appendix,structural_best_action,structural_best_action,fig_exp1_route_trajectory_data,structural_best_action,4,,,,frozen appendix diagnostic,source table,,,,,fig_exp1_route_trajectory_data.csv,35
exp1_appendix_reversal_trajectory_diagnostics,b,exp1_alignment_transfer,exp1_alignment_transfer:full:2026-08-17T06:28:21.157011+00:00,paper,True,appendix,structural_best_action,structural_best_action,fig_exp1_route_trajectory_data,structural_best_action,4,,,,frozen appendix diagnostic,source table,,,,,fig_exp1_route_trajectory_data.csv,36
exp1_appendix_reversal_trajectory_diagnostics,b,exp1_alignment_transfer,exp1_alignment_transfer:full:2026-08-17T06:28:21.157011+00:00,paper,True,appendix,structural_best_action,structural_best_action,fig_exp1_route_trajectory_data,structural_best_action,4,,,,frozen appendix diagnostic,source table,,,,,fig_exp1_route_trajectory_data.csv,37
exp1_appendix_reversal_trajectory_diagnostics,b,exp1_alignment_transfer,exp1_alignment_transfer:full:2026-08-17T06:28:21.157011+00:00,paper,True,appendix,structural_best_action,structural_best_action,fig_exp1_route_trajectory_data,structural_best_action,4,,,,frozen appendix diagnostic,source table,,,,,fig_exp1_route_trajectory_data.csv,38
exp1_appendix_reversal_trajectory_diagnostics,b,exp1_alignment_transfer,exp1_alignment_transfer:full:2026-08-17T06:28:21.157011+00:00,paper,True,appendix,structural_best_action,structural_best_action,fig_exp1_route_trajectory_data,structural_best_action,4,,,,frozen appendix diagnostic,source table,,,,,fig_exp1_route_trajectory_data.csv,39
exp1_appendix_reversal_trajectory_diagnostics,b,exp1_alignment_transfer,exp1_alignment_transfer:full:2026-08-17T06:28:21.157011+00:00,paper,True,appendix,structural_best_action,structural_best_action,fig_exp1_route_trajectory_data,structural_best_action,4,,,,frozen appendix diagnostic,source table,,,,,fig_exp1_route_trajectory_data.csv,40
exp1_appendix_reversal_trajectory_diagnostics,b,exp1_alignment_transfer,exp1_alignment_transfer:full:2026-08-17T06:28:21.157011+00:00,paper,True,appendix,structural_best_action,structural_best_action,fig_exp1_route_trajectory_data,structural_best_action,4,,,,frozen appendix diagnostic,source table,,,,,fig_exp1_route_trajectory_data.csv,41
exp1_appendix_reversal_trajectory_diagnostics,b,exp1_alignment_transfer,exp1_alignment_transfer:full:2026-08-17T06:28:21.157011+00:00,paper,True,appendix,structural_best_action,structural_best_action,fig_exp1_route_trajectory_data,structural_best_action,4,,,,frozen appendix diagnostic,source table,,,,,fig_exp1_route_trajectory_data.csv,42
exp1_appendix_reversal_trajectory_diagnostics,b,exp1_alignment_transfer,exp1_alignment_transfer:full:2026-08-17T06:28:21.157011+00:00,paper,True,appendix,structural_best_action,structural_best_action,fig_exp1_route_trajectory_data,structural_best_action,4,,,,frozen appendix diagnostic,source table,,,,,fig_exp1_route_trajectory_data.csv,43
exp1_appendix_reversal_trajectory_diagnostics,b,exp1_alignment_transfer,exp1_alignment_transfer:full:2026-08-17T06:28:21.157011+00:00,paper,True,appendix,structural_best_action,structural_best_action,fig_exp1_route_trajectory_data,structural_best_action,4,,,,frozen appendix diagnostic,source table,,,,,fig_exp1_route_trajectory_data.csv,44
exp1_appendix_reversal_trajectory_diagnostics,b,exp1_alignment_transfer,exp1_alignment_transfer:full:2026-08-17T06:28:21.157011+00:00,paper,True,appendix,structural_best_action,structural_best_action,fig_exp1_route_trajectory_data,structural_best_action,4,,,,frozen appendix diagnostic,source table,,,,,fig_exp1_route_trajectory_data.csv,45
exp1_appendix_reversal_trajectory_diagnostics,b,exp1_alignment_transfer,exp1_alignment_transfer:full:2026-08-17T06:28:21.157011+00:00,paper,True,appendix,structural_best_action,structural_best_action,fig_exp1_route_trajectory_data,structural_best_action,4,,,,frozen appendix diagnostic,source table,,,,,fig_exp1_route_trajectory_data.csv,46
exp1_appendix_reversal_trajectory_diagnostics,b,exp1_alignment_transfer,exp1_alignment_transfer:full:2026-08-17T06:28:21.157011+00:00,paper,True,appendix,structural_best_action,structural_best_action,fig_exp1_route_trajectory_data,structural_best_action,4,,,,frozen appendix diagnostic,source table,,,,,fig_exp1_route_trajectory_data.csv,47
exp1_appendix_reversal_trajectory_diagnostics,b,exp1_alignment_transfer,exp1_alignment_transfer:full:2026-08-17T06:28:21.157011+00:00,paper,True,appendix,structural_best_action,structural_best_action,fig_exp1_route_trajectory_data,structural_best_action,4,,,,frozen appendix diagnostic,source table,,,,,fig_exp1_route_trajectory_data.csv,48
exp1_appendix_reversal_trajectory_diagnostics,b,exp1_alignment_transfer,exp1_alignment_transfer:full:2026-08-17T06:28:21.157011+00:00,paper,True,appendix,structural_best_action,structural_best_action,fig_exp1_route_trajectory_data,structural_best_action,4,,,,frozen appendix diagnostic,source table,,,,,fig_exp1_route_trajectory_data.csv,49
exp1_appendix_reversal_trajectory_diagnostics,b,exp1_alignment_transfer,exp1_alignment_transfer:full:2026-08-17T06:28:21.157011+00:00,paper,True,appendix,structural_best_action,structural_best_action,fig_exp1_route_trajectory_data,structural_best_action,4,,,,frozen appendix diagnostic,source table,,,,,fig_exp1_route_trajectory_data.csv,50
exp1_appendix_reversal_trajectory_diagnostics,b,exp1_alignment_transfer,exp1_alignment_transfer:full:2026-08-17T06:28:21.157011+00:00,paper,True,appendix,structural_best_action,structural_best_action,fig_exp1_route_trajectory_data,structural_best_action,4,,,,frozen appendix diagnostic,source table,,,,,fig_exp1_route_trajectory_data.csv,51
exp1_appendix_reversal_trajectory_diagnostics,b,exp1_alignment_transfer,exp1_alignment_transfer:full:2026-08-17T06:28:21.157011+00:00,paper,True,appendix,structural_best_action,structural_best_action,fig_exp1_route_trajectory_data,structural_best_action,4,,,,frozen appendix diagnostic,source table,,,,,fig_exp1_route_trajectory_data.csv,52
exp1_appendix_reversal_trajectory_diagnostics,b,exp1_alignment_transfer,exp1_alignment_transfer:full:2026-08-17T06:28:21.157011+00:00,paper,True,appendix,structural_best_action,structural_best_action,fig_exp1_route_trajectory_data,structural_best_action,4,,,,frozen appendix diagnostic,source table,,,,,fig_exp1_route_trajectory_data.csv,53
exp1_appendix_reversal_trajectory_diagnostics,b,exp1_alignment_transfer,exp1_alignment_transfer:full:2026-08-17T06:28:21.157011+00:00,paper,True,appendix,structural_best_action,structural_best_action,fig_exp1_route_trajectory_data,structural_best_action,4,,,,frozen appendix diagnostic,source table,,,,,fig_exp1_route_trajectory_data.csv,54
exp1_appendix_reversal_trajectory_diagnostics,b,exp1_alignment_transfer,exp1_alignment_transfer:full:2026-08-17T06:28:21.157011+00:00,paper,True,appendix,structural_best_action,structural_best_action,fig_exp1_route_trajectory_data,structural_best_action,4,,,,frozen appendix diagnostic,source table,,,,,fig_exp1_route_trajectory_data.csv,55
exp1_appendix_reversal_trajectory_diagnostics,b,exp1_alignment_transfer,exp1_alignment_transfer:full:2026-08-17T06:28:21.157011+00:00,paper,True,appendix,structural_best_action,structural_best_action,fig_exp1_route_trajectory_data,structural_best_action,4,,,,frozen appendix diagnostic,source table,,,,,fig_exp1_route_trajectory_data.csv,56
exp1_appendix_reversal_trajectory_diagnostics,b,exp1_alignment_transfer,exp1_alignment_transfer:full:2026-08-17T06:28:21.157011+00:00,paper,True,appendix,structural_best_action,structural_best_action,fig_exp1_route_trajectory_data,structural_best_action,4,,,,frozen appendix diagnostic,source table,,,,,fig_exp1_route_trajectory_data.csv,57
exp1_appendix_reversal_trajectory_diagnostics,b,exp1_alignment_transfer,exp1_alignment_transfer:full:2026-08-17T06:28:21.157011+00:00,paper,True,appendix,structural_best_action,structural_best_action,fig_exp1_route_trajectory_data,structural_best_action,4,,,,frozen appendix diagnostic,source table,,,,,fig_exp1_route_trajectory_data.csv,58
exp1_appendix_reversal_trajectory_diagnostics,b,exp1_alignment_transfer,exp1_alignment_transfer:full:2026-08-17T06:28:21.157011+00:00,paper,True,appendix,structural_best_action,structural_best_action,fig_exp1_route_trajectory_data,structural_best_action,4,,,,frozen appendix diagnostic,source table,,,,,fig_exp1_route_trajectory_data.csv,59
exp1_appendix_reversal_trajectory_diagnostics,b,exp1_alignment_transfer,exp1_alignment_transfer:full:2026-08-17T06:28:21.157011+00:00,paper,True,appendix,structural_best_action,structural_best_action,fig_exp1_route_trajectory_data,structural_best_action,4,,,,frozen appendix diagnostic,source table,,,,,fig_exp1_route_trajectory_data.csv,60
exp1_appendix_reversal_trajectory_diagnostics,b,exp1_alignment_transfer,exp1_alignment_transfer:full:2026-08-17T06:28:21.157011+00:00,paper,True,appendix,structural_best_action,structural_best_action,fig_exp1_route_trajectory_data,structural_best_action,4,,,,frozen appendix diagnostic,source table,,,,,fig_exp1_route_trajectory_data.csv,61
exp1_appendix_reversal_trajectory_diagnostics,b,exp1_alignment_transfer,exp1_alignment_transfer:full:2026-08-17T06:28:21.157011+00:00,paper,True,appendix,structural_best_action,structural_best_action,fig_exp1_route_trajectory_data,structural_best_action,4,,,,frozen appendix diagnostic,source table,,,,,fig_exp1_route_trajectory_data.csv,62
exp1_appendix_reversal_trajectory_diagnostics,b,exp1_alignment_transfer,exp1_alignment_transfer:full:2026-08-17T06:28:21.157011+00:00,paper,True,appendix,structural_best_action,structural_best_action,fig_exp1_route_trajectory_data,structural_best_action,4,,,,frozen appendix diagnostic,source table,,,,,fig_exp1_route_trajectory_data.csv,63
exp1_appendix_reversal_trajectory_diagnostics,b,exp1_alignment_transfer,exp1_alignment_transfer:full:2026-08-17T06:28:21.157011+00:00,paper,True,appendix,structural_best_action,structural_best_action,fig_exp1_route_trajectory_data,structural_best_action,4,,,,frozen appendix diagnostic,source table,,,,,fig_exp1_route_trajectory_data.csv,64
exp1_appendix_reversal_trajectory_diagnostics,b,exp1_alignment_transfer,exp1_alignment_transfer:full:2026-08-17T06:28:21.157011+00:00,paper,True,appendix,structural_best_action,structural_best_action,fig_exp1_route_trajectory_data,structural_best_action,4,,,,frozen appendix diagnostic,source table,,,,,fig_exp1_route_trajectory_data.csv,65
exp1_appendix_reversal_trajectory_diagnostics,b,exp1_alignment_transfer,exp1_alignment_transfer:full:2026-08-17T06:28:21.157011+00:00,paper,True,appendix,structural_best_action,structural_best_action,fig_exp1_route_trajectory_data,structural_best_action,4,,,,frozen appendix diagnostic,source table,,,,,fig_exp1_route_trajectory_data.csv,66
exp1_appendix_reversal_trajectory_diagnostics,b,exp1_alignment_transfer,exp1_alignment_transfer:full:2026-08-17T06:28:21.157011+00:00,paper,True,appendix,structural_best_action,structural_best_action,fig_exp1_route_trajectory_data,structural_best_action,4,,,,frozen appendix diagnostic,source table,,,,,fig_exp1_route_trajectory_data.csv,67
exp1_appendix_reversal_trajectory_diagnostics,b,exp1_alignment_transfer,exp1_alignment_transfer:full:2026-08-17T06:28:21.157011+00:00,paper,True,appendix,structural_best_action,structural_best_action,fig_exp1_route_trajectory_data,structural_best_action,4,,,,frozen appendix diagnostic,source table,,,,,fig_exp1_route_trajectory_data.csv,68
exp1_appendix_reversal_trajectory_diagnostics,b,exp1_alignment_transfer,exp1_alignment_transfer:full:2026-08-17T06:28:21.157011+00:00,paper,True,appendix,structural_best_action,structural_best_action,fig_exp1_route_trajectory_data,structural_best_action,4,,,,frozen appendix diagnostic,source table,,,,,fig_exp1_route_trajectory_data.csv,69
exp1_appendix_reversal_trajectory_diagnostics,b,exp1_alignment_transfer,exp1_alignment_transfer:full:2026-08-17T06:28:21.157011+00:00,paper,True,appendix,structural_best_action,structural_best_action,fig_exp1_route_trajectory_data,structural_best_action,4,,,,frozen appendix diagnostic,source table,,,,,fig_exp1_route_trajectory_data.csv,70
exp1_appendix_reversal_trajectory_diagnostics,b,exp1_alignment_transfer,exp1_alignment_transfer:full:2026-08-17T06:28:21.157011+00:00,paper,True,appendix,structural_best_action,structural_best_action,fig_exp1_route_trajectory_data,structural_best_action,4,,,,frozen appendix diagnostic,source table,,,,,fig_exp1_route_trajectory_data.csv,71
exp1_appendix_reversal_trajectory_diagnostics,b,exp1_alignment_transfer,exp1_alignment_transfer:full:2026-08-17T06:28:21.157011+00:00,paper,True,appendix,structural_best_action,structural_best_action,fig_exp1_route_trajectory_data,structural_best_action,4,,,,frozen appendix diagnostic,source table,,,,,fig_exp1_route_trajectory_data.csv,72
exp1_appendix_reversal_trajectory_diagnostics,b,exp1_alignment_transfer,exp1_alignment_transfer:full:2026-08-17T06:28:21.157011+00:00,paper,True,appendix,structural_best_action,structural_best_action,fig_exp1_route_trajectory_data,structural_best_action,4,,,,frozen appendix diagnostic,source table,,,,,fig_exp1_route_trajectory_data.csv,73
exp1_appendix_reversal_trajectory_diagnostics,b,exp1_alignment_transfer,exp1_alignment_transfer:full:2026-08-17T06:28:21.157011+00:00,paper,True,appendix,structural_best_action,structural_best_action,fig_exp1_route_trajectory_data,structural_best_action,4,,,,frozen appendix diagnostic,source table,,,,,fig_exp1_route_trajectory_data.csv,74
exp1_appendix_reversal_trajectory_diagnostics,b,exp1_alignment_transfer,exp1_alignment_transfer:full:2026-08-17T06:28:21.157011+00:00,paper,True,appendix,structural_best_action,structural_best_action,fig_exp1_route_trajectory_data,structural_best_action,4,,,,frozen appendix diagnostic,source table,,,,,fig_exp1_route_trajectory_data.csv,75
exp1_appendix_reversal_trajectory_diagnostics,b,exp1_alignment_transfer,exp1_alignment_transfer:full:2026-08-17T06:28:21.157011+00:00,paper,True,appendix,structural_best_action,structural_best_action,fig_exp1_route_trajectory_data,structural_best_action,4,,,,frozen appendix diagnostic,source table,,,,,fig_exp1_route_trajectory_data.csv,76
exp1_appendix_reversal_trajectory_diagnostics,b,exp1_alignment_transfer,exp1_alignment_transfer:full:2026-08-17T06:28:21.157011+00:00,paper,True,appendix,structural_best_action,structural_best_action,fig_exp1_route_trajectory_data,structural_best_action,4,,,,frozen appendix diagnostic,source table,,,,,fig_exp1_route_trajectory_data.csv,77
exp1_appendix_reversal_trajectory_diagnostics,b,exp1_alignment_transfer,exp1_alignment_transfer:full:2026-08-17T06:28:21.157011+00:00,paper,True,appendix,structural_best_action,structural_best_action,fig_exp1_route_trajectory_data,structural_best_action,4,,,,frozen appendix diagnostic,source table,,,,,fig_exp1_route_trajectory_data.csv,78
exp1_appendix_reversal_trajectory_diagnostics,b,exp1_alignment_transfer,exp1_alignment_transfer:full:2026-08-17T06:28:21.157011+00:00,paper,True,appendix,structural_best_action,structural_best_action,fig_exp1_route_trajectory_data,structural_best_action,4,,,,frozen appendix diagnostic,source table,,,,,fig_exp1_route_trajectory_data.csv,79
exp1_appendix_reversal_trajectory_diagnostics,b,exp1_alignment_transfer,exp1_alignment_transfer:full:2026-08-17T06:28:21.157011+00:00,paper,True,appendix,structural_best_action,structural_best_action,fig_exp1_route_trajectory_data,structural_best_action,4,,,,frozen appendix diagnostic,source table,,,,,fig_exp1_route_trajectory_data.csv,80
exp1_appendix_reversal_trajectory_diagnostics,b,exp1_alignment_transfer,exp1_alignment_transfer:full:2026-08-17T06:28:21.157011+00:00,paper,True,appendix,structural_best_action,structural_best_action,fig_exp1_route_trajectory_data,structural_best_action,4,,,,frozen appendix diagnostic,source table,,,,,fig_exp1_route_trajectory_data.csv,81
exp1_appendix_reversal_trajectory_diagnostics,b,exp1_alignment_transfer,exp1_alignment_transfer:full:2026-08-17T06:28:21.157011+00:00,paper,True,appendix,structural_best_action,structural_best_action,fig_exp1_route_trajectory_data,structural_best_action,4,,,,frozen appendix diagnostic,source table,,,,,fig_exp1_route_trajectory_data.csv,82
exp1_appendix_reversal_trajectory_diagnostics,b,exp1_alignment_transfer,exp1_alignment_transfer:full:2026-08-17T06:28:21.157011+00:00,paper,True,appendix,structural_best_action,structural_best_action,fig_exp1_route_trajectory_data,structural_best_action,4,,,,frozen appendix diagnostic,source table,,,,,fig_exp1_route_trajectory_data.csv,83
exp1_appendix_reversal_trajectory_diagnostics,b,exp1_alignment_transfer,exp1_alignment_transfer:full:2026-08-17T06:28:21.157011+00:00,paper,True,appendix,structural_best_action,structural_best_action,fig_exp1_route_trajectory_data,structural_best_action,4,,,,frozen appendix diagnostic,source table,,,,,fig_exp1_route_trajectory_data.csv,84
exp1_appendix_reversal_trajectory_diagnostics,b,exp1_alignment_transfer,exp1_alignment_transfer:full:2026-08-17T06:28:21.157011+00:00,paper,True,appendix,structural_best_action,structural_best_action,fig_exp1_route_trajectory_data,structural_best_action,4,,,,frozen appendix diagnostic,source table,,,,,fig_exp1_route_trajectory_data.csv,85
exp1_appendix_reversal_trajectory_diagnostics,b,exp1_alignment_transfer,exp1_alignment_transfer:full:2026-08-17T06:28:21.157011+00:00,paper,True,appendix,structural_best_action,structural_best_action,fig_exp1_route_trajectory_data,structural_best_action,4,,,,frozen appendix diagnostic,source table,,,,,fig_exp1_route_trajectory_data.csv,86
exp1_appendix_reversal_trajectory_diagnostics,b,exp1_alignment_transfer,exp1_alignment_transfer:full:2026-08-17T06:28:21.157011+00:00,paper,True,appendix,structural_best_action,structural_best_action,fig_exp1_route_trajectory_data,structural_best_action,4,,,,frozen appendix diagnostic,source table,,,,,fig_exp1_route_trajectory_data.csv,87
exp1_appendix_reversal_trajectory_diagnostics,b,exp1_alignment_transfer,exp1_alignment_transfer:full:2026-08-17T06:28:21.157011+00:00,paper,True,appendix,structural_best_action,structural_best_action,fig_exp1_route_trajectory_data,structural_best_action,4,,,,frozen appendix diagnostic,source table,,,,,fig_exp1_route_trajectory_data.csv,88
exp1_appendix_reversal_trajectory_diagnostics,b,exp1_alignment_transfer,exp1_alignment_transfer:full:2026-08-17T06:28:21.157011+00:00,paper,True,appendix,structural_best_action,structural_best_action,fig_exp1_route_trajectory_data,structural_best_action,4,,,,frozen appendix diagnostic,source table,,,,,fig_exp1_route_trajectory_data.csv,89
exp1_appendix_reversal_trajectory_diagnostics,b,exp1_alignment_transfer,exp1_alignment_transfer:full:2026-08-17T06:28:21.157011+00:00,paper,True,appendix,structural_best_action,structural_best_action,fig_exp1_route_trajectory_data,structural_best_action,4,,,,frozen appendix diagnostic,source table,,,,,fig_exp1_route_trajectory_data.csv,90
exp1_appendix_reversal_trajectory_diagnostics,b,exp1_alignment_transfer,exp1_alignment_transfer:full:2026-08-17T06:28:21.157011+00:00,paper,True,appendix,structural_best_action,structural_best_action,fig_exp1_route_trajectory_data,structural_best_action,4,,,,frozen appendix diagnostic,source table,,,,,fig_exp1_route_trajectory_data.csv,91
exp1_appendix_reversal_trajectory_diagnostics,b,exp1_alignment_transfer,exp1_alignment_transfer:full:2026-08-17T06:28:21.157011+00:00,paper,True,appendix,structural_best_action,structural_best_action,fig_exp1_route_trajectory_data,structural_best_action,4,,,,frozen appendix diagnostic,source table,,,,,fig_exp1_route_trajectory_data.csv,92
exp1_appendix_reversal_trajectory_diagnostics,b,exp1_alignment_transfer,exp1_alignment_transfer:full:2026-08-17T06:28:21.157011+00:00,paper,True,appendix,structural_best_action,structural_best_action,fig_exp1_route_trajectory_data,structural_best_action,4,,,,frozen appendix diagnostic,source table,,,,,fig_exp1_route_trajectory_data.csv,93
exp1_appendix_reversal_trajectory_diagnostics,b,exp1_alignment_transfer,exp1_alignment_transfer:full:2026-08-17T06:28:21.157011+00:00,paper,True,appendix,structural_best_action,structural_best_action,fig_exp1_route_trajectory_data,structural_best_action,4,,,,frozen appendix diagnostic,source table,,,,,fig_exp1_route_trajectory_data.csv,94
exp1_appendix_reversal_trajectory_diagnostics,b,exp1_alignment_transfer,exp1_alignment_transfer:full:2026-08-17T06:28:21.157011+00:00,paper,True,appendix,structural_best_action,structural_best_action,fig_exp1_route_trajectory_data,structural_best_action,4,,,,frozen appendix diagnostic,source table,,,,,fig_exp1_route_trajectory_data.csv,95
exp1_appendix_reversal_trajectory_diagnostics,b,exp1_alignment_transfer,exp1_alignment_transfer:full:2026-08-17T06:28:21.157011+00:00,paper,True,appendix,structural_best_action,structural_best_action,fig_exp1_route_trajectory_data,structural_best_action,4,,,,frozen appendix diagnostic,source table,,,,,fig_exp1_route_trajectory_data.csv,96
exp1_appendix_reversal_trajectory_diagnostics,b,exp1_alignment_transfer,exp1_alignment_transfer:full:2026-08-17T06:28:21.157011+00:00,paper,True,appendix,structural_best_action,structural_best_action,fig_exp1_route_trajectory_data,structural_best_action,4,,,,frozen appendix diagnostic,source table,,,,,fig_exp1_route_trajectory_data.csv,97
exp1_appendix_reversal_trajectory_diagnostics,b,exp1_alignment_transfer,exp1_alignment_transfer:full:2026-08-17T06:28:21.157011+00:00,paper,True,appendix,structural_best_action,structural_best_action,fig_exp1_route_trajectory_data,structural_best_action,4,,,,frozen appendix diagnostic,source table,,,,,fig_exp1_route_trajectory_data.csv,98
exp1_appendix_reversal_trajectory_diagnostics,b,exp1_alignment_transfer,exp1_alignment_transfer:full:2026-08-17T06:28:21.157011+00:00,paper,True,appendix,structural_best_action,structural_best_action,fig_exp1_route_trajectory_data,structural_best_action,4,,,,frozen appendix diagnostic,source table,,,,,fig_exp1_route_trajectory_data.csv,99
exp1_appendix_reversal_trajectory_diagnostics,b,exp1_alignment_transfer,exp1_alignment_transfer:full:2026-08-17T06:28:21.157011+00:00,paper,True,appendix,structural_best_action,structural_best_action,fig_exp1_route_trajectory_data,structural_best_action,4,,,,frozen appendix diagnostic,source table,,,,,fig_exp1_route_trajectory_data.csv,100
exp1_appendix_reversal_trajectory_diagnostics,b,exp1_alignment_transfer,exp1_alignment_transfer:full:2026-08-17T06:28:21.157011+00:00,paper,True,appendix,structural_best_action,structural_best_action,fig_exp1_route_trajectory_data,structural_best_action,4,,,,frozen appendix diagnostic,source table,,,,,fig_exp1_route_trajectory_data.csv,101
exp1_appendix_reversal_trajectory_diagnostics,b,exp1_alignment_transfer,exp1_alignment_transfer:full:2026-08-17T06:28:21.157011+00:00,paper,True,appendix,structural_best_action,structural_best_action,fig_exp1_route_trajectory_data,structural_best_action,4,,,,frozen appendix diagnostic,source table,,,,,fig_exp1_route_trajectory_data.csv,102
exp1_appendix_reversal_trajectory_diagnostics,b,exp1_alignment_transfer,exp1_alignment_transfer:full:2026-08-17T06:28:21.157011+00:00,paper,True,appendix,structural_best_action,structural_best_action,fig_exp1_route_trajectory_data,structural_best_action,4,,,,frozen appendix diagnostic,source table,,,,,fig_exp1_route_trajectory_data.csv,103
exp1_appendix_reversal_trajectory_diagnostics,b,exp1_alignment_transfer,exp1_alignment_transfer:full:2026-08-17T06:28:21.157011+00:00,paper,True,appendix,structural_best_action,structural_best_action,fig_exp1_route_trajectory_data,structural_best_action,4,,,,frozen appendix diagnostic,source table,,,,,fig_exp1_route_trajectory_data.csv,104
exp1_appendix_reversal_trajectory_diagnostics,b,exp1_alignment_transfer,exp1_alignment_transfer:full:2026-08-17T06:28:21.157011+00:00,paper,True,appendix,structural_best_action,structural_best_action,fig_exp1_route_trajectory_data,structural_best_action,4,,,,frozen appendix diagnostic,source table,,,,,fig_exp1_route_trajectory_data.csv,105
exp1_appendix_reversal_trajectory_diagnostics,b,exp1_alignment_transfer,exp1_alignment_transfer:full:2026-08-17T06:28:21.157011+00:00,paper,True,appendix,structural_best_action,structural_best_action,fig_exp1_route_trajectory_data,structural_best_action,4,,,,frozen appendix diagnostic,source table,,,,,fig_exp1_route_trajectory_data.csv,106
exp1_appendix_reversal_trajectory_diagnostics,b,exp1_alignment_transfer,exp1_alignment_transfer:full:2026-08-17T06:28:21.157011+00:00,paper,True,appendix,structural_best_action,structural_best_action,fig_exp1_route_trajectory_data,structural_best_action,4,,,,frozen appendix diagnostic,source table,,,,,fig_exp1_route_trajectory_data.csv,107
exp1_appendix_reversal_trajectory_diagnostics,b,exp1_alignment_transfer,exp1_alignment_transfer:full:2026-08-17T06:28:21.157011+00:00,paper,True,appendix,structural_best_action,structural_best_action,fig_exp1_route_trajectory_data,structural_best_action,4,,,,frozen appendix diagnostic,source table,,,,,fig_exp1_route_trajectory_data.csv,108
exp1_appendix_reversal_trajectory_diagnostics,b,exp1_alignment_transfer,exp1_alignment_transfer:full:2026-08-17T06:28:21.157011+00:00,paper,True,appendix,structural_best_action,structural_best_action,fig_exp1_route_trajectory_data,structural_best_action,4,,,,frozen appendix diagnostic,source table,,,,,fig_exp1_route_trajectory_data.csv,109
exp1_appendix_reversal_trajectory_diagnostics,b,exp1_alignment_transfer,exp1_alignment_transfer:full:2026-08-17T06:28:21.157011+00:00,paper,True,appendix,structural_best_action,structural_best_action,fig_exp1_route_trajectory_data,structural_best_action,4,,,,frozen appendix diagnostic,source table,,,,,fig_exp1_route_trajectory_data.csv,110
exp1_appendix_reversal_trajectory_diagnostics,b,exp1_alignment_transfer,exp1_alignment_transfer:full:2026-08-17T06:28:21.157011+00:00,paper,True,appendix,structural_best_action,structural_best_action,fig_exp1_route_trajectory_data,structural_best_action,4,,,,frozen appendix diagnostic,source table,,,,,fig_exp1_route_trajectory_data.csv,111
exp1_appendix_reversal_trajectory_diagnostics,b,exp1_alignment_transfer,exp1_alignment_transfer:full:2026-08-17T06:28:21.157011+00:00,paper,True,appendix,structural_best_action,structural_best_action,fig_exp1_route_trajectory_data,structural_best_action,4,,,,frozen appendix diagnostic,source table,,,,,fig_exp1_route_trajectory_data.csv,112
exp1_appendix_reversal_trajectory_diagnostics,b,exp1_alignment_transfer,exp1_alignment_transfer:full:2026-08-17T06:28:21.157011+00:00,paper,True,appendix,structural_best_action,structural_best_action,fig_exp1_route_trajectory_data,structural_best_action,4,,,,frozen appendix diagnostic,source table,,,,,fig_exp1_route_trajectory_data.csv,113
exp1_appendix_reversal_trajectory_diagnostics,b,exp1_alignment_transfer,exp1_alignment_transfer:full:2026-08-17T06:28:21.157011+00:00,paper,True,appendix,structural_best_action,structural_best_action,fig_exp1_route_trajectory_data,structural_best_action,4,,,,frozen appendix diagnostic,source table,,,,,fig_exp1_route_trajectory_data.csv,114
exp1_appendix_reversal_trajectory_diagnostics,b,exp1_alignment_transfer,exp1_alignment_transfer:full:2026-08-17T06:28:21.157011+00:00,paper,True,appendix,structural_best_action,structural_best_action,fig_exp1_route_trajectory_data,structural_best_action,4,,,,frozen appendix diagnostic,source table,,,,,fig_exp1_route_trajectory_data.csv,115
exp1_appendix_reversal_trajectory_diagnostics,b,exp1_alignment_transfer,exp1_alignment_transfer:full:2026-08-17T06:28:21.157011+00:00,paper,True,appendix,structural_best_action,structural_best_action,fig_exp1_route_trajectory_data,structural_best_action,4,,,,frozen appendix diagnostic,source table,,,,,fig_exp1_route_trajectory_data.csv,116
exp1_appendix_reversal_trajectory_diagnostics,b,exp1_alignment_transfer,exp1_alignment_transfer:full:2026-08-17T06:28:21.157011+00:00,paper,True,appendix,structural_best_action,structural_best_action,fig_exp1_route_trajectory_data,structural_best_action,4,,,,frozen appendix diagnostic,source table,,,,,fig_exp1_route_trajectory_data.csv,117
exp1_appendix_reversal_trajectory_diagnostics,b,exp1_alignment_transfer,exp1_alignment_transfer:full:2026-08-17T06:28:21.157011+00:00,paper,True,appendix,structural_best_action,structural_best_action,fig_exp1_route_trajectory_data,structural_best_action,4,,,,frozen appendix diagnostic,source table,,,,,fig_exp1_route_trajectory_data.csv,118
exp1_appendix_reversal_trajectory_diagnostics,b,exp1_alignment_transfer,exp1_alignment_transfer:full:2026-08-17T06:28:21.157011+00:00,paper,True,appendix,structural_best_action,structural_best_action,fig_exp1_route_trajectory_data,structural_best_action,4,,,,frozen appendix diagnostic,source table,,,,,fig_exp1_route_trajectory_data.csv,119
exp1_appendix_reversal_trajectory_diagnostics,b,exp1_alignment_transfer,exp1_alignment_transfer:full:2026-08-17T06:28:21.157011+00:00,paper,True,appendix,structural_best_action,structural_best_action,fig_exp1_route_trajectory_data,structural_best_action,4,,,,frozen appendix diagnostic,source table,,,,,fig_exp1_route_trajectory_data.csv,120
exp1_appendix_reversal_trajectory_diagnostics,b,exp1_alignment_transfer,exp1_alignment_transfer:full:2026-08-17T06:28:21.157011+00:00,paper,True,appendix,structural_best_action,structural_best_action,fig_exp1_route_trajectory_data,structural_best_action,4,,,,frozen appendix diagnostic,source table,,,,,fig_exp1_route_trajectory_data.csv,121
exp1_appendix_reversal_trajectory_diagnostics,b,exp1_alignment_transfer,exp1_alignment_transfer:full:2026-08-17T06:28:21.157011+00:00,paper,True,appendix,structural_best_action,structural_best_action,fig_exp1_route_trajectory_data,structural_best_action,4,,,,frozen appendix diagnostic,source table,,,,,fig_exp1_route_trajectory_data.csv,122
exp1_appendix_reversal_trajectory_diagnostics,b,exp1_alignment_transfer,exp1_alignment_transfer:full:2026-08-17T06:28:21.157011+00:00,paper,True,appendix,structural_best_action,structural_best_action,fig_exp1_route_trajectory_data,structural_best_action,4,,,,frozen appendix diagnostic,source table,,,,,fig_exp1_route_trajectory_data.csv,123
exp1_appendix_reversal_trajectory_diagnostics,b,exp1_alignment_transfer,exp1_alignment_transfer:full:2026-08-17T06:28:21.157011+00:00,paper,True,appendix,structural_best_action,structural_best_action,fig_exp1_route_trajectory_data,structural_best_action,4,,,,frozen appendix diagnostic,source table,,,,,fig_exp1_route_trajectory_data.csv,124
exp1_appendix_reversal_trajectory_diagnostics,b,exp1_alignment_transfer,exp1_alignment_transfer:full:2026-08-17T06:28:21.157011+00:00,paper,True,appendix,structural_best_action,structural_best_action,fig_exp1_route_trajectory_data,structural_best_action,4,,,,frozen appendix diagnostic,source table,,,,,fig_exp1_route_trajectory_data.csv,125
exp1_appendix_reversal_trajectory_diagnostics,b,exp1_alignment_transfer,exp1_alignment_transfer:full:2026-08-17T06:28:21.157011+00:00,paper,True,appendix,structural_best_action,structural_best_action,fig_exp1_route_trajectory_data,structural_best_action,4,,,,frozen appendix diagnostic,source table,,,,,fig_exp1_route_trajectory_data.csv,126
exp1_appendix_reversal_trajectory_diagnostics,b,exp1_alignment_transfer,exp1_alignment_transfer:full:2026-08-17T06:28:21.157011+00:00,paper,True,appendix,structural_best_action,structural_best_action,fig_exp1_route_trajectory_data,structural_best_action,4,,,,frozen appendix diagnostic,source table,,,,,fig_exp1_route_trajectory_data.csv,127
exp1_appendix_reversal_trajectory_diagnostics,b,exp1_alignment_transfer,exp1_alignment_transfer:full:2026-08-17T06:28:21.157011+00:00,paper,True,appendix,structural_best_action,structural_best_action,fig_exp1_route_trajectory_data,structural_best_action,4,,,,frozen appendix diagnostic,source table,,,,,fig_exp1_route_trajectory_data.csv,128
exp1_appendix_reversal_trajectory_diagnostics,b,exp1_alignment_transfer,exp1_alignment_transfer:full:2026-08-17T06:28:21.157011+00:00,paper,True,appendix,structural_best_action,structural_best_action,fig_exp1_route_trajectory_data,structural_best_action,4,,,,frozen appendix diagnostic,source table,,,,,fig_exp1_route_trajectory_data.csv,129
exp1_appendix_reversal_trajectory_diagnostics,b,exp1_alignment_transfer,exp1_alignment_transfer:full:2026-08-17T06:28:21.157011+00:00,paper,True,appendix,structural_best_action,structural_best_action,fig_exp1_route_trajectory_data,structural_best_action,4,,,,frozen appendix diagnostic,source table,,,,,fig_exp1_route_trajectory_data.csv,130
exp1_appendix_reversal_trajectory_diagnostics,b,exp1_alignment_transfer,exp1_alignment_transfer:full:2026-08-17T06:28:21.157011+00:00,paper,True,appendix,structural_best_action,structural_best_action,fig_exp1_route_trajectory_data,structural_best_action,4,,,,frozen appendix diagnostic,source table,,,,,fig_exp1_route_trajectory_data.csv,131
exp1_appendix_reversal_trajectory_diagnostics,b,exp1_alignment_transfer,exp1_alignment_transfer:full:2026-08-17T06:28:21.157011+00:00,paper,True,appendix,structural_best_action,structural_best_action,fig_exp1_route_trajectory_data,structural_best_action,4,,,,frozen appendix diagnostic,source table,,,,,fig_exp1_route_trajectory_data.csv,132
exp1_appendix_reversal_trajectory_diagnostics,b,exp1_alignment_transfer,exp1_alignment_transfer:full:2026-08-17T06:28:21.157011+00:00,paper,True,appendix,structural_best_action,structural_best_action,fig_exp1_route_trajectory_data,structural_best_action,4,,,,frozen appendix diagnostic,source table,,,,,fig_exp1_route_trajectory_data.csv,133
exp1_appendix_reversal_trajectory_diagnostics,b,exp1_alignment_transfer,exp1_alignment_transfer:full:2026-08-17T06:28:21.157011+00:00,paper,True,appendix,structural_best_action,structural_best_action,fig_exp1_route_trajectory_data,structural_best_action,4,,,,frozen appendix diagnostic,source table,,,,,fig_exp1_route_trajectory_data.csv,134
exp1_appendix_reversal_trajectory_diagnostics,b,exp1_alignment_transfer,exp1_alignment_transfer:full:2026-08-17T06:28:21.157011+00:00,paper,True,appendix,structural_best_action,structural_best_action,fig_exp1_route_trajectory_data,structural_best_action,4,,,,frozen appendix diagnostic,source table,,,,,fig_exp1_route_trajectory_data.csv,135
exp1_appendix_reversal_trajectory_diagnostics,b,exp1_alignment_transfer,exp1_alignment_transfer:full:2026-08-17T06:28:21.157011+00:00,paper,True,appendix,structural_best_action,structural_best_action,fig_exp1_route_trajectory_data,structural_best_action,4,,,,frozen appendix diagnostic,source table,,,,,fig_exp1_route_trajectory_data.csv,136
exp1_appendix_reversal_trajectory_diagnostics,b,exp1_alignment_transfer,exp1_alignment_transfer:full:2026-08-17T06:28:21.157011+00:00,paper,True,appendix,structural_best_action,structural_best_action,fig_exp1_route_trajectory_data,structural_best_action,4,,,,frozen appendix diagnostic,source table,,,,,fig_exp1_route_trajectory_data.csv,137
exp1_appendix_reversal_trajectory_diagnostics,b,exp1_alignment_transfer,exp1_alignment_transfer:full:2026-08-17T06:28:21.157011+00:00,paper,True,appendix,structural_best_action,structural_best_action,fig_exp1_route_trajectory_data,structural_best_action,4,,,,frozen appendix diagnostic,source table,,,,,fig_exp1_route_trajectory_data.csv,138
exp1_appendix_reversal_trajectory_diagnostics,b,exp1_alignment_transfer,exp1_alignment_transfer:full:2026-08-17T06:28:21.157011+00:00,paper,True,appendix,structural_best_action,structural_best_action,fig_exp1_route_trajectory_data,structural_best_action,4,,,,frozen appendix diagnostic,source table,,,,,fig_exp1_route_trajectory_data.csv,139
exp1_appendix_reversal_trajectory_diagnostics,b,exp1_alignment_transfer,exp1_alignment_transfer:full:2026-08-17T06:28:21.157011+00:00,paper,True,appendix,structural_best_action,structural_best_action,fig_exp1_route_trajectory_data,structural_best_action,4,,,,frozen appendix diagnostic,source table,,,,,fig_exp1_route_trajectory_data.csv,140
exp1_appendix_reversal_trajectory_diagnostics,b,exp1_alignment_transfer,exp1_alignment_transfer:full:2026-08-17T06:28:21.157011+00:00,paper,True,appendix,structural_best_action,structural_best_action,fig_exp1_route_trajectory_data,structural_best_action,4,,,,frozen appendix diagnostic,source table,,,,,fig_exp1_route_trajectory_data.csv,141
exp1_appendix_reversal_trajectory_diagnostics,b,exp1_alignment_transfer,exp1_alignment_transfer:full:2026-08-17T06:28:21.157011+00:00,paper,True,appendix,structural_best_action,structural_best_action,fig_exp1_route_trajectory_data,structural_best_action,4,,,,frozen appendix diagnostic,source table,,,,,fig_exp1_route_trajectory_data.csv,142
exp1_appendix_reversal_trajectory_diagnostics,b,exp1_alignment_transfer,exp1_alignment_transfer:full:2026-08-17T06:28:21.157011+00:00,paper,True,appendix,structural_best_action,structural_best_action,fig_exp1_route_trajectory_data,structural_best_action,4,,,,frozen appendix diagnostic,source table,,,,,fig_exp1_route_trajectory_data.csv,143
exp1_appendix_reversal_trajectory_diagnostics,b,exp1_alignment_transfer,exp1_alignment_transfer:full:2026-08-17T06:28:21.157011+00:00,paper,True,appendix,structural_best_action,structural_best_action,fig_exp1_route_trajectory_data,structural_best_action,4,,,,frozen appendix diagnostic,source table,,,,,fig_exp1_route_trajectory_data.csv,144
exp1_appendix_reversal_trajectory_diagnostics,b,exp1_alignment_transfer,exp1_alignment_transfer:full:2026-08-17T06:28:21.157011+00:00,paper,True,appendix,structural_best_action,structural_best_action,fig_exp1_route_trajectory_data,structural_best_action,4,,,,frozen appendix diagnostic,source table,,,,,fig_exp1_route_trajectory_data.csv,145
exp1_appendix_reversal_trajectory_diagnostics,b,exp1_alignment_transfer,exp1_alignment_transfer:full:2026-08-17T06:28:21.157011+00:00,paper,True,appendix,structural_best_action,structural_best_action,fig_exp1_route_trajectory_data,structural_best_action,4,,,,frozen appendix diagnostic,source table,,,,,fig_exp1_route_trajectory_data.csv,146
exp1_appendix_reversal_trajectory_diagnostics,b,exp1_alignment_transfer,exp1_alignment_transfer:full:2026-08-17T06:28:21.157011+00:00,paper,True,appendix,structural_best_action,structural_best_action,fig_exp1_route_trajectory_data,structural_best_action,4,,,,frozen appendix diagnostic,source table,,,,,fig_exp1_route_trajectory_data.csv,147
exp1_appendix_reversal_trajectory_diagnostics,b,exp1_alignment_transfer,exp1_alignment_transfer:full:2026-08-17T06:28:21.157011+00:00,paper,True,appendix,structural_best_action,structural_best_action,fig_exp1_route_trajectory_data,structural_best_action,4,,,,frozen appendix diagnostic,source table,,,,,fig_exp1_route_trajectory_data.csv,148
exp1_appendix_reversal_trajectory_diagnostics,b,exp1_alignment_transfer,exp1_alignment_transfer:full:2026-08-17T06:28:21.157011+00:00,paper,True,appendix,structural_best_action,structural_best_action,fig_exp1_route_trajectory_data,structural_best_action,4,,,,frozen appendix diagnostic,source table,,,,,fig_exp1_route_trajectory_data.csv,149
exp1_appendix_reversal_trajectory_diagnostics,b,exp1_alignment_transfer,exp1_alignment_transfer:full:2026-08-17T06:28:21.157011+00:00,paper,True,appendix,structural_best_action,structural_best_action,fig_exp1_route_trajectory_data,structural_best_action,7,,,,frozen appendix diagnostic,source table,,,,,fig_exp1_route_trajectory_data.csv,150
exp1_appendix_reversal_trajectory_diagnostics,b,exp1_alignment_transfer,exp1_alignment_transfer:full:2026-08-17T06:28:21.157011+00:00,paper,True,appendix,structural_best_action,structural_best_action,fig_exp1_route_trajectory_data,structural_best_action,7,,,,frozen appendix diagnostic,source table,,,,,fig_exp1_route_trajectory_data.csv,151
exp1_appendix_reversal_trajectory_diagnostics,b,exp1_alignment_transfer,exp1_alignment_transfer:full:2026-08-17T06:28:21.157011+00:00,paper,True,appendix,structural_best_action,structural_best_action,fig_exp1_route_trajectory_data,structural_best_action,7,,,,frozen appendix diagnostic,source table,,,,,fig_exp1_route_trajectory_data.csv,152
exp1_appendix_reversal_trajectory_diagnostics,b,exp1_alignment_transfer,exp1_alignment_transfer:full:2026-08-17T06:28:21.157011+00:00,paper,True,appendix,structural_best_action,structural_best_action,fig_exp1_route_trajectory_data,structural_best_action,7,,,,frozen appendix diagnostic,source table,,,,,fig_exp1_route_trajectory_data.csv,153
exp1_appendix_reversal_trajectory_diagnostics,b,exp1_alignment_transfer,exp1_alignment_transfer:full:2026-08-17T06:28:21.157011+00:00,paper,True,appendix,structural_best_action,structural_best_action,fig_exp1_route_trajectory_data,structural_best_action,7,,,,frozen appendix diagnostic,source table,,,,,fig_exp1_route_trajectory_data.csv,154
exp1_appendix_reversal_trajectory_diagnostics,b,exp1_alignment_transfer,exp1_alignment_transfer:full:2026-08-17T06:28:21.157011+00:00,paper,True,appendix,structural_best_action,structural_best_action,fig_exp1_route_trajectory_data,structural_best_action,7,,,,frozen appendix diagnostic,source table,,,,,fig_exp1_route_trajectory_data.csv,155
exp1_appendix_reversal_trajectory_diagnostics,b,exp1_alignment_transfer,exp1_alignment_transfer:full:2026-08-17T06:28:21.157011+00:00,paper,True,appendix,structural_best_action,structural_best_action,fig_exp1_route_trajectory_data,structural_best_action,7,,,,frozen appendix diagnostic,source table,,,,,fig_exp1_route_trajectory_data.csv,156
exp1_appendix_reversal_trajectory_diagnostics,b,exp1_alignment_transfer,exp1_alignment_transfer:full:2026-08-17T06:28:21.157011+00:00,paper,True,appendix,structural_best_action,structural_best_action,fig_exp1_route_trajectory_data,structural_best_action,7,,,,frozen appendix diagnostic,source table,,,,,fig_exp1_route_trajectory_data.csv,157
exp1_appendix_reversal_trajectory_diagnostics,b,exp1_alignment_transfer,exp1_alignment_transfer:full:2026-08-17T06:28:21.157011+00:00,paper,True,appendix,structural_best_action,structural_best_action,fig_exp1_route_trajectory_data,structural_best_action,7,,,,frozen appendix diagnostic,source table,,,,,fig_exp1_route_trajectory_data.csv,158
exp1_appendix_reversal_trajectory_diagnostics,b,exp1_alignment_transfer,exp1_alignment_transfer:full:2026-08-17T06:28:21.157011+00:00,paper,True,appendix,structural_best_action,structural_best_action,fig_exp1_route_trajectory_data,structural_best_action,2,,,,frozen appendix diagnostic,source table,,,,,fig_exp1_route_trajectory_data.csv,159
exp1_appendix_reversal_trajectory_diagnostics,b,exp1_alignment_transfer,exp1_alignment_transfer:full:2026-08-17T06:28:21.157011+00:00,paper,True,appendix,structural_best_action,structural_best_action,fig_exp1_route_trajectory_data,structural_best_action,2,,,,frozen appendix diagnostic,source table,,,,,fig_exp1_route_trajectory_data.csv,160
exp1_appendix_reversal_trajectory_diagnostics,b,exp1_alignment_transfer,exp1_alignment_transfer:full:2026-08-17T06:28:21.157011+00:00,paper,True,appendix,structural_best_action,structural_best_action,fig_exp1_route_trajectory_data,structural_best_action,2,,,,frozen appendix diagnostic,source table,,,,,fig_exp1_route_trajectory_data.csv,161
exp1_appendix_reversal_trajectory_diagnostics,b,exp1_alignment_transfer,exp1_alignment_transfer:full:2026-08-17T06:28:21.157011+00:00,paper,True,appendix,structural_best_action,structural_best_action,fig_exp1_route_trajectory_data,structural_best_action,2,,,,frozen appendix diagnostic,source table,,,,,fig_exp1_route_trajectory_data.csv,162
exp1_appendix_reversal_trajectory_diagnostics,b,exp1_alignment_transfer,exp1_alignment_transfer:full:2026-08-17T06:28:21.157011+00:00,paper,True,appendix,structural_best_action,structural_best_action,fig_exp1_route_trajectory_data,structural_best_action,2,,,,frozen appendix diagnostic,source table,,,,,fig_exp1_route_trajectory_data.csv,163
exp1_appendix_reversal_trajectory_diagnostics,b,exp1_alignment_transfer,exp1_alignment_transfer:full:2026-08-17T06:28:21.157011+00:00,paper,True,appendix,structural_best_action,structural_best_action,fig_exp1_route_trajectory_data,structural_best_action,2,,,,frozen appendix diagnostic,source table,,,,,fig_exp1_route_trajectory_data.csv,164
exp1_appendix_reversal_trajectory_diagnostics,b,exp1_alignment_transfer,exp1_alignment_transfer:full:2026-08-17T06:28:21.157011+00:00,paper,True,appendix,structural_best_action,structural_best_action,fig_exp1_route_trajectory_data,structural_best_action,2,,,,frozen appendix diagnostic,source table,,,,,fig_exp1_route_trajectory_data.csv,165
exp1_appendix_reversal_trajectory_diagnostics,b,exp1_alignment_transfer,exp1_alignment_transfer:full:2026-08-17T06:28:21.157011+00:00,paper,True,appendix,structural_best_action,structural_best_action,fig_exp1_route_trajectory_data,structural_best_action,2,,,,frozen appendix diagnostic,source table,,,,,fig_exp1_route_trajectory_data.csv,166
exp1_appendix_reversal_trajectory_diagnostics,b,exp1_alignment_transfer,exp1_alignment_transfer:full:2026-08-17T06:28:21.157011+00:00,paper,True,appendix,structural_best_action,structural_best_action,fig_exp1_route_trajectory_data,structural_best_action,2,,,,frozen appendix diagnostic,source table,,,,,fig_exp1_route_trajectory_data.csv,167
exp1_appendix_reversal_trajectory_diagnostics,b,exp1_alignment_transfer,exp1_alignment_transfer:full:2026-08-17T06:28:21.157011+00:00,paper,True,appendix,structural_best_action,structural_best_action,fig_exp1_route_trajectory_data,structural_best_action,2,,,,frozen appendix diagnostic,source table,,,,,fig_exp1_route_trajectory_data.csv,168
exp1_appendix_reversal_trajectory_diagnostics,b,exp1_alignment_transfer,exp1_alignment_transfer:full:2026-08-17T06:28:21.157011+00:00,paper,True,appendix,structural_best_action,structural_best_action,fig_exp1_route_trajectory_data,structural_best_action,2,,,,frozen appendix diagnostic,source table,,,,,fig_exp1_route_trajectory_data.csv,169
exp1_appendix_reversal_trajectory_diagnostics,b,exp1_alignment_transfer,exp1_alignment_transfer:full:2026-08-17T06:28:21.157011+00:00,paper,True,appendix,structural_best_action,structural_best_action,fig_exp1_route_trajectory_data,structural_best_action,2,,,,frozen appendix diagnostic,source table,,,,,fig_exp1_route_trajectory_data.csv,170
exp1_appendix_reversal_trajectory_diagnostics,b,exp1_alignment_transfer,exp1_alignment_transfer:full:2026-08-17T06:28:21.157011+00:00,paper,True,appendix,structural_best_action,structural_best_action,fig_exp1_route_trajectory_data,structural_best_action,2,,,,frozen appendix diagnostic,source table,,,,,fig_exp1_route_trajectory_data.csv,171
exp1_appendix_reversal_trajectory_diagnostics,b,exp1_alignment_transfer,exp1_alignment_transfer:full:2026-08-17T06:28:21.157011+00:00,paper,True,appendix,structural_best_action,structural_best_action,fig_exp1_route_trajectory_data,structural_best_action,2,,,,frozen appendix diagnostic,source table,,,,,fig_exp1_route_trajectory_data.csv,172
exp1_appendix_reversal_trajectory_diagnostics,b,exp1_alignment_transfer,exp1_alignment_transfer:full:2026-08-17T06:28:21.157011+00:00,paper,True,appendix,structural_best_action,structural_best_action,fig_exp1_route_trajectory_data,structural_best_action,2,,,,frozen appendix diagnostic,source table,,,,,fig_exp1_route_trajectory_data.csv,173
exp1_appendix_reversal_trajectory_diagnostics,b,exp1_alignment_transfer,exp1_alignment_transfer:full:2026-08-17T06:28:21.157011+00:00,paper,True,appendix,structural_best_action,structural_best_action,fig_exp1_route_trajectory_data,structural_best_action,2,,,,frozen appendix diagnostic,source table,,,,,fig_exp1_route_trajectory_data.csv,174
exp1_appendix_reversal_trajectory_diagnostics,b,exp1_alignment_transfer,exp1_alignment_transfer:full:2026-08-17T06:28:21.157011+00:00,paper,True,appendix,structural_best_action,structural_best_action,fig_exp1_route_trajectory_data,structural_best_action,2,,,,frozen appendix diagnostic,source table,,,,,fig_exp1_route_trajectory_data.csv,175
exp1_appendix_reversal_trajectory_diagnostics,b,exp1_alignment_transfer,exp1_alignment_transfer:full:2026-08-17T06:28:21.157011+00:00,paper,True,appendix,structural_best_action,structural_best_action,fig_exp1_route_trajectory_data,structural_best_action,2,,,,frozen appendix diagnostic,source table,,,,,fig_exp1_route_trajectory_data.csv,176
exp1_appendix_reversal_trajectory_diagnostics,b,exp1_alignment_transfer,exp1_alignment_transfer:full:2026-08-17T06:28:21.157011+00:00,paper,True,appendix,structural_best_action,structural_best_action,fig_exp1_route_trajectory_data,structural_best_action,2,,,,frozen appendix diagnostic,source table,,,,,fig_exp1_route_trajectory_data.csv,177
exp1_appendix_reversal_trajectory_diagnostics,b,exp1_alignment_transfer,exp1_alignment_transfer:full:2026-08-17T06:28:21.157011+00:00,paper,True,appendix,structural_best_action,structural_best_action,fig_exp1_route_trajectory_data,structural_best_action,2,,,,frozen appendix diagnostic,source table,,,,,fig_exp1_route_trajectory_data.csv,178
exp1_appendix_reversal_trajectory_diagnostics,b,exp1_alignment_transfer,exp1_alignment_transfer:full:2026-08-17T06:28:21.157011+00:00,paper,True,appendix,structural_best_action,structural_best_action,fig_exp1_route_trajectory_data,structural_best_action,2,,,,frozen appendix diagnostic,source table,,,,,fig_exp1_route_trajectory_data.csv,179
exp1_appendix_reversal_trajectory_diagnostics,b,exp1_alignment_transfer,exp1_alignment_transfer:full:2026-08-17T06:28:21.157011+00:00,paper,True,appendix,structural_best_action,structural_best_action,fig_exp1_route_trajectory_data,structural_best_action,2,,,,frozen appendix diagnostic,source table,,,,,fig_exp1_route_trajectory_data.csv,180
exp1_appendix_reversal_trajectory_diagnostics,b,exp1_alignment_transfer,exp1_alignment_transfer:full:2026-08-17T06:28:21.157011+00:00,paper,True,appendix,structural_best_action,structural_best_action,fig_exp1_route_trajectory_data,structural_best_action,2,,,,frozen appendix diagnostic,source table,,,,,fig_exp1_route_trajectory_data.csv,181
exp1_appendix_reversal_trajectory_diagnostics,b,exp1_alignment_transfer,exp1_alignment_transfer:full:2026-08-17T06:28:21.157011+00:00,paper,True,appendix,structural_best_action,structural_best_action,fig_exp1_route_trajectory_data,structural_best_action,2,,,,frozen appendix diagnostic,source table,,,,,fig_exp1_route_trajectory_data.csv,182
exp1_appendix_reversal_trajectory_diagnostics,b,exp1_alignment_transfer,exp1_alignment_transfer:full:2026-08-17T06:28:21.157011+00:00,paper,True,appendix,structural_best_action,structural_best_action,fig_exp1_route_trajectory_data,structural_best_action,2,,,,frozen appendix diagnostic,source table,,,,,fig_exp1_route_trajectory_data.csv,183
exp1_appendix_reversal_trajectory_diagnostics,b,exp1_alignment_transfer,exp1_alignment_transfer:full:2026-08-17T06:28:21.157011+00:00,paper,True,appendix,structural_best_action,structural_best_action,fig_exp1_route_trajectory_data,structural_best_action,2,,,,frozen appendix diagnostic,source table,,,,,fig_exp1_route_trajectory_data.csv,184
exp1_appendix_reversal_trajectory_diagnostics,b,exp1_alignment_transfer,exp1_alignment_transfer:full:2026-08-17T06:28:21.157011+00:00,paper,True,appendix,structural_best_action,structural_best_action,fig_exp1_route_trajectory_data,structural_best_action,2,,,,frozen appendix diagnostic,source table,,,,,fig_exp1_route_trajectory_data.csv,185
exp1_appendix_reversal_trajectory_diagnostics,b,exp1_alignment_transfer,exp1_alignment_transfer:full:2026-08-17T06:28:21.157011+00:00,paper,True,appendix,structural_best_action,structural_best_action,fig_exp1_route_trajectory_data,structural_best_action,2,,,,frozen appendix diagnostic,source table,,,,,fig_exp1_route_trajectory_data.csv,186
exp1_appendix_reversal_trajectory_diagnostics,b,exp1_alignment_transfer,exp1_alignment_transfer:full:2026-08-17T06:28:21.157011+00:00,paper,True,appendix,structural_best_action,structural_best_action,fig_exp1_route_trajectory_data,structural_best_action,2,,,,frozen appendix diagnostic,source table,,,,,fig_exp1_route_trajectory_data.csv,187
exp1_appendix_reversal_trajectory_diagnostics,b,exp1_alignment_transfer,exp1_alignment_transfer:full:2026-08-17T06:28:21.157011+00:00,paper,True,appendix,structural_best_action,structural_best_action,fig_exp1_route_trajectory_data,structural_best_action,2,,,,frozen appendix diagnostic,source table,,,,,fig_exp1_route_trajectory_data.csv,188
exp1_appendix_reversal_trajectory_diagnostics,b,exp1_alignment_transfer,exp1_alignment_transfer:full:2026-08-17T06:28:21.157011+00:00,paper,True,appendix,structural_best_action,structural_best_action,fig_exp1_route_trajectory_data,structural_best_action,7,,,,frozen appendix diagnostic,source table,,,,,fig_exp1_route_trajectory_data.csv,189
exp1_appendix_reversal_trajectory_diagnostics,b,exp1_alignment_transfer,exp1_alignment_transfer:full:2026-08-17T06:28:21.157011+00:00,paper,True,appendix,structural_best_action,structural_best_action,fig_exp1_route_trajectory_data,structural_best_action,7,,,,frozen appendix diagnostic,source table,,,,,fig_exp1_route_trajectory_data.csv,190
exp1_appendix_reversal_trajectory_diagnostics,b,exp1_alignment_transfer,exp1_alignment_transfer:full:2026-08-17T06:28:21.157011+00:00,paper,True,appendix,structural_best_action,structural_best_action,fig_exp1_route_trajectory_data,structural_best_action,7,,,,frozen appendix diagnostic,source table,,,,,fig_exp1_route_trajectory_data.csv,191
exp1_appendix_reversal_trajectory_diagnostics,b,exp1_alignment_transfer,exp1_alignment_transfer:full:2026-08-17T06:28:21.157011+00:00,paper,True,appendix,structural_best_action,structural_best_action,fig_exp1_route_trajectory_data,structural_best_action,7,,,,frozen appendix diagnostic,source table,,,,,fig_exp1_route_trajectory_data.csv,192
exp1_appendix_reversal_trajectory_diagnostics,b,exp1_alignment_transfer,exp1_alignment_transfer:full:2026-08-17T06:28:21.157011+00:00,paper,True,appendix,structural_best_action,structural_best_action,fig_exp1_route_trajectory_data,structural_best_action,7,,,,frozen appendix diagnostic,source table,,,,,fig_exp1_route_trajectory_data.csv,193
exp1_appendix_reversal_trajectory_diagnostics,b,exp1_alignment_transfer,exp1_alignment_transfer:full:2026-08-17T06:28:21.157011+00:00,paper,True,appendix,structural_best_action,structural_best_action,fig_exp1_route_trajectory_data,structural_best_action,7,,,,frozen appendix diagnostic,source table,,,,,fig_exp1_route_trajectory_data.csv,194
exp1_appendix_reversal_trajectory_diagnostics,b,exp1_alignment_transfer,exp1_alignment_transfer:full:2026-08-17T06:28:21.157011+00:00,paper,True,appendix,structural_best_action,structural_best_action,fig_exp1_route_trajectory_data,structural_best_action,7,,,,frozen appendix diagnostic,source table,,,,,fig_exp1_route_trajectory_data.csv,195
exp1_appendix_reversal_trajectory_diagnostics,b,exp1_alignment_transfer,exp1_alignment_transfer:full:2026-08-17T06:28:21.157011+00:00,paper,True,appendix,structural_best_action,structural_best_action,fig_exp1_route_trajectory_data,structural_best_action,7,,,,frozen appendix diagnostic,source table,,,,,fig_exp1_route_trajectory_data.csv,196
exp1_appendix_reversal_trajectory_diagnostics,b,exp1_alignment_transfer,exp1_alignment_transfer:full:2026-08-17T06:28:21.157011+00:00,paper,True,appendix,structural_best_action,structural_best_action,fig_exp1_route_trajectory_data,structural_best_action,7,,,,frozen appendix diagnostic,source table,,,,,fig_exp1_route_trajectory_data.csv,197
exp1_appendix_reversal_trajectory_diagnostics,b,exp1_alignment_transfer,exp1_alignment_transfer:full:2026-08-17T06:28:21.157011+00:00,paper,True,appendix,structural_best_action,structural_best_action,fig_exp1_route_trajectory_data,structural_best_action,7,,,,frozen appendix diagnostic,source table,,,,,fig_exp1_route_trajectory_data.csv,198
exp1_appendix_reversal_trajectory_diagnostics,b,exp1_alignment_transfer,exp1_alignment_transfer:full:2026-08-17T06:28:21.157011+00:00,paper,True,appendix,structural_best_action,structural_best_action,fig_exp1_route_trajectory_data,structural_best_action,7,,,,frozen appendix diagnostic,source table,,,,,fig_exp1_route_trajectory_data.csv,199
exp1_appendix_reversal_trajectory_diagnostics,b,exp1_alignment_transfer,exp1_alignment_transfer:full:2026-08-17T06:28:21.157011+00:00,paper,True,appendix,structural_best_action,structural_best_action,fig_exp1_route_trajectory_data,structural_best_action,7,,,,frozen appendix diagnostic,source table,,,,,fig_exp1_route_trajectory_data.csv,200
exp1_appendix_reversal_trajectory_diagnostics,b,exp1_alignment_transfer,exp1_alignment_transfer:full:2026-08-17T06:28:21.157011+00:00,paper,True,appendix,structural_best_action,structural_best_action,fig_exp1_route_trajectory_data,structural_best_action,7,,,,frozen appendix diagnostic,source table,,,,,fig_exp1_route_trajectory_data.csv,201
exp1_appendix_reversal_trajectory_diagnostics,b,exp1_alignment_transfer,exp1_alignment_transfer:full:2026-08-17T06:28:21.157011+00:00,paper,True,appendix,structural_best_action,structural_best_action,fig_exp1_route_trajectory_data,structural_best_action,7,,,,frozen appendix diagnostic,source table,,,,,fig_exp1_route_trajectory_data.csv,202
exp1_appendix_reversal_trajectory_diagnostics,b,exp1_alignment_transfer,exp1_alignment_transfer:full:2026-08-17T06:28:21.157011+00:00,paper,True,appendix,structural_best_action,structural_best_action,fig_exp1_route_trajectory_data,structural_best_action,7,,,,frozen appendix diagnostic,source table,,,,,fig_exp1_route_trajectory_data.csv,203
exp1_appendix_reversal_trajectory_diagnostics,b,exp1_alignment_transfer,exp1_alignment_transfer:full:2026-08-17T06:28:21.157011+00:00,paper,True,appendix,structural_best_action,structural_best_action,fig_exp1_route_trajectory_data,structural_best_action,7,,,,frozen appendix diagnostic,source table,,,,,fig_exp1_route_trajectory_data.csv,204
exp1_appendix_reversal_trajectory_diagnostics,b,exp1_alignment_transfer,exp1_alignment_transfer:full:2026-08-17T06:28:21.157011+00:00,paper,True,appendix,structural_best_action,structural_best_action,fig_exp1_route_trajectory_data,structural_best_action,7,,,,frozen appendix diagnostic,source table,,,,,fig_exp1_route_trajectory_data.csv,205
exp1_appendix_reversal_trajectory_diagnostics,b,exp1_alignment_transfer,exp1_alignment_transfer:full:2026-08-17T06:28:21.157011+00:00,paper,True,appendix,structural_best_action,structural_best_action,fig_exp1_route_trajectory_data,structural_best_action,7,,,,frozen appendix diagnostic,source table,,,,,fig_exp1_route_trajectory_data.csv,206
exp1_appendix_reversal_trajectory_diagnostics,b,exp1_alignment_transfer,exp1_alignment_transfer:full:2026-08-17T06:28:21.157011+00:00,paper,True,appendix,structural_best_action,structural_best_action,fig_exp1_route_trajectory_data,structural_best_action,7,,,,frozen appendix diagnostic,source table,,,,,fig_exp1_route_trajectory_data.csv,207
exp1_appendix_reversal_trajectory_diagnostics,b,exp1_alignment_transfer,exp1_alignment_transfer:full:2026-08-17T06:28:21.157011+00:00,paper,True,appendix,structural_best_action,structural_best_action,fig_exp1_route_trajectory_data,structural_best_action,7,,,,frozen appendix diagnostic,source table,,,,,fig_exp1_route_trajectory_data.csv,208
exp1_appendix_reversal_trajectory_diagnostics,b,exp1_alignment_transfer,exp1_alignment_transfer:full:2026-08-17T06:28:21.157011+00:00,paper,True,appendix,structural_best_action,structural_best_action,fig_exp1_route_trajectory_data,structural_best_action,7,,,,frozen appendix diagnostic,source table,,,,,fig_exp1_route_trajectory_data.csv,209
exp1_appendix_reversal_trajectory_diagnostics,b,exp1_alignment_transfer,exp1_alignment_transfer:full:2026-08-17T06:28:21.157011+00:00,paper,True,appendix,structural_best_action,structural_best_action,fig_exp1_route_trajectory_data,structural_best_action,7,,,,frozen appendix diagnostic,source table,,,,,fig_exp1_route_trajectory_data.csv,210
exp1_appendix_reversal_trajectory_diagnostics,b,exp1_alignment_transfer,exp1_alignment_transfer:full:2026-08-17T06:28:21.157011+00:00,paper,True,appendix,structural_best_action,structural_best_action,fig_exp1_route_trajectory_data,structural_best_action,7,,,,frozen appendix diagnostic,source table,,,,,fig_exp1_route_trajectory_data.csv,211
exp1_appendix_reversal_trajectory_diagnostics,b,exp1_alignment_transfer,exp1_alignment_transfer:full:2026-08-17T06:28:21.157011+00:00,paper,True,appendix,structural_best_action,structural_best_action,fig_exp1_route_trajectory_data,structural_best_action,7,,,,frozen appendix diagnostic,source table,,,,,fig_exp1_route_trajectory_data.csv,212
exp1_appendix_reversal_trajectory_diagnostics,b,exp1_alignment_transfer,exp1_alignment_transfer:full:2026-08-17T06:28:21.157011+00:00,paper,True,appendix,structural_best_action,structural_best_action,fig_exp1_route_trajectory_data,structural_best_action,7,,,,frozen appendix diagnostic,source table,,,,,fig_exp1_route_trajectory_data.csv,213
exp1_appendix_reversal_trajectory_diagnostics,b,exp1_alignment_transfer,exp1_alignment_transfer:full:2026-08-17T06:28:21.157011+00:00,paper,True,appendix,structural_best_action,structural_best_action,fig_exp1_route_trajectory_data,structural_best_action,7,,,,frozen appendix diagnostic,source table,,,,,fig_exp1_route_trajectory_data.csv,214
exp1_appendix_reversal_trajectory_diagnostics,b,exp1_alignment_transfer,exp1_alignment_transfer:full:2026-08-17T06:28:21.157011+00:00,paper,True,appendix,structural_best_action,structural_best_action,fig_exp1_route_trajectory_data,structural_best_action,7,,,,frozen appendix diagnostic,source table,,,,,fig_exp1_route_trajectory_data.csv,215
exp1_appendix_reversal_trajectory_diagnostics,b,exp1_alignment_transfer,exp1_alignment_transfer:full:2026-08-17T06:28:21.157011+00:00,paper,True,appendix,structural_best_action,structural_best_action,fig_exp1_route_trajectory_data,structural_best_action,7,,,,frozen appendix diagnostic,source table,,,,,fig_exp1_route_trajectory_data.csv,216
exp1_appendix_reversal_trajectory_diagnostics,b,exp1_alignment_transfer,exp1_alignment_transfer:full:2026-08-17T06:28:21.157011+00:00,paper,True,appendix,structural_best_action,structural_best_action,fig_exp1_route_trajectory_data,structural_best_action,7,,,,frozen appendix diagnostic,source table,,,,,fig_exp1_route_trajectory_data.csv,217
exp1_appendix_reversal_trajectory_diagnostics,b,exp1_alignment_transfer,exp1_alignment_transfer:full:2026-08-17T06:28:21.157011+00:00,paper,True,appendix,structural_best_action,structural_best_action,fig_exp1_route_trajectory_data,structural_best_action,7,,,,frozen appendix diagnostic,source table,,,,,fig_exp1_route_trajectory_data.csv,218
exp1_appendix_reversal_trajectory_diagnostics,b,exp1_alignment_transfer,exp1_alignment_transfer:full:2026-08-17T06:28:21.157011+00:00,paper,True,appendix,structural_best_action,structural_best_action,fig_exp1_route_trajectory_data,structural_best_action,2,,,,frozen appendix diagnostic,source table,,,,,fig_exp1_route_trajectory_data.csv,219
exp1_appendix_reversal_trajectory_diagnostics,b,exp1_alignment_transfer,exp1_alignment_transfer:full:2026-08-17T06:28:21.157011+00:00,paper,True,appendix,structural_best_action,structural_best_action,fig_exp1_route_trajectory_data,structural_best_action,2,,,,frozen appendix diagnostic,source table,,,,,fig_exp1_route_trajectory_data.csv,220
exp1_appendix_reversal_trajectory_diagnostics,b,exp1_alignment_transfer,exp1_alignment_transfer:full:2026-08-17T06:28:21.157011+00:00,paper,True,appendix,structural_best_action,structural_best_action,fig_exp1_route_trajectory_data,structural_best_action,2,,,,frozen appendix diagnostic,source table,,,,,fig_exp1_route_trajectory_data.csv,221
exp1_appendix_reversal_trajectory_diagnostics,b,exp1_alignment_transfer,exp1_alignment_transfer:full:2026-08-17T06:28:21.157011+00:00,paper,True,appendix,structural_best_action,structural_best_action,fig_exp1_route_trajectory_data,structural_best_action,2,,,,frozen appendix diagnostic,source table,,,,,fig_exp1_route_trajectory_data.csv,222
exp1_appendix_reversal_trajectory_diagnostics,b,exp1_alignment_transfer,exp1_alignment_transfer:full:2026-08-17T06:28:21.157011+00:00,paper,True,appendix,structural_best_action,structural_best_action,fig_exp1_route_trajectory_data,structural_best_action,2,,,,frozen appendix diagnostic,source table,,,,,fig_exp1_route_trajectory_data.csv,223
exp1_appendix_reversal_trajectory_diagnostics,b,exp1_alignment_transfer,exp1_alignment_transfer:full:2026-08-17T06:28:21.157011+00:00,paper,True,appendix,structural_best_action,structural_best_action,fig_exp1_route_trajectory_data,structural_best_action,2,,,,frozen appendix diagnostic,source table,,,,,fig_exp1_route_trajectory_data.csv,224
exp1_appendix_reversal_trajectory_diagnostics,b,exp1_alignment_transfer,exp1_alignment_transfer:full:2026-08-17T06:28:21.157011+00:00,paper,True,appendix,structural_best_action,structural_best_action,fig_exp1_route_trajectory_data,structural_best_action,2,,,,frozen appendix diagnostic,source table,,,,,fig_exp1_route_trajectory_data.csv,225
exp1_appendix_reversal_trajectory_diagnostics,b,exp1_alignment_transfer,exp1_alignment_transfer:full:2026-08-17T06:28:21.157011+00:00,paper,True,appendix,structural_best_action,structural_best_action,fig_exp1_route_trajectory_data,structural_best_action,2,,,,frozen appendix diagnostic,source table,,,,,fig_exp1_route_trajectory_data.csv,226
exp1_appendix_reversal_trajectory_diagnostics,b,exp1_alignment_transfer,exp1_alignment_transfer:full:2026-08-17T06:28:21.157011+00:00,paper,True,appendix,structural_best_action,structural_best_action,fig_exp1_route_trajectory_data,structural_best_action,2,,,,frozen appendix diagnostic,source table,,,,,fig_exp1_route_trajectory_data.csv,227
exp1_appendix_reversal_trajectory_diagnostics,b,exp1_alignment_transfer,exp1_alignment_transfer:full:2026-08-17T06:28:21.157011+00:00,paper,True,appendix,structural_best_action,structural_best_action,fig_exp1_route_trajectory_data,structural_best_action,2,,,,frozen appendix diagnostic,source table,,,,,fig_exp1_route_trajectory_data.csv,228
exp1_appendix_reversal_trajectory_diagnostics,b,exp1_alignment_transfer,exp1_alignment_transfer:full:2026-08-17T06:28:21.157011+00:00,paper,True,appendix,structural_best_action,structural_best_action,fig_exp1_route_trajectory_data,structural_best_action,2,,,,frozen appendix diagnostic,source table,,,,,fig_exp1_route_trajectory_data.csv,229
exp1_appendix_reversal_trajectory_diagnostics,b,exp1_alignment_transfer,exp1_alignment_transfer:full:2026-08-17T06:28:21.157011+00:00,paper,True,appendix,structural_best_action,structural_best_action,fig_exp1_route_trajectory_data,structural_best_action,2,,,,frozen appendix diagnostic,source table,,,,,fig_exp1_route_trajectory_data.csv,230
exp1_appendix_reversal_trajectory_diagnostics,b,exp1_alignment_transfer,exp1_alignment_transfer:full:2026-08-17T06:28:21.157011+00:00,paper,True,appendix,structural_best_action,structural_best_action,fig_exp1_route_trajectory_data,structural_best_action,2,,,,frozen appendix diagnostic,source table,,,,,fig_exp1_route_trajectory_data.csv,231
exp1_appendix_reversal_trajectory_diagnostics,b,exp1_alignment_transfer,exp1_alignment_transfer:full:2026-08-17T06:28:21.157011+00:00,paper,True,appendix,structural_best_action,structural_best_action,fig_exp1_route_trajectory_data,structural_best_action,2,,,,frozen appendix diagnostic,source table,,,,,fig_exp1_route_trajectory_data.csv,232
exp1_appendix_reversal_trajectory_diagnostics,b,exp1_alignment_transfer,exp1_alignment_transfer:full:2026-08-17T06:28:21.157011+00:00,paper,True,appendix,structural_best_action,structural_best_action,fig_exp1_route_trajectory_data,structural_best_action,2,,,,frozen appendix diagnostic,source table,,,,,fig_exp1_route_trajectory_data.csv,233
exp1_appendix_reversal_trajectory_diagnostics,b,exp1_alignment_transfer,exp1_alignment_transfer:full:2026-08-17T06:28:21.157011+00:00,paper,True,appendix,structural_best_action,structural_best_action,fig_exp1_route_trajectory_data,structural_best_action,2,,,,frozen appendix diagnostic,source table,,,,,fig_exp1_route_trajectory_data.csv,234
exp1_appendix_reversal_trajectory_diagnostics,b,exp1_alignment_transfer,exp1_alignment_transfer:full:2026-08-17T06:28:21.157011+00:00,paper,True,appendix,structural_best_action,structural_best_action,fig_exp1_route_trajectory_data,structural_best_action,2,,,,frozen appendix diagnostic,source table,,,,,fig_exp1_route_trajectory_data.csv,235
exp1_appendix_reversal_trajectory_diagnostics,b,exp1_alignment_transfer,exp1_alignment_transfer:full:2026-08-17T06:28:21.157011+00:00,paper,True,appendix,structural_best_action,structural_best_action,fig_exp1_route_trajectory_data,structural_best_action,2,,,,frozen appendix diagnostic,source table,,,,,fig_exp1_route_trajectory_data.csv,236
exp1_appendix_reversal_trajectory_diagnostics,b,exp1_alignment_transfer,exp1_alignment_transfer:full:2026-08-17T06:28:21.157011+00:00,paper,True,appendix,structural_best_action,structural_best_action,fig_exp1_route_trajectory_data,structural_best_action,2,,,,frozen appendix diagnostic,source table,,,,,fig_exp1_route_trajectory_data.csv,237
exp1_appendix_reversal_trajectory_diagnostics,b,exp1_alignment_transfer,exp1_alignment_transfer:full:2026-08-17T06:28:21.157011+00:00,paper,True,appendix,structural_best_action,structural_best_action,fig_exp1_route_trajectory_data,structural_best_action,2,,,,frozen appendix diagnostic,source table,,,,,fig_exp1_route_trajectory_data.csv,238
exp1_appendix_reversal_trajectory_diagnostics,b,exp1_alignment_transfer,exp1_alignment_transfer:full:2026-08-17T06:28:21.157011+00:00,paper,True,appendix,structural_best_action,structural_best_action,fig_exp1_route_trajectory_data,structural_best_action,2,,,,frozen appendix diagnostic,source table,,,,,fig_exp1_route_trajectory_data.csv,239
exp1_appendix_reversal_trajectory_diagnostics,b,exp1_alignment_transfer,exp1_alignment_transfer:full:2026-08-17T06:28:21.157011+00:00,paper,True,appendix,structural_best_action,structural_best_action,fig_exp1_route_trajectory_data,structural_best_action,2,,,,frozen appendix diagnostic,source table,,,,,fig_exp1_route_trajectory_data.csv,240
exp1_appendix_reversal_trajectory_diagnostics,b,exp1_alignment_transfer,exp1_alignment_transfer:full:2026-08-17T06:28:21.157011+00:00,paper,True,appendix,structural_best_action,structural_best_action,fig_exp1_route_trajectory_data,structural_best_action,2,,,,frozen appendix diagnostic,source table,,,,,fig_exp1_route_trajectory_data.csv,241
exp1_appendix_reversal_trajectory_diagnostics,b,exp1_alignment_transfer,exp1_alignment_transfer:full:2026-08-17T06:28:21.157011+00:00,paper,True,appendix,structural_best_action,structural_best_action,fig_exp1_route_trajectory_data,structural_best_action,2,,,,frozen appendix diagnostic,source table,,,,,fig_exp1_route_trajectory_data.csv,242
exp1_appendix_reversal_trajectory_diagnostics,b,exp1_alignment_transfer,exp1_alignment_transfer:full:2026-08-17T06:28:21.157011+00:00,paper,True,appendix,structural_best_action,structural_best_action,fig_exp1_route_trajectory_data,structural_best_action,2,,,,frozen appendix diagnostic,source table,,,,,fig_exp1_route_trajectory_data.csv,243
exp1_appendix_reversal_trajectory_diagnostics,b,exp1_alignment_transfer,exp1_alignment_transfer:full:2026-08-17T06:28:21.157011+00:00,paper,True,appendix,structural_best_action,structural_best_action,fig_exp1_route_trajectory_data,structural_best_action,2,,,,frozen appendix diagnostic,source table,,,,,fig_exp1_route_trajectory_data.csv,244
exp1_appendix_reversal_trajectory_diagnostics,b,exp1_alignment_transfer,exp1_alignment_transfer:full:2026-08-17T06:28:21.157011+00:00,paper,True,appendix,structural_best_action,structural_best_action,fig_exp1_route_trajectory_data,structural_best_action,2,,,,frozen appendix diagnostic,source table,,,,,fig_exp1_route_trajectory_data.csv,245
exp1_appendix_reversal_trajectory_diagnostics,b,exp1_alignment_transfer,exp1_alignment_transfer:full:2026-08-17T06:28:21.157011+00:00,paper,True,appendix,structural_best_action,structural_best_action,fig_exp1_route_trajectory_data,structural_best_action,2,,,,frozen appendix diagnostic,source table,,,,,fig_exp1_route_trajectory_data.csv,246
exp1_appendix_reversal_trajectory_diagnostics,b,exp1_alignment_transfer,exp1_alignment_transfer:full:2026-08-17T06:28:21.157011+00:00,paper,True,appendix,structural_best_action,structural_best_action,fig_exp1_route_trajectory_data,structural_best_action,2,,,,frozen appendix diagnostic,source table,,,,,fig_exp1_route_trajectory_data.csv,247
exp1_appendix_reversal_trajectory_diagnostics,b,exp1_alignment_transfer,exp1_alignment_transfer:full:2026-08-17T06:28:21.157011+00:00,paper,True,appendix,structural_best_action,structural_best_action,fig_exp1_route_trajectory_data,structural_best_action,2,,,,frozen appendix diagnostic,source table,,,,,fig_exp1_route_trajectory_data.csv,248
exp1_appendix_reversal_trajectory_diagnostics,b,exp1_alignment_transfer,exp1_alignment_transfer:full:2026-08-17T06:28:21.157011+00:00,paper,True,appendix,structural_best_action,structural_best_action,fig_exp1_route_trajectory_data,structural_best_action,7,,,,frozen appendix diagnostic,source table,,,,,fig_exp1_route_trajectory_data.csv,249
exp1_appendix_reversal_trajectory_diagnostics,b,exp1_alignment_transfer,exp1_alignment_transfer:full:2026-08-17T06:28:21.157011+00:00,paper,True,appendix,structural_best_action,structural_best_action,fig_exp1_route_trajectory_data,structural_best_action,7,,,,frozen appendix diagnostic,source table,,,,,fig_exp1_route_trajectory_data.csv,250
exp1_appendix_reversal_trajectory_diagnostics,b,exp1_alignment_transfer,exp1_alignment_transfer:full:2026-08-17T06:28:21.157011+00:00,paper,True,appendix,structural_best_action,structural_best_action,fig_exp1_route_trajectory_data,structural_best_action,7,,,,frozen appendix diagnostic,source table,,,,,fig_exp1_route_trajectory_data.csv,251
exp1_appendix_reversal_trajectory_diagnostics,b,exp1_alignment_transfer,exp1_alignment_transfer:full:2026-08-17T06:28:21.157011+00:00,paper,True,appendix,structural_best_action,structural_best_action,fig_exp1_route_trajectory_data,structural_best_action,7,,,,frozen appendix diagnostic,source table,,,,,fig_exp1_route_trajectory_data.csv,252
exp1_appendix_reversal_trajectory_diagnostics,b,exp1_alignment_transfer,exp1_alignment_transfer:full:2026-08-17T06:28:21.157011+00:00,paper,True,appendix,structural_best_action,structural_best_action,fig_exp1_route_trajectory_data,structural_best_action,7,,,,frozen appendix diagnostic,source table,,,,,fig_exp1_route_trajectory_data.csv,253
exp1_appendix_reversal_trajectory_diagnostics,b,exp1_alignment_transfer,exp1_alignment_transfer:full:2026-08-17T06:28:21.157011+00:00,paper,True,appendix,structural_best_action,structural_best_action,fig_exp1_route_trajectory_data,structural_best_action,7,,,,frozen appendix diagnostic,source table,,,,,fig_exp1_route_trajectory_data.csv,254
exp1_appendix_reversal_trajectory_diagnostics,b,exp1_alignment_transfer,exp1_alignment_transfer:full:2026-08-17T06:28:21.157011+00:00,paper,True,appendix,structural_best_action,structural_best_action,fig_exp1_route_trajectory_data,structural_best_action,7,,,,frozen appendix diagnostic,source table,,,,,fig_exp1_route_trajectory_data.csv,255
exp1_appendix_reversal_trajectory_diagnostics,b,exp1_alignment_transfer,exp1_alignment_transfer:full:2026-08-17T06:28:21.157011+00:00,paper,True,appendix,structural_best_action,structural_best_action,fig_exp1_route_trajectory_data,structural_best_action,7,,,,frozen appendix diagnostic,source table,,,,,fig_exp1_route_trajectory_data.csv,256
exp1_appendix_reversal_trajectory_diagnostics,b,exp1_alignment_transfer,exp1_alignment_transfer:full:2026-08-17T06:28:21.157011+00:00,paper,True,appendix,structural_best_action,structural_best_action,fig_exp1_route_trajectory_data,structural_best_action,7,,,,frozen appendix diagnostic,source table,,,,,fig_exp1_route_trajectory_data.csv,257
exp1_appendix_reversal_trajectory_diagnostics,b,exp1_alignment_transfer,exp1_alignment_transfer:full:2026-08-17T06:28:21.157011+00:00,paper,True,appendix,structural_best_action,structural_best_action,fig_exp1_route_trajectory_data,structural_best_action,7,,,,frozen appendix diagnostic,source table,,,,,fig_exp1_route_trajectory_data.csv,258
exp1_appendix_reversal_trajectory_diagnostics,b,exp1_alignment_transfer,exp1_alignment_transfer:full:2026-08-17T06:28:21.157011+00:00,paper,True,appendix,structural_best_action,structural_best_action,fig_exp1_route_trajectory_data,structural_best_action,7,,,,frozen appendix diagnostic,source table,,,,,fig_exp1_route_trajectory_data.csv,259
exp1_appendix_reversal_trajectory_diagnostics,b,exp1_alignment_transfer,exp1_alignment_transfer:full:2026-08-17T06:28:21.157011+00:00,paper,True,appendix,structural_best_action,structural_best_action,fig_exp1_route_trajectory_data,structural_best_action,7,,,,frozen appendix diagnostic,source table,,,,,fig_exp1_route_trajectory_data.csv,260
exp1_appendix_reversal_trajectory_diagnostics,b,exp1_alignment_transfer,exp1_alignment_transfer:full:2026-08-17T06:28:21.157011+00:00,paper,True,appendix,structural_best_action,structural_best_action,fig_exp1_route_trajectory_data,structural_best_action,7,,,,frozen appendix diagnostic,source table,,,,,fig_exp1_route_trajectory_data.csv,261
exp1_appendix_reversal_trajectory_diagnostics,b,exp1_alignment_transfer,exp1_alignment_transfer:full:2026-08-17T06:28:21.157011+00:00,paper,True,appendix,structural_best_action,structural_best_action,fig_exp1_route_trajectory_data,structural_best_action,7,,,,frozen appendix diagnostic,source table,,,,,fig_exp1_route_trajectory_data.csv,262
exp1_appendix_reversal_trajectory_diagnostics,b,exp1_alignment_transfer,exp1_alignment_transfer:full:2026-08-17T06:28:21.157011+00:00,paper,True,appendix,structural_best_action,structural_best_action,fig_exp1_route_trajectory_data,structural_best_action,7,,,,frozen appendix diagnostic,source table,,,,,fig_exp1_route_trajectory_data.csv,263
exp1_appendix_reversal_trajectory_diagnostics,b,exp1_alignment_transfer,exp1_alignment_transfer:full:2026-08-17T06:28:21.157011+00:00,paper,True,appendix,structural_best_action,structural_best_action,fig_exp1_route_trajectory_data,structural_best_action,7,,,,frozen appendix diagnostic,source table,,,,,fig_exp1_route_trajectory_data.csv,264
exp1_appendix_reversal_trajectory_diagnostics,b,exp1_alignment_transfer,exp1_alignment_transfer:full:2026-08-17T06:28:21.157011+00:00,paper,True,appendix,structural_best_action,structural_best_action,fig_exp1_route_trajectory_data,structural_best_action,7,,,,frozen appendix diagnostic,source table,,,,,fig_exp1_route_trajectory_data.csv,265
exp1_appendix_reversal_trajectory_diagnostics,b,exp1_alignment_transfer,exp1_alignment_transfer:full:2026-08-17T06:28:21.157011+00:00,paper,True,appendix,structural_best_action,structural_best_action,fig_exp1_route_trajectory_data,structural_best_action,7,,,,frozen appendix diagnostic,source table,,,,,fig_exp1_route_trajectory_data.csv,266
exp1_appendix_reversal_trajectory_diagnostics,b,exp1_alignment_transfer,exp1_alignment_transfer:full:2026-08-17T06:28:21.157011+00:00,paper,True,appendix,structural_best_action,structural_best_action,fig_exp1_route_trajectory_data,structural_best_action,7,,,,frozen appendix diagnostic,source table,,,,,fig_exp1_route_trajectory_data.csv,267
exp1_appendix_reversal_trajectory_diagnostics,b,exp1_alignment_transfer,exp1_alignment_transfer:full:2026-08-17T06:28:21.157011+00:00,paper,True,appendix,structural_best_action,structural_best_action,fig_exp1_route_trajectory_data,structural_best_action,7,,,,frozen appendix diagnostic,source table,,,,,fig_exp1_route_trajectory_data.csv,268
exp1_appendix_reversal_trajectory_diagnostics,b,exp1_alignment_transfer,exp1_alignment_transfer:full:2026-08-17T06:28:21.157011+00:00,paper,True,appendix,structural_best_action,structural_best_action,fig_exp1_route_trajectory_data,structural_best_action,7,,,,frozen appendix diagnostic,source table,,,,,fig_exp1_route_trajectory_data.csv,269
exp1_appendix_reversal_trajectory_diagnostics,b,exp1_alignment_transfer,exp1_alignment_transfer:full:2026-08-17T06:28:21.157011+00:00,paper,True,appendix,structural_best_action,structural_best_action,fig_exp1_route_trajectory_data,structural_best_action,7,,,,frozen appendix diagnostic,source table,,,,,fig_exp1_route_trajectory_data.csv,270
exp1_appendix_reversal_trajectory_diagnostics,b,exp1_alignment_transfer,exp1_alignment_transfer:full:2026-08-17T06:28:21.157011+00:00,paper,True,appendix,structural_best_action,structural_best_action,fig_exp1_route_trajectory_data,structural_best_action,7,,,,frozen appendix diagnostic,source table,,,,,fig_exp1_route_trajectory_data.csv,271
exp1_appendix_reversal_trajectory_diagnostics,b,exp1_alignment_transfer,exp1_alignment_transfer:full:2026-08-17T06:28:21.157011+00:00,paper,True,appendix,structural_best_action,structural_best_action,fig_exp1_route_trajectory_data,structural_best_action,7,,,,frozen appendix diagnostic,source table,,,,,fig_exp1_route_trajectory_data.csv,272
exp1_appendix_reversal_trajectory_diagnostics,b,exp1_alignment_transfer,exp1_alignment_transfer:full:2026-08-17T06:28:21.157011+00:00,paper,True,appendix,structural_best_action,structural_best_action,fig_exp1_route_trajectory_data,structural_best_action,7,,,,frozen appendix diagnostic,source table,,,,,fig_exp1_route_trajectory_data.csv,273
exp1_appendix_reversal_trajectory_diagnostics,b,exp1_alignment_transfer,exp1_alignment_transfer:full:2026-08-17T06:28:21.157011+00:00,paper,True,appendix,structural_best_action,structural_best_action,fig_exp1_route_trajectory_data,structural_best_action,7,,,,frozen appendix diagnostic,source table,,,,,fig_exp1_route_trajectory_data.csv,274
exp1_appendix_reversal_trajectory_diagnostics,b,exp1_alignment_transfer,exp1_alignment_transfer:full:2026-08-17T06:28:21.157011+00:00,paper,True,appendix,structural_best_action,structural_best_action,fig_exp1_route_trajectory_data,structural_best_action,7,,,,frozen appendix diagnostic,source table,,,,,fig_exp1_route_trajectory_data.csv,275
exp1_appendix_reversal_trajectory_diagnostics,b,exp1_alignment_transfer,exp1_alignment_transfer:full:2026-08-17T06:28:21.157011+00:00,paper,True,appendix,structural_best_action,structural_best_action,fig_exp1_route_trajectory_data,structural_best_action,7,,,,frozen appendix diagnostic,source table,,,,,fig_exp1_route_trajectory_data.csv,276
exp1_appendix_reversal_trajectory_diagnostics,b,exp1_alignment_transfer,exp1_alignment_transfer:full:2026-08-17T06:28:21.157011+00:00,paper,True,appendix,structural_best_action,structural_best_action,fig_exp1_route_trajectory_data,structural_best_action,7,,,,frozen appendix diagnostic,source table,,,,,fig_exp1_route_trajectory_data.csv,277
exp1_appendix_reversal_trajectory_diagnostics,b,exp1_alignment_transfer,exp1_alignment_transfer:full:2026-08-17T06:28:21.157011+00:00,paper,True,appendix,structural_best_action,structural_best_action,fig_exp1_route_trajectory_data,structural_best_action,7,,,,frozen appendix diagnostic,source table,,,,,fig_exp1_route_trajectory_data.csv,278
exp1_appendix_reversal_trajectory_diagnostics,b,exp1_alignment_transfer,exp1_alignment_transfer:full:2026-08-17T06:28:21.157011+00:00,paper,True,appendix,structural_best_action,structural_best_action,fig_exp1_route_trajectory_data,structural_best_action,2,,,,frozen appendix diagnostic,source table,,,,,fig_exp1_route_trajectory_data.csv,279
exp1_appendix_reversal_trajectory_diagnostics,b,exp1_alignment_transfer,exp1_alignment_transfer:full:2026-08-17T06:28:21.157011+00:00,paper,True,appendix,structural_best_action,structural_best_action,fig_exp1_route_trajectory_data,structural_best_action,2,,,,frozen appendix diagnostic,source table,,,,,fig_exp1_route_trajectory_data.csv,280
exp1_appendix_reversal_trajectory_diagnostics,b,exp1_alignment_transfer,exp1_alignment_transfer:full:2026-08-17T06:28:21.157011+00:00,paper,True,appendix,structural_best_action,structural_best_action,fig_exp1_route_trajectory_data,structural_best_action,2,,,,frozen appendix diagnostic,source table,,,,,fig_exp1_route_trajectory_data.csv,281
exp1_appendix_reversal_trajectory_diagnostics,b,exp1_alignment_transfer,exp1_alignment_transfer:full:2026-08-17T06:28:21.157011+00:00,paper,True,appendix,structural_best_action,structural_best_action,fig_exp1_route_trajectory_data,structural_best_action,2,,,,frozen appendix diagnostic,source table,,,,,fig_exp1_route_trajectory_data.csv,282
exp1_appendix_reversal_trajectory_diagnostics,b,exp1_alignment_transfer,exp1_alignment_transfer:full:2026-08-17T06:28:21.157011+00:00,paper,True,appendix,structural_best_action,structural_best_action,fig_exp1_route_trajectory_data,structural_best_action,2,,,,frozen appendix diagnostic,source table,,,,,fig_exp1_route_trajectory_data.csv,283
exp1_appendix_reversal_trajectory_diagnostics,b,exp1_alignment_transfer,exp1_alignment_transfer:full:2026-08-17T06:28:21.157011+00:00,paper,True,appendix,structural_best_action,structural_best_action,fig_exp1_route_trajectory_data,structural_best_action,2,,,,frozen appendix diagnostic,source table,,,,,fig_exp1_route_trajectory_data.csv,284
exp1_appendix_reversal_trajectory_diagnostics,b,exp1_alignment_transfer,exp1_alignment_transfer:full:2026-08-17T06:28:21.157011+00:00,paper,True,appendix,structural_best_action,structural_best_action,fig_exp1_route_trajectory_data,structural_best_action,2,,,,frozen appendix diagnostic,source table,,,,,fig_exp1_route_trajectory_data.csv,285
exp1_appendix_reversal_trajectory_diagnostics,b,exp1_alignment_transfer,exp1_alignment_transfer:full:2026-08-17T06:28:21.157011+00:00,paper,True,appendix,structural_best_action,structural_best_action,fig_exp1_route_trajectory_data,structural_best_action,2,,,,frozen appendix diagnostic,source table,,,,,fig_exp1_route_trajectory_data.csv,286
exp1_appendix_reversal_trajectory_diagnostics,b,exp1_alignment_transfer,exp1_alignment_transfer:full:2026-08-17T06:28:21.157011+00:00,paper,True,appendix,structural_best_action,structural_best_action,fig_exp1_route_trajectory_data,structural_best_action,2,,,,frozen appendix diagnostic,source table,,,,,fig_exp1_route_trajectory_data.csv,287
exp1_appendix_reversal_trajectory_diagnostics,b,exp1_alignment_transfer,exp1_alignment_transfer:full:2026-08-17T06:28:21.157011+00:00,paper,True,appendix,structural_best_action,structural_best_action,fig_exp1_route_trajectory_data,structural_best_action,2,,,,frozen appendix diagnostic,source table,,,,,fig_exp1_route_trajectory_data.csv,288
exp1_appendix_reversal_trajectory_diagnostics,b,exp1_alignment_transfer,exp1_alignment_transfer:full:2026-08-17T06:28:21.157011+00:00,paper,True,appendix,structural_best_action,structural_best_action,fig_exp1_route_trajectory_data,structural_best_action,2,,,,frozen appendix diagnostic,source table,,,,,fig_exp1_route_trajectory_data.csv,289
exp1_appendix_reversal_trajectory_diagnostics,b,exp1_alignment_transfer,exp1_alignment_transfer:full:2026-08-17T06:28:21.157011+00:00,paper,True,appendix,structural_best_action,structural_best_action,fig_exp1_route_trajectory_data,structural_best_action,2,,,,frozen appendix diagnostic,source table,,,,,fig_exp1_route_trajectory_data.csv,290
exp1_appendix_reversal_trajectory_diagnostics,b,exp1_alignment_transfer,exp1_alignment_transfer:full:2026-08-17T06:28:21.157011+00:00,paper,True,appendix,structural_best_action,structural_best_action,fig_exp1_route_trajectory_data,structural_best_action,2,,,,frozen appendix diagnostic,source table,,,,,fig_exp1_route_trajectory_data.csv,291
exp1_appendix_reversal_trajectory_diagnostics,b,exp1_alignment_transfer,exp1_alignment_transfer:full:2026-08-17T06:28:21.157011+00:00,paper,True,appendix,structural_best_action,structural_best_action,fig_exp1_route_trajectory_data,structural_best_action,2,,,,frozen appendix diagnostic,source table,,,,,fig_exp1_route_trajectory_data.csv,292
exp1_appendix_reversal_trajectory_diagnostics,b,exp1_alignment_transfer,exp1_alignment_transfer:full:2026-08-17T06:28:21.157011+00:00,paper,True,appendix,structural_best_action,structural_best_action,fig_exp1_route_trajectory_data,structural_best_action,2,,,,frozen appendix diagnostic,source table,,,,,fig_exp1_route_trajectory_data.csv,293
exp1_appendix_reversal_trajectory_diagnostics,b,exp1_alignment_transfer,exp1_alignment_transfer:full:2026-08-17T06:28:21.157011+00:00,paper,True,appendix,structural_best_action,structural_best_action,fig_exp1_route_trajectory_data,structural_best_action,2,,,,frozen appendix diagnostic,source table,,,,,fig_exp1_route_trajectory_data.csv,294
exp1_appendix_reversal_trajectory_diagnostics,b,exp1_alignment_transfer,exp1_alignment_transfer:full:2026-08-17T06:28:21.157011+00:00,paper,True,appendix,structural_best_action,structural_best_action,fig_exp1_route_trajectory_data,structural_best_action,2,,,,frozen appendix diagnostic,source table,,,,,fig_exp1_route_trajectory_data.csv,295
exp1_appendix_reversal_trajectory_diagnostics,b,exp1_alignment_transfer,exp1_alignment_transfer:full:2026-08-17T06:28:21.157011+00:00,paper,True,appendix,structural_best_action,structural_best_action,fig_exp1_route_trajectory_data,structural_best_action,2,,,,frozen appendix diagnostic,source table,,,,,fig_exp1_route_trajectory_data.csv,296
exp1_appendix_reversal_trajectory_diagnostics,b,exp1_alignment_transfer,exp1_alignment_transfer:full:2026-08-17T06:28:21.157011+00:00,paper,True,appendix,structural_best_action,structural_best_action,fig_exp1_route_trajectory_data,structural_best_action,2,,,,frozen appendix diagnostic,source table,,,,,fig_exp1_route_trajectory_data.csv,297
exp1_appendix_reversal_trajectory_diagnostics,b,exp1_alignment_transfer,exp1_alignment_transfer:full:2026-08-17T06:28:21.157011+00:00,paper,True,appendix,structural_best_action,structural_best_action,fig_exp1_route_trajectory_data,structural_best_action,2,,,,frozen appendix diagnostic,source table,,,,,fig_exp1_route_trajectory_data.csv,298
exp1_appendix_reversal_trajectory_diagnostics,b,exp1_alignment_transfer,exp1_alignment_transfer:full:2026-08-17T06:28:21.157011+00:00,paper,True,appendix,structural_best_action,structural_best_action,fig_exp1_route_trajectory_data,structural_best_action,2,,,,frozen appendix diagnostic,source table,,,,,fig_exp1_route_trajectory_data.csv,299
exp1_appendix_reversal_trajectory_diagnostics,b,exp1_alignment_transfer,exp1_alignment_transfer:full:2026-08-17T06:28:21.157011+00:00,paper,True,appendix,route_best_action,route_best_action,fig_exp1_route_trajectory_data,route_best_action,4,,,,frozen appendix diagnostic,source table,,,,,fig_exp1_route_trajectory_data.csv,0
exp1_appendix_reversal_trajectory_diagnostics,b,exp1_alignment_transfer,exp1_alignment_transfer:full:2026-08-17T06:28:21.157011+00:00,paper,True,appendix,route_best_action,route_best_action,fig_exp1_route_trajectory_data,route_best_action,4,,,,frozen appendix diagnostic,source table,,,,,fig_exp1_route_trajectory_data.csv,1
exp1_appendix_reversal_trajectory_diagnostics,b,exp1_alignment_transfer,exp1_alignment_transfer:full:2026-08-17T06:28:21.157011+00:00,paper,True,appendix,route_best_action,route_best_action,fig_exp1_route_trajectory_data,route_best_action,4,,,,frozen appendix diagnostic,source table,,,,,fig_exp1_route_trajectory_data.csv,2
exp1_appendix_reversal_trajectory_diagnostics,b,exp1_alignment_transfer,exp1_alignment_transfer:full:2026-08-17T06:28:21.157011+00:00,paper,True,appendix,route_best_action,route_best_action,fig_exp1_route_trajectory_data,route_best_action,4,,,,frozen appendix diagnostic,source table,,,,,fig_exp1_route_trajectory_data.csv,3
exp1_appendix_reversal_trajectory_diagnostics,b,exp1_alignment_transfer,exp1_alignment_transfer:full:2026-08-17T06:28:21.157011+00:00,paper,True,appendix,route_best_action,route_best_action,fig_exp1_route_trajectory_data,route_best_action,4,,,,frozen appendix diagnostic,source table,,,,,fig_exp1_route_trajectory_data.csv,4
exp1_appendix_reversal_trajectory_diagnostics,b,exp1_alignment_transfer,exp1_alignment_transfer:full:2026-08-17T06:28:21.157011+00:00,paper,True,appendix,route_best_action,route_best_action,fig_exp1_route_trajectory_data,route_best_action,4,,,,frozen appendix diagnostic,source table,,,,,fig_exp1_route_trajectory_data.csv,5
exp1_appendix_reversal_trajectory_diagnostics,b,exp1_alignment_transfer,exp1_alignment_transfer:full:2026-08-17T06:28:21.157011+00:00,paper,True,appendix,route_best_action,route_best_action,fig_exp1_route_trajectory_data,route_best_action,4,,,,frozen appendix diagnostic,source table,,,,,fig_exp1_route_trajectory_data.csv,6
exp1_appendix_reversal_trajectory_diagnostics,b,exp1_alignment_transfer,exp1_alignment_transfer:full:2026-08-17T06:28:21.157011+00:00,paper,True,appendix,route_best_action,route_best_action,fig_exp1_route_trajectory_data,route_best_action,4,,,,frozen appendix diagnostic,source table,,,,,fig_exp1_route_trajectory_data.csv,7
exp1_appendix_reversal_trajectory_diagnostics,b,exp1_alignment_transfer,exp1_alignment_transfer:full:2026-08-17T06:28:21.157011+00:00,paper,True,appendix,route_best_action,route_best_action,fig_exp1_route_trajectory_data,route_best_action,4,,,,frozen appendix diagnostic,source table,,,,,fig_exp1_route_trajectory_data.csv,8
exp1_appendix_reversal_trajectory_diagnostics,b,exp1_alignment_transfer,exp1_alignment_transfer:full:2026-08-17T06:28:21.157011+00:00,paper,True,appendix,route_best_action,route_best_action,fig_exp1_route_trajectory_data,route_best_action,4,,,,frozen appendix diagnostic,source table,,,,,fig_exp1_route_trajectory_data.csv,9
exp1_appendix_reversal_trajectory_diagnostics,b,exp1_alignment_transfer,exp1_alignment_transfer:full:2026-08-17T06:28:21.157011+00:00,paper,True,appendix,route_best_action,route_best_action,fig_exp1_route_trajectory_data,route_best_action,4,,,,frozen appendix diagnostic,source table,,,,,fig_exp1_route_trajectory_data.csv,10
exp1_appendix_reversal_trajectory_diagnostics,b,exp1_alignment_transfer,exp1_alignment_transfer:full:2026-08-17T06:28:21.157011+00:00,paper,True,appendix,route_best_action,route_best_action,fig_exp1_route_trajectory_data,route_best_action,4,,,,frozen appendix diagnostic,source table,,,,,fig_exp1_route_trajectory_data.csv,11
exp1_appendix_reversal_trajectory_diagnostics,b,exp1_alignment_transfer,exp1_alignment_transfer:full:2026-08-17T06:28:21.157011+00:00,paper,True,appendix,route_best_action,route_best_action,fig_exp1_route_trajectory_data,route_best_action,4,,,,frozen appendix diagnostic,source table,,,,,fig_exp1_route_trajectory_data.csv,12
exp1_appendix_reversal_trajectory_diagnostics,b,exp1_alignment_transfer,exp1_alignment_transfer:full:2026-08-17T06:28:21.157011+00:00,paper,True,appendix,route_best_action,route_best_action,fig_exp1_route_trajectory_data,route_best_action,4,,,,frozen appendix diagnostic,source table,,,,,fig_exp1_route_trajectory_data.csv,13
exp1_appendix_reversal_trajectory_diagnostics,b,exp1_alignment_transfer,exp1_alignment_transfer:full:2026-08-17T06:28:21.157011+00:00,paper,True,appendix,route_best_action,route_best_action,fig_exp1_route_trajectory_data,route_best_action,4,,,,frozen appendix diagnostic,source table,,,,,fig_exp1_route_trajectory_data.csv,14
exp1_appendix_reversal_trajectory_diagnostics,b,exp1_alignment_transfer,exp1_alignment_transfer:full:2026-08-17T06:28:21.157011+00:00,paper,True,appendix,route_best_action,route_best_action,fig_exp1_route_trajectory_data,route_best_action,4,,,,frozen appendix diagnostic,source table,,,,,fig_exp1_route_trajectory_data.csv,15
exp1_appendix_reversal_trajectory_diagnostics,b,exp1_alignment_transfer,exp1_alignment_transfer:full:2026-08-17T06:28:21.157011+00:00,paper,True,appendix,route_best_action,route_best_action,fig_exp1_route_trajectory_data,route_best_action,4,,,,frozen appendix diagnostic,source table,,,,,fig_exp1_route_trajectory_data.csv,16
exp1_appendix_reversal_trajectory_diagnostics,b,exp1_alignment_transfer,exp1_alignment_transfer:full:2026-08-17T06:28:21.157011+00:00,paper,True,appendix,route_best_action,route_best_action,fig_exp1_route_trajectory_data,route_best_action,4,,,,frozen appendix diagnostic,source table,,,,,fig_exp1_route_trajectory_data.csv,17
exp1_appendix_reversal_trajectory_diagnostics,b,exp1_alignment_transfer,exp1_alignment_transfer:full:2026-08-17T06:28:21.157011+00:00,paper,True,appendix,route_best_action,route_best_action,fig_exp1_route_trajectory_data,route_best_action,4,,,,frozen appendix diagnostic,source table,,,,,fig_exp1_route_trajectory_data.csv,18
exp1_appendix_reversal_trajectory_diagnostics,b,exp1_alignment_transfer,exp1_alignment_transfer:full:2026-08-17T06:28:21.157011+00:00,paper,True,appendix,route_best_action,route_best_action,fig_exp1_route_trajectory_data,route_best_action,4,,,,frozen appendix diagnostic,source table,,,,,fig_exp1_route_trajectory_data.csv,19
exp1_appendix_reversal_trajectory_diagnostics,b,exp1_alignment_transfer,exp1_alignment_transfer:full:2026-08-17T06:28:21.157011+00:00,paper,True,appendix,route_best_action,route_best_action,fig_exp1_route_trajectory_data,route_best_action,4,,,,frozen appendix diagnostic,source table,,,,,fig_exp1_route_trajectory_data.csv,20
exp1_appendix_reversal_trajectory_diagnostics,b,exp1_alignment_transfer,exp1_alignment_transfer:full:2026-08-17T06:28:21.157011+00:00,paper,True,appendix,route_best_action,route_best_action,fig_exp1_route_trajectory_data,route_best_action,4,,,,frozen appendix diagnostic,source table,,,,,fig_exp1_route_trajectory_data.csv,21
exp1_appendix_reversal_trajectory_diagnostics,b,exp1_alignment_transfer,exp1_alignment_transfer:full:2026-08-17T06:28:21.157011+00:00,paper,True,appendix,route_best_action,route_best_action,fig_exp1_route_trajectory_data,route_best_action,4,,,,frozen appendix diagnostic,source table,,,,,fig_exp1_route_trajectory_data.csv,22
exp1_appendix_reversal_trajectory_diagnostics,b,exp1_alignment_transfer,exp1_alignment_transfer:full:2026-08-17T06:28:21.157011+00:00,paper,True,appendix,route_best_action,route_best_action,fig_exp1_route_trajectory_data,route_best_action,4,,,,frozen appendix diagnostic,source table,,,,,fig_exp1_route_trajectory_data.csv,23
exp1_appendix_reversal_trajectory_diagnostics,b,exp1_alignment_transfer,exp1_alignment_transfer:full:2026-08-17T06:28:21.157011+00:00,paper,True,appendix,route_best_action,route_best_action,fig_exp1_route_trajectory_data,route_best_action,4,,,,frozen appendix diagnostic,source table,,,,,fig_exp1_route_trajectory_data.csv,24
exp1_appendix_reversal_trajectory_diagnostics,b,exp1_alignment_transfer,exp1_alignment_transfer:full:2026-08-17T06:28:21.157011+00:00,paper,True,appendix,route_best_action,route_best_action,fig_exp1_route_trajectory_data,route_best_action,4,,,,frozen appendix diagnostic,source table,,,,,fig_exp1_route_trajectory_data.csv,25
exp1_appendix_reversal_trajectory_diagnostics,b,exp1_alignment_transfer,exp1_alignment_transfer:full:2026-08-17T06:28:21.157011+00:00,paper,True,appendix,route_best_action,route_best_action,fig_exp1_route_trajectory_data,route_best_action,4,,,,frozen appendix diagnostic,source table,,,,,fig_exp1_route_trajectory_data.csv,26
exp1_appendix_reversal_trajectory_diagnostics,b,exp1_alignment_transfer,exp1_alignment_transfer:full:2026-08-17T06:28:21.157011+00:00,paper,True,appendix,route_best_action,route_best_action,fig_exp1_route_trajectory_data,route_best_action,4,,,,frozen appendix diagnostic,source table,,,,,fig_exp1_route_trajectory_data.csv,27
exp1_appendix_reversal_trajectory_diagnostics,b,exp1_alignment_transfer,exp1_alignment_transfer:full:2026-08-17T06:28:21.157011+00:00,paper,True,appendix,route_best_action,route_best_action,fig_exp1_route_trajectory_data,route_best_action,4,,,,frozen appendix diagnostic,source table,,,,,fig_exp1_route_trajectory_data.csv,28
exp1_appendix_reversal_trajectory_diagnostics,b,exp1_alignment_transfer,exp1_alignment_transfer:full:2026-08-17T06:28:21.157011+00:00,paper,True,appendix,route_best_action,route_best_action,fig_exp1_route_trajectory_data,route_best_action,4,,,,frozen appendix diagnostic,source table,,,,,fig_exp1_route_trajectory_data.csv,29
exp1_appendix_reversal_trajectory_diagnostics,b,exp1_alignment_transfer,exp1_alignment_transfer:full:2026-08-17T06:28:21.157011+00:00,paper,True,appendix,route_best_action,route_best_action,fig_exp1_route_trajectory_data,route_best_action,4,,,,frozen appendix diagnostic,source table,,,,,fig_exp1_route_trajectory_data.csv,30
exp1_appendix_reversal_trajectory_diagnostics,b,exp1_alignment_transfer,exp1_alignment_transfer:full:2026-08-17T06:28:21.157011+00:00,paper,True,appendix,route_best_action,route_best_action,fig_exp1_route_trajectory_data,route_best_action,4,,,,frozen appendix diagnostic,source table,,,,,fig_exp1_route_trajectory_data.csv,31
exp1_appendix_reversal_trajectory_diagnostics,b,exp1_alignment_transfer,exp1_alignment_transfer:full:2026-08-17T06:28:21.157011+00:00,paper,True,appendix,route_best_action,route_best_action,fig_exp1_route_trajectory_data,route_best_action,4,,,,frozen appendix diagnostic,source table,,,,,fig_exp1_route_trajectory_data.csv,32
exp1_appendix_reversal_trajectory_diagnostics,b,exp1_alignment_transfer,exp1_alignment_transfer:full:2026-08-17T06:28:21.157011+00:00,paper,True,appendix,route_best_action,route_best_action,fig_exp1_route_trajectory_data,route_best_action,4,,,,frozen appendix diagnostic,source table,,,,,fig_exp1_route_trajectory_data.csv,33
exp1_appendix_reversal_trajectory_diagnostics,b,exp1_alignment_transfer,exp1_alignment_transfer:full:2026-08-17T06:28:21.157011+00:00,paper,True,appendix,route_best_action,route_best_action,fig_exp1_route_trajectory_data,route_best_action,4,,,,frozen appendix diagnostic,source table,,,,,fig_exp1_route_trajectory_data.csv,34
exp1_appendix_reversal_trajectory_diagnostics,b,exp1_alignment_transfer,exp1_alignment_transfer:full:2026-08-17T06:28:21.157011+00:00,paper,True,appendix,route_best_action,route_best_action,fig_exp1_route_trajectory_data,route_best_action,4,,,,frozen appendix diagnostic,source table,,,,,fig_exp1_route_trajectory_data.csv,35
exp1_appendix_reversal_trajectory_diagnostics,b,exp1_alignment_transfer,exp1_alignment_transfer:full:2026-08-17T06:28:21.157011+00:00,paper,True,appendix,route_best_action,route_best_action,fig_exp1_route_trajectory_data,route_best_action,4,,,,frozen appendix diagnostic,source table,,,,,fig_exp1_route_trajectory_data.csv,36
exp1_appendix_reversal_trajectory_diagnostics,b,exp1_alignment_transfer,exp1_alignment_transfer:full:2026-08-17T06:28:21.157011+00:00,paper,True,appendix,route_best_action,route_best_action,fig_exp1_route_trajectory_data,route_best_action,4,,,,frozen appendix diagnostic,source table,,,,,fig_exp1_route_trajectory_data.csv,37
exp1_appendix_reversal_trajectory_diagnostics,b,exp1_alignment_transfer,exp1_alignment_transfer:full:2026-08-17T06:28:21.157011+00:00,paper,True,appendix,route_best_action,route_best_action,fig_exp1_route_trajectory_data,route_best_action,4,,,,frozen appendix diagnostic,source table,,,,,fig_exp1_route_trajectory_data.csv,38
exp1_appendix_reversal_trajectory_diagnostics,b,exp1_alignment_transfer,exp1_alignment_transfer:full:2026-08-17T06:28:21.157011+00:00,paper,True,appendix,route_best_action,route_best_action,fig_exp1_route_trajectory_data,route_best_action,4,,,,frozen appendix diagnostic,source table,,,,,fig_exp1_route_trajectory_data.csv,39
exp1_appendix_reversal_trajectory_diagnostics,b,exp1_alignment_transfer,exp1_alignment_transfer:full:2026-08-17T06:28:21.157011+00:00,paper,True,appendix,route_best_action,route_best_action,fig_exp1_route_trajectory_data,route_best_action,4,,,,frozen appendix diagnostic,source table,,,,,fig_exp1_route_trajectory_data.csv,40
exp1_appendix_reversal_trajectory_diagnostics,b,exp1_alignment_transfer,exp1_alignment_transfer:full:2026-08-17T06:28:21.157011+00:00,paper,True,appendix,route_best_action,route_best_action,fig_exp1_route_trajectory_data,route_best_action,4,,,,frozen appendix diagnostic,source table,,,,,fig_exp1_route_trajectory_data.csv,41
exp1_appendix_reversal_trajectory_diagnostics,b,exp1_alignment_transfer,exp1_alignment_transfer:full:2026-08-17T06:28:21.157011+00:00,paper,True,appendix,route_best_action,route_best_action,fig_exp1_route_trajectory_data,route_best_action,4,,,,frozen appendix diagnostic,source table,,,,,fig_exp1_route_trajectory_data.csv,42
exp1_appendix_reversal_trajectory_diagnostics,b,exp1_alignment_transfer,exp1_alignment_transfer:full:2026-08-17T06:28:21.157011+00:00,paper,True,appendix,route_best_action,route_best_action,fig_exp1_route_trajectory_data,route_best_action,4,,,,frozen appendix diagnostic,source table,,,,,fig_exp1_route_trajectory_data.csv,43
exp1_appendix_reversal_trajectory_diagnostics,b,exp1_alignment_transfer,exp1_alignment_transfer:full:2026-08-17T06:28:21.157011+00:00,paper,True,appendix,route_best_action,route_best_action,fig_exp1_route_trajectory_data,route_best_action,4,,,,frozen appendix diagnostic,source table,,,,,fig_exp1_route_trajectory_data.csv,44
exp1_appendix_reversal_trajectory_diagnostics,b,exp1_alignment_transfer,exp1_alignment_transfer:full:2026-08-17T06:28:21.157011+00:00,paper,True,appendix,route_best_action,route_best_action,fig_exp1_route_trajectory_data,route_best_action,4,,,,frozen appendix diagnostic,source table,,,,,fig_exp1_route_trajectory_data.csv,45
exp1_appendix_reversal_trajectory_diagnostics,b,exp1_alignment_transfer,exp1_alignment_transfer:full:2026-08-17T06:28:21.157011+00:00,paper,True,appendix,route_best_action,route_best_action,fig_exp1_route_trajectory_data,route_best_action,4,,,,frozen appendix diagnostic,source table,,,,,fig_exp1_route_trajectory_data.csv,46
exp1_appendix_reversal_trajectory_diagnostics,b,exp1_alignment_transfer,exp1_alignment_transfer:full:2026-08-17T06:28:21.157011+00:00,paper,True,appendix,route_best_action,route_best_action,fig_exp1_route_trajectory_data,route_best_action,4,,,,frozen appendix diagnostic,source table,,,,,fig_exp1_route_trajectory_data.csv,47
exp1_appendix_reversal_trajectory_diagnostics,b,exp1_alignment_transfer,exp1_alignment_transfer:full:2026-08-17T06:28:21.157011+00:00,paper,True,appendix,route_best_action,route_best_action,fig_exp1_route_trajectory_data,route_best_action,4,,,,frozen appendix diagnostic,source table,,,,,fig_exp1_route_trajectory_data.csv,48
exp1_appendix_reversal_trajectory_diagnostics,b,exp1_alignment_transfer,exp1_alignment_transfer:full:2026-08-17T06:28:21.157011+00:00,paper,True,appendix,route_best_action,route_best_action,fig_exp1_route_trajectory_data,route_best_action,4,,,,frozen appendix diagnostic,source table,,,,,fig_exp1_route_trajectory_data.csv,49
exp1_appendix_reversal_trajectory_diagnostics,b,exp1_alignment_transfer,exp1_alignment_transfer:full:2026-08-17T06:28:21.157011+00:00,paper,True,appendix,route_best_action,route_best_action,fig_exp1_route_trajectory_data,route_best_action,4,,,,frozen appendix diagnostic,source table,,,,,fig_exp1_route_trajectory_data.csv,50
exp1_appendix_reversal_trajectory_diagnostics,b,exp1_alignment_transfer,exp1_alignment_transfer:full:2026-08-17T06:28:21.157011+00:00,paper,True,appendix,route_best_action,route_best_action,fig_exp1_route_trajectory_data,route_best_action,4,,,,frozen appendix diagnostic,source table,,,,,fig_exp1_route_trajectory_data.csv,51
exp1_appendix_reversal_trajectory_diagnostics,b,exp1_alignment_transfer,exp1_alignment_transfer:full:2026-08-17T06:28:21.157011+00:00,paper,True,appendix,route_best_action,route_best_action,fig_exp1_route_trajectory_data,route_best_action,4,,,,frozen appendix diagnostic,source table,,,,,fig_exp1_route_trajectory_data.csv,52
exp1_appendix_reversal_trajectory_diagnostics,b,exp1_alignment_transfer,exp1_alignment_transfer:full:2026-08-17T06:28:21.157011+00:00,paper,True,appendix,route_best_action,route_best_action,fig_exp1_route_trajectory_data,route_best_action,4,,,,frozen appendix diagnostic,source table,,,,,fig_exp1_route_trajectory_data.csv,53
exp1_appendix_reversal_trajectory_diagnostics,b,exp1_alignment_transfer,exp1_alignment_transfer:full:2026-08-17T06:28:21.157011+00:00,paper,True,appendix,route_best_action,route_best_action,fig_exp1_route_trajectory_data,route_best_action,4,,,,frozen appendix diagnostic,source table,,,,,fig_exp1_route_trajectory_data.csv,54
exp1_appendix_reversal_trajectory_diagnostics,b,exp1_alignment_transfer,exp1_alignment_transfer:full:2026-08-17T06:28:21.157011+00:00,paper,True,appendix,route_best_action,route_best_action,fig_exp1_route_trajectory_data,route_best_action,4,,,,frozen appendix diagnostic,source table,,,,,fig_exp1_route_trajectory_data.csv,55
exp1_appendix_reversal_trajectory_diagnostics,b,exp1_alignment_transfer,exp1_alignment_transfer:full:2026-08-17T06:28:21.157011+00:00,paper,True,appendix,route_best_action,route_best_action,fig_exp1_route_trajectory_data,route_best_action,4,,,,frozen appendix diagnostic,source table,,,,,fig_exp1_route_trajectory_data.csv,56
exp1_appendix_reversal_trajectory_diagnostics,b,exp1_alignment_transfer,exp1_alignment_transfer:full:2026-08-17T06:28:21.157011+00:00,paper,True,appendix,route_best_action,route_best_action,fig_exp1_route_trajectory_data,route_best_action,4,,,,frozen appendix diagnostic,source table,,,,,fig_exp1_route_trajectory_data.csv,57
exp1_appendix_reversal_trajectory_diagnostics,b,exp1_alignment_transfer,exp1_alignment_transfer:full:2026-08-17T06:28:21.157011+00:00,paper,True,appendix,route_best_action,route_best_action,fig_exp1_route_trajectory_data,route_best_action,4,,,,frozen appendix diagnostic,source table,,,,,fig_exp1_route_trajectory_data.csv,58
exp1_appendix_reversal_trajectory_diagnostics,b,exp1_alignment_transfer,exp1_alignment_transfer:full:2026-08-17T06:28:21.157011+00:00,paper,True,appendix,route_best_action,route_best_action,fig_exp1_route_trajectory_data,route_best_action,4,,,,frozen appendix diagnostic,source table,,,,,fig_exp1_route_trajectory_data.csv,59
exp1_appendix_reversal_trajectory_diagnostics,b,exp1_alignment_transfer,exp1_alignment_transfer:full:2026-08-17T06:28:21.157011+00:00,paper,True,appendix,route_best_action,route_best_action,fig_exp1_route_trajectory_data,route_best_action,4,,,,frozen appendix diagnostic,source table,,,,,fig_exp1_route_trajectory_data.csv,60
exp1_appendix_reversal_trajectory_diagnostics,b,exp1_alignment_transfer,exp1_alignment_transfer:full:2026-08-17T06:28:21.157011+00:00,paper,True,appendix,route_best_action,route_best_action,fig_exp1_route_trajectory_data,route_best_action,4,,,,frozen appendix diagnostic,source table,,,,,fig_exp1_route_trajectory_data.csv,61
exp1_appendix_reversal_trajectory_diagnostics,b,exp1_alignment_transfer,exp1_alignment_transfer:full:2026-08-17T06:28:21.157011+00:00,paper,True,appendix,route_best_action,route_best_action,fig_exp1_route_trajectory_data,route_best_action,4,,,,frozen appendix diagnostic,source table,,,,,fig_exp1_route_trajectory_data.csv,62
exp1_appendix_reversal_trajectory_diagnostics,b,exp1_alignment_transfer,exp1_alignment_transfer:full:2026-08-17T06:28:21.157011+00:00,paper,True,appendix,route_best_action,route_best_action,fig_exp1_route_trajectory_data,route_best_action,4,,,,frozen appendix diagnostic,source table,,,,,fig_exp1_route_trajectory_data.csv,63
exp1_appendix_reversal_trajectory_diagnostics,b,exp1_alignment_transfer,exp1_alignment_transfer:full:2026-08-17T06:28:21.157011+00:00,paper,True,appendix,route_best_action,route_best_action,fig_exp1_route_trajectory_data,route_best_action,4,,,,frozen appendix diagnostic,source table,,,,,fig_exp1_route_trajectory_data.csv,64
exp1_appendix_reversal_trajectory_diagnostics,b,exp1_alignment_transfer,exp1_alignment_transfer:full:2026-08-17T06:28:21.157011+00:00,paper,True,appendix,route_best_action,route_best_action,fig_exp1_route_trajectory_data,route_best_action,4,,,,frozen appendix diagnostic,source table,,,,,fig_exp1_route_trajectory_data.csv,65
exp1_appendix_reversal_trajectory_diagnostics,b,exp1_alignment_transfer,exp1_alignment_transfer:full:2026-08-17T06:28:21.157011+00:00,paper,True,appendix,route_best_action,route_best_action,fig_exp1_route_trajectory_data,route_best_action,4,,,,frozen appendix diagnostic,source table,,,,,fig_exp1_route_trajectory_data.csv,66
exp1_appendix_reversal_trajectory_diagnostics,b,exp1_alignment_transfer,exp1_alignment_transfer:full:2026-08-17T06:28:21.157011+00:00,paper,True,appendix,route_best_action,route_best_action,fig_exp1_route_trajectory_data,route_best_action,4,,,,frozen appendix diagnostic,source table,,,,,fig_exp1_route_trajectory_data.csv,67
exp1_appendix_reversal_trajectory_diagnostics,b,exp1_alignment_transfer,exp1_alignment_transfer:full:2026-08-17T06:28:21.157011+00:00,paper,True,appendix,route_best_action,route_best_action,fig_exp1_route_trajectory_data,route_best_action,4,,,,frozen appendix diagnostic,source table,,,,,fig_exp1_route_trajectory_data.csv,68
exp1_appendix_reversal_trajectory_diagnostics,b,exp1_alignment_transfer,exp1_alignment_transfer:full:2026-08-17T06:28:21.157011+00:00,paper,True,appendix,route_best_action,route_best_action,fig_exp1_route_trajectory_data,route_best_action,4,,,,frozen appendix diagnostic,source table,,,,,fig_exp1_route_trajectory_data.csv,69
exp1_appendix_reversal_trajectory_diagnostics,b,exp1_alignment_transfer,exp1_alignment_transfer:full:2026-08-17T06:28:21.157011+00:00,paper,True,appendix,route_best_action,route_best_action,fig_exp1_route_trajectory_data,route_best_action,4,,,,frozen appendix diagnostic,source table,,,,,fig_exp1_route_trajectory_data.csv,70
exp1_appendix_reversal_trajectory_diagnostics,b,exp1_alignment_transfer,exp1_alignment_transfer:full:2026-08-17T06:28:21.157011+00:00,paper,True,appendix,route_best_action,route_best_action,fig_exp1_route_trajectory_data,route_best_action,4,,,,frozen appendix diagnostic,source table,,,,,fig_exp1_route_trajectory_data.csv,71
exp1_appendix_reversal_trajectory_diagnostics,b,exp1_alignment_transfer,exp1_alignment_transfer:full:2026-08-17T06:28:21.157011+00:00,paper,True,appendix,route_best_action,route_best_action,fig_exp1_route_trajectory_data,route_best_action,4,,,,frozen appendix diagnostic,source table,,,,,fig_exp1_route_trajectory_data.csv,72
exp1_appendix_reversal_trajectory_diagnostics,b,exp1_alignment_transfer,exp1_alignment_transfer:full:2026-08-17T06:28:21.157011+00:00,paper,True,appendix,route_best_action,route_best_action,fig_exp1_route_trajectory_data,route_best_action,4,,,,frozen appendix diagnostic,source table,,,,,fig_exp1_route_trajectory_data.csv,73
exp1_appendix_reversal_trajectory_diagnostics,b,exp1_alignment_transfer,exp1_alignment_transfer:full:2026-08-17T06:28:21.157011+00:00,paper,True,appendix,route_best_action,route_best_action,fig_exp1_route_trajectory_data,route_best_action,4,,,,frozen appendix diagnostic,source table,,,,,fig_exp1_route_trajectory_data.csv,74
exp1_appendix_reversal_trajectory_diagnostics,b,exp1_alignment_transfer,exp1_alignment_transfer:full:2026-08-17T06:28:21.157011+00:00,paper,True,appendix,route_best_action,route_best_action,fig_exp1_route_trajectory_data,route_best_action,4,,,,frozen appendix diagnostic,source table,,,,,fig_exp1_route_trajectory_data.csv,75
exp1_appendix_reversal_trajectory_diagnostics,b,exp1_alignment_transfer,exp1_alignment_transfer:full:2026-08-17T06:28:21.157011+00:00,paper,True,appendix,route_best_action,route_best_action,fig_exp1_route_trajectory_data,route_best_action,4,,,,frozen appendix diagnostic,source table,,,,,fig_exp1_route_trajectory_data.csv,76
exp1_appendix_reversal_trajectory_diagnostics,b,exp1_alignment_transfer,exp1_alignment_transfer:full:2026-08-17T06:28:21.157011+00:00,paper,True,appendix,route_best_action,route_best_action,fig_exp1_route_trajectory_data,route_best_action,4,,,,frozen appendix diagnostic,source table,,,,,fig_exp1_route_trajectory_data.csv,77
exp1_appendix_reversal_trajectory_diagnostics,b,exp1_alignment_transfer,exp1_alignment_transfer:full:2026-08-17T06:28:21.157011+00:00,paper,True,appendix,route_best_action,route_best_action,fig_exp1_route_trajectory_data,route_best_action,4,,,,frozen appendix diagnostic,source table,,,,,fig_exp1_route_trajectory_data.csv,78
exp1_appendix_reversal_trajectory_diagnostics,b,exp1_alignment_transfer,exp1_alignment_transfer:full:2026-08-17T06:28:21.157011+00:00,paper,True,appendix,route_best_action,route_best_action,fig_exp1_route_trajectory_data,route_best_action,4,,,,frozen appendix diagnostic,source table,,,,,fig_exp1_route_trajectory_data.csv,79
exp1_appendix_reversal_trajectory_diagnostics,b,exp1_alignment_transfer,exp1_alignment_transfer:full:2026-08-17T06:28:21.157011+00:00,paper,True,appendix,route_best_action,route_best_action,fig_exp1_route_trajectory_data,route_best_action,4,,,,frozen appendix diagnostic,source table,,,,,fig_exp1_route_trajectory_data.csv,80
exp1_appendix_reversal_trajectory_diagnostics,b,exp1_alignment_transfer,exp1_alignment_transfer:full:2026-08-17T06:28:21.157011+00:00,paper,True,appendix,route_best_action,route_best_action,fig_exp1_route_trajectory_data,route_best_action,4,,,,frozen appendix diagnostic,source table,,,,,fig_exp1_route_trajectory_data.csv,81
exp1_appendix_reversal_trajectory_diagnostics,b,exp1_alignment_transfer,exp1_alignment_transfer:full:2026-08-17T06:28:21.157011+00:00,paper,True,appendix,route_best_action,route_best_action,fig_exp1_route_trajectory_data,route_best_action,4,,,,frozen appendix diagnostic,source table,,,,,fig_exp1_route_trajectory_data.csv,82
exp1_appendix_reversal_trajectory_diagnostics,b,exp1_alignment_transfer,exp1_alignment_transfer:full:2026-08-17T06:28:21.157011+00:00,paper,True,appendix,route_best_action,route_best_action,fig_exp1_route_trajectory_data,route_best_action,4,,,,frozen appendix diagnostic,source table,,,,,fig_exp1_route_trajectory_data.csv,83
exp1_appendix_reversal_trajectory_diagnostics,b,exp1_alignment_transfer,exp1_alignment_transfer:full:2026-08-17T06:28:21.157011+00:00,paper,True,appendix,route_best_action,route_best_action,fig_exp1_route_trajectory_data,route_best_action,4,,,,frozen appendix diagnostic,source table,,,,,fig_exp1_route_trajectory_data.csv,84
exp1_appendix_reversal_trajectory_diagnostics,b,exp1_alignment_transfer,exp1_alignment_transfer:full:2026-08-17T06:28:21.157011+00:00,paper,True,appendix,route_best_action,route_best_action,fig_exp1_route_trajectory_data,route_best_action,4,,,,frozen appendix diagnostic,source table,,,,,fig_exp1_route_trajectory_data.csv,85
exp1_appendix_reversal_trajectory_diagnostics,b,exp1_alignment_transfer,exp1_alignment_transfer:full:2026-08-17T06:28:21.157011+00:00,paper,True,appendix,route_best_action,route_best_action,fig_exp1_route_trajectory_data,route_best_action,4,,,,frozen appendix diagnostic,source table,,,,,fig_exp1_route_trajectory_data.csv,86
exp1_appendix_reversal_trajectory_diagnostics,b,exp1_alignment_transfer,exp1_alignment_transfer:full:2026-08-17T06:28:21.157011+00:00,paper,True,appendix,route_best_action,route_best_action,fig_exp1_route_trajectory_data,route_best_action,4,,,,frozen appendix diagnostic,source table,,,,,fig_exp1_route_trajectory_data.csv,87
exp1_appendix_reversal_trajectory_diagnostics,b,exp1_alignment_transfer,exp1_alignment_transfer:full:2026-08-17T06:28:21.157011+00:00,paper,True,appendix,route_best_action,route_best_action,fig_exp1_route_trajectory_data,route_best_action,4,,,,frozen appendix diagnostic,source table,,,,,fig_exp1_route_trajectory_data.csv,88
exp1_appendix_reversal_trajectory_diagnostics,b,exp1_alignment_transfer,exp1_alignment_transfer:full:2026-08-17T06:28:21.157011+00:00,paper,True,appendix,route_best_action,route_best_action,fig_exp1_route_trajectory_data,route_best_action,4,,,,frozen appendix diagnostic,source table,,,,,fig_exp1_route_trajectory_data.csv,89
exp1_appendix_reversal_trajectory_diagnostics,b,exp1_alignment_transfer,exp1_alignment_transfer:full:2026-08-17T06:28:21.157011+00:00,paper,True,appendix,route_best_action,route_best_action,fig_exp1_route_trajectory_data,route_best_action,4,,,,frozen appendix diagnostic,source table,,,,,fig_exp1_route_trajectory_data.csv,90
exp1_appendix_reversal_trajectory_diagnostics,b,exp1_alignment_transfer,exp1_alignment_transfer:full:2026-08-17T06:28:21.157011+00:00,paper,True,appendix,route_best_action,route_best_action,fig_exp1_route_trajectory_data,route_best_action,4,,,,frozen appendix diagnostic,source table,,,,,fig_exp1_route_trajectory_data.csv,91
exp1_appendix_reversal_trajectory_diagnostics,b,exp1_alignment_transfer,exp1_alignment_transfer:full:2026-08-17T06:28:21.157011+00:00,paper,True,appendix,route_best_action,route_best_action,fig_exp1_route_trajectory_data,route_best_action,4,,,,frozen appendix diagnostic,source table,,,,,fig_exp1_route_trajectory_data.csv,92
exp1_appendix_reversal_trajectory_diagnostics,b,exp1_alignment_transfer,exp1_alignment_transfer:full:2026-08-17T06:28:21.157011+00:00,paper,True,appendix,route_best_action,route_best_action,fig_exp1_route_trajectory_data,route_best_action,4,,,,frozen appendix diagnostic,source table,,,,,fig_exp1_route_trajectory_data.csv,93
exp1_appendix_reversal_trajectory_diagnostics,b,exp1_alignment_transfer,exp1_alignment_transfer:full:2026-08-17T06:28:21.157011+00:00,paper,True,appendix,route_best_action,route_best_action,fig_exp1_route_trajectory_data,route_best_action,4,,,,frozen appendix diagnostic,source table,,,,,fig_exp1_route_trajectory_data.csv,94
exp1_appendix_reversal_trajectory_diagnostics,b,exp1_alignment_transfer,exp1_alignment_transfer:full:2026-08-17T06:28:21.157011+00:00,paper,True,appendix,route_best_action,route_best_action,fig_exp1_route_trajectory_data,route_best_action,4,,,,frozen appendix diagnostic,source table,,,,,fig_exp1_route_trajectory_data.csv,95
exp1_appendix_reversal_trajectory_diagnostics,b,exp1_alignment_transfer,exp1_alignment_transfer:full:2026-08-17T06:28:21.157011+00:00,paper,True,appendix,route_best_action,route_best_action,fig_exp1_route_trajectory_data,route_best_action,4,,,,frozen appendix diagnostic,source table,,,,,fig_exp1_route_trajectory_data.csv,96
exp1_appendix_reversal_trajectory_diagnostics,b,exp1_alignment_transfer,exp1_alignment_transfer:full:2026-08-17T06:28:21.157011+00:00,paper,True,appendix,route_best_action,route_best_action,fig_exp1_route_trajectory_data,route_best_action,4,,,,frozen appendix diagnostic,source table,,,,,fig_exp1_route_trajectory_data.csv,97
exp1_appendix_reversal_trajectory_diagnostics,b,exp1_alignment_transfer,exp1_alignment_transfer:full:2026-08-17T06:28:21.157011+00:00,paper,True,appendix,route_best_action,route_best_action,fig_exp1_route_trajectory_data,route_best_action,4,,,,frozen appendix diagnostic,source table,,,,,fig_exp1_route_trajectory_data.csv,98
exp1_appendix_reversal_trajectory_diagnostics,b,exp1_alignment_transfer,exp1_alignment_transfer:full:2026-08-17T06:28:21.157011+00:00,paper,True,appendix,route_best_action,route_best_action,fig_exp1_route_trajectory_data,route_best_action,4,,,,frozen appendix diagnostic,source table,,,,,fig_exp1_route_trajectory_data.csv,99
exp1_appendix_reversal_trajectory_diagnostics,b,exp1_alignment_transfer,exp1_alignment_transfer:full:2026-08-17T06:28:21.157011+00:00,paper,True,appendix,route_best_action,route_best_action,fig_exp1_route_trajectory_data,route_best_action,4,,,,frozen appendix diagnostic,source table,,,,,fig_exp1_route_trajectory_data.csv,100
exp1_appendix_reversal_trajectory_diagnostics,b,exp1_alignment_transfer,exp1_alignment_transfer:full:2026-08-17T06:28:21.157011+00:00,paper,True,appendix,route_best_action,route_best_action,fig_exp1_route_trajectory_data,route_best_action,4,,,,frozen appendix diagnostic,source table,,,,,fig_exp1_route_trajectory_data.csv,101
exp1_appendix_reversal_trajectory_diagnostics,b,exp1_alignment_transfer,exp1_alignment_transfer:full:2026-08-17T06:28:21.157011+00:00,paper,True,appendix,route_best_action,route_best_action,fig_exp1_route_trajectory_data,route_best_action,4,,,,frozen appendix diagnostic,source table,,,,,fig_exp1_route_trajectory_data.csv,102
exp1_appendix_reversal_trajectory_diagnostics,b,exp1_alignment_transfer,exp1_alignment_transfer:full:2026-08-17T06:28:21.157011+00:00,paper,True,appendix,route_best_action,route_best_action,fig_exp1_route_trajectory_data,route_best_action,4,,,,frozen appendix diagnostic,source table,,,,,fig_exp1_route_trajectory_data.csv,103
exp1_appendix_reversal_trajectory_diagnostics,b,exp1_alignment_transfer,exp1_alignment_transfer:full:2026-08-17T06:28:21.157011+00:00,paper,True,appendix,route_best_action,route_best_action,fig_exp1_route_trajectory_data,route_best_action,4,,,,frozen appendix diagnostic,source table,,,,,fig_exp1_route_trajectory_data.csv,104
exp1_appendix_reversal_trajectory_diagnostics,b,exp1_alignment_transfer,exp1_alignment_transfer:full:2026-08-17T06:28:21.157011+00:00,paper,True,appendix,route_best_action,route_best_action,fig_exp1_route_trajectory_data,route_best_action,4,,,,frozen appendix diagnostic,source table,,,,,fig_exp1_route_trajectory_data.csv,105
exp1_appendix_reversal_trajectory_diagnostics,b,exp1_alignment_transfer,exp1_alignment_transfer:full:2026-08-17T06:28:21.157011+00:00,paper,True,appendix,route_best_action,route_best_action,fig_exp1_route_trajectory_data,route_best_action,4,,,,frozen appendix diagnostic,source table,,,,,fig_exp1_route_trajectory_data.csv,106
exp1_appendix_reversal_trajectory_diagnostics,b,exp1_alignment_transfer,exp1_alignment_transfer:full:2026-08-17T06:28:21.157011+00:00,paper,True,appendix,route_best_action,route_best_action,fig_exp1_route_trajectory_data,route_best_action,4,,,,frozen appendix diagnostic,source table,,,,,fig_exp1_route_trajectory_data.csv,107
exp1_appendix_reversal_trajectory_diagnostics,b,exp1_alignment_transfer,exp1_alignment_transfer:full:2026-08-17T06:28:21.157011+00:00,paper,True,appendix,route_best_action,route_best_action,fig_exp1_route_trajectory_data,route_best_action,4,,,,frozen appendix diagnostic,source table,,,,,fig_exp1_route_trajectory_data.csv,108
exp1_appendix_reversal_trajectory_diagnostics,b,exp1_alignment_transfer,exp1_alignment_transfer:full:2026-08-17T06:28:21.157011+00:00,paper,True,appendix,route_best_action,route_best_action,fig_exp1_route_trajectory_data,route_best_action,4,,,,frozen appendix diagnostic,source table,,,,,fig_exp1_route_trajectory_data.csv,109
exp1_appendix_reversal_trajectory_diagnostics,b,exp1_alignment_transfer,exp1_alignment_transfer:full:2026-08-17T06:28:21.157011+00:00,paper,True,appendix,route_best_action,route_best_action,fig_exp1_route_trajectory_data,route_best_action,4,,,,frozen appendix diagnostic,source table,,,,,fig_exp1_route_trajectory_data.csv,110
exp1_appendix_reversal_trajectory_diagnostics,b,exp1_alignment_transfer,exp1_alignment_transfer:full:2026-08-17T06:28:21.157011+00:00,paper,True,appendix,route_best_action,route_best_action,fig_exp1_route_trajectory_data,route_best_action,4,,,,frozen appendix diagnostic,source table,,,,,fig_exp1_route_trajectory_data.csv,111
exp1_appendix_reversal_trajectory_diagnostics,b,exp1_alignment_transfer,exp1_alignment_transfer:full:2026-08-17T06:28:21.157011+00:00,paper,True,appendix,route_best_action,route_best_action,fig_exp1_route_trajectory_data,route_best_action,4,,,,frozen appendix diagnostic,source table,,,,,fig_exp1_route_trajectory_data.csv,112
exp1_appendix_reversal_trajectory_diagnostics,b,exp1_alignment_transfer,exp1_alignment_transfer:full:2026-08-17T06:28:21.157011+00:00,paper,True,appendix,route_best_action,route_best_action,fig_exp1_route_trajectory_data,route_best_action,4,,,,frozen appendix diagnostic,source table,,,,,fig_exp1_route_trajectory_data.csv,113
exp1_appendix_reversal_trajectory_diagnostics,b,exp1_alignment_transfer,exp1_alignment_transfer:full:2026-08-17T06:28:21.157011+00:00,paper,True,appendix,route_best_action,route_best_action,fig_exp1_route_trajectory_data,route_best_action,4,,,,frozen appendix diagnostic,source table,,,,,fig_exp1_route_trajectory_data.csv,114
exp1_appendix_reversal_trajectory_diagnostics,b,exp1_alignment_transfer,exp1_alignment_transfer:full:2026-08-17T06:28:21.157011+00:00,paper,True,appendix,route_best_action,route_best_action,fig_exp1_route_trajectory_data,route_best_action,4,,,,frozen appendix diagnostic,source table,,,,,fig_exp1_route_trajectory_data.csv,115
exp1_appendix_reversal_trajectory_diagnostics,b,exp1_alignment_transfer,exp1_alignment_transfer:full:2026-08-17T06:28:21.157011+00:00,paper,True,appendix,route_best_action,route_best_action,fig_exp1_route_trajectory_data,route_best_action,4,,,,frozen appendix diagnostic,source table,,,,,fig_exp1_route_trajectory_data.csv,116
exp1_appendix_reversal_trajectory_diagnostics,b,exp1_alignment_transfer,exp1_alignment_transfer:full:2026-08-17T06:28:21.157011+00:00,paper,True,appendix,route_best_action,route_best_action,fig_exp1_route_trajectory_data,route_best_action,4,,,,frozen appendix diagnostic,source table,,,,,fig_exp1_route_trajectory_data.csv,117
exp1_appendix_reversal_trajectory_diagnostics,b,exp1_alignment_transfer,exp1_alignment_transfer:full:2026-08-17T06:28:21.157011+00:00,paper,True,appendix,route_best_action,route_best_action,fig_exp1_route_trajectory_data,route_best_action,4,,,,frozen appendix diagnostic,source table,,,,,fig_exp1_route_trajectory_data.csv,118
exp1_appendix_reversal_trajectory_diagnostics,b,exp1_alignment_transfer,exp1_alignment_transfer:full:2026-08-17T06:28:21.157011+00:00,paper,True,appendix,route_best_action,route_best_action,fig_exp1_route_trajectory_data,route_best_action,4,,,,frozen appendix diagnostic,source table,,,,,fig_exp1_route_trajectory_data.csv,119
exp1_appendix_reversal_trajectory_diagnostics,b,exp1_alignment_transfer,exp1_alignment_transfer:full:2026-08-17T06:28:21.157011+00:00,paper,True,appendix,route_best_action,route_best_action,fig_exp1_route_trajectory_data,route_best_action,4,,,,frozen appendix diagnostic,source table,,,,,fig_exp1_route_trajectory_data.csv,120
exp1_appendix_reversal_trajectory_diagnostics,b,exp1_alignment_transfer,exp1_alignment_transfer:full:2026-08-17T06:28:21.157011+00:00,paper,True,appendix,route_best_action,route_best_action,fig_exp1_route_trajectory_data,route_best_action,4,,,,frozen appendix diagnostic,source table,,,,,fig_exp1_route_trajectory_data.csv,121
exp1_appendix_reversal_trajectory_diagnostics,b,exp1_alignment_transfer,exp1_alignment_transfer:full:2026-08-17T06:28:21.157011+00:00,paper,True,appendix,route_best_action,route_best_action,fig_exp1_route_trajectory_data,route_best_action,4,,,,frozen appendix diagnostic,source table,,,,,fig_exp1_route_trajectory_data.csv,122
exp1_appendix_reversal_trajectory_diagnostics,b,exp1_alignment_transfer,exp1_alignment_transfer:full:2026-08-17T06:28:21.157011+00:00,paper,True,appendix,route_best_action,route_best_action,fig_exp1_route_trajectory_data,route_best_action,4,,,,frozen appendix diagnostic,source table,,,,,fig_exp1_route_trajectory_data.csv,123
exp1_appendix_reversal_trajectory_diagnostics,b,exp1_alignment_transfer,exp1_alignment_transfer:full:2026-08-17T06:28:21.157011+00:00,paper,True,appendix,route_best_action,route_best_action,fig_exp1_route_trajectory_data,route_best_action,4,,,,frozen appendix diagnostic,source table,,,,,fig_exp1_route_trajectory_data.csv,124
exp1_appendix_reversal_trajectory_diagnostics,b,exp1_alignment_transfer,exp1_alignment_transfer:full:2026-08-17T06:28:21.157011+00:00,paper,True,appendix,route_best_action,route_best_action,fig_exp1_route_trajectory_data,route_best_action,4,,,,frozen appendix diagnostic,source table,,,,,fig_exp1_route_trajectory_data.csv,125
exp1_appendix_reversal_trajectory_diagnostics,b,exp1_alignment_transfer,exp1_alignment_transfer:full:2026-08-17T06:28:21.157011+00:00,paper,True,appendix,route_best_action,route_best_action,fig_exp1_route_trajectory_data,route_best_action,4,,,,frozen appendix diagnostic,source table,,,,,fig_exp1_route_trajectory_data.csv,126
exp1_appendix_reversal_trajectory_diagnostics,b,exp1_alignment_transfer,exp1_alignment_transfer:full:2026-08-17T06:28:21.157011+00:00,paper,True,appendix,route_best_action,route_best_action,fig_exp1_route_trajectory_data,route_best_action,4,,,,frozen appendix diagnostic,source table,,,,,fig_exp1_route_trajectory_data.csv,127
exp1_appendix_reversal_trajectory_diagnostics,b,exp1_alignment_transfer,exp1_alignment_transfer:full:2026-08-17T06:28:21.157011+00:00,paper,True,appendix,route_best_action,route_best_action,fig_exp1_route_trajectory_data,route_best_action,4,,,,frozen appendix diagnostic,source table,,,,,fig_exp1_route_trajectory_data.csv,128
exp1_appendix_reversal_trajectory_diagnostics,b,exp1_alignment_transfer,exp1_alignment_transfer:full:2026-08-17T06:28:21.157011+00:00,paper,True,appendix,route_best_action,route_best_action,fig_exp1_route_trajectory_data,route_best_action,4,,,,frozen appendix diagnostic,source table,,,,,fig_exp1_route_trajectory_data.csv,129
exp1_appendix_reversal_trajectory_diagnostics,b,exp1_alignment_transfer,exp1_alignment_transfer:full:2026-08-17T06:28:21.157011+00:00,paper,True,appendix,route_best_action,route_best_action,fig_exp1_route_trajectory_data,route_best_action,4,,,,frozen appendix diagnostic,source table,,,,,fig_exp1_route_trajectory_data.csv,130
exp1_appendix_reversal_trajectory_diagnostics,b,exp1_alignment_transfer,exp1_alignment_transfer:full:2026-08-17T06:28:21.157011+00:00,paper,True,appendix,route_best_action,route_best_action,fig_exp1_route_trajectory_data,route_best_action,4,,,,frozen appendix diagnostic,source table,,,,,fig_exp1_route_trajectory_data.csv,131
exp1_appendix_reversal_trajectory_diagnostics,b,exp1_alignment_transfer,exp1_alignment_transfer:full:2026-08-17T06:28:21.157011+00:00,paper,True,appendix,route_best_action,route_best_action,fig_exp1_route_trajectory_data,route_best_action,4,,,,frozen appendix diagnostic,source table,,,,,fig_exp1_route_trajectory_data.csv,132
exp1_appendix_reversal_trajectory_diagnostics,b,exp1_alignment_transfer,exp1_alignment_transfer:full:2026-08-17T06:28:21.157011+00:00,paper,True,appendix,route_best_action,route_best_action,fig_exp1_route_trajectory_data,route_best_action,4,,,,frozen appendix diagnostic,source table,,,,,fig_exp1_route_trajectory_data.csv,133
exp1_appendix_reversal_trajectory_diagnostics,b,exp1_alignment_transfer,exp1_alignment_transfer:full:2026-08-17T06:28:21.157011+00:00,paper,True,appendix,route_best_action,route_best_action,fig_exp1_route_trajectory_data,route_best_action,4,,,,frozen appendix diagnostic,source table,,,,,fig_exp1_route_trajectory_data.csv,134
exp1_appendix_reversal_trajectory_diagnostics,b,exp1_alignment_transfer,exp1_alignment_transfer:full:2026-08-17T06:28:21.157011+00:00,paper,True,appendix,route_best_action,route_best_action,fig_exp1_route_trajectory_data,route_best_action,4,,,,frozen appendix diagnostic,source table,,,,,fig_exp1_route_trajectory_data.csv,135
exp1_appendix_reversal_trajectory_diagnostics,b,exp1_alignment_transfer,exp1_alignment_transfer:full:2026-08-17T06:28:21.157011+00:00,paper,True,appendix,route_best_action,route_best_action,fig_exp1_route_trajectory_data,route_best_action,4,,,,frozen appendix diagnostic,source table,,,,,fig_exp1_route_trajectory_data.csv,136
exp1_appendix_reversal_trajectory_diagnostics,b,exp1_alignment_transfer,exp1_alignment_transfer:full:2026-08-17T06:28:21.157011+00:00,paper,True,appendix,route_best_action,route_best_action,fig_exp1_route_trajectory_data,route_best_action,4,,,,frozen appendix diagnostic,source table,,,,,fig_exp1_route_trajectory_data.csv,137
exp1_appendix_reversal_trajectory_diagnostics,b,exp1_alignment_transfer,exp1_alignment_transfer:full:2026-08-17T06:28:21.157011+00:00,paper,True,appendix,route_best_action,route_best_action,fig_exp1_route_trajectory_data,route_best_action,4,,,,frozen appendix diagnostic,source table,,,,,fig_exp1_route_trajectory_data.csv,138
exp1_appendix_reversal_trajectory_diagnostics,b,exp1_alignment_transfer,exp1_alignment_transfer:full:2026-08-17T06:28:21.157011+00:00,paper,True,appendix,route_best_action,route_best_action,fig_exp1_route_trajectory_data,route_best_action,4,,,,frozen appendix diagnostic,source table,,,,,fig_exp1_route_trajectory_data.csv,139
exp1_appendix_reversal_trajectory_diagnostics,b,exp1_alignment_transfer,exp1_alignment_transfer:full:2026-08-17T06:28:21.157011+00:00,paper,True,appendix,route_best_action,route_best_action,fig_exp1_route_trajectory_data,route_best_action,4,,,,frozen appendix diagnostic,source table,,,,,fig_exp1_route_trajectory_data.csv,140
exp1_appendix_reversal_trajectory_diagnostics,b,exp1_alignment_transfer,exp1_alignment_transfer:full:2026-08-17T06:28:21.157011+00:00,paper,True,appendix,route_best_action,route_best_action,fig_exp1_route_trajectory_data,route_best_action,4,,,,frozen appendix diagnostic,source table,,,,,fig_exp1_route_trajectory_data.csv,141
exp1_appendix_reversal_trajectory_diagnostics,b,exp1_alignment_transfer,exp1_alignment_transfer:full:2026-08-17T06:28:21.157011+00:00,paper,True,appendix,route_best_action,route_best_action,fig_exp1_route_trajectory_data,route_best_action,4,,,,frozen appendix diagnostic,source table,,,,,fig_exp1_route_trajectory_data.csv,142
exp1_appendix_reversal_trajectory_diagnostics,b,exp1_alignment_transfer,exp1_alignment_transfer:full:2026-08-17T06:28:21.157011+00:00,paper,True,appendix,route_best_action,route_best_action,fig_exp1_route_trajectory_data,route_best_action,4,,,,frozen appendix diagnostic,source table,,,,,fig_exp1_route_trajectory_data.csv,143
exp1_appendix_reversal_trajectory_diagnostics,b,exp1_alignment_transfer,exp1_alignment_transfer:full:2026-08-17T06:28:21.157011+00:00,paper,True,appendix,route_best_action,route_best_action,fig_exp1_route_trajectory_data,route_best_action,4,,,,frozen appendix diagnostic,source table,,,,,fig_exp1_route_trajectory_data.csv,144
exp1_appendix_reversal_trajectory_diagnostics,b,exp1_alignment_transfer,exp1_alignment_transfer:full:2026-08-17T06:28:21.157011+00:00,paper,True,appendix,route_best_action,route_best_action,fig_exp1_route_trajectory_data,route_best_action,4,,,,frozen appendix diagnostic,source table,,,,,fig_exp1_route_trajectory_data.csv,145
exp1_appendix_reversal_trajectory_diagnostics,b,exp1_alignment_transfer,exp1_alignment_transfer:full:2026-08-17T06:28:21.157011+00:00,paper,True,appendix,route_best_action,route_best_action,fig_exp1_route_trajectory_data,route_best_action,4,,,,frozen appendix diagnostic,source table,,,,,fig_exp1_route_trajectory_data.csv,146
exp1_appendix_reversal_trajectory_diagnostics,b,exp1_alignment_transfer,exp1_alignment_transfer:full:2026-08-17T06:28:21.157011+00:00,paper,True,appendix,route_best_action,route_best_action,fig_exp1_route_trajectory_data,route_best_action,4,,,,frozen appendix diagnostic,source table,,,,,fig_exp1_route_trajectory_data.csv,147
exp1_appendix_reversal_trajectory_diagnostics,b,exp1_alignment_transfer,exp1_alignment_transfer:full:2026-08-17T06:28:21.157011+00:00,paper,True,appendix,route_best_action,route_best_action,fig_exp1_route_trajectory_data,route_best_action,4,,,,frozen appendix diagnostic,source table,,,,,fig_exp1_route_trajectory_data.csv,148
exp1_appendix_reversal_trajectory_diagnostics,b,exp1_alignment_transfer,exp1_alignment_transfer:full:2026-08-17T06:28:21.157011+00:00,paper,True,appendix,route_best_action,route_best_action,fig_exp1_route_trajectory_data,route_best_action,4,,,,frozen appendix diagnostic,source table,,,,,fig_exp1_route_trajectory_data.csv,149
exp1_appendix_reversal_trajectory_diagnostics,b,exp1_alignment_transfer,exp1_alignment_transfer:full:2026-08-17T06:28:21.157011+00:00,paper,True,appendix,route_best_action,route_best_action,fig_exp1_route_trajectory_data,route_best_action,7,,,,frozen appendix diagnostic,source table,,,,,fig_exp1_route_trajectory_data.csv,150
exp1_appendix_reversal_trajectory_diagnostics,b,exp1_alignment_transfer,exp1_alignment_transfer:full:2026-08-17T06:28:21.157011+00:00,paper,True,appendix,route_best_action,route_best_action,fig_exp1_route_trajectory_data,route_best_action,7,,,,frozen appendix diagnostic,source table,,,,,fig_exp1_route_trajectory_data.csv,151
exp1_appendix_reversal_trajectory_diagnostics,b,exp1_alignment_transfer,exp1_alignment_transfer:full:2026-08-17T06:28:21.157011+00:00,paper,True,appendix,route_best_action,route_best_action,fig_exp1_route_trajectory_data,route_best_action,7,,,,frozen appendix diagnostic,source table,,,,,fig_exp1_route_trajectory_data.csv,152
exp1_appendix_reversal_trajectory_diagnostics,b,exp1_alignment_transfer,exp1_alignment_transfer:full:2026-08-17T06:28:21.157011+00:00,paper,True,appendix,route_best_action,route_best_action,fig_exp1_route_trajectory_data,route_best_action,7,,,,frozen appendix diagnostic,source table,,,,,fig_exp1_route_trajectory_data.csv,153
exp1_appendix_reversal_trajectory_diagnostics,b,exp1_alignment_transfer,exp1_alignment_transfer:full:2026-08-17T06:28:21.157011+00:00,paper,True,appendix,route_best_action,route_best_action,fig_exp1_route_trajectory_data,route_best_action,7,,,,frozen appendix diagnostic,source table,,,,,fig_exp1_route_trajectory_data.csv,154
exp1_appendix_reversal_trajectory_diagnostics,b,exp1_alignment_transfer,exp1_alignment_transfer:full:2026-08-17T06:28:21.157011+00:00,paper,True,appendix,route_best_action,route_best_action,fig_exp1_route_trajectory_data,route_best_action,7,,,,frozen appendix diagnostic,source table,,,,,fig_exp1_route_trajectory_data.csv,155
exp1_appendix_reversal_trajectory_diagnostics,b,exp1_alignment_transfer,exp1_alignment_transfer:full:2026-08-17T06:28:21.157011+00:00,paper,True,appendix,route_best_action,route_best_action,fig_exp1_route_trajectory_data,route_best_action,7,,,,frozen appendix diagnostic,source table,,,,,fig_exp1_route_trajectory_data.csv,156
exp1_appendix_reversal_trajectory_diagnostics,b,exp1_alignment_transfer,exp1_alignment_transfer:full:2026-08-17T06:28:21.157011+00:00,paper,True,appendix,route_best_action,route_best_action,fig_exp1_route_trajectory_data,route_best_action,7,,,,frozen appendix diagnostic,source table,,,,,fig_exp1_route_trajectory_data.csv,157
exp1_appendix_reversal_trajectory_diagnostics,b,exp1_alignment_transfer,exp1_alignment_transfer:full:2026-08-17T06:28:21.157011+00:00,paper,True,appendix,route_best_action,route_best_action,fig_exp1_route_trajectory_data,route_best_action,7,,,,frozen appendix diagnostic,source table,,,,,fig_exp1_route_trajectory_data.csv,158
exp1_appendix_reversal_trajectory_diagnostics,b,exp1_alignment_transfer,exp1_alignment_transfer:full:2026-08-17T06:28:21.157011+00:00,paper,True,appendix,route_best_action,route_best_action,fig_exp1_route_trajectory_data,route_best_action,7,,,,frozen appendix diagnostic,source table,,,,,fig_exp1_route_trajectory_data.csv,159
exp1_appendix_reversal_trajectory_diagnostics,b,exp1_alignment_transfer,exp1_alignment_transfer:full:2026-08-17T06:28:21.157011+00:00,paper,True,appendix,route_best_action,route_best_action,fig_exp1_route_trajectory_data,route_best_action,7,,,,frozen appendix diagnostic,source table,,,,,fig_exp1_route_trajectory_data.csv,160
exp1_appendix_reversal_trajectory_diagnostics,b,exp1_alignment_transfer,exp1_alignment_transfer:full:2026-08-17T06:28:21.157011+00:00,paper,True,appendix,route_best_action,route_best_action,fig_exp1_route_trajectory_data,route_best_action,7,,,,frozen appendix diagnostic,source table,,,,,fig_exp1_route_trajectory_data.csv,161
exp1_appendix_reversal_trajectory_diagnostics,b,exp1_alignment_transfer,exp1_alignment_transfer:full:2026-08-17T06:28:21.157011+00:00,paper,True,appendix,route_best_action,route_best_action,fig_exp1_route_trajectory_data,route_best_action,7,,,,frozen appendix diagnostic,source table,,,,,fig_exp1_route_trajectory_data.csv,162
exp1_appendix_reversal_trajectory_diagnostics,b,exp1_alignment_transfer,exp1_alignment_transfer:full:2026-08-17T06:28:21.157011+00:00,paper,True,appendix,route_best_action,route_best_action,fig_exp1_route_trajectory_data,route_best_action,7,,,,frozen appendix diagnostic,source table,,,,,fig_exp1_route_trajectory_data.csv,163
exp1_appendix_reversal_trajectory_diagnostics,b,exp1_alignment_transfer,exp1_alignment_transfer:full:2026-08-17T06:28:21.157011+00:00,paper,True,appendix,route_best_action,route_best_action,fig_exp1_route_trajectory_data,route_best_action,7,,,,frozen appendix diagnostic,source table,,,,,fig_exp1_route_trajectory_data.csv,164
exp1_appendix_reversal_trajectory_diagnostics,b,exp1_alignment_transfer,exp1_alignment_transfer:full:2026-08-17T06:28:21.157011+00:00,paper,True,appendix,route_best_action,route_best_action,fig_exp1_route_trajectory_data,route_best_action,7,,,,frozen appendix diagnostic,source table,,,,,fig_exp1_route_trajectory_data.csv,165
exp1_appendix_reversal_trajectory_diagnostics,b,exp1_alignment_transfer,exp1_alignment_transfer:full:2026-08-17T06:28:21.157011+00:00,paper,True,appendix,route_best_action,route_best_action,fig_exp1_route_trajectory_data,route_best_action,7,,,,frozen appendix diagnostic,source table,,,,,fig_exp1_route_trajectory_data.csv,166
exp1_appendix_reversal_trajectory_diagnostics,b,exp1_alignment_transfer,exp1_alignment_transfer:full:2026-08-17T06:28:21.157011+00:00,paper,True,appendix,route_best_action,route_best_action,fig_exp1_route_trajectory_data,route_best_action,7,,,,frozen appendix diagnostic,source table,,,,,fig_exp1_route_trajectory_data.csv,167
exp1_appendix_reversal_trajectory_diagnostics,b,exp1_alignment_transfer,exp1_alignment_transfer:full:2026-08-17T06:28:21.157011+00:00,paper,True,appendix,route_best_action,route_best_action,fig_exp1_route_trajectory_data,route_best_action,7,,,,frozen appendix diagnostic,source table,,,,,fig_exp1_route_trajectory_data.csv,168
exp1_appendix_reversal_trajectory_diagnostics,b,exp1_alignment_transfer,exp1_alignment_transfer:full:2026-08-17T06:28:21.157011+00:00,paper,True,appendix,route_best_action,route_best_action,fig_exp1_route_trajectory_data,route_best_action,7,,,,frozen appendix diagnostic,source table,,,,,fig_exp1_route_trajectory_data.csv,169
exp1_appendix_reversal_trajectory_diagnostics,b,exp1_alignment_transfer,exp1_alignment_transfer:full:2026-08-17T06:28:21.157011+00:00,paper,True,appendix,route_best_action,route_best_action,fig_exp1_route_trajectory_data,route_best_action,7,,,,frozen appendix diagnostic,source table,,,,,fig_exp1_route_trajectory_data.csv,170
exp1_appendix_reversal_trajectory_diagnostics,b,exp1_alignment_transfer,exp1_alignment_transfer:full:2026-08-17T06:28:21.157011+00:00,paper,True,appendix,route_best_action,route_best_action,fig_exp1_route_trajectory_data,route_best_action,7,,,,frozen appendix diagnostic,source table,,,,,fig_exp1_route_trajectory_data.csv,171
exp1_appendix_reversal_trajectory_diagnostics,b,exp1_alignment_transfer,exp1_alignment_transfer:full:2026-08-17T06:28:21.157011+00:00,paper,True,appendix,route_best_action,route_best_action,fig_exp1_route_trajectory_data,route_best_action,7,,,,frozen appendix diagnostic,source table,,,,,fig_exp1_route_trajectory_data.csv,172
exp1_appendix_reversal_trajectory_diagnostics,b,exp1_alignment_transfer,exp1_alignment_transfer:full:2026-08-17T06:28:21.157011+00:00,paper,True,appendix,route_best_action,route_best_action,fig_exp1_route_trajectory_data,route_best_action,7,,,,frozen appendix diagnostic,source table,,,,,fig_exp1_route_trajectory_data.csv,173
exp1_appendix_reversal_trajectory_diagnostics,b,exp1_alignment_transfer,exp1_alignment_transfer:full:2026-08-17T06:28:21.157011+00:00,paper,True,appendix,route_best_action,route_best_action,fig_exp1_route_trajectory_data,route_best_action,2,,,,frozen appendix diagnostic,source table,,,,,fig_exp1_route_trajectory_data.csv,174
exp1_appendix_reversal_trajectory_diagnostics,b,exp1_alignment_transfer,exp1_alignment_transfer:full:2026-08-17T06:28:21.157011+00:00,paper,True,appendix,route_best_action,route_best_action,fig_exp1_route_trajectory_data,route_best_action,2,,,,frozen appendix diagnostic,source table,,,,,fig_exp1_route_trajectory_data.csv,175
exp1_appendix_reversal_trajectory_diagnostics,b,exp1_alignment_transfer,exp1_alignment_transfer:full:2026-08-17T06:28:21.157011+00:00,paper,True,appendix,route_best_action,route_best_action,fig_exp1_route_trajectory_data,route_best_action,2,,,,frozen appendix diagnostic,source table,,,,,fig_exp1_route_trajectory_data.csv,176
exp1_appendix_reversal_trajectory_diagnostics,b,exp1_alignment_transfer,exp1_alignment_transfer:full:2026-08-17T06:28:21.157011+00:00,paper,True,appendix,route_best_action,route_best_action,fig_exp1_route_trajectory_data,route_best_action,2,,,,frozen appendix diagnostic,source table,,,,,fig_exp1_route_trajectory_data.csv,177
exp1_appendix_reversal_trajectory_diagnostics,b,exp1_alignment_transfer,exp1_alignment_transfer:full:2026-08-17T06:28:21.157011+00:00,paper,True,appendix,route_best_action,route_best_action,fig_exp1_route_trajectory_data,route_best_action,2,,,,frozen appendix diagnostic,source table,,,,,fig_exp1_route_trajectory_data.csv,178
exp1_appendix_reversal_trajectory_diagnostics,b,exp1_alignment_transfer,exp1_alignment_transfer:full:2026-08-17T06:28:21.157011+00:00,paper,True,appendix,route_best_action,route_best_action,fig_exp1_route_trajectory_data,route_best_action,2,,,,frozen appendix diagnostic,source table,,,,,fig_exp1_route_trajectory_data.csv,179
exp1_appendix_reversal_trajectory_diagnostics,b,exp1_alignment_transfer,exp1_alignment_transfer:full:2026-08-17T06:28:21.157011+00:00,paper,True,appendix,route_best_action,route_best_action,fig_exp1_route_trajectory_data,route_best_action,2,,,,frozen appendix diagnostic,source table,,,,,fig_exp1_route_trajectory_data.csv,180
exp1_appendix_reversal_trajectory_diagnostics,b,exp1_alignment_transfer,exp1_alignment_transfer:full:2026-08-17T06:28:21.157011+00:00,paper,True,appendix,route_best_action,route_best_action,fig_exp1_route_trajectory_data,route_best_action,2,,,,frozen appendix diagnostic,source table,,,,,fig_exp1_route_trajectory_data.csv,181
exp1_appendix_reversal_trajectory_diagnostics,b,exp1_alignment_transfer,exp1_alignment_transfer:full:2026-08-17T06:28:21.157011+00:00,paper,True,appendix,route_best_action,route_best_action,fig_exp1_route_trajectory_data,route_best_action,2,,,,frozen appendix diagnostic,source table,,,,,fig_exp1_route_trajectory_data.csv,182
exp1_appendix_reversal_trajectory_diagnostics,b,exp1_alignment_transfer,exp1_alignment_transfer:full:2026-08-17T06:28:21.157011+00:00,paper,True,appendix,route_best_action,route_best_action,fig_exp1_route_trajectory_data,route_best_action,2,,,,frozen appendix diagnostic,source table,,,,,fig_exp1_route_trajectory_data.csv,183
exp1_appendix_reversal_trajectory_diagnostics,b,exp1_alignment_transfer,exp1_alignment_transfer:full:2026-08-17T06:28:21.157011+00:00,paper,True,appendix,route_best_action,route_best_action,fig_exp1_route_trajectory_data,route_best_action,2,,,,frozen appendix diagnostic,source table,,,,,fig_exp1_route_trajectory_data.csv,184
exp1_appendix_reversal_trajectory_diagnostics,b,exp1_alignment_transfer,exp1_alignment_transfer:full:2026-08-17T06:28:21.157011+00:00,paper,True,appendix,route_best_action,route_best_action,fig_exp1_route_trajectory_data,route_best_action,2,,,,frozen appendix diagnostic,source table,,,,,fig_exp1_route_trajectory_data.csv,185
exp1_appendix_reversal_trajectory_diagnostics,b,exp1_alignment_transfer,exp1_alignment_transfer:full:2026-08-17T06:28:21.157011+00:00,paper,True,appendix,route_best_action,route_best_action,fig_exp1_route_trajectory_data,route_best_action,2,,,,frozen appendix diagnostic,source table,,,,,fig_exp1_route_trajectory_data.csv,186
exp1_appendix_reversal_trajectory_diagnostics,b,exp1_alignment_transfer,exp1_alignment_transfer:full:2026-08-17T06:28:21.157011+00:00,paper,True,appendix,route_best_action,route_best_action,fig_exp1_route_trajectory_data,route_best_action,2,,,,frozen appendix diagnostic,source table,,,,,fig_exp1_route_trajectory_data.csv,187
exp1_appendix_reversal_trajectory_diagnostics,b,exp1_alignment_transfer,exp1_alignment_transfer:full:2026-08-17T06:28:21.157011+00:00,paper,True,appendix,route_best_action,route_best_action,fig_exp1_route_trajectory_data,route_best_action,2,,,,frozen appendix diagnostic,source table,,,,,fig_exp1_route_trajectory_data.csv,188
exp1_appendix_reversal_trajectory_diagnostics,b,exp1_alignment_transfer,exp1_alignment_transfer:full:2026-08-17T06:28:21.157011+00:00,paper,True,appendix,route_best_action,route_best_action,fig_exp1_route_trajectory_data,route_best_action,2,,,,frozen appendix diagnostic,source table,,,,,fig_exp1_route_trajectory_data.csv,189
exp1_appendix_reversal_trajectory_diagnostics,b,exp1_alignment_transfer,exp1_alignment_transfer:full:2026-08-17T06:28:21.157011+00:00,paper,True,appendix,route_best_action,route_best_action,fig_exp1_route_trajectory_data,route_best_action,2,,,,frozen appendix diagnostic,source table,,,,,fig_exp1_route_trajectory_data.csv,190
exp1_appendix_reversal_trajectory_diagnostics,b,exp1_alignment_transfer,exp1_alignment_transfer:full:2026-08-17T06:28:21.157011+00:00,paper,True,appendix,route_best_action,route_best_action,fig_exp1_route_trajectory_data,route_best_action,2,,,,frozen appendix diagnostic,source table,,,,,fig_exp1_route_trajectory_data.csv,191
exp1_appendix_reversal_trajectory_diagnostics,b,exp1_alignment_transfer,exp1_alignment_transfer:full:2026-08-17T06:28:21.157011+00:00,paper,True,appendix,route_best_action,route_best_action,fig_exp1_route_trajectory_data,route_best_action,2,,,,frozen appendix diagnostic,source table,,,,,fig_exp1_route_trajectory_data.csv,192
exp1_appendix_reversal_trajectory_diagnostics,b,exp1_alignment_transfer,exp1_alignment_transfer:full:2026-08-17T06:28:21.157011+00:00,paper,True,appendix,route_best_action,route_best_action,fig_exp1_route_trajectory_data,route_best_action,2,,,,frozen appendix diagnostic,source table,,,,,fig_exp1_route_trajectory_data.csv,193
exp1_appendix_reversal_trajectory_diagnostics,b,exp1_alignment_transfer,exp1_alignment_transfer:full:2026-08-17T06:28:21.157011+00:00,paper,True,appendix,route_best_action,route_best_action,fig_exp1_route_trajectory_data,route_best_action,2,,,,frozen appendix diagnostic,source table,,,,,fig_exp1_route_trajectory_data.csv,194
exp1_appendix_reversal_trajectory_diagnostics,b,exp1_alignment_transfer,exp1_alignment_transfer:full:2026-08-17T06:28:21.157011+00:00,paper,True,appendix,route_best_action,route_best_action,fig_exp1_route_trajectory_data,route_best_action,2,,,,frozen appendix diagnostic,source table,,,,,fig_exp1_route_trajectory_data.csv,195
exp1_appendix_reversal_trajectory_diagnostics,b,exp1_alignment_transfer,exp1_alignment_transfer:full:2026-08-17T06:28:21.157011+00:00,paper,True,appendix,route_best_action,route_best_action,fig_exp1_route_trajectory_data,route_best_action,2,,,,frozen appendix diagnostic,source table,,,,,fig_exp1_route_trajectory_data.csv,196
exp1_appendix_reversal_trajectory_diagnostics,b,exp1_alignment_transfer,exp1_alignment_transfer:full:2026-08-17T06:28:21.157011+00:00,paper,True,appendix,route_best_action,route_best_action,fig_exp1_route_trajectory_data,route_best_action,2,,,,frozen appendix diagnostic,source table,,,,,fig_exp1_route_trajectory_data.csv,197
exp1_appendix_reversal_trajectory_diagnostics,b,exp1_alignment_transfer,exp1_alignment_transfer:full:2026-08-17T06:28:21.157011+00:00,paper,True,appendix,route_best_action,route_best_action,fig_exp1_route_trajectory_data,route_best_action,2,,,,frozen appendix diagnostic,source table,,,,,fig_exp1_route_trajectory_data.csv,198
exp1_appendix_reversal_trajectory_diagnostics,b,exp1_alignment_transfer,exp1_alignment_transfer:full:2026-08-17T06:28:21.157011+00:00,paper,True,appendix,route_best_action,route_best_action,fig_exp1_route_trajectory_data,route_best_action,2,,,,frozen appendix diagnostic,source table,,,,,fig_exp1_route_trajectory_data.csv,199
exp1_appendix_reversal_trajectory_diagnostics,b,exp1_alignment_transfer,exp1_alignment_transfer:full:2026-08-17T06:28:21.157011+00:00,paper,True,appendix,route_best_action,route_best_action,fig_exp1_route_trajectory_data,route_best_action,2,,,,frozen appendix diagnostic,source table,,,,,fig_exp1_route_trajectory_data.csv,200
exp1_appendix_reversal_trajectory_diagnostics,b,exp1_alignment_transfer,exp1_alignment_transfer:full:2026-08-17T06:28:21.157011+00:00,paper,True,appendix,route_best_action,route_best_action,fig_exp1_route_trajectory_data,route_best_action,2,,,,frozen appendix diagnostic,source table,,,,,fig_exp1_route_trajectory_data.csv,201
exp1_appendix_reversal_trajectory_diagnostics,b,exp1_alignment_transfer,exp1_alignment_transfer:full:2026-08-17T06:28:21.157011+00:00,paper,True,appendix,route_best_action,route_best_action,fig_exp1_route_trajectory_data,route_best_action,2,,,,frozen appendix diagnostic,source table,,,,,fig_exp1_route_trajectory_data.csv,202
exp1_appendix_reversal_trajectory_diagnostics,b,exp1_alignment_transfer,exp1_alignment_transfer:full:2026-08-17T06:28:21.157011+00:00,paper,True,appendix,route_best_action,route_best_action,fig_exp1_route_trajectory_data,route_best_action,2,,,,frozen appendix diagnostic,source table,,,,,fig_exp1_route_trajectory_data.csv,203
exp1_appendix_reversal_trajectory_diagnostics,b,exp1_alignment_transfer,exp1_alignment_transfer:full:2026-08-17T06:28:21.157011+00:00,paper,True,appendix,route_best_action,route_best_action,fig_exp1_route_trajectory_data,route_best_action,7,,,,frozen appendix diagnostic,source table,,,,,fig_exp1_route_trajectory_data.csv,204
exp1_appendix_reversal_trajectory_diagnostics,b,exp1_alignment_transfer,exp1_alignment_transfer:full:2026-08-17T06:28:21.157011+00:00,paper,True,appendix,route_best_action,route_best_action,fig_exp1_route_trajectory_data,route_best_action,7,,,,frozen appendix diagnostic,source table,,,,,fig_exp1_route_trajectory_data.csv,205
exp1_appendix_reversal_trajectory_diagnostics,b,exp1_alignment_transfer,exp1_alignment_transfer:full:2026-08-17T06:28:21.157011+00:00,paper,True,appendix,route_best_action,route_best_action,fig_exp1_route_trajectory_data,route_best_action,7,,,,frozen appendix diagnostic,source table,,,,,fig_exp1_route_trajectory_data.csv,206
exp1_appendix_reversal_trajectory_diagnostics,b,exp1_alignment_transfer,exp1_alignment_transfer:full:2026-08-17T06:28:21.157011+00:00,paper,True,appendix,route_best_action,route_best_action,fig_exp1_route_trajectory_data,route_best_action,7,,,,frozen appendix diagnostic,source table,,,,,fig_exp1_route_trajectory_data.csv,207
exp1_appendix_reversal_trajectory_diagnostics,b,exp1_alignment_transfer,exp1_alignment_transfer:full:2026-08-17T06:28:21.157011+00:00,paper,True,appendix,route_best_action,route_best_action,fig_exp1_route_trajectory_data,route_best_action,7,,,,frozen appendix diagnostic,source table,,,,,fig_exp1_route_trajectory_data.csv,208
exp1_appendix_reversal_trajectory_diagnostics,b,exp1_alignment_transfer,exp1_alignment_transfer:full:2026-08-17T06:28:21.157011+00:00,paper,True,appendix,route_best_action,route_best_action,fig_exp1_route_trajectory_data,route_best_action,7,,,,frozen appendix diagnostic,source table,,,,,fig_exp1_route_trajectory_data.csv,209
exp1_appendix_reversal_trajectory_diagnostics,b,exp1_alignment_transfer,exp1_alignment_transfer:full:2026-08-17T06:28:21.157011+00:00,paper,True,appendix,route_best_action,route_best_action,fig_exp1_route_trajectory_data,route_best_action,7,,,,frozen appendix diagnostic,source table,,,,,fig_exp1_route_trajectory_data.csv,210
exp1_appendix_reversal_trajectory_diagnostics,b,exp1_alignment_transfer,exp1_alignment_transfer:full:2026-08-17T06:28:21.157011+00:00,paper,True,appendix,route_best_action,route_best_action,fig_exp1_route_trajectory_data,route_best_action,7,,,,frozen appendix diagnostic,source table,,,,,fig_exp1_route_trajectory_data.csv,211
exp1_appendix_reversal_trajectory_diagnostics,b,exp1_alignment_transfer,exp1_alignment_transfer:full:2026-08-17T06:28:21.157011+00:00,paper,True,appendix,route_best_action,route_best_action,fig_exp1_route_trajectory_data,route_best_action,7,,,,frozen appendix diagnostic,source table,,,,,fig_exp1_route_trajectory_data.csv,212
exp1_appendix_reversal_trajectory_diagnostics,b,exp1_alignment_transfer,exp1_alignment_transfer:full:2026-08-17T06:28:21.157011+00:00,paper,True,appendix,route_best_action,route_best_action,fig_exp1_route_trajectory_data,route_best_action,7,,,,frozen appendix diagnostic,source table,,,,,fig_exp1_route_trajectory_data.csv,213
exp1_appendix_reversal_trajectory_diagnostics,b,exp1_alignment_transfer,exp1_alignment_transfer:full:2026-08-17T06:28:21.157011+00:00,paper,True,appendix,route_best_action,route_best_action,fig_exp1_route_trajectory_data,route_best_action,7,,,,frozen appendix diagnostic,source table,,,,,fig_exp1_route_trajectory_data.csv,214
exp1_appendix_reversal_trajectory_diagnostics,b,exp1_alignment_transfer,exp1_alignment_transfer:full:2026-08-17T06:28:21.157011+00:00,paper,True,appendix,route_best_action,route_best_action,fig_exp1_route_trajectory_data,route_best_action,7,,,,frozen appendix diagnostic,source table,,,,,fig_exp1_route_trajectory_data.csv,215
exp1_appendix_reversal_trajectory_diagnostics,b,exp1_alignment_transfer,exp1_alignment_transfer:full:2026-08-17T06:28:21.157011+00:00,paper,True,appendix,route_best_action,route_best_action,fig_exp1_route_trajectory_data,route_best_action,7,,,,frozen appendix diagnostic,source table,,,,,fig_exp1_route_trajectory_data.csv,216
exp1_appendix_reversal_trajectory_diagnostics,b,exp1_alignment_transfer,exp1_alignment_transfer:full:2026-08-17T06:28:21.157011+00:00,paper,True,appendix,route_best_action,route_best_action,fig_exp1_route_trajectory_data,route_best_action,7,,,,frozen appendix diagnostic,source table,,,,,fig_exp1_route_trajectory_data.csv,217
exp1_appendix_reversal_trajectory_diagnostics,b,exp1_alignment_transfer,exp1_alignment_transfer:full:2026-08-17T06:28:21.157011+00:00,paper,True,appendix,route_best_action,route_best_action,fig_exp1_route_trajectory_data,route_best_action,7,,,,frozen appendix diagnostic,source table,,,,,fig_exp1_route_trajectory_data.csv,218
exp1_appendix_reversal_trajectory_diagnostics,b,exp1_alignment_transfer,exp1_alignment_transfer:full:2026-08-17T06:28:21.157011+00:00,paper,True,appendix,route_best_action,route_best_action,fig_exp1_route_trajectory_data,route_best_action,7,,,,frozen appendix diagnostic,source table,,,,,fig_exp1_route_trajectory_data.csv,219
exp1_appendix_reversal_trajectory_diagnostics,b,exp1_alignment_transfer,exp1_alignment_transfer:full:2026-08-17T06:28:21.157011+00:00,paper,True,appendix,route_best_action,route_best_action,fig_exp1_route_trajectory_data,route_best_action,7,,,,frozen appendix diagnostic,source table,,,,,fig_exp1_route_trajectory_data.csv,220
exp1_appendix_reversal_trajectory_diagnostics,b,exp1_alignment_transfer,exp1_alignment_transfer:full:2026-08-17T06:28:21.157011+00:00,paper,True,appendix,route_best_action,route_best_action,fig_exp1_route_trajectory_data,route_best_action,7,,,,frozen appendix diagnostic,source table,,,,,fig_exp1_route_trajectory_data.csv,221
exp1_appendix_reversal_trajectory_diagnostics,b,exp1_alignment_transfer,exp1_alignment_transfer:full:2026-08-17T06:28:21.157011+00:00,paper,True,appendix,route_best_action,route_best_action,fig_exp1_route_trajectory_data,route_best_action,7,,,,frozen appendix diagnostic,source table,,,,,fig_exp1_route_trajectory_data.csv,222
exp1_appendix_reversal_trajectory_diagnostics,b,exp1_alignment_transfer,exp1_alignment_transfer:full:2026-08-17T06:28:21.157011+00:00,paper,True,appendix,route_best_action,route_best_action,fig_exp1_route_trajectory_data,route_best_action,7,,,,frozen appendix diagnostic,source table,,,,,fig_exp1_route_trajectory_data.csv,223
exp1_appendix_reversal_trajectory_diagnostics,b,exp1_alignment_transfer,exp1_alignment_transfer:full:2026-08-17T06:28:21.157011+00:00,paper,True,appendix,route_best_action,route_best_action,fig_exp1_route_trajectory_data,route_best_action,7,,,,frozen appendix diagnostic,source table,,,,,fig_exp1_route_trajectory_data.csv,224
exp1_appendix_reversal_trajectory_diagnostics,b,exp1_alignment_transfer,exp1_alignment_transfer:full:2026-08-17T06:28:21.157011+00:00,paper,True,appendix,route_best_action,route_best_action,fig_exp1_route_trajectory_data,route_best_action,7,,,,frozen appendix diagnostic,source table,,,,,fig_exp1_route_trajectory_data.csv,225
exp1_appendix_reversal_trajectory_diagnostics,b,exp1_alignment_transfer,exp1_alignment_transfer:full:2026-08-17T06:28:21.157011+00:00,paper,True,appendix,route_best_action,route_best_action,fig_exp1_route_trajectory_data,route_best_action,7,,,,frozen appendix diagnostic,source table,,,,,fig_exp1_route_trajectory_data.csv,226
exp1_appendix_reversal_trajectory_diagnostics,b,exp1_alignment_transfer,exp1_alignment_transfer:full:2026-08-17T06:28:21.157011+00:00,paper,True,appendix,route_best_action,route_best_action,fig_exp1_route_trajectory_data,route_best_action,7,,,,frozen appendix diagnostic,source table,,,,,fig_exp1_route_trajectory_data.csv,227
exp1_appendix_reversal_trajectory_diagnostics,b,exp1_alignment_transfer,exp1_alignment_transfer:full:2026-08-17T06:28:21.157011+00:00,paper,True,appendix,route_best_action,route_best_action,fig_exp1_route_trajectory_data,route_best_action,7,,,,frozen appendix diagnostic,source table,,,,,fig_exp1_route_trajectory_data.csv,228
exp1_appendix_reversal_trajectory_diagnostics,b,exp1_alignment_transfer,exp1_alignment_transfer:full:2026-08-17T06:28:21.157011+00:00,paper,True,appendix,route_best_action,route_best_action,fig_exp1_route_trajectory_data,route_best_action,7,,,,frozen appendix diagnostic,source table,,,,,fig_exp1_route_trajectory_data.csv,229
exp1_appendix_reversal_trajectory_diagnostics,b,exp1_alignment_transfer,exp1_alignment_transfer:full:2026-08-17T06:28:21.157011+00:00,paper,True,appendix,route_best_action,route_best_action,fig_exp1_route_trajectory_data,route_best_action,7,,,,frozen appendix diagnostic,source table,,,,,fig_exp1_route_trajectory_data.csv,230
exp1_appendix_reversal_trajectory_diagnostics,b,exp1_alignment_transfer,exp1_alignment_transfer:full:2026-08-17T06:28:21.157011+00:00,paper,True,appendix,route_best_action,route_best_action,fig_exp1_route_trajectory_data,route_best_action,7,,,,frozen appendix diagnostic,source table,,,,,fig_exp1_route_trajectory_data.csv,231
exp1_appendix_reversal_trajectory_diagnostics,b,exp1_alignment_transfer,exp1_alignment_transfer:full:2026-08-17T06:28:21.157011+00:00,paper,True,appendix,route_best_action,route_best_action,fig_exp1_route_trajectory_data,route_best_action,7,,,,frozen appendix diagnostic,source table,,,,,fig_exp1_route_trajectory_data.csv,232
exp1_appendix_reversal_trajectory_diagnostics,b,exp1_alignment_transfer,exp1_alignment_transfer:full:2026-08-17T06:28:21.157011+00:00,paper,True,appendix,route_best_action,route_best_action,fig_exp1_route_trajectory_data,route_best_action,7,,,,frozen appendix diagnostic,source table,,,,,fig_exp1_route_trajectory_data.csv,233
exp1_appendix_reversal_trajectory_diagnostics,b,exp1_alignment_transfer,exp1_alignment_transfer:full:2026-08-17T06:28:21.157011+00:00,paper,True,appendix,route_best_action,route_best_action,fig_exp1_route_trajectory_data,route_best_action,2,,,,frozen appendix diagnostic,source table,,,,,fig_exp1_route_trajectory_data.csv,234
exp1_appendix_reversal_trajectory_diagnostics,b,exp1_alignment_transfer,exp1_alignment_transfer:full:2026-08-17T06:28:21.157011+00:00,paper,True,appendix,route_best_action,route_best_action,fig_exp1_route_trajectory_data,route_best_action,2,,,,frozen appendix diagnostic,source table,,,,,fig_exp1_route_trajectory_data.csv,235
exp1_appendix_reversal_trajectory_diagnostics,b,exp1_alignment_transfer,exp1_alignment_transfer:full:2026-08-17T06:28:21.157011+00:00,paper,True,appendix,route_best_action,route_best_action,fig_exp1_route_trajectory_data,route_best_action,2,,,,frozen appendix diagnostic,source table,,,,,fig_exp1_route_trajectory_data.csv,236
exp1_appendix_reversal_trajectory_diagnostics,b,exp1_alignment_transfer,exp1_alignment_transfer:full:2026-08-17T06:28:21.157011+00:00,paper,True,appendix,route_best_action,route_best_action,fig_exp1_route_trajectory_data,route_best_action,2,,,,frozen appendix diagnostic,source table,,,,,fig_exp1_route_trajectory_data.csv,237
exp1_appendix_reversal_trajectory_diagnostics,b,exp1_alignment_transfer,exp1_alignment_transfer:full:2026-08-17T06:28:21.157011+00:00,paper,True,appendix,route_best_action,route_best_action,fig_exp1_route_trajectory_data,route_best_action,2,,,,frozen appendix diagnostic,source table,,,,,fig_exp1_route_trajectory_data.csv,238
exp1_appendix_reversal_trajectory_diagnostics,b,exp1_alignment_transfer,exp1_alignment_transfer:full:2026-08-17T06:28:21.157011+00:00,paper,True,appendix,route_best_action,route_best_action,fig_exp1_route_trajectory_data,route_best_action,2,,,,frozen appendix diagnostic,source table,,,,,fig_exp1_route_trajectory_data.csv,239
exp1_appendix_reversal_trajectory_diagnostics,b,exp1_alignment_transfer,exp1_alignment_transfer:full:2026-08-17T06:28:21.157011+00:00,paper,True,appendix,route_best_action,route_best_action,fig_exp1_route_trajectory_data,route_best_action,2,,,,frozen appendix diagnostic,source table,,,,,fig_exp1_route_trajectory_data.csv,240
exp1_appendix_reversal_trajectory_diagnostics,b,exp1_alignment_transfer,exp1_alignment_transfer:full:2026-08-17T06:28:21.157011+00:00,paper,True,appendix,route_best_action,route_best_action,fig_exp1_route_trajectory_data,route_best_action,2,,,,frozen appendix diagnostic,source table,,,,,fig_exp1_route_trajectory_data.csv,241
exp1_appendix_reversal_trajectory_diagnostics,b,exp1_alignment_transfer,exp1_alignment_transfer:full:2026-08-17T06:28:21.157011+00:00,paper,True,appendix,route_best_action,route_best_action,fig_exp1_route_trajectory_data,route_best_action,2,,,,frozen appendix diagnostic,source table,,,,,fig_exp1_route_trajectory_data.csv,242
exp1_appendix_reversal_trajectory_diagnostics,b,exp1_alignment_transfer,exp1_alignment_transfer:full:2026-08-17T06:28:21.157011+00:00,paper,True,appendix,route_best_action,route_best_action,fig_exp1_route_trajectory_data,route_best_action,2,,,,frozen appendix diagnostic,source table,,,,,fig_exp1_route_trajectory_data.csv,243
exp1_appendix_reversal_trajectory_diagnostics,b,exp1_alignment_transfer,exp1_alignment_transfer:full:2026-08-17T06:28:21.157011+00:00,paper,True,appendix,route_best_action,route_best_action,fig_exp1_route_trajectory_data,route_best_action,2,,,,frozen appendix diagnostic,source table,,,,,fig_exp1_route_trajectory_data.csv,244
exp1_appendix_reversal_trajectory_diagnostics,b,exp1_alignment_transfer,exp1_alignment_transfer:full:2026-08-17T06:28:21.157011+00:00,paper,True,appendix,route_best_action,route_best_action,fig_exp1_route_trajectory_data,route_best_action,2,,,,frozen appendix diagnostic,source table,,,,,fig_exp1_route_trajectory_data.csv,245
exp1_appendix_reversal_trajectory_diagnostics,b,exp1_alignment_transfer,exp1_alignment_transfer:full:2026-08-17T06:28:21.157011+00:00,paper,True,appendix,route_best_action,route_best_action,fig_exp1_route_trajectory_data,route_best_action,2,,,,frozen appendix diagnostic,source table,,,,,fig_exp1_route_trajectory_data.csv,246
exp1_appendix_reversal_trajectory_diagnostics,b,exp1_alignment_transfer,exp1_alignment_transfer:full:2026-08-17T06:28:21.157011+00:00,paper,True,appendix,route_best_action,route_best_action,fig_exp1_route_trajectory_data,route_best_action,2,,,,frozen appendix diagnostic,source table,,,,,fig_exp1_route_trajectory_data.csv,247
exp1_appendix_reversal_trajectory_diagnostics,b,exp1_alignment_transfer,exp1_alignment_transfer:full:2026-08-17T06:28:21.157011+00:00,paper,True,appendix,route_best_action,route_best_action,fig_exp1_route_trajectory_data,route_best_action,2,,,,frozen appendix diagnostic,source table,,,,,fig_exp1_route_trajectory_data.csv,248
exp1_appendix_reversal_trajectory_diagnostics,b,exp1_alignment_transfer,exp1_alignment_transfer:full:2026-08-17T06:28:21.157011+00:00,paper,True,appendix,route_best_action,route_best_action,fig_exp1_route_trajectory_data,route_best_action,2,,,,frozen appendix diagnostic,source table,,,,,fig_exp1_route_trajectory_data.csv,249
exp1_appendix_reversal_trajectory_diagnostics,b,exp1_alignment_transfer,exp1_alignment_transfer:full:2026-08-17T06:28:21.157011+00:00,paper,True,appendix,route_best_action,route_best_action,fig_exp1_route_trajectory_data,route_best_action,2,,,,frozen appendix diagnostic,source table,,,,,fig_exp1_route_trajectory_data.csv,250
exp1_appendix_reversal_trajectory_diagnostics,b,exp1_alignment_transfer,exp1_alignment_transfer:full:2026-08-17T06:28:21.157011+00:00,paper,True,appendix,route_best_action,route_best_action,fig_exp1_route_trajectory_data,route_best_action,2,,,,frozen appendix diagnostic,source table,,,,,fig_exp1_route_trajectory_data.csv,251
exp1_appendix_reversal_trajectory_diagnostics,b,exp1_alignment_transfer,exp1_alignment_transfer:full:2026-08-17T06:28:21.157011+00:00,paper,True,appendix,route_best_action,route_best_action,fig_exp1_route_trajectory_data,route_best_action,2,,,,frozen appendix diagnostic,source table,,,,,fig_exp1_route_trajectory_data.csv,252
exp1_appendix_reversal_trajectory_diagnostics,b,exp1_alignment_transfer,exp1_alignment_transfer:full:2026-08-17T06:28:21.157011+00:00,paper,True,appendix,route_best_action,route_best_action,fig_exp1_route_trajectory_data,route_best_action,2,,,,frozen appendix diagnostic,source table,,,,,fig_exp1_route_trajectory_data.csv,253
exp1_appendix_reversal_trajectory_diagnostics,b,exp1_alignment_transfer,exp1_alignment_transfer:full:2026-08-17T06:28:21.157011+00:00,paper,True,appendix,route_best_action,route_best_action,fig_exp1_route_trajectory_data,route_best_action,2,,,,frozen appendix diagnostic,source table,,,,,fig_exp1_route_trajectory_data.csv,254
exp1_appendix_reversal_trajectory_diagnostics,b,exp1_alignment_transfer,exp1_alignment_transfer:full:2026-08-17T06:28:21.157011+00:00,paper,True,appendix,route_best_action,route_best_action,fig_exp1_route_trajectory_data,route_best_action,2,,,,frozen appendix diagnostic,source table,,,,,fig_exp1_route_trajectory_data.csv,255
exp1_appendix_reversal_trajectory_diagnostics,b,exp1_alignment_transfer,exp1_alignment_transfer:full:2026-08-17T06:28:21.157011+00:00,paper,True,appendix,route_best_action,route_best_action,fig_exp1_route_trajectory_data,route_best_action,2,,,,frozen appendix diagnostic,source table,,,,,fig_exp1_route_trajectory_data.csv,256
exp1_appendix_reversal_trajectory_diagnostics,b,exp1_alignment_transfer,exp1_alignment_transfer:full:2026-08-17T06:28:21.157011+00:00,paper,True,appendix,route_best_action,route_best_action,fig_exp1_route_trajectory_data,route_best_action,2,,,,frozen appendix diagnostic,source table,,,,,fig_exp1_route_trajectory_data.csv,257
exp1_appendix_reversal_trajectory_diagnostics,b,exp1_alignment_transfer,exp1_alignment_transfer:full:2026-08-17T06:28:21.157011+00:00,paper,True,appendix,route_best_action,route_best_action,fig_exp1_route_trajectory_data,route_best_action,2,,,,frozen appendix diagnostic,source table,,,,,fig_exp1_route_trajectory_data.csv,258
exp1_appendix_reversal_trajectory_diagnostics,b,exp1_alignment_transfer,exp1_alignment_transfer:full:2026-08-17T06:28:21.157011+00:00,paper,True,appendix,route_best_action,route_best_action,fig_exp1_route_trajectory_data,route_best_action,2,,,,frozen appendix diagnostic,source table,,,,,fig_exp1_route_trajectory_data.csv,259
exp1_appendix_reversal_trajectory_diagnostics,b,exp1_alignment_transfer,exp1_alignment_transfer:full:2026-08-17T06:28:21.157011+00:00,paper,True,appendix,route_best_action,route_best_action,fig_exp1_route_trajectory_data,route_best_action,2,,,,frozen appendix diagnostic,source table,,,,,fig_exp1_route_trajectory_data.csv,260
exp1_appendix_reversal_trajectory_diagnostics,b,exp1_alignment_transfer,exp1_alignment_transfer:full:2026-08-17T06:28:21.157011+00:00,paper,True,appendix,route_best_action,route_best_action,fig_exp1_route_trajectory_data,route_best_action,2,,,,frozen appendix diagnostic,source table,,,,,fig_exp1_route_trajectory_data.csv,261
exp1_appendix_reversal_trajectory_diagnostics,b,exp1_alignment_transfer,exp1_alignment_transfer:full:2026-08-17T06:28:21.157011+00:00,paper,True,appendix,route_best_action,route_best_action,fig_exp1_route_trajectory_data,route_best_action,2,,,,frozen appendix diagnostic,source table,,,,,fig_exp1_route_trajectory_data.csv,262
exp1_appendix_reversal_trajectory_diagnostics,b,exp1_alignment_transfer,exp1_alignment_transfer:full:2026-08-17T06:28:21.157011+00:00,paper,True,appendix,route_best_action,route_best_action,fig_exp1_route_trajectory_data,route_best_action,2,,,,frozen appendix diagnostic,source table,,,,,fig_exp1_route_trajectory_data.csv,263
exp1_appendix_reversal_trajectory_diagnostics,b,exp1_alignment_transfer,exp1_alignment_transfer:full:2026-08-17T06:28:21.157011+00:00,paper,True,appendix,route_best_action,route_best_action,fig_exp1_route_trajectory_data,route_best_action,7,,,,frozen appendix diagnostic,source table,,,,,fig_exp1_route_trajectory_data.csv,264
exp1_appendix_reversal_trajectory_diagnostics,b,exp1_alignment_transfer,exp1_alignment_transfer:full:2026-08-17T06:28:21.157011+00:00,paper,True,appendix,route_best_action,route_best_action,fig_exp1_route_trajectory_data,route_best_action,7,,,,frozen appendix diagnostic,source table,,,,,fig_exp1_route_trajectory_data.csv,265
exp1_appendix_reversal_trajectory_diagnostics,b,exp1_alignment_transfer,exp1_alignment_transfer:full:2026-08-17T06:28:21.157011+00:00,paper,True,appendix,route_best_action,route_best_action,fig_exp1_route_trajectory_data,route_best_action,7,,,,frozen appendix diagnostic,source table,,,,,fig_exp1_route_trajectory_data.csv,266
exp1_appendix_reversal_trajectory_diagnostics,b,exp1_alignment_transfer,exp1_alignment_transfer:full:2026-08-17T06:28:21.157011+00:00,paper,True,appendix,route_best_action,route_best_action,fig_exp1_route_trajectory_data,route_best_action,7,,,,frozen appendix diagnostic,source table,,,,,fig_exp1_route_trajectory_data.csv,267
exp1_appendix_reversal_trajectory_diagnostics,b,exp1_alignment_transfer,exp1_alignment_transfer:full:2026-08-17T06:28:21.157011+00:00,paper,True,appendix,route_best_action,route_best_action,fig_exp1_route_trajectory_data,route_best_action,7,,,,frozen appendix diagnostic,source table,,,,,fig_exp1_route_trajectory_data.csv,268
exp1_appendix_reversal_trajectory_diagnostics,b,exp1_alignment_transfer,exp1_alignment_transfer:full:2026-08-17T06:28:21.157011+00:00,paper,True,appendix,route_best_action,route_best_action,fig_exp1_route_trajectory_data,route_best_action,7,,,,frozen appendix diagnostic,source table,,,,,fig_exp1_route_trajectory_data.csv,269
exp1_appendix_reversal_trajectory_diagnostics,b,exp1_alignment_transfer,exp1_alignment_transfer:full:2026-08-17T06:28:21.157011+00:00,paper,True,appendix,route_best_action,route_best_action,fig_exp1_route_trajectory_data,route_best_action,7,,,,frozen appendix diagnostic,source table,,,,,fig_exp1_route_trajectory_data.csv,270
exp1_appendix_reversal_trajectory_diagnostics,b,exp1_alignment_transfer,exp1_alignment_transfer:full:2026-08-17T06:28:21.157011+00:00,paper,True,appendix,route_best_action,route_best_action,fig_exp1_route_trajectory_data,route_best_action,7,,,,frozen appendix diagnostic,source table,,,,,fig_exp1_route_trajectory_data.csv,271
exp1_appendix_reversal_trajectory_diagnostics,b,exp1_alignment_transfer,exp1_alignment_transfer:full:2026-08-17T06:28:21.157011+00:00,paper,True,appendix,route_best_action,route_best_action,fig_exp1_route_trajectory_data,route_best_action,7,,,,frozen appendix diagnostic,source table,,,,,fig_exp1_route_trajectory_data.csv,272
exp1_appendix_reversal_trajectory_diagnostics,b,exp1_alignment_transfer,exp1_alignment_transfer:full:2026-08-17T06:28:21.157011+00:00,paper,True,appendix,route_best_action,route_best_action,fig_exp1_route_trajectory_data,route_best_action,7,,,,frozen appendix diagnostic,source table,,,,,fig_exp1_route_trajectory_data.csv,273
exp1_appendix_reversal_trajectory_diagnostics,b,exp1_alignment_transfer,exp1_alignment_transfer:full:2026-08-17T06:28:21.157011+00:00,paper,True,appendix,route_best_action,route_best_action,fig_exp1_route_trajectory_data,route_best_action,7,,,,frozen appendix diagnostic,source table,,,,,fig_exp1_route_trajectory_data.csv,274
exp1_appendix_reversal_trajectory_diagnostics,b,exp1_alignment_transfer,exp1_alignment_transfer:full:2026-08-17T06:28:21.157011+00:00,paper,True,appendix,route_best_action,route_best_action,fig_exp1_route_trajectory_data,route_best_action,7,,,,frozen appendix diagnostic,source table,,,,,fig_exp1_route_trajectory_data.csv,275
exp1_appendix_reversal_trajectory_diagnostics,b,exp1_alignment_transfer,exp1_alignment_transfer:full:2026-08-17T06:28:21.157011+00:00,paper,True,appendix,route_best_action,route_best_action,fig_exp1_route_trajectory_data,route_best_action,7,,,,frozen appendix diagnostic,source table,,,,,fig_exp1_route_trajectory_data.csv,276
exp1_appendix_reversal_trajectory_diagnostics,b,exp1_alignment_transfer,exp1_alignment_transfer:full:2026-08-17T06:28:21.157011+00:00,paper,True,appendix,route_best_action,route_best_action,fig_exp1_route_trajectory_data,route_best_action,7,,,,frozen appendix diagnostic,source table,,,,,fig_exp1_route_trajectory_data.csv,277
exp1_appendix_reversal_trajectory_diagnostics,b,exp1_alignment_transfer,exp1_alignment_transfer:full:2026-08-17T06:28:21.157011+00:00,paper,True,appendix,route_best_action,route_best_action,fig_exp1_route_trajectory_data,route_best_action,7,,,,frozen appendix diagnostic,source table,,,,,fig_exp1_route_trajectory_data.csv,278
exp1_appendix_reversal_trajectory_diagnostics,b,exp1_alignment_transfer,exp1_alignment_transfer:full:2026-08-17T06:28:21.157011+00:00,paper,True,appendix,route_best_action,route_best_action,fig_exp1_route_trajectory_data,route_best_action,7,,,,frozen appendix diagnostic,source table,,,,,fig_exp1_route_trajectory_data.csv,279
exp1_appendix_reversal_trajectory_diagnostics,b,exp1_alignment_transfer,exp1_alignment_transfer:full:2026-08-17T06:28:21.157011+00:00,paper,True,appendix,route_best_action,route_best_action,fig_exp1_route_trajectory_data,route_best_action,7,,,,frozen appendix diagnostic,source table,,,,,fig_exp1_route_trajectory_data.csv,280
exp1_appendix_reversal_trajectory_diagnostics,b,exp1_alignment_transfer,exp1_alignment_transfer:full:2026-08-17T06:28:21.157011+00:00,paper,True,appendix,route_best_action,route_best_action,fig_exp1_route_trajectory_data,route_best_action,7,,,,frozen appendix diagnostic,source table,,,,,fig_exp1_route_trajectory_data.csv,281
exp1_appendix_reversal_trajectory_diagnostics,b,exp1_alignment_transfer,exp1_alignment_transfer:full:2026-08-17T06:28:21.157011+00:00,paper,True,appendix,route_best_action,route_best_action,fig_exp1_route_trajectory_data,route_best_action,7,,,,frozen appendix diagnostic,source table,,,,,fig_exp1_route_trajectory_data.csv,282
exp1_appendix_reversal_trajectory_diagnostics,b,exp1_alignment_transfer,exp1_alignment_transfer:full:2026-08-17T06:28:21.157011+00:00,paper,True,appendix,route_best_action,route_best_action,fig_exp1_route_trajectory_data,route_best_action,7,,,,frozen appendix diagnostic,source table,,,,,fig_exp1_route_trajectory_data.csv,283
exp1_appendix_reversal_trajectory_diagnostics,b,exp1_alignment_transfer,exp1_alignment_transfer:full:2026-08-17T06:28:21.157011+00:00,paper,True,appendix,route_best_action,route_best_action,fig_exp1_route_trajectory_data,route_best_action,7,,,,frozen appendix diagnostic,source table,,,,,fig_exp1_route_trajectory_data.csv,284
exp1_appendix_reversal_trajectory_diagnostics,b,exp1_alignment_transfer,exp1_alignment_transfer:full:2026-08-17T06:28:21.157011+00:00,paper,True,appendix,route_best_action,route_best_action,fig_exp1_route_trajectory_data,route_best_action,7,,,,frozen appendix diagnostic,source table,,,,,fig_exp1_route_trajectory_data.csv,285
exp1_appendix_reversal_trajectory_diagnostics,b,exp1_alignment_transfer,exp1_alignment_transfer:full:2026-08-17T06:28:21.157011+00:00,paper,True,appendix,route_best_action,route_best_action,fig_exp1_route_trajectory_data,route_best_action,7,,,,frozen appendix diagnostic,source table,,,,,fig_exp1_route_trajectory_data.csv,286
exp1_appendix_reversal_trajectory_diagnostics,b,exp1_alignment_transfer,exp1_alignment_transfer:full:2026-08-17T06:28:21.157011+00:00,paper,True,appendix,route_best_action,route_best_action,fig_exp1_route_trajectory_data,route_best_action,7,,,,frozen appendix diagnostic,source table,,,,,fig_exp1_route_trajectory_data.csv,287
exp1_appendix_reversal_trajectory_diagnostics,b,exp1_alignment_transfer,exp1_alignment_transfer:full:2026-08-17T06:28:21.157011+00:00,paper,True,appendix,route_best_action,route_best_action,fig_exp1_route_trajectory_data,route_best_action,7,,,,frozen appendix diagnostic,source table,,,,,fig_exp1_route_trajectory_data.csv,288
exp1_appendix_reversal_trajectory_diagnostics,b,exp1_alignment_transfer,exp1_alignment_transfer:full:2026-08-17T06:28:21.157011+00:00,paper,True,appendix,route_best_action,route_best_action,fig_exp1_route_trajectory_data,route_best_action,7,,,,frozen appendix diagnostic,source table,,,,,fig_exp1_route_trajectory_data.csv,289
exp1_appendix_reversal_trajectory_diagnostics,b,exp1_alignment_transfer,exp1_alignment_transfer:full:2026-08-17T06:28:21.157011+00:00,paper,True,appendix,route_best_action,route_best_action,fig_exp1_route_trajectory_data,route_best_action,7,,,,frozen appendix diagnostic,source table,,,,,fig_exp1_route_trajectory_data.csv,290
exp1_appendix_reversal_trajectory_diagnostics,b,exp1_alignment_transfer,exp1_alignment_transfer:full:2026-08-17T06:28:21.157011+00:00,paper,True,appendix,route_best_action,route_best_action,fig_exp1_route_trajectory_data,route_best_action,7,,,,frozen appendix diagnostic,source table,,,,,fig_exp1_route_trajectory_data.csv,291
exp1_appendix_reversal_trajectory_diagnostics,b,exp1_alignment_transfer,exp1_alignment_transfer:full:2026-08-17T06:28:21.157011+00:00,paper,True,appendix,route_best_action,route_best_action,fig_exp1_route_trajectory_data,route_best_action,7,,,,frozen appendix diagnostic,source table,,,,,fig_exp1_route_trajectory_data.csv,292
exp1_appendix_reversal_trajectory_diagnostics,b,exp1_alignment_transfer,exp1_alignment_transfer:full:2026-08-17T06:28:21.157011+00:00,paper,True,appendix,route_best_action,route_best_action,fig_exp1_route_trajectory_data,route_best_action,7,,,,frozen appendix diagnostic,source table,,,,,fig_exp1_route_trajectory_data.csv,293
exp1_appendix_reversal_trajectory_diagnostics,b,exp1_alignment_transfer,exp1_alignment_transfer:full:2026-08-17T06:28:21.157011+00:00,paper,True,appendix,route_best_action,route_best_action,fig_exp1_route_trajectory_data,route_best_action,2,,,,frozen appendix diagnostic,source table,,,,,fig_exp1_route_trajectory_data.csv,294
exp1_appendix_reversal_trajectory_diagnostics,b,exp1_alignment_transfer,exp1_alignment_transfer:full:2026-08-17T06:28:21.157011+00:00,paper,True,appendix,route_best_action,route_best_action,fig_exp1_route_trajectory_data,route_best_action,2,,,,frozen appendix diagnostic,source table,,,,,fig_exp1_route_trajectory_data.csv,295
exp1_appendix_reversal_trajectory_diagnostics,b,exp1_alignment_transfer,exp1_alignment_transfer:full:2026-08-17T06:28:21.157011+00:00,paper,True,appendix,route_best_action,route_best_action,fig_exp1_route_trajectory_data,route_best_action,2,,,,frozen appendix diagnostic,source table,,,,,fig_exp1_route_trajectory_data.csv,296
exp1_appendix_reversal_trajectory_diagnostics,b,exp1_alignment_transfer,exp1_alignment_transfer:full:2026-08-17T06:28:21.157011+00:00,paper,True,appendix,route_best_action,route_best_action,fig_exp1_route_trajectory_data,route_best_action,2,,,,frozen appendix diagnostic,source table,,,,,fig_exp1_route_trajectory_data.csv,297
exp1_appendix_reversal_trajectory_diagnostics,b,exp1_alignment_transfer,exp1_alignment_transfer:full:2026-08-17T06:28:21.157011+00:00,paper,True,appendix,route_best_action,route_best_action,fig_exp1_route_trajectory_data,route_best_action,2,,,,frozen appendix diagnostic,source table,,,,,fig_exp1_route_trajectory_data.csv,298
exp1_appendix_reversal_trajectory_diagnostics,b,exp1_alignment_transfer,exp1_alignment_transfer:full:2026-08-17T06:28:21.157011+00:00,paper,True,appendix,route_best_action,route_best_action,fig_exp1_route_trajectory_data,route_best_action,2,,,,frozen appendix diagnostic,source table,,,,,fig_exp1_route_trajectory_data.csv,299
