calendar_day,preflight_user_group_id,action_id,fold_0_count,fold_1_count,minimum_fold_count,support_threshold,support_ratio,is_supported_action,audit_unit_id,run_id,run_tier,paper_result,analysis_tier,experiment_id,config_hash,input_manifest_hash,code_version_type,code_version
2022-04-22,0,action_01,4286,4745,4286,500,8.572,True,2022-04-22__group_00,exp3-full-20260807T072340Z,full,False,primary,exp3,2eebb3dfafa708ac36ff5b5fb2d215b77f5189e37ae94ea9afe8470831770580,e0c1288a22ea2cf3abde9f2c0887f795fe4c2e7d6f705d077ac9a8a819518e6d,source_tree_sha256,030d6bb049591fda35c4e54df090bbc50eb1e12d8482c28cc71dffec7cef6fa0
2022-04-22,0,action_02,2140,2913,2140,500,4.28,True,2022-04-22__group_00,exp3-full-20260807T072340Z,full,False,primary,exp3,2eebb3dfafa708ac36ff5b5fb2d215b77f5189e37ae94ea9afe8470831770580,e0c1288a22ea2cf3abde9f2c0887f795fe4c2e7d6f705d077ac9a8a819518e6d,source_tree_sha256,030d6bb049591fda35c4e54df090bbc50eb1e12d8482c28cc71dffec7cef6fa0
2022-04-22,0,action_03,1903,2823,1903,500,3.806,True,2022-04-22__group_00,exp3-full-20260807T072340Z,full,False,primary,exp3,2eebb3dfafa708ac36ff5b5fb2d215b77f5189e37ae94ea9afe8470831770580,e0c1288a22ea2cf3abde9f2c0887f795fe4c2e7d6f705d077ac9a8a819518e6d,source_tree_sha256,030d6bb049591fda35c4e54df090bbc50eb1e12d8482c28cc71dffec7cef6fa0
2022-04-22,0,action_04,2589,2877,2589,500,5.178,True,2022-04-22__group_00,exp3-full-20260807T072340Z,full,False,primary,exp3,2eebb3dfafa708ac36ff5b5fb2d215b77f5189e37ae94ea9afe8470831770580,e0c1288a22ea2cf3abde9f2c0887f795fe4c2e7d6f705d077ac9a8a819518e6d,source_tree_sha256,030d6bb049591fda35c4e54df090bbc50eb1e12d8482c28cc71dffec7cef6fa0
2022-04-22,0,action_05,1530,1909,1530,500,3.06,True,2022-04-22__group_00,exp3-full-20260807T072340Z,full,False,primary,exp3,2eebb3dfafa708ac36ff5b5fb2d215b77f5189e37ae94ea9afe8470831770580,e0c1288a22ea2cf3abde9f2c0887f795fe4c2e7d6f705d077ac9a8a819518e6d,source_tree_sha256,030d6bb049591fda35c4e54df090bbc50eb1e12d8482c28cc71dffec7cef6fa0
2022-04-22,0,action_06,1889,1566,1566,500,3.132,True,2022-04-22__group_00,exp3-full-20260807T072340Z,full,False,primary,exp3,2eebb3dfafa708ac36ff5b5fb2d215b77f5189e37ae94ea9afe8470831770580,e0c1288a22ea2cf3abde9f2c0887f795fe4c2e7d6f705d077ac9a8a819518e6d,source_tree_sha256,030d6bb049591fda35c4e54df090bbc50eb1e12d8482c28cc71dffec7cef6fa0
2022-04-22,0,action_07,1652,1656,1652,500,3.304,True,2022-04-22__group_00,exp3-full-20260807T072340Z,full,False,primary,exp3,2eebb3dfafa708ac36ff5b5fb2d215b77f5189e37ae94ea9afe8470831770580,e0c1288a22ea2cf3abde9f2c0887f795fe4c2e7d6f705d077ac9a8a819518e6d,source_tree_sha256,030d6bb049591fda35c4e54df090bbc50eb1e12d8482c28cc71dffec7cef6fa0
2022-04-22,0,action_08,1323,2026,1323,500,2.646,True,2022-04-22__group_00,exp3-full-20260807T072340Z,full,False,primary,exp3,2eebb3dfafa708ac36ff5b5fb2d215b77f5189e37ae94ea9afe8470831770580,e0c1288a22ea2cf3abde9f2c0887f795fe4c2e7d6f705d077ac9a8a819518e6d,source_tree_sha256,030d6bb049591fda35c4e54df090bbc50eb1e12d8482c28cc71dffec7cef6fa0
2022-04-22,0,action_09,1138,1509,1138,500,2.276,True,2022-04-22__group_00,exp3-full-20260807T072340Z,full,False,primary,exp3,2eebb3dfafa708ac36ff5b5fb2d215b77f5189e37ae94ea9afe8470831770580,e0c1288a22ea2cf3abde9f2c0887f795fe4c2e7d6f705d077ac9a8a819518e6d,source_tree_sha256,030d6bb049591fda35c4e54df090bbc50eb1e12d8482c28cc71dffec7cef6fa0
2022-04-22,0,action_10,920,2351,920,500,1.84,True,2022-04-22__group_00,exp3-full-20260807T072340Z,full,False,primary,exp3,2eebb3dfafa708ac36ff5b5fb2d215b77f5189e37ae94ea9afe8470831770580,e0c1288a22ea2cf3abde9f2c0887f795fe4c2e7d6f705d077ac9a8a819518e6d,source_tree_sha256,030d6bb049591fda35c4e54df090bbc50eb1e12d8482c28cc71dffec7cef6fa0
2022-04-22,0,action_11,1000,1454,1000,500,2.0,True,2022-04-22__group_00,exp3-full-20260807T072340Z,full,False,primary,exp3,2eebb3dfafa708ac36ff5b5fb2d215b77f5189e37ae94ea9afe8470831770580,e0c1288a22ea2cf3abde9f2c0887f795fe4c2e7d6f705d077ac9a8a819518e6d,source_tree_sha256,030d6bb049591fda35c4e54df090bbc50eb1e12d8482c28cc71dffec7cef6fa0
2022-04-22,0,action_12,962,1057,962,500,1.924,True,2022-04-22__group_00,exp3-full-20260807T072340Z,full,False,primary,exp3,2eebb3dfafa708ac36ff5b5fb2d215b77f5189e37ae94ea9afe8470831770580,e0c1288a22ea2cf3abde9f2c0887f795fe4c2e7d6f705d077ac9a8a819518e6d,source_tree_sha256,030d6bb049591fda35c4e54df090bbc50eb1e12d8482c28cc71dffec7cef6fa0
2022-04-22,0,action_13,869,838,838,500,1.676,True,2022-04-22__group_00,exp3-full-20260807T072340Z,full,False,primary,exp3,2eebb3dfafa708ac36ff5b5fb2d215b77f5189e37ae94ea9afe8470831770580,e0c1288a22ea2cf3abde9f2c0887f795fe4c2e7d6f705d077ac9a8a819518e6d,source_tree_sha256,030d6bb049591fda35c4e54df090bbc50eb1e12d8482c28cc71dffec7cef6fa0
2022-04-22,0,action_14,595,932,595,500,1.19,True,2022-04-22__group_00,exp3-full-20260807T072340Z,full,False,primary,exp3,2eebb3dfafa708ac36ff5b5fb2d215b77f5189e37ae94ea9afe8470831770580,e0c1288a22ea2cf3abde9f2c0887f795fe4c2e7d6f705d077ac9a8a819518e6d,source_tree_sha256,030d6bb049591fda35c4e54df090bbc50eb1e12d8482c28cc71dffec7cef6fa0
2022-04-22,0,action_15,776,987,776,500,1.552,True,2022-04-22__group_00,exp3-full-20260807T072340Z,full,False,primary,exp3,2eebb3dfafa708ac36ff5b5fb2d215b77f5189e37ae94ea9afe8470831770580,e0c1288a22ea2cf3abde9f2c0887f795fe4c2e7d6f705d077ac9a8a819518e6d,source_tree_sha256,030d6bb049591fda35c4e54df090bbc50eb1e12d8482c28cc71dffec7cef6fa0
2022-04-22,0,action_16,740,1059,740,500,1.48,True,2022-04-22__group_00,exp3-full-20260807T072340Z,full,False,primary,exp3,2eebb3dfafa708ac36ff5b5fb2d215b77f5189e37ae94ea9afe8470831770580,e0c1288a22ea2cf3abde9f2c0887f795fe4c2e7d6f705d077ac9a8a819518e6d,source_tree_sha256,030d6bb049591fda35c4e54df090bbc50eb1e12d8482c28cc71dffec7cef6fa0
2022-04-22,0,action_17,1056,678,678,500,1.356,True,2022-04-22__group_00,exp3-full-20260807T072340Z,full,False,primary,exp3,2eebb3dfafa708ac36ff5b5fb2d215b77f5189e37ae94ea9afe8470831770580,e0c1288a22ea2cf3abde9f2c0887f795fe4c2e7d6f705d077ac9a8a819518e6d,source_tree_sha256,030d6bb049591fda35c4e54df090bbc50eb1e12d8482c28cc71dffec7cef6fa0
2022-04-22,0,action_18,809,851,809,500,1.618,True,2022-04-22__group_00,exp3-full-20260807T072340Z,full,False,primary,exp3,2eebb3dfafa708ac36ff5b5fb2d215b77f5189e37ae94ea9afe8470831770580,e0c1288a22ea2cf3abde9f2c0887f795fe4c2e7d6f705d077ac9a8a819518e6d,source_tree_sha256,030d6bb049591fda35c4e54df090bbc50eb1e12d8482c28cc71dffec7cef6fa0
2022-04-22,0,action_19,588,953,588,500,1.176,True,2022-04-22__group_00,exp3-full-20260807T072340Z,full,False,primary,exp3,2eebb3dfafa708ac36ff5b5fb2d215b77f5189e37ae94ea9afe8470831770580,e0c1288a22ea2cf3abde9f2c0887f795fe4c2e7d6f705d077ac9a8a819518e6d,source_tree_sha256,030d6bb049591fda35c4e54df090bbc50eb1e12d8482c28cc71dffec7cef6fa0
2022-04-22,0,action_20,370,499,370,500,0.74,False,2022-04-22__group_00,exp3-full-20260807T072340Z,full,False,primary,exp3,2eebb3dfafa708ac36ff5b5fb2d215b77f5189e37ae94ea9afe8470831770580,e0c1288a22ea2cf3abde9f2c0887f795fe4c2e7d6f705d077ac9a8a819518e6d,source_tree_sha256,030d6bb049591fda35c4e54df090bbc50eb1e12d8482c28cc71dffec7cef6fa0
2022-04-22,1,action_01,5455,7005,5455,500,10.91,True,2022-04-22__group_01,exp3-full-20260807T072340Z,full,False,primary,exp3,2eebb3dfafa708ac36ff5b5fb2d215b77f5189e37ae94ea9afe8470831770580,e0c1288a22ea2cf3abde9f2c0887f795fe4c2e7d6f705d077ac9a8a819518e6d,source_tree_sha256,030d6bb049591fda35c4e54df090bbc50eb1e12d8482c28cc71dffec7cef6fa0
2022-04-22,1,action_02,2776,2777,2776,500,5.552,True,2022-04-22__group_01,exp3-full-20260807T072340Z,full,False,primary,exp3,2eebb3dfafa708ac36ff5b5fb2d215b77f5189e37ae94ea9afe8470831770580,e0c1288a22ea2cf3abde9f2c0887f795fe4c2e7d6f705d077ac9a8a819518e6d,source_tree_sha256,030d6bb049591fda35c4e54df090bbc50eb1e12d8482c28cc71dffec7cef6fa0
2022-04-22,1,action_03,2269,2495,2269,500,4.538,True,2022-04-22__group_01,exp3-full-20260807T072340Z,full,False,primary,exp3,2eebb3dfafa708ac36ff5b5fb2d215b77f5189e37ae94ea9afe8470831770580,e0c1288a22ea2cf3abde9f2c0887f795fe4c2e7d6f705d077ac9a8a819518e6d,source_tree_sha256,030d6bb049591fda35c4e54df090bbc50eb1e12d8482c28cc71dffec7cef6fa0
2022-04-22,1,action_04,3030,3055,3030,500,6.06,True,2022-04-22__group_01,exp3-full-20260807T072340Z,full,False,primary,exp3,2eebb3dfafa708ac36ff5b5fb2d215b77f5189e37ae94ea9afe8470831770580,e0c1288a22ea2cf3abde9f2c0887f795fe4c2e7d6f705d077ac9a8a819518e6d,source_tree_sha256,030d6bb049591fda35c4e54df090bbc50eb1e12d8482c28cc71dffec7cef6fa0
2022-04-22,1,action_05,1516,2638,1516,500,3.032,True,2022-04-22__group_01,exp3-full-20260807T072340Z,full,False,primary,exp3,2eebb3dfafa708ac36ff5b5fb2d215b77f5189e37ae94ea9afe8470831770580,e0c1288a22ea2cf3abde9f2c0887f795fe4c2e7d6f705d077ac9a8a819518e6d,source_tree_sha256,030d6bb049591fda35c4e54df090bbc50eb1e12d8482c28cc71dffec7cef6fa0
2022-04-22,1,action_06,679,1638,679,500,1.358,True,2022-04-22__group_01,exp3-full-20260807T072340Z,full,False,primary,exp3,2eebb3dfafa708ac36ff5b5fb2d215b77f5189e37ae94ea9afe8470831770580,e0c1288a22ea2cf3abde9f2c0887f795fe4c2e7d6f705d077ac9a8a819518e6d,source_tree_sha256,030d6bb049591fda35c4e54df090bbc50eb1e12d8482c28cc71dffec7cef6fa0
2022-04-22,1,action_07,1452,2171,1452,500,2.904,True,2022-04-22__group_01,exp3-full-20260807T072340Z,full,False,primary,exp3,2eebb3dfafa708ac36ff5b5fb2d215b77f5189e37ae94ea9afe8470831770580,e0c1288a22ea2cf3abde9f2c0887f795fe4c2e7d6f705d077ac9a8a819518e6d,source_tree_sha256,030d6bb049591fda35c4e54df090bbc50eb1e12d8482c28cc71dffec7cef6fa0
2022-04-22,1,action_08,1904,2000,1904,500,3.808,True,2022-04-22__group_01,exp3-full-20260807T072340Z,full,False,primary,exp3,2eebb3dfafa708ac36ff5b5fb2d215b77f5189e37ae94ea9afe8470831770580,e0c1288a22ea2cf3abde9f2c0887f795fe4c2e7d6f705d077ac9a8a819518e6d,source_tree_sha256,030d6bb049591fda35c4e54df090bbc50eb1e12d8482c28cc71dffec7cef6fa0
2022-04-22,1,action_09,1146,2341,1146,500,2.292,True,2022-04-22__group_01,exp3-full-20260807T072340Z,full,False,primary,exp3,2eebb3dfafa708ac36ff5b5fb2d215b77f5189e37ae94ea9afe8470831770580,e0c1288a22ea2cf3abde9f2c0887f795fe4c2e7d6f705d077ac9a8a819518e6d,source_tree_sha256,030d6bb049591fda35c4e54df090bbc50eb1e12d8482c28cc71dffec7cef6fa0
2022-04-22,1,action_10,1296,1596,1296,500,2.592,True,2022-04-22__group_01,exp3-full-20260807T072340Z,full,False,primary,exp3,2eebb3dfafa708ac36ff5b5fb2d215b77f5189e37ae94ea9afe8470831770580,e0c1288a22ea2cf3abde9f2c0887f795fe4c2e7d6f705d077ac9a8a819518e6d,source_tree_sha256,030d6bb049591fda35c4e54df090bbc50eb1e12d8482c28cc71dffec7cef6fa0
2022-04-22,1,action_11,719,1447,719,500,1.438,True,2022-04-22__group_01,exp3-full-20260807T072340Z,full,False,primary,exp3,2eebb3dfafa708ac36ff5b5fb2d215b77f5189e37ae94ea9afe8470831770580,e0c1288a22ea2cf3abde9f2c0887f795fe4c2e7d6f705d077ac9a8a819518e6d,source_tree_sha256,030d6bb049591fda35c4e54df090bbc50eb1e12d8482c28cc71dffec7cef6fa0
2022-04-22,1,action_12,471,1077,471,500,0.942,False,2022-04-22__group_01,exp3-full-20260807T072340Z,full,False,primary,exp3,2eebb3dfafa708ac36ff5b5fb2d215b77f5189e37ae94ea9afe8470831770580,e0c1288a22ea2cf3abde9f2c0887f795fe4c2e7d6f705d077ac9a8a819518e6d,source_tree_sha256,030d6bb049591fda35c4e54df090bbc50eb1e12d8482c28cc71dffec7cef6fa0
2022-04-22,1,action_13,768,843,768,500,1.536,True,2022-04-22__group_01,exp3-full-20260807T072340Z,full,False,primary,exp3,2eebb3dfafa708ac36ff5b5fb2d215b77f5189e37ae94ea9afe8470831770580,e0c1288a22ea2cf3abde9f2c0887f795fe4c2e7d6f705d077ac9a8a819518e6d,source_tree_sha256,030d6bb049591fda35c4e54df090bbc50eb1e12d8482c28cc71dffec7cef6fa0
2022-04-22,1,action_14,736,1232,736,500,1.472,True,2022-04-22__group_01,exp3-full-20260807T072340Z,full,False,primary,exp3,2eebb3dfafa708ac36ff5b5fb2d215b77f5189e37ae94ea9afe8470831770580,e0c1288a22ea2cf3abde9f2c0887f795fe4c2e7d6f705d077ac9a8a819518e6d,source_tree_sha256,030d6bb049591fda35c4e54df090bbc50eb1e12d8482c28cc71dffec7cef6fa0
2022-04-22,1,action_15,844,1180,844,500,1.688,True,2022-04-22__group_01,exp3-full-20260807T072340Z,full,False,primary,exp3,2eebb3dfafa708ac36ff5b5fb2d215b77f5189e37ae94ea9afe8470831770580,e0c1288a22ea2cf3abde9f2c0887f795fe4c2e7d6f705d077ac9a8a819518e6d,source_tree_sha256,030d6bb049591fda35c4e54df090bbc50eb1e12d8482c28cc71dffec7cef6fa0
2022-04-22,1,action_16,822,1364,822,500,1.644,True,2022-04-22__group_01,exp3-full-20260807T072340Z,full,False,primary,exp3,2eebb3dfafa708ac36ff5b5fb2d215b77f5189e37ae94ea9afe8470831770580,e0c1288a22ea2cf3abde9f2c0887f795fe4c2e7d6f705d077ac9a8a819518e6d,source_tree_sha256,030d6bb049591fda35c4e54df090bbc50eb1e12d8482c28cc71dffec7cef6fa0
2022-04-22,1,action_17,801,1679,801,500,1.602,True,2022-04-22__group_01,exp3-full-20260807T072340Z,full,False,primary,exp3,2eebb3dfafa708ac36ff5b5fb2d215b77f5189e37ae94ea9afe8470831770580,e0c1288a22ea2cf3abde9f2c0887f795fe4c2e7d6f705d077ac9a8a819518e6d,source_tree_sha256,030d6bb049591fda35c4e54df090bbc50eb1e12d8482c28cc71dffec7cef6fa0
2022-04-22,1,action_18,638,797,638,500,1.276,True,2022-04-22__group_01,exp3-full-20260807T072340Z,full,False,primary,exp3,2eebb3dfafa708ac36ff5b5fb2d215b77f5189e37ae94ea9afe8470831770580,e0c1288a22ea2cf3abde9f2c0887f795fe4c2e7d6f705d077ac9a8a819518e6d,source_tree_sha256,030d6bb049591fda35c4e54df090bbc50eb1e12d8482c28cc71dffec7cef6fa0
2022-04-22,1,action_19,679,1027,679,500,1.358,True,2022-04-22__group_01,exp3-full-20260807T072340Z,full,False,primary,exp3,2eebb3dfafa708ac36ff5b5fb2d215b77f5189e37ae94ea9afe8470831770580,e0c1288a22ea2cf3abde9f2c0887f795fe4c2e7d6f705d077ac9a8a819518e6d,source_tree_sha256,030d6bb049591fda35c4e54df090bbc50eb1e12d8482c28cc71dffec7cef6fa0
2022-04-22,1,action_20,743,579,579,500,1.158,True,2022-04-22__group_01,exp3-full-20260807T072340Z,full,False,primary,exp3,2eebb3dfafa708ac36ff5b5fb2d215b77f5189e37ae94ea9afe8470831770580,e0c1288a22ea2cf3abde9f2c0887f795fe4c2e7d6f705d077ac9a8a819518e6d,source_tree_sha256,030d6bb049591fda35c4e54df090bbc50eb1e12d8482c28cc71dffec7cef6fa0
2022-04-22,2,action_01,5874,4107,4107,500,8.214,True,2022-04-22__group_02,exp3-full-20260807T072340Z,full,False,primary,exp3,2eebb3dfafa708ac36ff5b5fb2d215b77f5189e37ae94ea9afe8470831770580,e0c1288a22ea2cf3abde9f2c0887f795fe4c2e7d6f705d077ac9a8a819518e6d,source_tree_sha256,030d6bb049591fda35c4e54df090bbc50eb1e12d8482c28cc71dffec7cef6fa0
2022-04-22,2,action_02,3303,2687,2687,500,5.374,True,2022-04-22__group_02,exp3-full-20260807T072340Z,full,False,primary,exp3,2eebb3dfafa708ac36ff5b5fb2d215b77f5189e37ae94ea9afe8470831770580,e0c1288a22ea2cf3abde9f2c0887f795fe4c2e7d6f705d077ac9a8a819518e6d,source_tree_sha256,030d6bb049591fda35c4e54df090bbc50eb1e12d8482c28cc71dffec7cef6fa0
2022-04-22,2,action_03,2811,2383,2383,500,4.766,True,2022-04-22__group_02,exp3-full-20260807T072340Z,full,False,primary,exp3,2eebb3dfafa708ac36ff5b5fb2d215b77f5189e37ae94ea9afe8470831770580,e0c1288a22ea2cf3abde9f2c0887f795fe4c2e7d6f705d077ac9a8a819518e6d,source_tree_sha256,030d6bb049591fda35c4e54df090bbc50eb1e12d8482c28cc71dffec7cef6fa0
2022-04-22,2,action_04,2721,1811,1811,500,3.622,True,2022-04-22__group_02,exp3-full-20260807T072340Z,full,False,primary,exp3,2eebb3dfafa708ac36ff5b5fb2d215b77f5189e37ae94ea9afe8470831770580,e0c1288a22ea2cf3abde9f2c0887f795fe4c2e7d6f705d077ac9a8a819518e6d,source_tree_sha256,030d6bb049591fda35c4e54df090bbc50eb1e12d8482c28cc71dffec7cef6fa0
2022-04-22,2,action_05,2002,1176,1176,500,2.352,True,2022-04-22__group_02,exp3-full-20260807T072340Z,full,False,primary,exp3,2eebb3dfafa708ac36ff5b5fb2d215b77f5189e37ae94ea9afe8470831770580,e0c1288a22ea2cf3abde9f2c0887f795fe4c2e7d6f705d077ac9a8a819518e6d,source_tree_sha256,030d6bb049591fda35c4e54df090bbc50eb1e12d8482c28cc71dffec7cef6fa0
2022-04-22,2,action_06,2023,1509,1509,500,3.018,True,2022-04-22__group_02,exp3-full-20260807T072340Z,full,False,primary,exp3,2eebb3dfafa708ac36ff5b5fb2d215b77f5189e37ae94ea9afe8470831770580,e0c1288a22ea2cf3abde9f2c0887f795fe4c2e7d6f705d077ac9a8a819518e6d,source_tree_sha256,030d6bb049591fda35c4e54df090bbc50eb1e12d8482c28cc71dffec7cef6fa0
2022-04-22,2,action_07,2013,1524,1524,500,3.048,True,2022-04-22__group_02,exp3-full-20260807T072340Z,full,False,primary,exp3,2eebb3dfafa708ac36ff5b5fb2d215b77f5189e37ae94ea9afe8470831770580,e0c1288a22ea2cf3abde9f2c0887f795fe4c2e7d6f705d077ac9a8a819518e6d,source_tree_sha256,030d6bb049591fda35c4e54df090bbc50eb1e12d8482c28cc71dffec7cef6fa0
2022-04-22,2,action_08,2609,1687,1687,500,3.374,True,2022-04-22__group_02,exp3-full-20260807T072340Z,full,False,primary,exp3,2eebb3dfafa708ac36ff5b5fb2d215b77f5189e37ae94ea9afe8470831770580,e0c1288a22ea2cf3abde9f2c0887f795fe4c2e7d6f705d077ac9a8a819518e6d,source_tree_sha256,030d6bb049591fda35c4e54df090bbc50eb1e12d8482c28cc71dffec7cef6fa0
2022-04-22,2,action_09,1940,1060,1060,500,2.12,True,2022-04-22__group_02,exp3-full-20260807T072340Z,full,False,primary,exp3,2eebb3dfafa708ac36ff5b5fb2d215b77f5189e37ae94ea9afe8470831770580,e0c1288a22ea2cf3abde9f2c0887f795fe4c2e7d6f705d077ac9a8a819518e6d,source_tree_sha256,030d6bb049591fda35c4e54df090bbc50eb1e12d8482c28cc71dffec7cef6fa0
2022-04-22,2,action_10,1244,1223,1223,500,2.446,True,2022-04-22__group_02,exp3-full-20260807T072340Z,full,False,primary,exp3,2eebb3dfafa708ac36ff5b5fb2d215b77f5189e37ae94ea9afe8470831770580,e0c1288a22ea2cf3abde9f2c0887f795fe4c2e7d6f705d077ac9a8a819518e6d,source_tree_sha256,030d6bb049591fda35c4e54df090bbc50eb1e12d8482c28cc71dffec7cef6fa0
2022-04-22,2,action_11,1177,749,749,500,1.498,True,2022-04-22__group_02,exp3-full-20260807T072340Z,full,False,primary,exp3,2eebb3dfafa708ac36ff5b5fb2d215b77f5189e37ae94ea9afe8470831770580,e0c1288a22ea2cf3abde9f2c0887f795fe4c2e7d6f705d077ac9a8a819518e6d,source_tree_sha256,030d6bb049591fda35c4e54df090bbc50eb1e12d8482c28cc71dffec7cef6fa0
2022-04-22,2,action_12,1157,1014,1014,500,2.028,True,2022-04-22__group_02,exp3-full-20260807T072340Z,full,False,primary,exp3,2eebb3dfafa708ac36ff5b5fb2d215b77f5189e37ae94ea9afe8470831770580,e0c1288a22ea2cf3abde9f2c0887f795fe4c2e7d6f705d077ac9a8a819518e6d,source_tree_sha256,030d6bb049591fda35c4e54df090bbc50eb1e12d8482c28cc71dffec7cef6fa0
2022-04-22,2,action_13,1081,858,858,500,1.716,True,2022-04-22__group_02,exp3-full-20260807T072340Z,full,False,primary,exp3,2eebb3dfafa708ac36ff5b5fb2d215b77f5189e37ae94ea9afe8470831770580,e0c1288a22ea2cf3abde9f2c0887f795fe4c2e7d6f705d077ac9a8a819518e6d,source_tree_sha256,030d6bb049591fda35c4e54df090bbc50eb1e12d8482c28cc71dffec7cef6fa0
2022-04-22,2,action_14,1083,1019,1019,500,2.038,True,2022-04-22__group_02,exp3-full-20260807T072340Z,full,False,primary,exp3,2eebb3dfafa708ac36ff5b5fb2d215b77f5189e37ae94ea9afe8470831770580,e0c1288a22ea2cf3abde9f2c0887f795fe4c2e7d6f705d077ac9a8a819518e6d,source_tree_sha256,030d6bb049591fda35c4e54df090bbc50eb1e12d8482c28cc71dffec7cef6fa0
2022-04-22,2,action_15,1067,637,637,500,1.274,True,2022-04-22__group_02,exp3-full-20260807T072340Z,full,False,primary,exp3,2eebb3dfafa708ac36ff5b5fb2d215b77f5189e37ae94ea9afe8470831770580,e0c1288a22ea2cf3abde9f2c0887f795fe4c2e7d6f705d077ac9a8a819518e6d,source_tree_sha256,030d6bb049591fda35c4e54df090bbc50eb1e12d8482c28cc71dffec7cef6fa0
2022-04-22,2,action_16,982,607,607,500,1.214,True,2022-04-22__group_02,exp3-full-20260807T072340Z,full,False,primary,exp3,2eebb3dfafa708ac36ff5b5fb2d215b77f5189e37ae94ea9afe8470831770580,e0c1288a22ea2cf3abde9f2c0887f795fe4c2e7d6f705d077ac9a8a819518e6d,source_tree_sha256,030d6bb049591fda35c4e54df090bbc50eb1e12d8482c28cc71dffec7cef6fa0
2022-04-22,2,action_17,1080,607,607,500,1.214,True,2022-04-22__group_02,exp3-full-20260807T072340Z,full,False,primary,exp3,2eebb3dfafa708ac36ff5b5fb2d215b77f5189e37ae94ea9afe8470831770580,e0c1288a22ea2cf3abde9f2c0887f795fe4c2e7d6f705d077ac9a8a819518e6d,source_tree_sha256,030d6bb049591fda35c4e54df090bbc50eb1e12d8482c28cc71dffec7cef6fa0
2022-04-22,2,action_18,844,609,609,500,1.218,True,2022-04-22__group_02,exp3-full-20260807T072340Z,full,False,primary,exp3,2eebb3dfafa708ac36ff5b5fb2d215b77f5189e37ae94ea9afe8470831770580,e0c1288a22ea2cf3abde9f2c0887f795fe4c2e7d6f705d077ac9a8a819518e6d,source_tree_sha256,030d6bb049591fda35c4e54df090bbc50eb1e12d8482c28cc71dffec7cef6fa0
2022-04-22,2,action_19,838,599,599,500,1.198,True,2022-04-22__group_02,exp3-full-20260807T072340Z,full,False,primary,exp3,2eebb3dfafa708ac36ff5b5fb2d215b77f5189e37ae94ea9afe8470831770580,e0c1288a22ea2cf3abde9f2c0887f795fe4c2e7d6f705d077ac9a8a819518e6d,source_tree_sha256,030d6bb049591fda35c4e54df090bbc50eb1e12d8482c28cc71dffec7cef6fa0
2022-04-22,2,action_20,614,375,375,500,0.75,False,2022-04-22__group_02,exp3-full-20260807T072340Z,full,False,primary,exp3,2eebb3dfafa708ac36ff5b5fb2d215b77f5189e37ae94ea9afe8470831770580,e0c1288a22ea2cf3abde9f2c0887f795fe4c2e7d6f705d077ac9a8a819518e6d,source_tree_sha256,030d6bb049591fda35c4e54df090bbc50eb1e12d8482c28cc71dffec7cef6fa0
2022-04-22,3,action_01,3218,3755,3218,500,6.436,True,2022-04-22__group_03,exp3-full-20260807T072340Z,full,False,primary,exp3,2eebb3dfafa708ac36ff5b5fb2d215b77f5189e37ae94ea9afe8470831770580,e0c1288a22ea2cf3abde9f2c0887f795fe4c2e7d6f705d077ac9a8a819518e6d,source_tree_sha256,030d6bb049591fda35c4e54df090bbc50eb1e12d8482c28cc71dffec7cef6fa0
2022-04-22,3,action_02,2475,1755,1755,500,3.51,True,2022-04-22__group_03,exp3-full-20260807T072340Z,full,False,primary,exp3,2eebb3dfafa708ac36ff5b5fb2d215b77f5189e37ae94ea9afe8470831770580,e0c1288a22ea2cf3abde9f2c0887f795fe4c2e7d6f705d077ac9a8a819518e6d,source_tree_sha256,030d6bb049591fda35c4e54df090bbc50eb1e12d8482c28cc71dffec7cef6fa0
2022-04-22,3,action_03,1795,1698,1698,500,3.396,True,2022-04-22__group_03,exp3-full-20260807T072340Z,full,False,primary,exp3,2eebb3dfafa708ac36ff5b5fb2d215b77f5189e37ae94ea9afe8470831770580,e0c1288a22ea2cf3abde9f2c0887f795fe4c2e7d6f705d077ac9a8a819518e6d,source_tree_sha256,030d6bb049591fda35c4e54df090bbc50eb1e12d8482c28cc71dffec7cef6fa0
2022-04-22,3,action_04,1450,1661,1450,500,2.9,True,2022-04-22__group_03,exp3-full-20260807T072340Z,full,False,primary,exp3,2eebb3dfafa708ac36ff5b5fb2d215b77f5189e37ae94ea9afe8470831770580,e0c1288a22ea2cf3abde9f2c0887f795fe4c2e7d6f705d077ac9a8a819518e6d,source_tree_sha256,030d6bb049591fda35c4e54df090bbc50eb1e12d8482c28cc71dffec7cef6fa0
2022-04-22,3,action_05,1273,1359,1273,500,2.546,True,2022-04-22__group_03,exp3-full-20260807T072340Z,full,False,primary,exp3,2eebb3dfafa708ac36ff5b5fb2d215b77f5189e37ae94ea9afe8470831770580,e0c1288a22ea2cf3abde9f2c0887f795fe4c2e7d6f705d077ac9a8a819518e6d,source_tree_sha256,030d6bb049591fda35c4e54df090bbc50eb1e12d8482c28cc71dffec7cef6fa0
2022-04-22,3,action_06,1187,1473,1187,500,2.374,True,2022-04-22__group_03,exp3-full-20260807T072340Z,full,False,primary,exp3,2eebb3dfafa708ac36ff5b5fb2d215b77f5189e37ae94ea9afe8470831770580,e0c1288a22ea2cf3abde9f2c0887f795fe4c2e7d6f705d077ac9a8a819518e6d,source_tree_sha256,030d6bb049591fda35c4e54df090bbc50eb1e12d8482c28cc71dffec7cef6fa0
2022-04-22,3,action_07,1329,1333,1329,500,2.658,True,2022-04-22__group_03,exp3-full-20260807T072340Z,full,False,primary,exp3,2eebb3dfafa708ac36ff5b5fb2d215b77f5189e37ae94ea9afe8470831770580,e0c1288a22ea2cf3abde9f2c0887f795fe4c2e7d6f705d077ac9a8a819518e6d,source_tree_sha256,030d6bb049591fda35c4e54df090bbc50eb1e12d8482c28cc71dffec7cef6fa0
2022-04-22,3,action_08,1218,1266,1218,500,2.436,True,2022-04-22__group_03,exp3-full-20260807T072340Z,full,False,primary,exp3,2eebb3dfafa708ac36ff5b5fb2d215b77f5189e37ae94ea9afe8470831770580,e0c1288a22ea2cf3abde9f2c0887f795fe4c2e7d6f705d077ac9a8a819518e6d,source_tree_sha256,030d6bb049591fda35c4e54df090bbc50eb1e12d8482c28cc71dffec7cef6fa0
2022-04-22,3,action_09,655,724,655,500,1.31,True,2022-04-22__group_03,exp3-full-20260807T072340Z,full,False,primary,exp3,2eebb3dfafa708ac36ff5b5fb2d215b77f5189e37ae94ea9afe8470831770580,e0c1288a22ea2cf3abde9f2c0887f795fe4c2e7d6f705d077ac9a8a819518e6d,source_tree_sha256,030d6bb049591fda35c4e54df090bbc50eb1e12d8482c28cc71dffec7cef6fa0
2022-04-22,3,action_10,931,671,671,500,1.342,True,2022-04-22__group_03,exp3-full-20260807T072340Z,full,False,primary,exp3,2eebb3dfafa708ac36ff5b5fb2d215b77f5189e37ae94ea9afe8470831770580,e0c1288a22ea2cf3abde9f2c0887f795fe4c2e7d6f705d077ac9a8a819518e6d,source_tree_sha256,030d6bb049591fda35c4e54df090bbc50eb1e12d8482c28cc71dffec7cef6fa0
2022-04-22,3,action_11,382,541,382,500,0.764,False,2022-04-22__group_03,exp3-full-20260807T072340Z,full,False,primary,exp3,2eebb3dfafa708ac36ff5b5fb2d215b77f5189e37ae94ea9afe8470831770580,e0c1288a22ea2cf3abde9f2c0887f795fe4c2e7d6f705d077ac9a8a819518e6d,source_tree_sha256,030d6bb049591fda35c4e54df090bbc50eb1e12d8482c28cc71dffec7cef6fa0
2022-04-22,3,action_12,575,664,575,500,1.15,True,2022-04-22__group_03,exp3-full-20260807T072340Z,full,False,primary,exp3,2eebb3dfafa708ac36ff5b5fb2d215b77f5189e37ae94ea9afe8470831770580,e0c1288a22ea2cf3abde9f2c0887f795fe4c2e7d6f705d077ac9a8a819518e6d,source_tree_sha256,030d6bb049591fda35c4e54df090bbc50eb1e12d8482c28cc71dffec7cef6fa0
2022-04-22,3,action_13,663,1004,663,500,1.326,True,2022-04-22__group_03,exp3-full-20260807T072340Z,full,False,primary,exp3,2eebb3dfafa708ac36ff5b5fb2d215b77f5189e37ae94ea9afe8470831770580,e0c1288a22ea2cf3abde9f2c0887f795fe4c2e7d6f705d077ac9a8a819518e6d,source_tree_sha256,030d6bb049591fda35c4e54df090bbc50eb1e12d8482c28cc71dffec7cef6fa0
2022-04-22,3,action_14,726,554,554,500,1.108,True,2022-04-22__group_03,exp3-full-20260807T072340Z,full,False,primary,exp3,2eebb3dfafa708ac36ff5b5fb2d215b77f5189e37ae94ea9afe8470831770580,e0c1288a22ea2cf3abde9f2c0887f795fe4c2e7d6f705d077ac9a8a819518e6d,source_tree_sha256,030d6bb049591fda35c4e54df090bbc50eb1e12d8482c28cc71dffec7cef6fa0
2022-04-22,3,action_15,599,558,558,500,1.116,True,2022-04-22__group_03,exp3-full-20260807T072340Z,full,False,primary,exp3,2eebb3dfafa708ac36ff5b5fb2d215b77f5189e37ae94ea9afe8470831770580,e0c1288a22ea2cf3abde9f2c0887f795fe4c2e7d6f705d077ac9a8a819518e6d,source_tree_sha256,030d6bb049591fda35c4e54df090bbc50eb1e12d8482c28cc71dffec7cef6fa0
2022-04-22,3,action_16,636,511,511,500,1.022,True,2022-04-22__group_03,exp3-full-20260807T072340Z,full,False,primary,exp3,2eebb3dfafa708ac36ff5b5fb2d215b77f5189e37ae94ea9afe8470831770580,e0c1288a22ea2cf3abde9f2c0887f795fe4c2e7d6f705d077ac9a8a819518e6d,source_tree_sha256,030d6bb049591fda35c4e54df090bbc50eb1e12d8482c28cc71dffec7cef6fa0
2022-04-22,3,action_17,648,604,604,500,1.208,True,2022-04-22__group_03,exp3-full-20260807T072340Z,full,False,primary,exp3,2eebb3dfafa708ac36ff5b5fb2d215b77f5189e37ae94ea9afe8470831770580,e0c1288a22ea2cf3abde9f2c0887f795fe4c2e7d6f705d077ac9a8a819518e6d,source_tree_sha256,030d6bb049591fda35c4e54df090bbc50eb1e12d8482c28cc71dffec7cef6fa0
2022-04-22,3,action_18,476,514,476,500,0.952,False,2022-04-22__group_03,exp3-full-20260807T072340Z,full,False,primary,exp3,2eebb3dfafa708ac36ff5b5fb2d215b77f5189e37ae94ea9afe8470831770580,e0c1288a22ea2cf3abde9f2c0887f795fe4c2e7d6f705d077ac9a8a819518e6d,source_tree_sha256,030d6bb049591fda35c4e54df090bbc50eb1e12d8482c28cc71dffec7cef6fa0
2022-04-22,3,action_19,504,468,468,500,0.936,False,2022-04-22__group_03,exp3-full-20260807T072340Z,full,False,primary,exp3,2eebb3dfafa708ac36ff5b5fb2d215b77f5189e37ae94ea9afe8470831770580,e0c1288a22ea2cf3abde9f2c0887f795fe4c2e7d6f705d077ac9a8a819518e6d,source_tree_sha256,030d6bb049591fda35c4e54df090bbc50eb1e12d8482c28cc71dffec7cef6fa0
2022-04-22,3,action_20,453,549,453,500,0.906,False,2022-04-22__group_03,exp3-full-20260807T072340Z,full,False,primary,exp3,2eebb3dfafa708ac36ff5b5fb2d215b77f5189e37ae94ea9afe8470831770580,e0c1288a22ea2cf3abde9f2c0887f795fe4c2e7d6f705d077ac9a8a819518e6d,source_tree_sha256,030d6bb049591fda35c4e54df090bbc50eb1e12d8482c28cc71dffec7cef6fa0
2022-04-22,4,action_01,4574,5267,4574,500,9.148,True,2022-04-22__group_04,exp3-full-20260807T072340Z,full,False,primary,exp3,2eebb3dfafa708ac36ff5b5fb2d215b77f5189e37ae94ea9afe8470831770580,e0c1288a22ea2cf3abde9f2c0887f795fe4c2e7d6f705d077ac9a8a819518e6d,source_tree_sha256,030d6bb049591fda35c4e54df090bbc50eb1e12d8482c28cc71dffec7cef6fa0
2022-04-22,4,action_02,3142,2170,2170,500,4.34,True,2022-04-22__group_04,exp3-full-20260807T072340Z,full,False,primary,exp3,2eebb3dfafa708ac36ff5b5fb2d215b77f5189e37ae94ea9afe8470831770580,e0c1288a22ea2cf3abde9f2c0887f795fe4c2e7d6f705d077ac9a8a819518e6d,source_tree_sha256,030d6bb049591fda35c4e54df090bbc50eb1e12d8482c28cc71dffec7cef6fa0
2022-04-22,4,action_03,2551,1960,1960,500,3.92,True,2022-04-22__group_04,exp3-full-20260807T072340Z,full,False,primary,exp3,2eebb3dfafa708ac36ff5b5fb2d215b77f5189e37ae94ea9afe8470831770580,e0c1288a22ea2cf3abde9f2c0887f795fe4c2e7d6f705d077ac9a8a819518e6d,source_tree_sha256,030d6bb049591fda35c4e54df090bbc50eb1e12d8482c28cc71dffec7cef6fa0
2022-04-22,4,action_04,2020,2572,2020,500,4.04,True,2022-04-22__group_04,exp3-full-20260807T072340Z,full,False,primary,exp3,2eebb3dfafa708ac36ff5b5fb2d215b77f5189e37ae94ea9afe8470831770580,e0c1288a22ea2cf3abde9f2c0887f795fe4c2e7d6f705d077ac9a8a819518e6d,source_tree_sha256,030d6bb049591fda35c4e54df090bbc50eb1e12d8482c28cc71dffec7cef6fa0
2022-04-22,4,action_05,2032,1645,1645,500,3.29,True,2022-04-22__group_04,exp3-full-20260807T072340Z,full,False,primary,exp3,2eebb3dfafa708ac36ff5b5fb2d215b77f5189e37ae94ea9afe8470831770580,e0c1288a22ea2cf3abde9f2c0887f795fe4c2e7d6f705d077ac9a8a819518e6d,source_tree_sha256,030d6bb049591fda35c4e54df090bbc50eb1e12d8482c28cc71dffec7cef6fa0
2022-04-22,4,action_06,1740,1699,1699,500,3.398,True,2022-04-22__group_04,exp3-full-20260807T072340Z,full,False,primary,exp3,2eebb3dfafa708ac36ff5b5fb2d215b77f5189e37ae94ea9afe8470831770580,e0c1288a22ea2cf3abde9f2c0887f795fe4c2e7d6f705d077ac9a8a819518e6d,source_tree_sha256,030d6bb049591fda35c4e54df090bbc50eb1e12d8482c28cc71dffec7cef6fa0
2022-04-22,4,action_07,2070,1400,1400,500,2.8,True,2022-04-22__group_04,exp3-full-20260807T072340Z,full,False,primary,exp3,2eebb3dfafa708ac36ff5b5fb2d215b77f5189e37ae94ea9afe8470831770580,e0c1288a22ea2cf3abde9f2c0887f795fe4c2e7d6f705d077ac9a8a819518e6d,source_tree_sha256,030d6bb049591fda35c4e54df090bbc50eb1e12d8482c28cc71dffec7cef6fa0
2022-04-22,4,action_08,1447,1538,1447,500,2.894,True,2022-04-22__group_04,exp3-full-20260807T072340Z,full,False,primary,exp3,2eebb3dfafa708ac36ff5b5fb2d215b77f5189e37ae94ea9afe8470831770580,e0c1288a22ea2cf3abde9f2c0887f795fe4c2e7d6f705d077ac9a8a819518e6d,source_tree_sha256,030d6bb049591fda35c4e54df090bbc50eb1e12d8482c28cc71dffec7cef6fa0
2022-04-22,4,action_09,1743,1535,1535,500,3.07,True,2022-04-22__group_04,exp3-full-20260807T072340Z,full,False,primary,exp3,2eebb3dfafa708ac36ff5b5fb2d215b77f5189e37ae94ea9afe8470831770580,e0c1288a22ea2cf3abde9f2c0887f795fe4c2e7d6f705d077ac9a8a819518e6d,source_tree_sha256,030d6bb049591fda35c4e54df090bbc50eb1e12d8482c28cc71dffec7cef6fa0
2022-04-22,4,action_10,1076,1344,1076,500,2.152,True,2022-04-22__group_04,exp3-full-20260807T072340Z,full,False,primary,exp3,2eebb3dfafa708ac36ff5b5fb2d215b77f5189e37ae94ea9afe8470831770580,e0c1288a22ea2cf3abde9f2c0887f795fe4c2e7d6f705d077ac9a8a819518e6d,source_tree_sha256,030d6bb049591fda35c4e54df090bbc50eb1e12d8482c28cc71dffec7cef6fa0
2022-04-22,4,action_11,1110,848,848,500,1.696,True,2022-04-22__group_04,exp3-full-20260807T072340Z,full,False,primary,exp3,2eebb3dfafa708ac36ff5b5fb2d215b77f5189e37ae94ea9afe8470831770580,e0c1288a22ea2cf3abde9f2c0887f795fe4c2e7d6f705d077ac9a8a819518e6d,source_tree_sha256,030d6bb049591fda35c4e54df090bbc50eb1e12d8482c28cc71dffec7cef6fa0
2022-04-22,4,action_12,657,1217,657,500,1.314,True,2022-04-22__group_04,exp3-full-20260807T072340Z,full,False,primary,exp3,2eebb3dfafa708ac36ff5b5fb2d215b77f5189e37ae94ea9afe8470831770580,e0c1288a22ea2cf3abde9f2c0887f795fe4c2e7d6f705d077ac9a8a819518e6d,source_tree_sha256,030d6bb049591fda35c4e54df090bbc50eb1e12d8482c28cc71dffec7cef6fa0
2022-04-22,4,action_13,892,1043,892,500,1.784,True,2022-04-22__group_04,exp3-full-20260807T072340Z,full,False,primary,exp3,2eebb3dfafa708ac36ff5b5fb2d215b77f5189e37ae94ea9afe8470831770580,e0c1288a22ea2cf3abde9f2c0887f795fe4c2e7d6f705d077ac9a8a819518e6d,source_tree_sha256,030d6bb049591fda35c4e54df090bbc50eb1e12d8482c28cc71dffec7cef6fa0
2022-04-22,4,action_14,904,963,904,500,1.808,True,2022-04-22__group_04,exp3-full-20260807T072340Z,full,False,primary,exp3,2eebb3dfafa708ac36ff5b5fb2d215b77f5189e37ae94ea9afe8470831770580,e0c1288a22ea2cf3abde9f2c0887f795fe4c2e7d6f705d077ac9a8a819518e6d,source_tree_sha256,030d6bb049591fda35c4e54df090bbc50eb1e12d8482c28cc71dffec7cef6fa0
2022-04-22,4,action_15,721,864,721,500,1.442,True,2022-04-22__group_04,exp3-full-20260807T072340Z,full,False,primary,exp3,2eebb3dfafa708ac36ff5b5fb2d215b77f5189e37ae94ea9afe8470831770580,e0c1288a22ea2cf3abde9f2c0887f795fe4c2e7d6f705d077ac9a8a819518e6d,source_tree_sha256,030d6bb049591fda35c4e54df090bbc50eb1e12d8482c28cc71dffec7cef6fa0
2022-04-22,4,action_16,985,743,743,500,1.486,True,2022-04-22__group_04,exp3-full-20260807T072340Z,full,False,primary,exp3,2eebb3dfafa708ac36ff5b5fb2d215b77f5189e37ae94ea9afe8470831770580,e0c1288a22ea2cf3abde9f2c0887f795fe4c2e7d6f705d077ac9a8a819518e6d,source_tree_sha256,030d6bb049591fda35c4e54df090bbc50eb1e12d8482c28cc71dffec7cef6fa0
2022-04-22,4,action_17,1034,734,734,500,1.468,True,2022-04-22__group_04,exp3-full-20260807T072340Z,full,False,primary,exp3,2eebb3dfafa708ac36ff5b5fb2d215b77f5189e37ae94ea9afe8470831770580,e0c1288a22ea2cf3abde9f2c0887f795fe4c2e7d6f705d077ac9a8a819518e6d,source_tree_sha256,030d6bb049591fda35c4e54df090bbc50eb1e12d8482c28cc71dffec7cef6fa0
2022-04-22,4,action_18,663,723,663,500,1.326,True,2022-04-22__group_04,exp3-full-20260807T072340Z,full,False,primary,exp3,2eebb3dfafa708ac36ff5b5fb2d215b77f5189e37ae94ea9afe8470831770580,e0c1288a22ea2cf3abde9f2c0887f795fe4c2e7d6f705d077ac9a8a819518e6d,source_tree_sha256,030d6bb049591fda35c4e54df090bbc50eb1e12d8482c28cc71dffec7cef6fa0
2022-04-22,4,action_19,672,495,495,500,0.99,False,2022-04-22__group_04,exp3-full-20260807T072340Z,full,False,primary,exp3,2eebb3dfafa708ac36ff5b5fb2d215b77f5189e37ae94ea9afe8470831770580,e0c1288a22ea2cf3abde9f2c0887f795fe4c2e7d6f705d077ac9a8a819518e6d,source_tree_sha256,030d6bb049591fda35c4e54df090bbc50eb1e12d8482c28cc71dffec7cef6fa0
2022-04-22,4,action_20,877,469,469,500,0.938,False,2022-04-22__group_04,exp3-full-20260807T072340Z,full,False,primary,exp3,2eebb3dfafa708ac36ff5b5fb2d215b77f5189e37ae94ea9afe8470831770580,e0c1288a22ea2cf3abde9f2c0887f795fe4c2e7d6f705d077ac9a8a819518e6d,source_tree_sha256,030d6bb049591fda35c4e54df090bbc50eb1e12d8482c28cc71dffec7cef6fa0
2022-04-23,0,action_01,4813,5534,4813,500,9.626,True,2022-04-23__group_00,exp3-full-20260807T072340Z,full,False,primary,exp3,2eebb3dfafa708ac36ff5b5fb2d215b77f5189e37ae94ea9afe8470831770580,e0c1288a22ea2cf3abde9f2c0887f795fe4c2e7d6f705d077ac9a8a819518e6d,source_tree_sha256,030d6bb049591fda35c4e54df090bbc50eb1e12d8482c28cc71dffec7cef6fa0
2022-04-23,0,action_02,2444,3070,2444,500,4.888,True,2022-04-23__group_00,exp3-full-20260807T072340Z,full,False,primary,exp3,2eebb3dfafa708ac36ff5b5fb2d215b77f5189e37ae94ea9afe8470831770580,e0c1288a22ea2cf3abde9f2c0887f795fe4c2e7d6f705d077ac9a8a819518e6d,source_tree_sha256,030d6bb049591fda35c4e54df090bbc50eb1e12d8482c28cc71dffec7cef6fa0
2022-04-23,0,action_03,2398,3539,2398,500,4.796,True,2022-04-23__group_00,exp3-full-20260807T072340Z,full,False,primary,exp3,2eebb3dfafa708ac36ff5b5fb2d215b77f5189e37ae94ea9afe8470831770580,e0c1288a22ea2cf3abde9f2c0887f795fe4c2e7d6f705d077ac9a8a819518e6d,source_tree_sha256,030d6bb049591fda35c4e54df090bbc50eb1e12d8482c28cc71dffec7cef6fa0
2022-04-23,0,action_04,3554,3277,3277,500,6.554,True,2022-04-23__group_00,exp3-full-20260807T072340Z,full,False,primary,exp3,2eebb3dfafa708ac36ff5b5fb2d215b77f5189e37ae94ea9afe8470831770580,e0c1288a22ea2cf3abde9f2c0887f795fe4c2e7d6f705d077ac9a8a819518e6d,source_tree_sha256,030d6bb049591fda35c4e54df090bbc50eb1e12d8482c28cc71dffec7cef6fa0
2022-04-23,0,action_05,2101,2572,2101,500,4.202,True,2022-04-23__group_00,exp3-full-20260807T072340Z,full,False,primary,exp3,2eebb3dfafa708ac36ff5b5fb2d215b77f5189e37ae94ea9afe8470831770580,e0c1288a22ea2cf3abde9f2c0887f795fe4c2e7d6f705d077ac9a8a819518e6d,source_tree_sha256,030d6bb049591fda35c4e54df090bbc50eb1e12d8482c28cc71dffec7cef6fa0
2022-04-23,0,action_06,2418,2217,2217,500,4.434,True,2022-04-23__group_00,exp3-full-20260807T072340Z,full,False,primary,exp3,2eebb3dfafa708ac36ff5b5fb2d215b77f5189e37ae94ea9afe8470831770580,e0c1288a22ea2cf3abde9f2c0887f795fe4c2e7d6f705d077ac9a8a819518e6d,source_tree_sha256,030d6bb049591fda35c4e54df090bbc50eb1e12d8482c28cc71dffec7cef6fa0
2022-04-23,0,action_07,1959,2114,1959,500,3.918,True,2022-04-23__group_00,exp3-full-20260807T072340Z,full,False,primary,exp3,2eebb3dfafa708ac36ff5b5fb2d215b77f5189e37ae94ea9afe8470831770580,e0c1288a22ea2cf3abde9f2c0887f795fe4c2e7d6f705d077ac9a8a819518e6d,source_tree_sha256,030d6bb049591fda35c4e54df090bbc50eb1e12d8482c28cc71dffec7cef6fa0
2022-04-23,0,action_08,1844,2887,1844,500,3.688,True,2022-04-23__group_00,exp3-full-20260807T072340Z,full,False,primary,exp3,2eebb3dfafa708ac36ff5b5fb2d215b77f5189e37ae94ea9afe8470831770580,e0c1288a22ea2cf3abde9f2c0887f795fe4c2e7d6f705d077ac9a8a819518e6d,source_tree_sha256,030d6bb049591fda35c4e54df090bbc50eb1e12d8482c28cc71dffec7cef6fa0
2022-04-23,0,action_09,1157,1810,1157,500,2.314,True,2022-04-23__group_00,exp3-full-20260807T072340Z,full,False,primary,exp3,2eebb3dfafa708ac36ff5b5fb2d215b77f5189e37ae94ea9afe8470831770580,e0c1288a22ea2cf3abde9f2c0887f795fe4c2e7d6f705d077ac9a8a819518e6d,source_tree_sha256,030d6bb049591fda35c4e54df090bbc50eb1e12d8482c28cc71dffec7cef6fa0
2022-04-23,0,action_10,1125,3953,1125,500,2.25,True,2022-04-23__group_00,exp3-full-20260807T072340Z,full,False,primary,exp3,2eebb3dfafa708ac36ff5b5fb2d215b77f5189e37ae94ea9afe8470831770580,e0c1288a22ea2cf3abde9f2c0887f795fe4c2e7d6f705d077ac9a8a819518e6d,source_tree_sha256,030d6bb049591fda35c4e54df090bbc50eb1e12d8482c28cc71dffec7cef6fa0
2022-04-23,0,action_11,1162,1715,1162,500,2.324,True,2022-04-23__group_00,exp3-full-20260807T072340Z,full,False,primary,exp3,2eebb3dfafa708ac36ff5b5fb2d215b77f5189e37ae94ea9afe8470831770580,e0c1288a22ea2cf3abde9f2c0887f795fe4c2e7d6f705d077ac9a8a819518e6d,source_tree_sha256,030d6bb049591fda35c4e54df090bbc50eb1e12d8482c28cc71dffec7cef6fa0
2022-04-23,0,action_12,1094,1636,1094,500,2.188,True,2022-04-23__group_00,exp3-full-20260807T072340Z,full,False,primary,exp3,2eebb3dfafa708ac36ff5b5fb2d215b77f5189e37ae94ea9afe8470831770580,e0c1288a22ea2cf3abde9f2c0887f795fe4c2e7d6f705d077ac9a8a819518e6d,source_tree_sha256,030d6bb049591fda35c4e54df090bbc50eb1e12d8482c28cc71dffec7cef6fa0
2022-04-23,0,action_13,1084,1236,1084,500,2.168,True,2022-04-23__group_00,exp3-full-20260807T072340Z,full,False,primary,exp3,2eebb3dfafa708ac36ff5b5fb2d215b77f5189e37ae94ea9afe8470831770580,e0c1288a22ea2cf3abde9f2c0887f795fe4c2e7d6f705d077ac9a8a819518e6d,source_tree_sha256,030d6bb049591fda35c4e54df090bbc50eb1e12d8482c28cc71dffec7cef6fa0
2022-04-23,0,action_14,697,1065,697,500,1.394,True,2022-04-23__group_00,exp3-full-20260807T072340Z,full,False,primary,exp3,2eebb3dfafa708ac36ff5b5fb2d215b77f5189e37ae94ea9afe8470831770580,e0c1288a22ea2cf3abde9f2c0887f795fe4c2e7d6f705d077ac9a8a819518e6d,source_tree_sha256,030d6bb049591fda35c4e54df090bbc50eb1e12d8482c28cc71dffec7cef6fa0
2022-04-23,0,action_15,1040,1415,1040,500,2.08,True,2022-04-23__group_00,exp3-full-20260807T072340Z,full,False,primary,exp3,2eebb3dfafa708ac36ff5b5fb2d215b77f5189e37ae94ea9afe8470831770580,e0c1288a22ea2cf3abde9f2c0887f795fe4c2e7d6f705d077ac9a8a819518e6d,source_tree_sha256,030d6bb049591fda35c4e54df090bbc50eb1e12d8482c28cc71dffec7cef6fa0
2022-04-23,0,action_16,1058,1221,1058,500,2.116,True,2022-04-23__group_00,exp3-full-20260807T072340Z,full,False,primary,exp3,2eebb3dfafa708ac36ff5b5fb2d215b77f5189e37ae94ea9afe8470831770580,e0c1288a22ea2cf3abde9f2c0887f795fe4c2e7d6f705d077ac9a8a819518e6d,source_tree_sha256,030d6bb049591fda35c4e54df090bbc50eb1e12d8482c28cc71dffec7cef6fa0
2022-04-23,0,action_17,905,976,905,500,1.81,True,2022-04-23__group_00,exp3-full-20260807T072340Z,full,False,primary,exp3,2eebb3dfafa708ac36ff5b5fb2d215b77f5189e37ae94ea9afe8470831770580,e0c1288a22ea2cf3abde9f2c0887f795fe4c2e7d6f705d077ac9a8a819518e6d,source_tree_sha256,030d6bb049591fda35c4e54df090bbc50eb1e12d8482c28cc71dffec7cef6fa0
2022-04-23,0,action_18,885,1156,885,500,1.77,True,2022-04-23__group_00,exp3-full-20260807T072340Z,full,False,primary,exp3,2eebb3dfafa708ac36ff5b5fb2d215b77f5189e37ae94ea9afe8470831770580,e0c1288a22ea2cf3abde9f2c0887f795fe4c2e7d6f705d077ac9a8a819518e6d,source_tree_sha256,030d6bb049591fda35c4e54df090bbc50eb1e12d8482c28cc71dffec7cef6fa0
2022-04-23,0,action_19,635,1186,635,500,1.27,True,2022-04-23__group_00,exp3-full-20260807T072340Z,full,False,primary,exp3,2eebb3dfafa708ac36ff5b5fb2d215b77f5189e37ae94ea9afe8470831770580,e0c1288a22ea2cf3abde9f2c0887f795fe4c2e7d6f705d077ac9a8a819518e6d,source_tree_sha256,030d6bb049591fda35c4e54df090bbc50eb1e12d8482c28cc71dffec7cef6fa0
2022-04-23,0,action_20,496,830,496,500,0.992,False,2022-04-23__group_00,exp3-full-20260807T072340Z,full,False,primary,exp3,2eebb3dfafa708ac36ff5b5fb2d215b77f5189e37ae94ea9afe8470831770580,e0c1288a22ea2cf3abde9f2c0887f795fe4c2e7d6f705d077ac9a8a819518e6d,source_tree_sha256,030d6bb049591fda35c4e54df090bbc50eb1e12d8482c28cc71dffec7cef6fa0
2022-04-23,1,action_01,6417,6303,6303,500,12.606,True,2022-04-23__group_01,exp3-full-20260807T072340Z,full,False,primary,exp3,2eebb3dfafa708ac36ff5b5fb2d215b77f5189e37ae94ea9afe8470831770580,e0c1288a22ea2cf3abde9f2c0887f795fe4c2e7d6f705d077ac9a8a819518e6d,source_tree_sha256,030d6bb049591fda35c4e54df090bbc50eb1e12d8482c28cc71dffec7cef6fa0
2022-04-23,1,action_02,3002,2661,2661,500,5.322,True,2022-04-23__group_01,exp3-full-20260807T072340Z,full,False,primary,exp3,2eebb3dfafa708ac36ff5b5fb2d215b77f5189e37ae94ea9afe8470831770580,e0c1288a22ea2cf3abde9f2c0887f795fe4c2e7d6f705d077ac9a8a819518e6d,source_tree_sha256,030d6bb049591fda35c4e54df090bbc50eb1e12d8482c28cc71dffec7cef6fa0
2022-04-23,1,action_03,2782,2388,2388,500,4.776,True,2022-04-23__group_01,exp3-full-20260807T072340Z,full,False,primary,exp3,2eebb3dfafa708ac36ff5b5fb2d215b77f5189e37ae94ea9afe8470831770580,e0c1288a22ea2cf3abde9f2c0887f795fe4c2e7d6f705d077ac9a8a819518e6d,source_tree_sha256,030d6bb049591fda35c4e54df090bbc50eb1e12d8482c28cc71dffec7cef6fa0
2022-04-23,1,action_04,3301,2839,2839,500,5.678,True,2022-04-23__group_01,exp3-full-20260807T072340Z,full,False,primary,exp3,2eebb3dfafa708ac36ff5b5fb2d215b77f5189e37ae94ea9afe8470831770580,e0c1288a22ea2cf3abde9f2c0887f795fe4c2e7d6f705d077ac9a8a819518e6d,source_tree_sha256,030d6bb049591fda35c4e54df090bbc50eb1e12d8482c28cc71dffec7cef6fa0
2022-04-23,1,action_05,1838,2420,1838,500,3.676,True,2022-04-23__group_01,exp3-full-20260807T072340Z,full,False,primary,exp3,2eebb3dfafa708ac36ff5b5fb2d215b77f5189e37ae94ea9afe8470831770580,e0c1288a22ea2cf3abde9f2c0887f795fe4c2e7d6f705d077ac9a8a819518e6d,source_tree_sha256,030d6bb049591fda35c4e54df090bbc50eb1e12d8482c28cc71dffec7cef6fa0
2022-04-23,1,action_06,970,1583,970,500,1.94,True,2022-04-23__group_01,exp3-full-20260807T072340Z,full,False,primary,exp3,2eebb3dfafa708ac36ff5b5fb2d215b77f5189e37ae94ea9afe8470831770580,e0c1288a22ea2cf3abde9f2c0887f795fe4c2e7d6f705d077ac9a8a819518e6d,source_tree_sha256,030d6bb049591fda35c4e54df090bbc50eb1e12d8482c28cc71dffec7cef6fa0
2022-04-23,1,action_07,1791,1781,1781,500,3.562,True,2022-04-23__group_01,exp3-full-20260807T072340Z,full,False,primary,exp3,2eebb3dfafa708ac36ff5b5fb2d215b77f5189e37ae94ea9afe8470831770580,e0c1288a22ea2cf3abde9f2c0887f795fe4c2e7d6f705d077ac9a8a819518e6d,source_tree_sha256,030d6bb049591fda35c4e54df090bbc50eb1e12d8482c28cc71dffec7cef6fa0
2022-04-23,1,action_08,1799,1745,1745,500,3.49,True,2022-04-23__group_01,exp3-full-20260807T072340Z,full,False,primary,exp3,2eebb3dfafa708ac36ff5b5fb2d215b77f5189e37ae94ea9afe8470831770580,e0c1288a22ea2cf3abde9f2c0887f795fe4c2e7d6f705d077ac9a8a819518e6d,source_tree_sha256,030d6bb049591fda35c4e54df090bbc50eb1e12d8482c28cc71dffec7cef6fa0
2022-04-23,1,action_09,1197,1893,1197,500,2.394,True,2022-04-23__group_01,exp3-full-20260807T072340Z,full,False,primary,exp3,2eebb3dfafa708ac36ff5b5fb2d215b77f5189e37ae94ea9afe8470831770580,e0c1288a22ea2cf3abde9f2c0887f795fe4c2e7d6f705d077ac9a8a819518e6d,source_tree_sha256,030d6bb049591fda35c4e54df090bbc50eb1e12d8482c28cc71dffec7cef6fa0
2022-04-23,1,action_10,1522,1245,1245,500,2.49,True,2022-04-23__group_01,exp3-full-20260807T072340Z,full,False,primary,exp3,2eebb3dfafa708ac36ff5b5fb2d215b77f5189e37ae94ea9afe8470831770580,e0c1288a22ea2cf3abde9f2c0887f795fe4c2e7d6f705d077ac9a8a819518e6d,source_tree_sha256,030d6bb049591fda35c4e54df090bbc50eb1e12d8482c28cc71dffec7cef6fa0
2022-04-23,1,action_11,1088,1275,1088,500,2.176,True,2022-04-23__group_01,exp3-full-20260807T072340Z,full,False,primary,exp3,2eebb3dfafa708ac36ff5b5fb2d215b77f5189e37ae94ea9afe8470831770580,e0c1288a22ea2cf3abde9f2c0887f795fe4c2e7d6f705d077ac9a8a819518e6d,source_tree_sha256,030d6bb049591fda35c4e54df090bbc50eb1e12d8482c28cc71dffec7cef6fa0
2022-04-23,1,action_12,745,1256,745,500,1.49,True,2022-04-23__group_01,exp3-full-20260807T072340Z,full,False,primary,exp3,2eebb3dfafa708ac36ff5b5fb2d215b77f5189e37ae94ea9afe8470831770580,e0c1288a22ea2cf3abde9f2c0887f795fe4c2e7d6f705d077ac9a8a819518e6d,source_tree_sha256,030d6bb049591fda35c4e54df090bbc50eb1e12d8482c28cc71dffec7cef6fa0
2022-04-23,1,action_13,876,981,876,500,1.752,True,2022-04-23__group_01,exp3-full-20260807T072340Z,full,False,primary,exp3,2eebb3dfafa708ac36ff5b5fb2d215b77f5189e37ae94ea9afe8470831770580,e0c1288a22ea2cf3abde9f2c0887f795fe4c2e7d6f705d077ac9a8a819518e6d,source_tree_sha256,030d6bb049591fda35c4e54df090bbc50eb1e12d8482c28cc71dffec7cef6fa0
2022-04-23,1,action_14,882,1510,882,500,1.764,True,2022-04-23__group_01,exp3-full-20260807T072340Z,full,False,primary,exp3,2eebb3dfafa708ac36ff5b5fb2d215b77f5189e37ae94ea9afe8470831770580,e0c1288a22ea2cf3abde9f2c0887f795fe4c2e7d6f705d077ac9a8a819518e6d,source_tree_sha256,030d6bb049591fda35c4e54df090bbc50eb1e12d8482c28cc71dffec7cef6fa0
2022-04-23,1,action_15,855,1262,855,500,1.71,True,2022-04-23__group_01,exp3-full-20260807T072340Z,full,False,primary,exp3,2eebb3dfafa708ac36ff5b5fb2d215b77f5189e37ae94ea9afe8470831770580,e0c1288a22ea2cf3abde9f2c0887f795fe4c2e7d6f705d077ac9a8a819518e6d,source_tree_sha256,030d6bb049591fda35c4e54df090bbc50eb1e12d8482c28cc71dffec7cef6fa0
2022-04-23,1,action_16,932,1405,932,500,1.864,True,2022-04-23__group_01,exp3-full-20260807T072340Z,full,False,primary,exp3,2eebb3dfafa708ac36ff5b5fb2d215b77f5189e37ae94ea9afe8470831770580,e0c1288a22ea2cf3abde9f2c0887f795fe4c2e7d6f705d077ac9a8a819518e6d,source_tree_sha256,030d6bb049591fda35c4e54df090bbc50eb1e12d8482c28cc71dffec7cef6fa0
2022-04-23,1,action_17,922,1182,922,500,1.844,True,2022-04-23__group_01,exp3-full-20260807T072340Z,full,False,primary,exp3,2eebb3dfafa708ac36ff5b5fb2d215b77f5189e37ae94ea9afe8470831770580,e0c1288a22ea2cf3abde9f2c0887f795fe4c2e7d6f705d077ac9a8a819518e6d,source_tree_sha256,030d6bb049591fda35c4e54df090bbc50eb1e12d8482c28cc71dffec7cef6fa0
2022-04-23,1,action_18,936,902,902,500,1.804,True,2022-04-23__group_01,exp3-full-20260807T072340Z,full,False,primary,exp3,2eebb3dfafa708ac36ff5b5fb2d215b77f5189e37ae94ea9afe8470831770580,e0c1288a22ea2cf3abde9f2c0887f795fe4c2e7d6f705d077ac9a8a819518e6d,source_tree_sha256,030d6bb049591fda35c4e54df090bbc50eb1e12d8482c28cc71dffec7cef6fa0
2022-04-23,1,action_19,853,930,853,500,1.706,True,2022-04-23__group_01,exp3-full-20260807T072340Z,full,False,primary,exp3,2eebb3dfafa708ac36ff5b5fb2d215b77f5189e37ae94ea9afe8470831770580,e0c1288a22ea2cf3abde9f2c0887f795fe4c2e7d6f705d077ac9a8a819518e6d,source_tree_sha256,030d6bb049591fda35c4e54df090bbc50eb1e12d8482c28cc71dffec7cef6fa0
2022-04-23,1,action_20,935,596,596,500,1.192,True,2022-04-23__group_01,exp3-full-20260807T072340Z,full,False,primary,exp3,2eebb3dfafa708ac36ff5b5fb2d215b77f5189e37ae94ea9afe8470831770580,e0c1288a22ea2cf3abde9f2c0887f795fe4c2e7d6f705d077ac9a8a819518e6d,source_tree_sha256,030d6bb049591fda35c4e54df090bbc50eb1e12d8482c28cc71dffec7cef6fa0
2022-04-23,2,action_01,5869,4842,4842,500,9.684,True,2022-04-23__group_02,exp3-full-20260807T072340Z,full,False,primary,exp3,2eebb3dfafa708ac36ff5b5fb2d215b77f5189e37ae94ea9afe8470831770580,e0c1288a22ea2cf3abde9f2c0887f795fe4c2e7d6f705d077ac9a8a819518e6d,source_tree_sha256,030d6bb049591fda35c4e54df090bbc50eb1e12d8482c28cc71dffec7cef6fa0
2022-04-23,2,action_02,3003,2513,2513,500,5.026,True,2022-04-23__group_02,exp3-full-20260807T072340Z,full,False,primary,exp3,2eebb3dfafa708ac36ff5b5fb2d215b77f5189e37ae94ea9afe8470831770580,e0c1288a22ea2cf3abde9f2c0887f795fe4c2e7d6f705d077ac9a8a819518e6d,source_tree_sha256,030d6bb049591fda35c4e54df090bbc50eb1e12d8482c28cc71dffec7cef6fa0
2022-04-23,2,action_03,2764,2852,2764,500,5.528,True,2022-04-23__group_02,exp3-full-20260807T072340Z,full,False,primary,exp3,2eebb3dfafa708ac36ff5b5fb2d215b77f5189e37ae94ea9afe8470831770580,e0c1288a22ea2cf3abde9f2c0887f795fe4c2e7d6f705d077ac9a8a819518e6d,source_tree_sha256,030d6bb049591fda35c4e54df090bbc50eb1e12d8482c28cc71dffec7cef6fa0
2022-04-23,2,action_04,2768,2245,2245,500,4.49,True,2022-04-23__group_02,exp3-full-20260807T072340Z,full,False,primary,exp3,2eebb3dfafa708ac36ff5b5fb2d215b77f5189e37ae94ea9afe8470831770580,e0c1288a22ea2cf3abde9f2c0887f795fe4c2e7d6f705d077ac9a8a819518e6d,source_tree_sha256,030d6bb049591fda35c4e54df090bbc50eb1e12d8482c28cc71dffec7cef6fa0
2022-04-23,2,action_05,2057,1305,1305,500,2.61,True,2022-04-23__group_02,exp3-full-20260807T072340Z,full,False,primary,exp3,2eebb3dfafa708ac36ff5b5fb2d215b77f5189e37ae94ea9afe8470831770580,e0c1288a22ea2cf3abde9f2c0887f795fe4c2e7d6f705d077ac9a8a819518e6d,source_tree_sha256,030d6bb049591fda35c4e54df090bbc50eb1e12d8482c28cc71dffec7cef6fa0
2022-04-23,2,action_06,2382,2023,2023,500,4.046,True,2022-04-23__group_02,exp3-full-20260807T072340Z,full,False,primary,exp3,2eebb3dfafa708ac36ff5b5fb2d215b77f5189e37ae94ea9afe8470831770580,e0c1288a22ea2cf3abde9f2c0887f795fe4c2e7d6f705d077ac9a8a819518e6d,source_tree_sha256,030d6bb049591fda35c4e54df090bbc50eb1e12d8482c28cc71dffec7cef6fa0
2022-04-23,2,action_07,2083,1766,1766,500,3.532,True,2022-04-23__group_02,exp3-full-20260807T072340Z,full,False,primary,exp3,2eebb3dfafa708ac36ff5b5fb2d215b77f5189e37ae94ea9afe8470831770580,e0c1288a22ea2cf3abde9f2c0887f795fe4c2e7d6f705d077ac9a8a819518e6d,source_tree_sha256,030d6bb049591fda35c4e54df090bbc50eb1e12d8482c28cc71dffec7cef6fa0
2022-04-23,2,action_08,2177,1921,1921,500,3.842,True,2022-04-23__group_02,exp3-full-20260807T072340Z,full,False,primary,exp3,2eebb3dfafa708ac36ff5b5fb2d215b77f5189e37ae94ea9afe8470831770580,e0c1288a22ea2cf3abde9f2c0887f795fe4c2e7d6f705d077ac9a8a819518e6d,source_tree_sha256,030d6bb049591fda35c4e54df090bbc50eb1e12d8482c28cc71dffec7cef6fa0
2022-04-23,2,action_09,1868,827,827,500,1.654,True,2022-04-23__group_02,exp3-full-20260807T072340Z,full,False,primary,exp3,2eebb3dfafa708ac36ff5b5fb2d215b77f5189e37ae94ea9afe8470831770580,e0c1288a22ea2cf3abde9f2c0887f795fe4c2e7d6f705d077ac9a8a819518e6d,source_tree_sha256,030d6bb049591fda35c4e54df090bbc50eb1e12d8482c28cc71dffec7cef6fa0
2022-04-23,2,action_10,1233,1385,1233,500,2.466,True,2022-04-23__group_02,exp3-full-20260807T072340Z,full,False,primary,exp3,2eebb3dfafa708ac36ff5b5fb2d215b77f5189e37ae94ea9afe8470831770580,e0c1288a22ea2cf3abde9f2c0887f795fe4c2e7d6f705d077ac9a8a819518e6d,source_tree_sha256,030d6bb049591fda35c4e54df090bbc50eb1e12d8482c28cc71dffec7cef6fa0
2022-04-23,2,action_11,1157,831,831,500,1.662,True,2022-04-23__group_02,exp3-full-20260807T072340Z,full,False,primary,exp3,2eebb3dfafa708ac36ff5b5fb2d215b77f5189e37ae94ea9afe8470831770580,e0c1288a22ea2cf3abde9f2c0887f795fe4c2e7d6f705d077ac9a8a819518e6d,source_tree_sha256,030d6bb049591fda35c4e54df090bbc50eb1e12d8482c28cc71dffec7cef6fa0
2022-04-23,2,action_12,1340,1335,1335,500,2.67,True,2022-04-23__group_02,exp3-full-20260807T072340Z,full,False,primary,exp3,2eebb3dfafa708ac36ff5b5fb2d215b77f5189e37ae94ea9afe8470831770580,e0c1288a22ea2cf3abde9f2c0887f795fe4c2e7d6f705d077ac9a8a819518e6d,source_tree_sha256,030d6bb049591fda35c4e54df090bbc50eb1e12d8482c28cc71dffec7cef6fa0
2022-04-23,2,action_13,1171,1074,1074,500,2.148,True,2022-04-23__group_02,exp3-full-20260807T072340Z,full,False,primary,exp3,2eebb3dfafa708ac36ff5b5fb2d215b77f5189e37ae94ea9afe8470831770580,e0c1288a22ea2cf3abde9f2c0887f795fe4c2e7d6f705d077ac9a8a819518e6d,source_tree_sha256,030d6bb049591fda35c4e54df090bbc50eb1e12d8482c28cc71dffec7cef6fa0
2022-04-23,2,action_14,1138,933,933,500,1.866,True,2022-04-23__group_02,exp3-full-20260807T072340Z,full,False,primary,exp3,2eebb3dfafa708ac36ff5b5fb2d215b77f5189e37ae94ea9afe8470831770580,e0c1288a22ea2cf3abde9f2c0887f795fe4c2e7d6f705d077ac9a8a819518e6d,source_tree_sha256,030d6bb049591fda35c4e54df090bbc50eb1e12d8482c28cc71dffec7cef6fa0
2022-04-23,2,action_15,1089,766,766,500,1.532,True,2022-04-23__group_02,exp3-full-20260807T072340Z,full,False,primary,exp3,2eebb3dfafa708ac36ff5b5fb2d215b77f5189e37ae94ea9afe8470831770580,e0c1288a22ea2cf3abde9f2c0887f795fe4c2e7d6f705d077ac9a8a819518e6d,source_tree_sha256,030d6bb049591fda35c4e54df090bbc50eb1e12d8482c28cc71dffec7cef6fa0
2022-04-23,2,action_16,956,811,811,500,1.622,True,2022-04-23__group_02,exp3-full-20260807T072340Z,full,False,primary,exp3,2eebb3dfafa708ac36ff5b5fb2d215b77f5189e37ae94ea9afe8470831770580,e0c1288a22ea2cf3abde9f2c0887f795fe4c2e7d6f705d077ac9a8a819518e6d,source_tree_sha256,030d6bb049591fda35c4e54df090bbc50eb1e12d8482c28cc71dffec7cef6fa0
2022-04-23,2,action_17,1035,774,774,500,1.548,True,2022-04-23__group_02,exp3-full-20260807T072340Z,full,False,primary,exp3,2eebb3dfafa708ac36ff5b5fb2d215b77f5189e37ae94ea9afe8470831770580,e0c1288a22ea2cf3abde9f2c0887f795fe4c2e7d6f705d077ac9a8a819518e6d,source_tree_sha256,030d6bb049591fda35c4e54df090bbc50eb1e12d8482c28cc71dffec7cef6fa0
2022-04-23,2,action_18,831,857,831,500,1.662,True,2022-04-23__group_02,exp3-full-20260807T072340Z,full,False,primary,exp3,2eebb3dfafa708ac36ff5b5fb2d215b77f5189e37ae94ea9afe8470831770580,e0c1288a22ea2cf3abde9f2c0887f795fe4c2e7d6f705d077ac9a8a819518e6d,source_tree_sha256,030d6bb049591fda35c4e54df090bbc50eb1e12d8482c28cc71dffec7cef6fa0
2022-04-23,2,action_19,853,830,830,500,1.66,True,2022-04-23__group_02,exp3-full-20260807T072340Z,full,False,primary,exp3,2eebb3dfafa708ac36ff5b5fb2d215b77f5189e37ae94ea9afe8470831770580,e0c1288a22ea2cf3abde9f2c0887f795fe4c2e7d6f705d077ac9a8a819518e6d,source_tree_sha256,030d6bb049591fda35c4e54df090bbc50eb1e12d8482c28cc71dffec7cef6fa0
2022-04-23,2,action_20,744,448,448,500,0.896,False,2022-04-23__group_02,exp3-full-20260807T072340Z,full,False,primary,exp3,2eebb3dfafa708ac36ff5b5fb2d215b77f5189e37ae94ea9afe8470831770580,e0c1288a22ea2cf3abde9f2c0887f795fe4c2e7d6f705d077ac9a8a819518e6d,source_tree_sha256,030d6bb049591fda35c4e54df090bbc50eb1e12d8482c28cc71dffec7cef6fa0
2022-04-23,3,action_01,5214,3885,3885,500,7.77,True,2022-04-23__group_03,exp3-full-20260807T072340Z,full,False,primary,exp3,2eebb3dfafa708ac36ff5b5fb2d215b77f5189e37ae94ea9afe8470831770580,e0c1288a22ea2cf3abde9f2c0887f795fe4c2e7d6f705d077ac9a8a819518e6d,source_tree_sha256,030d6bb049591fda35c4e54df090bbc50eb1e12d8482c28cc71dffec7cef6fa0
2022-04-23,3,action_02,2997,1859,1859,500,3.718,True,2022-04-23__group_03,exp3-full-20260807T072340Z,full,False,primary,exp3,2eebb3dfafa708ac36ff5b5fb2d215b77f5189e37ae94ea9afe8470831770580,e0c1288a22ea2cf3abde9f2c0887f795fe4c2e7d6f705d077ac9a8a819518e6d,source_tree_sha256,030d6bb049591fda35c4e54df090bbc50eb1e12d8482c28cc71dffec7cef6fa0
2022-04-23,3,action_03,2455,1867,1867,500,3.734,True,2022-04-23__group_03,exp3-full-20260807T072340Z,full,False,primary,exp3,2eebb3dfafa708ac36ff5b5fb2d215b77f5189e37ae94ea9afe8470831770580,e0c1288a22ea2cf3abde9f2c0887f795fe4c2e7d6f705d077ac9a8a819518e6d,source_tree_sha256,030d6bb049591fda35c4e54df090bbc50eb1e12d8482c28cc71dffec7cef6fa0
2022-04-23,3,action_04,2246,1351,1351,500,2.702,True,2022-04-23__group_03,exp3-full-20260807T072340Z,full,False,primary,exp3,2eebb3dfafa708ac36ff5b5fb2d215b77f5189e37ae94ea9afe8470831770580,e0c1288a22ea2cf3abde9f2c0887f795fe4c2e7d6f705d077ac9a8a819518e6d,source_tree_sha256,030d6bb049591fda35c4e54df090bbc50eb1e12d8482c28cc71dffec7cef6fa0
2022-04-23,3,action_05,1761,1121,1121,500,2.242,True,2022-04-23__group_03,exp3-full-20260807T072340Z,full,False,primary,exp3,2eebb3dfafa708ac36ff5b5fb2d215b77f5189e37ae94ea9afe8470831770580,e0c1288a22ea2cf3abde9f2c0887f795fe4c2e7d6f705d077ac9a8a819518e6d,source_tree_sha256,030d6bb049591fda35c4e54df090bbc50eb1e12d8482c28cc71dffec7cef6fa0
2022-04-23,3,action_06,2050,1542,1542,500,3.084,True,2022-04-23__group_03,exp3-full-20260807T072340Z,full,False,primary,exp3,2eebb3dfafa708ac36ff5b5fb2d215b77f5189e37ae94ea9afe8470831770580,e0c1288a22ea2cf3abde9f2c0887f795fe4c2e7d6f705d077ac9a8a819518e6d,source_tree_sha256,030d6bb049591fda35c4e54df090bbc50eb1e12d8482c28cc71dffec7cef6fa0
2022-04-23,3,action_07,1991,1200,1200,500,2.4,True,2022-04-23__group_03,exp3-full-20260807T072340Z,full,False,primary,exp3,2eebb3dfafa708ac36ff5b5fb2d215b77f5189e37ae94ea9afe8470831770580,e0c1288a22ea2cf3abde9f2c0887f795fe4c2e7d6f705d077ac9a8a819518e6d,source_tree_sha256,030d6bb049591fda35c4e54df090bbc50eb1e12d8482c28cc71dffec7cef6fa0
2022-04-23,3,action_08,1993,1257,1257,500,2.514,True,2022-04-23__group_03,exp3-full-20260807T072340Z,full,False,primary,exp3,2eebb3dfafa708ac36ff5b5fb2d215b77f5189e37ae94ea9afe8470831770580,e0c1288a22ea2cf3abde9f2c0887f795fe4c2e7d6f705d077ac9a8a819518e6d,source_tree_sha256,030d6bb049591fda35c4e54df090bbc50eb1e12d8482c28cc71dffec7cef6fa0
2022-04-23,3,action_09,973,635,635,500,1.27,True,2022-04-23__group_03,exp3-full-20260807T072340Z,full,False,primary,exp3,2eebb3dfafa708ac36ff5b5fb2d215b77f5189e37ae94ea9afe8470831770580,e0c1288a22ea2cf3abde9f2c0887f795fe4c2e7d6f705d077ac9a8a819518e6d,source_tree_sha256,030d6bb049591fda35c4e54df090bbc50eb1e12d8482c28cc71dffec7cef6fa0
2022-04-23,3,action_10,1422,720,720,500,1.44,True,2022-04-23__group_03,exp3-full-20260807T072340Z,full,False,primary,exp3,2eebb3dfafa708ac36ff5b5fb2d215b77f5189e37ae94ea9afe8470831770580,e0c1288a22ea2cf3abde9f2c0887f795fe4c2e7d6f705d077ac9a8a819518e6d,source_tree_sha256,030d6bb049591fda35c4e54df090bbc50eb1e12d8482c28cc71dffec7cef6fa0
2022-04-23,3,action_11,665,504,504,500,1.008,True,2022-04-23__group_03,exp3-full-20260807T072340Z,full,False,primary,exp3,2eebb3dfafa708ac36ff5b5fb2d215b77f5189e37ae94ea9afe8470831770580,e0c1288a22ea2cf3abde9f2c0887f795fe4c2e7d6f705d077ac9a8a819518e6d,source_tree_sha256,030d6bb049591fda35c4e54df090bbc50eb1e12d8482c28cc71dffec7cef6fa0
2022-04-23,3,action_12,959,731,731,500,1.462,True,2022-04-23__group_03,exp3-full-20260807T072340Z,full,False,primary,exp3,2eebb3dfafa708ac36ff5b5fb2d215b77f5189e37ae94ea9afe8470831770580,e0c1288a22ea2cf3abde9f2c0887f795fe4c2e7d6f705d077ac9a8a819518e6d,source_tree_sha256,030d6bb049591fda35c4e54df090bbc50eb1e12d8482c28cc71dffec7cef6fa0
2022-04-23,3,action_13,924,746,746,500,1.492,True,2022-04-23__group_03,exp3-full-20260807T072340Z,full,False,primary,exp3,2eebb3dfafa708ac36ff5b5fb2d215b77f5189e37ae94ea9afe8470831770580,e0c1288a22ea2cf3abde9f2c0887f795fe4c2e7d6f705d077ac9a8a819518e6d,source_tree_sha256,030d6bb049591fda35c4e54df090bbc50eb1e12d8482c28cc71dffec7cef6fa0
2022-04-23,3,action_14,1076,585,585,500,1.17,True,2022-04-23__group_03,exp3-full-20260807T072340Z,full,False,primary,exp3,2eebb3dfafa708ac36ff5b5fb2d215b77f5189e37ae94ea9afe8470831770580,e0c1288a22ea2cf3abde9f2c0887f795fe4c2e7d6f705d077ac9a8a819518e6d,source_tree_sha256,030d6bb049591fda35c4e54df090bbc50eb1e12d8482c28cc71dffec7cef6fa0
2022-04-23,3,action_15,880,674,674,500,1.348,True,2022-04-23__group_03,exp3-full-20260807T072340Z,full,False,primary,exp3,2eebb3dfafa708ac36ff5b5fb2d215b77f5189e37ae94ea9afe8470831770580,e0c1288a22ea2cf3abde9f2c0887f795fe4c2e7d6f705d077ac9a8a819518e6d,source_tree_sha256,030d6bb049591fda35c4e54df090bbc50eb1e12d8482c28cc71dffec7cef6fa0
2022-04-23,3,action_16,959,558,558,500,1.116,True,2022-04-23__group_03,exp3-full-20260807T072340Z,full,False,primary,exp3,2eebb3dfafa708ac36ff5b5fb2d215b77f5189e37ae94ea9afe8470831770580,e0c1288a22ea2cf3abde9f2c0887f795fe4c2e7d6f705d077ac9a8a819518e6d,source_tree_sha256,030d6bb049591fda35c4e54df090bbc50eb1e12d8482c28cc71dffec7cef6fa0
2022-04-23,3,action_17,841,451,451,500,0.902,False,2022-04-23__group_03,exp3-full-20260807T072340Z,full,False,primary,exp3,2eebb3dfafa708ac36ff5b5fb2d215b77f5189e37ae94ea9afe8470831770580,e0c1288a22ea2cf3abde9f2c0887f795fe4c2e7d6f705d077ac9a8a819518e6d,source_tree_sha256,030d6bb049591fda35c4e54df090bbc50eb1e12d8482c28cc71dffec7cef6fa0
2022-04-23,3,action_18,643,578,578,500,1.156,True,2022-04-23__group_03,exp3-full-20260807T072340Z,full,False,primary,exp3,2eebb3dfafa708ac36ff5b5fb2d215b77f5189e37ae94ea9afe8470831770580,e0c1288a22ea2cf3abde9f2c0887f795fe4c2e7d6f705d077ac9a8a819518e6d,source_tree_sha256,030d6bb049591fda35c4e54df090bbc50eb1e12d8482c28cc71dffec7cef6fa0
2022-04-23,3,action_19,709,590,590,500,1.18,True,2022-04-23__group_03,exp3-full-20260807T072340Z,full,False,primary,exp3,2eebb3dfafa708ac36ff5b5fb2d215b77f5189e37ae94ea9afe8470831770580,e0c1288a22ea2cf3abde9f2c0887f795fe4c2e7d6f705d077ac9a8a819518e6d,source_tree_sha256,030d6bb049591fda35c4e54df090bbc50eb1e12d8482c28cc71dffec7cef6fa0
2022-04-23,3,action_20,545,593,545,500,1.09,True,2022-04-23__group_03,exp3-full-20260807T072340Z,full,False,primary,exp3,2eebb3dfafa708ac36ff5b5fb2d215b77f5189e37ae94ea9afe8470831770580,e0c1288a22ea2cf3abde9f2c0887f795fe4c2e7d6f705d077ac9a8a819518e6d,source_tree_sha256,030d6bb049591fda35c4e54df090bbc50eb1e12d8482c28cc71dffec7cef6fa0
2022-04-23,4,action_01,4893,4610,4610,500,9.22,True,2022-04-23__group_04,exp3-full-20260807T072340Z,full,False,primary,exp3,2eebb3dfafa708ac36ff5b5fb2d215b77f5189e37ae94ea9afe8470831770580,e0c1288a22ea2cf3abde9f2c0887f795fe4c2e7d6f705d077ac9a8a819518e6d,source_tree_sha256,030d6bb049591fda35c4e54df090bbc50eb1e12d8482c28cc71dffec7cef6fa0
2022-04-23,4,action_02,3633,2323,2323,500,4.646,True,2022-04-23__group_04,exp3-full-20260807T072340Z,full,False,primary,exp3,2eebb3dfafa708ac36ff5b5fb2d215b77f5189e37ae94ea9afe8470831770580,e0c1288a22ea2cf3abde9f2c0887f795fe4c2e7d6f705d077ac9a8a819518e6d,source_tree_sha256,030d6bb049591fda35c4e54df090bbc50eb1e12d8482c28cc71dffec7cef6fa0
2022-04-23,4,action_03,2908,2214,2214,500,4.428,True,2022-04-23__group_04,exp3-full-20260807T072340Z,full,False,primary,exp3,2eebb3dfafa708ac36ff5b5fb2d215b77f5189e37ae94ea9afe8470831770580,e0c1288a22ea2cf3abde9f2c0887f795fe4c2e7d6f705d077ac9a8a819518e6d,source_tree_sha256,030d6bb049591fda35c4e54df090bbc50eb1e12d8482c28cc71dffec7cef6fa0
2022-04-23,4,action_04,2443,2453,2443,500,4.886,True,2022-04-23__group_04,exp3-full-20260807T072340Z,full,False,primary,exp3,2eebb3dfafa708ac36ff5b5fb2d215b77f5189e37ae94ea9afe8470831770580,e0c1288a22ea2cf3abde9f2c0887f795fe4c2e7d6f705d077ac9a8a819518e6d,source_tree_sha256,030d6bb049591fda35c4e54df090bbc50eb1e12d8482c28cc71dffec7cef6fa0
2022-04-23,4,action_05,2434,1809,1809,500,3.618,True,2022-04-23__group_04,exp3-full-20260807T072340Z,full,False,primary,exp3,2eebb3dfafa708ac36ff5b5fb2d215b77f5189e37ae94ea9afe8470831770580,e0c1288a22ea2cf3abde9f2c0887f795fe4c2e7d6f705d077ac9a8a819518e6d,source_tree_sha256,030d6bb049591fda35c4e54df090bbc50eb1e12d8482c28cc71dffec7cef6fa0
2022-04-23,4,action_06,2327,1831,1831,500,3.662,True,2022-04-23__group_04,exp3-full-20260807T072340Z,full,False,primary,exp3,2eebb3dfafa708ac36ff5b5fb2d215b77f5189e37ae94ea9afe8470831770580,e0c1288a22ea2cf3abde9f2c0887f795fe4c2e7d6f705d077ac9a8a819518e6d,source_tree_sha256,030d6bb049591fda35c4e54df090bbc50eb1e12d8482c28cc71dffec7cef6fa0
2022-04-23,4,action_07,2348,1661,1661,500,3.322,True,2022-04-23__group_04,exp3-full-20260807T072340Z,full,False,primary,exp3,2eebb3dfafa708ac36ff5b5fb2d215b77f5189e37ae94ea9afe8470831770580,e0c1288a22ea2cf3abde9f2c0887f795fe4c2e7d6f705d077ac9a8a819518e6d,source_tree_sha256,030d6bb049591fda35c4e54df090bbc50eb1e12d8482c28cc71dffec7cef6fa0
2022-04-23,4,action_08,1504,1385,1385,500,2.77,True,2022-04-23__group_04,exp3-full-20260807T072340Z,full,False,primary,exp3,2eebb3dfafa708ac36ff5b5fb2d215b77f5189e37ae94ea9afe8470831770580,e0c1288a22ea2cf3abde9f2c0887f795fe4c2e7d6f705d077ac9a8a819518e6d,source_tree_sha256,030d6bb049591fda35c4e54df090bbc50eb1e12d8482c28cc71dffec7cef6fa0
2022-04-23,4,action_09,1901,1232,1232,500,2.464,True,2022-04-23__group_04,exp3-full-20260807T072340Z,full,False,primary,exp3,2eebb3dfafa708ac36ff5b5fb2d215b77f5189e37ae94ea9afe8470831770580,e0c1288a22ea2cf3abde9f2c0887f795fe4c2e7d6f705d077ac9a8a819518e6d,source_tree_sha256,030d6bb049591fda35c4e54df090bbc50eb1e12d8482c28cc71dffec7cef6fa0
2022-04-23,4,action_10,1219,1255,1219,500,2.438,True,2022-04-23__group_04,exp3-full-20260807T072340Z,full,False,primary,exp3,2eebb3dfafa708ac36ff5b5fb2d215b77f5189e37ae94ea9afe8470831770580,e0c1288a22ea2cf3abde9f2c0887f795fe4c2e7d6f705d077ac9a8a819518e6d,source_tree_sha256,030d6bb049591fda35c4e54df090bbc50eb1e12d8482c28cc71dffec7cef6fa0
2022-04-23,4,action_11,1564,977,977,500,1.954,True,2022-04-23__group_04,exp3-full-20260807T072340Z,full,False,primary,exp3,2eebb3dfafa708ac36ff5b5fb2d215b77f5189e37ae94ea9afe8470831770580,e0c1288a22ea2cf3abde9f2c0887f795fe4c2e7d6f705d077ac9a8a819518e6d,source_tree_sha256,030d6bb049591fda35c4e54df090bbc50eb1e12d8482c28cc71dffec7cef6fa0
2022-04-23,4,action_12,848,1202,848,500,1.696,True,2022-04-23__group_04,exp3-full-20260807T072340Z,full,False,primary,exp3,2eebb3dfafa708ac36ff5b5fb2d215b77f5189e37ae94ea9afe8470831770580,e0c1288a22ea2cf3abde9f2c0887f795fe4c2e7d6f705d077ac9a8a819518e6d,source_tree_sha256,030d6bb049591fda35c4e54df090bbc50eb1e12d8482c28cc71dffec7cef6fa0
2022-04-23,4,action_13,1111,895,895,500,1.79,True,2022-04-23__group_04,exp3-full-20260807T072340Z,full,False,primary,exp3,2eebb3dfafa708ac36ff5b5fb2d215b77f5189e37ae94ea9afe8470831770580,e0c1288a22ea2cf3abde9f2c0887f795fe4c2e7d6f705d077ac9a8a819518e6d,source_tree_sha256,030d6bb049591fda35c4e54df090bbc50eb1e12d8482c28cc71dffec7cef6fa0
2022-04-23,4,action_14,991,648,648,500,1.296,True,2022-04-23__group_04,exp3-full-20260807T072340Z,full,False,primary,exp3,2eebb3dfafa708ac36ff5b5fb2d215b77f5189e37ae94ea9afe8470831770580,e0c1288a22ea2cf3abde9f2c0887f795fe4c2e7d6f705d077ac9a8a819518e6d,source_tree_sha256,030d6bb049591fda35c4e54df090bbc50eb1e12d8482c28cc71dffec7cef6fa0
2022-04-23,4,action_15,881,944,881,500,1.762,True,2022-04-23__group_04,exp3-full-20260807T072340Z,full,False,primary,exp3,2eebb3dfafa708ac36ff5b5fb2d215b77f5189e37ae94ea9afe8470831770580,e0c1288a22ea2cf3abde9f2c0887f795fe4c2e7d6f705d077ac9a8a819518e6d,source_tree_sha256,030d6bb049591fda35c4e54df090bbc50eb1e12d8482c28cc71dffec7cef6fa0
2022-04-23,4,action_16,1139,693,693,500,1.386,True,2022-04-23__group_04,exp3-full-20260807T072340Z,full,False,primary,exp3,2eebb3dfafa708ac36ff5b5fb2d215b77f5189e37ae94ea9afe8470831770580,e0c1288a22ea2cf3abde9f2c0887f795fe4c2e7d6f705d077ac9a8a819518e6d,source_tree_sha256,030d6bb049591fda35c4e54df090bbc50eb1e12d8482c28cc71dffec7cef6fa0
2022-04-23,4,action_17,1125,923,923,500,1.846,True,2022-04-23__group_04,exp3-full-20260807T072340Z,full,False,primary,exp3,2eebb3dfafa708ac36ff5b5fb2d215b77f5189e37ae94ea9afe8470831770580,e0c1288a22ea2cf3abde9f2c0887f795fe4c2e7d6f705d077ac9a8a819518e6d,source_tree_sha256,030d6bb049591fda35c4e54df090bbc50eb1e12d8482c28cc71dffec7cef6fa0
2022-04-23,4,action_18,849,765,765,500,1.53,True,2022-04-23__group_04,exp3-full-20260807T072340Z,full,False,primary,exp3,2eebb3dfafa708ac36ff5b5fb2d215b77f5189e37ae94ea9afe8470831770580,e0c1288a22ea2cf3abde9f2c0887f795fe4c2e7d6f705d077ac9a8a819518e6d,source_tree_sha256,030d6bb049591fda35c4e54df090bbc50eb1e12d8482c28cc71dffec7cef6fa0
2022-04-23,4,action_19,813,518,518,500,1.036,True,2022-04-23__group_04,exp3-full-20260807T072340Z,full,False,primary,exp3,2eebb3dfafa708ac36ff5b5fb2d215b77f5189e37ae94ea9afe8470831770580,e0c1288a22ea2cf3abde9f2c0887f795fe4c2e7d6f705d077ac9a8a819518e6d,source_tree_sha256,030d6bb049591fda35c4e54df090bbc50eb1e12d8482c28cc71dffec7cef6fa0
2022-04-23,4,action_20,813,433,433,500,0.866,False,2022-04-23__group_04,exp3-full-20260807T072340Z,full,False,primary,exp3,2eebb3dfafa708ac36ff5b5fb2d215b77f5189e37ae94ea9afe8470831770580,e0c1288a22ea2cf3abde9f2c0887f795fe4c2e7d6f705d077ac9a8a819518e6d,source_tree_sha256,030d6bb049591fda35c4e54df090bbc50eb1e12d8482c28cc71dffec7cef6fa0
2022-04-24,0,action_01,4911,4542,4542,500,9.084,True,2022-04-24__group_00,exp3-full-20260807T072340Z,full,False,primary,exp3,2eebb3dfafa708ac36ff5b5fb2d215b77f5189e37ae94ea9afe8470831770580,e0c1288a22ea2cf3abde9f2c0887f795fe4c2e7d6f705d077ac9a8a819518e6d,source_tree_sha256,030d6bb049591fda35c4e54df090bbc50eb1e12d8482c28cc71dffec7cef6fa0
2022-04-24,0,action_02,2197,2445,2197,500,4.394,True,2022-04-24__group_00,exp3-full-20260807T072340Z,full,False,primary,exp3,2eebb3dfafa708ac36ff5b5fb2d215b77f5189e37ae94ea9afe8470831770580,e0c1288a22ea2cf3abde9f2c0887f795fe4c2e7d6f705d077ac9a8a819518e6d,source_tree_sha256,030d6bb049591fda35c4e54df090bbc50eb1e12d8482c28cc71dffec7cef6fa0
2022-04-24,0,action_03,2330,2815,2330,500,4.66,True,2022-04-24__group_00,exp3-full-20260807T072340Z,full,False,primary,exp3,2eebb3dfafa708ac36ff5b5fb2d215b77f5189e37ae94ea9afe8470831770580,e0c1288a22ea2cf3abde9f2c0887f795fe4c2e7d6f705d077ac9a8a819518e6d,source_tree_sha256,030d6bb049591fda35c4e54df090bbc50eb1e12d8482c28cc71dffec7cef6fa0
2022-04-24,0,action_04,3177,2122,2122,500,4.244,True,2022-04-24__group_00,exp3-full-20260807T072340Z,full,False,primary,exp3,2eebb3dfafa708ac36ff5b5fb2d215b77f5189e37ae94ea9afe8470831770580,e0c1288a22ea2cf3abde9f2c0887f795fe4c2e7d6f705d077ac9a8a819518e6d,source_tree_sha256,030d6bb049591fda35c4e54df090bbc50eb1e12d8482c28cc71dffec7cef6fa0
2022-04-24,0,action_05,1714,2127,1714,500,3.428,True,2022-04-24__group_00,exp3-full-20260807T072340Z,full,False,primary,exp3,2eebb3dfafa708ac36ff5b5fb2d215b77f5189e37ae94ea9afe8470831770580,e0c1288a22ea2cf3abde9f2c0887f795fe4c2e7d6f705d077ac9a8a819518e6d,source_tree_sha256,030d6bb049591fda35c4e54df090bbc50eb1e12d8482c28cc71dffec7cef6fa0
2022-04-24,0,action_06,1693,1523,1523,500,3.046,True,2022-04-24__group_00,exp3-full-20260807T072340Z,full,False,primary,exp3,2eebb3dfafa708ac36ff5b5fb2d215b77f5189e37ae94ea9afe8470831770580,e0c1288a22ea2cf3abde9f2c0887f795fe4c2e7d6f705d077ac9a8a819518e6d,source_tree_sha256,030d6bb049591fda35c4e54df090bbc50eb1e12d8482c28cc71dffec7cef6fa0
2022-04-24,0,action_07,1749,1642,1642,500,3.284,True,2022-04-24__group_00,exp3-full-20260807T072340Z,full,False,primary,exp3,2eebb3dfafa708ac36ff5b5fb2d215b77f5189e37ae94ea9afe8470831770580,e0c1288a22ea2cf3abde9f2c0887f795fe4c2e7d6f705d077ac9a8a819518e6d,source_tree_sha256,030d6bb049591fda35c4e54df090bbc50eb1e12d8482c28cc71dffec7cef6fa0
2022-04-24,0,action_08,1530,1680,1530,500,3.06,True,2022-04-24__group_00,exp3-full-20260807T072340Z,full,False,primary,exp3,2eebb3dfafa708ac36ff5b5fb2d215b77f5189e37ae94ea9afe8470831770580,e0c1288a22ea2cf3abde9f2c0887f795fe4c2e7d6f705d077ac9a8a819518e6d,source_tree_sha256,030d6bb049591fda35c4e54df090bbc50eb1e12d8482c28cc71dffec7cef6fa0
2022-04-24,0,action_09,1071,1353,1071,500,2.142,True,2022-04-24__group_00,exp3-full-20260807T072340Z,full,False,primary,exp3,2eebb3dfafa708ac36ff5b5fb2d215b77f5189e37ae94ea9afe8470831770580,e0c1288a22ea2cf3abde9f2c0887f795fe4c2e7d6f705d077ac9a8a819518e6d,source_tree_sha256,030d6bb049591fda35c4e54df090bbc50eb1e12d8482c28cc71dffec7cef6fa0
2022-04-24,0,action_10,1124,2651,1124,500,2.248,True,2022-04-24__group_00,exp3-full-20260807T072340Z,full,False,primary,exp3,2eebb3dfafa708ac36ff5b5fb2d215b77f5189e37ae94ea9afe8470831770580,e0c1288a22ea2cf3abde9f2c0887f795fe4c2e7d6f705d077ac9a8a819518e6d,source_tree_sha256,030d6bb049591fda35c4e54df090bbc50eb1e12d8482c28cc71dffec7cef6fa0
2022-04-24,0,action_11,1187,1342,1187,500,2.374,True,2022-04-24__group_00,exp3-full-20260807T072340Z,full,False,primary,exp3,2eebb3dfafa708ac36ff5b5fb2d215b77f5189e37ae94ea9afe8470831770580,e0c1288a22ea2cf3abde9f2c0887f795fe4c2e7d6f705d077ac9a8a819518e6d,source_tree_sha256,030d6bb049591fda35c4e54df090bbc50eb1e12d8482c28cc71dffec7cef6fa0
2022-04-24,0,action_12,828,938,828,500,1.656,True,2022-04-24__group_00,exp3-full-20260807T072340Z,full,False,primary,exp3,2eebb3dfafa708ac36ff5b5fb2d215b77f5189e37ae94ea9afe8470831770580,e0c1288a22ea2cf3abde9f2c0887f795fe4c2e7d6f705d077ac9a8a819518e6d,source_tree_sha256,030d6bb049591fda35c4e54df090bbc50eb1e12d8482c28cc71dffec7cef6fa0
2022-04-24,0,action_13,904,1022,904,500,1.808,True,2022-04-24__group_00,exp3-full-20260807T072340Z,full,False,primary,exp3,2eebb3dfafa708ac36ff5b5fb2d215b77f5189e37ae94ea9afe8470831770580,e0c1288a22ea2cf3abde9f2c0887f795fe4c2e7d6f705d077ac9a8a819518e6d,source_tree_sha256,030d6bb049591fda35c4e54df090bbc50eb1e12d8482c28cc71dffec7cef6fa0
2022-04-24,0,action_14,698,1025,698,500,1.396,True,2022-04-24__group_00,exp3-full-20260807T072340Z,full,False,primary,exp3,2eebb3dfafa708ac36ff5b5fb2d215b77f5189e37ae94ea9afe8470831770580,e0c1288a22ea2cf3abde9f2c0887f795fe4c2e7d6f705d077ac9a8a819518e6d,source_tree_sha256,030d6bb049591fda35c4e54df090bbc50eb1e12d8482c28cc71dffec7cef6fa0
2022-04-24,0,action_15,1189,964,964,500,1.928,True,2022-04-24__group_00,exp3-full-20260807T072340Z,full,False,primary,exp3,2eebb3dfafa708ac36ff5b5fb2d215b77f5189e37ae94ea9afe8470831770580,e0c1288a22ea2cf3abde9f2c0887f795fe4c2e7d6f705d077ac9a8a819518e6d,source_tree_sha256,030d6bb049591fda35c4e54df090bbc50eb1e12d8482c28cc71dffec7cef6fa0
2022-04-24,0,action_16,832,1001,832,500,1.664,True,2022-04-24__group_00,exp3-full-20260807T072340Z,full,False,primary,exp3,2eebb3dfafa708ac36ff5b5fb2d215b77f5189e37ae94ea9afe8470831770580,e0c1288a22ea2cf3abde9f2c0887f795fe4c2e7d6f705d077ac9a8a819518e6d,source_tree_sha256,030d6bb049591fda35c4e54df090bbc50eb1e12d8482c28cc71dffec7cef6fa0
2022-04-24,0,action_17,863,758,758,500,1.516,True,2022-04-24__group_00,exp3-full-20260807T072340Z,full,False,primary,exp3,2eebb3dfafa708ac36ff5b5fb2d215b77f5189e37ae94ea9afe8470831770580,e0c1288a22ea2cf3abde9f2c0887f795fe4c2e7d6f705d077ac9a8a819518e6d,source_tree_sha256,030d6bb049591fda35c4e54df090bbc50eb1e12d8482c28cc71dffec7cef6fa0
2022-04-24,0,action_18,832,699,699,500,1.398,True,2022-04-24__group_00,exp3-full-20260807T072340Z,full,False,primary,exp3,2eebb3dfafa708ac36ff5b5fb2d215b77f5189e37ae94ea9afe8470831770580,e0c1288a22ea2cf3abde9f2c0887f795fe4c2e7d6f705d077ac9a8a819518e6d,source_tree_sha256,030d6bb049591fda35c4e54df090bbc50eb1e12d8482c28cc71dffec7cef6fa0
2022-04-24,0,action_19,542,716,542,500,1.084,True,2022-04-24__group_00,exp3-full-20260807T072340Z,full,False,primary,exp3,2eebb3dfafa708ac36ff5b5fb2d215b77f5189e37ae94ea9afe8470831770580,e0c1288a22ea2cf3abde9f2c0887f795fe4c2e7d6f705d077ac9a8a819518e6d,source_tree_sha256,030d6bb049591fda35c4e54df090bbc50eb1e12d8482c28cc71dffec7cef6fa0
2022-04-24,0,action_20,463,630,463,500,0.926,False,2022-04-24__group_00,exp3-full-20260807T072340Z,full,False,primary,exp3,2eebb3dfafa708ac36ff5b5fb2d215b77f5189e37ae94ea9afe8470831770580,e0c1288a22ea2cf3abde9f2c0887f795fe4c2e7d6f705d077ac9a8a819518e6d,source_tree_sha256,030d6bb049591fda35c4e54df090bbc50eb1e12d8482c28cc71dffec7cef6fa0
2022-04-24,1,action_01,4760,4296,4296,500,8.592,True,2022-04-24__group_01,exp3-full-20260807T072340Z,full,False,primary,exp3,2eebb3dfafa708ac36ff5b5fb2d215b77f5189e37ae94ea9afe8470831770580,e0c1288a22ea2cf3abde9f2c0887f795fe4c2e7d6f705d077ac9a8a819518e6d,source_tree_sha256,030d6bb049591fda35c4e54df090bbc50eb1e12d8482c28cc71dffec7cef6fa0
2022-04-24,1,action_02,2319,1824,1824,500,3.648,True,2022-04-24__group_01,exp3-full-20260807T072340Z,full,False,primary,exp3,2eebb3dfafa708ac36ff5b5fb2d215b77f5189e37ae94ea9afe8470831770580,e0c1288a22ea2cf3abde9f2c0887f795fe4c2e7d6f705d077ac9a8a819518e6d,source_tree_sha256,030d6bb049591fda35c4e54df090bbc50eb1e12d8482c28cc71dffec7cef6fa0
2022-04-24,1,action_03,1943,1754,1754,500,3.508,True,2022-04-24__group_01,exp3-full-20260807T072340Z,full,False,primary,exp3,2eebb3dfafa708ac36ff5b5fb2d215b77f5189e37ae94ea9afe8470831770580,e0c1288a22ea2cf3abde9f2c0887f795fe4c2e7d6f705d077ac9a8a819518e6d,source_tree_sha256,030d6bb049591fda35c4e54df090bbc50eb1e12d8482c28cc71dffec7cef6fa0
2022-04-24,1,action_04,2739,1907,1907,500,3.814,True,2022-04-24__group_01,exp3-full-20260807T072340Z,full,False,primary,exp3,2eebb3dfafa708ac36ff5b5fb2d215b77f5189e37ae94ea9afe8470831770580,e0c1288a22ea2cf3abde9f2c0887f795fe4c2e7d6f705d077ac9a8a819518e6d,source_tree_sha256,030d6bb049591fda35c4e54df090bbc50eb1e12d8482c28cc71dffec7cef6fa0
2022-04-24,1,action_05,1696,1778,1696,500,3.392,True,2022-04-24__group_01,exp3-full-20260807T072340Z,full,False,primary,exp3,2eebb3dfafa708ac36ff5b5fb2d215b77f5189e37ae94ea9afe8470831770580,e0c1288a22ea2cf3abde9f2c0887f795fe4c2e7d6f705d077ac9a8a819518e6d,source_tree_sha256,030d6bb049591fda35c4e54df090bbc50eb1e12d8482c28cc71dffec7cef6fa0
2022-04-24,1,action_06,1066,1048,1048,500,2.096,True,2022-04-24__group_01,exp3-full-20260807T072340Z,full,False,primary,exp3,2eebb3dfafa708ac36ff5b5fb2d215b77f5189e37ae94ea9afe8470831770580,e0c1288a22ea2cf3abde9f2c0887f795fe4c2e7d6f705d077ac9a8a819518e6d,source_tree_sha256,030d6bb049591fda35c4e54df090bbc50eb1e12d8482c28cc71dffec7cef6fa0
2022-04-24,1,action_07,1573,1266,1266,500,2.532,True,2022-04-24__group_01,exp3-full-20260807T072340Z,full,False,primary,exp3,2eebb3dfafa708ac36ff5b5fb2d215b77f5189e37ae94ea9afe8470831770580,e0c1288a22ea2cf3abde9f2c0887f795fe4c2e7d6f705d077ac9a8a819518e6d,source_tree_sha256,030d6bb049591fda35c4e54df090bbc50eb1e12d8482c28cc71dffec7cef6fa0
2022-04-24,1,action_08,1538,944,944,500,1.888,True,2022-04-24__group_01,exp3-full-20260807T072340Z,full,False,primary,exp3,2eebb3dfafa708ac36ff5b5fb2d215b77f5189e37ae94ea9afe8470831770580,e0c1288a22ea2cf3abde9f2c0887f795fe4c2e7d6f705d077ac9a8a819518e6d,source_tree_sha256,030d6bb049591fda35c4e54df090bbc50eb1e12d8482c28cc71dffec7cef6fa0
2022-04-24,1,action_09,1029,1595,1029,500,2.058,True,2022-04-24__group_01,exp3-full-20260807T072340Z,full,False,primary,exp3,2eebb3dfafa708ac36ff5b5fb2d215b77f5189e37ae94ea9afe8470831770580,e0c1288a22ea2cf3abde9f2c0887f795fe4c2e7d6f705d077ac9a8a819518e6d,source_tree_sha256,030d6bb049591fda35c4e54df090bbc50eb1e12d8482c28cc71dffec7cef6fa0
2022-04-24,1,action_10,1271,1133,1133,500,2.266,True,2022-04-24__group_01,exp3-full-20260807T072340Z,full,False,primary,exp3,2eebb3dfafa708ac36ff5b5fb2d215b77f5189e37ae94ea9afe8470831770580,e0c1288a22ea2cf3abde9f2c0887f795fe4c2e7d6f705d077ac9a8a819518e6d,source_tree_sha256,030d6bb049591fda35c4e54df090bbc50eb1e12d8482c28cc71dffec7cef6fa0
2022-04-24,1,action_11,768,931,768,500,1.536,True,2022-04-24__group_01,exp3-full-20260807T072340Z,full,False,primary,exp3,2eebb3dfafa708ac36ff5b5fb2d215b77f5189e37ae94ea9afe8470831770580,e0c1288a22ea2cf3abde9f2c0887f795fe4c2e7d6f705d077ac9a8a819518e6d,source_tree_sha256,030d6bb049591fda35c4e54df090bbc50eb1e12d8482c28cc71dffec7cef6fa0
2022-04-24,1,action_12,778,530,530,500,1.06,True,2022-04-24__group_01,exp3-full-20260807T072340Z,full,False,primary,exp3,2eebb3dfafa708ac36ff5b5fb2d215b77f5189e37ae94ea9afe8470831770580,e0c1288a22ea2cf3abde9f2c0887f795fe4c2e7d6f705d077ac9a8a819518e6d,source_tree_sha256,030d6bb049591fda35c4e54df090bbc50eb1e12d8482c28cc71dffec7cef6fa0
2022-04-24,1,action_13,918,765,765,500,1.53,True,2022-04-24__group_01,exp3-full-20260807T072340Z,full,False,primary,exp3,2eebb3dfafa708ac36ff5b5fb2d215b77f5189e37ae94ea9afe8470831770580,e0c1288a22ea2cf3abde9f2c0887f795fe4c2e7d6f705d077ac9a8a819518e6d,source_tree_sha256,030d6bb049591fda35c4e54df090bbc50eb1e12d8482c28cc71dffec7cef6fa0
2022-04-24,1,action_14,746,695,695,500,1.39,True,2022-04-24__group_01,exp3-full-20260807T072340Z,full,False,primary,exp3,2eebb3dfafa708ac36ff5b5fb2d215b77f5189e37ae94ea9afe8470831770580,e0c1288a22ea2cf3abde9f2c0887f795fe4c2e7d6f705d077ac9a8a819518e6d,source_tree_sha256,030d6bb049591fda35c4e54df090bbc50eb1e12d8482c28cc71dffec7cef6fa0
2022-04-24,1,action_15,814,878,814,500,1.628,True,2022-04-24__group_01,exp3-full-20260807T072340Z,full,False,primary,exp3,2eebb3dfafa708ac36ff5b5fb2d215b77f5189e37ae94ea9afe8470831770580,e0c1288a22ea2cf3abde9f2c0887f795fe4c2e7d6f705d077ac9a8a819518e6d,source_tree_sha256,030d6bb049591fda35c4e54df090bbc50eb1e12d8482c28cc71dffec7cef6fa0
2022-04-24,1,action_16,937,684,684,500,1.368,True,2022-04-24__group_01,exp3-full-20260807T072340Z,full,False,primary,exp3,2eebb3dfafa708ac36ff5b5fb2d215b77f5189e37ae94ea9afe8470831770580,e0c1288a22ea2cf3abde9f2c0887f795fe4c2e7d6f705d077ac9a8a819518e6d,source_tree_sha256,030d6bb049591fda35c4e54df090bbc50eb1e12d8482c28cc71dffec7cef6fa0
2022-04-24,1,action_17,741,787,741,500,1.482,True,2022-04-24__group_01,exp3-full-20260807T072340Z,full,False,primary,exp3,2eebb3dfafa708ac36ff5b5fb2d215b77f5189e37ae94ea9afe8470831770580,e0c1288a22ea2cf3abde9f2c0887f795fe4c2e7d6f705d077ac9a8a819518e6d,source_tree_sha256,030d6bb049591fda35c4e54df090bbc50eb1e12d8482c28cc71dffec7cef6fa0
2022-04-24,1,action_18,671,464,464,500,0.928,False,2022-04-24__group_01,exp3-full-20260807T072340Z,full,False,primary,exp3,2eebb3dfafa708ac36ff5b5fb2d215b77f5189e37ae94ea9afe8470831770580,e0c1288a22ea2cf3abde9f2c0887f795fe4c2e7d6f705d077ac9a8a819518e6d,source_tree_sha256,030d6bb049591fda35c4e54df090bbc50eb1e12d8482c28cc71dffec7cef6fa0
2022-04-24,1,action_19,724,602,602,500,1.204,True,2022-04-24__group_01,exp3-full-20260807T072340Z,full,False,primary,exp3,2eebb3dfafa708ac36ff5b5fb2d215b77f5189e37ae94ea9afe8470831770580,e0c1288a22ea2cf3abde9f2c0887f795fe4c2e7d6f705d077ac9a8a819518e6d,source_tree_sha256,030d6bb049591fda35c4e54df090bbc50eb1e12d8482c28cc71dffec7cef6fa0
2022-04-24,1,action_20,849,613,613,500,1.226,True,2022-04-24__group_01,exp3-full-20260807T072340Z,full,False,primary,exp3,2eebb3dfafa708ac36ff5b5fb2d215b77f5189e37ae94ea9afe8470831770580,e0c1288a22ea2cf3abde9f2c0887f795fe4c2e7d6f705d077ac9a8a819518e6d,source_tree_sha256,030d6bb049591fda35c4e54df090bbc50eb1e12d8482c28cc71dffec7cef6fa0
2022-04-24,2,action_01,5373,4373,4373,500,8.746,True,2022-04-24__group_02,exp3-full-20260807T072340Z,full,False,primary,exp3,2eebb3dfafa708ac36ff5b5fb2d215b77f5189e37ae94ea9afe8470831770580,e0c1288a22ea2cf3abde9f2c0887f795fe4c2e7d6f705d077ac9a8a819518e6d,source_tree_sha256,030d6bb049591fda35c4e54df090bbc50eb1e12d8482c28cc71dffec7cef6fa0
2022-04-24,2,action_02,2977,2276,2276,500,4.552,True,2022-04-24__group_02,exp3-full-20260807T072340Z,full,False,primary,exp3,2eebb3dfafa708ac36ff5b5fb2d215b77f5189e37ae94ea9afe8470831770580,e0c1288a22ea2cf3abde9f2c0887f795fe4c2e7d6f705d077ac9a8a819518e6d,source_tree_sha256,030d6bb049591fda35c4e54df090bbc50eb1e12d8482c28cc71dffec7cef6fa0
2022-04-24,2,action_03,2700,2230,2230,500,4.46,True,2022-04-24__group_02,exp3-full-20260807T072340Z,full,False,primary,exp3,2eebb3dfafa708ac36ff5b5fb2d215b77f5189e37ae94ea9afe8470831770580,e0c1288a22ea2cf3abde9f2c0887f795fe4c2e7d6f705d077ac9a8a819518e6d,source_tree_sha256,030d6bb049591fda35c4e54df090bbc50eb1e12d8482c28cc71dffec7cef6fa0
2022-04-24,2,action_04,2677,1689,1689,500,3.378,True,2022-04-24__group_02,exp3-full-20260807T072340Z,full,False,primary,exp3,2eebb3dfafa708ac36ff5b5fb2d215b77f5189e37ae94ea9afe8470831770580,e0c1288a22ea2cf3abde9f2c0887f795fe4c2e7d6f705d077ac9a8a819518e6d,source_tree_sha256,030d6bb049591fda35c4e54df090bbc50eb1e12d8482c28cc71dffec7cef6fa0
2022-04-24,2,action_05,2063,1084,1084,500,2.168,True,2022-04-24__group_02,exp3-full-20260807T072340Z,full,False,primary,exp3,2eebb3dfafa708ac36ff5b5fb2d215b77f5189e37ae94ea9afe8470831770580,e0c1288a22ea2cf3abde9f2c0887f795fe4c2e7d6f705d077ac9a8a819518e6d,source_tree_sha256,030d6bb049591fda35c4e54df090bbc50eb1e12d8482c28cc71dffec7cef6fa0
2022-04-24,2,action_06,2068,1693,1693,500,3.386,True,2022-04-24__group_02,exp3-full-20260807T072340Z,full,False,primary,exp3,2eebb3dfafa708ac36ff5b5fb2d215b77f5189e37ae94ea9afe8470831770580,e0c1288a22ea2cf3abde9f2c0887f795fe4c2e7d6f705d077ac9a8a819518e6d,source_tree_sha256,030d6bb049591fda35c4e54df090bbc50eb1e12d8482c28cc71dffec7cef6fa0
2022-04-24,2,action_07,2061,1444,1444,500,2.888,True,2022-04-24__group_02,exp3-full-20260807T072340Z,full,False,primary,exp3,2eebb3dfafa708ac36ff5b5fb2d215b77f5189e37ae94ea9afe8470831770580,e0c1288a22ea2cf3abde9f2c0887f795fe4c2e7d6f705d077ac9a8a819518e6d,source_tree_sha256,030d6bb049591fda35c4e54df090bbc50eb1e12d8482c28cc71dffec7cef6fa0
2022-04-24,2,action_08,2486,1594,1594,500,3.188,True,2022-04-24__group_02,exp3-full-20260807T072340Z,full,False,primary,exp3,2eebb3dfafa708ac36ff5b5fb2d215b77f5189e37ae94ea9afe8470831770580,e0c1288a22ea2cf3abde9f2c0887f795fe4c2e7d6f705d077ac9a8a819518e6d,source_tree_sha256,030d6bb049591fda35c4e54df090bbc50eb1e12d8482c28cc71dffec7cef6fa0
2022-04-24,2,action_09,1649,740,740,500,1.48,True,2022-04-24__group_02,exp3-full-20260807T072340Z,full,False,primary,exp3,2eebb3dfafa708ac36ff5b5fb2d215b77f5189e37ae94ea9afe8470831770580,e0c1288a22ea2cf3abde9f2c0887f795fe4c2e7d6f705d077ac9a8a819518e6d,source_tree_sha256,030d6bb049591fda35c4e54df090bbc50eb1e12d8482c28cc71dffec7cef6fa0
2022-04-24,2,action_10,1300,1141,1141,500,2.282,True,2022-04-24__group_02,exp3-full-20260807T072340Z,full,False,primary,exp3,2eebb3dfafa708ac36ff5b5fb2d215b77f5189e37ae94ea9afe8470831770580,e0c1288a22ea2cf3abde9f2c0887f795fe4c2e7d6f705d077ac9a8a819518e6d,source_tree_sha256,030d6bb049591fda35c4e54df090bbc50eb1e12d8482c28cc71dffec7cef6fa0
2022-04-24,2,action_11,1123,782,782,500,1.564,True,2022-04-24__group_02,exp3-full-20260807T072340Z,full,False,primary,exp3,2eebb3dfafa708ac36ff5b5fb2d215b77f5189e37ae94ea9afe8470831770580,e0c1288a22ea2cf3abde9f2c0887f795fe4c2e7d6f705d077ac9a8a819518e6d,source_tree_sha256,030d6bb049591fda35c4e54df090bbc50eb1e12d8482c28cc71dffec7cef6fa0
2022-04-24,2,action_12,1215,885,885,500,1.77,True,2022-04-24__group_02,exp3-full-20260807T072340Z,full,False,primary,exp3,2eebb3dfafa708ac36ff5b5fb2d215b77f5189e37ae94ea9afe8470831770580,e0c1288a22ea2cf3abde9f2c0887f795fe4c2e7d6f705d077ac9a8a819518e6d,source_tree_sha256,030d6bb049591fda35c4e54df090bbc50eb1e12d8482c28cc71dffec7cef6fa0
2022-04-24,2,action_13,1099,821,821,500,1.642,True,2022-04-24__group_02,exp3-full-20260807T072340Z,full,False,primary,exp3,2eebb3dfafa708ac36ff5b5fb2d215b77f5189e37ae94ea9afe8470831770580,e0c1288a22ea2cf3abde9f2c0887f795fe4c2e7d6f705d077ac9a8a819518e6d,source_tree_sha256,030d6bb049591fda35c4e54df090bbc50eb1e12d8482c28cc71dffec7cef6fa0
2022-04-24,2,action_14,1075,724,724,500,1.448,True,2022-04-24__group_02,exp3-full-20260807T072340Z,full,False,primary,exp3,2eebb3dfafa708ac36ff5b5fb2d215b77f5189e37ae94ea9afe8470831770580,e0c1288a22ea2cf3abde9f2c0887f795fe4c2e7d6f705d077ac9a8a819518e6d,source_tree_sha256,030d6bb049591fda35c4e54df090bbc50eb1e12d8482c28cc71dffec7cef6fa0
2022-04-24,2,action_15,1067,1204,1067,500,2.134,True,2022-04-24__group_02,exp3-full-20260807T072340Z,full,False,primary,exp3,2eebb3dfafa708ac36ff5b5fb2d215b77f5189e37ae94ea9afe8470831770580,e0c1288a22ea2cf3abde9f2c0887f795fe4c2e7d6f705d077ac9a8a819518e6d,source_tree_sha256,030d6bb049591fda35c4e54df090bbc50eb1e12d8482c28cc71dffec7cef6fa0
2022-04-24,2,action_16,950,635,635,500,1.27,True,2022-04-24__group_02,exp3-full-20260807T072340Z,full,False,primary,exp3,2eebb3dfafa708ac36ff5b5fb2d215b77f5189e37ae94ea9afe8470831770580,e0c1288a22ea2cf3abde9f2c0887f795fe4c2e7d6f705d077ac9a8a819518e6d,source_tree_sha256,030d6bb049591fda35c4e54df090bbc50eb1e12d8482c28cc71dffec7cef6fa0
2022-04-24,2,action_17,846,693,693,500,1.386,True,2022-04-24__group_02,exp3-full-20260807T072340Z,full,False,primary,exp3,2eebb3dfafa708ac36ff5b5fb2d215b77f5189e37ae94ea9afe8470831770580,e0c1288a22ea2cf3abde9f2c0887f795fe4c2e7d6f705d077ac9a8a819518e6d,source_tree_sha256,030d6bb049591fda35c4e54df090bbc50eb1e12d8482c28cc71dffec7cef6fa0
2022-04-24,2,action_18,782,464,464,500,0.928,False,2022-04-24__group_02,exp3-full-20260807T072340Z,full,False,primary,exp3,2eebb3dfafa708ac36ff5b5fb2d215b77f5189e37ae94ea9afe8470831770580,e0c1288a22ea2cf3abde9f2c0887f795fe4c2e7d6f705d077ac9a8a819518e6d,source_tree_sha256,030d6bb049591fda35c4e54df090bbc50eb1e12d8482c28cc71dffec7cef6fa0
2022-04-24,2,action_19,774,494,494,500,0.988,False,2022-04-24__group_02,exp3-full-20260807T072340Z,full,False,primary,exp3,2eebb3dfafa708ac36ff5b5fb2d215b77f5189e37ae94ea9afe8470831770580,e0c1288a22ea2cf3abde9f2c0887f795fe4c2e7d6f705d077ac9a8a819518e6d,source_tree_sha256,030d6bb049591fda35c4e54df090bbc50eb1e12d8482c28cc71dffec7cef6fa0
2022-04-24,2,action_20,761,376,376,500,0.752,False,2022-04-24__group_02,exp3-full-20260807T072340Z,full,False,primary,exp3,2eebb3dfafa708ac36ff5b5fb2d215b77f5189e37ae94ea9afe8470831770580,e0c1288a22ea2cf3abde9f2c0887f795fe4c2e7d6f705d077ac9a8a819518e6d,source_tree_sha256,030d6bb049591fda35c4e54df090bbc50eb1e12d8482c28cc71dffec7cef6fa0
2022-04-24,3,action_01,4782,3623,3623,500,7.246,True,2022-04-24__group_03,exp3-full-20260807T072340Z,full,False,primary,exp3,2eebb3dfafa708ac36ff5b5fb2d215b77f5189e37ae94ea9afe8470831770580,e0c1288a22ea2cf3abde9f2c0887f795fe4c2e7d6f705d077ac9a8a819518e6d,source_tree_sha256,030d6bb049591fda35c4e54df090bbc50eb1e12d8482c28cc71dffec7cef6fa0
2022-04-24,3,action_02,2698,2061,2061,500,4.122,True,2022-04-24__group_03,exp3-full-20260807T072340Z,full,False,primary,exp3,2eebb3dfafa708ac36ff5b5fb2d215b77f5189e37ae94ea9afe8470831770580,e0c1288a22ea2cf3abde9f2c0887f795fe4c2e7d6f705d077ac9a8a819518e6d,source_tree_sha256,030d6bb049591fda35c4e54df090bbc50eb1e12d8482c28cc71dffec7cef6fa0
2022-04-24,3,action_03,2083,1864,1864,500,3.728,True,2022-04-24__group_03,exp3-full-20260807T072340Z,full,False,primary,exp3,2eebb3dfafa708ac36ff5b5fb2d215b77f5189e37ae94ea9afe8470831770580,e0c1288a22ea2cf3abde9f2c0887f795fe4c2e7d6f705d077ac9a8a819518e6d,source_tree_sha256,030d6bb049591fda35c4e54df090bbc50eb1e12d8482c28cc71dffec7cef6fa0
2022-04-24,3,action_04,2065,1590,1590,500,3.18,True,2022-04-24__group_03,exp3-full-20260807T072340Z,full,False,primary,exp3,2eebb3dfafa708ac36ff5b5fb2d215b77f5189e37ae94ea9afe8470831770580,e0c1288a22ea2cf3abde9f2c0887f795fe4c2e7d6f705d077ac9a8a819518e6d,source_tree_sha256,030d6bb049591fda35c4e54df090bbc50eb1e12d8482c28cc71dffec7cef6fa0
2022-04-24,3,action_05,1678,1201,1201,500,2.402,True,2022-04-24__group_03,exp3-full-20260807T072340Z,full,False,primary,exp3,2eebb3dfafa708ac36ff5b5fb2d215b77f5189e37ae94ea9afe8470831770580,e0c1288a22ea2cf3abde9f2c0887f795fe4c2e7d6f705d077ac9a8a819518e6d,source_tree_sha256,030d6bb049591fda35c4e54df090bbc50eb1e12d8482c28cc71dffec7cef6fa0
2022-04-24,3,action_06,1396,1440,1396,500,2.792,True,2022-04-24__group_03,exp3-full-20260807T072340Z,full,False,primary,exp3,2eebb3dfafa708ac36ff5b5fb2d215b77f5189e37ae94ea9afe8470831770580,e0c1288a22ea2cf3abde9f2c0887f795fe4c2e7d6f705d077ac9a8a819518e6d,source_tree_sha256,030d6bb049591fda35c4e54df090bbc50eb1e12d8482c28cc71dffec7cef6fa0
2022-04-24,3,action_07,1645,1367,1367,500,2.734,True,2022-04-24__group_03,exp3-full-20260807T072340Z,full,False,primary,exp3,2eebb3dfafa708ac36ff5b5fb2d215b77f5189e37ae94ea9afe8470831770580,e0c1288a22ea2cf3abde9f2c0887f795fe4c2e7d6f705d077ac9a8a819518e6d,source_tree_sha256,030d6bb049591fda35c4e54df090bbc50eb1e12d8482c28cc71dffec7cef6fa0
2022-04-24,3,action_08,1689,1379,1379,500,2.758,True,2022-04-24__group_03,exp3-full-20260807T072340Z,full,False,primary,exp3,2eebb3dfafa708ac36ff5b5fb2d215b77f5189e37ae94ea9afe8470831770580,e0c1288a22ea2cf3abde9f2c0887f795fe4c2e7d6f705d077ac9a8a819518e6d,source_tree_sha256,030d6bb049591fda35c4e54df090bbc50eb1e12d8482c28cc71dffec7cef6fa0
2022-04-24,3,action_09,748,765,748,500,1.496,True,2022-04-24__group_03,exp3-full-20260807T072340Z,full,False,primary,exp3,2eebb3dfafa708ac36ff5b5fb2d215b77f5189e37ae94ea9afe8470831770580,e0c1288a22ea2cf3abde9f2c0887f795fe4c2e7d6f705d077ac9a8a819518e6d,source_tree_sha256,030d6bb049591fda35c4e54df090bbc50eb1e12d8482c28cc71dffec7cef6fa0
2022-04-24,3,action_10,1161,651,651,500,1.302,True,2022-04-24__group_03,exp3-full-20260807T072340Z,full,False,primary,exp3,2eebb3dfafa708ac36ff5b5fb2d215b77f5189e37ae94ea9afe8470831770580,e0c1288a22ea2cf3abde9f2c0887f795fe4c2e7d6f705d077ac9a8a819518e6d,source_tree_sha256,030d6bb049591fda35c4e54df090bbc50eb1e12d8482c28cc71dffec7cef6fa0
2022-04-24,3,action_11,593,600,593,500,1.186,True,2022-04-24__group_03,exp3-full-20260807T072340Z,full,False,primary,exp3,2eebb3dfafa708ac36ff5b5fb2d215b77f5189e37ae94ea9afe8470831770580,e0c1288a22ea2cf3abde9f2c0887f795fe4c2e7d6f705d077ac9a8a819518e6d,source_tree_sha256,030d6bb049591fda35c4e54df090bbc50eb1e12d8482c28cc71dffec7cef6fa0
2022-04-24,3,action_12,675,585,585,500,1.17,True,2022-04-24__group_03,exp3-full-20260807T072340Z,full,False,primary,exp3,2eebb3dfafa708ac36ff5b5fb2d215b77f5189e37ae94ea9afe8470831770580,e0c1288a22ea2cf3abde9f2c0887f795fe4c2e7d6f705d077ac9a8a819518e6d,source_tree_sha256,030d6bb049591fda35c4e54df090bbc50eb1e12d8482c28cc71dffec7cef6fa0
2022-04-24,3,action_13,811,999,811,500,1.622,True,2022-04-24__group_03,exp3-full-20260807T072340Z,full,False,primary,exp3,2eebb3dfafa708ac36ff5b5fb2d215b77f5189e37ae94ea9afe8470831770580,e0c1288a22ea2cf3abde9f2c0887f795fe4c2e7d6f705d077ac9a8a819518e6d,source_tree_sha256,030d6bb049591fda35c4e54df090bbc50eb1e12d8482c28cc71dffec7cef6fa0
2022-04-24,3,action_14,1006,590,590,500,1.18,True,2022-04-24__group_03,exp3-full-20260807T072340Z,full,False,primary,exp3,2eebb3dfafa708ac36ff5b5fb2d215b77f5189e37ae94ea9afe8470831770580,e0c1288a22ea2cf3abde9f2c0887f795fe4c2e7d6f705d077ac9a8a819518e6d,source_tree_sha256,030d6bb049591fda35c4e54df090bbc50eb1e12d8482c28cc71dffec7cef6fa0
2022-04-24,3,action_15,815,797,797,500,1.594,True,2022-04-24__group_03,exp3-full-20260807T072340Z,full,False,primary,exp3,2eebb3dfafa708ac36ff5b5fb2d215b77f5189e37ae94ea9afe8470831770580,e0c1288a22ea2cf3abde9f2c0887f795fe4c2e7d6f705d077ac9a8a819518e6d,source_tree_sha256,030d6bb049591fda35c4e54df090bbc50eb1e12d8482c28cc71dffec7cef6fa0
2022-04-24,3,action_16,794,539,539,500,1.078,True,2022-04-24__group_03,exp3-full-20260807T072340Z,full,False,primary,exp3,2eebb3dfafa708ac36ff5b5fb2d215b77f5189e37ae94ea9afe8470831770580,e0c1288a22ea2cf3abde9f2c0887f795fe4c2e7d6f705d077ac9a8a819518e6d,source_tree_sha256,030d6bb049591fda35c4e54df090bbc50eb1e12d8482c28cc71dffec7cef6fa0
2022-04-24,3,action_17,900,743,743,500,1.486,True,2022-04-24__group_03,exp3-full-20260807T072340Z,full,False,primary,exp3,2eebb3dfafa708ac36ff5b5fb2d215b77f5189e37ae94ea9afe8470831770580,e0c1288a22ea2cf3abde9f2c0887f795fe4c2e7d6f705d077ac9a8a819518e6d,source_tree_sha256,030d6bb049591fda35c4e54df090bbc50eb1e12d8482c28cc71dffec7cef6fa0
2022-04-24,3,action_18,509,548,509,500,1.018,True,2022-04-24__group_03,exp3-full-20260807T072340Z,full,False,primary,exp3,2eebb3dfafa708ac36ff5b5fb2d215b77f5189e37ae94ea9afe8470831770580,e0c1288a22ea2cf3abde9f2c0887f795fe4c2e7d6f705d077ac9a8a819518e6d,source_tree_sha256,030d6bb049591fda35c4e54df090bbc50eb1e12d8482c28cc71dffec7cef6fa0
2022-04-24,3,action_19,543,498,498,500,0.996,False,2022-04-24__group_03,exp3-full-20260807T072340Z,full,False,primary,exp3,2eebb3dfafa708ac36ff5b5fb2d215b77f5189e37ae94ea9afe8470831770580,e0c1288a22ea2cf3abde9f2c0887f795fe4c2e7d6f705d077ac9a8a819518e6d,source_tree_sha256,030d6bb049591fda35c4e54df090bbc50eb1e12d8482c28cc71dffec7cef6fa0
2022-04-24,3,action_20,573,559,559,500,1.118,True,2022-04-24__group_03,exp3-full-20260807T072340Z,full,False,primary,exp3,2eebb3dfafa708ac36ff5b5fb2d215b77f5189e37ae94ea9afe8470831770580,e0c1288a22ea2cf3abde9f2c0887f795fe4c2e7d6f705d077ac9a8a819518e6d,source_tree_sha256,030d6bb049591fda35c4e54df090bbc50eb1e12d8482c28cc71dffec7cef6fa0
2022-04-24,4,action_01,3813,4185,3813,500,7.626,True,2022-04-24__group_04,exp3-full-20260807T072340Z,full,False,primary,exp3,2eebb3dfafa708ac36ff5b5fb2d215b77f5189e37ae94ea9afe8470831770580,e0c1288a22ea2cf3abde9f2c0887f795fe4c2e7d6f705d077ac9a8a819518e6d,source_tree_sha256,030d6bb049591fda35c4e54df090bbc50eb1e12d8482c28cc71dffec7cef6fa0
2022-04-24,4,action_02,2431,1898,1898,500,3.796,True,2022-04-24__group_04,exp3-full-20260807T072340Z,full,False,primary,exp3,2eebb3dfafa708ac36ff5b5fb2d215b77f5189e37ae94ea9afe8470831770580,e0c1288a22ea2cf3abde9f2c0887f795fe4c2e7d6f705d077ac9a8a819518e6d,source_tree_sha256,030d6bb049591fda35c4e54df090bbc50eb1e12d8482c28cc71dffec7cef6fa0
2022-04-24,4,action_03,2279,1845,1845,500,3.69,True,2022-04-24__group_04,exp3-full-20260807T072340Z,full,False,primary,exp3,2eebb3dfafa708ac36ff5b5fb2d215b77f5189e37ae94ea9afe8470831770580,e0c1288a22ea2cf3abde9f2c0887f795fe4c2e7d6f705d077ac9a8a819518e6d,source_tree_sha256,030d6bb049591fda35c4e54df090bbc50eb1e12d8482c28cc71dffec7cef6fa0
2022-04-24,4,action_04,1960,1977,1960,500,3.92,True,2022-04-24__group_04,exp3-full-20260807T072340Z,full,False,primary,exp3,2eebb3dfafa708ac36ff5b5fb2d215b77f5189e37ae94ea9afe8470831770580,e0c1288a22ea2cf3abde9f2c0887f795fe4c2e7d6f705d077ac9a8a819518e6d,source_tree_sha256,030d6bb049591fda35c4e54df090bbc50eb1e12d8482c28cc71dffec7cef6fa0
2022-04-24,4,action_05,2294,1396,1396,500,2.792,True,2022-04-24__group_04,exp3-full-20260807T072340Z,full,False,primary,exp3,2eebb3dfafa708ac36ff5b5fb2d215b77f5189e37ae94ea9afe8470831770580,e0c1288a22ea2cf3abde9f2c0887f795fe4c2e7d6f705d077ac9a8a819518e6d,source_tree_sha256,030d6bb049591fda35c4e54df090bbc50eb1e12d8482c28cc71dffec7cef6fa0
2022-04-24,4,action_06,1466,1490,1466,500,2.932,True,2022-04-24__group_04,exp3-full-20260807T072340Z,full,False,primary,exp3,2eebb3dfafa708ac36ff5b5fb2d215b77f5189e37ae94ea9afe8470831770580,e0c1288a22ea2cf3abde9f2c0887f795fe4c2e7d6f705d077ac9a8a819518e6d,source_tree_sha256,030d6bb049591fda35c4e54df090bbc50eb1e12d8482c28cc71dffec7cef6fa0
2022-04-24,4,action_07,1897,1288,1288,500,2.576,True,2022-04-24__group_04,exp3-full-20260807T072340Z,full,False,primary,exp3,2eebb3dfafa708ac36ff5b5fb2d215b77f5189e37ae94ea9afe8470831770580,e0c1288a22ea2cf3abde9f2c0887f795fe4c2e7d6f705d077ac9a8a819518e6d,source_tree_sha256,030d6bb049591fda35c4e54df090bbc50eb1e12d8482c28cc71dffec7cef6fa0
2022-04-24,4,action_08,1203,1074,1074,500,2.148,True,2022-04-24__group_04,exp3-full-20260807T072340Z,full,False,primary,exp3,2eebb3dfafa708ac36ff5b5fb2d215b77f5189e37ae94ea9afe8470831770580,e0c1288a22ea2cf3abde9f2c0887f795fe4c2e7d6f705d077ac9a8a819518e6d,source_tree_sha256,030d6bb049591fda35c4e54df090bbc50eb1e12d8482c28cc71dffec7cef6fa0
2022-04-24,4,action_09,1802,1029,1029,500,2.058,True,2022-04-24__group_04,exp3-full-20260807T072340Z,full,False,primary,exp3,2eebb3dfafa708ac36ff5b5fb2d215b77f5189e37ae94ea9afe8470831770580,e0c1288a22ea2cf3abde9f2c0887f795fe4c2e7d6f705d077ac9a8a819518e6d,source_tree_sha256,030d6bb049591fda35c4e54df090bbc50eb1e12d8482c28cc71dffec7cef6fa0
2022-04-24,4,action_10,796,1175,796,500,1.592,True,2022-04-24__group_04,exp3-full-20260807T072340Z,full,False,primary,exp3,2eebb3dfafa708ac36ff5b5fb2d215b77f5189e37ae94ea9afe8470831770580,e0c1288a22ea2cf3abde9f2c0887f795fe4c2e7d6f705d077ac9a8a819518e6d,source_tree_sha256,030d6bb049591fda35c4e54df090bbc50eb1e12d8482c28cc71dffec7cef6fa0
2022-04-24,4,action_11,1035,750,750,500,1.5,True,2022-04-24__group_04,exp3-full-20260807T072340Z,full,False,primary,exp3,2eebb3dfafa708ac36ff5b5fb2d215b77f5189e37ae94ea9afe8470831770580,e0c1288a22ea2cf3abde9f2c0887f795fe4c2e7d6f705d077ac9a8a819518e6d,source_tree_sha256,030d6bb049591fda35c4e54df090bbc50eb1e12d8482c28cc71dffec7cef6fa0
2022-04-24,4,action_12,496,782,496,500,0.992,False,2022-04-24__group_04,exp3-full-20260807T072340Z,full,False,primary,exp3,2eebb3dfafa708ac36ff5b5fb2d215b77f5189e37ae94ea9afe8470831770580,e0c1288a22ea2cf3abde9f2c0887f795fe4c2e7d6f705d077ac9a8a819518e6d,source_tree_sha256,030d6bb049591fda35c4e54df090bbc50eb1e12d8482c28cc71dffec7cef6fa0
2022-04-24,4,action_13,899,756,756,500,1.512,True,2022-04-24__group_04,exp3-full-20260807T072340Z,full,False,primary,exp3,2eebb3dfafa708ac36ff5b5fb2d215b77f5189e37ae94ea9afe8470831770580,e0c1288a22ea2cf3abde9f2c0887f795fe4c2e7d6f705d077ac9a8a819518e6d,source_tree_sha256,030d6bb049591fda35c4e54df090bbc50eb1e12d8482c28cc71dffec7cef6fa0
2022-04-24,4,action_14,716,623,623,500,1.246,True,2022-04-24__group_04,exp3-full-20260807T072340Z,full,False,primary,exp3,2eebb3dfafa708ac36ff5b5fb2d215b77f5189e37ae94ea9afe8470831770580,e0c1288a22ea2cf3abde9f2c0887f795fe4c2e7d6f705d077ac9a8a819518e6d,source_tree_sha256,030d6bb049591fda35c4e54df090bbc50eb1e12d8482c28cc71dffec7cef6fa0
2022-04-24,4,action_15,798,636,636,500,1.272,True,2022-04-24__group_04,exp3-full-20260807T072340Z,full,False,primary,exp3,2eebb3dfafa708ac36ff5b5fb2d215b77f5189e37ae94ea9afe8470831770580,e0c1288a22ea2cf3abde9f2c0887f795fe4c2e7d6f705d077ac9a8a819518e6d,source_tree_sha256,030d6bb049591fda35c4e54df090bbc50eb1e12d8482c28cc71dffec7cef6fa0
2022-04-24,4,action_16,845,538,538,500,1.076,True,2022-04-24__group_04,exp3-full-20260807T072340Z,full,False,primary,exp3,2eebb3dfafa708ac36ff5b5fb2d215b77f5189e37ae94ea9afe8470831770580,e0c1288a22ea2cf3abde9f2c0887f795fe4c2e7d6f705d077ac9a8a819518e6d,source_tree_sha256,030d6bb049591fda35c4e54df090bbc50eb1e12d8482c28cc71dffec7cef6fa0
2022-04-24,4,action_17,1014,634,634,500,1.268,True,2022-04-24__group_04,exp3-full-20260807T072340Z,full,False,primary,exp3,2eebb3dfafa708ac36ff5b5fb2d215b77f5189e37ae94ea9afe8470831770580,e0c1288a22ea2cf3abde9f2c0887f795fe4c2e7d6f705d077ac9a8a819518e6d,source_tree_sha256,030d6bb049591fda35c4e54df090bbc50eb1e12d8482c28cc71dffec7cef6fa0
2022-04-24,4,action_18,852,508,508,500,1.016,True,2022-04-24__group_04,exp3-full-20260807T072340Z,full,False,primary,exp3,2eebb3dfafa708ac36ff5b5fb2d215b77f5189e37ae94ea9afe8470831770580,e0c1288a22ea2cf3abde9f2c0887f795fe4c2e7d6f705d077ac9a8a819518e6d,source_tree_sha256,030d6bb049591fda35c4e54df090bbc50eb1e12d8482c28cc71dffec7cef6fa0
2022-04-24,4,action_19,626,435,435,500,0.87,False,2022-04-24__group_04,exp3-full-20260807T072340Z,full,False,primary,exp3,2eebb3dfafa708ac36ff5b5fb2d215b77f5189e37ae94ea9afe8470831770580,e0c1288a22ea2cf3abde9f2c0887f795fe4c2e7d6f705d077ac9a8a819518e6d,source_tree_sha256,030d6bb049591fda35c4e54df090bbc50eb1e12d8482c28cc71dffec7cef6fa0
2022-04-24,4,action_20,860,339,339,500,0.678,False,2022-04-24__group_04,exp3-full-20260807T072340Z,full,False,primary,exp3,2eebb3dfafa708ac36ff5b5fb2d215b77f5189e37ae94ea9afe8470831770580,e0c1288a22ea2cf3abde9f2c0887f795fe4c2e7d6f705d077ac9a8a819518e6d,source_tree_sha256,030d6bb049591fda35c4e54df090bbc50eb1e12d8482c28cc71dffec7cef6fa0
2022-04-25,0,action_01,4355,4992,4355,500,8.71,True,2022-04-25__group_00,exp3-full-20260807T072340Z,full,False,primary,exp3,2eebb3dfafa708ac36ff5b5fb2d215b77f5189e37ae94ea9afe8470831770580,e0c1288a22ea2cf3abde9f2c0887f795fe4c2e7d6f705d077ac9a8a819518e6d,source_tree_sha256,030d6bb049591fda35c4e54df090bbc50eb1e12d8482c28cc71dffec7cef6fa0
2022-04-25,0,action_02,2190,2989,2190,500,4.38,True,2022-04-25__group_00,exp3-full-20260807T072340Z,full,False,primary,exp3,2eebb3dfafa708ac36ff5b5fb2d215b77f5189e37ae94ea9afe8470831770580,e0c1288a22ea2cf3abde9f2c0887f795fe4c2e7d6f705d077ac9a8a819518e6d,source_tree_sha256,030d6bb049591fda35c4e54df090bbc50eb1e12d8482c28cc71dffec7cef6fa0
2022-04-25,0,action_03,1931,2689,1931,500,3.862,True,2022-04-25__group_00,exp3-full-20260807T072340Z,full,False,primary,exp3,2eebb3dfafa708ac36ff5b5fb2d215b77f5189e37ae94ea9afe8470831770580,e0c1288a22ea2cf3abde9f2c0887f795fe4c2e7d6f705d077ac9a8a819518e6d,source_tree_sha256,030d6bb049591fda35c4e54df090bbc50eb1e12d8482c28cc71dffec7cef6fa0
2022-04-25,0,action_04,2774,2481,2481,500,4.962,True,2022-04-25__group_00,exp3-full-20260807T072340Z,full,False,primary,exp3,2eebb3dfafa708ac36ff5b5fb2d215b77f5189e37ae94ea9afe8470831770580,e0c1288a22ea2cf3abde9f2c0887f795fe4c2e7d6f705d077ac9a8a819518e6d,source_tree_sha256,030d6bb049591fda35c4e54df090bbc50eb1e12d8482c28cc71dffec7cef6fa0
2022-04-25,0,action_05,1641,2031,1641,500,3.282,True,2022-04-25__group_00,exp3-full-20260807T072340Z,full,False,primary,exp3,2eebb3dfafa708ac36ff5b5fb2d215b77f5189e37ae94ea9afe8470831770580,e0c1288a22ea2cf3abde9f2c0887f795fe4c2e7d6f705d077ac9a8a819518e6d,source_tree_sha256,030d6bb049591fda35c4e54df090bbc50eb1e12d8482c28cc71dffec7cef6fa0
2022-04-25,0,action_06,1411,1560,1411,500,2.822,True,2022-04-25__group_00,exp3-full-20260807T072340Z,full,False,primary,exp3,2eebb3dfafa708ac36ff5b5fb2d215b77f5189e37ae94ea9afe8470831770580,e0c1288a22ea2cf3abde9f2c0887f795fe4c2e7d6f705d077ac9a8a819518e6d,source_tree_sha256,030d6bb049591fda35c4e54df090bbc50eb1e12d8482c28cc71dffec7cef6fa0
2022-04-25,0,action_07,1652,1813,1652,500,3.304,True,2022-04-25__group_00,exp3-full-20260807T072340Z,full,False,primary,exp3,2eebb3dfafa708ac36ff5b5fb2d215b77f5189e37ae94ea9afe8470831770580,e0c1288a22ea2cf3abde9f2c0887f795fe4c2e7d6f705d077ac9a8a819518e6d,source_tree_sha256,030d6bb049591fda35c4e54df090bbc50eb1e12d8482c28cc71dffec7cef6fa0
2022-04-25,0,action_08,1408,1789,1408,500,2.816,True,2022-04-25__group_00,exp3-full-20260807T072340Z,full,False,primary,exp3,2eebb3dfafa708ac36ff5b5fb2d215b77f5189e37ae94ea9afe8470831770580,e0c1288a22ea2cf3abde9f2c0887f795fe4c2e7d6f705d077ac9a8a819518e6d,source_tree_sha256,030d6bb049591fda35c4e54df090bbc50eb1e12d8482c28cc71dffec7cef6fa0
2022-04-25,0,action_09,960,1133,960,500,1.92,True,2022-04-25__group_00,exp3-full-20260807T072340Z,full,False,primary,exp3,2eebb3dfafa708ac36ff5b5fb2d215b77f5189e37ae94ea9afe8470831770580,e0c1288a22ea2cf3abde9f2c0887f795fe4c2e7d6f705d077ac9a8a819518e6d,source_tree_sha256,030d6bb049591fda35c4e54df090bbc50eb1e12d8482c28cc71dffec7cef6fa0
2022-04-25,0,action_10,1125,2506,1125,500,2.25,True,2022-04-25__group_00,exp3-full-20260807T072340Z,full,False,primary,exp3,2eebb3dfafa708ac36ff5b5fb2d215b77f5189e37ae94ea9afe8470831770580,e0c1288a22ea2cf3abde9f2c0887f795fe4c2e7d6f705d077ac9a8a819518e6d,source_tree_sha256,030d6bb049591fda35c4e54df090bbc50eb1e12d8482c28cc71dffec7cef6fa0
2022-04-25,0,action_11,1137,1161,1137,500,2.274,True,2022-04-25__group_00,exp3-full-20260807T072340Z,full,False,primary,exp3,2eebb3dfafa708ac36ff5b5fb2d215b77f5189e37ae94ea9afe8470831770580,e0c1288a22ea2cf3abde9f2c0887f795fe4c2e7d6f705d077ac9a8a819518e6d,source_tree_sha256,030d6bb049591fda35c4e54df090bbc50eb1e12d8482c28cc71dffec7cef6fa0
2022-04-25,0,action_12,631,776,631,500,1.262,True,2022-04-25__group_00,exp3-full-20260807T072340Z,full,False,primary,exp3,2eebb3dfafa708ac36ff5b5fb2d215b77f5189e37ae94ea9afe8470831770580,e0c1288a22ea2cf3abde9f2c0887f795fe4c2e7d6f705d077ac9a8a819518e6d,source_tree_sha256,030d6bb049591fda35c4e54df090bbc50eb1e12d8482c28cc71dffec7cef6fa0
2022-04-25,0,action_13,791,947,791,500,1.582,True,2022-04-25__group_00,exp3-full-20260807T072340Z,full,False,primary,exp3,2eebb3dfafa708ac36ff5b5fb2d215b77f5189e37ae94ea9afe8470831770580,e0c1288a22ea2cf3abde9f2c0887f795fe4c2e7d6f705d077ac9a8a819518e6d,source_tree_sha256,030d6bb049591fda35c4e54df090bbc50eb1e12d8482c28cc71dffec7cef6fa0
2022-04-25,0,action_14,447,779,447,500,0.894,False,2022-04-25__group_00,exp3-full-20260807T072340Z,full,False,primary,exp3,2eebb3dfafa708ac36ff5b5fb2d215b77f5189e37ae94ea9afe8470831770580,e0c1288a22ea2cf3abde9f2c0887f795fe4c2e7d6f705d077ac9a8a819518e6d,source_tree_sha256,030d6bb049591fda35c4e54df090bbc50eb1e12d8482c28cc71dffec7cef6fa0
2022-04-25,0,action_15,911,1035,911,500,1.822,True,2022-04-25__group_00,exp3-full-20260807T072340Z,full,False,primary,exp3,2eebb3dfafa708ac36ff5b5fb2d215b77f5189e37ae94ea9afe8470831770580,e0c1288a22ea2cf3abde9f2c0887f795fe4c2e7d6f705d077ac9a8a819518e6d,source_tree_sha256,030d6bb049591fda35c4e54df090bbc50eb1e12d8482c28cc71dffec7cef6fa0
2022-04-25,0,action_16,641,896,641,500,1.282,True,2022-04-25__group_00,exp3-full-20260807T072340Z,full,False,primary,exp3,2eebb3dfafa708ac36ff5b5fb2d215b77f5189e37ae94ea9afe8470831770580,e0c1288a22ea2cf3abde9f2c0887f795fe4c2e7d6f705d077ac9a8a819518e6d,source_tree_sha256,030d6bb049591fda35c4e54df090bbc50eb1e12d8482c28cc71dffec7cef6fa0
2022-04-25,0,action_17,939,880,880,500,1.76,True,2022-04-25__group_00,exp3-full-20260807T072340Z,full,False,primary,exp3,2eebb3dfafa708ac36ff5b5fb2d215b77f5189e37ae94ea9afe8470831770580,e0c1288a22ea2cf3abde9f2c0887f795fe4c2e7d6f705d077ac9a8a819518e6d,source_tree_sha256,030d6bb049591fda35c4e54df090bbc50eb1e12d8482c28cc71dffec7cef6fa0
2022-04-25,0,action_18,661,639,639,500,1.278,True,2022-04-25__group_00,exp3-full-20260807T072340Z,full,False,primary,exp3,2eebb3dfafa708ac36ff5b5fb2d215b77f5189e37ae94ea9afe8470831770580,e0c1288a22ea2cf3abde9f2c0887f795fe4c2e7d6f705d077ac9a8a819518e6d,source_tree_sha256,030d6bb049591fda35c4e54df090bbc50eb1e12d8482c28cc71dffec7cef6fa0
2022-04-25,0,action_19,516,807,516,500,1.032,True,2022-04-25__group_00,exp3-full-20260807T072340Z,full,False,primary,exp3,2eebb3dfafa708ac36ff5b5fb2d215b77f5189e37ae94ea9afe8470831770580,e0c1288a22ea2cf3abde9f2c0887f795fe4c2e7d6f705d077ac9a8a819518e6d,source_tree_sha256,030d6bb049591fda35c4e54df090bbc50eb1e12d8482c28cc71dffec7cef6fa0
2022-04-25,0,action_20,428,584,428,500,0.856,False,2022-04-25__group_00,exp3-full-20260807T072340Z,full,False,primary,exp3,2eebb3dfafa708ac36ff5b5fb2d215b77f5189e37ae94ea9afe8470831770580,e0c1288a22ea2cf3abde9f2c0887f795fe4c2e7d6f705d077ac9a8a819518e6d,source_tree_sha256,030d6bb049591fda35c4e54df090bbc50eb1e12d8482c28cc71dffec7cef6fa0
2022-04-25,1,action_01,5046,5892,5046,500,10.092,True,2022-04-25__group_01,exp3-full-20260807T072340Z,full,False,primary,exp3,2eebb3dfafa708ac36ff5b5fb2d215b77f5189e37ae94ea9afe8470831770580,e0c1288a22ea2cf3abde9f2c0887f795fe4c2e7d6f705d077ac9a8a819518e6d,source_tree_sha256,030d6bb049591fda35c4e54df090bbc50eb1e12d8482c28cc71dffec7cef6fa0
2022-04-25,1,action_02,2444,2559,2444,500,4.888,True,2022-04-25__group_01,exp3-full-20260807T072340Z,full,False,primary,exp3,2eebb3dfafa708ac36ff5b5fb2d215b77f5189e37ae94ea9afe8470831770580,e0c1288a22ea2cf3abde9f2c0887f795fe4c2e7d6f705d077ac9a8a819518e6d,source_tree_sha256,030d6bb049591fda35c4e54df090bbc50eb1e12d8482c28cc71dffec7cef6fa0
2022-04-25,1,action_03,2045,2249,2045,500,4.09,True,2022-04-25__group_01,exp3-full-20260807T072340Z,full,False,primary,exp3,2eebb3dfafa708ac36ff5b5fb2d215b77f5189e37ae94ea9afe8470831770580,e0c1288a22ea2cf3abde9f2c0887f795fe4c2e7d6f705d077ac9a8a819518e6d,source_tree_sha256,030d6bb049591fda35c4e54df090bbc50eb1e12d8482c28cc71dffec7cef6fa0
2022-04-25,1,action_04,2531,2385,2385,500,4.77,True,2022-04-25__group_01,exp3-full-20260807T072340Z,full,False,primary,exp3,2eebb3dfafa708ac36ff5b5fb2d215b77f5189e37ae94ea9afe8470831770580,e0c1288a22ea2cf3abde9f2c0887f795fe4c2e7d6f705d077ac9a8a819518e6d,source_tree_sha256,030d6bb049591fda35c4e54df090bbc50eb1e12d8482c28cc71dffec7cef6fa0
2022-04-25,1,action_05,1573,2073,1573,500,3.146,True,2022-04-25__group_01,exp3-full-20260807T072340Z,full,False,primary,exp3,2eebb3dfafa708ac36ff5b5fb2d215b77f5189e37ae94ea9afe8470831770580,e0c1288a22ea2cf3abde9f2c0887f795fe4c2e7d6f705d077ac9a8a819518e6d,source_tree_sha256,030d6bb049591fda35c4e54df090bbc50eb1e12d8482c28cc71dffec7cef6fa0
2022-04-25,1,action_06,638,1285,638,500,1.276,True,2022-04-25__group_01,exp3-full-20260807T072340Z,full,False,primary,exp3,2eebb3dfafa708ac36ff5b5fb2d215b77f5189e37ae94ea9afe8470831770580,e0c1288a22ea2cf3abde9f2c0887f795fe4c2e7d6f705d077ac9a8a819518e6d,source_tree_sha256,030d6bb049591fda35c4e54df090bbc50eb1e12d8482c28cc71dffec7cef6fa0
2022-04-25,1,action_07,1494,1742,1494,500,2.988,True,2022-04-25__group_01,exp3-full-20260807T072340Z,full,False,primary,exp3,2eebb3dfafa708ac36ff5b5fb2d215b77f5189e37ae94ea9afe8470831770580,e0c1288a22ea2cf3abde9f2c0887f795fe4c2e7d6f705d077ac9a8a819518e6d,source_tree_sha256,030d6bb049591fda35c4e54df090bbc50eb1e12d8482c28cc71dffec7cef6fa0
2022-04-25,1,action_08,1331,2029,1331,500,2.662,True,2022-04-25__group_01,exp3-full-20260807T072340Z,full,False,primary,exp3,2eebb3dfafa708ac36ff5b5fb2d215b77f5189e37ae94ea9afe8470831770580,e0c1288a22ea2cf3abde9f2c0887f795fe4c2e7d6f705d077ac9a8a819518e6d,source_tree_sha256,030d6bb049591fda35c4e54df090bbc50eb1e12d8482c28cc71dffec7cef6fa0
2022-04-25,1,action_09,945,1440,945,500,1.89,True,2022-04-25__group_01,exp3-full-20260807T072340Z,full,False,primary,exp3,2eebb3dfafa708ac36ff5b5fb2d215b77f5189e37ae94ea9afe8470831770580,e0c1288a22ea2cf3abde9f2c0887f795fe4c2e7d6f705d077ac9a8a819518e6d,source_tree_sha256,030d6bb049591fda35c4e54df090bbc50eb1e12d8482c28cc71dffec7cef6fa0
2022-04-25,1,action_10,1265,1415,1265,500,2.53,True,2022-04-25__group_01,exp3-full-20260807T072340Z,full,False,primary,exp3,2eebb3dfafa708ac36ff5b5fb2d215b77f5189e37ae94ea9afe8470831770580,e0c1288a22ea2cf3abde9f2c0887f795fe4c2e7d6f705d077ac9a8a819518e6d,source_tree_sha256,030d6bb049591fda35c4e54df090bbc50eb1e12d8482c28cc71dffec7cef6fa0
2022-04-25,1,action_11,726,852,726,500,1.452,True,2022-04-25__group_01,exp3-full-20260807T072340Z,full,False,primary,exp3,2eebb3dfafa708ac36ff5b5fb2d215b77f5189e37ae94ea9afe8470831770580,e0c1288a22ea2cf3abde9f2c0887f795fe4c2e7d6f705d077ac9a8a819518e6d,source_tree_sha256,030d6bb049591fda35c4e54df090bbc50eb1e12d8482c28cc71dffec7cef6fa0
2022-04-25,1,action_12,647,818,647,500,1.294,True,2022-04-25__group_01,exp3-full-20260807T072340Z,full,False,primary,exp3,2eebb3dfafa708ac36ff5b5fb2d215b77f5189e37ae94ea9afe8470831770580,e0c1288a22ea2cf3abde9f2c0887f795fe4c2e7d6f705d077ac9a8a819518e6d,source_tree_sha256,030d6bb049591fda35c4e54df090bbc50eb1e12d8482c28cc71dffec7cef6fa0
2022-04-25,1,action_13,696,830,696,500,1.392,True,2022-04-25__group_01,exp3-full-20260807T072340Z,full,False,primary,exp3,2eebb3dfafa708ac36ff5b5fb2d215b77f5189e37ae94ea9afe8470831770580,e0c1288a22ea2cf3abde9f2c0887f795fe4c2e7d6f705d077ac9a8a819518e6d,source_tree_sha256,030d6bb049591fda35c4e54df090bbc50eb1e12d8482c28cc71dffec7cef6fa0
2022-04-25,1,action_14,576,824,576,500,1.152,True,2022-04-25__group_01,exp3-full-20260807T072340Z,full,False,primary,exp3,2eebb3dfafa708ac36ff5b5fb2d215b77f5189e37ae94ea9afe8470831770580,e0c1288a22ea2cf3abde9f2c0887f795fe4c2e7d6f705d077ac9a8a819518e6d,source_tree_sha256,030d6bb049591fda35c4e54df090bbc50eb1e12d8482c28cc71dffec7cef6fa0
2022-04-25,1,action_15,629,1203,629,500,1.258,True,2022-04-25__group_01,exp3-full-20260807T072340Z,full,False,primary,exp3,2eebb3dfafa708ac36ff5b5fb2d215b77f5189e37ae94ea9afe8470831770580,e0c1288a22ea2cf3abde9f2c0887f795fe4c2e7d6f705d077ac9a8a819518e6d,source_tree_sha256,030d6bb049591fda35c4e54df090bbc50eb1e12d8482c28cc71dffec7cef6fa0
2022-04-25,1,action_16,755,943,755,500,1.51,True,2022-04-25__group_01,exp3-full-20260807T072340Z,full,False,primary,exp3,2eebb3dfafa708ac36ff5b5fb2d215b77f5189e37ae94ea9afe8470831770580,e0c1288a22ea2cf3abde9f2c0887f795fe4c2e7d6f705d077ac9a8a819518e6d,source_tree_sha256,030d6bb049591fda35c4e54df090bbc50eb1e12d8482c28cc71dffec7cef6fa0
2022-04-25,1,action_17,681,829,681,500,1.362,True,2022-04-25__group_01,exp3-full-20260807T072340Z,full,False,primary,exp3,2eebb3dfafa708ac36ff5b5fb2d215b77f5189e37ae94ea9afe8470831770580,e0c1288a22ea2cf3abde9f2c0887f795fe4c2e7d6f705d077ac9a8a819518e6d,source_tree_sha256,030d6bb049591fda35c4e54df090bbc50eb1e12d8482c28cc71dffec7cef6fa0
2022-04-25,1,action_18,621,534,534,500,1.068,True,2022-04-25__group_01,exp3-full-20260807T072340Z,full,False,primary,exp3,2eebb3dfafa708ac36ff5b5fb2d215b77f5189e37ae94ea9afe8470831770580,e0c1288a22ea2cf3abde9f2c0887f795fe4c2e7d6f705d077ac9a8a819518e6d,source_tree_sha256,030d6bb049591fda35c4e54df090bbc50eb1e12d8482c28cc71dffec7cef6fa0
2022-04-25,1,action_19,572,603,572,500,1.144,True,2022-04-25__group_01,exp3-full-20260807T072340Z,full,False,primary,exp3,2eebb3dfafa708ac36ff5b5fb2d215b77f5189e37ae94ea9afe8470831770580,e0c1288a22ea2cf3abde9f2c0887f795fe4c2e7d6f705d077ac9a8a819518e6d,source_tree_sha256,030d6bb049591fda35c4e54df090bbc50eb1e12d8482c28cc71dffec7cef6fa0
2022-04-25,1,action_20,882,620,620,500,1.24,True,2022-04-25__group_01,exp3-full-20260807T072340Z,full,False,primary,exp3,2eebb3dfafa708ac36ff5b5fb2d215b77f5189e37ae94ea9afe8470831770580,e0c1288a22ea2cf3abde9f2c0887f795fe4c2e7d6f705d077ac9a8a819518e6d,source_tree_sha256,030d6bb049591fda35c4e54df090bbc50eb1e12d8482c28cc71dffec7cef6fa0
2022-04-25,2,action_01,5170,3758,3758,500,7.516,True,2022-04-25__group_02,exp3-full-20260807T072340Z,full,False,primary,exp3,2eebb3dfafa708ac36ff5b5fb2d215b77f5189e37ae94ea9afe8470831770580,e0c1288a22ea2cf3abde9f2c0887f795fe4c2e7d6f705d077ac9a8a819518e6d,source_tree_sha256,030d6bb049591fda35c4e54df090bbc50eb1e12d8482c28cc71dffec7cef6fa0
2022-04-25,2,action_02,3181,2385,2385,500,4.77,True,2022-04-25__group_02,exp3-full-20260807T072340Z,full,False,primary,exp3,2eebb3dfafa708ac36ff5b5fb2d215b77f5189e37ae94ea9afe8470831770580,e0c1288a22ea2cf3abde9f2c0887f795fe4c2e7d6f705d077ac9a8a819518e6d,source_tree_sha256,030d6bb049591fda35c4e54df090bbc50eb1e12d8482c28cc71dffec7cef6fa0
2022-04-25,2,action_03,2481,2153,2153,500,4.306,True,2022-04-25__group_02,exp3-full-20260807T072340Z,full,False,primary,exp3,2eebb3dfafa708ac36ff5b5fb2d215b77f5189e37ae94ea9afe8470831770580,e0c1288a22ea2cf3abde9f2c0887f795fe4c2e7d6f705d077ac9a8a819518e6d,source_tree_sha256,030d6bb049591fda35c4e54df090bbc50eb1e12d8482c28cc71dffec7cef6fa0
2022-04-25,2,action_04,2747,1749,1749,500,3.498,True,2022-04-25__group_02,exp3-full-20260807T072340Z,full,False,primary,exp3,2eebb3dfafa708ac36ff5b5fb2d215b77f5189e37ae94ea9afe8470831770580,e0c1288a22ea2cf3abde9f2c0887f795fe4c2e7d6f705d077ac9a8a819518e6d,source_tree_sha256,030d6bb049591fda35c4e54df090bbc50eb1e12d8482c28cc71dffec7cef6fa0
2022-04-25,2,action_05,2209,1099,1099,500,2.198,True,2022-04-25__group_02,exp3-full-20260807T072340Z,full,False,primary,exp3,2eebb3dfafa708ac36ff5b5fb2d215b77f5189e37ae94ea9afe8470831770580,e0c1288a22ea2cf3abde9f2c0887f795fe4c2e7d6f705d077ac9a8a819518e6d,source_tree_sha256,030d6bb049591fda35c4e54df090bbc50eb1e12d8482c28cc71dffec7cef6fa0
2022-04-25,2,action_06,1729,1137,1137,500,2.274,True,2022-04-25__group_02,exp3-full-20260807T072340Z,full,False,primary,exp3,2eebb3dfafa708ac36ff5b5fb2d215b77f5189e37ae94ea9afe8470831770580,e0c1288a22ea2cf3abde9f2c0887f795fe4c2e7d6f705d077ac9a8a819518e6d,source_tree_sha256,030d6bb049591fda35c4e54df090bbc50eb1e12d8482c28cc71dffec7cef6fa0
2022-04-25,2,action_07,2008,1262,1262,500,2.524,True,2022-04-25__group_02,exp3-full-20260807T072340Z,full,False,primary,exp3,2eebb3dfafa708ac36ff5b5fb2d215b77f5189e37ae94ea9afe8470831770580,e0c1288a22ea2cf3abde9f2c0887f795fe4c2e7d6f705d077ac9a8a819518e6d,source_tree_sha256,030d6bb049591fda35c4e54df090bbc50eb1e12d8482c28cc71dffec7cef6fa0
2022-04-25,2,action_08,2027,1565,1565,500,3.13,True,2022-04-25__group_02,exp3-full-20260807T072340Z,full,False,primary,exp3,2eebb3dfafa708ac36ff5b5fb2d215b77f5189e37ae94ea9afe8470831770580,e0c1288a22ea2cf3abde9f2c0887f795fe4c2e7d6f705d077ac9a8a819518e6d,source_tree_sha256,030d6bb049591fda35c4e54df090bbc50eb1e12d8482c28cc71dffec7cef6fa0
2022-04-25,2,action_09,1712,983,983,500,1.966,True,2022-04-25__group_02,exp3-full-20260807T072340Z,full,False,primary,exp3,2eebb3dfafa708ac36ff5b5fb2d215b77f5189e37ae94ea9afe8470831770580,e0c1288a22ea2cf3abde9f2c0887f795fe4c2e7d6f705d077ac9a8a819518e6d,source_tree_sha256,030d6bb049591fda35c4e54df090bbc50eb1e12d8482c28cc71dffec7cef6fa0
2022-04-25,2,action_10,1039,1178,1039,500,2.078,True,2022-04-25__group_02,exp3-full-20260807T072340Z,full,False,primary,exp3,2eebb3dfafa708ac36ff5b5fb2d215b77f5189e37ae94ea9afe8470831770580,e0c1288a22ea2cf3abde9f2c0887f795fe4c2e7d6f705d077ac9a8a819518e6d,source_tree_sha256,030d6bb049591fda35c4e54df090bbc50eb1e12d8482c28cc71dffec7cef6fa0
2022-04-25,2,action_11,1115,589,589,500,1.178,True,2022-04-25__group_02,exp3-full-20260807T072340Z,full,False,primary,exp3,2eebb3dfafa708ac36ff5b5fb2d215b77f5189e37ae94ea9afe8470831770580,e0c1288a22ea2cf3abde9f2c0887f795fe4c2e7d6f705d077ac9a8a819518e6d,source_tree_sha256,030d6bb049591fda35c4e54df090bbc50eb1e12d8482c28cc71dffec7cef6fa0
2022-04-25,2,action_12,942,718,718,500,1.436,True,2022-04-25__group_02,exp3-full-20260807T072340Z,full,False,primary,exp3,2eebb3dfafa708ac36ff5b5fb2d215b77f5189e37ae94ea9afe8470831770580,e0c1288a22ea2cf3abde9f2c0887f795fe4c2e7d6f705d077ac9a8a819518e6d,source_tree_sha256,030d6bb049591fda35c4e54df090bbc50eb1e12d8482c28cc71dffec7cef6fa0
2022-04-25,2,action_13,898,806,806,500,1.612,True,2022-04-25__group_02,exp3-full-20260807T072340Z,full,False,primary,exp3,2eebb3dfafa708ac36ff5b5fb2d215b77f5189e37ae94ea9afe8470831770580,e0c1288a22ea2cf3abde9f2c0887f795fe4c2e7d6f705d077ac9a8a819518e6d,source_tree_sha256,030d6bb049591fda35c4e54df090bbc50eb1e12d8482c28cc71dffec7cef6fa0
2022-04-25,2,action_14,812,823,812,500,1.624,True,2022-04-25__group_02,exp3-full-20260807T072340Z,full,False,primary,exp3,2eebb3dfafa708ac36ff5b5fb2d215b77f5189e37ae94ea9afe8470831770580,e0c1288a22ea2cf3abde9f2c0887f795fe4c2e7d6f705d077ac9a8a819518e6d,source_tree_sha256,030d6bb049591fda35c4e54df090bbc50eb1e12d8482c28cc71dffec7cef6fa0
2022-04-25,2,action_15,964,569,569,500,1.138,True,2022-04-25__group_02,exp3-full-20260807T072340Z,full,False,primary,exp3,2eebb3dfafa708ac36ff5b5fb2d215b77f5189e37ae94ea9afe8470831770580,e0c1288a22ea2cf3abde9f2c0887f795fe4c2e7d6f705d077ac9a8a819518e6d,source_tree_sha256,030d6bb049591fda35c4e54df090bbc50eb1e12d8482c28cc71dffec7cef6fa0
2022-04-25,2,action_16,809,606,606,500,1.212,True,2022-04-25__group_02,exp3-full-20260807T072340Z,full,False,primary,exp3,2eebb3dfafa708ac36ff5b5fb2d215b77f5189e37ae94ea9afe8470831770580,e0c1288a22ea2cf3abde9f2c0887f795fe4c2e7d6f705d077ac9a8a819518e6d,source_tree_sha256,030d6bb049591fda35c4e54df090bbc50eb1e12d8482c28cc71dffec7cef6fa0
2022-04-25,2,action_17,935,583,583,500,1.166,True,2022-04-25__group_02,exp3-full-20260807T072340Z,full,False,primary,exp3,2eebb3dfafa708ac36ff5b5fb2d215b77f5189e37ae94ea9afe8470831770580,e0c1288a22ea2cf3abde9f2c0887f795fe4c2e7d6f705d077ac9a8a819518e6d,source_tree_sha256,030d6bb049591fda35c4e54df090bbc50eb1e12d8482c28cc71dffec7cef6fa0
2022-04-25,2,action_18,720,526,526,500,1.052,True,2022-04-25__group_02,exp3-full-20260807T072340Z,full,False,primary,exp3,2eebb3dfafa708ac36ff5b5fb2d215b77f5189e37ae94ea9afe8470831770580,e0c1288a22ea2cf3abde9f2c0887f795fe4c2e7d6f705d077ac9a8a819518e6d,source_tree_sha256,030d6bb049591fda35c4e54df090bbc50eb1e12d8482c28cc71dffec7cef6fa0
2022-04-25,2,action_19,877,473,473,500,0.946,False,2022-04-25__group_02,exp3-full-20260807T072340Z,full,False,primary,exp3,2eebb3dfafa708ac36ff5b5fb2d215b77f5189e37ae94ea9afe8470831770580,e0c1288a22ea2cf3abde9f2c0887f795fe4c2e7d6f705d077ac9a8a819518e6d,source_tree_sha256,030d6bb049591fda35c4e54df090bbc50eb1e12d8482c28cc71dffec7cef6fa0
2022-04-25,2,action_20,642,335,335,500,0.67,False,2022-04-25__group_02,exp3-full-20260807T072340Z,full,False,primary,exp3,2eebb3dfafa708ac36ff5b5fb2d215b77f5189e37ae94ea9afe8470831770580,e0c1288a22ea2cf3abde9f2c0887f795fe4c2e7d6f705d077ac9a8a819518e6d,source_tree_sha256,030d6bb049591fda35c4e54df090bbc50eb1e12d8482c28cc71dffec7cef6fa0
2022-04-25,3,action_01,3849,3423,3423,500,6.846,True,2022-04-25__group_03,exp3-full-20260807T072340Z,full,False,primary,exp3,2eebb3dfafa708ac36ff5b5fb2d215b77f5189e37ae94ea9afe8470831770580,e0c1288a22ea2cf3abde9f2c0887f795fe4c2e7d6f705d077ac9a8a819518e6d,source_tree_sha256,030d6bb049591fda35c4e54df090bbc50eb1e12d8482c28cc71dffec7cef6fa0
2022-04-25,3,action_02,2628,1976,1976,500,3.952,True,2022-04-25__group_03,exp3-full-20260807T072340Z,full,False,primary,exp3,2eebb3dfafa708ac36ff5b5fb2d215b77f5189e37ae94ea9afe8470831770580,e0c1288a22ea2cf3abde9f2c0887f795fe4c2e7d6f705d077ac9a8a819518e6d,source_tree_sha256,030d6bb049591fda35c4e54df090bbc50eb1e12d8482c28cc71dffec7cef6fa0
2022-04-25,3,action_03,1856,1638,1638,500,3.276,True,2022-04-25__group_03,exp3-full-20260807T072340Z,full,False,primary,exp3,2eebb3dfafa708ac36ff5b5fb2d215b77f5189e37ae94ea9afe8470831770580,e0c1288a22ea2cf3abde9f2c0887f795fe4c2e7d6f705d077ac9a8a819518e6d,source_tree_sha256,030d6bb049591fda35c4e54df090bbc50eb1e12d8482c28cc71dffec7cef6fa0
2022-04-25,3,action_04,1710,1373,1373,500,2.746,True,2022-04-25__group_03,exp3-full-20260807T072340Z,full,False,primary,exp3,2eebb3dfafa708ac36ff5b5fb2d215b77f5189e37ae94ea9afe8470831770580,e0c1288a22ea2cf3abde9f2c0887f795fe4c2e7d6f705d077ac9a8a819518e6d,source_tree_sha256,030d6bb049591fda35c4e54df090bbc50eb1e12d8482c28cc71dffec7cef6fa0
2022-04-25,3,action_05,1378,1100,1100,500,2.2,True,2022-04-25__group_03,exp3-full-20260807T072340Z,full,False,primary,exp3,2eebb3dfafa708ac36ff5b5fb2d215b77f5189e37ae94ea9afe8470831770580,e0c1288a22ea2cf3abde9f2c0887f795fe4c2e7d6f705d077ac9a8a819518e6d,source_tree_sha256,030d6bb049591fda35c4e54df090bbc50eb1e12d8482c28cc71dffec7cef6fa0
2022-04-25,3,action_06,1340,1244,1244,500,2.488,True,2022-04-25__group_03,exp3-full-20260807T072340Z,full,False,primary,exp3,2eebb3dfafa708ac36ff5b5fb2d215b77f5189e37ae94ea9afe8470831770580,e0c1288a22ea2cf3abde9f2c0887f795fe4c2e7d6f705d077ac9a8a819518e6d,source_tree_sha256,030d6bb049591fda35c4e54df090bbc50eb1e12d8482c28cc71dffec7cef6fa0
2022-04-25,3,action_07,1504,1204,1204,500,2.408,True,2022-04-25__group_03,exp3-full-20260807T072340Z,full,False,primary,exp3,2eebb3dfafa708ac36ff5b5fb2d215b77f5189e37ae94ea9afe8470831770580,e0c1288a22ea2cf3abde9f2c0887f795fe4c2e7d6f705d077ac9a8a819518e6d,source_tree_sha256,030d6bb049591fda35c4e54df090bbc50eb1e12d8482c28cc71dffec7cef6fa0
2022-04-25,3,action_08,1291,1024,1024,500,2.048,True,2022-04-25__group_03,exp3-full-20260807T072340Z,full,False,primary,exp3,2eebb3dfafa708ac36ff5b5fb2d215b77f5189e37ae94ea9afe8470831770580,e0c1288a22ea2cf3abde9f2c0887f795fe4c2e7d6f705d077ac9a8a819518e6d,source_tree_sha256,030d6bb049591fda35c4e54df090bbc50eb1e12d8482c28cc71dffec7cef6fa0
2022-04-25,3,action_09,817,809,809,500,1.618,True,2022-04-25__group_03,exp3-full-20260807T072340Z,full,False,primary,exp3,2eebb3dfafa708ac36ff5b5fb2d215b77f5189e37ae94ea9afe8470831770580,e0c1288a22ea2cf3abde9f2c0887f795fe4c2e7d6f705d077ac9a8a819518e6d,source_tree_sha256,030d6bb049591fda35c4e54df090bbc50eb1e12d8482c28cc71dffec7cef6fa0
2022-04-25,3,action_10,1042,606,606,500,1.212,True,2022-04-25__group_03,exp3-full-20260807T072340Z,full,False,primary,exp3,2eebb3dfafa708ac36ff5b5fb2d215b77f5189e37ae94ea9afe8470831770580,e0c1288a22ea2cf3abde9f2c0887f795fe4c2e7d6f705d077ac9a8a819518e6d,source_tree_sha256,030d6bb049591fda35c4e54df090bbc50eb1e12d8482c28cc71dffec7cef6fa0
2022-04-25,3,action_11,669,515,515,500,1.03,True,2022-04-25__group_03,exp3-full-20260807T072340Z,full,False,primary,exp3,2eebb3dfafa708ac36ff5b5fb2d215b77f5189e37ae94ea9afe8470831770580,e0c1288a22ea2cf3abde9f2c0887f795fe4c2e7d6f705d077ac9a8a819518e6d,source_tree_sha256,030d6bb049591fda35c4e54df090bbc50eb1e12d8482c28cc71dffec7cef6fa0
2022-04-25,3,action_12,500,418,418,500,0.836,False,2022-04-25__group_03,exp3-full-20260807T072340Z,full,False,primary,exp3,2eebb3dfafa708ac36ff5b5fb2d215b77f5189e37ae94ea9afe8470831770580,e0c1288a22ea2cf3abde9f2c0887f795fe4c2e7d6f705d077ac9a8a819518e6d,source_tree_sha256,030d6bb049591fda35c4e54df090bbc50eb1e12d8482c28cc71dffec7cef6fa0
2022-04-25,3,action_13,585,945,585,500,1.17,True,2022-04-25__group_03,exp3-full-20260807T072340Z,full,False,primary,exp3,2eebb3dfafa708ac36ff5b5fb2d215b77f5189e37ae94ea9afe8470831770580,e0c1288a22ea2cf3abde9f2c0887f795fe4c2e7d6f705d077ac9a8a819518e6d,source_tree_sha256,030d6bb049591fda35c4e54df090bbc50eb1e12d8482c28cc71dffec7cef6fa0
2022-04-25,3,action_14,757,450,450,500,0.9,False,2022-04-25__group_03,exp3-full-20260807T072340Z,full,False,primary,exp3,2eebb3dfafa708ac36ff5b5fb2d215b77f5189e37ae94ea9afe8470831770580,e0c1288a22ea2cf3abde9f2c0887f795fe4c2e7d6f705d077ac9a8a819518e6d,source_tree_sha256,030d6bb049591fda35c4e54df090bbc50eb1e12d8482c28cc71dffec7cef6fa0
2022-04-25,3,action_15,753,630,630,500,1.26,True,2022-04-25__group_03,exp3-full-20260807T072340Z,full,False,primary,exp3,2eebb3dfafa708ac36ff5b5fb2d215b77f5189e37ae94ea9afe8470831770580,e0c1288a22ea2cf3abde9f2c0887f795fe4c2e7d6f705d077ac9a8a819518e6d,source_tree_sha256,030d6bb049591fda35c4e54df090bbc50eb1e12d8482c28cc71dffec7cef6fa0
2022-04-25,3,action_16,432,417,417,500,0.834,False,2022-04-25__group_03,exp3-full-20260807T072340Z,full,False,primary,exp3,2eebb3dfafa708ac36ff5b5fb2d215b77f5189e37ae94ea9afe8470831770580,e0c1288a22ea2cf3abde9f2c0887f795fe4c2e7d6f705d077ac9a8a819518e6d,source_tree_sha256,030d6bb049591fda35c4e54df090bbc50eb1e12d8482c28cc71dffec7cef6fa0
2022-04-25,3,action_17,639,574,574,500,1.148,True,2022-04-25__group_03,exp3-full-20260807T072340Z,full,False,primary,exp3,2eebb3dfafa708ac36ff5b5fb2d215b77f5189e37ae94ea9afe8470831770580,e0c1288a22ea2cf3abde9f2c0887f795fe4c2e7d6f705d077ac9a8a819518e6d,source_tree_sha256,030d6bb049591fda35c4e54df090bbc50eb1e12d8482c28cc71dffec7cef6fa0
2022-04-25,3,action_18,484,411,411,500,0.822,False,2022-04-25__group_03,exp3-full-20260807T072340Z,full,False,primary,exp3,2eebb3dfafa708ac36ff5b5fb2d215b77f5189e37ae94ea9afe8470831770580,e0c1288a22ea2cf3abde9f2c0887f795fe4c2e7d6f705d077ac9a8a819518e6d,source_tree_sha256,030d6bb049591fda35c4e54df090bbc50eb1e12d8482c28cc71dffec7cef6fa0
2022-04-25,3,action_19,469,399,399,500,0.798,False,2022-04-25__group_03,exp3-full-20260807T072340Z,full,False,primary,exp3,2eebb3dfafa708ac36ff5b5fb2d215b77f5189e37ae94ea9afe8470831770580,e0c1288a22ea2cf3abde9f2c0887f795fe4c2e7d6f705d077ac9a8a819518e6d,source_tree_sha256,030d6bb049591fda35c4e54df090bbc50eb1e12d8482c28cc71dffec7cef6fa0
2022-04-25,3,action_20,577,611,577,500,1.154,True,2022-04-25__group_03,exp3-full-20260807T072340Z,full,False,primary,exp3,2eebb3dfafa708ac36ff5b5fb2d215b77f5189e37ae94ea9afe8470831770580,e0c1288a22ea2cf3abde9f2c0887f795fe4c2e7d6f705d077ac9a8a819518e6d,source_tree_sha256,030d6bb049591fda35c4e54df090bbc50eb1e12d8482c28cc71dffec7cef6fa0
2022-04-25,4,action_01,4417,4481,4417,500,8.834,True,2022-04-25__group_04,exp3-full-20260807T072340Z,full,False,primary,exp3,2eebb3dfafa708ac36ff5b5fb2d215b77f5189e37ae94ea9afe8470831770580,e0c1288a22ea2cf3abde9f2c0887f795fe4c2e7d6f705d077ac9a8a819518e6d,source_tree_sha256,030d6bb049591fda35c4e54df090bbc50eb1e12d8482c28cc71dffec7cef6fa0
2022-04-25,4,action_02,3377,2107,2107,500,4.214,True,2022-04-25__group_04,exp3-full-20260807T072340Z,full,False,primary,exp3,2eebb3dfafa708ac36ff5b5fb2d215b77f5189e37ae94ea9afe8470831770580,e0c1288a22ea2cf3abde9f2c0887f795fe4c2e7d6f705d077ac9a8a819518e6d,source_tree_sha256,030d6bb049591fda35c4e54df090bbc50eb1e12d8482c28cc71dffec7cef6fa0
2022-04-25,4,action_03,2324,1913,1913,500,3.826,True,2022-04-25__group_04,exp3-full-20260807T072340Z,full,False,primary,exp3,2eebb3dfafa708ac36ff5b5fb2d215b77f5189e37ae94ea9afe8470831770580,e0c1288a22ea2cf3abde9f2c0887f795fe4c2e7d6f705d077ac9a8a819518e6d,source_tree_sha256,030d6bb049591fda35c4e54df090bbc50eb1e12d8482c28cc71dffec7cef6fa0
2022-04-25,4,action_04,2233,2050,2050,500,4.1,True,2022-04-25__group_04,exp3-full-20260807T072340Z,full,False,primary,exp3,2eebb3dfafa708ac36ff5b5fb2d215b77f5189e37ae94ea9afe8470831770580,e0c1288a22ea2cf3abde9f2c0887f795fe4c2e7d6f705d077ac9a8a819518e6d,source_tree_sha256,030d6bb049591fda35c4e54df090bbc50eb1e12d8482c28cc71dffec7cef6fa0
2022-04-25,4,action_05,2209,1388,1388,500,2.776,True,2022-04-25__group_04,exp3-full-20260807T072340Z,full,False,primary,exp3,2eebb3dfafa708ac36ff5b5fb2d215b77f5189e37ae94ea9afe8470831770580,e0c1288a22ea2cf3abde9f2c0887f795fe4c2e7d6f705d077ac9a8a819518e6d,source_tree_sha256,030d6bb049591fda35c4e54df090bbc50eb1e12d8482c28cc71dffec7cef6fa0
2022-04-25,4,action_06,1742,1498,1498,500,2.996,True,2022-04-25__group_04,exp3-full-20260807T072340Z,full,False,primary,exp3,2eebb3dfafa708ac36ff5b5fb2d215b77f5189e37ae94ea9afe8470831770580,e0c1288a22ea2cf3abde9f2c0887f795fe4c2e7d6f705d077ac9a8a819518e6d,source_tree_sha256,030d6bb049591fda35c4e54df090bbc50eb1e12d8482c28cc71dffec7cef6fa0
2022-04-25,4,action_07,1836,1522,1522,500,3.044,True,2022-04-25__group_04,exp3-full-20260807T072340Z,full,False,primary,exp3,2eebb3dfafa708ac36ff5b5fb2d215b77f5189e37ae94ea9afe8470831770580,e0c1288a22ea2cf3abde9f2c0887f795fe4c2e7d6f705d077ac9a8a819518e6d,source_tree_sha256,030d6bb049591fda35c4e54df090bbc50eb1e12d8482c28cc71dffec7cef6fa0
2022-04-25,4,action_08,1481,1229,1229,500,2.458,True,2022-04-25__group_04,exp3-full-20260807T072340Z,full,False,primary,exp3,2eebb3dfafa708ac36ff5b5fb2d215b77f5189e37ae94ea9afe8470831770580,e0c1288a22ea2cf3abde9f2c0887f795fe4c2e7d6f705d077ac9a8a819518e6d,source_tree_sha256,030d6bb049591fda35c4e54df090bbc50eb1e12d8482c28cc71dffec7cef6fa0
2022-04-25,4,action_09,1579,1006,1006,500,2.012,True,2022-04-25__group_04,exp3-full-20260807T072340Z,full,False,primary,exp3,2eebb3dfafa708ac36ff5b5fb2d215b77f5189e37ae94ea9afe8470831770580,e0c1288a22ea2cf3abde9f2c0887f795fe4c2e7d6f705d077ac9a8a819518e6d,source_tree_sha256,030d6bb049591fda35c4e54df090bbc50eb1e12d8482c28cc71dffec7cef6fa0
2022-04-25,4,action_10,1153,1191,1153,500,2.306,True,2022-04-25__group_04,exp3-full-20260807T072340Z,full,False,primary,exp3,2eebb3dfafa708ac36ff5b5fb2d215b77f5189e37ae94ea9afe8470831770580,e0c1288a22ea2cf3abde9f2c0887f795fe4c2e7d6f705d077ac9a8a819518e6d,source_tree_sha256,030d6bb049591fda35c4e54df090bbc50eb1e12d8482c28cc71dffec7cef6fa0
2022-04-25,4,action_11,1179,863,863,500,1.726,True,2022-04-25__group_04,exp3-full-20260807T072340Z,full,False,primary,exp3,2eebb3dfafa708ac36ff5b5fb2d215b77f5189e37ae94ea9afe8470831770580,e0c1288a22ea2cf3abde9f2c0887f795fe4c2e7d6f705d077ac9a8a819518e6d,source_tree_sha256,030d6bb049591fda35c4e54df090bbc50eb1e12d8482c28cc71dffec7cef6fa0
2022-04-25,4,action_12,571,716,571,500,1.142,True,2022-04-25__group_04,exp3-full-20260807T072340Z,full,False,primary,exp3,2eebb3dfafa708ac36ff5b5fb2d215b77f5189e37ae94ea9afe8470831770580,e0c1288a22ea2cf3abde9f2c0887f795fe4c2e7d6f705d077ac9a8a819518e6d,source_tree_sha256,030d6bb049591fda35c4e54df090bbc50eb1e12d8482c28cc71dffec7cef6fa0
2022-04-25,4,action_13,745,783,745,500,1.49,True,2022-04-25__group_04,exp3-full-20260807T072340Z,full,False,primary,exp3,2eebb3dfafa708ac36ff5b5fb2d215b77f5189e37ae94ea9afe8470831770580,e0c1288a22ea2cf3abde9f2c0887f795fe4c2e7d6f705d077ac9a8a819518e6d,source_tree_sha256,030d6bb049591fda35c4e54df090bbc50eb1e12d8482c28cc71dffec7cef6fa0
2022-04-25,4,action_14,805,610,610,500,1.22,True,2022-04-25__group_04,exp3-full-20260807T072340Z,full,False,primary,exp3,2eebb3dfafa708ac36ff5b5fb2d215b77f5189e37ae94ea9afe8470831770580,e0c1288a22ea2cf3abde9f2c0887f795fe4c2e7d6f705d077ac9a8a819518e6d,source_tree_sha256,030d6bb049591fda35c4e54df090bbc50eb1e12d8482c28cc71dffec7cef6fa0
2022-04-25,4,action_15,843,800,800,500,1.6,True,2022-04-25__group_04,exp3-full-20260807T072340Z,full,False,primary,exp3,2eebb3dfafa708ac36ff5b5fb2d215b77f5189e37ae94ea9afe8470831770580,e0c1288a22ea2cf3abde9f2c0887f795fe4c2e7d6f705d077ac9a8a819518e6d,source_tree_sha256,030d6bb049591fda35c4e54df090bbc50eb1e12d8482c28cc71dffec7cef6fa0
2022-04-25,4,action_16,979,530,530,500,1.06,True,2022-04-25__group_04,exp3-full-20260807T072340Z,full,False,primary,exp3,2eebb3dfafa708ac36ff5b5fb2d215b77f5189e37ae94ea9afe8470831770580,e0c1288a22ea2cf3abde9f2c0887f795fe4c2e7d6f705d077ac9a8a819518e6d,source_tree_sha256,030d6bb049591fda35c4e54df090bbc50eb1e12d8482c28cc71dffec7cef6fa0
2022-04-25,4,action_17,978,804,804,500,1.608,True,2022-04-25__group_04,exp3-full-20260807T072340Z,full,False,primary,exp3,2eebb3dfafa708ac36ff5b5fb2d215b77f5189e37ae94ea9afe8470831770580,e0c1288a22ea2cf3abde9f2c0887f795fe4c2e7d6f705d077ac9a8a819518e6d,source_tree_sha256,030d6bb049591fda35c4e54df090bbc50eb1e12d8482c28cc71dffec7cef6fa0
2022-04-25,4,action_18,694,569,569,500,1.138,True,2022-04-25__group_04,exp3-full-20260807T072340Z,full,False,primary,exp3,2eebb3dfafa708ac36ff5b5fb2d215b77f5189e37ae94ea9afe8470831770580,e0c1288a22ea2cf3abde9f2c0887f795fe4c2e7d6f705d077ac9a8a819518e6d,source_tree_sha256,030d6bb049591fda35c4e54df090bbc50eb1e12d8482c28cc71dffec7cef6fa0
2022-04-25,4,action_19,676,465,465,500,0.93,False,2022-04-25__group_04,exp3-full-20260807T072340Z,full,False,primary,exp3,2eebb3dfafa708ac36ff5b5fb2d215b77f5189e37ae94ea9afe8470831770580,e0c1288a22ea2cf3abde9f2c0887f795fe4c2e7d6f705d077ac9a8a819518e6d,source_tree_sha256,030d6bb049591fda35c4e54df090bbc50eb1e12d8482c28cc71dffec7cef6fa0
2022-04-25,4,action_20,650,348,348,500,0.696,False,2022-04-25__group_04,exp3-full-20260807T072340Z,full,False,primary,exp3,2eebb3dfafa708ac36ff5b5fb2d215b77f5189e37ae94ea9afe8470831770580,e0c1288a22ea2cf3abde9f2c0887f795fe4c2e7d6f705d077ac9a8a819518e6d,source_tree_sha256,030d6bb049591fda35c4e54df090bbc50eb1e12d8482c28cc71dffec7cef6fa0
2022-04-26,0,action_01,4147,5138,4147,500,8.294,True,2022-04-26__group_00,exp3-full-20260807T072340Z,full,False,primary,exp3,2eebb3dfafa708ac36ff5b5fb2d215b77f5189e37ae94ea9afe8470831770580,e0c1288a22ea2cf3abde9f2c0887f795fe4c2e7d6f705d077ac9a8a819518e6d,source_tree_sha256,030d6bb049591fda35c4e54df090bbc50eb1e12d8482c28cc71dffec7cef6fa0
2022-04-26,0,action_02,2374,3133,2374,500,4.748,True,2022-04-26__group_00,exp3-full-20260807T072340Z,full,False,primary,exp3,2eebb3dfafa708ac36ff5b5fb2d215b77f5189e37ae94ea9afe8470831770580,e0c1288a22ea2cf3abde9f2c0887f795fe4c2e7d6f705d077ac9a8a819518e6d,source_tree_sha256,030d6bb049591fda35c4e54df090bbc50eb1e12d8482c28cc71dffec7cef6fa0
2022-04-26,0,action_03,1917,2775,1917,500,3.834,True,2022-04-26__group_00,exp3-full-20260807T072340Z,full,False,primary,exp3,2eebb3dfafa708ac36ff5b5fb2d215b77f5189e37ae94ea9afe8470831770580,e0c1288a22ea2cf3abde9f2c0887f795fe4c2e7d6f705d077ac9a8a819518e6d,source_tree_sha256,030d6bb049591fda35c4e54df090bbc50eb1e12d8482c28cc71dffec7cef6fa0
2022-04-26,0,action_04,2378,2510,2378,500,4.756,True,2022-04-26__group_00,exp3-full-20260807T072340Z,full,False,primary,exp3,2eebb3dfafa708ac36ff5b5fb2d215b77f5189e37ae94ea9afe8470831770580,e0c1288a22ea2cf3abde9f2c0887f795fe4c2e7d6f705d077ac9a8a819518e6d,source_tree_sha256,030d6bb049591fda35c4e54df090bbc50eb1e12d8482c28cc71dffec7cef6fa0
2022-04-26,0,action_05,1578,2032,1578,500,3.156,True,2022-04-26__group_00,exp3-full-20260807T072340Z,full,False,primary,exp3,2eebb3dfafa708ac36ff5b5fb2d215b77f5189e37ae94ea9afe8470831770580,e0c1288a22ea2cf3abde9f2c0887f795fe4c2e7d6f705d077ac9a8a819518e6d,source_tree_sha256,030d6bb049591fda35c4e54df090bbc50eb1e12d8482c28cc71dffec7cef6fa0
2022-04-26,0,action_06,1028,1650,1028,500,2.056,True,2022-04-26__group_00,exp3-full-20260807T072340Z,full,False,primary,exp3,2eebb3dfafa708ac36ff5b5fb2d215b77f5189e37ae94ea9afe8470831770580,e0c1288a22ea2cf3abde9f2c0887f795fe4c2e7d6f705d077ac9a8a819518e6d,source_tree_sha256,030d6bb049591fda35c4e54df090bbc50eb1e12d8482c28cc71dffec7cef6fa0
2022-04-26,0,action_07,1581,1457,1457,500,2.914,True,2022-04-26__group_00,exp3-full-20260807T072340Z,full,False,primary,exp3,2eebb3dfafa708ac36ff5b5fb2d215b77f5189e37ae94ea9afe8470831770580,e0c1288a22ea2cf3abde9f2c0887f795fe4c2e7d6f705d077ac9a8a819518e6d,source_tree_sha256,030d6bb049591fda35c4e54df090bbc50eb1e12d8482c28cc71dffec7cef6fa0
2022-04-26,0,action_08,1286,1899,1286,500,2.572,True,2022-04-26__group_00,exp3-full-20260807T072340Z,full,False,primary,exp3,2eebb3dfafa708ac36ff5b5fb2d215b77f5189e37ae94ea9afe8470831770580,e0c1288a22ea2cf3abde9f2c0887f795fe4c2e7d6f705d077ac9a8a819518e6d,source_tree_sha256,030d6bb049591fda35c4e54df090bbc50eb1e12d8482c28cc71dffec7cef6fa0
2022-04-26,0,action_09,1129,1018,1018,500,2.036,True,2022-04-26__group_00,exp3-full-20260807T072340Z,full,False,primary,exp3,2eebb3dfafa708ac36ff5b5fb2d215b77f5189e37ae94ea9afe8470831770580,e0c1288a22ea2cf3abde9f2c0887f795fe4c2e7d6f705d077ac9a8a819518e6d,source_tree_sha256,030d6bb049591fda35c4e54df090bbc50eb1e12d8482c28cc71dffec7cef6fa0
2022-04-26,0,action_10,896,1705,896,500,1.792,True,2022-04-26__group_00,exp3-full-20260807T072340Z,full,False,primary,exp3,2eebb3dfafa708ac36ff5b5fb2d215b77f5189e37ae94ea9afe8470831770580,e0c1288a22ea2cf3abde9f2c0887f795fe4c2e7d6f705d077ac9a8a819518e6d,source_tree_sha256,030d6bb049591fda35c4e54df090bbc50eb1e12d8482c28cc71dffec7cef6fa0
2022-04-26,0,action_11,1004,1292,1004,500,2.008,True,2022-04-26__group_00,exp3-full-20260807T072340Z,full,False,primary,exp3,2eebb3dfafa708ac36ff5b5fb2d215b77f5189e37ae94ea9afe8470831770580,e0c1288a22ea2cf3abde9f2c0887f795fe4c2e7d6f705d077ac9a8a819518e6d,source_tree_sha256,030d6bb049591fda35c4e54df090bbc50eb1e12d8482c28cc71dffec7cef6fa0
2022-04-26,0,action_12,586,976,586,500,1.172,True,2022-04-26__group_00,exp3-full-20260807T072340Z,full,False,primary,exp3,2eebb3dfafa708ac36ff5b5fb2d215b77f5189e37ae94ea9afe8470831770580,e0c1288a22ea2cf3abde9f2c0887f795fe4c2e7d6f705d077ac9a8a819518e6d,source_tree_sha256,030d6bb049591fda35c4e54df090bbc50eb1e12d8482c28cc71dffec7cef6fa0
2022-04-26,0,action_13,595,849,595,500,1.19,True,2022-04-26__group_00,exp3-full-20260807T072340Z,full,False,primary,exp3,2eebb3dfafa708ac36ff5b5fb2d215b77f5189e37ae94ea9afe8470831770580,e0c1288a22ea2cf3abde9f2c0887f795fe4c2e7d6f705d077ac9a8a819518e6d,source_tree_sha256,030d6bb049591fda35c4e54df090bbc50eb1e12d8482c28cc71dffec7cef6fa0
2022-04-26,0,action_14,590,755,590,500,1.18,True,2022-04-26__group_00,exp3-full-20260807T072340Z,full,False,primary,exp3,2eebb3dfafa708ac36ff5b5fb2d215b77f5189e37ae94ea9afe8470831770580,e0c1288a22ea2cf3abde9f2c0887f795fe4c2e7d6f705d077ac9a8a819518e6d,source_tree_sha256,030d6bb049591fda35c4e54df090bbc50eb1e12d8482c28cc71dffec7cef6fa0
2022-04-26,0,action_15,1046,1067,1046,500,2.092,True,2022-04-26__group_00,exp3-full-20260807T072340Z,full,False,primary,exp3,2eebb3dfafa708ac36ff5b5fb2d215b77f5189e37ae94ea9afe8470831770580,e0c1288a22ea2cf3abde9f2c0887f795fe4c2e7d6f705d077ac9a8a819518e6d,source_tree_sha256,030d6bb049591fda35c4e54df090bbc50eb1e12d8482c28cc71dffec7cef6fa0
2022-04-26,0,action_16,707,764,707,500,1.414,True,2022-04-26__group_00,exp3-full-20260807T072340Z,full,False,primary,exp3,2eebb3dfafa708ac36ff5b5fb2d215b77f5189e37ae94ea9afe8470831770580,e0c1288a22ea2cf3abde9f2c0887f795fe4c2e7d6f705d077ac9a8a819518e6d,source_tree_sha256,030d6bb049591fda35c4e54df090bbc50eb1e12d8482c28cc71dffec7cef6fa0
2022-04-26,0,action_17,1302,842,842,500,1.684,True,2022-04-26__group_00,exp3-full-20260807T072340Z,full,False,primary,exp3,2eebb3dfafa708ac36ff5b5fb2d215b77f5189e37ae94ea9afe8470831770580,e0c1288a22ea2cf3abde9f2c0887f795fe4c2e7d6f705d077ac9a8a819518e6d,source_tree_sha256,030d6bb049591fda35c4e54df090bbc50eb1e12d8482c28cc71dffec7cef6fa0
2022-04-26,0,action_18,588,619,588,500,1.176,True,2022-04-26__group_00,exp3-full-20260807T072340Z,full,False,primary,exp3,2eebb3dfafa708ac36ff5b5fb2d215b77f5189e37ae94ea9afe8470831770580,e0c1288a22ea2cf3abde9f2c0887f795fe4c2e7d6f705d077ac9a8a819518e6d,source_tree_sha256,030d6bb049591fda35c4e54df090bbc50eb1e12d8482c28cc71dffec7cef6fa0
2022-04-26,0,action_19,457,703,457,500,0.914,False,2022-04-26__group_00,exp3-full-20260807T072340Z,full,False,primary,exp3,2eebb3dfafa708ac36ff5b5fb2d215b77f5189e37ae94ea9afe8470831770580,e0c1288a22ea2cf3abde9f2c0887f795fe4c2e7d6f705d077ac9a8a819518e6d,source_tree_sha256,030d6bb049591fda35c4e54df090bbc50eb1e12d8482c28cc71dffec7cef6fa0
2022-04-26,0,action_20,394,537,394,500,0.788,False,2022-04-26__group_00,exp3-full-20260807T072340Z,full,False,primary,exp3,2eebb3dfafa708ac36ff5b5fb2d215b77f5189e37ae94ea9afe8470831770580,e0c1288a22ea2cf3abde9f2c0887f795fe4c2e7d6f705d077ac9a8a819518e6d,source_tree_sha256,030d6bb049591fda35c4e54df090bbc50eb1e12d8482c28cc71dffec7cef6fa0
2022-04-26,1,action_01,5604,4716,4716,500,9.432,True,2022-04-26__group_01,exp3-full-20260807T072340Z,full,False,primary,exp3,2eebb3dfafa708ac36ff5b5fb2d215b77f5189e37ae94ea9afe8470831770580,e0c1288a22ea2cf3abde9f2c0887f795fe4c2e7d6f705d077ac9a8a819518e6d,source_tree_sha256,030d6bb049591fda35c4e54df090bbc50eb1e12d8482c28cc71dffec7cef6fa0
2022-04-26,1,action_02,3051,2429,2429,500,4.858,True,2022-04-26__group_01,exp3-full-20260807T072340Z,full,False,primary,exp3,2eebb3dfafa708ac36ff5b5fb2d215b77f5189e37ae94ea9afe8470831770580,e0c1288a22ea2cf3abde9f2c0887f795fe4c2e7d6f705d077ac9a8a819518e6d,source_tree_sha256,030d6bb049591fda35c4e54df090bbc50eb1e12d8482c28cc71dffec7cef6fa0
2022-04-26,1,action_03,2469,1922,1922,500,3.844,True,2022-04-26__group_01,exp3-full-20260807T072340Z,full,False,primary,exp3,2eebb3dfafa708ac36ff5b5fb2d215b77f5189e37ae94ea9afe8470831770580,e0c1288a22ea2cf3abde9f2c0887f795fe4c2e7d6f705d077ac9a8a819518e6d,source_tree_sha256,030d6bb049591fda35c4e54df090bbc50eb1e12d8482c28cc71dffec7cef6fa0
2022-04-26,1,action_04,4613,1953,1953,500,3.906,True,2022-04-26__group_01,exp3-full-20260807T072340Z,full,False,primary,exp3,2eebb3dfafa708ac36ff5b5fb2d215b77f5189e37ae94ea9afe8470831770580,e0c1288a22ea2cf3abde9f2c0887f795fe4c2e7d6f705d077ac9a8a819518e6d,source_tree_sha256,030d6bb049591fda35c4e54df090bbc50eb1e12d8482c28cc71dffec7cef6fa0
2022-04-26,1,action_05,1667,1932,1667,500,3.334,True,2022-04-26__group_01,exp3-full-20260807T072340Z,full,False,primary,exp3,2eebb3dfafa708ac36ff5b5fb2d215b77f5189e37ae94ea9afe8470831770580,e0c1288a22ea2cf3abde9f2c0887f795fe4c2e7d6f705d077ac9a8a819518e6d,source_tree_sha256,030d6bb049591fda35c4e54df090bbc50eb1e12d8482c28cc71dffec7cef6fa0
2022-04-26,1,action_06,767,1183,767,500,1.534,True,2022-04-26__group_01,exp3-full-20260807T072340Z,full,False,primary,exp3,2eebb3dfafa708ac36ff5b5fb2d215b77f5189e37ae94ea9afe8470831770580,e0c1288a22ea2cf3abde9f2c0887f795fe4c2e7d6f705d077ac9a8a819518e6d,source_tree_sha256,030d6bb049591fda35c4e54df090bbc50eb1e12d8482c28cc71dffec7cef6fa0
2022-04-26,1,action_07,1826,1470,1470,500,2.94,True,2022-04-26__group_01,exp3-full-20260807T072340Z,full,False,primary,exp3,2eebb3dfafa708ac36ff5b5fb2d215b77f5189e37ae94ea9afe8470831770580,e0c1288a22ea2cf3abde9f2c0887f795fe4c2e7d6f705d077ac9a8a819518e6d,source_tree_sha256,030d6bb049591fda35c4e54df090bbc50eb1e12d8482c28cc71dffec7cef6fa0
2022-04-26,1,action_08,1652,1359,1359,500,2.718,True,2022-04-26__group_01,exp3-full-20260807T072340Z,full,False,primary,exp3,2eebb3dfafa708ac36ff5b5fb2d215b77f5189e37ae94ea9afe8470831770580,e0c1288a22ea2cf3abde9f2c0887f795fe4c2e7d6f705d077ac9a8a819518e6d,source_tree_sha256,030d6bb049591fda35c4e54df090bbc50eb1e12d8482c28cc71dffec7cef6fa0
2022-04-26,1,action_09,1119,1166,1119,500,2.238,True,2022-04-26__group_01,exp3-full-20260807T072340Z,full,False,primary,exp3,2eebb3dfafa708ac36ff5b5fb2d215b77f5189e37ae94ea9afe8470831770580,e0c1288a22ea2cf3abde9f2c0887f795fe4c2e7d6f705d077ac9a8a819518e6d,source_tree_sha256,030d6bb049591fda35c4e54df090bbc50eb1e12d8482c28cc71dffec7cef6fa0
2022-04-26,1,action_10,2031,889,889,500,1.778,True,2022-04-26__group_01,exp3-full-20260807T072340Z,full,False,primary,exp3,2eebb3dfafa708ac36ff5b5fb2d215b77f5189e37ae94ea9afe8470831770580,e0c1288a22ea2cf3abde9f2c0887f795fe4c2e7d6f705d077ac9a8a819518e6d,source_tree_sha256,030d6bb049591fda35c4e54df090bbc50eb1e12d8482c28cc71dffec7cef6fa0
2022-04-26,1,action_11,751,853,751,500,1.502,True,2022-04-26__group_01,exp3-full-20260807T072340Z,full,False,primary,exp3,2eebb3dfafa708ac36ff5b5fb2d215b77f5189e37ae94ea9afe8470831770580,e0c1288a22ea2cf3abde9f2c0887f795fe4c2e7d6f705d077ac9a8a819518e6d,source_tree_sha256,030d6bb049591fda35c4e54df090bbc50eb1e12d8482c28cc71dffec7cef6fa0
2022-04-26,1,action_12,742,538,538,500,1.076,True,2022-04-26__group_01,exp3-full-20260807T072340Z,full,False,primary,exp3,2eebb3dfafa708ac36ff5b5fb2d215b77f5189e37ae94ea9afe8470831770580,e0c1288a22ea2cf3abde9f2c0887f795fe4c2e7d6f705d077ac9a8a819518e6d,source_tree_sha256,030d6bb049591fda35c4e54df090bbc50eb1e12d8482c28cc71dffec7cef6fa0
2022-04-26,1,action_13,780,645,645,500,1.29,True,2022-04-26__group_01,exp3-full-20260807T072340Z,full,False,primary,exp3,2eebb3dfafa708ac36ff5b5fb2d215b77f5189e37ae94ea9afe8470831770580,e0c1288a22ea2cf3abde9f2c0887f795fe4c2e7d6f705d077ac9a8a819518e6d,source_tree_sha256,030d6bb049591fda35c4e54df090bbc50eb1e12d8482c28cc71dffec7cef6fa0
2022-04-26,1,action_14,662,1050,662,500,1.324,True,2022-04-26__group_01,exp3-full-20260807T072340Z,full,False,primary,exp3,2eebb3dfafa708ac36ff5b5fb2d215b77f5189e37ae94ea9afe8470831770580,e0c1288a22ea2cf3abde9f2c0887f795fe4c2e7d6f705d077ac9a8a819518e6d,source_tree_sha256,030d6bb049591fda35c4e54df090bbc50eb1e12d8482c28cc71dffec7cef6fa0
2022-04-26,1,action_15,931,946,931,500,1.862,True,2022-04-26__group_01,exp3-full-20260807T072340Z,full,False,primary,exp3,2eebb3dfafa708ac36ff5b5fb2d215b77f5189e37ae94ea9afe8470831770580,e0c1288a22ea2cf3abde9f2c0887f795fe4c2e7d6f705d077ac9a8a819518e6d,source_tree_sha256,030d6bb049591fda35c4e54df090bbc50eb1e12d8482c28cc71dffec7cef6fa0
2022-04-26,1,action_16,763,843,763,500,1.526,True,2022-04-26__group_01,exp3-full-20260807T072340Z,full,False,primary,exp3,2eebb3dfafa708ac36ff5b5fb2d215b77f5189e37ae94ea9afe8470831770580,e0c1288a22ea2cf3abde9f2c0887f795fe4c2e7d6f705d077ac9a8a819518e6d,source_tree_sha256,030d6bb049591fda35c4e54df090bbc50eb1e12d8482c28cc71dffec7cef6fa0
2022-04-26,1,action_17,934,946,934,500,1.868,True,2022-04-26__group_01,exp3-full-20260807T072340Z,full,False,primary,exp3,2eebb3dfafa708ac36ff5b5fb2d215b77f5189e37ae94ea9afe8470831770580,e0c1288a22ea2cf3abde9f2c0887f795fe4c2e7d6f705d077ac9a8a819518e6d,source_tree_sha256,030d6bb049591fda35c4e54df090bbc50eb1e12d8482c28cc71dffec7cef6fa0
2022-04-26,1,action_18,1388,506,506,500,1.012,True,2022-04-26__group_01,exp3-full-20260807T072340Z,full,False,primary,exp3,2eebb3dfafa708ac36ff5b5fb2d215b77f5189e37ae94ea9afe8470831770580,e0c1288a22ea2cf3abde9f2c0887f795fe4c2e7d6f705d077ac9a8a819518e6d,source_tree_sha256,030d6bb049591fda35c4e54df090bbc50eb1e12d8482c28cc71dffec7cef6fa0
2022-04-26,1,action_19,784,548,548,500,1.096,True,2022-04-26__group_01,exp3-full-20260807T072340Z,full,False,primary,exp3,2eebb3dfafa708ac36ff5b5fb2d215b77f5189e37ae94ea9afe8470831770580,e0c1288a22ea2cf3abde9f2c0887f795fe4c2e7d6f705d077ac9a8a819518e6d,source_tree_sha256,030d6bb049591fda35c4e54df090bbc50eb1e12d8482c28cc71dffec7cef6fa0
2022-04-26,1,action_20,828,604,604,500,1.208,True,2022-04-26__group_01,exp3-full-20260807T072340Z,full,False,primary,exp3,2eebb3dfafa708ac36ff5b5fb2d215b77f5189e37ae94ea9afe8470831770580,e0c1288a22ea2cf3abde9f2c0887f795fe4c2e7d6f705d077ac9a8a819518e6d,source_tree_sha256,030d6bb049591fda35c4e54df090bbc50eb1e12d8482c28cc71dffec7cef6fa0
2022-04-26,2,action_01,5134,4555,4555,500,9.11,True,2022-04-26__group_02,exp3-full-20260807T072340Z,full,False,primary,exp3,2eebb3dfafa708ac36ff5b5fb2d215b77f5189e37ae94ea9afe8470831770580,e0c1288a22ea2cf3abde9f2c0887f795fe4c2e7d6f705d077ac9a8a819518e6d,source_tree_sha256,030d6bb049591fda35c4e54df090bbc50eb1e12d8482c28cc71dffec7cef6fa0
2022-04-26,2,action_02,3366,2886,2886,500,5.772,True,2022-04-26__group_02,exp3-full-20260807T072340Z,full,False,primary,exp3,2eebb3dfafa708ac36ff5b5fb2d215b77f5189e37ae94ea9afe8470831770580,e0c1288a22ea2cf3abde9f2c0887f795fe4c2e7d6f705d077ac9a8a819518e6d,source_tree_sha256,030d6bb049591fda35c4e54df090bbc50eb1e12d8482c28cc71dffec7cef6fa0
2022-04-26,2,action_03,2409,2023,2023,500,4.046,True,2022-04-26__group_02,exp3-full-20260807T072340Z,full,False,primary,exp3,2eebb3dfafa708ac36ff5b5fb2d215b77f5189e37ae94ea9afe8470831770580,e0c1288a22ea2cf3abde9f2c0887f795fe4c2e7d6f705d077ac9a8a819518e6d,source_tree_sha256,030d6bb049591fda35c4e54df090bbc50eb1e12d8482c28cc71dffec7cef6fa0
2022-04-26,2,action_04,2504,1403,1403,500,2.806,True,2022-04-26__group_02,exp3-full-20260807T072340Z,full,False,primary,exp3,2eebb3dfafa708ac36ff5b5fb2d215b77f5189e37ae94ea9afe8470831770580,e0c1288a22ea2cf3abde9f2c0887f795fe4c2e7d6f705d077ac9a8a819518e6d,source_tree_sha256,030d6bb049591fda35c4e54df090bbc50eb1e12d8482c28cc71dffec7cef6fa0
2022-04-26,2,action_05,2097,1012,1012,500,2.024,True,2022-04-26__group_02,exp3-full-20260807T072340Z,full,False,primary,exp3,2eebb3dfafa708ac36ff5b5fb2d215b77f5189e37ae94ea9afe8470831770580,e0c1288a22ea2cf3abde9f2c0887f795fe4c2e7d6f705d077ac9a8a819518e6d,source_tree_sha256,030d6bb049591fda35c4e54df090bbc50eb1e12d8482c28cc71dffec7cef6fa0
2022-04-26,2,action_06,1743,1356,1356,500,2.712,True,2022-04-26__group_02,exp3-full-20260807T072340Z,full,False,primary,exp3,2eebb3dfafa708ac36ff5b5fb2d215b77f5189e37ae94ea9afe8470831770580,e0c1288a22ea2cf3abde9f2c0887f795fe4c2e7d6f705d077ac9a8a819518e6d,source_tree_sha256,030d6bb049591fda35c4e54df090bbc50eb1e12d8482c28cc71dffec7cef6fa0
2022-04-26,2,action_07,1920,1311,1311,500,2.622,True,2022-04-26__group_02,exp3-full-20260807T072340Z,full,False,primary,exp3,2eebb3dfafa708ac36ff5b5fb2d215b77f5189e37ae94ea9afe8470831770580,e0c1288a22ea2cf3abde9f2c0887f795fe4c2e7d6f705d077ac9a8a819518e6d,source_tree_sha256,030d6bb049591fda35c4e54df090bbc50eb1e12d8482c28cc71dffec7cef6fa0
2022-04-26,2,action_08,1737,1685,1685,500,3.37,True,2022-04-26__group_02,exp3-full-20260807T072340Z,full,False,primary,exp3,2eebb3dfafa708ac36ff5b5fb2d215b77f5189e37ae94ea9afe8470831770580,e0c1288a22ea2cf3abde9f2c0887f795fe4c2e7d6f705d077ac9a8a819518e6d,source_tree_sha256,030d6bb049591fda35c4e54df090bbc50eb1e12d8482c28cc71dffec7cef6fa0
2022-04-26,2,action_09,1753,671,671,500,1.342,True,2022-04-26__group_02,exp3-full-20260807T072340Z,full,False,primary,exp3,2eebb3dfafa708ac36ff5b5fb2d215b77f5189e37ae94ea9afe8470831770580,e0c1288a22ea2cf3abde9f2c0887f795fe4c2e7d6f705d077ac9a8a819518e6d,source_tree_sha256,030d6bb049591fda35c4e54df090bbc50eb1e12d8482c28cc71dffec7cef6fa0
2022-04-26,2,action_10,1061,955,955,500,1.91,True,2022-04-26__group_02,exp3-full-20260807T072340Z,full,False,primary,exp3,2eebb3dfafa708ac36ff5b5fb2d215b77f5189e37ae94ea9afe8470831770580,e0c1288a22ea2cf3abde9f2c0887f795fe4c2e7d6f705d077ac9a8a819518e6d,source_tree_sha256,030d6bb049591fda35c4e54df090bbc50eb1e12d8482c28cc71dffec7cef6fa0
2022-04-26,2,action_11,1224,572,572,500,1.144,True,2022-04-26__group_02,exp3-full-20260807T072340Z,full,False,primary,exp3,2eebb3dfafa708ac36ff5b5fb2d215b77f5189e37ae94ea9afe8470831770580,e0c1288a22ea2cf3abde9f2c0887f795fe4c2e7d6f705d077ac9a8a819518e6d,source_tree_sha256,030d6bb049591fda35c4e54df090bbc50eb1e12d8482c28cc71dffec7cef6fa0
2022-04-26,2,action_12,842,651,651,500,1.302,True,2022-04-26__group_02,exp3-full-20260807T072340Z,full,False,primary,exp3,2eebb3dfafa708ac36ff5b5fb2d215b77f5189e37ae94ea9afe8470831770580,e0c1288a22ea2cf3abde9f2c0887f795fe4c2e7d6f705d077ac9a8a819518e6d,source_tree_sha256,030d6bb049591fda35c4e54df090bbc50eb1e12d8482c28cc71dffec7cef6fa0
2022-04-26,2,action_13,908,804,804,500,1.608,True,2022-04-26__group_02,exp3-full-20260807T072340Z,full,False,primary,exp3,2eebb3dfafa708ac36ff5b5fb2d215b77f5189e37ae94ea9afe8470831770580,e0c1288a22ea2cf3abde9f2c0887f795fe4c2e7d6f705d077ac9a8a819518e6d,source_tree_sha256,030d6bb049591fda35c4e54df090bbc50eb1e12d8482c28cc71dffec7cef6fa0
2022-04-26,2,action_14,752,688,688,500,1.376,True,2022-04-26__group_02,exp3-full-20260807T072340Z,full,False,primary,exp3,2eebb3dfafa708ac36ff5b5fb2d215b77f5189e37ae94ea9afe8470831770580,e0c1288a22ea2cf3abde9f2c0887f795fe4c2e7d6f705d077ac9a8a819518e6d,source_tree_sha256,030d6bb049591fda35c4e54df090bbc50eb1e12d8482c28cc71dffec7cef6fa0
2022-04-26,2,action_15,1018,727,727,500,1.454,True,2022-04-26__group_02,exp3-full-20260807T072340Z,full,False,primary,exp3,2eebb3dfafa708ac36ff5b5fb2d215b77f5189e37ae94ea9afe8470831770580,e0c1288a22ea2cf3abde9f2c0887f795fe4c2e7d6f705d077ac9a8a819518e6d,source_tree_sha256,030d6bb049591fda35c4e54df090bbc50eb1e12d8482c28cc71dffec7cef6fa0
2022-04-26,2,action_16,792,649,649,500,1.298,True,2022-04-26__group_02,exp3-full-20260807T072340Z,full,False,primary,exp3,2eebb3dfafa708ac36ff5b5fb2d215b77f5189e37ae94ea9afe8470831770580,e0c1288a22ea2cf3abde9f2c0887f795fe4c2e7d6f705d077ac9a8a819518e6d,source_tree_sha256,030d6bb049591fda35c4e54df090bbc50eb1e12d8482c28cc71dffec7cef6fa0
2022-04-26,2,action_17,1049,443,443,500,0.886,False,2022-04-26__group_02,exp3-full-20260807T072340Z,full,False,primary,exp3,2eebb3dfafa708ac36ff5b5fb2d215b77f5189e37ae94ea9afe8470831770580,e0c1288a22ea2cf3abde9f2c0887f795fe4c2e7d6f705d077ac9a8a819518e6d,source_tree_sha256,030d6bb049591fda35c4e54df090bbc50eb1e12d8482c28cc71dffec7cef6fa0
2022-04-26,2,action_18,599,410,410,500,0.82,False,2022-04-26__group_02,exp3-full-20260807T072340Z,full,False,primary,exp3,2eebb3dfafa708ac36ff5b5fb2d215b77f5189e37ae94ea9afe8470831770580,e0c1288a22ea2cf3abde9f2c0887f795fe4c2e7d6f705d077ac9a8a819518e6d,source_tree_sha256,030d6bb049591fda35c4e54df090bbc50eb1e12d8482c28cc71dffec7cef6fa0
2022-04-26,2,action_19,789,498,498,500,0.996,False,2022-04-26__group_02,exp3-full-20260807T072340Z,full,False,primary,exp3,2eebb3dfafa708ac36ff5b5fb2d215b77f5189e37ae94ea9afe8470831770580,e0c1288a22ea2cf3abde9f2c0887f795fe4c2e7d6f705d077ac9a8a819518e6d,source_tree_sha256,030d6bb049591fda35c4e54df090bbc50eb1e12d8482c28cc71dffec7cef6fa0
2022-04-26,2,action_20,597,321,321,500,0.642,False,2022-04-26__group_02,exp3-full-20260807T072340Z,full,False,primary,exp3,2eebb3dfafa708ac36ff5b5fb2d215b77f5189e37ae94ea9afe8470831770580,e0c1288a22ea2cf3abde9f2c0887f795fe4c2e7d6f705d077ac9a8a819518e6d,source_tree_sha256,030d6bb049591fda35c4e54df090bbc50eb1e12d8482c28cc71dffec7cef6fa0
2022-04-26,3,action_01,3951,3885,3885,500,7.77,True,2022-04-26__group_03,exp3-full-20260807T072340Z,full,False,primary,exp3,2eebb3dfafa708ac36ff5b5fb2d215b77f5189e37ae94ea9afe8470831770580,e0c1288a22ea2cf3abde9f2c0887f795fe4c2e7d6f705d077ac9a8a819518e6d,source_tree_sha256,030d6bb049591fda35c4e54df090bbc50eb1e12d8482c28cc71dffec7cef6fa0
2022-04-26,3,action_02,2921,2554,2554,500,5.108,True,2022-04-26__group_03,exp3-full-20260807T072340Z,full,False,primary,exp3,2eebb3dfafa708ac36ff5b5fb2d215b77f5189e37ae94ea9afe8470831770580,e0c1288a22ea2cf3abde9f2c0887f795fe4c2e7d6f705d077ac9a8a819518e6d,source_tree_sha256,030d6bb049591fda35c4e54df090bbc50eb1e12d8482c28cc71dffec7cef6fa0
2022-04-26,3,action_03,2030,1785,1785,500,3.57,True,2022-04-26__group_03,exp3-full-20260807T072340Z,full,False,primary,exp3,2eebb3dfafa708ac36ff5b5fb2d215b77f5189e37ae94ea9afe8470831770580,e0c1288a22ea2cf3abde9f2c0887f795fe4c2e7d6f705d077ac9a8a819518e6d,source_tree_sha256,030d6bb049591fda35c4e54df090bbc50eb1e12d8482c28cc71dffec7cef6fa0
2022-04-26,3,action_04,1847,1572,1572,500,3.144,True,2022-04-26__group_03,exp3-full-20260807T072340Z,full,False,primary,exp3,2eebb3dfafa708ac36ff5b5fb2d215b77f5189e37ae94ea9afe8470831770580,e0c1288a22ea2cf3abde9f2c0887f795fe4c2e7d6f705d077ac9a8a819518e6d,source_tree_sha256,030d6bb049591fda35c4e54df090bbc50eb1e12d8482c28cc71dffec7cef6fa0
2022-04-26,3,action_05,1780,1340,1340,500,2.68,True,2022-04-26__group_03,exp3-full-20260807T072340Z,full,False,primary,exp3,2eebb3dfafa708ac36ff5b5fb2d215b77f5189e37ae94ea9afe8470831770580,e0c1288a22ea2cf3abde9f2c0887f795fe4c2e7d6f705d077ac9a8a819518e6d,source_tree_sha256,030d6bb049591fda35c4e54df090bbc50eb1e12d8482c28cc71dffec7cef6fa0
2022-04-26,3,action_06,1647,1379,1379,500,2.758,True,2022-04-26__group_03,exp3-full-20260807T072340Z,full,False,primary,exp3,2eebb3dfafa708ac36ff5b5fb2d215b77f5189e37ae94ea9afe8470831770580,e0c1288a22ea2cf3abde9f2c0887f795fe4c2e7d6f705d077ac9a8a819518e6d,source_tree_sha256,030d6bb049591fda35c4e54df090bbc50eb1e12d8482c28cc71dffec7cef6fa0
2022-04-26,3,action_07,1622,1426,1426,500,2.852,True,2022-04-26__group_03,exp3-full-20260807T072340Z,full,False,primary,exp3,2eebb3dfafa708ac36ff5b5fb2d215b77f5189e37ae94ea9afe8470831770580,e0c1288a22ea2cf3abde9f2c0887f795fe4c2e7d6f705d077ac9a8a819518e6d,source_tree_sha256,030d6bb049591fda35c4e54df090bbc50eb1e12d8482c28cc71dffec7cef6fa0
2022-04-26,3,action_08,1277,1313,1277,500,2.554,True,2022-04-26__group_03,exp3-full-20260807T072340Z,full,False,primary,exp3,2eebb3dfafa708ac36ff5b5fb2d215b77f5189e37ae94ea9afe8470831770580,e0c1288a22ea2cf3abde9f2c0887f795fe4c2e7d6f705d077ac9a8a819518e6d,source_tree_sha256,030d6bb049591fda35c4e54df090bbc50eb1e12d8482c28cc71dffec7cef6fa0
2022-04-26,3,action_09,780,882,780,500,1.56,True,2022-04-26__group_03,exp3-full-20260807T072340Z,full,False,primary,exp3,2eebb3dfafa708ac36ff5b5fb2d215b77f5189e37ae94ea9afe8470831770580,e0c1288a22ea2cf3abde9f2c0887f795fe4c2e7d6f705d077ac9a8a819518e6d,source_tree_sha256,030d6bb049591fda35c4e54df090bbc50eb1e12d8482c28cc71dffec7cef6fa0
2022-04-26,3,action_10,932,558,558,500,1.116,True,2022-04-26__group_03,exp3-full-20260807T072340Z,full,False,primary,exp3,2eebb3dfafa708ac36ff5b5fb2d215b77f5189e37ae94ea9afe8470831770580,e0c1288a22ea2cf3abde9f2c0887f795fe4c2e7d6f705d077ac9a8a819518e6d,source_tree_sha256,030d6bb049591fda35c4e54df090bbc50eb1e12d8482c28cc71dffec7cef6fa0
2022-04-26,3,action_11,554,588,554,500,1.108,True,2022-04-26__group_03,exp3-full-20260807T072340Z,full,False,primary,exp3,2eebb3dfafa708ac36ff5b5fb2d215b77f5189e37ae94ea9afe8470831770580,e0c1288a22ea2cf3abde9f2c0887f795fe4c2e7d6f705d077ac9a8a819518e6d,source_tree_sha256,030d6bb049591fda35c4e54df090bbc50eb1e12d8482c28cc71dffec7cef6fa0
2022-04-26,3,action_12,575,493,493,500,0.986,False,2022-04-26__group_03,exp3-full-20260807T072340Z,full,False,primary,exp3,2eebb3dfafa708ac36ff5b5fb2d215b77f5189e37ae94ea9afe8470831770580,e0c1288a22ea2cf3abde9f2c0887f795fe4c2e7d6f705d077ac9a8a819518e6d,source_tree_sha256,030d6bb049591fda35c4e54df090bbc50eb1e12d8482c28cc71dffec7cef6fa0
2022-04-26,3,action_13,872,960,872,500,1.744,True,2022-04-26__group_03,exp3-full-20260807T072340Z,full,False,primary,exp3,2eebb3dfafa708ac36ff5b5fb2d215b77f5189e37ae94ea9afe8470831770580,e0c1288a22ea2cf3abde9f2c0887f795fe4c2e7d6f705d077ac9a8a819518e6d,source_tree_sha256,030d6bb049591fda35c4e54df090bbc50eb1e12d8482c28cc71dffec7cef6fa0
2022-04-26,3,action_14,825,623,623,500,1.246,True,2022-04-26__group_03,exp3-full-20260807T072340Z,full,False,primary,exp3,2eebb3dfafa708ac36ff5b5fb2d215b77f5189e37ae94ea9afe8470831770580,e0c1288a22ea2cf3abde9f2c0887f795fe4c2e7d6f705d077ac9a8a819518e6d,source_tree_sha256,030d6bb049591fda35c4e54df090bbc50eb1e12d8482c28cc71dffec7cef6fa0
2022-04-26,3,action_15,656,580,580,500,1.16,True,2022-04-26__group_03,exp3-full-20260807T072340Z,full,False,primary,exp3,2eebb3dfafa708ac36ff5b5fb2d215b77f5189e37ae94ea9afe8470831770580,e0c1288a22ea2cf3abde9f2c0887f795fe4c2e7d6f705d077ac9a8a819518e6d,source_tree_sha256,030d6bb049591fda35c4e54df090bbc50eb1e12d8482c28cc71dffec7cef6fa0
2022-04-26,3,action_16,681,501,501,500,1.002,True,2022-04-26__group_03,exp3-full-20260807T072340Z,full,False,primary,exp3,2eebb3dfafa708ac36ff5b5fb2d215b77f5189e37ae94ea9afe8470831770580,e0c1288a22ea2cf3abde9f2c0887f795fe4c2e7d6f705d077ac9a8a819518e6d,source_tree_sha256,030d6bb049591fda35c4e54df090bbc50eb1e12d8482c28cc71dffec7cef6fa0
2022-04-26,3,action_17,821,705,705,500,1.41,True,2022-04-26__group_03,exp3-full-20260807T072340Z,full,False,primary,exp3,2eebb3dfafa708ac36ff5b5fb2d215b77f5189e37ae94ea9afe8470831770580,e0c1288a22ea2cf3abde9f2c0887f795fe4c2e7d6f705d077ac9a8a819518e6d,source_tree_sha256,030d6bb049591fda35c4e54df090bbc50eb1e12d8482c28cc71dffec7cef6fa0
2022-04-26,3,action_18,439,536,439,500,0.878,False,2022-04-26__group_03,exp3-full-20260807T072340Z,full,False,primary,exp3,2eebb3dfafa708ac36ff5b5fb2d215b77f5189e37ae94ea9afe8470831770580,e0c1288a22ea2cf3abde9f2c0887f795fe4c2e7d6f705d077ac9a8a819518e6d,source_tree_sha256,030d6bb049591fda35c4e54df090bbc50eb1e12d8482c28cc71dffec7cef6fa0
2022-04-26,3,action_19,548,480,480,500,0.96,False,2022-04-26__group_03,exp3-full-20260807T072340Z,full,False,primary,exp3,2eebb3dfafa708ac36ff5b5fb2d215b77f5189e37ae94ea9afe8470831770580,e0c1288a22ea2cf3abde9f2c0887f795fe4c2e7d6f705d077ac9a8a819518e6d,source_tree_sha256,030d6bb049591fda35c4e54df090bbc50eb1e12d8482c28cc71dffec7cef6fa0
2022-04-26,3,action_20,595,614,595,500,1.19,True,2022-04-26__group_03,exp3-full-20260807T072340Z,full,False,primary,exp3,2eebb3dfafa708ac36ff5b5fb2d215b77f5189e37ae94ea9afe8470831770580,e0c1288a22ea2cf3abde9f2c0887f795fe4c2e7d6f705d077ac9a8a819518e6d,source_tree_sha256,030d6bb049591fda35c4e54df090bbc50eb1e12d8482c28cc71dffec7cef6fa0
2022-04-26,4,action_01,4482,4860,4482,500,8.964,True,2022-04-26__group_04,exp3-full-20260807T072340Z,full,False,primary,exp3,2eebb3dfafa708ac36ff5b5fb2d215b77f5189e37ae94ea9afe8470831770580,e0c1288a22ea2cf3abde9f2c0887f795fe4c2e7d6f705d077ac9a8a819518e6d,source_tree_sha256,030d6bb049591fda35c4e54df090bbc50eb1e12d8482c28cc71dffec7cef6fa0
2022-04-26,4,action_02,3718,2509,2509,500,5.018,True,2022-04-26__group_04,exp3-full-20260807T072340Z,full,False,primary,exp3,2eebb3dfafa708ac36ff5b5fb2d215b77f5189e37ae94ea9afe8470831770580,e0c1288a22ea2cf3abde9f2c0887f795fe4c2e7d6f705d077ac9a8a819518e6d,source_tree_sha256,030d6bb049591fda35c4e54df090bbc50eb1e12d8482c28cc71dffec7cef6fa0
2022-04-26,4,action_03,2500,1973,1973,500,3.946,True,2022-04-26__group_04,exp3-full-20260807T072340Z,full,False,primary,exp3,2eebb3dfafa708ac36ff5b5fb2d215b77f5189e37ae94ea9afe8470831770580,e0c1288a22ea2cf3abde9f2c0887f795fe4c2e7d6f705d077ac9a8a819518e6d,source_tree_sha256,030d6bb049591fda35c4e54df090bbc50eb1e12d8482c28cc71dffec7cef6fa0
2022-04-26,4,action_04,2271,2649,2271,500,4.542,True,2022-04-26__group_04,exp3-full-20260807T072340Z,full,False,primary,exp3,2eebb3dfafa708ac36ff5b5fb2d215b77f5189e37ae94ea9afe8470831770580,e0c1288a22ea2cf3abde9f2c0887f795fe4c2e7d6f705d077ac9a8a819518e6d,source_tree_sha256,030d6bb049591fda35c4e54df090bbc50eb1e12d8482c28cc71dffec7cef6fa0
2022-04-26,4,action_05,2050,1498,1498,500,2.996,True,2022-04-26__group_04,exp3-full-20260807T072340Z,full,False,primary,exp3,2eebb3dfafa708ac36ff5b5fb2d215b77f5189e37ae94ea9afe8470831770580,e0c1288a22ea2cf3abde9f2c0887f795fe4c2e7d6f705d077ac9a8a819518e6d,source_tree_sha256,030d6bb049591fda35c4e54df090bbc50eb1e12d8482c28cc71dffec7cef6fa0
2022-04-26,4,action_06,1612,1629,1612,500,3.224,True,2022-04-26__group_04,exp3-full-20260807T072340Z,full,False,primary,exp3,2eebb3dfafa708ac36ff5b5fb2d215b77f5189e37ae94ea9afe8470831770580,e0c1288a22ea2cf3abde9f2c0887f795fe4c2e7d6f705d077ac9a8a819518e6d,source_tree_sha256,030d6bb049591fda35c4e54df090bbc50eb1e12d8482c28cc71dffec7cef6fa0
2022-04-26,4,action_07,1810,1472,1472,500,2.944,True,2022-04-26__group_04,exp3-full-20260807T072340Z,full,False,primary,exp3,2eebb3dfafa708ac36ff5b5fb2d215b77f5189e37ae94ea9afe8470831770580,e0c1288a22ea2cf3abde9f2c0887f795fe4c2e7d6f705d077ac9a8a819518e6d,source_tree_sha256,030d6bb049591fda35c4e54df090bbc50eb1e12d8482c28cc71dffec7cef6fa0
2022-04-26,4,action_08,1446,1059,1059,500,2.118,True,2022-04-26__group_04,exp3-full-20260807T072340Z,full,False,primary,exp3,2eebb3dfafa708ac36ff5b5fb2d215b77f5189e37ae94ea9afe8470831770580,e0c1288a22ea2cf3abde9f2c0887f795fe4c2e7d6f705d077ac9a8a819518e6d,source_tree_sha256,030d6bb049591fda35c4e54df090bbc50eb1e12d8482c28cc71dffec7cef6fa0
2022-04-26,4,action_09,1655,943,943,500,1.886,True,2022-04-26__group_04,exp3-full-20260807T072340Z,full,False,primary,exp3,2eebb3dfafa708ac36ff5b5fb2d215b77f5189e37ae94ea9afe8470831770580,e0c1288a22ea2cf3abde9f2c0887f795fe4c2e7d6f705d077ac9a8a819518e6d,source_tree_sha256,030d6bb049591fda35c4e54df090bbc50eb1e12d8482c28cc71dffec7cef6fa0
2022-04-26,4,action_10,1160,1173,1160,500,2.32,True,2022-04-26__group_04,exp3-full-20260807T072340Z,full,False,primary,exp3,2eebb3dfafa708ac36ff5b5fb2d215b77f5189e37ae94ea9afe8470831770580,e0c1288a22ea2cf3abde9f2c0887f795fe4c2e7d6f705d077ac9a8a819518e6d,source_tree_sha256,030d6bb049591fda35c4e54df090bbc50eb1e12d8482c28cc71dffec7cef6fa0
2022-04-26,4,action_11,963,758,758,500,1.516,True,2022-04-26__group_04,exp3-full-20260807T072340Z,full,False,primary,exp3,2eebb3dfafa708ac36ff5b5fb2d215b77f5189e37ae94ea9afe8470831770580,e0c1288a22ea2cf3abde9f2c0887f795fe4c2e7d6f705d077ac9a8a819518e6d,source_tree_sha256,030d6bb049591fda35c4e54df090bbc50eb1e12d8482c28cc71dffec7cef6fa0
2022-04-26,4,action_12,677,1202,677,500,1.354,True,2022-04-26__group_04,exp3-full-20260807T072340Z,full,False,primary,exp3,2eebb3dfafa708ac36ff5b5fb2d215b77f5189e37ae94ea9afe8470831770580,e0c1288a22ea2cf3abde9f2c0887f795fe4c2e7d6f705d077ac9a8a819518e6d,source_tree_sha256,030d6bb049591fda35c4e54df090bbc50eb1e12d8482c28cc71dffec7cef6fa0
2022-04-26,4,action_13,706,1013,706,500,1.412,True,2022-04-26__group_04,exp3-full-20260807T072340Z,full,False,primary,exp3,2eebb3dfafa708ac36ff5b5fb2d215b77f5189e37ae94ea9afe8470831770580,e0c1288a22ea2cf3abde9f2c0887f795fe4c2e7d6f705d077ac9a8a819518e6d,source_tree_sha256,030d6bb049591fda35c4e54df090bbc50eb1e12d8482c28cc71dffec7cef6fa0
2022-04-26,4,action_14,832,631,631,500,1.262,True,2022-04-26__group_04,exp3-full-20260807T072340Z,full,False,primary,exp3,2eebb3dfafa708ac36ff5b5fb2d215b77f5189e37ae94ea9afe8470831770580,e0c1288a22ea2cf3abde9f2c0887f795fe4c2e7d6f705d077ac9a8a819518e6d,source_tree_sha256,030d6bb049591fda35c4e54df090bbc50eb1e12d8482c28cc71dffec7cef6fa0
2022-04-26,4,action_15,963,739,739,500,1.478,True,2022-04-26__group_04,exp3-full-20260807T072340Z,full,False,primary,exp3,2eebb3dfafa708ac36ff5b5fb2d215b77f5189e37ae94ea9afe8470831770580,e0c1288a22ea2cf3abde9f2c0887f795fe4c2e7d6f705d077ac9a8a819518e6d,source_tree_sha256,030d6bb049591fda35c4e54df090bbc50eb1e12d8482c28cc71dffec7cef6fa0
2022-04-26,4,action_16,866,613,613,500,1.226,True,2022-04-26__group_04,exp3-full-20260807T072340Z,full,False,primary,exp3,2eebb3dfafa708ac36ff5b5fb2d215b77f5189e37ae94ea9afe8470831770580,e0c1288a22ea2cf3abde9f2c0887f795fe4c2e7d6f705d077ac9a8a819518e6d,source_tree_sha256,030d6bb049591fda35c4e54df090bbc50eb1e12d8482c28cc71dffec7cef6fa0
2022-04-26,4,action_17,1018,773,773,500,1.546,True,2022-04-26__group_04,exp3-full-20260807T072340Z,full,False,primary,exp3,2eebb3dfafa708ac36ff5b5fb2d215b77f5189e37ae94ea9afe8470831770580,e0c1288a22ea2cf3abde9f2c0887f795fe4c2e7d6f705d077ac9a8a819518e6d,source_tree_sha256,030d6bb049591fda35c4e54df090bbc50eb1e12d8482c28cc71dffec7cef6fa0
2022-04-26,4,action_18,828,643,643,500,1.286,True,2022-04-26__group_04,exp3-full-20260807T072340Z,full,False,primary,exp3,2eebb3dfafa708ac36ff5b5fb2d215b77f5189e37ae94ea9afe8470831770580,e0c1288a22ea2cf3abde9f2c0887f795fe4c2e7d6f705d077ac9a8a819518e6d,source_tree_sha256,030d6bb049591fda35c4e54df090bbc50eb1e12d8482c28cc71dffec7cef6fa0
2022-04-26,4,action_19,762,540,540,500,1.08,True,2022-04-26__group_04,exp3-full-20260807T072340Z,full,False,primary,exp3,2eebb3dfafa708ac36ff5b5fb2d215b77f5189e37ae94ea9afe8470831770580,e0c1288a22ea2cf3abde9f2c0887f795fe4c2e7d6f705d077ac9a8a819518e6d,source_tree_sha256,030d6bb049591fda35c4e54df090bbc50eb1e12d8482c28cc71dffec7cef6fa0
2022-04-26,4,action_20,663,439,439,500,0.878,False,2022-04-26__group_04,exp3-full-20260807T072340Z,full,False,primary,exp3,2eebb3dfafa708ac36ff5b5fb2d215b77f5189e37ae94ea9afe8470831770580,e0c1288a22ea2cf3abde9f2c0887f795fe4c2e7d6f705d077ac9a8a819518e6d,source_tree_sha256,030d6bb049591fda35c4e54df090bbc50eb1e12d8482c28cc71dffec7cef6fa0
2022-04-27,0,action_01,3801,4760,3801,500,7.602,True,2022-04-27__group_00,exp3-full-20260807T072340Z,full,False,primary,exp3,2eebb3dfafa708ac36ff5b5fb2d215b77f5189e37ae94ea9afe8470831770580,e0c1288a22ea2cf3abde9f2c0887f795fe4c2e7d6f705d077ac9a8a819518e6d,source_tree_sha256,030d6bb049591fda35c4e54df090bbc50eb1e12d8482c28cc71dffec7cef6fa0
2022-04-27,0,action_02,2381,2998,2381,500,4.762,True,2022-04-27__group_00,exp3-full-20260807T072340Z,full,False,primary,exp3,2eebb3dfafa708ac36ff5b5fb2d215b77f5189e37ae94ea9afe8470831770580,e0c1288a22ea2cf3abde9f2c0887f795fe4c2e7d6f705d077ac9a8a819518e6d,source_tree_sha256,030d6bb049591fda35c4e54df090bbc50eb1e12d8482c28cc71dffec7cef6fa0
2022-04-27,0,action_03,1852,2601,1852,500,3.704,True,2022-04-27__group_00,exp3-full-20260807T072340Z,full,False,primary,exp3,2eebb3dfafa708ac36ff5b5fb2d215b77f5189e37ae94ea9afe8470831770580,e0c1288a22ea2cf3abde9f2c0887f795fe4c2e7d6f705d077ac9a8a819518e6d,source_tree_sha256,030d6bb049591fda35c4e54df090bbc50eb1e12d8482c28cc71dffec7cef6fa0
2022-04-27,0,action_04,2340,2251,2251,500,4.502,True,2022-04-27__group_00,exp3-full-20260807T072340Z,full,False,primary,exp3,2eebb3dfafa708ac36ff5b5fb2d215b77f5189e37ae94ea9afe8470831770580,e0c1288a22ea2cf3abde9f2c0887f795fe4c2e7d6f705d077ac9a8a819518e6d,source_tree_sha256,030d6bb049591fda35c4e54df090bbc50eb1e12d8482c28cc71dffec7cef6fa0
2022-04-27,0,action_05,1272,2042,1272,500,2.544,True,2022-04-27__group_00,exp3-full-20260807T072340Z,full,False,primary,exp3,2eebb3dfafa708ac36ff5b5fb2d215b77f5189e37ae94ea9afe8470831770580,e0c1288a22ea2cf3abde9f2c0887f795fe4c2e7d6f705d077ac9a8a819518e6d,source_tree_sha256,030d6bb049591fda35c4e54df090bbc50eb1e12d8482c28cc71dffec7cef6fa0
2022-04-27,0,action_06,1644,1414,1414,500,2.828,True,2022-04-27__group_00,exp3-full-20260807T072340Z,full,False,primary,exp3,2eebb3dfafa708ac36ff5b5fb2d215b77f5189e37ae94ea9afe8470831770580,e0c1288a22ea2cf3abde9f2c0887f795fe4c2e7d6f705d077ac9a8a819518e6d,source_tree_sha256,030d6bb049591fda35c4e54df090bbc50eb1e12d8482c28cc71dffec7cef6fa0
2022-04-27,0,action_07,1471,1469,1469,500,2.938,True,2022-04-27__group_00,exp3-full-20260807T072340Z,full,False,primary,exp3,2eebb3dfafa708ac36ff5b5fb2d215b77f5189e37ae94ea9afe8470831770580,e0c1288a22ea2cf3abde9f2c0887f795fe4c2e7d6f705d077ac9a8a819518e6d,source_tree_sha256,030d6bb049591fda35c4e54df090bbc50eb1e12d8482c28cc71dffec7cef6fa0
2022-04-27,0,action_08,1295,1493,1295,500,2.59,True,2022-04-27__group_00,exp3-full-20260807T072340Z,full,False,primary,exp3,2eebb3dfafa708ac36ff5b5fb2d215b77f5189e37ae94ea9afe8470831770580,e0c1288a22ea2cf3abde9f2c0887f795fe4c2e7d6f705d077ac9a8a819518e6d,source_tree_sha256,030d6bb049591fda35c4e54df090bbc50eb1e12d8482c28cc71dffec7cef6fa0
2022-04-27,0,action_09,922,1266,922,500,1.844,True,2022-04-27__group_00,exp3-full-20260807T072340Z,full,False,primary,exp3,2eebb3dfafa708ac36ff5b5fb2d215b77f5189e37ae94ea9afe8470831770580,e0c1288a22ea2cf3abde9f2c0887f795fe4c2e7d6f705d077ac9a8a819518e6d,source_tree_sha256,030d6bb049591fda35c4e54df090bbc50eb1e12d8482c28cc71dffec7cef6fa0
2022-04-27,0,action_10,877,1600,877,500,1.754,True,2022-04-27__group_00,exp3-full-20260807T072340Z,full,False,primary,exp3,2eebb3dfafa708ac36ff5b5fb2d215b77f5189e37ae94ea9afe8470831770580,e0c1288a22ea2cf3abde9f2c0887f795fe4c2e7d6f705d077ac9a8a819518e6d,source_tree_sha256,030d6bb049591fda35c4e54df090bbc50eb1e12d8482c28cc71dffec7cef6fa0
2022-04-27,0,action_11,931,1122,931,500,1.862,True,2022-04-27__group_00,exp3-full-20260807T072340Z,full,False,primary,exp3,2eebb3dfafa708ac36ff5b5fb2d215b77f5189e37ae94ea9afe8470831770580,e0c1288a22ea2cf3abde9f2c0887f795fe4c2e7d6f705d077ac9a8a819518e6d,source_tree_sha256,030d6bb049591fda35c4e54df090bbc50eb1e12d8482c28cc71dffec7cef6fa0
2022-04-27,0,action_12,753,965,753,500,1.506,True,2022-04-27__group_00,exp3-full-20260807T072340Z,full,False,primary,exp3,2eebb3dfafa708ac36ff5b5fb2d215b77f5189e37ae94ea9afe8470831770580,e0c1288a22ea2cf3abde9f2c0887f795fe4c2e7d6f705d077ac9a8a819518e6d,source_tree_sha256,030d6bb049591fda35c4e54df090bbc50eb1e12d8482c28cc71dffec7cef6fa0
2022-04-27,0,action_13,912,954,912,500,1.824,True,2022-04-27__group_00,exp3-full-20260807T072340Z,full,False,primary,exp3,2eebb3dfafa708ac36ff5b5fb2d215b77f5189e37ae94ea9afe8470831770580,e0c1288a22ea2cf3abde9f2c0887f795fe4c2e7d6f705d077ac9a8a819518e6d,source_tree_sha256,030d6bb049591fda35c4e54df090bbc50eb1e12d8482c28cc71dffec7cef6fa0
2022-04-27,0,action_14,615,851,615,500,1.23,True,2022-04-27__group_00,exp3-full-20260807T072340Z,full,False,primary,exp3,2eebb3dfafa708ac36ff5b5fb2d215b77f5189e37ae94ea9afe8470831770580,e0c1288a22ea2cf3abde9f2c0887f795fe4c2e7d6f705d077ac9a8a819518e6d,source_tree_sha256,030d6bb049591fda35c4e54df090bbc50eb1e12d8482c28cc71dffec7cef6fa0
2022-04-27,0,action_15,755,841,755,500,1.51,True,2022-04-27__group_00,exp3-full-20260807T072340Z,full,False,primary,exp3,2eebb3dfafa708ac36ff5b5fb2d215b77f5189e37ae94ea9afe8470831770580,e0c1288a22ea2cf3abde9f2c0887f795fe4c2e7d6f705d077ac9a8a819518e6d,source_tree_sha256,030d6bb049591fda35c4e54df090bbc50eb1e12d8482c28cc71dffec7cef6fa0
2022-04-27,0,action_16,734,882,734,500,1.468,True,2022-04-27__group_00,exp3-full-20260807T072340Z,full,False,primary,exp3,2eebb3dfafa708ac36ff5b5fb2d215b77f5189e37ae94ea9afe8470831770580,e0c1288a22ea2cf3abde9f2c0887f795fe4c2e7d6f705d077ac9a8a819518e6d,source_tree_sha256,030d6bb049591fda35c4e54df090bbc50eb1e12d8482c28cc71dffec7cef6fa0
2022-04-27,0,action_17,731,828,731,500,1.462,True,2022-04-27__group_00,exp3-full-20260807T072340Z,full,False,primary,exp3,2eebb3dfafa708ac36ff5b5fb2d215b77f5189e37ae94ea9afe8470831770580,e0c1288a22ea2cf3abde9f2c0887f795fe4c2e7d6f705d077ac9a8a819518e6d,source_tree_sha256,030d6bb049591fda35c4e54df090bbc50eb1e12d8482c28cc71dffec7cef6fa0
2022-04-27,0,action_18,610,562,562,500,1.124,True,2022-04-27__group_00,exp3-full-20260807T072340Z,full,False,primary,exp3,2eebb3dfafa708ac36ff5b5fb2d215b77f5189e37ae94ea9afe8470831770580,e0c1288a22ea2cf3abde9f2c0887f795fe4c2e7d6f705d077ac9a8a819518e6d,source_tree_sha256,030d6bb049591fda35c4e54df090bbc50eb1e12d8482c28cc71dffec7cef6fa0
2022-04-27,0,action_19,539,755,539,500,1.078,True,2022-04-27__group_00,exp3-full-20260807T072340Z,full,False,primary,exp3,2eebb3dfafa708ac36ff5b5fb2d215b77f5189e37ae94ea9afe8470831770580,e0c1288a22ea2cf3abde9f2c0887f795fe4c2e7d6f705d077ac9a8a819518e6d,source_tree_sha256,030d6bb049591fda35c4e54df090bbc50eb1e12d8482c28cc71dffec7cef6fa0
2022-04-27,0,action_20,343,638,343,500,0.686,False,2022-04-27__group_00,exp3-full-20260807T072340Z,full,False,primary,exp3,2eebb3dfafa708ac36ff5b5fb2d215b77f5189e37ae94ea9afe8470831770580,e0c1288a22ea2cf3abde9f2c0887f795fe4c2e7d6f705d077ac9a8a819518e6d,source_tree_sha256,030d6bb049591fda35c4e54df090bbc50eb1e12d8482c28cc71dffec7cef6fa0
2022-04-27,1,action_01,5648,5581,5581,500,11.162,True,2022-04-27__group_01,exp3-full-20260807T072340Z,full,False,primary,exp3,2eebb3dfafa708ac36ff5b5fb2d215b77f5189e37ae94ea9afe8470831770580,e0c1288a22ea2cf3abde9f2c0887f795fe4c2e7d6f705d077ac9a8a819518e6d,source_tree_sha256,030d6bb049591fda35c4e54df090bbc50eb1e12d8482c28cc71dffec7cef6fa0
2022-04-27,1,action_02,2917,2562,2562,500,5.124,True,2022-04-27__group_01,exp3-full-20260807T072340Z,full,False,primary,exp3,2eebb3dfafa708ac36ff5b5fb2d215b77f5189e37ae94ea9afe8470831770580,e0c1288a22ea2cf3abde9f2c0887f795fe4c2e7d6f705d077ac9a8a819518e6d,source_tree_sha256,030d6bb049591fda35c4e54df090bbc50eb1e12d8482c28cc71dffec7cef6fa0
2022-04-27,1,action_03,2441,2098,2098,500,4.196,True,2022-04-27__group_01,exp3-full-20260807T072340Z,full,False,primary,exp3,2eebb3dfafa708ac36ff5b5fb2d215b77f5189e37ae94ea9afe8470831770580,e0c1288a22ea2cf3abde9f2c0887f795fe4c2e7d6f705d077ac9a8a819518e6d,source_tree_sha256,030d6bb049591fda35c4e54df090bbc50eb1e12d8482c28cc71dffec7cef6fa0
2022-04-27,1,action_04,2374,2279,2279,500,4.558,True,2022-04-27__group_01,exp3-full-20260807T072340Z,full,False,primary,exp3,2eebb3dfafa708ac36ff5b5fb2d215b77f5189e37ae94ea9afe8470831770580,e0c1288a22ea2cf3abde9f2c0887f795fe4c2e7d6f705d077ac9a8a819518e6d,source_tree_sha256,030d6bb049591fda35c4e54df090bbc50eb1e12d8482c28cc71dffec7cef6fa0
2022-04-27,1,action_05,1516,1635,1516,500,3.032,True,2022-04-27__group_01,exp3-full-20260807T072340Z,full,False,primary,exp3,2eebb3dfafa708ac36ff5b5fb2d215b77f5189e37ae94ea9afe8470831770580,e0c1288a22ea2cf3abde9f2c0887f795fe4c2e7d6f705d077ac9a8a819518e6d,source_tree_sha256,030d6bb049591fda35c4e54df090bbc50eb1e12d8482c28cc71dffec7cef6fa0
2022-04-27,1,action_06,733,1500,733,500,1.466,True,2022-04-27__group_01,exp3-full-20260807T072340Z,full,False,primary,exp3,2eebb3dfafa708ac36ff5b5fb2d215b77f5189e37ae94ea9afe8470831770580,e0c1288a22ea2cf3abde9f2c0887f795fe4c2e7d6f705d077ac9a8a819518e6d,source_tree_sha256,030d6bb049591fda35c4e54df090bbc50eb1e12d8482c28cc71dffec7cef6fa0
2022-04-27,1,action_07,1823,1510,1510,500,3.02,True,2022-04-27__group_01,exp3-full-20260807T072340Z,full,False,primary,exp3,2eebb3dfafa708ac36ff5b5fb2d215b77f5189e37ae94ea9afe8470831770580,e0c1288a22ea2cf3abde9f2c0887f795fe4c2e7d6f705d077ac9a8a819518e6d,source_tree_sha256,030d6bb049591fda35c4e54df090bbc50eb1e12d8482c28cc71dffec7cef6fa0
2022-04-27,1,action_08,1643,1654,1643,500,3.286,True,2022-04-27__group_01,exp3-full-20260807T072340Z,full,False,primary,exp3,2eebb3dfafa708ac36ff5b5fb2d215b77f5189e37ae94ea9afe8470831770580,e0c1288a22ea2cf3abde9f2c0887f795fe4c2e7d6f705d077ac9a8a819518e6d,source_tree_sha256,030d6bb049591fda35c4e54df090bbc50eb1e12d8482c28cc71dffec7cef6fa0
2022-04-27,1,action_09,1400,1098,1098,500,2.196,True,2022-04-27__group_01,exp3-full-20260807T072340Z,full,False,primary,exp3,2eebb3dfafa708ac36ff5b5fb2d215b77f5189e37ae94ea9afe8470831770580,e0c1288a22ea2cf3abde9f2c0887f795fe4c2e7d6f705d077ac9a8a819518e6d,source_tree_sha256,030d6bb049591fda35c4e54df090bbc50eb1e12d8482c28cc71dffec7cef6fa0
2022-04-27,1,action_10,1602,1129,1129,500,2.258,True,2022-04-27__group_01,exp3-full-20260807T072340Z,full,False,primary,exp3,2eebb3dfafa708ac36ff5b5fb2d215b77f5189e37ae94ea9afe8470831770580,e0c1288a22ea2cf3abde9f2c0887f795fe4c2e7d6f705d077ac9a8a819518e6d,source_tree_sha256,030d6bb049591fda35c4e54df090bbc50eb1e12d8482c28cc71dffec7cef6fa0
2022-04-27,1,action_11,826,739,739,500,1.478,True,2022-04-27__group_01,exp3-full-20260807T072340Z,full,False,primary,exp3,2eebb3dfafa708ac36ff5b5fb2d215b77f5189e37ae94ea9afe8470831770580,e0c1288a22ea2cf3abde9f2c0887f795fe4c2e7d6f705d077ac9a8a819518e6d,source_tree_sha256,030d6bb049591fda35c4e54df090bbc50eb1e12d8482c28cc71dffec7cef6fa0
2022-04-27,1,action_12,593,668,593,500,1.186,True,2022-04-27__group_01,exp3-full-20260807T072340Z,full,False,primary,exp3,2eebb3dfafa708ac36ff5b5fb2d215b77f5189e37ae94ea9afe8470831770580,e0c1288a22ea2cf3abde9f2c0887f795fe4c2e7d6f705d077ac9a8a819518e6d,source_tree_sha256,030d6bb049591fda35c4e54df090bbc50eb1e12d8482c28cc71dffec7cef6fa0
2022-04-27,1,action_13,865,684,684,500,1.368,True,2022-04-27__group_01,exp3-full-20260807T072340Z,full,False,primary,exp3,2eebb3dfafa708ac36ff5b5fb2d215b77f5189e37ae94ea9afe8470831770580,e0c1288a22ea2cf3abde9f2c0887f795fe4c2e7d6f705d077ac9a8a819518e6d,source_tree_sha256,030d6bb049591fda35c4e54df090bbc50eb1e12d8482c28cc71dffec7cef6fa0
2022-04-27,1,action_14,695,618,618,500,1.236,True,2022-04-27__group_01,exp3-full-20260807T072340Z,full,False,primary,exp3,2eebb3dfafa708ac36ff5b5fb2d215b77f5189e37ae94ea9afe8470831770580,e0c1288a22ea2cf3abde9f2c0887f795fe4c2e7d6f705d077ac9a8a819518e6d,source_tree_sha256,030d6bb049591fda35c4e54df090bbc50eb1e12d8482c28cc71dffec7cef6fa0
2022-04-27,1,action_15,748,736,736,500,1.472,True,2022-04-27__group_01,exp3-full-20260807T072340Z,full,False,primary,exp3,2eebb3dfafa708ac36ff5b5fb2d215b77f5189e37ae94ea9afe8470831770580,e0c1288a22ea2cf3abde9f2c0887f795fe4c2e7d6f705d077ac9a8a819518e6d,source_tree_sha256,030d6bb049591fda35c4e54df090bbc50eb1e12d8482c28cc71dffec7cef6fa0
2022-04-27,1,action_16,879,713,713,500,1.426,True,2022-04-27__group_01,exp3-full-20260807T072340Z,full,False,primary,exp3,2eebb3dfafa708ac36ff5b5fb2d215b77f5189e37ae94ea9afe8470831770580,e0c1288a22ea2cf3abde9f2c0887f795fe4c2e7d6f705d077ac9a8a819518e6d,source_tree_sha256,030d6bb049591fda35c4e54df090bbc50eb1e12d8482c28cc71dffec7cef6fa0
2022-04-27,1,action_17,757,827,757,500,1.514,True,2022-04-27__group_01,exp3-full-20260807T072340Z,full,False,primary,exp3,2eebb3dfafa708ac36ff5b5fb2d215b77f5189e37ae94ea9afe8470831770580,e0c1288a22ea2cf3abde9f2c0887f795fe4c2e7d6f705d077ac9a8a819518e6d,source_tree_sha256,030d6bb049591fda35c4e54df090bbc50eb1e12d8482c28cc71dffec7cef6fa0
2022-04-27,1,action_18,620,534,534,500,1.068,True,2022-04-27__group_01,exp3-full-20260807T072340Z,full,False,primary,exp3,2eebb3dfafa708ac36ff5b5fb2d215b77f5189e37ae94ea9afe8470831770580,e0c1288a22ea2cf3abde9f2c0887f795fe4c2e7d6f705d077ac9a8a819518e6d,source_tree_sha256,030d6bb049591fda35c4e54df090bbc50eb1e12d8482c28cc71dffec7cef6fa0
2022-04-27,1,action_19,903,728,728,500,1.456,True,2022-04-27__group_01,exp3-full-20260807T072340Z,full,False,primary,exp3,2eebb3dfafa708ac36ff5b5fb2d215b77f5189e37ae94ea9afe8470831770580,e0c1288a22ea2cf3abde9f2c0887f795fe4c2e7d6f705d077ac9a8a819518e6d,source_tree_sha256,030d6bb049591fda35c4e54df090bbc50eb1e12d8482c28cc71dffec7cef6fa0
2022-04-27,1,action_20,879,713,713,500,1.426,True,2022-04-27__group_01,exp3-full-20260807T072340Z,full,False,primary,exp3,2eebb3dfafa708ac36ff5b5fb2d215b77f5189e37ae94ea9afe8470831770580,e0c1288a22ea2cf3abde9f2c0887f795fe4c2e7d6f705d077ac9a8a819518e6d,source_tree_sha256,030d6bb049591fda35c4e54df090bbc50eb1e12d8482c28cc71dffec7cef6fa0
2022-04-27,2,action_01,5129,4363,4363,500,8.726,True,2022-04-27__group_02,exp3-full-20260807T072340Z,full,False,primary,exp3,2eebb3dfafa708ac36ff5b5fb2d215b77f5189e37ae94ea9afe8470831770580,e0c1288a22ea2cf3abde9f2c0887f795fe4c2e7d6f705d077ac9a8a819518e6d,source_tree_sha256,030d6bb049591fda35c4e54df090bbc50eb1e12d8482c28cc71dffec7cef6fa0
2022-04-27,2,action_02,3324,2717,2717,500,5.434,True,2022-04-27__group_02,exp3-full-20260807T072340Z,full,False,primary,exp3,2eebb3dfafa708ac36ff5b5fb2d215b77f5189e37ae94ea9afe8470831770580,e0c1288a22ea2cf3abde9f2c0887f795fe4c2e7d6f705d077ac9a8a819518e6d,source_tree_sha256,030d6bb049591fda35c4e54df090bbc50eb1e12d8482c28cc71dffec7cef6fa0
2022-04-27,2,action_03,2529,1926,1926,500,3.852,True,2022-04-27__group_02,exp3-full-20260807T072340Z,full,False,primary,exp3,2eebb3dfafa708ac36ff5b5fb2d215b77f5189e37ae94ea9afe8470831770580,e0c1288a22ea2cf3abde9f2c0887f795fe4c2e7d6f705d077ac9a8a819518e6d,source_tree_sha256,030d6bb049591fda35c4e54df090bbc50eb1e12d8482c28cc71dffec7cef6fa0
2022-04-27,2,action_04,2472,1482,1482,500,2.964,True,2022-04-27__group_02,exp3-full-20260807T072340Z,full,False,primary,exp3,2eebb3dfafa708ac36ff5b5fb2d215b77f5189e37ae94ea9afe8470831770580,e0c1288a22ea2cf3abde9f2c0887f795fe4c2e7d6f705d077ac9a8a819518e6d,source_tree_sha256,030d6bb049591fda35c4e54df090bbc50eb1e12d8482c28cc71dffec7cef6fa0
2022-04-27,2,action_05,2053,1104,1104,500,2.208,True,2022-04-27__group_02,exp3-full-20260807T072340Z,full,False,primary,exp3,2eebb3dfafa708ac36ff5b5fb2d215b77f5189e37ae94ea9afe8470831770580,e0c1288a22ea2cf3abde9f2c0887f795fe4c2e7d6f705d077ac9a8a819518e6d,source_tree_sha256,030d6bb049591fda35c4e54df090bbc50eb1e12d8482c28cc71dffec7cef6fa0
2022-04-27,2,action_06,1798,1285,1285,500,2.57,True,2022-04-27__group_02,exp3-full-20260807T072340Z,full,False,primary,exp3,2eebb3dfafa708ac36ff5b5fb2d215b77f5189e37ae94ea9afe8470831770580,e0c1288a22ea2cf3abde9f2c0887f795fe4c2e7d6f705d077ac9a8a819518e6d,source_tree_sha256,030d6bb049591fda35c4e54df090bbc50eb1e12d8482c28cc71dffec7cef6fa0
2022-04-27,2,action_07,1867,1320,1320,500,2.64,True,2022-04-27__group_02,exp3-full-20260807T072340Z,full,False,primary,exp3,2eebb3dfafa708ac36ff5b5fb2d215b77f5189e37ae94ea9afe8470831770580,e0c1288a22ea2cf3abde9f2c0887f795fe4c2e7d6f705d077ac9a8a819518e6d,source_tree_sha256,030d6bb049591fda35c4e54df090bbc50eb1e12d8482c28cc71dffec7cef6fa0
2022-04-27,2,action_08,2061,1349,1349,500,2.698,True,2022-04-27__group_02,exp3-full-20260807T072340Z,full,False,primary,exp3,2eebb3dfafa708ac36ff5b5fb2d215b77f5189e37ae94ea9afe8470831770580,e0c1288a22ea2cf3abde9f2c0887f795fe4c2e7d6f705d077ac9a8a819518e6d,source_tree_sha256,030d6bb049591fda35c4e54df090bbc50eb1e12d8482c28cc71dffec7cef6fa0
2022-04-27,2,action_09,1761,910,910,500,1.82,True,2022-04-27__group_02,exp3-full-20260807T072340Z,full,False,primary,exp3,2eebb3dfafa708ac36ff5b5fb2d215b77f5189e37ae94ea9afe8470831770580,e0c1288a22ea2cf3abde9f2c0887f795fe4c2e7d6f705d077ac9a8a819518e6d,source_tree_sha256,030d6bb049591fda35c4e54df090bbc50eb1e12d8482c28cc71dffec7cef6fa0
2022-04-27,2,action_10,1083,954,954,500,1.908,True,2022-04-27__group_02,exp3-full-20260807T072340Z,full,False,primary,exp3,2eebb3dfafa708ac36ff5b5fb2d215b77f5189e37ae94ea9afe8470831770580,e0c1288a22ea2cf3abde9f2c0887f795fe4c2e7d6f705d077ac9a8a819518e6d,source_tree_sha256,030d6bb049591fda35c4e54df090bbc50eb1e12d8482c28cc71dffec7cef6fa0
2022-04-27,2,action_11,1283,635,635,500,1.27,True,2022-04-27__group_02,exp3-full-20260807T072340Z,full,False,primary,exp3,2eebb3dfafa708ac36ff5b5fb2d215b77f5189e37ae94ea9afe8470831770580,e0c1288a22ea2cf3abde9f2c0887f795fe4c2e7d6f705d077ac9a8a819518e6d,source_tree_sha256,030d6bb049591fda35c4e54df090bbc50eb1e12d8482c28cc71dffec7cef6fa0
2022-04-27,2,action_12,979,699,699,500,1.398,True,2022-04-27__group_02,exp3-full-20260807T072340Z,full,False,primary,exp3,2eebb3dfafa708ac36ff5b5fb2d215b77f5189e37ae94ea9afe8470831770580,e0c1288a22ea2cf3abde9f2c0887f795fe4c2e7d6f705d077ac9a8a819518e6d,source_tree_sha256,030d6bb049591fda35c4e54df090bbc50eb1e12d8482c28cc71dffec7cef6fa0
2022-04-27,2,action_13,914,781,781,500,1.562,True,2022-04-27__group_02,exp3-full-20260807T072340Z,full,False,primary,exp3,2eebb3dfafa708ac36ff5b5fb2d215b77f5189e37ae94ea9afe8470831770580,e0c1288a22ea2cf3abde9f2c0887f795fe4c2e7d6f705d077ac9a8a819518e6d,source_tree_sha256,030d6bb049591fda35c4e54df090bbc50eb1e12d8482c28cc71dffec7cef6fa0
2022-04-27,2,action_14,1013,834,834,500,1.668,True,2022-04-27__group_02,exp3-full-20260807T072340Z,full,False,primary,exp3,2eebb3dfafa708ac36ff5b5fb2d215b77f5189e37ae94ea9afe8470831770580,e0c1288a22ea2cf3abde9f2c0887f795fe4c2e7d6f705d077ac9a8a819518e6d,source_tree_sha256,030d6bb049591fda35c4e54df090bbc50eb1e12d8482c28cc71dffec7cef6fa0
2022-04-27,2,action_15,955,766,766,500,1.532,True,2022-04-27__group_02,exp3-full-20260807T072340Z,full,False,primary,exp3,2eebb3dfafa708ac36ff5b5fb2d215b77f5189e37ae94ea9afe8470831770580,e0c1288a22ea2cf3abde9f2c0887f795fe4c2e7d6f705d077ac9a8a819518e6d,source_tree_sha256,030d6bb049591fda35c4e54df090bbc50eb1e12d8482c28cc71dffec7cef6fa0
2022-04-27,2,action_16,866,558,558,500,1.116,True,2022-04-27__group_02,exp3-full-20260807T072340Z,full,False,primary,exp3,2eebb3dfafa708ac36ff5b5fb2d215b77f5189e37ae94ea9afe8470831770580,e0c1288a22ea2cf3abde9f2c0887f795fe4c2e7d6f705d077ac9a8a819518e6d,source_tree_sha256,030d6bb049591fda35c4e54df090bbc50eb1e12d8482c28cc71dffec7cef6fa0
2022-04-27,2,action_17,739,634,634,500,1.268,True,2022-04-27__group_02,exp3-full-20260807T072340Z,full,False,primary,exp3,2eebb3dfafa708ac36ff5b5fb2d215b77f5189e37ae94ea9afe8470831770580,e0c1288a22ea2cf3abde9f2c0887f795fe4c2e7d6f705d077ac9a8a819518e6d,source_tree_sha256,030d6bb049591fda35c4e54df090bbc50eb1e12d8482c28cc71dffec7cef6fa0
2022-04-27,2,action_18,636,534,534,500,1.068,True,2022-04-27__group_02,exp3-full-20260807T072340Z,full,False,primary,exp3,2eebb3dfafa708ac36ff5b5fb2d215b77f5189e37ae94ea9afe8470831770580,e0c1288a22ea2cf3abde9f2c0887f795fe4c2e7d6f705d077ac9a8a819518e6d,source_tree_sha256,030d6bb049591fda35c4e54df090bbc50eb1e12d8482c28cc71dffec7cef6fa0
2022-04-27,2,action_19,643,555,555,500,1.11,True,2022-04-27__group_02,exp3-full-20260807T072340Z,full,False,primary,exp3,2eebb3dfafa708ac36ff5b5fb2d215b77f5189e37ae94ea9afe8470831770580,e0c1288a22ea2cf3abde9f2c0887f795fe4c2e7d6f705d077ac9a8a819518e6d,source_tree_sha256,030d6bb049591fda35c4e54df090bbc50eb1e12d8482c28cc71dffec7cef6fa0
2022-04-27,2,action_20,582,494,494,500,0.988,False,2022-04-27__group_02,exp3-full-20260807T072340Z,full,False,primary,exp3,2eebb3dfafa708ac36ff5b5fb2d215b77f5189e37ae94ea9afe8470831770580,e0c1288a22ea2cf3abde9f2c0887f795fe4c2e7d6f705d077ac9a8a819518e6d,source_tree_sha256,030d6bb049591fda35c4e54df090bbc50eb1e12d8482c28cc71dffec7cef6fa0
2022-04-27,3,action_01,4185,4066,4066,500,8.132,True,2022-04-27__group_03,exp3-full-20260807T072340Z,full,False,primary,exp3,2eebb3dfafa708ac36ff5b5fb2d215b77f5189e37ae94ea9afe8470831770580,e0c1288a22ea2cf3abde9f2c0887f795fe4c2e7d6f705d077ac9a8a819518e6d,source_tree_sha256,030d6bb049591fda35c4e54df090bbc50eb1e12d8482c28cc71dffec7cef6fa0
2022-04-27,3,action_02,2941,2314,2314,500,4.628,True,2022-04-27__group_03,exp3-full-20260807T072340Z,full,False,primary,exp3,2eebb3dfafa708ac36ff5b5fb2d215b77f5189e37ae94ea9afe8470831770580,e0c1288a22ea2cf3abde9f2c0887f795fe4c2e7d6f705d077ac9a8a819518e6d,source_tree_sha256,030d6bb049591fda35c4e54df090bbc50eb1e12d8482c28cc71dffec7cef6fa0
2022-04-27,3,action_03,1917,1721,1721,500,3.442,True,2022-04-27__group_03,exp3-full-20260807T072340Z,full,False,primary,exp3,2eebb3dfafa708ac36ff5b5fb2d215b77f5189e37ae94ea9afe8470831770580,e0c1288a22ea2cf3abde9f2c0887f795fe4c2e7d6f705d077ac9a8a819518e6d,source_tree_sha256,030d6bb049591fda35c4e54df090bbc50eb1e12d8482c28cc71dffec7cef6fa0
2022-04-27,3,action_04,1662,1582,1582,500,3.164,True,2022-04-27__group_03,exp3-full-20260807T072340Z,full,False,primary,exp3,2eebb3dfafa708ac36ff5b5fb2d215b77f5189e37ae94ea9afe8470831770580,e0c1288a22ea2cf3abde9f2c0887f795fe4c2e7d6f705d077ac9a8a819518e6d,source_tree_sha256,030d6bb049591fda35c4e54df090bbc50eb1e12d8482c28cc71dffec7cef6fa0
2022-04-27,3,action_05,1472,1271,1271,500,2.542,True,2022-04-27__group_03,exp3-full-20260807T072340Z,full,False,primary,exp3,2eebb3dfafa708ac36ff5b5fb2d215b77f5189e37ae94ea9afe8470831770580,e0c1288a22ea2cf3abde9f2c0887f795fe4c2e7d6f705d077ac9a8a819518e6d,source_tree_sha256,030d6bb049591fda35c4e54df090bbc50eb1e12d8482c28cc71dffec7cef6fa0
2022-04-27,3,action_06,1387,1543,1387,500,2.774,True,2022-04-27__group_03,exp3-full-20260807T072340Z,full,False,primary,exp3,2eebb3dfafa708ac36ff5b5fb2d215b77f5189e37ae94ea9afe8470831770580,e0c1288a22ea2cf3abde9f2c0887f795fe4c2e7d6f705d077ac9a8a819518e6d,source_tree_sha256,030d6bb049591fda35c4e54df090bbc50eb1e12d8482c28cc71dffec7cef6fa0
2022-04-27,3,action_07,1590,1397,1397,500,2.794,True,2022-04-27__group_03,exp3-full-20260807T072340Z,full,False,primary,exp3,2eebb3dfafa708ac36ff5b5fb2d215b77f5189e37ae94ea9afe8470831770580,e0c1288a22ea2cf3abde9f2c0887f795fe4c2e7d6f705d077ac9a8a819518e6d,source_tree_sha256,030d6bb049591fda35c4e54df090bbc50eb1e12d8482c28cc71dffec7cef6fa0
2022-04-27,3,action_08,1322,1399,1322,500,2.644,True,2022-04-27__group_03,exp3-full-20260807T072340Z,full,False,primary,exp3,2eebb3dfafa708ac36ff5b5fb2d215b77f5189e37ae94ea9afe8470831770580,e0c1288a22ea2cf3abde9f2c0887f795fe4c2e7d6f705d077ac9a8a819518e6d,source_tree_sha256,030d6bb049591fda35c4e54df090bbc50eb1e12d8482c28cc71dffec7cef6fa0
2022-04-27,3,action_09,717,968,717,500,1.434,True,2022-04-27__group_03,exp3-full-20260807T072340Z,full,False,primary,exp3,2eebb3dfafa708ac36ff5b5fb2d215b77f5189e37ae94ea9afe8470831770580,e0c1288a22ea2cf3abde9f2c0887f795fe4c2e7d6f705d077ac9a8a819518e6d,source_tree_sha256,030d6bb049591fda35c4e54df090bbc50eb1e12d8482c28cc71dffec7cef6fa0
2022-04-27,3,action_10,934,594,594,500,1.188,True,2022-04-27__group_03,exp3-full-20260807T072340Z,full,False,primary,exp3,2eebb3dfafa708ac36ff5b5fb2d215b77f5189e37ae94ea9afe8470831770580,e0c1288a22ea2cf3abde9f2c0887f795fe4c2e7d6f705d077ac9a8a819518e6d,source_tree_sha256,030d6bb049591fda35c4e54df090bbc50eb1e12d8482c28cc71dffec7cef6fa0
2022-04-27,3,action_11,427,593,427,500,0.854,False,2022-04-27__group_03,exp3-full-20260807T072340Z,full,False,primary,exp3,2eebb3dfafa708ac36ff5b5fb2d215b77f5189e37ae94ea9afe8470831770580,e0c1288a22ea2cf3abde9f2c0887f795fe4c2e7d6f705d077ac9a8a819518e6d,source_tree_sha256,030d6bb049591fda35c4e54df090bbc50eb1e12d8482c28cc71dffec7cef6fa0
2022-04-27,3,action_12,484,553,484,500,0.968,False,2022-04-27__group_03,exp3-full-20260807T072340Z,full,False,primary,exp3,2eebb3dfafa708ac36ff5b5fb2d215b77f5189e37ae94ea9afe8470831770580,e0c1288a22ea2cf3abde9f2c0887f795fe4c2e7d6f705d077ac9a8a819518e6d,source_tree_sha256,030d6bb049591fda35c4e54df090bbc50eb1e12d8482c28cc71dffec7cef6fa0
2022-04-27,3,action_13,795,943,795,500,1.59,True,2022-04-27__group_03,exp3-full-20260807T072340Z,full,False,primary,exp3,2eebb3dfafa708ac36ff5b5fb2d215b77f5189e37ae94ea9afe8470831770580,e0c1288a22ea2cf3abde9f2c0887f795fe4c2e7d6f705d077ac9a8a819518e6d,source_tree_sha256,030d6bb049591fda35c4e54df090bbc50eb1e12d8482c28cc71dffec7cef6fa0
2022-04-27,3,action_14,736,537,537,500,1.074,True,2022-04-27__group_03,exp3-full-20260807T072340Z,full,False,primary,exp3,2eebb3dfafa708ac36ff5b5fb2d215b77f5189e37ae94ea9afe8470831770580,e0c1288a22ea2cf3abde9f2c0887f795fe4c2e7d6f705d077ac9a8a819518e6d,source_tree_sha256,030d6bb049591fda35c4e54df090bbc50eb1e12d8482c28cc71dffec7cef6fa0
2022-04-27,3,action_15,634,686,634,500,1.268,True,2022-04-27__group_03,exp3-full-20260807T072340Z,full,False,primary,exp3,2eebb3dfafa708ac36ff5b5fb2d215b77f5189e37ae94ea9afe8470831770580,e0c1288a22ea2cf3abde9f2c0887f795fe4c2e7d6f705d077ac9a8a819518e6d,source_tree_sha256,030d6bb049591fda35c4e54df090bbc50eb1e12d8482c28cc71dffec7cef6fa0
2022-04-27,3,action_16,655,442,442,500,0.884,False,2022-04-27__group_03,exp3-full-20260807T072340Z,full,False,primary,exp3,2eebb3dfafa708ac36ff5b5fb2d215b77f5189e37ae94ea9afe8470831770580,e0c1288a22ea2cf3abde9f2c0887f795fe4c2e7d6f705d077ac9a8a819518e6d,source_tree_sha256,030d6bb049591fda35c4e54df090bbc50eb1e12d8482c28cc71dffec7cef6fa0
2022-04-27,3,action_17,756,647,647,500,1.294,True,2022-04-27__group_03,exp3-full-20260807T072340Z,full,False,primary,exp3,2eebb3dfafa708ac36ff5b5fb2d215b77f5189e37ae94ea9afe8470831770580,e0c1288a22ea2cf3abde9f2c0887f795fe4c2e7d6f705d077ac9a8a819518e6d,source_tree_sha256,030d6bb049591fda35c4e54df090bbc50eb1e12d8482c28cc71dffec7cef6fa0
2022-04-27,3,action_18,457,494,457,500,0.914,False,2022-04-27__group_03,exp3-full-20260807T072340Z,full,False,primary,exp3,2eebb3dfafa708ac36ff5b5fb2d215b77f5189e37ae94ea9afe8470831770580,e0c1288a22ea2cf3abde9f2c0887f795fe4c2e7d6f705d077ac9a8a819518e6d,source_tree_sha256,030d6bb049591fda35c4e54df090bbc50eb1e12d8482c28cc71dffec7cef6fa0
2022-04-27,3,action_19,523,396,396,500,0.792,False,2022-04-27__group_03,exp3-full-20260807T072340Z,full,False,primary,exp3,2eebb3dfafa708ac36ff5b5fb2d215b77f5189e37ae94ea9afe8470831770580,e0c1288a22ea2cf3abde9f2c0887f795fe4c2e7d6f705d077ac9a8a819518e6d,source_tree_sha256,030d6bb049591fda35c4e54df090bbc50eb1e12d8482c28cc71dffec7cef6fa0
2022-04-27,3,action_20,585,512,512,500,1.024,True,2022-04-27__group_03,exp3-full-20260807T072340Z,full,False,primary,exp3,2eebb3dfafa708ac36ff5b5fb2d215b77f5189e37ae94ea9afe8470831770580,e0c1288a22ea2cf3abde9f2c0887f795fe4c2e7d6f705d077ac9a8a819518e6d,source_tree_sha256,030d6bb049591fda35c4e54df090bbc50eb1e12d8482c28cc71dffec7cef6fa0
2022-04-27,4,action_01,4630,4898,4630,500,9.26,True,2022-04-27__group_04,exp3-full-20260807T072340Z,full,False,primary,exp3,2eebb3dfafa708ac36ff5b5fb2d215b77f5189e37ae94ea9afe8470831770580,e0c1288a22ea2cf3abde9f2c0887f795fe4c2e7d6f705d077ac9a8a819518e6d,source_tree_sha256,030d6bb049591fda35c4e54df090bbc50eb1e12d8482c28cc71dffec7cef6fa0
2022-04-27,4,action_02,3797,2326,2326,500,4.652,True,2022-04-27__group_04,exp3-full-20260807T072340Z,full,False,primary,exp3,2eebb3dfafa708ac36ff5b5fb2d215b77f5189e37ae94ea9afe8470831770580,e0c1288a22ea2cf3abde9f2c0887f795fe4c2e7d6f705d077ac9a8a819518e6d,source_tree_sha256,030d6bb049591fda35c4e54df090bbc50eb1e12d8482c28cc71dffec7cef6fa0
2022-04-27,4,action_03,2592,2022,2022,500,4.044,True,2022-04-27__group_04,exp3-full-20260807T072340Z,full,False,primary,exp3,2eebb3dfafa708ac36ff5b5fb2d215b77f5189e37ae94ea9afe8470831770580,e0c1288a22ea2cf3abde9f2c0887f795fe4c2e7d6f705d077ac9a8a819518e6d,source_tree_sha256,030d6bb049591fda35c4e54df090bbc50eb1e12d8482c28cc71dffec7cef6fa0
2022-04-27,4,action_04,2617,2600,2600,500,5.2,True,2022-04-27__group_04,exp3-full-20260807T072340Z,full,False,primary,exp3,2eebb3dfafa708ac36ff5b5fb2d215b77f5189e37ae94ea9afe8470831770580,e0c1288a22ea2cf3abde9f2c0887f795fe4c2e7d6f705d077ac9a8a819518e6d,source_tree_sha256,030d6bb049591fda35c4e54df090bbc50eb1e12d8482c28cc71dffec7cef6fa0
2022-04-27,4,action_05,1994,1514,1514,500,3.028,True,2022-04-27__group_04,exp3-full-20260807T072340Z,full,False,primary,exp3,2eebb3dfafa708ac36ff5b5fb2d215b77f5189e37ae94ea9afe8470831770580,e0c1288a22ea2cf3abde9f2c0887f795fe4c2e7d6f705d077ac9a8a819518e6d,source_tree_sha256,030d6bb049591fda35c4e54df090bbc50eb1e12d8482c28cc71dffec7cef6fa0
2022-04-27,4,action_06,1672,1582,1582,500,3.164,True,2022-04-27__group_04,exp3-full-20260807T072340Z,full,False,primary,exp3,2eebb3dfafa708ac36ff5b5fb2d215b77f5189e37ae94ea9afe8470831770580,e0c1288a22ea2cf3abde9f2c0887f795fe4c2e7d6f705d077ac9a8a819518e6d,source_tree_sha256,030d6bb049591fda35c4e54df090bbc50eb1e12d8482c28cc71dffec7cef6fa0
2022-04-27,4,action_07,2180,1479,1479,500,2.958,True,2022-04-27__group_04,exp3-full-20260807T072340Z,full,False,primary,exp3,2eebb3dfafa708ac36ff5b5fb2d215b77f5189e37ae94ea9afe8470831770580,e0c1288a22ea2cf3abde9f2c0887f795fe4c2e7d6f705d077ac9a8a819518e6d,source_tree_sha256,030d6bb049591fda35c4e54df090bbc50eb1e12d8482c28cc71dffec7cef6fa0
2022-04-27,4,action_08,1398,1111,1111,500,2.222,True,2022-04-27__group_04,exp3-full-20260807T072340Z,full,False,primary,exp3,2eebb3dfafa708ac36ff5b5fb2d215b77f5189e37ae94ea9afe8470831770580,e0c1288a22ea2cf3abde9f2c0887f795fe4c2e7d6f705d077ac9a8a819518e6d,source_tree_sha256,030d6bb049591fda35c4e54df090bbc50eb1e12d8482c28cc71dffec7cef6fa0
2022-04-27,4,action_09,1381,882,882,500,1.764,True,2022-04-27__group_04,exp3-full-20260807T072340Z,full,False,primary,exp3,2eebb3dfafa708ac36ff5b5fb2d215b77f5189e37ae94ea9afe8470831770580,e0c1288a22ea2cf3abde9f2c0887f795fe4c2e7d6f705d077ac9a8a819518e6d,source_tree_sha256,030d6bb049591fda35c4e54df090bbc50eb1e12d8482c28cc71dffec7cef6fa0
2022-04-27,4,action_10,1294,1531,1294,500,2.588,True,2022-04-27__group_04,exp3-full-20260807T072340Z,full,False,primary,exp3,2eebb3dfafa708ac36ff5b5fb2d215b77f5189e37ae94ea9afe8470831770580,e0c1288a22ea2cf3abde9f2c0887f795fe4c2e7d6f705d077ac9a8a819518e6d,source_tree_sha256,030d6bb049591fda35c4e54df090bbc50eb1e12d8482c28cc71dffec7cef6fa0
2022-04-27,4,action_11,1077,705,705,500,1.41,True,2022-04-27__group_04,exp3-full-20260807T072340Z,full,False,primary,exp3,2eebb3dfafa708ac36ff5b5fb2d215b77f5189e37ae94ea9afe8470831770580,e0c1288a22ea2cf3abde9f2c0887f795fe4c2e7d6f705d077ac9a8a819518e6d,source_tree_sha256,030d6bb049591fda35c4e54df090bbc50eb1e12d8482c28cc71dffec7cef6fa0
2022-04-27,4,action_12,743,1063,743,500,1.486,True,2022-04-27__group_04,exp3-full-20260807T072340Z,full,False,primary,exp3,2eebb3dfafa708ac36ff5b5fb2d215b77f5189e37ae94ea9afe8470831770580,e0c1288a22ea2cf3abde9f2c0887f795fe4c2e7d6f705d077ac9a8a819518e6d,source_tree_sha256,030d6bb049591fda35c4e54df090bbc50eb1e12d8482c28cc71dffec7cef6fa0
2022-04-27,4,action_13,771,819,771,500,1.542,True,2022-04-27__group_04,exp3-full-20260807T072340Z,full,False,primary,exp3,2eebb3dfafa708ac36ff5b5fb2d215b77f5189e37ae94ea9afe8470831770580,e0c1288a22ea2cf3abde9f2c0887f795fe4c2e7d6f705d077ac9a8a819518e6d,source_tree_sha256,030d6bb049591fda35c4e54df090bbc50eb1e12d8482c28cc71dffec7cef6fa0
2022-04-27,4,action_14,824,566,566,500,1.132,True,2022-04-27__group_04,exp3-full-20260807T072340Z,full,False,primary,exp3,2eebb3dfafa708ac36ff5b5fb2d215b77f5189e37ae94ea9afe8470831770580,e0c1288a22ea2cf3abde9f2c0887f795fe4c2e7d6f705d077ac9a8a819518e6d,source_tree_sha256,030d6bb049591fda35c4e54df090bbc50eb1e12d8482c28cc71dffec7cef6fa0
2022-04-27,4,action_15,869,762,762,500,1.524,True,2022-04-27__group_04,exp3-full-20260807T072340Z,full,False,primary,exp3,2eebb3dfafa708ac36ff5b5fb2d215b77f5189e37ae94ea9afe8470831770580,e0c1288a22ea2cf3abde9f2c0887f795fe4c2e7d6f705d077ac9a8a819518e6d,source_tree_sha256,030d6bb049591fda35c4e54df090bbc50eb1e12d8482c28cc71dffec7cef6fa0
2022-04-27,4,action_16,1063,521,521,500,1.042,True,2022-04-27__group_04,exp3-full-20260807T072340Z,full,False,primary,exp3,2eebb3dfafa708ac36ff5b5fb2d215b77f5189e37ae94ea9afe8470831770580,e0c1288a22ea2cf3abde9f2c0887f795fe4c2e7d6f705d077ac9a8a819518e6d,source_tree_sha256,030d6bb049591fda35c4e54df090bbc50eb1e12d8482c28cc71dffec7cef6fa0
2022-04-27,4,action_17,1042,863,863,500,1.726,True,2022-04-27__group_04,exp3-full-20260807T072340Z,full,False,primary,exp3,2eebb3dfafa708ac36ff5b5fb2d215b77f5189e37ae94ea9afe8470831770580,e0c1288a22ea2cf3abde9f2c0887f795fe4c2e7d6f705d077ac9a8a819518e6d,source_tree_sha256,030d6bb049591fda35c4e54df090bbc50eb1e12d8482c28cc71dffec7cef6fa0
2022-04-27,4,action_18,748,637,637,500,1.274,True,2022-04-27__group_04,exp3-full-20260807T072340Z,full,False,primary,exp3,2eebb3dfafa708ac36ff5b5fb2d215b77f5189e37ae94ea9afe8470831770580,e0c1288a22ea2cf3abde9f2c0887f795fe4c2e7d6f705d077ac9a8a819518e6d,source_tree_sha256,030d6bb049591fda35c4e54df090bbc50eb1e12d8482c28cc71dffec7cef6fa0
2022-04-27,4,action_19,842,460,460,500,0.92,False,2022-04-27__group_04,exp3-full-20260807T072340Z,full,False,primary,exp3,2eebb3dfafa708ac36ff5b5fb2d215b77f5189e37ae94ea9afe8470831770580,e0c1288a22ea2cf3abde9f2c0887f795fe4c2e7d6f705d077ac9a8a819518e6d,source_tree_sha256,030d6bb049591fda35c4e54df090bbc50eb1e12d8482c28cc71dffec7cef6fa0
2022-04-27,4,action_20,738,399,399,500,0.798,False,2022-04-27__group_04,exp3-full-20260807T072340Z,full,False,primary,exp3,2eebb3dfafa708ac36ff5b5fb2d215b77f5189e37ae94ea9afe8470831770580,e0c1288a22ea2cf3abde9f2c0887f795fe4c2e7d6f705d077ac9a8a819518e6d,source_tree_sha256,030d6bb049591fda35c4e54df090bbc50eb1e12d8482c28cc71dffec7cef6fa0
2022-04-28,0,action_01,3946,4692,3946,500,7.892,True,2022-04-28__group_00,exp3-full-20260807T072340Z,full,False,primary,exp3,2eebb3dfafa708ac36ff5b5fb2d215b77f5189e37ae94ea9afe8470831770580,e0c1288a22ea2cf3abde9f2c0887f795fe4c2e7d6f705d077ac9a8a819518e6d,source_tree_sha256,030d6bb049591fda35c4e54df090bbc50eb1e12d8482c28cc71dffec7cef6fa0
2022-04-28,0,action_02,2088,2716,2088,500,4.176,True,2022-04-28__group_00,exp3-full-20260807T072340Z,full,False,primary,exp3,2eebb3dfafa708ac36ff5b5fb2d215b77f5189e37ae94ea9afe8470831770580,e0c1288a22ea2cf3abde9f2c0887f795fe4c2e7d6f705d077ac9a8a819518e6d,source_tree_sha256,030d6bb049591fda35c4e54df090bbc50eb1e12d8482c28cc71dffec7cef6fa0
2022-04-28,0,action_03,1824,2753,1824,500,3.648,True,2022-04-28__group_00,exp3-full-20260807T072340Z,full,False,primary,exp3,2eebb3dfafa708ac36ff5b5fb2d215b77f5189e37ae94ea9afe8470831770580,e0c1288a22ea2cf3abde9f2c0887f795fe4c2e7d6f705d077ac9a8a819518e6d,source_tree_sha256,030d6bb049591fda35c4e54df090bbc50eb1e12d8482c28cc71dffec7cef6fa0
2022-04-28,0,action_04,2717,2369,2369,500,4.738,True,2022-04-28__group_00,exp3-full-20260807T072340Z,full,False,primary,exp3,2eebb3dfafa708ac36ff5b5fb2d215b77f5189e37ae94ea9afe8470831770580,e0c1288a22ea2cf3abde9f2c0887f795fe4c2e7d6f705d077ac9a8a819518e6d,source_tree_sha256,030d6bb049591fda35c4e54df090bbc50eb1e12d8482c28cc71dffec7cef6fa0
2022-04-28,0,action_05,1445,2292,1445,500,2.89,True,2022-04-28__group_00,exp3-full-20260807T072340Z,full,False,primary,exp3,2eebb3dfafa708ac36ff5b5fb2d215b77f5189e37ae94ea9afe8470831770580,e0c1288a22ea2cf3abde9f2c0887f795fe4c2e7d6f705d077ac9a8a819518e6d,source_tree_sha256,030d6bb049591fda35c4e54df090bbc50eb1e12d8482c28cc71dffec7cef6fa0
2022-04-28,0,action_06,1683,2022,1683,500,3.366,True,2022-04-28__group_00,exp3-full-20260807T072340Z,full,False,primary,exp3,2eebb3dfafa708ac36ff5b5fb2d215b77f5189e37ae94ea9afe8470831770580,e0c1288a22ea2cf3abde9f2c0887f795fe4c2e7d6f705d077ac9a8a819518e6d,source_tree_sha256,030d6bb049591fda35c4e54df090bbc50eb1e12d8482c28cc71dffec7cef6fa0
2022-04-28,0,action_07,1428,1346,1346,500,2.692,True,2022-04-28__group_00,exp3-full-20260807T072340Z,full,False,primary,exp3,2eebb3dfafa708ac36ff5b5fb2d215b77f5189e37ae94ea9afe8470831770580,e0c1288a22ea2cf3abde9f2c0887f795fe4c2e7d6f705d077ac9a8a819518e6d,source_tree_sha256,030d6bb049591fda35c4e54df090bbc50eb1e12d8482c28cc71dffec7cef6fa0
2022-04-28,0,action_08,1258,2041,1258,500,2.516,True,2022-04-28__group_00,exp3-full-20260807T072340Z,full,False,primary,exp3,2eebb3dfafa708ac36ff5b5fb2d215b77f5189e37ae94ea9afe8470831770580,e0c1288a22ea2cf3abde9f2c0887f795fe4c2e7d6f705d077ac9a8a819518e6d,source_tree_sha256,030d6bb049591fda35c4e54df090bbc50eb1e12d8482c28cc71dffec7cef6fa0
2022-04-28,0,action_09,962,1114,962,500,1.924,True,2022-04-28__group_00,exp3-full-20260807T072340Z,full,False,primary,exp3,2eebb3dfafa708ac36ff5b5fb2d215b77f5189e37ae94ea9afe8470831770580,e0c1288a22ea2cf3abde9f2c0887f795fe4c2e7d6f705d077ac9a8a819518e6d,source_tree_sha256,030d6bb049591fda35c4e54df090bbc50eb1e12d8482c28cc71dffec7cef6fa0
2022-04-28,0,action_10,1017,1511,1017,500,2.034,True,2022-04-28__group_00,exp3-full-20260807T072340Z,full,False,primary,exp3,2eebb3dfafa708ac36ff5b5fb2d215b77f5189e37ae94ea9afe8470831770580,e0c1288a22ea2cf3abde9f2c0887f795fe4c2e7d6f705d077ac9a8a819518e6d,source_tree_sha256,030d6bb049591fda35c4e54df090bbc50eb1e12d8482c28cc71dffec7cef6fa0
2022-04-28,0,action_11,949,1249,949,500,1.898,True,2022-04-28__group_00,exp3-full-20260807T072340Z,full,False,primary,exp3,2eebb3dfafa708ac36ff5b5fb2d215b77f5189e37ae94ea9afe8470831770580,e0c1288a22ea2cf3abde9f2c0887f795fe4c2e7d6f705d077ac9a8a819518e6d,source_tree_sha256,030d6bb049591fda35c4e54df090bbc50eb1e12d8482c28cc71dffec7cef6fa0
2022-04-28,0,action_12,686,1095,686,500,1.372,True,2022-04-28__group_00,exp3-full-20260807T072340Z,full,False,primary,exp3,2eebb3dfafa708ac36ff5b5fb2d215b77f5189e37ae94ea9afe8470831770580,e0c1288a22ea2cf3abde9f2c0887f795fe4c2e7d6f705d077ac9a8a819518e6d,source_tree_sha256,030d6bb049591fda35c4e54df090bbc50eb1e12d8482c28cc71dffec7cef6fa0
2022-04-28,0,action_13,595,859,595,500,1.19,True,2022-04-28__group_00,exp3-full-20260807T072340Z,full,False,primary,exp3,2eebb3dfafa708ac36ff5b5fb2d215b77f5189e37ae94ea9afe8470831770580,e0c1288a22ea2cf3abde9f2c0887f795fe4c2e7d6f705d077ac9a8a819518e6d,source_tree_sha256,030d6bb049591fda35c4e54df090bbc50eb1e12d8482c28cc71dffec7cef6fa0
2022-04-28,0,action_14,439,764,439,500,0.878,False,2022-04-28__group_00,exp3-full-20260807T072340Z,full,False,primary,exp3,2eebb3dfafa708ac36ff5b5fb2d215b77f5189e37ae94ea9afe8470831770580,e0c1288a22ea2cf3abde9f2c0887f795fe4c2e7d6f705d077ac9a8a819518e6d,source_tree_sha256,030d6bb049591fda35c4e54df090bbc50eb1e12d8482c28cc71dffec7cef6fa0
2022-04-28,0,action_15,837,1022,837,500,1.674,True,2022-04-28__group_00,exp3-full-20260807T072340Z,full,False,primary,exp3,2eebb3dfafa708ac36ff5b5fb2d215b77f5189e37ae94ea9afe8470831770580,e0c1288a22ea2cf3abde9f2c0887f795fe4c2e7d6f705d077ac9a8a819518e6d,source_tree_sha256,030d6bb049591fda35c4e54df090bbc50eb1e12d8482c28cc71dffec7cef6fa0
2022-04-28,0,action_16,510,1179,510,500,1.02,True,2022-04-28__group_00,exp3-full-20260807T072340Z,full,False,primary,exp3,2eebb3dfafa708ac36ff5b5fb2d215b77f5189e37ae94ea9afe8470831770580,e0c1288a22ea2cf3abde9f2c0887f795fe4c2e7d6f705d077ac9a8a819518e6d,source_tree_sha256,030d6bb049591fda35c4e54df090bbc50eb1e12d8482c28cc71dffec7cef6fa0
2022-04-28,0,action_17,1038,565,565,500,1.13,True,2022-04-28__group_00,exp3-full-20260807T072340Z,full,False,primary,exp3,2eebb3dfafa708ac36ff5b5fb2d215b77f5189e37ae94ea9afe8470831770580,e0c1288a22ea2cf3abde9f2c0887f795fe4c2e7d6f705d077ac9a8a819518e6d,source_tree_sha256,030d6bb049591fda35c4e54df090bbc50eb1e12d8482c28cc71dffec7cef6fa0
2022-04-28,0,action_18,823,579,579,500,1.158,True,2022-04-28__group_00,exp3-full-20260807T072340Z,full,False,primary,exp3,2eebb3dfafa708ac36ff5b5fb2d215b77f5189e37ae94ea9afe8470831770580,e0c1288a22ea2cf3abde9f2c0887f795fe4c2e7d6f705d077ac9a8a819518e6d,source_tree_sha256,030d6bb049591fda35c4e54df090bbc50eb1e12d8482c28cc71dffec7cef6fa0
2022-04-28,0,action_19,566,672,566,500,1.132,True,2022-04-28__group_00,exp3-full-20260807T072340Z,full,False,primary,exp3,2eebb3dfafa708ac36ff5b5fb2d215b77f5189e37ae94ea9afe8470831770580,e0c1288a22ea2cf3abde9f2c0887f795fe4c2e7d6f705d077ac9a8a819518e6d,source_tree_sha256,030d6bb049591fda35c4e54df090bbc50eb1e12d8482c28cc71dffec7cef6fa0
2022-04-28,0,action_20,411,520,411,500,0.822,False,2022-04-28__group_00,exp3-full-20260807T072340Z,full,False,primary,exp3,2eebb3dfafa708ac36ff5b5fb2d215b77f5189e37ae94ea9afe8470831770580,e0c1288a22ea2cf3abde9f2c0887f795fe4c2e7d6f705d077ac9a8a819518e6d,source_tree_sha256,030d6bb049591fda35c4e54df090bbc50eb1e12d8482c28cc71dffec7cef6fa0
2022-04-28,1,action_01,5202,5422,5202,500,10.404,True,2022-04-28__group_01,exp3-full-20260807T072340Z,full,False,primary,exp3,2eebb3dfafa708ac36ff5b5fb2d215b77f5189e37ae94ea9afe8470831770580,e0c1288a22ea2cf3abde9f2c0887f795fe4c2e7d6f705d077ac9a8a819518e6d,source_tree_sha256,030d6bb049591fda35c4e54df090bbc50eb1e12d8482c28cc71dffec7cef6fa0
2022-04-28,1,action_02,2408,2589,2408,500,4.816,True,2022-04-28__group_01,exp3-full-20260807T072340Z,full,False,primary,exp3,2eebb3dfafa708ac36ff5b5fb2d215b77f5189e37ae94ea9afe8470831770580,e0c1288a22ea2cf3abde9f2c0887f795fe4c2e7d6f705d077ac9a8a819518e6d,source_tree_sha256,030d6bb049591fda35c4e54df090bbc50eb1e12d8482c28cc71dffec7cef6fa0
2022-04-28,1,action_03,2302,2184,2184,500,4.368,True,2022-04-28__group_01,exp3-full-20260807T072340Z,full,False,primary,exp3,2eebb3dfafa708ac36ff5b5fb2d215b77f5189e37ae94ea9afe8470831770580,e0c1288a22ea2cf3abde9f2c0887f795fe4c2e7d6f705d077ac9a8a819518e6d,source_tree_sha256,030d6bb049591fda35c4e54df090bbc50eb1e12d8482c28cc71dffec7cef6fa0
2022-04-28,1,action_04,2287,2800,2287,500,4.574,True,2022-04-28__group_01,exp3-full-20260807T072340Z,full,False,primary,exp3,2eebb3dfafa708ac36ff5b5fb2d215b77f5189e37ae94ea9afe8470831770580,e0c1288a22ea2cf3abde9f2c0887f795fe4c2e7d6f705d077ac9a8a819518e6d,source_tree_sha256,030d6bb049591fda35c4e54df090bbc50eb1e12d8482c28cc71dffec7cef6fa0
2022-04-28,1,action_05,1663,1815,1663,500,3.326,True,2022-04-28__group_01,exp3-full-20260807T072340Z,full,False,primary,exp3,2eebb3dfafa708ac36ff5b5fb2d215b77f5189e37ae94ea9afe8470831770580,e0c1288a22ea2cf3abde9f2c0887f795fe4c2e7d6f705d077ac9a8a819518e6d,source_tree_sha256,030d6bb049591fda35c4e54df090bbc50eb1e12d8482c28cc71dffec7cef6fa0
2022-04-28,1,action_06,696,1529,696,500,1.392,True,2022-04-28__group_01,exp3-full-20260807T072340Z,full,False,primary,exp3,2eebb3dfafa708ac36ff5b5fb2d215b77f5189e37ae94ea9afe8470831770580,e0c1288a22ea2cf3abde9f2c0887f795fe4c2e7d6f705d077ac9a8a819518e6d,source_tree_sha256,030d6bb049591fda35c4e54df090bbc50eb1e12d8482c28cc71dffec7cef6fa0
2022-04-28,1,action_07,1581,1536,1536,500,3.072,True,2022-04-28__group_01,exp3-full-20260807T072340Z,full,False,primary,exp3,2eebb3dfafa708ac36ff5b5fb2d215b77f5189e37ae94ea9afe8470831770580,e0c1288a22ea2cf3abde9f2c0887f795fe4c2e7d6f705d077ac9a8a819518e6d,source_tree_sha256,030d6bb049591fda35c4e54df090bbc50eb1e12d8482c28cc71dffec7cef6fa0
2022-04-28,1,action_08,1608,1754,1608,500,3.216,True,2022-04-28__group_01,exp3-full-20260807T072340Z,full,False,primary,exp3,2eebb3dfafa708ac36ff5b5fb2d215b77f5189e37ae94ea9afe8470831770580,e0c1288a22ea2cf3abde9f2c0887f795fe4c2e7d6f705d077ac9a8a819518e6d,source_tree_sha256,030d6bb049591fda35c4e54df090bbc50eb1e12d8482c28cc71dffec7cef6fa0
2022-04-28,1,action_09,1067,1401,1067,500,2.134,True,2022-04-28__group_01,exp3-full-20260807T072340Z,full,False,primary,exp3,2eebb3dfafa708ac36ff5b5fb2d215b77f5189e37ae94ea9afe8470831770580,e0c1288a22ea2cf3abde9f2c0887f795fe4c2e7d6f705d077ac9a8a819518e6d,source_tree_sha256,030d6bb049591fda35c4e54df090bbc50eb1e12d8482c28cc71dffec7cef6fa0
2022-04-28,1,action_10,1270,1112,1112,500,2.224,True,2022-04-28__group_01,exp3-full-20260807T072340Z,full,False,primary,exp3,2eebb3dfafa708ac36ff5b5fb2d215b77f5189e37ae94ea9afe8470831770580,e0c1288a22ea2cf3abde9f2c0887f795fe4c2e7d6f705d077ac9a8a819518e6d,source_tree_sha256,030d6bb049591fda35c4e54df090bbc50eb1e12d8482c28cc71dffec7cef6fa0
2022-04-28,1,action_11,657,931,657,500,1.314,True,2022-04-28__group_01,exp3-full-20260807T072340Z,full,False,primary,exp3,2eebb3dfafa708ac36ff5b5fb2d215b77f5189e37ae94ea9afe8470831770580,e0c1288a22ea2cf3abde9f2c0887f795fe4c2e7d6f705d077ac9a8a819518e6d,source_tree_sha256,030d6bb049591fda35c4e54df090bbc50eb1e12d8482c28cc71dffec7cef6fa0
2022-04-28,1,action_12,505,713,505,500,1.01,True,2022-04-28__group_01,exp3-full-20260807T072340Z,full,False,primary,exp3,2eebb3dfafa708ac36ff5b5fb2d215b77f5189e37ae94ea9afe8470831770580,e0c1288a22ea2cf3abde9f2c0887f795fe4c2e7d6f705d077ac9a8a819518e6d,source_tree_sha256,030d6bb049591fda35c4e54df090bbc50eb1e12d8482c28cc71dffec7cef6fa0
2022-04-28,1,action_13,620,653,620,500,1.24,True,2022-04-28__group_01,exp3-full-20260807T072340Z,full,False,primary,exp3,2eebb3dfafa708ac36ff5b5fb2d215b77f5189e37ae94ea9afe8470831770580,e0c1288a22ea2cf3abde9f2c0887f795fe4c2e7d6f705d077ac9a8a819518e6d,source_tree_sha256,030d6bb049591fda35c4e54df090bbc50eb1e12d8482c28cc71dffec7cef6fa0
2022-04-28,1,action_14,812,782,782,500,1.564,True,2022-04-28__group_01,exp3-full-20260807T072340Z,full,False,primary,exp3,2eebb3dfafa708ac36ff5b5fb2d215b77f5189e37ae94ea9afe8470831770580,e0c1288a22ea2cf3abde9f2c0887f795fe4c2e7d6f705d077ac9a8a819518e6d,source_tree_sha256,030d6bb049591fda35c4e54df090bbc50eb1e12d8482c28cc71dffec7cef6fa0
2022-04-28,1,action_15,732,1184,732,500,1.464,True,2022-04-28__group_01,exp3-full-20260807T072340Z,full,False,primary,exp3,2eebb3dfafa708ac36ff5b5fb2d215b77f5189e37ae94ea9afe8470831770580,e0c1288a22ea2cf3abde9f2c0887f795fe4c2e7d6f705d077ac9a8a819518e6d,source_tree_sha256,030d6bb049591fda35c4e54df090bbc50eb1e12d8482c28cc71dffec7cef6fa0
2022-04-28,1,action_16,837,671,671,500,1.342,True,2022-04-28__group_01,exp3-full-20260807T072340Z,full,False,primary,exp3,2eebb3dfafa708ac36ff5b5fb2d215b77f5189e37ae94ea9afe8470831770580,e0c1288a22ea2cf3abde9f2c0887f795fe4c2e7d6f705d077ac9a8a819518e6d,source_tree_sha256,030d6bb049591fda35c4e54df090bbc50eb1e12d8482c28cc71dffec7cef6fa0
2022-04-28,1,action_17,648,1018,648,500,1.296,True,2022-04-28__group_01,exp3-full-20260807T072340Z,full,False,primary,exp3,2eebb3dfafa708ac36ff5b5fb2d215b77f5189e37ae94ea9afe8470831770580,e0c1288a22ea2cf3abde9f2c0887f795fe4c2e7d6f705d077ac9a8a819518e6d,source_tree_sha256,030d6bb049591fda35c4e54df090bbc50eb1e12d8482c28cc71dffec7cef6fa0
2022-04-28,1,action_18,579,567,567,500,1.134,True,2022-04-28__group_01,exp3-full-20260807T072340Z,full,False,primary,exp3,2eebb3dfafa708ac36ff5b5fb2d215b77f5189e37ae94ea9afe8470831770580,e0c1288a22ea2cf3abde9f2c0887f795fe4c2e7d6f705d077ac9a8a819518e6d,source_tree_sha256,030d6bb049591fda35c4e54df090bbc50eb1e12d8482c28cc71dffec7cef6fa0
2022-04-28,1,action_19,833,660,660,500,1.32,True,2022-04-28__group_01,exp3-full-20260807T072340Z,full,False,primary,exp3,2eebb3dfafa708ac36ff5b5fb2d215b77f5189e37ae94ea9afe8470831770580,e0c1288a22ea2cf3abde9f2c0887f795fe4c2e7d6f705d077ac9a8a819518e6d,source_tree_sha256,030d6bb049591fda35c4e54df090bbc50eb1e12d8482c28cc71dffec7cef6fa0
2022-04-28,1,action_20,714,646,646,500,1.292,True,2022-04-28__group_01,exp3-full-20260807T072340Z,full,False,primary,exp3,2eebb3dfafa708ac36ff5b5fb2d215b77f5189e37ae94ea9afe8470831770580,e0c1288a22ea2cf3abde9f2c0887f795fe4c2e7d6f705d077ac9a8a819518e6d,source_tree_sha256,030d6bb049591fda35c4e54df090bbc50eb1e12d8482c28cc71dffec7cef6fa0
2022-04-28,2,action_01,4761,4470,4470,500,8.94,True,2022-04-28__group_02,exp3-full-20260807T072340Z,full,False,primary,exp3,2eebb3dfafa708ac36ff5b5fb2d215b77f5189e37ae94ea9afe8470831770580,e0c1288a22ea2cf3abde9f2c0887f795fe4c2e7d6f705d077ac9a8a819518e6d,source_tree_sha256,030d6bb049591fda35c4e54df090bbc50eb1e12d8482c28cc71dffec7cef6fa0
2022-04-28,2,action_02,2820,2543,2543,500,5.086,True,2022-04-28__group_02,exp3-full-20260807T072340Z,full,False,primary,exp3,2eebb3dfafa708ac36ff5b5fb2d215b77f5189e37ae94ea9afe8470831770580,e0c1288a22ea2cf3abde9f2c0887f795fe4c2e7d6f705d077ac9a8a819518e6d,source_tree_sha256,030d6bb049591fda35c4e54df090bbc50eb1e12d8482c28cc71dffec7cef6fa0
2022-04-28,2,action_03,2119,2099,2099,500,4.198,True,2022-04-28__group_02,exp3-full-20260807T072340Z,full,False,primary,exp3,2eebb3dfafa708ac36ff5b5fb2d215b77f5189e37ae94ea9afe8470831770580,e0c1288a22ea2cf3abde9f2c0887f795fe4c2e7d6f705d077ac9a8a819518e6d,source_tree_sha256,030d6bb049591fda35c4e54df090bbc50eb1e12d8482c28cc71dffec7cef6fa0
2022-04-28,2,action_04,2336,1360,1360,500,2.72,True,2022-04-28__group_02,exp3-full-20260807T072340Z,full,False,primary,exp3,2eebb3dfafa708ac36ff5b5fb2d215b77f5189e37ae94ea9afe8470831770580,e0c1288a22ea2cf3abde9f2c0887f795fe4c2e7d6f705d077ac9a8a819518e6d,source_tree_sha256,030d6bb049591fda35c4e54df090bbc50eb1e12d8482c28cc71dffec7cef6fa0
2022-04-28,2,action_05,1769,1221,1221,500,2.442,True,2022-04-28__group_02,exp3-full-20260807T072340Z,full,False,primary,exp3,2eebb3dfafa708ac36ff5b5fb2d215b77f5189e37ae94ea9afe8470831770580,e0c1288a22ea2cf3abde9f2c0887f795fe4c2e7d6f705d077ac9a8a819518e6d,source_tree_sha256,030d6bb049591fda35c4e54df090bbc50eb1e12d8482c28cc71dffec7cef6fa0
2022-04-28,2,action_06,1356,1377,1356,500,2.712,True,2022-04-28__group_02,exp3-full-20260807T072340Z,full,False,primary,exp3,2eebb3dfafa708ac36ff5b5fb2d215b77f5189e37ae94ea9afe8470831770580,e0c1288a22ea2cf3abde9f2c0887f795fe4c2e7d6f705d077ac9a8a819518e6d,source_tree_sha256,030d6bb049591fda35c4e54df090bbc50eb1e12d8482c28cc71dffec7cef6fa0
2022-04-28,2,action_07,1689,1418,1418,500,2.836,True,2022-04-28__group_02,exp3-full-20260807T072340Z,full,False,primary,exp3,2eebb3dfafa708ac36ff5b5fb2d215b77f5189e37ae94ea9afe8470831770580,e0c1288a22ea2cf3abde9f2c0887f795fe4c2e7d6f705d077ac9a8a819518e6d,source_tree_sha256,030d6bb049591fda35c4e54df090bbc50eb1e12d8482c28cc71dffec7cef6fa0
2022-04-28,2,action_08,1820,1961,1820,500,3.64,True,2022-04-28__group_02,exp3-full-20260807T072340Z,full,False,primary,exp3,2eebb3dfafa708ac36ff5b5fb2d215b77f5189e37ae94ea9afe8470831770580,e0c1288a22ea2cf3abde9f2c0887f795fe4c2e7d6f705d077ac9a8a819518e6d,source_tree_sha256,030d6bb049591fda35c4e54df090bbc50eb1e12d8482c28cc71dffec7cef6fa0
2022-04-28,2,action_09,1302,1255,1255,500,2.51,True,2022-04-28__group_02,exp3-full-20260807T072340Z,full,False,primary,exp3,2eebb3dfafa708ac36ff5b5fb2d215b77f5189e37ae94ea9afe8470831770580,e0c1288a22ea2cf3abde9f2c0887f795fe4c2e7d6f705d077ac9a8a819518e6d,source_tree_sha256,030d6bb049591fda35c4e54df090bbc50eb1e12d8482c28cc71dffec7cef6fa0
2022-04-28,2,action_10,1060,1015,1015,500,2.03,True,2022-04-28__group_02,exp3-full-20260807T072340Z,full,False,primary,exp3,2eebb3dfafa708ac36ff5b5fb2d215b77f5189e37ae94ea9afe8470831770580,e0c1288a22ea2cf3abde9f2c0887f795fe4c2e7d6f705d077ac9a8a819518e6d,source_tree_sha256,030d6bb049591fda35c4e54df090bbc50eb1e12d8482c28cc71dffec7cef6fa0
2022-04-28,2,action_11,980,706,706,500,1.412,True,2022-04-28__group_02,exp3-full-20260807T072340Z,full,False,primary,exp3,2eebb3dfafa708ac36ff5b5fb2d215b77f5189e37ae94ea9afe8470831770580,e0c1288a22ea2cf3abde9f2c0887f795fe4c2e7d6f705d077ac9a8a819518e6d,source_tree_sha256,030d6bb049591fda35c4e54df090bbc50eb1e12d8482c28cc71dffec7cef6fa0
2022-04-28,2,action_12,657,788,657,500,1.314,True,2022-04-28__group_02,exp3-full-20260807T072340Z,full,False,primary,exp3,2eebb3dfafa708ac36ff5b5fb2d215b77f5189e37ae94ea9afe8470831770580,e0c1288a22ea2cf3abde9f2c0887f795fe4c2e7d6f705d077ac9a8a819518e6d,source_tree_sha256,030d6bb049591fda35c4e54df090bbc50eb1e12d8482c28cc71dffec7cef6fa0
2022-04-28,2,action_13,739,764,739,500,1.478,True,2022-04-28__group_02,exp3-full-20260807T072340Z,full,False,primary,exp3,2eebb3dfafa708ac36ff5b5fb2d215b77f5189e37ae94ea9afe8470831770580,e0c1288a22ea2cf3abde9f2c0887f795fe4c2e7d6f705d077ac9a8a819518e6d,source_tree_sha256,030d6bb049591fda35c4e54df090bbc50eb1e12d8482c28cc71dffec7cef6fa0
2022-04-28,2,action_14,813,916,813,500,1.626,True,2022-04-28__group_02,exp3-full-20260807T072340Z,full,False,primary,exp3,2eebb3dfafa708ac36ff5b5fb2d215b77f5189e37ae94ea9afe8470831770580,e0c1288a22ea2cf3abde9f2c0887f795fe4c2e7d6f705d077ac9a8a819518e6d,source_tree_sha256,030d6bb049591fda35c4e54df090bbc50eb1e12d8482c28cc71dffec7cef6fa0
2022-04-28,2,action_15,818,623,623,500,1.246,True,2022-04-28__group_02,exp3-full-20260807T072340Z,full,False,primary,exp3,2eebb3dfafa708ac36ff5b5fb2d215b77f5189e37ae94ea9afe8470831770580,e0c1288a22ea2cf3abde9f2c0887f795fe4c2e7d6f705d077ac9a8a819518e6d,source_tree_sha256,030d6bb049591fda35c4e54df090bbc50eb1e12d8482c28cc71dffec7cef6fa0
2022-04-28,2,action_16,712,630,630,500,1.26,True,2022-04-28__group_02,exp3-full-20260807T072340Z,full,False,primary,exp3,2eebb3dfafa708ac36ff5b5fb2d215b77f5189e37ae94ea9afe8470831770580,e0c1288a22ea2cf3abde9f2c0887f795fe4c2e7d6f705d077ac9a8a819518e6d,source_tree_sha256,030d6bb049591fda35c4e54df090bbc50eb1e12d8482c28cc71dffec7cef6fa0
2022-04-28,2,action_17,831,692,692,500,1.384,True,2022-04-28__group_02,exp3-full-20260807T072340Z,full,False,primary,exp3,2eebb3dfafa708ac36ff5b5fb2d215b77f5189e37ae94ea9afe8470831770580,e0c1288a22ea2cf3abde9f2c0887f795fe4c2e7d6f705d077ac9a8a819518e6d,source_tree_sha256,030d6bb049591fda35c4e54df090bbc50eb1e12d8482c28cc71dffec7cef6fa0
2022-04-28,2,action_18,653,483,483,500,0.966,False,2022-04-28__group_02,exp3-full-20260807T072340Z,full,False,primary,exp3,2eebb3dfafa708ac36ff5b5fb2d215b77f5189e37ae94ea9afe8470831770580,e0c1288a22ea2cf3abde9f2c0887f795fe4c2e7d6f705d077ac9a8a819518e6d,source_tree_sha256,030d6bb049591fda35c4e54df090bbc50eb1e12d8482c28cc71dffec7cef6fa0
2022-04-28,2,action_19,744,571,571,500,1.142,True,2022-04-28__group_02,exp3-full-20260807T072340Z,full,False,primary,exp3,2eebb3dfafa708ac36ff5b5fb2d215b77f5189e37ae94ea9afe8470831770580,e0c1288a22ea2cf3abde9f2c0887f795fe4c2e7d6f705d077ac9a8a819518e6d,source_tree_sha256,030d6bb049591fda35c4e54df090bbc50eb1e12d8482c28cc71dffec7cef6fa0
2022-04-28,2,action_20,519,395,395,500,0.79,False,2022-04-28__group_02,exp3-full-20260807T072340Z,full,False,primary,exp3,2eebb3dfafa708ac36ff5b5fb2d215b77f5189e37ae94ea9afe8470831770580,e0c1288a22ea2cf3abde9f2c0887f795fe4c2e7d6f705d077ac9a8a819518e6d,source_tree_sha256,030d6bb049591fda35c4e54df090bbc50eb1e12d8482c28cc71dffec7cef6fa0
2022-04-28,3,action_01,3623,4676,3623,500,7.246,True,2022-04-28__group_03,exp3-full-20260807T072340Z,full,False,primary,exp3,2eebb3dfafa708ac36ff5b5fb2d215b77f5189e37ae94ea9afe8470831770580,e0c1288a22ea2cf3abde9f2c0887f795fe4c2e7d6f705d077ac9a8a819518e6d,source_tree_sha256,030d6bb049591fda35c4e54df090bbc50eb1e12d8482c28cc71dffec7cef6fa0
2022-04-28,3,action_02,2784,2258,2258,500,4.516,True,2022-04-28__group_03,exp3-full-20260807T072340Z,full,False,primary,exp3,2eebb3dfafa708ac36ff5b5fb2d215b77f5189e37ae94ea9afe8470831770580,e0c1288a22ea2cf3abde9f2c0887f795fe4c2e7d6f705d077ac9a8a819518e6d,source_tree_sha256,030d6bb049591fda35c4e54df090bbc50eb1e12d8482c28cc71dffec7cef6fa0
2022-04-28,3,action_03,1922,1999,1922,500,3.844,True,2022-04-28__group_03,exp3-full-20260807T072340Z,full,False,primary,exp3,2eebb3dfafa708ac36ff5b5fb2d215b77f5189e37ae94ea9afe8470831770580,e0c1288a22ea2cf3abde9f2c0887f795fe4c2e7d6f705d077ac9a8a819518e6d,source_tree_sha256,030d6bb049591fda35c4e54df090bbc50eb1e12d8482c28cc71dffec7cef6fa0
2022-04-28,3,action_04,1645,1851,1645,500,3.29,True,2022-04-28__group_03,exp3-full-20260807T072340Z,full,False,primary,exp3,2eebb3dfafa708ac36ff5b5fb2d215b77f5189e37ae94ea9afe8470831770580,e0c1288a22ea2cf3abde9f2c0887f795fe4c2e7d6f705d077ac9a8a819518e6d,source_tree_sha256,030d6bb049591fda35c4e54df090bbc50eb1e12d8482c28cc71dffec7cef6fa0
2022-04-28,3,action_05,1536,1324,1324,500,2.648,True,2022-04-28__group_03,exp3-full-20260807T072340Z,full,False,primary,exp3,2eebb3dfafa708ac36ff5b5fb2d215b77f5189e37ae94ea9afe8470831770580,e0c1288a22ea2cf3abde9f2c0887f795fe4c2e7d6f705d077ac9a8a819518e6d,source_tree_sha256,030d6bb049591fda35c4e54df090bbc50eb1e12d8482c28cc71dffec7cef6fa0
2022-04-28,3,action_06,1421,1662,1421,500,2.842,True,2022-04-28__group_03,exp3-full-20260807T072340Z,full,False,primary,exp3,2eebb3dfafa708ac36ff5b5fb2d215b77f5189e37ae94ea9afe8470831770580,e0c1288a22ea2cf3abde9f2c0887f795fe4c2e7d6f705d077ac9a8a819518e6d,source_tree_sha256,030d6bb049591fda35c4e54df090bbc50eb1e12d8482c28cc71dffec7cef6fa0
2022-04-28,3,action_07,1468,1634,1468,500,2.936,True,2022-04-28__group_03,exp3-full-20260807T072340Z,full,False,primary,exp3,2eebb3dfafa708ac36ff5b5fb2d215b77f5189e37ae94ea9afe8470831770580,e0c1288a22ea2cf3abde9f2c0887f795fe4c2e7d6f705d077ac9a8a819518e6d,source_tree_sha256,030d6bb049591fda35c4e54df090bbc50eb1e12d8482c28cc71dffec7cef6fa0
2022-04-28,3,action_08,1502,1641,1502,500,3.004,True,2022-04-28__group_03,exp3-full-20260807T072340Z,full,False,primary,exp3,2eebb3dfafa708ac36ff5b5fb2d215b77f5189e37ae94ea9afe8470831770580,e0c1288a22ea2cf3abde9f2c0887f795fe4c2e7d6f705d077ac9a8a819518e6d,source_tree_sha256,030d6bb049591fda35c4e54df090bbc50eb1e12d8482c28cc71dffec7cef6fa0
2022-04-28,3,action_09,643,884,643,500,1.286,True,2022-04-28__group_03,exp3-full-20260807T072340Z,full,False,primary,exp3,2eebb3dfafa708ac36ff5b5fb2d215b77f5189e37ae94ea9afe8470831770580,e0c1288a22ea2cf3abde9f2c0887f795fe4c2e7d6f705d077ac9a8a819518e6d,source_tree_sha256,030d6bb049591fda35c4e54df090bbc50eb1e12d8482c28cc71dffec7cef6fa0
2022-04-28,3,action_10,886,735,735,500,1.47,True,2022-04-28__group_03,exp3-full-20260807T072340Z,full,False,primary,exp3,2eebb3dfafa708ac36ff5b5fb2d215b77f5189e37ae94ea9afe8470831770580,e0c1288a22ea2cf3abde9f2c0887f795fe4c2e7d6f705d077ac9a8a819518e6d,source_tree_sha256,030d6bb049591fda35c4e54df090bbc50eb1e12d8482c28cc71dffec7cef6fa0
2022-04-28,3,action_11,505,678,505,500,1.01,True,2022-04-28__group_03,exp3-full-20260807T072340Z,full,False,primary,exp3,2eebb3dfafa708ac36ff5b5fb2d215b77f5189e37ae94ea9afe8470831770580,e0c1288a22ea2cf3abde9f2c0887f795fe4c2e7d6f705d077ac9a8a819518e6d,source_tree_sha256,030d6bb049591fda35c4e54df090bbc50eb1e12d8482c28cc71dffec7cef6fa0
2022-04-28,3,action_12,548,588,548,500,1.096,True,2022-04-28__group_03,exp3-full-20260807T072340Z,full,False,primary,exp3,2eebb3dfafa708ac36ff5b5fb2d215b77f5189e37ae94ea9afe8470831770580,e0c1288a22ea2cf3abde9f2c0887f795fe4c2e7d6f705d077ac9a8a819518e6d,source_tree_sha256,030d6bb049591fda35c4e54df090bbc50eb1e12d8482c28cc71dffec7cef6fa0
2022-04-28,3,action_13,838,977,838,500,1.676,True,2022-04-28__group_03,exp3-full-20260807T072340Z,full,False,primary,exp3,2eebb3dfafa708ac36ff5b5fb2d215b77f5189e37ae94ea9afe8470831770580,e0c1288a22ea2cf3abde9f2c0887f795fe4c2e7d6f705d077ac9a8a819518e6d,source_tree_sha256,030d6bb049591fda35c4e54df090bbc50eb1e12d8482c28cc71dffec7cef6fa0
2022-04-28,3,action_14,666,678,666,500,1.332,True,2022-04-28__group_03,exp3-full-20260807T072340Z,full,False,primary,exp3,2eebb3dfafa708ac36ff5b5fb2d215b77f5189e37ae94ea9afe8470831770580,e0c1288a22ea2cf3abde9f2c0887f795fe4c2e7d6f705d077ac9a8a819518e6d,source_tree_sha256,030d6bb049591fda35c4e54df090bbc50eb1e12d8482c28cc71dffec7cef6fa0
2022-04-28,3,action_15,687,631,631,500,1.262,True,2022-04-28__group_03,exp3-full-20260807T072340Z,full,False,primary,exp3,2eebb3dfafa708ac36ff5b5fb2d215b77f5189e37ae94ea9afe8470831770580,e0c1288a22ea2cf3abde9f2c0887f795fe4c2e7d6f705d077ac9a8a819518e6d,source_tree_sha256,030d6bb049591fda35c4e54df090bbc50eb1e12d8482c28cc71dffec7cef6fa0
2022-04-28,3,action_16,587,570,570,500,1.14,True,2022-04-28__group_03,exp3-full-20260807T072340Z,full,False,primary,exp3,2eebb3dfafa708ac36ff5b5fb2d215b77f5189e37ae94ea9afe8470831770580,e0c1288a22ea2cf3abde9f2c0887f795fe4c2e7d6f705d077ac9a8a819518e6d,source_tree_sha256,030d6bb049591fda35c4e54df090bbc50eb1e12d8482c28cc71dffec7cef6fa0
2022-04-28,3,action_17,930,736,736,500,1.472,True,2022-04-28__group_03,exp3-full-20260807T072340Z,full,False,primary,exp3,2eebb3dfafa708ac36ff5b5fb2d215b77f5189e37ae94ea9afe8470831770580,e0c1288a22ea2cf3abde9f2c0887f795fe4c2e7d6f705d077ac9a8a819518e6d,source_tree_sha256,030d6bb049591fda35c4e54df090bbc50eb1e12d8482c28cc71dffec7cef6fa0
2022-04-28,3,action_18,456,758,456,500,0.912,False,2022-04-28__group_03,exp3-full-20260807T072340Z,full,False,primary,exp3,2eebb3dfafa708ac36ff5b5fb2d215b77f5189e37ae94ea9afe8470831770580,e0c1288a22ea2cf3abde9f2c0887f795fe4c2e7d6f705d077ac9a8a819518e6d,source_tree_sha256,030d6bb049591fda35c4e54df090bbc50eb1e12d8482c28cc71dffec7cef6fa0
2022-04-28,3,action_19,546,616,546,500,1.092,True,2022-04-28__group_03,exp3-full-20260807T072340Z,full,False,primary,exp3,2eebb3dfafa708ac36ff5b5fb2d215b77f5189e37ae94ea9afe8470831770580,e0c1288a22ea2cf3abde9f2c0887f795fe4c2e7d6f705d077ac9a8a819518e6d,source_tree_sha256,030d6bb049591fda35c4e54df090bbc50eb1e12d8482c28cc71dffec7cef6fa0
2022-04-28,3,action_20,594,659,594,500,1.188,True,2022-04-28__group_03,exp3-full-20260807T072340Z,full,False,primary,exp3,2eebb3dfafa708ac36ff5b5fb2d215b77f5189e37ae94ea9afe8470831770580,e0c1288a22ea2cf3abde9f2c0887f795fe4c2e7d6f705d077ac9a8a819518e6d,source_tree_sha256,030d6bb049591fda35c4e54df090bbc50eb1e12d8482c28cc71dffec7cef6fa0
2022-04-28,4,action_01,4367,4399,4367,500,8.734,True,2022-04-28__group_04,exp3-full-20260807T072340Z,full,False,primary,exp3,2eebb3dfafa708ac36ff5b5fb2d215b77f5189e37ae94ea9afe8470831770580,e0c1288a22ea2cf3abde9f2c0887f795fe4c2e7d6f705d077ac9a8a819518e6d,source_tree_sha256,030d6bb049591fda35c4e54df090bbc50eb1e12d8482c28cc71dffec7cef6fa0
2022-04-28,4,action_02,3258,2326,2326,500,4.652,True,2022-04-28__group_04,exp3-full-20260807T072340Z,full,False,primary,exp3,2eebb3dfafa708ac36ff5b5fb2d215b77f5189e37ae94ea9afe8470831770580,e0c1288a22ea2cf3abde9f2c0887f795fe4c2e7d6f705d077ac9a8a819518e6d,source_tree_sha256,030d6bb049591fda35c4e54df090bbc50eb1e12d8482c28cc71dffec7cef6fa0
2022-04-28,4,action_03,2485,1944,1944,500,3.888,True,2022-04-28__group_04,exp3-full-20260807T072340Z,full,False,primary,exp3,2eebb3dfafa708ac36ff5b5fb2d215b77f5189e37ae94ea9afe8470831770580,e0c1288a22ea2cf3abde9f2c0887f795fe4c2e7d6f705d077ac9a8a819518e6d,source_tree_sha256,030d6bb049591fda35c4e54df090bbc50eb1e12d8482c28cc71dffec7cef6fa0
2022-04-28,4,action_04,2027,2095,2027,500,4.054,True,2022-04-28__group_04,exp3-full-20260807T072340Z,full,False,primary,exp3,2eebb3dfafa708ac36ff5b5fb2d215b77f5189e37ae94ea9afe8470831770580,e0c1288a22ea2cf3abde9f2c0887f795fe4c2e7d6f705d077ac9a8a819518e6d,source_tree_sha256,030d6bb049591fda35c4e54df090bbc50eb1e12d8482c28cc71dffec7cef6fa0
2022-04-28,4,action_05,2064,1420,1420,500,2.84,True,2022-04-28__group_04,exp3-full-20260807T072340Z,full,False,primary,exp3,2eebb3dfafa708ac36ff5b5fb2d215b77f5189e37ae94ea9afe8470831770580,e0c1288a22ea2cf3abde9f2c0887f795fe4c2e7d6f705d077ac9a8a819518e6d,source_tree_sha256,030d6bb049591fda35c4e54df090bbc50eb1e12d8482c28cc71dffec7cef6fa0
2022-04-28,4,action_06,1993,1845,1845,500,3.69,True,2022-04-28__group_04,exp3-full-20260807T072340Z,full,False,primary,exp3,2eebb3dfafa708ac36ff5b5fb2d215b77f5189e37ae94ea9afe8470831770580,e0c1288a22ea2cf3abde9f2c0887f795fe4c2e7d6f705d077ac9a8a819518e6d,source_tree_sha256,030d6bb049591fda35c4e54df090bbc50eb1e12d8482c28cc71dffec7cef6fa0
2022-04-28,4,action_07,1960,1483,1483,500,2.966,True,2022-04-28__group_04,exp3-full-20260807T072340Z,full,False,primary,exp3,2eebb3dfafa708ac36ff5b5fb2d215b77f5189e37ae94ea9afe8470831770580,e0c1288a22ea2cf3abde9f2c0887f795fe4c2e7d6f705d077ac9a8a819518e6d,source_tree_sha256,030d6bb049591fda35c4e54df090bbc50eb1e12d8482c28cc71dffec7cef6fa0
2022-04-28,4,action_08,1520,1386,1386,500,2.772,True,2022-04-28__group_04,exp3-full-20260807T072340Z,full,False,primary,exp3,2eebb3dfafa708ac36ff5b5fb2d215b77f5189e37ae94ea9afe8470831770580,e0c1288a22ea2cf3abde9f2c0887f795fe4c2e7d6f705d077ac9a8a819518e6d,source_tree_sha256,030d6bb049591fda35c4e54df090bbc50eb1e12d8482c28cc71dffec7cef6fa0
2022-04-28,4,action_09,1883,968,968,500,1.936,True,2022-04-28__group_04,exp3-full-20260807T072340Z,full,False,primary,exp3,2eebb3dfafa708ac36ff5b5fb2d215b77f5189e37ae94ea9afe8470831770580,e0c1288a22ea2cf3abde9f2c0887f795fe4c2e7d6f705d077ac9a8a819518e6d,source_tree_sha256,030d6bb049591fda35c4e54df090bbc50eb1e12d8482c28cc71dffec7cef6fa0
2022-04-28,4,action_10,993,1017,993,500,1.986,True,2022-04-28__group_04,exp3-full-20260807T072340Z,full,False,primary,exp3,2eebb3dfafa708ac36ff5b5fb2d215b77f5189e37ae94ea9afe8470831770580,e0c1288a22ea2cf3abde9f2c0887f795fe4c2e7d6f705d077ac9a8a819518e6d,source_tree_sha256,030d6bb049591fda35c4e54df090bbc50eb1e12d8482c28cc71dffec7cef6fa0
2022-04-28,4,action_11,1118,806,806,500,1.612,True,2022-04-28__group_04,exp3-full-20260807T072340Z,full,False,primary,exp3,2eebb3dfafa708ac36ff5b5fb2d215b77f5189e37ae94ea9afe8470831770580,e0c1288a22ea2cf3abde9f2c0887f795fe4c2e7d6f705d077ac9a8a819518e6d,source_tree_sha256,030d6bb049591fda35c4e54df090bbc50eb1e12d8482c28cc71dffec7cef6fa0
2022-04-28,4,action_12,523,850,523,500,1.046,True,2022-04-28__group_04,exp3-full-20260807T072340Z,full,False,primary,exp3,2eebb3dfafa708ac36ff5b5fb2d215b77f5189e37ae94ea9afe8470831770580,e0c1288a22ea2cf3abde9f2c0887f795fe4c2e7d6f705d077ac9a8a819518e6d,source_tree_sha256,030d6bb049591fda35c4e54df090bbc50eb1e12d8482c28cc71dffec7cef6fa0
2022-04-28,4,action_13,804,897,804,500,1.608,True,2022-04-28__group_04,exp3-full-20260807T072340Z,full,False,primary,exp3,2eebb3dfafa708ac36ff5b5fb2d215b77f5189e37ae94ea9afe8470831770580,e0c1288a22ea2cf3abde9f2c0887f795fe4c2e7d6f705d077ac9a8a819518e6d,source_tree_sha256,030d6bb049591fda35c4e54df090bbc50eb1e12d8482c28cc71dffec7cef6fa0
2022-04-28,4,action_14,933,543,543,500,1.086,True,2022-04-28__group_04,exp3-full-20260807T072340Z,full,False,primary,exp3,2eebb3dfafa708ac36ff5b5fb2d215b77f5189e37ae94ea9afe8470831770580,e0c1288a22ea2cf3abde9f2c0887f795fe4c2e7d6f705d077ac9a8a819518e6d,source_tree_sha256,030d6bb049591fda35c4e54df090bbc50eb1e12d8482c28cc71dffec7cef6fa0
2022-04-28,4,action_15,1038,862,862,500,1.724,True,2022-04-28__group_04,exp3-full-20260807T072340Z,full,False,primary,exp3,2eebb3dfafa708ac36ff5b5fb2d215b77f5189e37ae94ea9afe8470831770580,e0c1288a22ea2cf3abde9f2c0887f795fe4c2e7d6f705d077ac9a8a819518e6d,source_tree_sha256,030d6bb049591fda35c4e54df090bbc50eb1e12d8482c28cc71dffec7cef6fa0
2022-04-28,4,action_16,845,536,536,500,1.072,True,2022-04-28__group_04,exp3-full-20260807T072340Z,full,False,primary,exp3,2eebb3dfafa708ac36ff5b5fb2d215b77f5189e37ae94ea9afe8470831770580,e0c1288a22ea2cf3abde9f2c0887f795fe4c2e7d6f705d077ac9a8a819518e6d,source_tree_sha256,030d6bb049591fda35c4e54df090bbc50eb1e12d8482c28cc71dffec7cef6fa0
2022-04-28,4,action_17,1047,891,891,500,1.782,True,2022-04-28__group_04,exp3-full-20260807T072340Z,full,False,primary,exp3,2eebb3dfafa708ac36ff5b5fb2d215b77f5189e37ae94ea9afe8470831770580,e0c1288a22ea2cf3abde9f2c0887f795fe4c2e7d6f705d077ac9a8a819518e6d,source_tree_sha256,030d6bb049591fda35c4e54df090bbc50eb1e12d8482c28cc71dffec7cef6fa0
2022-04-28,4,action_18,877,819,819,500,1.638,True,2022-04-28__group_04,exp3-full-20260807T072340Z,full,False,primary,exp3,2eebb3dfafa708ac36ff5b5fb2d215b77f5189e37ae94ea9afe8470831770580,e0c1288a22ea2cf3abde9f2c0887f795fe4c2e7d6f705d077ac9a8a819518e6d,source_tree_sha256,030d6bb049591fda35c4e54df090bbc50eb1e12d8482c28cc71dffec7cef6fa0
2022-04-28,4,action_19,729,623,623,500,1.246,True,2022-04-28__group_04,exp3-full-20260807T072340Z,full,False,primary,exp3,2eebb3dfafa708ac36ff5b5fb2d215b77f5189e37ae94ea9afe8470831770580,e0c1288a22ea2cf3abde9f2c0887f795fe4c2e7d6f705d077ac9a8a819518e6d,source_tree_sha256,030d6bb049591fda35c4e54df090bbc50eb1e12d8482c28cc71dffec7cef6fa0
2022-04-28,4,action_20,682,419,419,500,0.838,False,2022-04-28__group_04,exp3-full-20260807T072340Z,full,False,primary,exp3,2eebb3dfafa708ac36ff5b5fb2d215b77f5189e37ae94ea9afe8470831770580,e0c1288a22ea2cf3abde9f2c0887f795fe4c2e7d6f705d077ac9a8a819518e6d,source_tree_sha256,030d6bb049591fda35c4e54df090bbc50eb1e12d8482c28cc71dffec7cef6fa0
2022-04-29,0,action_01,4942,5869,4942,500,9.884,True,2022-04-29__group_00,exp3-full-20260807T072340Z,full,False,primary,exp3,2eebb3dfafa708ac36ff5b5fb2d215b77f5189e37ae94ea9afe8470831770580,e0c1288a22ea2cf3abde9f2c0887f795fe4c2e7d6f705d077ac9a8a819518e6d,source_tree_sha256,030d6bb049591fda35c4e54df090bbc50eb1e12d8482c28cc71dffec7cef6fa0
2022-04-29,0,action_02,2538,3219,2538,500,5.076,True,2022-04-29__group_00,exp3-full-20260807T072340Z,full,False,primary,exp3,2eebb3dfafa708ac36ff5b5fb2d215b77f5189e37ae94ea9afe8470831770580,e0c1288a22ea2cf3abde9f2c0887f795fe4c2e7d6f705d077ac9a8a819518e6d,source_tree_sha256,030d6bb049591fda35c4e54df090bbc50eb1e12d8482c28cc71dffec7cef6fa0
2022-04-29,0,action_03,2274,3828,2274,500,4.548,True,2022-04-29__group_00,exp3-full-20260807T072340Z,full,False,primary,exp3,2eebb3dfafa708ac36ff5b5fb2d215b77f5189e37ae94ea9afe8470831770580,e0c1288a22ea2cf3abde9f2c0887f795fe4c2e7d6f705d077ac9a8a819518e6d,source_tree_sha256,030d6bb049591fda35c4e54df090bbc50eb1e12d8482c28cc71dffec7cef6fa0
2022-04-29,0,action_04,2774,3649,2774,500,5.548,True,2022-04-29__group_00,exp3-full-20260807T072340Z,full,False,primary,exp3,2eebb3dfafa708ac36ff5b5fb2d215b77f5189e37ae94ea9afe8470831770580,e0c1288a22ea2cf3abde9f2c0887f795fe4c2e7d6f705d077ac9a8a819518e6d,source_tree_sha256,030d6bb049591fda35c4e54df090bbc50eb1e12d8482c28cc71dffec7cef6fa0
2022-04-29,0,action_05,1783,2677,1783,500,3.566,True,2022-04-29__group_00,exp3-full-20260807T072340Z,full,False,primary,exp3,2eebb3dfafa708ac36ff5b5fb2d215b77f5189e37ae94ea9afe8470831770580,e0c1288a22ea2cf3abde9f2c0887f795fe4c2e7d6f705d077ac9a8a819518e6d,source_tree_sha256,030d6bb049591fda35c4e54df090bbc50eb1e12d8482c28cc71dffec7cef6fa0
2022-04-29,0,action_06,1723,2179,1723,500,3.446,True,2022-04-29__group_00,exp3-full-20260807T072340Z,full,False,primary,exp3,2eebb3dfafa708ac36ff5b5fb2d215b77f5189e37ae94ea9afe8470831770580,e0c1288a22ea2cf3abde9f2c0887f795fe4c2e7d6f705d077ac9a8a819518e6d,source_tree_sha256,030d6bb049591fda35c4e54df090bbc50eb1e12d8482c28cc71dffec7cef6fa0
2022-04-29,0,action_07,1742,2027,1742,500,3.484,True,2022-04-29__group_00,exp3-full-20260807T072340Z,full,False,primary,exp3,2eebb3dfafa708ac36ff5b5fb2d215b77f5189e37ae94ea9afe8470831770580,e0c1288a22ea2cf3abde9f2c0887f795fe4c2e7d6f705d077ac9a8a819518e6d,source_tree_sha256,030d6bb049591fda35c4e54df090bbc50eb1e12d8482c28cc71dffec7cef6fa0
2022-04-29,0,action_08,1763,3125,1763,500,3.526,True,2022-04-29__group_00,exp3-full-20260807T072340Z,full,False,primary,exp3,2eebb3dfafa708ac36ff5b5fb2d215b77f5189e37ae94ea9afe8470831770580,e0c1288a22ea2cf3abde9f2c0887f795fe4c2e7d6f705d077ac9a8a819518e6d,source_tree_sha256,030d6bb049591fda35c4e54df090bbc50eb1e12d8482c28cc71dffec7cef6fa0
2022-04-29,0,action_09,1157,1691,1157,500,2.314,True,2022-04-29__group_00,exp3-full-20260807T072340Z,full,False,primary,exp3,2eebb3dfafa708ac36ff5b5fb2d215b77f5189e37ae94ea9afe8470831770580,e0c1288a22ea2cf3abde9f2c0887f795fe4c2e7d6f705d077ac9a8a819518e6d,source_tree_sha256,030d6bb049591fda35c4e54df090bbc50eb1e12d8482c28cc71dffec7cef6fa0
2022-04-29,0,action_10,1285,2309,1285,500,2.57,True,2022-04-29__group_00,exp3-full-20260807T072340Z,full,False,primary,exp3,2eebb3dfafa708ac36ff5b5fb2d215b77f5189e37ae94ea9afe8470831770580,e0c1288a22ea2cf3abde9f2c0887f795fe4c2e7d6f705d077ac9a8a819518e6d,source_tree_sha256,030d6bb049591fda35c4e54df090bbc50eb1e12d8482c28cc71dffec7cef6fa0
2022-04-29,0,action_11,1065,1618,1065,500,2.13,True,2022-04-29__group_00,exp3-full-20260807T072340Z,full,False,primary,exp3,2eebb3dfafa708ac36ff5b5fb2d215b77f5189e37ae94ea9afe8470831770580,e0c1288a22ea2cf3abde9f2c0887f795fe4c2e7d6f705d077ac9a8a819518e6d,source_tree_sha256,030d6bb049591fda35c4e54df090bbc50eb1e12d8482c28cc71dffec7cef6fa0
2022-04-29,0,action_12,805,1478,805,500,1.61,True,2022-04-29__group_00,exp3-full-20260807T072340Z,full,False,primary,exp3,2eebb3dfafa708ac36ff5b5fb2d215b77f5189e37ae94ea9afe8470831770580,e0c1288a22ea2cf3abde9f2c0887f795fe4c2e7d6f705d077ac9a8a819518e6d,source_tree_sha256,030d6bb049591fda35c4e54df090bbc50eb1e12d8482c28cc71dffec7cef6fa0
2022-04-29,0,action_13,787,987,787,500,1.574,True,2022-04-29__group_00,exp3-full-20260807T072340Z,full,False,primary,exp3,2eebb3dfafa708ac36ff5b5fb2d215b77f5189e37ae94ea9afe8470831770580,e0c1288a22ea2cf3abde9f2c0887f795fe4c2e7d6f705d077ac9a8a819518e6d,source_tree_sha256,030d6bb049591fda35c4e54df090bbc50eb1e12d8482c28cc71dffec7cef6fa0
2022-04-29,0,action_14,659,1269,659,500,1.318,True,2022-04-29__group_00,exp3-full-20260807T072340Z,full,False,primary,exp3,2eebb3dfafa708ac36ff5b5fb2d215b77f5189e37ae94ea9afe8470831770580,e0c1288a22ea2cf3abde9f2c0887f795fe4c2e7d6f705d077ac9a8a819518e6d,source_tree_sha256,030d6bb049591fda35c4e54df090bbc50eb1e12d8482c28cc71dffec7cef6fa0
2022-04-29,0,action_15,869,1311,869,500,1.738,True,2022-04-29__group_00,exp3-full-20260807T072340Z,full,False,primary,exp3,2eebb3dfafa708ac36ff5b5fb2d215b77f5189e37ae94ea9afe8470831770580,e0c1288a22ea2cf3abde9f2c0887f795fe4c2e7d6f705d077ac9a8a819518e6d,source_tree_sha256,030d6bb049591fda35c4e54df090bbc50eb1e12d8482c28cc71dffec7cef6fa0
2022-04-29,0,action_16,787,1574,787,500,1.574,True,2022-04-29__group_00,exp3-full-20260807T072340Z,full,False,primary,exp3,2eebb3dfafa708ac36ff5b5fb2d215b77f5189e37ae94ea9afe8470831770580,e0c1288a22ea2cf3abde9f2c0887f795fe4c2e7d6f705d077ac9a8a819518e6d,source_tree_sha256,030d6bb049591fda35c4e54df090bbc50eb1e12d8482c28cc71dffec7cef6fa0
2022-04-29,0,action_17,874,975,874,500,1.748,True,2022-04-29__group_00,exp3-full-20260807T072340Z,full,False,primary,exp3,2eebb3dfafa708ac36ff5b5fb2d215b77f5189e37ae94ea9afe8470831770580,e0c1288a22ea2cf3abde9f2c0887f795fe4c2e7d6f705d077ac9a8a819518e6d,source_tree_sha256,030d6bb049591fda35c4e54df090bbc50eb1e12d8482c28cc71dffec7cef6fa0
2022-04-29,0,action_18,681,767,681,500,1.362,True,2022-04-29__group_00,exp3-full-20260807T072340Z,full,False,primary,exp3,2eebb3dfafa708ac36ff5b5fb2d215b77f5189e37ae94ea9afe8470831770580,e0c1288a22ea2cf3abde9f2c0887f795fe4c2e7d6f705d077ac9a8a819518e6d,source_tree_sha256,030d6bb049591fda35c4e54df090bbc50eb1e12d8482c28cc71dffec7cef6fa0
2022-04-29,0,action_19,680,824,680,500,1.36,True,2022-04-29__group_00,exp3-full-20260807T072340Z,full,False,primary,exp3,2eebb3dfafa708ac36ff5b5fb2d215b77f5189e37ae94ea9afe8470831770580,e0c1288a22ea2cf3abde9f2c0887f795fe4c2e7d6f705d077ac9a8a819518e6d,source_tree_sha256,030d6bb049591fda35c4e54df090bbc50eb1e12d8482c28cc71dffec7cef6fa0
2022-04-29,0,action_20,370,632,370,500,0.74,False,2022-04-29__group_00,exp3-full-20260807T072340Z,full,False,primary,exp3,2eebb3dfafa708ac36ff5b5fb2d215b77f5189e37ae94ea9afe8470831770580,e0c1288a22ea2cf3abde9f2c0887f795fe4c2e7d6f705d077ac9a8a819518e6d,source_tree_sha256,030d6bb049591fda35c4e54df090bbc50eb1e12d8482c28cc71dffec7cef6fa0
2022-04-29,1,action_01,5417,6219,5417,500,10.834,True,2022-04-29__group_01,exp3-full-20260807T072340Z,full,False,primary,exp3,2eebb3dfafa708ac36ff5b5fb2d215b77f5189e37ae94ea9afe8470831770580,e0c1288a22ea2cf3abde9f2c0887f795fe4c2e7d6f705d077ac9a8a819518e6d,source_tree_sha256,030d6bb049591fda35c4e54df090bbc50eb1e12d8482c28cc71dffec7cef6fa0
2022-04-29,1,action_02,2626,2638,2626,500,5.252,True,2022-04-29__group_01,exp3-full-20260807T072340Z,full,False,primary,exp3,2eebb3dfafa708ac36ff5b5fb2d215b77f5189e37ae94ea9afe8470831770580,e0c1288a22ea2cf3abde9f2c0887f795fe4c2e7d6f705d077ac9a8a819518e6d,source_tree_sha256,030d6bb049591fda35c4e54df090bbc50eb1e12d8482c28cc71dffec7cef6fa0
2022-04-29,1,action_03,2501,2384,2384,500,4.768,True,2022-04-29__group_01,exp3-full-20260807T072340Z,full,False,primary,exp3,2eebb3dfafa708ac36ff5b5fb2d215b77f5189e37ae94ea9afe8470831770580,e0c1288a22ea2cf3abde9f2c0887f795fe4c2e7d6f705d077ac9a8a819518e6d,source_tree_sha256,030d6bb049591fda35c4e54df090bbc50eb1e12d8482c28cc71dffec7cef6fa0
2022-04-29,1,action_04,2220,2851,2220,500,4.44,True,2022-04-29__group_01,exp3-full-20260807T072340Z,full,False,primary,exp3,2eebb3dfafa708ac36ff5b5fb2d215b77f5189e37ae94ea9afe8470831770580,e0c1288a22ea2cf3abde9f2c0887f795fe4c2e7d6f705d077ac9a8a819518e6d,source_tree_sha256,030d6bb049591fda35c4e54df090bbc50eb1e12d8482c28cc71dffec7cef6fa0
2022-04-29,1,action_05,1521,2108,1521,500,3.042,True,2022-04-29__group_01,exp3-full-20260807T072340Z,full,False,primary,exp3,2eebb3dfafa708ac36ff5b5fb2d215b77f5189e37ae94ea9afe8470831770580,e0c1288a22ea2cf3abde9f2c0887f795fe4c2e7d6f705d077ac9a8a819518e6d,source_tree_sha256,030d6bb049591fda35c4e54df090bbc50eb1e12d8482c28cc71dffec7cef6fa0
2022-04-29,1,action_06,886,2414,886,500,1.772,True,2022-04-29__group_01,exp3-full-20260807T072340Z,full,False,primary,exp3,2eebb3dfafa708ac36ff5b5fb2d215b77f5189e37ae94ea9afe8470831770580,e0c1288a22ea2cf3abde9f2c0887f795fe4c2e7d6f705d077ac9a8a819518e6d,source_tree_sha256,030d6bb049591fda35c4e54df090bbc50eb1e12d8482c28cc71dffec7cef6fa0
2022-04-29,1,action_07,1818,1839,1818,500,3.636,True,2022-04-29__group_01,exp3-full-20260807T072340Z,full,False,primary,exp3,2eebb3dfafa708ac36ff5b5fb2d215b77f5189e37ae94ea9afe8470831770580,e0c1288a22ea2cf3abde9f2c0887f795fe4c2e7d6f705d077ac9a8a819518e6d,source_tree_sha256,030d6bb049591fda35c4e54df090bbc50eb1e12d8482c28cc71dffec7cef6fa0
2022-04-29,1,action_08,1744,2112,1744,500,3.488,True,2022-04-29__group_01,exp3-full-20260807T072340Z,full,False,primary,exp3,2eebb3dfafa708ac36ff5b5fb2d215b77f5189e37ae94ea9afe8470831770580,e0c1288a22ea2cf3abde9f2c0887f795fe4c2e7d6f705d077ac9a8a819518e6d,source_tree_sha256,030d6bb049591fda35c4e54df090bbc50eb1e12d8482c28cc71dffec7cef6fa0
2022-04-29,1,action_09,1227,1463,1227,500,2.454,True,2022-04-29__group_01,exp3-full-20260807T072340Z,full,False,primary,exp3,2eebb3dfafa708ac36ff5b5fb2d215b77f5189e37ae94ea9afe8470831770580,e0c1288a22ea2cf3abde9f2c0887f795fe4c2e7d6f705d077ac9a8a819518e6d,source_tree_sha256,030d6bb049591fda35c4e54df090bbc50eb1e12d8482c28cc71dffec7cef6fa0
2022-04-29,1,action_10,1395,1397,1395,500,2.79,True,2022-04-29__group_01,exp3-full-20260807T072340Z,full,False,primary,exp3,2eebb3dfafa708ac36ff5b5fb2d215b77f5189e37ae94ea9afe8470831770580,e0c1288a22ea2cf3abde9f2c0887f795fe4c2e7d6f705d077ac9a8a819518e6d,source_tree_sha256,030d6bb049591fda35c4e54df090bbc50eb1e12d8482c28cc71dffec7cef6fa0
2022-04-29,1,action_11,791,1091,791,500,1.582,True,2022-04-29__group_01,exp3-full-20260807T072340Z,full,False,primary,exp3,2eebb3dfafa708ac36ff5b5fb2d215b77f5189e37ae94ea9afe8470831770580,e0c1288a22ea2cf3abde9f2c0887f795fe4c2e7d6f705d077ac9a8a819518e6d,source_tree_sha256,030d6bb049591fda35c4e54df090bbc50eb1e12d8482c28cc71dffec7cef6fa0
2022-04-29,1,action_12,817,1126,817,500,1.634,True,2022-04-29__group_01,exp3-full-20260807T072340Z,full,False,primary,exp3,2eebb3dfafa708ac36ff5b5fb2d215b77f5189e37ae94ea9afe8470831770580,e0c1288a22ea2cf3abde9f2c0887f795fe4c2e7d6f705d077ac9a8a819518e6d,source_tree_sha256,030d6bb049591fda35c4e54df090bbc50eb1e12d8482c28cc71dffec7cef6fa0
2022-04-29,1,action_13,682,895,682,500,1.364,True,2022-04-29__group_01,exp3-full-20260807T072340Z,full,False,primary,exp3,2eebb3dfafa708ac36ff5b5fb2d215b77f5189e37ae94ea9afe8470831770580,e0c1288a22ea2cf3abde9f2c0887f795fe4c2e7d6f705d077ac9a8a819518e6d,source_tree_sha256,030d6bb049591fda35c4e54df090bbc50eb1e12d8482c28cc71dffec7cef6fa0
2022-04-29,1,action_14,598,914,598,500,1.196,True,2022-04-29__group_01,exp3-full-20260807T072340Z,full,False,primary,exp3,2eebb3dfafa708ac36ff5b5fb2d215b77f5189e37ae94ea9afe8470831770580,e0c1288a22ea2cf3abde9f2c0887f795fe4c2e7d6f705d077ac9a8a819518e6d,source_tree_sha256,030d6bb049591fda35c4e54df090bbc50eb1e12d8482c28cc71dffec7cef6fa0
2022-04-29,1,action_15,613,984,613,500,1.226,True,2022-04-29__group_01,exp3-full-20260807T072340Z,full,False,primary,exp3,2eebb3dfafa708ac36ff5b5fb2d215b77f5189e37ae94ea9afe8470831770580,e0c1288a22ea2cf3abde9f2c0887f795fe4c2e7d6f705d077ac9a8a819518e6d,source_tree_sha256,030d6bb049591fda35c4e54df090bbc50eb1e12d8482c28cc71dffec7cef6fa0
2022-04-29,1,action_16,714,948,714,500,1.428,True,2022-04-29__group_01,exp3-full-20260807T072340Z,full,False,primary,exp3,2eebb3dfafa708ac36ff5b5fb2d215b77f5189e37ae94ea9afe8470831770580,e0c1288a22ea2cf3abde9f2c0887f795fe4c2e7d6f705d077ac9a8a819518e6d,source_tree_sha256,030d6bb049591fda35c4e54df090bbc50eb1e12d8482c28cc71dffec7cef6fa0
2022-04-29,1,action_17,868,1058,868,500,1.736,True,2022-04-29__group_01,exp3-full-20260807T072340Z,full,False,primary,exp3,2eebb3dfafa708ac36ff5b5fb2d215b77f5189e37ae94ea9afe8470831770580,e0c1288a22ea2cf3abde9f2c0887f795fe4c2e7d6f705d077ac9a8a819518e6d,source_tree_sha256,030d6bb049591fda35c4e54df090bbc50eb1e12d8482c28cc71dffec7cef6fa0
2022-04-29,1,action_18,699,752,699,500,1.398,True,2022-04-29__group_01,exp3-full-20260807T072340Z,full,False,primary,exp3,2eebb3dfafa708ac36ff5b5fb2d215b77f5189e37ae94ea9afe8470831770580,e0c1288a22ea2cf3abde9f2c0887f795fe4c2e7d6f705d077ac9a8a819518e6d,source_tree_sha256,030d6bb049591fda35c4e54df090bbc50eb1e12d8482c28cc71dffec7cef6fa0
2022-04-29,1,action_19,1016,851,851,500,1.702,True,2022-04-29__group_01,exp3-full-20260807T072340Z,full,False,primary,exp3,2eebb3dfafa708ac36ff5b5fb2d215b77f5189e37ae94ea9afe8470831770580,e0c1288a22ea2cf3abde9f2c0887f795fe4c2e7d6f705d077ac9a8a819518e6d,source_tree_sha256,030d6bb049591fda35c4e54df090bbc50eb1e12d8482c28cc71dffec7cef6fa0
2022-04-29,1,action_20,826,653,653,500,1.306,True,2022-04-29__group_01,exp3-full-20260807T072340Z,full,False,primary,exp3,2eebb3dfafa708ac36ff5b5fb2d215b77f5189e37ae94ea9afe8470831770580,e0c1288a22ea2cf3abde9f2c0887f795fe4c2e7d6f705d077ac9a8a819518e6d,source_tree_sha256,030d6bb049591fda35c4e54df090bbc50eb1e12d8482c28cc71dffec7cef6fa0
2022-04-29,2,action_01,5723,3894,3894,500,7.788,True,2022-04-29__group_02,exp3-full-20260807T072340Z,full,False,primary,exp3,2eebb3dfafa708ac36ff5b5fb2d215b77f5189e37ae94ea9afe8470831770580,e0c1288a22ea2cf3abde9f2c0887f795fe4c2e7d6f705d077ac9a8a819518e6d,source_tree_sha256,030d6bb049591fda35c4e54df090bbc50eb1e12d8482c28cc71dffec7cef6fa0
2022-04-29,2,action_02,3086,2251,2251,500,4.502,True,2022-04-29__group_02,exp3-full-20260807T072340Z,full,False,primary,exp3,2eebb3dfafa708ac36ff5b5fb2d215b77f5189e37ae94ea9afe8470831770580,e0c1288a22ea2cf3abde9f2c0887f795fe4c2e7d6f705d077ac9a8a819518e6d,source_tree_sha256,030d6bb049591fda35c4e54df090bbc50eb1e12d8482c28cc71dffec7cef6fa0
2022-04-29,2,action_03,2621,1939,1939,500,3.878,True,2022-04-29__group_02,exp3-full-20260807T072340Z,full,False,primary,exp3,2eebb3dfafa708ac36ff5b5fb2d215b77f5189e37ae94ea9afe8470831770580,e0c1288a22ea2cf3abde9f2c0887f795fe4c2e7d6f705d077ac9a8a819518e6d,source_tree_sha256,030d6bb049591fda35c4e54df090bbc50eb1e12d8482c28cc71dffec7cef6fa0
2022-04-29,2,action_04,3073,1341,1341,500,2.682,True,2022-04-29__group_02,exp3-full-20260807T072340Z,full,False,primary,exp3,2eebb3dfafa708ac36ff5b5fb2d215b77f5189e37ae94ea9afe8470831770580,e0c1288a22ea2cf3abde9f2c0887f795fe4c2e7d6f705d077ac9a8a819518e6d,source_tree_sha256,030d6bb049591fda35c4e54df090bbc50eb1e12d8482c28cc71dffec7cef6fa0
2022-04-29,2,action_05,2510,1073,1073,500,2.146,True,2022-04-29__group_02,exp3-full-20260807T072340Z,full,False,primary,exp3,2eebb3dfafa708ac36ff5b5fb2d215b77f5189e37ae94ea9afe8470831770580,e0c1288a22ea2cf3abde9f2c0887f795fe4c2e7d6f705d077ac9a8a819518e6d,source_tree_sha256,030d6bb049591fda35c4e54df090bbc50eb1e12d8482c28cc71dffec7cef6fa0
2022-04-29,2,action_06,2148,1491,1491,500,2.982,True,2022-04-29__group_02,exp3-full-20260807T072340Z,full,False,primary,exp3,2eebb3dfafa708ac36ff5b5fb2d215b77f5189e37ae94ea9afe8470831770580,e0c1288a22ea2cf3abde9f2c0887f795fe4c2e7d6f705d077ac9a8a819518e6d,source_tree_sha256,030d6bb049591fda35c4e54df090bbc50eb1e12d8482c28cc71dffec7cef6fa0
2022-04-29,2,action_07,2299,1407,1407,500,2.814,True,2022-04-29__group_02,exp3-full-20260807T072340Z,full,False,primary,exp3,2eebb3dfafa708ac36ff5b5fb2d215b77f5189e37ae94ea9afe8470831770580,e0c1288a22ea2cf3abde9f2c0887f795fe4c2e7d6f705d077ac9a8a819518e6d,source_tree_sha256,030d6bb049591fda35c4e54df090bbc50eb1e12d8482c28cc71dffec7cef6fa0
2022-04-29,2,action_08,2160,1461,1461,500,2.922,True,2022-04-29__group_02,exp3-full-20260807T072340Z,full,False,primary,exp3,2eebb3dfafa708ac36ff5b5fb2d215b77f5189e37ae94ea9afe8470831770580,e0c1288a22ea2cf3abde9f2c0887f795fe4c2e7d6f705d077ac9a8a819518e6d,source_tree_sha256,030d6bb049591fda35c4e54df090bbc50eb1e12d8482c28cc71dffec7cef6fa0
2022-04-29,2,action_09,2074,993,993,500,1.986,True,2022-04-29__group_02,exp3-full-20260807T072340Z,full,False,primary,exp3,2eebb3dfafa708ac36ff5b5fb2d215b77f5189e37ae94ea9afe8470831770580,e0c1288a22ea2cf3abde9f2c0887f795fe4c2e7d6f705d077ac9a8a819518e6d,source_tree_sha256,030d6bb049591fda35c4e54df090bbc50eb1e12d8482c28cc71dffec7cef6fa0
2022-04-29,2,action_10,1392,1185,1185,500,2.37,True,2022-04-29__group_02,exp3-full-20260807T072340Z,full,False,primary,exp3,2eebb3dfafa708ac36ff5b5fb2d215b77f5189e37ae94ea9afe8470831770580,e0c1288a22ea2cf3abde9f2c0887f795fe4c2e7d6f705d077ac9a8a819518e6d,source_tree_sha256,030d6bb049591fda35c4e54df090bbc50eb1e12d8482c28cc71dffec7cef6fa0
2022-04-29,2,action_11,1151,673,673,500,1.346,True,2022-04-29__group_02,exp3-full-20260807T072340Z,full,False,primary,exp3,2eebb3dfafa708ac36ff5b5fb2d215b77f5189e37ae94ea9afe8470831770580,e0c1288a22ea2cf3abde9f2c0887f795fe4c2e7d6f705d077ac9a8a819518e6d,source_tree_sha256,030d6bb049591fda35c4e54df090bbc50eb1e12d8482c28cc71dffec7cef6fa0
2022-04-29,2,action_12,977,739,739,500,1.478,True,2022-04-29__group_02,exp3-full-20260807T072340Z,full,False,primary,exp3,2eebb3dfafa708ac36ff5b5fb2d215b77f5189e37ae94ea9afe8470831770580,e0c1288a22ea2cf3abde9f2c0887f795fe4c2e7d6f705d077ac9a8a819518e6d,source_tree_sha256,030d6bb049591fda35c4e54df090bbc50eb1e12d8482c28cc71dffec7cef6fa0
2022-04-29,2,action_13,1211,776,776,500,1.552,True,2022-04-29__group_02,exp3-full-20260807T072340Z,full,False,primary,exp3,2eebb3dfafa708ac36ff5b5fb2d215b77f5189e37ae94ea9afe8470831770580,e0c1288a22ea2cf3abde9f2c0887f795fe4c2e7d6f705d077ac9a8a819518e6d,source_tree_sha256,030d6bb049591fda35c4e54df090bbc50eb1e12d8482c28cc71dffec7cef6fa0
2022-04-29,2,action_14,1209,760,760,500,1.52,True,2022-04-29__group_02,exp3-full-20260807T072340Z,full,False,primary,exp3,2eebb3dfafa708ac36ff5b5fb2d215b77f5189e37ae94ea9afe8470831770580,e0c1288a22ea2cf3abde9f2c0887f795fe4c2e7d6f705d077ac9a8a819518e6d,source_tree_sha256,030d6bb049591fda35c4e54df090bbc50eb1e12d8482c28cc71dffec7cef6fa0
2022-04-29,2,action_15,1116,572,572,500,1.144,True,2022-04-29__group_02,exp3-full-20260807T072340Z,full,False,primary,exp3,2eebb3dfafa708ac36ff5b5fb2d215b77f5189e37ae94ea9afe8470831770580,e0c1288a22ea2cf3abde9f2c0887f795fe4c2e7d6f705d077ac9a8a819518e6d,source_tree_sha256,030d6bb049591fda35c4e54df090bbc50eb1e12d8482c28cc71dffec7cef6fa0
2022-04-29,2,action_16,835,587,587,500,1.174,True,2022-04-29__group_02,exp3-full-20260807T072340Z,full,False,primary,exp3,2eebb3dfafa708ac36ff5b5fb2d215b77f5189e37ae94ea9afe8470831770580,e0c1288a22ea2cf3abde9f2c0887f795fe4c2e7d6f705d077ac9a8a819518e6d,source_tree_sha256,030d6bb049591fda35c4e54df090bbc50eb1e12d8482c28cc71dffec7cef6fa0
2022-04-29,2,action_17,1007,730,730,500,1.46,True,2022-04-29__group_02,exp3-full-20260807T072340Z,full,False,primary,exp3,2eebb3dfafa708ac36ff5b5fb2d215b77f5189e37ae94ea9afe8470831770580,e0c1288a22ea2cf3abde9f2c0887f795fe4c2e7d6f705d077ac9a8a819518e6d,source_tree_sha256,030d6bb049591fda35c4e54df090bbc50eb1e12d8482c28cc71dffec7cef6fa0
2022-04-29,2,action_18,1058,584,584,500,1.168,True,2022-04-29__group_02,exp3-full-20260807T072340Z,full,False,primary,exp3,2eebb3dfafa708ac36ff5b5fb2d215b77f5189e37ae94ea9afe8470831770580,e0c1288a22ea2cf3abde9f2c0887f795fe4c2e7d6f705d077ac9a8a819518e6d,source_tree_sha256,030d6bb049591fda35c4e54df090bbc50eb1e12d8482c28cc71dffec7cef6fa0
2022-04-29,2,action_19,1077,631,631,500,1.262,True,2022-04-29__group_02,exp3-full-20260807T072340Z,full,False,primary,exp3,2eebb3dfafa708ac36ff5b5fb2d215b77f5189e37ae94ea9afe8470831770580,e0c1288a22ea2cf3abde9f2c0887f795fe4c2e7d6f705d077ac9a8a819518e6d,source_tree_sha256,030d6bb049591fda35c4e54df090bbc50eb1e12d8482c28cc71dffec7cef6fa0
2022-04-29,2,action_20,745,351,351,500,0.702,False,2022-04-29__group_02,exp3-full-20260807T072340Z,full,False,primary,exp3,2eebb3dfafa708ac36ff5b5fb2d215b77f5189e37ae94ea9afe8470831770580,e0c1288a22ea2cf3abde9f2c0887f795fe4c2e7d6f705d077ac9a8a819518e6d,source_tree_sha256,030d6bb049591fda35c4e54df090bbc50eb1e12d8482c28cc71dffec7cef6fa0
2022-04-29,3,action_01,4052,4260,4052,500,8.104,True,2022-04-29__group_03,exp3-full-20260807T072340Z,full,False,primary,exp3,2eebb3dfafa708ac36ff5b5fb2d215b77f5189e37ae94ea9afe8470831770580,e0c1288a22ea2cf3abde9f2c0887f795fe4c2e7d6f705d077ac9a8a819518e6d,source_tree_sha256,030d6bb049591fda35c4e54df090bbc50eb1e12d8482c28cc71dffec7cef6fa0
2022-04-29,3,action_02,2311,2104,2104,500,4.208,True,2022-04-29__group_03,exp3-full-20260807T072340Z,full,False,primary,exp3,2eebb3dfafa708ac36ff5b5fb2d215b77f5189e37ae94ea9afe8470831770580,e0c1288a22ea2cf3abde9f2c0887f795fe4c2e7d6f705d077ac9a8a819518e6d,source_tree_sha256,030d6bb049591fda35c4e54df090bbc50eb1e12d8482c28cc71dffec7cef6fa0
2022-04-29,3,action_03,2083,1879,1879,500,3.758,True,2022-04-29__group_03,exp3-full-20260807T072340Z,full,False,primary,exp3,2eebb3dfafa708ac36ff5b5fb2d215b77f5189e37ae94ea9afe8470831770580,e0c1288a22ea2cf3abde9f2c0887f795fe4c2e7d6f705d077ac9a8a819518e6d,source_tree_sha256,030d6bb049591fda35c4e54df090bbc50eb1e12d8482c28cc71dffec7cef6fa0
2022-04-29,3,action_04,1833,2034,1833,500,3.666,True,2022-04-29__group_03,exp3-full-20260807T072340Z,full,False,primary,exp3,2eebb3dfafa708ac36ff5b5fb2d215b77f5189e37ae94ea9afe8470831770580,e0c1288a22ea2cf3abde9f2c0887f795fe4c2e7d6f705d077ac9a8a819518e6d,source_tree_sha256,030d6bb049591fda35c4e54df090bbc50eb1e12d8482c28cc71dffec7cef6fa0
2022-04-29,3,action_05,1756,1499,1499,500,2.998,True,2022-04-29__group_03,exp3-full-20260807T072340Z,full,False,primary,exp3,2eebb3dfafa708ac36ff5b5fb2d215b77f5189e37ae94ea9afe8470831770580,e0c1288a22ea2cf3abde9f2c0887f795fe4c2e7d6f705d077ac9a8a819518e6d,source_tree_sha256,030d6bb049591fda35c4e54df090bbc50eb1e12d8482c28cc71dffec7cef6fa0
2022-04-29,3,action_06,1988,1521,1521,500,3.042,True,2022-04-29__group_03,exp3-full-20260807T072340Z,full,False,primary,exp3,2eebb3dfafa708ac36ff5b5fb2d215b77f5189e37ae94ea9afe8470831770580,e0c1288a22ea2cf3abde9f2c0887f795fe4c2e7d6f705d077ac9a8a819518e6d,source_tree_sha256,030d6bb049591fda35c4e54df090bbc50eb1e12d8482c28cc71dffec7cef6fa0
2022-04-29,3,action_07,1465,1439,1439,500,2.878,True,2022-04-29__group_03,exp3-full-20260807T072340Z,full,False,primary,exp3,2eebb3dfafa708ac36ff5b5fb2d215b77f5189e37ae94ea9afe8470831770580,e0c1288a22ea2cf3abde9f2c0887f795fe4c2e7d6f705d077ac9a8a819518e6d,source_tree_sha256,030d6bb049591fda35c4e54df090bbc50eb1e12d8482c28cc71dffec7cef6fa0
2022-04-29,3,action_08,1622,1542,1542,500,3.084,True,2022-04-29__group_03,exp3-full-20260807T072340Z,full,False,primary,exp3,2eebb3dfafa708ac36ff5b5fb2d215b77f5189e37ae94ea9afe8470831770580,e0c1288a22ea2cf3abde9f2c0887f795fe4c2e7d6f705d077ac9a8a819518e6d,source_tree_sha256,030d6bb049591fda35c4e54df090bbc50eb1e12d8482c28cc71dffec7cef6fa0
2022-04-29,3,action_09,799,929,799,500,1.598,True,2022-04-29__group_03,exp3-full-20260807T072340Z,full,False,primary,exp3,2eebb3dfafa708ac36ff5b5fb2d215b77f5189e37ae94ea9afe8470831770580,e0c1288a22ea2cf3abde9f2c0887f795fe4c2e7d6f705d077ac9a8a819518e6d,source_tree_sha256,030d6bb049591fda35c4e54df090bbc50eb1e12d8482c28cc71dffec7cef6fa0
2022-04-29,3,action_10,1018,808,808,500,1.616,True,2022-04-29__group_03,exp3-full-20260807T072340Z,full,False,primary,exp3,2eebb3dfafa708ac36ff5b5fb2d215b77f5189e37ae94ea9afe8470831770580,e0c1288a22ea2cf3abde9f2c0887f795fe4c2e7d6f705d077ac9a8a819518e6d,source_tree_sha256,030d6bb049591fda35c4e54df090bbc50eb1e12d8482c28cc71dffec7cef6fa0
2022-04-29,3,action_11,623,604,604,500,1.208,True,2022-04-29__group_03,exp3-full-20260807T072340Z,full,False,primary,exp3,2eebb3dfafa708ac36ff5b5fb2d215b77f5189e37ae94ea9afe8470831770580,e0c1288a22ea2cf3abde9f2c0887f795fe4c2e7d6f705d077ac9a8a819518e6d,source_tree_sha256,030d6bb049591fda35c4e54df090bbc50eb1e12d8482c28cc71dffec7cef6fa0
2022-04-29,3,action_12,690,634,634,500,1.268,True,2022-04-29__group_03,exp3-full-20260807T072340Z,full,False,primary,exp3,2eebb3dfafa708ac36ff5b5fb2d215b77f5189e37ae94ea9afe8470831770580,e0c1288a22ea2cf3abde9f2c0887f795fe4c2e7d6f705d077ac9a8a819518e6d,source_tree_sha256,030d6bb049591fda35c4e54df090bbc50eb1e12d8482c28cc71dffec7cef6fa0
2022-04-29,3,action_13,745,1066,745,500,1.49,True,2022-04-29__group_03,exp3-full-20260807T072340Z,full,False,primary,exp3,2eebb3dfafa708ac36ff5b5fb2d215b77f5189e37ae94ea9afe8470831770580,e0c1288a22ea2cf3abde9f2c0887f795fe4c2e7d6f705d077ac9a8a819518e6d,source_tree_sha256,030d6bb049591fda35c4e54df090bbc50eb1e12d8482c28cc71dffec7cef6fa0
2022-04-29,3,action_14,873,592,592,500,1.184,True,2022-04-29__group_03,exp3-full-20260807T072340Z,full,False,primary,exp3,2eebb3dfafa708ac36ff5b5fb2d215b77f5189e37ae94ea9afe8470831770580,e0c1288a22ea2cf3abde9f2c0887f795fe4c2e7d6f705d077ac9a8a819518e6d,source_tree_sha256,030d6bb049591fda35c4e54df090bbc50eb1e12d8482c28cc71dffec7cef6fa0
2022-04-29,3,action_15,745,789,745,500,1.49,True,2022-04-29__group_03,exp3-full-20260807T072340Z,full,False,primary,exp3,2eebb3dfafa708ac36ff5b5fb2d215b77f5189e37ae94ea9afe8470831770580,e0c1288a22ea2cf3abde9f2c0887f795fe4c2e7d6f705d077ac9a8a819518e6d,source_tree_sha256,030d6bb049591fda35c4e54df090bbc50eb1e12d8482c28cc71dffec7cef6fa0
2022-04-29,3,action_16,1046,658,658,500,1.316,True,2022-04-29__group_03,exp3-full-20260807T072340Z,full,False,primary,exp3,2eebb3dfafa708ac36ff5b5fb2d215b77f5189e37ae94ea9afe8470831770580,e0c1288a22ea2cf3abde9f2c0887f795fe4c2e7d6f705d077ac9a8a819518e6d,source_tree_sha256,030d6bb049591fda35c4e54df090bbc50eb1e12d8482c28cc71dffec7cef6fa0
2022-04-29,3,action_17,840,627,627,500,1.254,True,2022-04-29__group_03,exp3-full-20260807T072340Z,full,False,primary,exp3,2eebb3dfafa708ac36ff5b5fb2d215b77f5189e37ae94ea9afe8470831770580,e0c1288a22ea2cf3abde9f2c0887f795fe4c2e7d6f705d077ac9a8a819518e6d,source_tree_sha256,030d6bb049591fda35c4e54df090bbc50eb1e12d8482c28cc71dffec7cef6fa0
2022-04-29,3,action_18,607,623,607,500,1.214,True,2022-04-29__group_03,exp3-full-20260807T072340Z,full,False,primary,exp3,2eebb3dfafa708ac36ff5b5fb2d215b77f5189e37ae94ea9afe8470831770580,e0c1288a22ea2cf3abde9f2c0887f795fe4c2e7d6f705d077ac9a8a819518e6d,source_tree_sha256,030d6bb049591fda35c4e54df090bbc50eb1e12d8482c28cc71dffec7cef6fa0
2022-04-29,3,action_19,558,580,558,500,1.116,True,2022-04-29__group_03,exp3-full-20260807T072340Z,full,False,primary,exp3,2eebb3dfafa708ac36ff5b5fb2d215b77f5189e37ae94ea9afe8470831770580,e0c1288a22ea2cf3abde9f2c0887f795fe4c2e7d6f705d077ac9a8a819518e6d,source_tree_sha256,030d6bb049591fda35c4e54df090bbc50eb1e12d8482c28cc71dffec7cef6fa0
2022-04-29,3,action_20,447,570,447,500,0.894,False,2022-04-29__group_03,exp3-full-20260807T072340Z,full,False,primary,exp3,2eebb3dfafa708ac36ff5b5fb2d215b77f5189e37ae94ea9afe8470831770580,e0c1288a22ea2cf3abde9f2c0887f795fe4c2e7d6f705d077ac9a8a819518e6d,source_tree_sha256,030d6bb049591fda35c4e54df090bbc50eb1e12d8482c28cc71dffec7cef6fa0
2022-04-29,4,action_01,5121,4520,4520,500,9.04,True,2022-04-29__group_04,exp3-full-20260807T072340Z,full,False,primary,exp3,2eebb3dfafa708ac36ff5b5fb2d215b77f5189e37ae94ea9afe8470831770580,e0c1288a22ea2cf3abde9f2c0887f795fe4c2e7d6f705d077ac9a8a819518e6d,source_tree_sha256,030d6bb049591fda35c4e54df090bbc50eb1e12d8482c28cc71dffec7cef6fa0
2022-04-29,4,action_02,3603,2243,2243,500,4.486,True,2022-04-29__group_04,exp3-full-20260807T072340Z,full,False,primary,exp3,2eebb3dfafa708ac36ff5b5fb2d215b77f5189e37ae94ea9afe8470831770580,e0c1288a22ea2cf3abde9f2c0887f795fe4c2e7d6f705d077ac9a8a819518e6d,source_tree_sha256,030d6bb049591fda35c4e54df090bbc50eb1e12d8482c28cc71dffec7cef6fa0
2022-04-29,4,action_03,2708,1940,1940,500,3.88,True,2022-04-29__group_04,exp3-full-20260807T072340Z,full,False,primary,exp3,2eebb3dfafa708ac36ff5b5fb2d215b77f5189e37ae94ea9afe8470831770580,e0c1288a22ea2cf3abde9f2c0887f795fe4c2e7d6f705d077ac9a8a819518e6d,source_tree_sha256,030d6bb049591fda35c4e54df090bbc50eb1e12d8482c28cc71dffec7cef6fa0
2022-04-29,4,action_04,2605,2482,2482,500,4.964,True,2022-04-29__group_04,exp3-full-20260807T072340Z,full,False,primary,exp3,2eebb3dfafa708ac36ff5b5fb2d215b77f5189e37ae94ea9afe8470831770580,e0c1288a22ea2cf3abde9f2c0887f795fe4c2e7d6f705d077ac9a8a819518e6d,source_tree_sha256,030d6bb049591fda35c4e54df090bbc50eb1e12d8482c28cc71dffec7cef6fa0
2022-04-29,4,action_05,2494,1475,1475,500,2.95,True,2022-04-29__group_04,exp3-full-20260807T072340Z,full,False,primary,exp3,2eebb3dfafa708ac36ff5b5fb2d215b77f5189e37ae94ea9afe8470831770580,e0c1288a22ea2cf3abde9f2c0887f795fe4c2e7d6f705d077ac9a8a819518e6d,source_tree_sha256,030d6bb049591fda35c4e54df090bbc50eb1e12d8482c28cc71dffec7cef6fa0
2022-04-29,4,action_06,2201,2005,2005,500,4.01,True,2022-04-29__group_04,exp3-full-20260807T072340Z,full,False,primary,exp3,2eebb3dfafa708ac36ff5b5fb2d215b77f5189e37ae94ea9afe8470831770580,e0c1288a22ea2cf3abde9f2c0887f795fe4c2e7d6f705d077ac9a8a819518e6d,source_tree_sha256,030d6bb049591fda35c4e54df090bbc50eb1e12d8482c28cc71dffec7cef6fa0
2022-04-29,4,action_07,2436,1402,1402,500,2.804,True,2022-04-29__group_04,exp3-full-20260807T072340Z,full,False,primary,exp3,2eebb3dfafa708ac36ff5b5fb2d215b77f5189e37ae94ea9afe8470831770580,e0c1288a22ea2cf3abde9f2c0887f795fe4c2e7d6f705d077ac9a8a819518e6d,source_tree_sha256,030d6bb049591fda35c4e54df090bbc50eb1e12d8482c28cc71dffec7cef6fa0
2022-04-29,4,action_08,1869,1361,1361,500,2.722,True,2022-04-29__group_04,exp3-full-20260807T072340Z,full,False,primary,exp3,2eebb3dfafa708ac36ff5b5fb2d215b77f5189e37ae94ea9afe8470831770580,e0c1288a22ea2cf3abde9f2c0887f795fe4c2e7d6f705d077ac9a8a819518e6d,source_tree_sha256,030d6bb049591fda35c4e54df090bbc50eb1e12d8482c28cc71dffec7cef6fa0
2022-04-29,4,action_09,1992,1030,1030,500,2.06,True,2022-04-29__group_04,exp3-full-20260807T072340Z,full,False,primary,exp3,2eebb3dfafa708ac36ff5b5fb2d215b77f5189e37ae94ea9afe8470831770580,e0c1288a22ea2cf3abde9f2c0887f795fe4c2e7d6f705d077ac9a8a819518e6d,source_tree_sha256,030d6bb049591fda35c4e54df090bbc50eb1e12d8482c28cc71dffec7cef6fa0
2022-04-29,4,action_10,1253,1005,1005,500,2.01,True,2022-04-29__group_04,exp3-full-20260807T072340Z,full,False,primary,exp3,2eebb3dfafa708ac36ff5b5fb2d215b77f5189e37ae94ea9afe8470831770580,e0c1288a22ea2cf3abde9f2c0887f795fe4c2e7d6f705d077ac9a8a819518e6d,source_tree_sha256,030d6bb049591fda35c4e54df090bbc50eb1e12d8482c28cc71dffec7cef6fa0
2022-04-29,4,action_11,1294,768,768,500,1.536,True,2022-04-29__group_04,exp3-full-20260807T072340Z,full,False,primary,exp3,2eebb3dfafa708ac36ff5b5fb2d215b77f5189e37ae94ea9afe8470831770580,e0c1288a22ea2cf3abde9f2c0887f795fe4c2e7d6f705d077ac9a8a819518e6d,source_tree_sha256,030d6bb049591fda35c4e54df090bbc50eb1e12d8482c28cc71dffec7cef6fa0
2022-04-29,4,action_12,675,1064,675,500,1.35,True,2022-04-29__group_04,exp3-full-20260807T072340Z,full,False,primary,exp3,2eebb3dfafa708ac36ff5b5fb2d215b77f5189e37ae94ea9afe8470831770580,e0c1288a22ea2cf3abde9f2c0887f795fe4c2e7d6f705d077ac9a8a819518e6d,source_tree_sha256,030d6bb049591fda35c4e54df090bbc50eb1e12d8482c28cc71dffec7cef6fa0
2022-04-29,4,action_13,1020,851,851,500,1.702,True,2022-04-29__group_04,exp3-full-20260807T072340Z,full,False,primary,exp3,2eebb3dfafa708ac36ff5b5fb2d215b77f5189e37ae94ea9afe8470831770580,e0c1288a22ea2cf3abde9f2c0887f795fe4c2e7d6f705d077ac9a8a819518e6d,source_tree_sha256,030d6bb049591fda35c4e54df090bbc50eb1e12d8482c28cc71dffec7cef6fa0
2022-04-29,4,action_14,1028,499,499,500,0.998,False,2022-04-29__group_04,exp3-full-20260807T072340Z,full,False,primary,exp3,2eebb3dfafa708ac36ff5b5fb2d215b77f5189e37ae94ea9afe8470831770580,e0c1288a22ea2cf3abde9f2c0887f795fe4c2e7d6f705d077ac9a8a819518e6d,source_tree_sha256,030d6bb049591fda35c4e54df090bbc50eb1e12d8482c28cc71dffec7cef6fa0
2022-04-29,4,action_15,1485,795,795,500,1.59,True,2022-04-29__group_04,exp3-full-20260807T072340Z,full,False,primary,exp3,2eebb3dfafa708ac36ff5b5fb2d215b77f5189e37ae94ea9afe8470831770580,e0c1288a22ea2cf3abde9f2c0887f795fe4c2e7d6f705d077ac9a8a819518e6d,source_tree_sha256,030d6bb049591fda35c4e54df090bbc50eb1e12d8482c28cc71dffec7cef6fa0
2022-04-29,4,action_16,1466,645,645,500,1.29,True,2022-04-29__group_04,exp3-full-20260807T072340Z,full,False,primary,exp3,2eebb3dfafa708ac36ff5b5fb2d215b77f5189e37ae94ea9afe8470831770580,e0c1288a22ea2cf3abde9f2c0887f795fe4c2e7d6f705d077ac9a8a819518e6d,source_tree_sha256,030d6bb049591fda35c4e54df090bbc50eb1e12d8482c28cc71dffec7cef6fa0
2022-04-29,4,action_17,922,642,642,500,1.284,True,2022-04-29__group_04,exp3-full-20260807T072340Z,full,False,primary,exp3,2eebb3dfafa708ac36ff5b5fb2d215b77f5189e37ae94ea9afe8470831770580,e0c1288a22ea2cf3abde9f2c0887f795fe4c2e7d6f705d077ac9a8a819518e6d,source_tree_sha256,030d6bb049591fda35c4e54df090bbc50eb1e12d8482c28cc71dffec7cef6fa0
2022-04-29,4,action_18,838,625,625,500,1.25,True,2022-04-29__group_04,exp3-full-20260807T072340Z,full,False,primary,exp3,2eebb3dfafa708ac36ff5b5fb2d215b77f5189e37ae94ea9afe8470831770580,e0c1288a22ea2cf3abde9f2c0887f795fe4c2e7d6f705d077ac9a8a819518e6d,source_tree_sha256,030d6bb049591fda35c4e54df090bbc50eb1e12d8482c28cc71dffec7cef6fa0
2022-04-29,4,action_19,736,558,558,500,1.116,True,2022-04-29__group_04,exp3-full-20260807T072340Z,full,False,primary,exp3,2eebb3dfafa708ac36ff5b5fb2d215b77f5189e37ae94ea9afe8470831770580,e0c1288a22ea2cf3abde9f2c0887f795fe4c2e7d6f705d077ac9a8a819518e6d,source_tree_sha256,030d6bb049591fda35c4e54df090bbc50eb1e12d8482c28cc71dffec7cef6fa0
2022-04-29,4,action_20,800,340,340,500,0.68,False,2022-04-29__group_04,exp3-full-20260807T072340Z,full,False,primary,exp3,2eebb3dfafa708ac36ff5b5fb2d215b77f5189e37ae94ea9afe8470831770580,e0c1288a22ea2cf3abde9f2c0887f795fe4c2e7d6f705d077ac9a8a819518e6d,source_tree_sha256,030d6bb049591fda35c4e54df090bbc50eb1e12d8482c28cc71dffec7cef6fa0
2022-04-30,0,action_01,5216,6345,5216,500,10.432,True,2022-04-30__group_00,exp3-full-20260807T072340Z,full,False,primary,exp3,2eebb3dfafa708ac36ff5b5fb2d215b77f5189e37ae94ea9afe8470831770580,e0c1288a22ea2cf3abde9f2c0887f795fe4c2e7d6f705d077ac9a8a819518e6d,source_tree_sha256,030d6bb049591fda35c4e54df090bbc50eb1e12d8482c28cc71dffec7cef6fa0
2022-04-30,0,action_02,2136,3078,2136,500,4.272,True,2022-04-30__group_00,exp3-full-20260807T072340Z,full,False,primary,exp3,2eebb3dfafa708ac36ff5b5fb2d215b77f5189e37ae94ea9afe8470831770580,e0c1288a22ea2cf3abde9f2c0887f795fe4c2e7d6f705d077ac9a8a819518e6d,source_tree_sha256,030d6bb049591fda35c4e54df090bbc50eb1e12d8482c28cc71dffec7cef6fa0
2022-04-30,0,action_03,2631,4033,2631,500,5.262,True,2022-04-30__group_00,exp3-full-20260807T072340Z,full,False,primary,exp3,2eebb3dfafa708ac36ff5b5fb2d215b77f5189e37ae94ea9afe8470831770580,e0c1288a22ea2cf3abde9f2c0887f795fe4c2e7d6f705d077ac9a8a819518e6d,source_tree_sha256,030d6bb049591fda35c4e54df090bbc50eb1e12d8482c28cc71dffec7cef6fa0
2022-04-30,0,action_04,2972,3493,2972,500,5.944,True,2022-04-30__group_00,exp3-full-20260807T072340Z,full,False,primary,exp3,2eebb3dfafa708ac36ff5b5fb2d215b77f5189e37ae94ea9afe8470831770580,e0c1288a22ea2cf3abde9f2c0887f795fe4c2e7d6f705d077ac9a8a819518e6d,source_tree_sha256,030d6bb049591fda35c4e54df090bbc50eb1e12d8482c28cc71dffec7cef6fa0
2022-04-30,0,action_05,1954,2871,1954,500,3.908,True,2022-04-30__group_00,exp3-full-20260807T072340Z,full,False,primary,exp3,2eebb3dfafa708ac36ff5b5fb2d215b77f5189e37ae94ea9afe8470831770580,e0c1288a22ea2cf3abde9f2c0887f795fe4c2e7d6f705d077ac9a8a819518e6d,source_tree_sha256,030d6bb049591fda35c4e54df090bbc50eb1e12d8482c28cc71dffec7cef6fa0
2022-04-30,0,action_06,2173,2311,2173,500,4.346,True,2022-04-30__group_00,exp3-full-20260807T072340Z,full,False,primary,exp3,2eebb3dfafa708ac36ff5b5fb2d215b77f5189e37ae94ea9afe8470831770580,e0c1288a22ea2cf3abde9f2c0887f795fe4c2e7d6f705d077ac9a8a819518e6d,source_tree_sha256,030d6bb049591fda35c4e54df090bbc50eb1e12d8482c28cc71dffec7cef6fa0
2022-04-30,0,action_07,1873,2274,1873,500,3.746,True,2022-04-30__group_00,exp3-full-20260807T072340Z,full,False,primary,exp3,2eebb3dfafa708ac36ff5b5fb2d215b77f5189e37ae94ea9afe8470831770580,e0c1288a22ea2cf3abde9f2c0887f795fe4c2e7d6f705d077ac9a8a819518e6d,source_tree_sha256,030d6bb049591fda35c4e54df090bbc50eb1e12d8482c28cc71dffec7cef6fa0
2022-04-30,0,action_08,1719,3334,1719,500,3.438,True,2022-04-30__group_00,exp3-full-20260807T072340Z,full,False,primary,exp3,2eebb3dfafa708ac36ff5b5fb2d215b77f5189e37ae94ea9afe8470831770580,e0c1288a22ea2cf3abde9f2c0887f795fe4c2e7d6f705d077ac9a8a819518e6d,source_tree_sha256,030d6bb049591fda35c4e54df090bbc50eb1e12d8482c28cc71dffec7cef6fa0
2022-04-30,0,action_09,1262,1511,1262,500,2.524,True,2022-04-30__group_00,exp3-full-20260807T072340Z,full,False,primary,exp3,2eebb3dfafa708ac36ff5b5fb2d215b77f5189e37ae94ea9afe8470831770580,e0c1288a22ea2cf3abde9f2c0887f795fe4c2e7d6f705d077ac9a8a819518e6d,source_tree_sha256,030d6bb049591fda35c4e54df090bbc50eb1e12d8482c28cc71dffec7cef6fa0
2022-04-30,0,action_10,1077,2242,1077,500,2.154,True,2022-04-30__group_00,exp3-full-20260807T072340Z,full,False,primary,exp3,2eebb3dfafa708ac36ff5b5fb2d215b77f5189e37ae94ea9afe8470831770580,e0c1288a22ea2cf3abde9f2c0887f795fe4c2e7d6f705d077ac9a8a819518e6d,source_tree_sha256,030d6bb049591fda35c4e54df090bbc50eb1e12d8482c28cc71dffec7cef6fa0
2022-04-30,0,action_11,1232,1802,1232,500,2.464,True,2022-04-30__group_00,exp3-full-20260807T072340Z,full,False,primary,exp3,2eebb3dfafa708ac36ff5b5fb2d215b77f5189e37ae94ea9afe8470831770580,e0c1288a22ea2cf3abde9f2c0887f795fe4c2e7d6f705d077ac9a8a819518e6d,source_tree_sha256,030d6bb049591fda35c4e54df090bbc50eb1e12d8482c28cc71dffec7cef6fa0
2022-04-30,0,action_12,911,1922,911,500,1.822,True,2022-04-30__group_00,exp3-full-20260807T072340Z,full,False,primary,exp3,2eebb3dfafa708ac36ff5b5fb2d215b77f5189e37ae94ea9afe8470831770580,e0c1288a22ea2cf3abde9f2c0887f795fe4c2e7d6f705d077ac9a8a819518e6d,source_tree_sha256,030d6bb049591fda35c4e54df090bbc50eb1e12d8482c28cc71dffec7cef6fa0
2022-04-30,0,action_13,1150,1299,1150,500,2.3,True,2022-04-30__group_00,exp3-full-20260807T072340Z,full,False,primary,exp3,2eebb3dfafa708ac36ff5b5fb2d215b77f5189e37ae94ea9afe8470831770580,e0c1288a22ea2cf3abde9f2c0887f795fe4c2e7d6f705d077ac9a8a819518e6d,source_tree_sha256,030d6bb049591fda35c4e54df090bbc50eb1e12d8482c28cc71dffec7cef6fa0
2022-04-30,0,action_14,733,1022,733,500,1.466,True,2022-04-30__group_00,exp3-full-20260807T072340Z,full,False,primary,exp3,2eebb3dfafa708ac36ff5b5fb2d215b77f5189e37ae94ea9afe8470831770580,e0c1288a22ea2cf3abde9f2c0887f795fe4c2e7d6f705d077ac9a8a819518e6d,source_tree_sha256,030d6bb049591fda35c4e54df090bbc50eb1e12d8482c28cc71dffec7cef6fa0
2022-04-30,0,action_15,1054,1418,1054,500,2.108,True,2022-04-30__group_00,exp3-full-20260807T072340Z,full,False,primary,exp3,2eebb3dfafa708ac36ff5b5fb2d215b77f5189e37ae94ea9afe8470831770580,e0c1288a22ea2cf3abde9f2c0887f795fe4c2e7d6f705d077ac9a8a819518e6d,source_tree_sha256,030d6bb049591fda35c4e54df090bbc50eb1e12d8482c28cc71dffec7cef6fa0
2022-04-30,0,action_16,837,1367,837,500,1.674,True,2022-04-30__group_00,exp3-full-20260807T072340Z,full,False,primary,exp3,2eebb3dfafa708ac36ff5b5fb2d215b77f5189e37ae94ea9afe8470831770580,e0c1288a22ea2cf3abde9f2c0887f795fe4c2e7d6f705d077ac9a8a819518e6d,source_tree_sha256,030d6bb049591fda35c4e54df090bbc50eb1e12d8482c28cc71dffec7cef6fa0
2022-04-30,0,action_17,1086,835,835,500,1.67,True,2022-04-30__group_00,exp3-full-20260807T072340Z,full,False,primary,exp3,2eebb3dfafa708ac36ff5b5fb2d215b77f5189e37ae94ea9afe8470831770580,e0c1288a22ea2cf3abde9f2c0887f795fe4c2e7d6f705d077ac9a8a819518e6d,source_tree_sha256,030d6bb049591fda35c4e54df090bbc50eb1e12d8482c28cc71dffec7cef6fa0
2022-04-30,0,action_18,826,1130,826,500,1.652,True,2022-04-30__group_00,exp3-full-20260807T072340Z,full,False,primary,exp3,2eebb3dfafa708ac36ff5b5fb2d215b77f5189e37ae94ea9afe8470831770580,e0c1288a22ea2cf3abde9f2c0887f795fe4c2e7d6f705d077ac9a8a819518e6d,source_tree_sha256,030d6bb049591fda35c4e54df090bbc50eb1e12d8482c28cc71dffec7cef6fa0
2022-04-30,0,action_19,719,976,719,500,1.438,True,2022-04-30__group_00,exp3-full-20260807T072340Z,full,False,primary,exp3,2eebb3dfafa708ac36ff5b5fb2d215b77f5189e37ae94ea9afe8470831770580,e0c1288a22ea2cf3abde9f2c0887f795fe4c2e7d6f705d077ac9a8a819518e6d,source_tree_sha256,030d6bb049591fda35c4e54df090bbc50eb1e12d8482c28cc71dffec7cef6fa0
2022-04-30,0,action_20,405,776,405,500,0.81,False,2022-04-30__group_00,exp3-full-20260807T072340Z,full,False,primary,exp3,2eebb3dfafa708ac36ff5b5fb2d215b77f5189e37ae94ea9afe8470831770580,e0c1288a22ea2cf3abde9f2c0887f795fe4c2e7d6f705d077ac9a8a819518e6d,source_tree_sha256,030d6bb049591fda35c4e54df090bbc50eb1e12d8482c28cc71dffec7cef6fa0
2022-04-30,1,action_01,5589,7436,5589,500,11.178,True,2022-04-30__group_01,exp3-full-20260807T072340Z,full,False,primary,exp3,2eebb3dfafa708ac36ff5b5fb2d215b77f5189e37ae94ea9afe8470831770580,e0c1288a22ea2cf3abde9f2c0887f795fe4c2e7d6f705d077ac9a8a819518e6d,source_tree_sha256,030d6bb049591fda35c4e54df090bbc50eb1e12d8482c28cc71dffec7cef6fa0
2022-04-30,1,action_02,2357,2698,2357,500,4.714,True,2022-04-30__group_01,exp3-full-20260807T072340Z,full,False,primary,exp3,2eebb3dfafa708ac36ff5b5fb2d215b77f5189e37ae94ea9afe8470831770580,e0c1288a22ea2cf3abde9f2c0887f795fe4c2e7d6f705d077ac9a8a819518e6d,source_tree_sha256,030d6bb049591fda35c4e54df090bbc50eb1e12d8482c28cc71dffec7cef6fa0
2022-04-30,1,action_03,2947,3158,2947,500,5.894,True,2022-04-30__group_01,exp3-full-20260807T072340Z,full,False,primary,exp3,2eebb3dfafa708ac36ff5b5fb2d215b77f5189e37ae94ea9afe8470831770580,e0c1288a22ea2cf3abde9f2c0887f795fe4c2e7d6f705d077ac9a8a819518e6d,source_tree_sha256,030d6bb049591fda35c4e54df090bbc50eb1e12d8482c28cc71dffec7cef6fa0
2022-04-30,1,action_04,2776,3645,2776,500,5.552,True,2022-04-30__group_01,exp3-full-20260807T072340Z,full,False,primary,exp3,2eebb3dfafa708ac36ff5b5fb2d215b77f5189e37ae94ea9afe8470831770580,e0c1288a22ea2cf3abde9f2c0887f795fe4c2e7d6f705d077ac9a8a819518e6d,source_tree_sha256,030d6bb049591fda35c4e54df090bbc50eb1e12d8482c28cc71dffec7cef6fa0
2022-04-30,1,action_05,1734,2637,1734,500,3.468,True,2022-04-30__group_01,exp3-full-20260807T072340Z,full,False,primary,exp3,2eebb3dfafa708ac36ff5b5fb2d215b77f5189e37ae94ea9afe8470831770580,e0c1288a22ea2cf3abde9f2c0887f795fe4c2e7d6f705d077ac9a8a819518e6d,source_tree_sha256,030d6bb049591fda35c4e54df090bbc50eb1e12d8482c28cc71dffec7cef6fa0
2022-04-30,1,action_06,1081,2251,1081,500,2.162,True,2022-04-30__group_01,exp3-full-20260807T072340Z,full,False,primary,exp3,2eebb3dfafa708ac36ff5b5fb2d215b77f5189e37ae94ea9afe8470831770580,e0c1288a22ea2cf3abde9f2c0887f795fe4c2e7d6f705d077ac9a8a819518e6d,source_tree_sha256,030d6bb049591fda35c4e54df090bbc50eb1e12d8482c28cc71dffec7cef6fa0
2022-04-30,1,action_07,1993,2619,1993,500,3.986,True,2022-04-30__group_01,exp3-full-20260807T072340Z,full,False,primary,exp3,2eebb3dfafa708ac36ff5b5fb2d215b77f5189e37ae94ea9afe8470831770580,e0c1288a22ea2cf3abde9f2c0887f795fe4c2e7d6f705d077ac9a8a819518e6d,source_tree_sha256,030d6bb049591fda35c4e54df090bbc50eb1e12d8482c28cc71dffec7cef6fa0
2022-04-30,1,action_08,1880,1975,1880,500,3.76,True,2022-04-30__group_01,exp3-full-20260807T072340Z,full,False,primary,exp3,2eebb3dfafa708ac36ff5b5fb2d215b77f5189e37ae94ea9afe8470831770580,e0c1288a22ea2cf3abde9f2c0887f795fe4c2e7d6f705d077ac9a8a819518e6d,source_tree_sha256,030d6bb049591fda35c4e54df090bbc50eb1e12d8482c28cc71dffec7cef6fa0
2022-04-30,1,action_09,1511,2444,1511,500,3.022,True,2022-04-30__group_01,exp3-full-20260807T072340Z,full,False,primary,exp3,2eebb3dfafa708ac36ff5b5fb2d215b77f5189e37ae94ea9afe8470831770580,e0c1288a22ea2cf3abde9f2c0887f795fe4c2e7d6f705d077ac9a8a819518e6d,source_tree_sha256,030d6bb049591fda35c4e54df090bbc50eb1e12d8482c28cc71dffec7cef6fa0
2022-04-30,1,action_10,1448,1683,1448,500,2.896,True,2022-04-30__group_01,exp3-full-20260807T072340Z,full,False,primary,exp3,2eebb3dfafa708ac36ff5b5fb2d215b77f5189e37ae94ea9afe8470831770580,e0c1288a22ea2cf3abde9f2c0887f795fe4c2e7d6f705d077ac9a8a819518e6d,source_tree_sha256,030d6bb049591fda35c4e54df090bbc50eb1e12d8482c28cc71dffec7cef6fa0
2022-04-30,1,action_11,1060,1275,1060,500,2.12,True,2022-04-30__group_01,exp3-full-20260807T072340Z,full,False,primary,exp3,2eebb3dfafa708ac36ff5b5fb2d215b77f5189e37ae94ea9afe8470831770580,e0c1288a22ea2cf3abde9f2c0887f795fe4c2e7d6f705d077ac9a8a819518e6d,source_tree_sha256,030d6bb049591fda35c4e54df090bbc50eb1e12d8482c28cc71dffec7cef6fa0
2022-04-30,1,action_12,841,1352,841,500,1.682,True,2022-04-30__group_01,exp3-full-20260807T072340Z,full,False,primary,exp3,2eebb3dfafa708ac36ff5b5fb2d215b77f5189e37ae94ea9afe8470831770580,e0c1288a22ea2cf3abde9f2c0887f795fe4c2e7d6f705d077ac9a8a819518e6d,source_tree_sha256,030d6bb049591fda35c4e54df090bbc50eb1e12d8482c28cc71dffec7cef6fa0
2022-04-30,1,action_13,758,974,758,500,1.516,True,2022-04-30__group_01,exp3-full-20260807T072340Z,full,False,primary,exp3,2eebb3dfafa708ac36ff5b5fb2d215b77f5189e37ae94ea9afe8470831770580,e0c1288a22ea2cf3abde9f2c0887f795fe4c2e7d6f705d077ac9a8a819518e6d,source_tree_sha256,030d6bb049591fda35c4e54df090bbc50eb1e12d8482c28cc71dffec7cef6fa0
2022-04-30,1,action_14,836,1434,836,500,1.672,True,2022-04-30__group_01,exp3-full-20260807T072340Z,full,False,primary,exp3,2eebb3dfafa708ac36ff5b5fb2d215b77f5189e37ae94ea9afe8470831770580,e0c1288a22ea2cf3abde9f2c0887f795fe4c2e7d6f705d077ac9a8a819518e6d,source_tree_sha256,030d6bb049591fda35c4e54df090bbc50eb1e12d8482c28cc71dffec7cef6fa0
2022-04-30,1,action_15,930,1117,930,500,1.86,True,2022-04-30__group_01,exp3-full-20260807T072340Z,full,False,primary,exp3,2eebb3dfafa708ac36ff5b5fb2d215b77f5189e37ae94ea9afe8470831770580,e0c1288a22ea2cf3abde9f2c0887f795fe4c2e7d6f705d077ac9a8a819518e6d,source_tree_sha256,030d6bb049591fda35c4e54df090bbc50eb1e12d8482c28cc71dffec7cef6fa0
2022-04-30,1,action_16,1008,1041,1008,500,2.016,True,2022-04-30__group_01,exp3-full-20260807T072340Z,full,False,primary,exp3,2eebb3dfafa708ac36ff5b5fb2d215b77f5189e37ae94ea9afe8470831770580,e0c1288a22ea2cf3abde9f2c0887f795fe4c2e7d6f705d077ac9a8a819518e6d,source_tree_sha256,030d6bb049591fda35c4e54df090bbc50eb1e12d8482c28cc71dffec7cef6fa0
2022-04-30,1,action_17,779,1482,779,500,1.558,True,2022-04-30__group_01,exp3-full-20260807T072340Z,full,False,primary,exp3,2eebb3dfafa708ac36ff5b5fb2d215b77f5189e37ae94ea9afe8470831770580,e0c1288a22ea2cf3abde9f2c0887f795fe4c2e7d6f705d077ac9a8a819518e6d,source_tree_sha256,030d6bb049591fda35c4e54df090bbc50eb1e12d8482c28cc71dffec7cef6fa0
2022-04-30,1,action_18,920,1114,920,500,1.84,True,2022-04-30__group_01,exp3-full-20260807T072340Z,full,False,primary,exp3,2eebb3dfafa708ac36ff5b5fb2d215b77f5189e37ae94ea9afe8470831770580,e0c1288a22ea2cf3abde9f2c0887f795fe4c2e7d6f705d077ac9a8a819518e6d,source_tree_sha256,030d6bb049591fda35c4e54df090bbc50eb1e12d8482c28cc71dffec7cef6fa0
2022-04-30,1,action_19,799,963,799,500,1.598,True,2022-04-30__group_01,exp3-full-20260807T072340Z,full,False,primary,exp3,2eebb3dfafa708ac36ff5b5fb2d215b77f5189e37ae94ea9afe8470831770580,e0c1288a22ea2cf3abde9f2c0887f795fe4c2e7d6f705d077ac9a8a819518e6d,source_tree_sha256,030d6bb049591fda35c4e54df090bbc50eb1e12d8482c28cc71dffec7cef6fa0
2022-04-30,1,action_20,886,737,737,500,1.474,True,2022-04-30__group_01,exp3-full-20260807T072340Z,full,False,primary,exp3,2eebb3dfafa708ac36ff5b5fb2d215b77f5189e37ae94ea9afe8470831770580,e0c1288a22ea2cf3abde9f2c0887f795fe4c2e7d6f705d077ac9a8a819518e6d,source_tree_sha256,030d6bb049591fda35c4e54df090bbc50eb1e12d8482c28cc71dffec7cef6fa0
2022-04-30,2,action_01,6463,4480,4480,500,8.96,True,2022-04-30__group_02,exp3-full-20260807T072340Z,full,False,primary,exp3,2eebb3dfafa708ac36ff5b5fb2d215b77f5189e37ae94ea9afe8470831770580,e0c1288a22ea2cf3abde9f2c0887f795fe4c2e7d6f705d077ac9a8a819518e6d,source_tree_sha256,030d6bb049591fda35c4e54df090bbc50eb1e12d8482c28cc71dffec7cef6fa0
2022-04-30,2,action_02,2618,2336,2336,500,4.672,True,2022-04-30__group_02,exp3-full-20260807T072340Z,full,False,primary,exp3,2eebb3dfafa708ac36ff5b5fb2d215b77f5189e37ae94ea9afe8470831770580,e0c1288a22ea2cf3abde9f2c0887f795fe4c2e7d6f705d077ac9a8a819518e6d,source_tree_sha256,030d6bb049591fda35c4e54df090bbc50eb1e12d8482c28cc71dffec7cef6fa0
2022-04-30,2,action_03,3162,2251,2251,500,4.502,True,2022-04-30__group_02,exp3-full-20260807T072340Z,full,False,primary,exp3,2eebb3dfafa708ac36ff5b5fb2d215b77f5189e37ae94ea9afe8470831770580,e0c1288a22ea2cf3abde9f2c0887f795fe4c2e7d6f705d077ac9a8a819518e6d,source_tree_sha256,030d6bb049591fda35c4e54df090bbc50eb1e12d8482c28cc71dffec7cef6fa0
2022-04-30,2,action_04,3540,1775,1775,500,3.55,True,2022-04-30__group_02,exp3-full-20260807T072340Z,full,False,primary,exp3,2eebb3dfafa708ac36ff5b5fb2d215b77f5189e37ae94ea9afe8470831770580,e0c1288a22ea2cf3abde9f2c0887f795fe4c2e7d6f705d077ac9a8a819518e6d,source_tree_sha256,030d6bb049591fda35c4e54df090bbc50eb1e12d8482c28cc71dffec7cef6fa0
2022-04-30,2,action_05,2407,1568,1568,500,3.136,True,2022-04-30__group_02,exp3-full-20260807T072340Z,full,False,primary,exp3,2eebb3dfafa708ac36ff5b5fb2d215b77f5189e37ae94ea9afe8470831770580,e0c1288a22ea2cf3abde9f2c0887f795fe4c2e7d6f705d077ac9a8a819518e6d,source_tree_sha256,030d6bb049591fda35c4e54df090bbc50eb1e12d8482c28cc71dffec7cef6fa0
2022-04-30,2,action_06,2628,2212,2212,500,4.424,True,2022-04-30__group_02,exp3-full-20260807T072340Z,full,False,primary,exp3,2eebb3dfafa708ac36ff5b5fb2d215b77f5189e37ae94ea9afe8470831770580,e0c1288a22ea2cf3abde9f2c0887f795fe4c2e7d6f705d077ac9a8a819518e6d,source_tree_sha256,030d6bb049591fda35c4e54df090bbc50eb1e12d8482c28cc71dffec7cef6fa0
2022-04-30,2,action_07,2122,1552,1552,500,3.104,True,2022-04-30__group_02,exp3-full-20260807T072340Z,full,False,primary,exp3,2eebb3dfafa708ac36ff5b5fb2d215b77f5189e37ae94ea9afe8470831770580,e0c1288a22ea2cf3abde9f2c0887f795fe4c2e7d6f705d077ac9a8a819518e6d,source_tree_sha256,030d6bb049591fda35c4e54df090bbc50eb1e12d8482c28cc71dffec7cef6fa0
2022-04-30,2,action_08,3046,1697,1697,500,3.394,True,2022-04-30__group_02,exp3-full-20260807T072340Z,full,False,primary,exp3,2eebb3dfafa708ac36ff5b5fb2d215b77f5189e37ae94ea9afe8470831770580,e0c1288a22ea2cf3abde9f2c0887f795fe4c2e7d6f705d077ac9a8a819518e6d,source_tree_sha256,030d6bb049591fda35c4e54df090bbc50eb1e12d8482c28cc71dffec7cef6fa0
2022-04-30,2,action_09,1738,1114,1114,500,2.228,True,2022-04-30__group_02,exp3-full-20260807T072340Z,full,False,primary,exp3,2eebb3dfafa708ac36ff5b5fb2d215b77f5189e37ae94ea9afe8470831770580,e0c1288a22ea2cf3abde9f2c0887f795fe4c2e7d6f705d077ac9a8a819518e6d,source_tree_sha256,030d6bb049591fda35c4e54df090bbc50eb1e12d8482c28cc71dffec7cef6fa0
2022-04-30,2,action_10,1485,1140,1140,500,2.28,True,2022-04-30__group_02,exp3-full-20260807T072340Z,full,False,primary,exp3,2eebb3dfafa708ac36ff5b5fb2d215b77f5189e37ae94ea9afe8470831770580,e0c1288a22ea2cf3abde9f2c0887f795fe4c2e7d6f705d077ac9a8a819518e6d,source_tree_sha256,030d6bb049591fda35c4e54df090bbc50eb1e12d8482c28cc71dffec7cef6fa0
2022-04-30,2,action_11,1175,950,950,500,1.9,True,2022-04-30__group_02,exp3-full-20260807T072340Z,full,False,primary,exp3,2eebb3dfafa708ac36ff5b5fb2d215b77f5189e37ae94ea9afe8470831770580,e0c1288a22ea2cf3abde9f2c0887f795fe4c2e7d6f705d077ac9a8a819518e6d,source_tree_sha256,030d6bb049591fda35c4e54df090bbc50eb1e12d8482c28cc71dffec7cef6fa0
2022-04-30,2,action_12,1367,1138,1138,500,2.276,True,2022-04-30__group_02,exp3-full-20260807T072340Z,full,False,primary,exp3,2eebb3dfafa708ac36ff5b5fb2d215b77f5189e37ae94ea9afe8470831770580,e0c1288a22ea2cf3abde9f2c0887f795fe4c2e7d6f705d077ac9a8a819518e6d,source_tree_sha256,030d6bb049591fda35c4e54df090bbc50eb1e12d8482c28cc71dffec7cef6fa0
2022-04-30,2,action_13,1512,904,904,500,1.808,True,2022-04-30__group_02,exp3-full-20260807T072340Z,full,False,primary,exp3,2eebb3dfafa708ac36ff5b5fb2d215b77f5189e37ae94ea9afe8470831770580,e0c1288a22ea2cf3abde9f2c0887f795fe4c2e7d6f705d077ac9a8a819518e6d,source_tree_sha256,030d6bb049591fda35c4e54df090bbc50eb1e12d8482c28cc71dffec7cef6fa0
2022-04-30,2,action_14,1231,710,710,500,1.42,True,2022-04-30__group_02,exp3-full-20260807T072340Z,full,False,primary,exp3,2eebb3dfafa708ac36ff5b5fb2d215b77f5189e37ae94ea9afe8470831770580,e0c1288a22ea2cf3abde9f2c0887f795fe4c2e7d6f705d077ac9a8a819518e6d,source_tree_sha256,030d6bb049591fda35c4e54df090bbc50eb1e12d8482c28cc71dffec7cef6fa0
2022-04-30,2,action_15,1293,540,540,500,1.08,True,2022-04-30__group_02,exp3-full-20260807T072340Z,full,False,primary,exp3,2eebb3dfafa708ac36ff5b5fb2d215b77f5189e37ae94ea9afe8470831770580,e0c1288a22ea2cf3abde9f2c0887f795fe4c2e7d6f705d077ac9a8a819518e6d,source_tree_sha256,030d6bb049591fda35c4e54df090bbc50eb1e12d8482c28cc71dffec7cef6fa0
2022-04-30,2,action_16,1099,589,589,500,1.178,True,2022-04-30__group_02,exp3-full-20260807T072340Z,full,False,primary,exp3,2eebb3dfafa708ac36ff5b5fb2d215b77f5189e37ae94ea9afe8470831770580,e0c1288a22ea2cf3abde9f2c0887f795fe4c2e7d6f705d077ac9a8a819518e6d,source_tree_sha256,030d6bb049591fda35c4e54df090bbc50eb1e12d8482c28cc71dffec7cef6fa0
2022-04-30,2,action_17,1056,731,731,500,1.462,True,2022-04-30__group_02,exp3-full-20260807T072340Z,full,False,primary,exp3,2eebb3dfafa708ac36ff5b5fb2d215b77f5189e37ae94ea9afe8470831770580,e0c1288a22ea2cf3abde9f2c0887f795fe4c2e7d6f705d077ac9a8a819518e6d,source_tree_sha256,030d6bb049591fda35c4e54df090bbc50eb1e12d8482c28cc71dffec7cef6fa0
2022-04-30,2,action_18,931,691,691,500,1.382,True,2022-04-30__group_02,exp3-full-20260807T072340Z,full,False,primary,exp3,2eebb3dfafa708ac36ff5b5fb2d215b77f5189e37ae94ea9afe8470831770580,e0c1288a22ea2cf3abde9f2c0887f795fe4c2e7d6f705d077ac9a8a819518e6d,source_tree_sha256,030d6bb049591fda35c4e54df090bbc50eb1e12d8482c28cc71dffec7cef6fa0
2022-04-30,2,action_19,1174,641,641,500,1.282,True,2022-04-30__group_02,exp3-full-20260807T072340Z,full,False,primary,exp3,2eebb3dfafa708ac36ff5b5fb2d215b77f5189e37ae94ea9afe8470831770580,e0c1288a22ea2cf3abde9f2c0887f795fe4c2e7d6f705d077ac9a8a819518e6d,source_tree_sha256,030d6bb049591fda35c4e54df090bbc50eb1e12d8482c28cc71dffec7cef6fa0
2022-04-30,2,action_20,615,450,450,500,0.9,False,2022-04-30__group_02,exp3-full-20260807T072340Z,full,False,primary,exp3,2eebb3dfafa708ac36ff5b5fb2d215b77f5189e37ae94ea9afe8470831770580,e0c1288a22ea2cf3abde9f2c0887f795fe4c2e7d6f705d077ac9a8a819518e6d,source_tree_sha256,030d6bb049591fda35c4e54df090bbc50eb1e12d8482c28cc71dffec7cef6fa0
2022-04-30,3,action_01,4764,4218,4218,500,8.436,True,2022-04-30__group_03,exp3-full-20260807T072340Z,full,False,primary,exp3,2eebb3dfafa708ac36ff5b5fb2d215b77f5189e37ae94ea9afe8470831770580,e0c1288a22ea2cf3abde9f2c0887f795fe4c2e7d6f705d077ac9a8a819518e6d,source_tree_sha256,030d6bb049591fda35c4e54df090bbc50eb1e12d8482c28cc71dffec7cef6fa0
2022-04-30,3,action_02,2802,1957,1957,500,3.914,True,2022-04-30__group_03,exp3-full-20260807T072340Z,full,False,primary,exp3,2eebb3dfafa708ac36ff5b5fb2d215b77f5189e37ae94ea9afe8470831770580,e0c1288a22ea2cf3abde9f2c0887f795fe4c2e7d6f705d077ac9a8a819518e6d,source_tree_sha256,030d6bb049591fda35c4e54df090bbc50eb1e12d8482c28cc71dffec7cef6fa0
2022-04-30,3,action_03,2503,2193,2193,500,4.386,True,2022-04-30__group_03,exp3-full-20260807T072340Z,full,False,primary,exp3,2eebb3dfafa708ac36ff5b5fb2d215b77f5189e37ae94ea9afe8470831770580,e0c1288a22ea2cf3abde9f2c0887f795fe4c2e7d6f705d077ac9a8a819518e6d,source_tree_sha256,030d6bb049591fda35c4e54df090bbc50eb1e12d8482c28cc71dffec7cef6fa0
2022-04-30,3,action_04,2149,2009,2009,500,4.018,True,2022-04-30__group_03,exp3-full-20260807T072340Z,full,False,primary,exp3,2eebb3dfafa708ac36ff5b5fb2d215b77f5189e37ae94ea9afe8470831770580,e0c1288a22ea2cf3abde9f2c0887f795fe4c2e7d6f705d077ac9a8a819518e6d,source_tree_sha256,030d6bb049591fda35c4e54df090bbc50eb1e12d8482c28cc71dffec7cef6fa0
2022-04-30,3,action_05,1885,1456,1456,500,2.912,True,2022-04-30__group_03,exp3-full-20260807T072340Z,full,False,primary,exp3,2eebb3dfafa708ac36ff5b5fb2d215b77f5189e37ae94ea9afe8470831770580,e0c1288a22ea2cf3abde9f2c0887f795fe4c2e7d6f705d077ac9a8a819518e6d,source_tree_sha256,030d6bb049591fda35c4e54df090bbc50eb1e12d8482c28cc71dffec7cef6fa0
2022-04-30,3,action_06,2263,1732,1732,500,3.464,True,2022-04-30__group_03,exp3-full-20260807T072340Z,full,False,primary,exp3,2eebb3dfafa708ac36ff5b5fb2d215b77f5189e37ae94ea9afe8470831770580,e0c1288a22ea2cf3abde9f2c0887f795fe4c2e7d6f705d077ac9a8a819518e6d,source_tree_sha256,030d6bb049591fda35c4e54df090bbc50eb1e12d8482c28cc71dffec7cef6fa0
2022-04-30,3,action_07,1892,1436,1436,500,2.872,True,2022-04-30__group_03,exp3-full-20260807T072340Z,full,False,primary,exp3,2eebb3dfafa708ac36ff5b5fb2d215b77f5189e37ae94ea9afe8470831770580,e0c1288a22ea2cf3abde9f2c0887f795fe4c2e7d6f705d077ac9a8a819518e6d,source_tree_sha256,030d6bb049591fda35c4e54df090bbc50eb1e12d8482c28cc71dffec7cef6fa0
2022-04-30,3,action_08,2054,1502,1502,500,3.004,True,2022-04-30__group_03,exp3-full-20260807T072340Z,full,False,primary,exp3,2eebb3dfafa708ac36ff5b5fb2d215b77f5189e37ae94ea9afe8470831770580,e0c1288a22ea2cf3abde9f2c0887f795fe4c2e7d6f705d077ac9a8a819518e6d,source_tree_sha256,030d6bb049591fda35c4e54df090bbc50eb1e12d8482c28cc71dffec7cef6fa0
2022-04-30,3,action_09,864,1036,864,500,1.728,True,2022-04-30__group_03,exp3-full-20260807T072340Z,full,False,primary,exp3,2eebb3dfafa708ac36ff5b5fb2d215b77f5189e37ae94ea9afe8470831770580,e0c1288a22ea2cf3abde9f2c0887f795fe4c2e7d6f705d077ac9a8a819518e6d,source_tree_sha256,030d6bb049591fda35c4e54df090bbc50eb1e12d8482c28cc71dffec7cef6fa0
2022-04-30,3,action_10,996,844,844,500,1.688,True,2022-04-30__group_03,exp3-full-20260807T072340Z,full,False,primary,exp3,2eebb3dfafa708ac36ff5b5fb2d215b77f5189e37ae94ea9afe8470831770580,e0c1288a22ea2cf3abde9f2c0887f795fe4c2e7d6f705d077ac9a8a819518e6d,source_tree_sha256,030d6bb049591fda35c4e54df090bbc50eb1e12d8482c28cc71dffec7cef6fa0
2022-04-30,3,action_11,850,670,670,500,1.34,True,2022-04-30__group_03,exp3-full-20260807T072340Z,full,False,primary,exp3,2eebb3dfafa708ac36ff5b5fb2d215b77f5189e37ae94ea9afe8470831770580,e0c1288a22ea2cf3abde9f2c0887f795fe4c2e7d6f705d077ac9a8a819518e6d,source_tree_sha256,030d6bb049591fda35c4e54df090bbc50eb1e12d8482c28cc71dffec7cef6fa0
2022-04-30,3,action_12,852,942,852,500,1.704,True,2022-04-30__group_03,exp3-full-20260807T072340Z,full,False,primary,exp3,2eebb3dfafa708ac36ff5b5fb2d215b77f5189e37ae94ea9afe8470831770580,e0c1288a22ea2cf3abde9f2c0887f795fe4c2e7d6f705d077ac9a8a819518e6d,source_tree_sha256,030d6bb049591fda35c4e54df090bbc50eb1e12d8482c28cc71dffec7cef6fa0
2022-04-30,3,action_13,1114,1008,1008,500,2.016,True,2022-04-30__group_03,exp3-full-20260807T072340Z,full,False,primary,exp3,2eebb3dfafa708ac36ff5b5fb2d215b77f5189e37ae94ea9afe8470831770580,e0c1288a22ea2cf3abde9f2c0887f795fe4c2e7d6f705d077ac9a8a819518e6d,source_tree_sha256,030d6bb049591fda35c4e54df090bbc50eb1e12d8482c28cc71dffec7cef6fa0
2022-04-30,3,action_14,970,654,654,500,1.308,True,2022-04-30__group_03,exp3-full-20260807T072340Z,full,False,primary,exp3,2eebb3dfafa708ac36ff5b5fb2d215b77f5189e37ae94ea9afe8470831770580,e0c1288a22ea2cf3abde9f2c0887f795fe4c2e7d6f705d077ac9a8a819518e6d,source_tree_sha256,030d6bb049591fda35c4e54df090bbc50eb1e12d8482c28cc71dffec7cef6fa0
2022-04-30,3,action_15,946,715,715,500,1.43,True,2022-04-30__group_03,exp3-full-20260807T072340Z,full,False,primary,exp3,2eebb3dfafa708ac36ff5b5fb2d215b77f5189e37ae94ea9afe8470831770580,e0c1288a22ea2cf3abde9f2c0887f795fe4c2e7d6f705d077ac9a8a819518e6d,source_tree_sha256,030d6bb049591fda35c4e54df090bbc50eb1e12d8482c28cc71dffec7cef6fa0
2022-04-30,3,action_16,984,736,736,500,1.472,True,2022-04-30__group_03,exp3-full-20260807T072340Z,full,False,primary,exp3,2eebb3dfafa708ac36ff5b5fb2d215b77f5189e37ae94ea9afe8470831770580,e0c1288a22ea2cf3abde9f2c0887f795fe4c2e7d6f705d077ac9a8a819518e6d,source_tree_sha256,030d6bb049591fda35c4e54df090bbc50eb1e12d8482c28cc71dffec7cef6fa0
2022-04-30,3,action_17,1004,514,514,500,1.028,True,2022-04-30__group_03,exp3-full-20260807T072340Z,full,False,primary,exp3,2eebb3dfafa708ac36ff5b5fb2d215b77f5189e37ae94ea9afe8470831770580,e0c1288a22ea2cf3abde9f2c0887f795fe4c2e7d6f705d077ac9a8a819518e6d,source_tree_sha256,030d6bb049591fda35c4e54df090bbc50eb1e12d8482c28cc71dffec7cef6fa0
2022-04-30,3,action_18,662,714,662,500,1.324,True,2022-04-30__group_03,exp3-full-20260807T072340Z,full,False,primary,exp3,2eebb3dfafa708ac36ff5b5fb2d215b77f5189e37ae94ea9afe8470831770580,e0c1288a22ea2cf3abde9f2c0887f795fe4c2e7d6f705d077ac9a8a819518e6d,source_tree_sha256,030d6bb049591fda35c4e54df090bbc50eb1e12d8482c28cc71dffec7cef6fa0
2022-04-30,3,action_19,655,597,597,500,1.194,True,2022-04-30__group_03,exp3-full-20260807T072340Z,full,False,primary,exp3,2eebb3dfafa708ac36ff5b5fb2d215b77f5189e37ae94ea9afe8470831770580,e0c1288a22ea2cf3abde9f2c0887f795fe4c2e7d6f705d077ac9a8a819518e6d,source_tree_sha256,030d6bb049591fda35c4e54df090bbc50eb1e12d8482c28cc71dffec7cef6fa0
2022-04-30,3,action_20,629,600,600,500,1.2,True,2022-04-30__group_03,exp3-full-20260807T072340Z,full,False,primary,exp3,2eebb3dfafa708ac36ff5b5fb2d215b77f5189e37ae94ea9afe8470831770580,e0c1288a22ea2cf3abde9f2c0887f795fe4c2e7d6f705d077ac9a8a819518e6d,source_tree_sha256,030d6bb049591fda35c4e54df090bbc50eb1e12d8482c28cc71dffec7cef6fa0
2022-04-30,4,action_01,5203,4384,4384,500,8.768,True,2022-04-30__group_04,exp3-full-20260807T072340Z,full,False,primary,exp3,2eebb3dfafa708ac36ff5b5fb2d215b77f5189e37ae94ea9afe8470831770580,e0c1288a22ea2cf3abde9f2c0887f795fe4c2e7d6f705d077ac9a8a819518e6d,source_tree_sha256,030d6bb049591fda35c4e54df090bbc50eb1e12d8482c28cc71dffec7cef6fa0
2022-04-30,4,action_02,3028,2018,2018,500,4.036,True,2022-04-30__group_04,exp3-full-20260807T072340Z,full,False,primary,exp3,2eebb3dfafa708ac36ff5b5fb2d215b77f5189e37ae94ea9afe8470831770580,e0c1288a22ea2cf3abde9f2c0887f795fe4c2e7d6f705d077ac9a8a819518e6d,source_tree_sha256,030d6bb049591fda35c4e54df090bbc50eb1e12d8482c28cc71dffec7cef6fa0
2022-04-30,4,action_03,2829,1980,1980,500,3.96,True,2022-04-30__group_04,exp3-full-20260807T072340Z,full,False,primary,exp3,2eebb3dfafa708ac36ff5b5fb2d215b77f5189e37ae94ea9afe8470831770580,e0c1288a22ea2cf3abde9f2c0887f795fe4c2e7d6f705d077ac9a8a819518e6d,source_tree_sha256,030d6bb049591fda35c4e54df090bbc50eb1e12d8482c28cc71dffec7cef6fa0
2022-04-30,4,action_04,2390,2598,2390,500,4.78,True,2022-04-30__group_04,exp3-full-20260807T072340Z,full,False,primary,exp3,2eebb3dfafa708ac36ff5b5fb2d215b77f5189e37ae94ea9afe8470831770580,e0c1288a22ea2cf3abde9f2c0887f795fe4c2e7d6f705d077ac9a8a819518e6d,source_tree_sha256,030d6bb049591fda35c4e54df090bbc50eb1e12d8482c28cc71dffec7cef6fa0
2022-04-30,4,action_05,2809,1452,1452,500,2.904,True,2022-04-30__group_04,exp3-full-20260807T072340Z,full,False,primary,exp3,2eebb3dfafa708ac36ff5b5fb2d215b77f5189e37ae94ea9afe8470831770580,e0c1288a22ea2cf3abde9f2c0887f795fe4c2e7d6f705d077ac9a8a819518e6d,source_tree_sha256,030d6bb049591fda35c4e54df090bbc50eb1e12d8482c28cc71dffec7cef6fa0
2022-04-30,4,action_06,2420,1841,1841,500,3.682,True,2022-04-30__group_04,exp3-full-20260807T072340Z,full,False,primary,exp3,2eebb3dfafa708ac36ff5b5fb2d215b77f5189e37ae94ea9afe8470831770580,e0c1288a22ea2cf3abde9f2c0887f795fe4c2e7d6f705d077ac9a8a819518e6d,source_tree_sha256,030d6bb049591fda35c4e54df090bbc50eb1e12d8482c28cc71dffec7cef6fa0
2022-04-30,4,action_07,2508,1309,1309,500,2.618,True,2022-04-30__group_04,exp3-full-20260807T072340Z,full,False,primary,exp3,2eebb3dfafa708ac36ff5b5fb2d215b77f5189e37ae94ea9afe8470831770580,e0c1288a22ea2cf3abde9f2c0887f795fe4c2e7d6f705d077ac9a8a819518e6d,source_tree_sha256,030d6bb049591fda35c4e54df090bbc50eb1e12d8482c28cc71dffec7cef6fa0
2022-04-30,4,action_08,1693,1326,1326,500,2.652,True,2022-04-30__group_04,exp3-full-20260807T072340Z,full,False,primary,exp3,2eebb3dfafa708ac36ff5b5fb2d215b77f5189e37ae94ea9afe8470831770580,e0c1288a22ea2cf3abde9f2c0887f795fe4c2e7d6f705d077ac9a8a819518e6d,source_tree_sha256,030d6bb049591fda35c4e54df090bbc50eb1e12d8482c28cc71dffec7cef6fa0
2022-04-30,4,action_09,2304,1067,1067,500,2.134,True,2022-04-30__group_04,exp3-full-20260807T072340Z,full,False,primary,exp3,2eebb3dfafa708ac36ff5b5fb2d215b77f5189e37ae94ea9afe8470831770580,e0c1288a22ea2cf3abde9f2c0887f795fe4c2e7d6f705d077ac9a8a819518e6d,source_tree_sha256,030d6bb049591fda35c4e54df090bbc50eb1e12d8482c28cc71dffec7cef6fa0
2022-04-30,4,action_10,1365,953,953,500,1.906,True,2022-04-30__group_04,exp3-full-20260807T072340Z,full,False,primary,exp3,2eebb3dfafa708ac36ff5b5fb2d215b77f5189e37ae94ea9afe8470831770580,e0c1288a22ea2cf3abde9f2c0887f795fe4c2e7d6f705d077ac9a8a819518e6d,source_tree_sha256,030d6bb049591fda35c4e54df090bbc50eb1e12d8482c28cc71dffec7cef6fa0
2022-04-30,4,action_11,1343,747,747,500,1.494,True,2022-04-30__group_04,exp3-full-20260807T072340Z,full,False,primary,exp3,2eebb3dfafa708ac36ff5b5fb2d215b77f5189e37ae94ea9afe8470831770580,e0c1288a22ea2cf3abde9f2c0887f795fe4c2e7d6f705d077ac9a8a819518e6d,source_tree_sha256,030d6bb049591fda35c4e54df090bbc50eb1e12d8482c28cc71dffec7cef6fa0
2022-04-30,4,action_12,812,943,812,500,1.624,True,2022-04-30__group_04,exp3-full-20260807T072340Z,full,False,primary,exp3,2eebb3dfafa708ac36ff5b5fb2d215b77f5189e37ae94ea9afe8470831770580,e0c1288a22ea2cf3abde9f2c0887f795fe4c2e7d6f705d077ac9a8a819518e6d,source_tree_sha256,030d6bb049591fda35c4e54df090bbc50eb1e12d8482c28cc71dffec7cef6fa0
2022-04-30,4,action_13,1242,935,935,500,1.87,True,2022-04-30__group_04,exp3-full-20260807T072340Z,full,False,primary,exp3,2eebb3dfafa708ac36ff5b5fb2d215b77f5189e37ae94ea9afe8470831770580,e0c1288a22ea2cf3abde9f2c0887f795fe4c2e7d6f705d077ac9a8a819518e6d,source_tree_sha256,030d6bb049591fda35c4e54df090bbc50eb1e12d8482c28cc71dffec7cef6fa0
2022-04-30,4,action_14,973,651,651,500,1.302,True,2022-04-30__group_04,exp3-full-20260807T072340Z,full,False,primary,exp3,2eebb3dfafa708ac36ff5b5fb2d215b77f5189e37ae94ea9afe8470831770580,e0c1288a22ea2cf3abde9f2c0887f795fe4c2e7d6f705d077ac9a8a819518e6d,source_tree_sha256,030d6bb049591fda35c4e54df090bbc50eb1e12d8482c28cc71dffec7cef6fa0
2022-04-30,4,action_15,1870,518,518,500,1.036,True,2022-04-30__group_04,exp3-full-20260807T072340Z,full,False,primary,exp3,2eebb3dfafa708ac36ff5b5fb2d215b77f5189e37ae94ea9afe8470831770580,e0c1288a22ea2cf3abde9f2c0887f795fe4c2e7d6f705d077ac9a8a819518e6d,source_tree_sha256,030d6bb049591fda35c4e54df090bbc50eb1e12d8482c28cc71dffec7cef6fa0
2022-04-30,4,action_16,1331,642,642,500,1.284,True,2022-04-30__group_04,exp3-full-20260807T072340Z,full,False,primary,exp3,2eebb3dfafa708ac36ff5b5fb2d215b77f5189e37ae94ea9afe8470831770580,e0c1288a22ea2cf3abde9f2c0887f795fe4c2e7d6f705d077ac9a8a819518e6d,source_tree_sha256,030d6bb049591fda35c4e54df090bbc50eb1e12d8482c28cc71dffec7cef6fa0
2022-04-30,4,action_17,1094,500,500,500,1.0,True,2022-04-30__group_04,exp3-full-20260807T072340Z,full,False,primary,exp3,2eebb3dfafa708ac36ff5b5fb2d215b77f5189e37ae94ea9afe8470831770580,e0c1288a22ea2cf3abde9f2c0887f795fe4c2e7d6f705d077ac9a8a819518e6d,source_tree_sha256,030d6bb049591fda35c4e54df090bbc50eb1e12d8482c28cc71dffec7cef6fa0
2022-04-30,4,action_18,965,701,701,500,1.402,True,2022-04-30__group_04,exp3-full-20260807T072340Z,full,False,primary,exp3,2eebb3dfafa708ac36ff5b5fb2d215b77f5189e37ae94ea9afe8470831770580,e0c1288a22ea2cf3abde9f2c0887f795fe4c2e7d6f705d077ac9a8a819518e6d,source_tree_sha256,030d6bb049591fda35c4e54df090bbc50eb1e12d8482c28cc71dffec7cef6fa0
2022-04-30,4,action_19,863,538,538,500,1.076,True,2022-04-30__group_04,exp3-full-20260807T072340Z,full,False,primary,exp3,2eebb3dfafa708ac36ff5b5fb2d215b77f5189e37ae94ea9afe8470831770580,e0c1288a22ea2cf3abde9f2c0887f795fe4c2e7d6f705d077ac9a8a819518e6d,source_tree_sha256,030d6bb049591fda35c4e54df090bbc50eb1e12d8482c28cc71dffec7cef6fa0
2022-04-30,4,action_20,623,389,389,500,0.778,False,2022-04-30__group_04,exp3-full-20260807T072340Z,full,False,primary,exp3,2eebb3dfafa708ac36ff5b5fb2d215b77f5189e37ae94ea9afe8470831770580,e0c1288a22ea2cf3abde9f2c0887f795fe4c2e7d6f705d077ac9a8a819518e6d,source_tree_sha256,030d6bb049591fda35c4e54df090bbc50eb1e12d8482c28cc71dffec7cef6fa0
2022-05-01,0,action_01,5173,5604,5173,500,10.346,True,2022-05-01__group_00,exp3-full-20260807T072340Z,full,False,primary,exp3,2eebb3dfafa708ac36ff5b5fb2d215b77f5189e37ae94ea9afe8470831770580,e0c1288a22ea2cf3abde9f2c0887f795fe4c2e7d6f705d077ac9a8a819518e6d,source_tree_sha256,030d6bb049591fda35c4e54df090bbc50eb1e12d8482c28cc71dffec7cef6fa0
2022-05-01,0,action_02,2132,2557,2132,500,4.264,True,2022-05-01__group_00,exp3-full-20260807T072340Z,full,False,primary,exp3,2eebb3dfafa708ac36ff5b5fb2d215b77f5189e37ae94ea9afe8470831770580,e0c1288a22ea2cf3abde9f2c0887f795fe4c2e7d6f705d077ac9a8a819518e6d,source_tree_sha256,030d6bb049591fda35c4e54df090bbc50eb1e12d8482c28cc71dffec7cef6fa0
2022-05-01,0,action_03,2703,3716,2703,500,5.406,True,2022-05-01__group_00,exp3-full-20260807T072340Z,full,False,primary,exp3,2eebb3dfafa708ac36ff5b5fb2d215b77f5189e37ae94ea9afe8470831770580,e0c1288a22ea2cf3abde9f2c0887f795fe4c2e7d6f705d077ac9a8a819518e6d,source_tree_sha256,030d6bb049591fda35c4e54df090bbc50eb1e12d8482c28cc71dffec7cef6fa0
2022-05-01,0,action_04,2931,3392,2931,500,5.862,True,2022-05-01__group_00,exp3-full-20260807T072340Z,full,False,primary,exp3,2eebb3dfafa708ac36ff5b5fb2d215b77f5189e37ae94ea9afe8470831770580,e0c1288a22ea2cf3abde9f2c0887f795fe4c2e7d6f705d077ac9a8a819518e6d,source_tree_sha256,030d6bb049591fda35c4e54df090bbc50eb1e12d8482c28cc71dffec7cef6fa0
2022-05-01,0,action_05,1940,2869,1940,500,3.88,True,2022-05-01__group_00,exp3-full-20260807T072340Z,full,False,primary,exp3,2eebb3dfafa708ac36ff5b5fb2d215b77f5189e37ae94ea9afe8470831770580,e0c1288a22ea2cf3abde9f2c0887f795fe4c2e7d6f705d077ac9a8a819518e6d,source_tree_sha256,030d6bb049591fda35c4e54df090bbc50eb1e12d8482c28cc71dffec7cef6fa0
2022-05-01,0,action_06,2253,1796,1796,500,3.592,True,2022-05-01__group_00,exp3-full-20260807T072340Z,full,False,primary,exp3,2eebb3dfafa708ac36ff5b5fb2d215b77f5189e37ae94ea9afe8470831770580,e0c1288a22ea2cf3abde9f2c0887f795fe4c2e7d6f705d077ac9a8a819518e6d,source_tree_sha256,030d6bb049591fda35c4e54df090bbc50eb1e12d8482c28cc71dffec7cef6fa0
2022-05-01,0,action_07,1700,2029,1700,500,3.4,True,2022-05-01__group_00,exp3-full-20260807T072340Z,full,False,primary,exp3,2eebb3dfafa708ac36ff5b5fb2d215b77f5189e37ae94ea9afe8470831770580,e0c1288a22ea2cf3abde9f2c0887f795fe4c2e7d6f705d077ac9a8a819518e6d,source_tree_sha256,030d6bb049591fda35c4e54df090bbc50eb1e12d8482c28cc71dffec7cef6fa0
2022-05-01,0,action_08,1823,2988,1823,500,3.646,True,2022-05-01__group_00,exp3-full-20260807T072340Z,full,False,primary,exp3,2eebb3dfafa708ac36ff5b5fb2d215b77f5189e37ae94ea9afe8470831770580,e0c1288a22ea2cf3abde9f2c0887f795fe4c2e7d6f705d077ac9a8a819518e6d,source_tree_sha256,030d6bb049591fda35c4e54df090bbc50eb1e12d8482c28cc71dffec7cef6fa0
2022-05-01,0,action_09,1013,1370,1013,500,2.026,True,2022-05-01__group_00,exp3-full-20260807T072340Z,full,False,primary,exp3,2eebb3dfafa708ac36ff5b5fb2d215b77f5189e37ae94ea9afe8470831770580,e0c1288a22ea2cf3abde9f2c0887f795fe4c2e7d6f705d077ac9a8a819518e6d,source_tree_sha256,030d6bb049591fda35c4e54df090bbc50eb1e12d8482c28cc71dffec7cef6fa0
2022-05-01,0,action_10,1206,2457,1206,500,2.412,True,2022-05-01__group_00,exp3-full-20260807T072340Z,full,False,primary,exp3,2eebb3dfafa708ac36ff5b5fb2d215b77f5189e37ae94ea9afe8470831770580,e0c1288a22ea2cf3abde9f2c0887f795fe4c2e7d6f705d077ac9a8a819518e6d,source_tree_sha256,030d6bb049591fda35c4e54df090bbc50eb1e12d8482c28cc71dffec7cef6fa0
2022-05-01,0,action_11,1044,1762,1044,500,2.088,True,2022-05-01__group_00,exp3-full-20260807T072340Z,full,False,primary,exp3,2eebb3dfafa708ac36ff5b5fb2d215b77f5189e37ae94ea9afe8470831770580,e0c1288a22ea2cf3abde9f2c0887f795fe4c2e7d6f705d077ac9a8a819518e6d,source_tree_sha256,030d6bb049591fda35c4e54df090bbc50eb1e12d8482c28cc71dffec7cef6fa0
2022-05-01,0,action_12,997,1638,997,500,1.994,True,2022-05-01__group_00,exp3-full-20260807T072340Z,full,False,primary,exp3,2eebb3dfafa708ac36ff5b5fb2d215b77f5189e37ae94ea9afe8470831770580,e0c1288a22ea2cf3abde9f2c0887f795fe4c2e7d6f705d077ac9a8a819518e6d,source_tree_sha256,030d6bb049591fda35c4e54df090bbc50eb1e12d8482c28cc71dffec7cef6fa0
2022-05-01,0,action_13,922,1063,922,500,1.844,True,2022-05-01__group_00,exp3-full-20260807T072340Z,full,False,primary,exp3,2eebb3dfafa708ac36ff5b5fb2d215b77f5189e37ae94ea9afe8470831770580,e0c1288a22ea2cf3abde9f2c0887f795fe4c2e7d6f705d077ac9a8a819518e6d,source_tree_sha256,030d6bb049591fda35c4e54df090bbc50eb1e12d8482c28cc71dffec7cef6fa0
2022-05-01,0,action_14,581,1062,581,500,1.162,True,2022-05-01__group_00,exp3-full-20260807T072340Z,full,False,primary,exp3,2eebb3dfafa708ac36ff5b5fb2d215b77f5189e37ae94ea9afe8470831770580,e0c1288a22ea2cf3abde9f2c0887f795fe4c2e7d6f705d077ac9a8a819518e6d,source_tree_sha256,030d6bb049591fda35c4e54df090bbc50eb1e12d8482c28cc71dffec7cef6fa0
2022-05-01,0,action_15,921,1194,921,500,1.842,True,2022-05-01__group_00,exp3-full-20260807T072340Z,full,False,primary,exp3,2eebb3dfafa708ac36ff5b5fb2d215b77f5189e37ae94ea9afe8470831770580,e0c1288a22ea2cf3abde9f2c0887f795fe4c2e7d6f705d077ac9a8a819518e6d,source_tree_sha256,030d6bb049591fda35c4e54df090bbc50eb1e12d8482c28cc71dffec7cef6fa0
2022-05-01,0,action_16,883,1368,883,500,1.766,True,2022-05-01__group_00,exp3-full-20260807T072340Z,full,False,primary,exp3,2eebb3dfafa708ac36ff5b5fb2d215b77f5189e37ae94ea9afe8470831770580,e0c1288a22ea2cf3abde9f2c0887f795fe4c2e7d6f705d077ac9a8a819518e6d,source_tree_sha256,030d6bb049591fda35c4e54df090bbc50eb1e12d8482c28cc71dffec7cef6fa0
2022-05-01,0,action_17,915,712,712,500,1.424,True,2022-05-01__group_00,exp3-full-20260807T072340Z,full,False,primary,exp3,2eebb3dfafa708ac36ff5b5fb2d215b77f5189e37ae94ea9afe8470831770580,e0c1288a22ea2cf3abde9f2c0887f795fe4c2e7d6f705d077ac9a8a819518e6d,source_tree_sha256,030d6bb049591fda35c4e54df090bbc50eb1e12d8482c28cc71dffec7cef6fa0
2022-05-01,0,action_18,711,1095,711,500,1.422,True,2022-05-01__group_00,exp3-full-20260807T072340Z,full,False,primary,exp3,2eebb3dfafa708ac36ff5b5fb2d215b77f5189e37ae94ea9afe8470831770580,e0c1288a22ea2cf3abde9f2c0887f795fe4c2e7d6f705d077ac9a8a819518e6d,source_tree_sha256,030d6bb049591fda35c4e54df090bbc50eb1e12d8482c28cc71dffec7cef6fa0
2022-05-01,0,action_19,647,848,647,500,1.294,True,2022-05-01__group_00,exp3-full-20260807T072340Z,full,False,primary,exp3,2eebb3dfafa708ac36ff5b5fb2d215b77f5189e37ae94ea9afe8470831770580,e0c1288a22ea2cf3abde9f2c0887f795fe4c2e7d6f705d077ac9a8a819518e6d,source_tree_sha256,030d6bb049591fda35c4e54df090bbc50eb1e12d8482c28cc71dffec7cef6fa0
2022-05-01,0,action_20,351,710,351,500,0.702,False,2022-05-01__group_00,exp3-full-20260807T072340Z,full,False,primary,exp3,2eebb3dfafa708ac36ff5b5fb2d215b77f5189e37ae94ea9afe8470831770580,e0c1288a22ea2cf3abde9f2c0887f795fe4c2e7d6f705d077ac9a8a819518e6d,source_tree_sha256,030d6bb049591fda35c4e54df090bbc50eb1e12d8482c28cc71dffec7cef6fa0
2022-05-01,1,action_01,7135,6930,6930,500,13.86,True,2022-05-01__group_01,exp3-full-20260807T072340Z,full,False,primary,exp3,2eebb3dfafa708ac36ff5b5fb2d215b77f5189e37ae94ea9afe8470831770580,e0c1288a22ea2cf3abde9f2c0887f795fe4c2e7d6f705d077ac9a8a819518e6d,source_tree_sha256,030d6bb049591fda35c4e54df090bbc50eb1e12d8482c28cc71dffec7cef6fa0
2022-05-01,1,action_02,2687,2424,2424,500,4.848,True,2022-05-01__group_01,exp3-full-20260807T072340Z,full,False,primary,exp3,2eebb3dfafa708ac36ff5b5fb2d215b77f5189e37ae94ea9afe8470831770580,e0c1288a22ea2cf3abde9f2c0887f795fe4c2e7d6f705d077ac9a8a819518e6d,source_tree_sha256,030d6bb049591fda35c4e54df090bbc50eb1e12d8482c28cc71dffec7cef6fa0
2022-05-01,1,action_03,3676,3070,3070,500,6.14,True,2022-05-01__group_01,exp3-full-20260807T072340Z,full,False,primary,exp3,2eebb3dfafa708ac36ff5b5fb2d215b77f5189e37ae94ea9afe8470831770580,e0c1288a22ea2cf3abde9f2c0887f795fe4c2e7d6f705d077ac9a8a819518e6d,source_tree_sha256,030d6bb049591fda35c4e54df090bbc50eb1e12d8482c28cc71dffec7cef6fa0
2022-05-01,1,action_04,3468,3050,3050,500,6.1,True,2022-05-01__group_01,exp3-full-20260807T072340Z,full,False,primary,exp3,2eebb3dfafa708ac36ff5b5fb2d215b77f5189e37ae94ea9afe8470831770580,e0c1288a22ea2cf3abde9f2c0887f795fe4c2e7d6f705d077ac9a8a819518e6d,source_tree_sha256,030d6bb049591fda35c4e54df090bbc50eb1e12d8482c28cc71dffec7cef6fa0
2022-05-01,1,action_05,2212,2680,2212,500,4.424,True,2022-05-01__group_01,exp3-full-20260807T072340Z,full,False,primary,exp3,2eebb3dfafa708ac36ff5b5fb2d215b77f5189e37ae94ea9afe8470831770580,e0c1288a22ea2cf3abde9f2c0887f795fe4c2e7d6f705d077ac9a8a819518e6d,source_tree_sha256,030d6bb049591fda35c4e54df090bbc50eb1e12d8482c28cc71dffec7cef6fa0
2022-05-01,1,action_06,1583,2110,1583,500,3.166,True,2022-05-01__group_01,exp3-full-20260807T072340Z,full,False,primary,exp3,2eebb3dfafa708ac36ff5b5fb2d215b77f5189e37ae94ea9afe8470831770580,e0c1288a22ea2cf3abde9f2c0887f795fe4c2e7d6f705d077ac9a8a819518e6d,source_tree_sha256,030d6bb049591fda35c4e54df090bbc50eb1e12d8482c28cc71dffec7cef6fa0
2022-05-01,1,action_07,2541,2308,2308,500,4.616,True,2022-05-01__group_01,exp3-full-20260807T072340Z,full,False,primary,exp3,2eebb3dfafa708ac36ff5b5fb2d215b77f5189e37ae94ea9afe8470831770580,e0c1288a22ea2cf3abde9f2c0887f795fe4c2e7d6f705d077ac9a8a819518e6d,source_tree_sha256,030d6bb049591fda35c4e54df090bbc50eb1e12d8482c28cc71dffec7cef6fa0
2022-05-01,1,action_08,2677,2363,2363,500,4.726,True,2022-05-01__group_01,exp3-full-20260807T072340Z,full,False,primary,exp3,2eebb3dfafa708ac36ff5b5fb2d215b77f5189e37ae94ea9afe8470831770580,e0c1288a22ea2cf3abde9f2c0887f795fe4c2e7d6f705d077ac9a8a819518e6d,source_tree_sha256,030d6bb049591fda35c4e54df090bbc50eb1e12d8482c28cc71dffec7cef6fa0
2022-05-01,1,action_09,1819,1807,1807,500,3.614,True,2022-05-01__group_01,exp3-full-20260807T072340Z,full,False,primary,exp3,2eebb3dfafa708ac36ff5b5fb2d215b77f5189e37ae94ea9afe8470831770580,e0c1288a22ea2cf3abde9f2c0887f795fe4c2e7d6f705d077ac9a8a819518e6d,source_tree_sha256,030d6bb049591fda35c4e54df090bbc50eb1e12d8482c28cc71dffec7cef6fa0
2022-05-01,1,action_10,1840,1245,1245,500,2.49,True,2022-05-01__group_01,exp3-full-20260807T072340Z,full,False,primary,exp3,2eebb3dfafa708ac36ff5b5fb2d215b77f5189e37ae94ea9afe8470831770580,e0c1288a22ea2cf3abde9f2c0887f795fe4c2e7d6f705d077ac9a8a819518e6d,source_tree_sha256,030d6bb049591fda35c4e54df090bbc50eb1e12d8482c28cc71dffec7cef6fa0
2022-05-01,1,action_11,1279,1436,1279,500,2.558,True,2022-05-01__group_01,exp3-full-20260807T072340Z,full,False,primary,exp3,2eebb3dfafa708ac36ff5b5fb2d215b77f5189e37ae94ea9afe8470831770580,e0c1288a22ea2cf3abde9f2c0887f795fe4c2e7d6f705d077ac9a8a819518e6d,source_tree_sha256,030d6bb049591fda35c4e54df090bbc50eb1e12d8482c28cc71dffec7cef6fa0
2022-05-01,1,action_12,1547,1446,1446,500,2.892,True,2022-05-01__group_01,exp3-full-20260807T072340Z,full,False,primary,exp3,2eebb3dfafa708ac36ff5b5fb2d215b77f5189e37ae94ea9afe8470831770580,e0c1288a22ea2cf3abde9f2c0887f795fe4c2e7d6f705d077ac9a8a819518e6d,source_tree_sha256,030d6bb049591fda35c4e54df090bbc50eb1e12d8482c28cc71dffec7cef6fa0
2022-05-01,1,action_13,1331,1067,1067,500,2.134,True,2022-05-01__group_01,exp3-full-20260807T072340Z,full,False,primary,exp3,2eebb3dfafa708ac36ff5b5fb2d215b77f5189e37ae94ea9afe8470831770580,e0c1288a22ea2cf3abde9f2c0887f795fe4c2e7d6f705d077ac9a8a819518e6d,source_tree_sha256,030d6bb049591fda35c4e54df090bbc50eb1e12d8482c28cc71dffec7cef6fa0
2022-05-01,1,action_14,1242,942,942,500,1.884,True,2022-05-01__group_01,exp3-full-20260807T072340Z,full,False,primary,exp3,2eebb3dfafa708ac36ff5b5fb2d215b77f5189e37ae94ea9afe8470831770580,e0c1288a22ea2cf3abde9f2c0887f795fe4c2e7d6f705d077ac9a8a819518e6d,source_tree_sha256,030d6bb049591fda35c4e54df090bbc50eb1e12d8482c28cc71dffec7cef6fa0
2022-05-01,1,action_15,1052,1014,1014,500,2.028,True,2022-05-01__group_01,exp3-full-20260807T072340Z,full,False,primary,exp3,2eebb3dfafa708ac36ff5b5fb2d215b77f5189e37ae94ea9afe8470831770580,e0c1288a22ea2cf3abde9f2c0887f795fe4c2e7d6f705d077ac9a8a819518e6d,source_tree_sha256,030d6bb049591fda35c4e54df090bbc50eb1e12d8482c28cc71dffec7cef6fa0
2022-05-01,1,action_16,1153,1190,1153,500,2.306,True,2022-05-01__group_01,exp3-full-20260807T072340Z,full,False,primary,exp3,2eebb3dfafa708ac36ff5b5fb2d215b77f5189e37ae94ea9afe8470831770580,e0c1288a22ea2cf3abde9f2c0887f795fe4c2e7d6f705d077ac9a8a819518e6d,source_tree_sha256,030d6bb049591fda35c4e54df090bbc50eb1e12d8482c28cc71dffec7cef6fa0
2022-05-01,1,action_17,992,1531,992,500,1.984,True,2022-05-01__group_01,exp3-full-20260807T072340Z,full,False,primary,exp3,2eebb3dfafa708ac36ff5b5fb2d215b77f5189e37ae94ea9afe8470831770580,e0c1288a22ea2cf3abde9f2c0887f795fe4c2e7d6f705d077ac9a8a819518e6d,source_tree_sha256,030d6bb049591fda35c4e54df090bbc50eb1e12d8482c28cc71dffec7cef6fa0
2022-05-01,1,action_18,1021,902,902,500,1.804,True,2022-05-01__group_01,exp3-full-20260807T072340Z,full,False,primary,exp3,2eebb3dfafa708ac36ff5b5fb2d215b77f5189e37ae94ea9afe8470831770580,e0c1288a22ea2cf3abde9f2c0887f795fe4c2e7d6f705d077ac9a8a819518e6d,source_tree_sha256,030d6bb049591fda35c4e54df090bbc50eb1e12d8482c28cc71dffec7cef6fa0
2022-05-01,1,action_19,1116,765,765,500,1.53,True,2022-05-01__group_01,exp3-full-20260807T072340Z,full,False,primary,exp3,2eebb3dfafa708ac36ff5b5fb2d215b77f5189e37ae94ea9afe8470831770580,e0c1288a22ea2cf3abde9f2c0887f795fe4c2e7d6f705d077ac9a8a819518e6d,source_tree_sha256,030d6bb049591fda35c4e54df090bbc50eb1e12d8482c28cc71dffec7cef6fa0
2022-05-01,1,action_20,1063,738,738,500,1.476,True,2022-05-01__group_01,exp3-full-20260807T072340Z,full,False,primary,exp3,2eebb3dfafa708ac36ff5b5fb2d215b77f5189e37ae94ea9afe8470831770580,e0c1288a22ea2cf3abde9f2c0887f795fe4c2e7d6f705d077ac9a8a819518e6d,source_tree_sha256,030d6bb049591fda35c4e54df090bbc50eb1e12d8482c28cc71dffec7cef6fa0
2022-05-01,2,action_01,5872,4864,4864,500,9.728,True,2022-05-01__group_02,exp3-full-20260807T072340Z,full,False,primary,exp3,2eebb3dfafa708ac36ff5b5fb2d215b77f5189e37ae94ea9afe8470831770580,e0c1288a22ea2cf3abde9f2c0887f795fe4c2e7d6f705d077ac9a8a819518e6d,source_tree_sha256,030d6bb049591fda35c4e54df090bbc50eb1e12d8482c28cc71dffec7cef6fa0
2022-05-01,2,action_02,2788,2153,2153,500,4.306,True,2022-05-01__group_02,exp3-full-20260807T072340Z,full,False,primary,exp3,2eebb3dfafa708ac36ff5b5fb2d215b77f5189e37ae94ea9afe8470831770580,e0c1288a22ea2cf3abde9f2c0887f795fe4c2e7d6f705d077ac9a8a819518e6d,source_tree_sha256,030d6bb049591fda35c4e54df090bbc50eb1e12d8482c28cc71dffec7cef6fa0
2022-05-01,2,action_03,3137,2609,2609,500,5.218,True,2022-05-01__group_02,exp3-full-20260807T072340Z,full,False,primary,exp3,2eebb3dfafa708ac36ff5b5fb2d215b77f5189e37ae94ea9afe8470831770580,e0c1288a22ea2cf3abde9f2c0887f795fe4c2e7d6f705d077ac9a8a819518e6d,source_tree_sha256,030d6bb049591fda35c4e54df090bbc50eb1e12d8482c28cc71dffec7cef6fa0
2022-05-01,2,action_04,2551,2040,2040,500,4.08,True,2022-05-01__group_02,exp3-full-20260807T072340Z,full,False,primary,exp3,2eebb3dfafa708ac36ff5b5fb2d215b77f5189e37ae94ea9afe8470831770580,e0c1288a22ea2cf3abde9f2c0887f795fe4c2e7d6f705d077ac9a8a819518e6d,source_tree_sha256,030d6bb049591fda35c4e54df090bbc50eb1e12d8482c28cc71dffec7cef6fa0
2022-05-01,2,action_05,1990,1691,1691,500,3.382,True,2022-05-01__group_02,exp3-full-20260807T072340Z,full,False,primary,exp3,2eebb3dfafa708ac36ff5b5fb2d215b77f5189e37ae94ea9afe8470831770580,e0c1288a22ea2cf3abde9f2c0887f795fe4c2e7d6f705d077ac9a8a819518e6d,source_tree_sha256,030d6bb049591fda35c4e54df090bbc50eb1e12d8482c28cc71dffec7cef6fa0
2022-05-01,2,action_06,2472,2162,2162,500,4.324,True,2022-05-01__group_02,exp3-full-20260807T072340Z,full,False,primary,exp3,2eebb3dfafa708ac36ff5b5fb2d215b77f5189e37ae94ea9afe8470831770580,e0c1288a22ea2cf3abde9f2c0887f795fe4c2e7d6f705d077ac9a8a819518e6d,source_tree_sha256,030d6bb049591fda35c4e54df090bbc50eb1e12d8482c28cc71dffec7cef6fa0
2022-05-01,2,action_07,1867,1602,1602,500,3.204,True,2022-05-01__group_02,exp3-full-20260807T072340Z,full,False,primary,exp3,2eebb3dfafa708ac36ff5b5fb2d215b77f5189e37ae94ea9afe8470831770580,e0c1288a22ea2cf3abde9f2c0887f795fe4c2e7d6f705d077ac9a8a819518e6d,source_tree_sha256,030d6bb049591fda35c4e54df090bbc50eb1e12d8482c28cc71dffec7cef6fa0
2022-05-01,2,action_08,2262,1490,1490,500,2.98,True,2022-05-01__group_02,exp3-full-20260807T072340Z,full,False,primary,exp3,2eebb3dfafa708ac36ff5b5fb2d215b77f5189e37ae94ea9afe8470831770580,e0c1288a22ea2cf3abde9f2c0887f795fe4c2e7d6f705d077ac9a8a819518e6d,source_tree_sha256,030d6bb049591fda35c4e54df090bbc50eb1e12d8482c28cc71dffec7cef6fa0
2022-05-01,2,action_09,1641,1289,1289,500,2.578,True,2022-05-01__group_02,exp3-full-20260807T072340Z,full,False,primary,exp3,2eebb3dfafa708ac36ff5b5fb2d215b77f5189e37ae94ea9afe8470831770580,e0c1288a22ea2cf3abde9f2c0887f795fe4c2e7d6f705d077ac9a8a819518e6d,source_tree_sha256,030d6bb049591fda35c4e54df090bbc50eb1e12d8482c28cc71dffec7cef6fa0
2022-05-01,2,action_10,1273,1443,1273,500,2.546,True,2022-05-01__group_02,exp3-full-20260807T072340Z,full,False,primary,exp3,2eebb3dfafa708ac36ff5b5fb2d215b77f5189e37ae94ea9afe8470831770580,e0c1288a22ea2cf3abde9f2c0887f795fe4c2e7d6f705d077ac9a8a819518e6d,source_tree_sha256,030d6bb049591fda35c4e54df090bbc50eb1e12d8482c28cc71dffec7cef6fa0
2022-05-01,2,action_11,1065,888,888,500,1.776,True,2022-05-01__group_02,exp3-full-20260807T072340Z,full,False,primary,exp3,2eebb3dfafa708ac36ff5b5fb2d215b77f5189e37ae94ea9afe8470831770580,e0c1288a22ea2cf3abde9f2c0887f795fe4c2e7d6f705d077ac9a8a819518e6d,source_tree_sha256,030d6bb049591fda35c4e54df090bbc50eb1e12d8482c28cc71dffec7cef6fa0
2022-05-01,2,action_12,1438,1290,1290,500,2.58,True,2022-05-01__group_02,exp3-full-20260807T072340Z,full,False,primary,exp3,2eebb3dfafa708ac36ff5b5fb2d215b77f5189e37ae94ea9afe8470831770580,e0c1288a22ea2cf3abde9f2c0887f795fe4c2e7d6f705d077ac9a8a819518e6d,source_tree_sha256,030d6bb049591fda35c4e54df090bbc50eb1e12d8482c28cc71dffec7cef6fa0
2022-05-01,2,action_13,1170,1098,1098,500,2.196,True,2022-05-01__group_02,exp3-full-20260807T072340Z,full,False,primary,exp3,2eebb3dfafa708ac36ff5b5fb2d215b77f5189e37ae94ea9afe8470831770580,e0c1288a22ea2cf3abde9f2c0887f795fe4c2e7d6f705d077ac9a8a819518e6d,source_tree_sha256,030d6bb049591fda35c4e54df090bbc50eb1e12d8482c28cc71dffec7cef6fa0
2022-05-01,2,action_14,876,719,719,500,1.438,True,2022-05-01__group_02,exp3-full-20260807T072340Z,full,False,primary,exp3,2eebb3dfafa708ac36ff5b5fb2d215b77f5189e37ae94ea9afe8470831770580,e0c1288a22ea2cf3abde9f2c0887f795fe4c2e7d6f705d077ac9a8a819518e6d,source_tree_sha256,030d6bb049591fda35c4e54df090bbc50eb1e12d8482c28cc71dffec7cef6fa0
2022-05-01,2,action_15,1101,681,681,500,1.362,True,2022-05-01__group_02,exp3-full-20260807T072340Z,full,False,primary,exp3,2eebb3dfafa708ac36ff5b5fb2d215b77f5189e37ae94ea9afe8470831770580,e0c1288a22ea2cf3abde9f2c0887f795fe4c2e7d6f705d077ac9a8a819518e6d,source_tree_sha256,030d6bb049591fda35c4e54df090bbc50eb1e12d8482c28cc71dffec7cef6fa0
2022-05-01,2,action_16,914,716,716,500,1.432,True,2022-05-01__group_02,exp3-full-20260807T072340Z,full,False,primary,exp3,2eebb3dfafa708ac36ff5b5fb2d215b77f5189e37ae94ea9afe8470831770580,e0c1288a22ea2cf3abde9f2c0887f795fe4c2e7d6f705d077ac9a8a819518e6d,source_tree_sha256,030d6bb049591fda35c4e54df090bbc50eb1e12d8482c28cc71dffec7cef6fa0
2022-05-01,2,action_17,883,892,883,500,1.766,True,2022-05-01__group_02,exp3-full-20260807T072340Z,full,False,primary,exp3,2eebb3dfafa708ac36ff5b5fb2d215b77f5189e37ae94ea9afe8470831770580,e0c1288a22ea2cf3abde9f2c0887f795fe4c2e7d6f705d077ac9a8a819518e6d,source_tree_sha256,030d6bb049591fda35c4e54df090bbc50eb1e12d8482c28cc71dffec7cef6fa0
2022-05-01,2,action_18,980,859,859,500,1.718,True,2022-05-01__group_02,exp3-full-20260807T072340Z,full,False,primary,exp3,2eebb3dfafa708ac36ff5b5fb2d215b77f5189e37ae94ea9afe8470831770580,e0c1288a22ea2cf3abde9f2c0887f795fe4c2e7d6f705d077ac9a8a819518e6d,source_tree_sha256,030d6bb049591fda35c4e54df090bbc50eb1e12d8482c28cc71dffec7cef6fa0
2022-05-01,2,action_19,923,676,676,500,1.352,True,2022-05-01__group_02,exp3-full-20260807T072340Z,full,False,primary,exp3,2eebb3dfafa708ac36ff5b5fb2d215b77f5189e37ae94ea9afe8470831770580,e0c1288a22ea2cf3abde9f2c0887f795fe4c2e7d6f705d077ac9a8a819518e6d,source_tree_sha256,030d6bb049591fda35c4e54df090bbc50eb1e12d8482c28cc71dffec7cef6fa0
2022-05-01,2,action_20,638,500,500,500,1.0,True,2022-05-01__group_02,exp3-full-20260807T072340Z,full,False,primary,exp3,2eebb3dfafa708ac36ff5b5fb2d215b77f5189e37ae94ea9afe8470831770580,e0c1288a22ea2cf3abde9f2c0887f795fe4c2e7d6f705d077ac9a8a819518e6d,source_tree_sha256,030d6bb049591fda35c4e54df090bbc50eb1e12d8482c28cc71dffec7cef6fa0
2022-05-01,3,action_01,4859,4973,4859,500,9.718,True,2022-05-01__group_03,exp3-full-20260807T072340Z,full,False,primary,exp3,2eebb3dfafa708ac36ff5b5fb2d215b77f5189e37ae94ea9afe8470831770580,e0c1288a22ea2cf3abde9f2c0887f795fe4c2e7d6f705d077ac9a8a819518e6d,source_tree_sha256,030d6bb049591fda35c4e54df090bbc50eb1e12d8482c28cc71dffec7cef6fa0
2022-05-01,3,action_02,2639,1816,1816,500,3.632,True,2022-05-01__group_03,exp3-full-20260807T072340Z,full,False,primary,exp3,2eebb3dfafa708ac36ff5b5fb2d215b77f5189e37ae94ea9afe8470831770580,e0c1288a22ea2cf3abde9f2c0887f795fe4c2e7d6f705d077ac9a8a819518e6d,source_tree_sha256,030d6bb049591fda35c4e54df090bbc50eb1e12d8482c28cc71dffec7cef6fa0
2022-05-01,3,action_03,2682,2881,2682,500,5.364,True,2022-05-01__group_03,exp3-full-20260807T072340Z,full,False,primary,exp3,2eebb3dfafa708ac36ff5b5fb2d215b77f5189e37ae94ea9afe8470831770580,e0c1288a22ea2cf3abde9f2c0887f795fe4c2e7d6f705d077ac9a8a819518e6d,source_tree_sha256,030d6bb049591fda35c4e54df090bbc50eb1e12d8482c28cc71dffec7cef6fa0
2022-05-01,3,action_04,1976,2267,1976,500,3.952,True,2022-05-01__group_03,exp3-full-20260807T072340Z,full,False,primary,exp3,2eebb3dfafa708ac36ff5b5fb2d215b77f5189e37ae94ea9afe8470831770580,e0c1288a22ea2cf3abde9f2c0887f795fe4c2e7d6f705d077ac9a8a819518e6d,source_tree_sha256,030d6bb049591fda35c4e54df090bbc50eb1e12d8482c28cc71dffec7cef6fa0
2022-05-01,3,action_05,1897,1600,1600,500,3.2,True,2022-05-01__group_03,exp3-full-20260807T072340Z,full,False,primary,exp3,2eebb3dfafa708ac36ff5b5fb2d215b77f5189e37ae94ea9afe8470831770580,e0c1288a22ea2cf3abde9f2c0887f795fe4c2e7d6f705d077ac9a8a819518e6d,source_tree_sha256,030d6bb049591fda35c4e54df090bbc50eb1e12d8482c28cc71dffec7cef6fa0
2022-05-01,3,action_06,2276,2062,2062,500,4.124,True,2022-05-01__group_03,exp3-full-20260807T072340Z,full,False,primary,exp3,2eebb3dfafa708ac36ff5b5fb2d215b77f5189e37ae94ea9afe8470831770580,e0c1288a22ea2cf3abde9f2c0887f795fe4c2e7d6f705d077ac9a8a819518e6d,source_tree_sha256,030d6bb049591fda35c4e54df090bbc50eb1e12d8482c28cc71dffec7cef6fa0
2022-05-01,3,action_07,1809,1599,1599,500,3.198,True,2022-05-01__group_03,exp3-full-20260807T072340Z,full,False,primary,exp3,2eebb3dfafa708ac36ff5b5fb2d215b77f5189e37ae94ea9afe8470831770580,e0c1288a22ea2cf3abde9f2c0887f795fe4c2e7d6f705d077ac9a8a819518e6d,source_tree_sha256,030d6bb049591fda35c4e54df090bbc50eb1e12d8482c28cc71dffec7cef6fa0
2022-05-01,3,action_08,2202,1707,1707,500,3.414,True,2022-05-01__group_03,exp3-full-20260807T072340Z,full,False,primary,exp3,2eebb3dfafa708ac36ff5b5fb2d215b77f5189e37ae94ea9afe8470831770580,e0c1288a22ea2cf3abde9f2c0887f795fe4c2e7d6f705d077ac9a8a819518e6d,source_tree_sha256,030d6bb049591fda35c4e54df090bbc50eb1e12d8482c28cc71dffec7cef6fa0
2022-05-01,3,action_09,893,940,893,500,1.786,True,2022-05-01__group_03,exp3-full-20260807T072340Z,full,False,primary,exp3,2eebb3dfafa708ac36ff5b5fb2d215b77f5189e37ae94ea9afe8470831770580,e0c1288a22ea2cf3abde9f2c0887f795fe4c2e7d6f705d077ac9a8a819518e6d,source_tree_sha256,030d6bb049591fda35c4e54df090bbc50eb1e12d8482c28cc71dffec7cef6fa0
2022-05-01,3,action_10,1026,915,915,500,1.83,True,2022-05-01__group_03,exp3-full-20260807T072340Z,full,False,primary,exp3,2eebb3dfafa708ac36ff5b5fb2d215b77f5189e37ae94ea9afe8470831770580,e0c1288a22ea2cf3abde9f2c0887f795fe4c2e7d6f705d077ac9a8a819518e6d,source_tree_sha256,030d6bb049591fda35c4e54df090bbc50eb1e12d8482c28cc71dffec7cef6fa0
2022-05-01,3,action_11,782,595,595,500,1.19,True,2022-05-01__group_03,exp3-full-20260807T072340Z,full,False,primary,exp3,2eebb3dfafa708ac36ff5b5fb2d215b77f5189e37ae94ea9afe8470831770580,e0c1288a22ea2cf3abde9f2c0887f795fe4c2e7d6f705d077ac9a8a819518e6d,source_tree_sha256,030d6bb049591fda35c4e54df090bbc50eb1e12d8482c28cc71dffec7cef6fa0
2022-05-01,3,action_12,876,919,876,500,1.752,True,2022-05-01__group_03,exp3-full-20260807T072340Z,full,False,primary,exp3,2eebb3dfafa708ac36ff5b5fb2d215b77f5189e37ae94ea9afe8470831770580,e0c1288a22ea2cf3abde9f2c0887f795fe4c2e7d6f705d077ac9a8a819518e6d,source_tree_sha256,030d6bb049591fda35c4e54df090bbc50eb1e12d8482c28cc71dffec7cef6fa0
2022-05-01,3,action_13,1182,1129,1129,500,2.258,True,2022-05-01__group_03,exp3-full-20260807T072340Z,full,False,primary,exp3,2eebb3dfafa708ac36ff5b5fb2d215b77f5189e37ae94ea9afe8470831770580,e0c1288a22ea2cf3abde9f2c0887f795fe4c2e7d6f705d077ac9a8a819518e6d,source_tree_sha256,030d6bb049591fda35c4e54df090bbc50eb1e12d8482c28cc71dffec7cef6fa0
2022-05-01,3,action_14,1022,739,739,500,1.478,True,2022-05-01__group_03,exp3-full-20260807T072340Z,full,False,primary,exp3,2eebb3dfafa708ac36ff5b5fb2d215b77f5189e37ae94ea9afe8470831770580,e0c1288a22ea2cf3abde9f2c0887f795fe4c2e7d6f705d077ac9a8a819518e6d,source_tree_sha256,030d6bb049591fda35c4e54df090bbc50eb1e12d8482c28cc71dffec7cef6fa0
2022-05-01,3,action_15,678,1075,678,500,1.356,True,2022-05-01__group_03,exp3-full-20260807T072340Z,full,False,primary,exp3,2eebb3dfafa708ac36ff5b5fb2d215b77f5189e37ae94ea9afe8470831770580,e0c1288a22ea2cf3abde9f2c0887f795fe4c2e7d6f705d077ac9a8a819518e6d,source_tree_sha256,030d6bb049591fda35c4e54df090bbc50eb1e12d8482c28cc71dffec7cef6fa0
2022-05-01,3,action_16,994,883,883,500,1.766,True,2022-05-01__group_03,exp3-full-20260807T072340Z,full,False,primary,exp3,2eebb3dfafa708ac36ff5b5fb2d215b77f5189e37ae94ea9afe8470831770580,e0c1288a22ea2cf3abde9f2c0887f795fe4c2e7d6f705d077ac9a8a819518e6d,source_tree_sha256,030d6bb049591fda35c4e54df090bbc50eb1e12d8482c28cc71dffec7cef6fa0
2022-05-01,3,action_17,785,670,670,500,1.34,True,2022-05-01__group_03,exp3-full-20260807T072340Z,full,False,primary,exp3,2eebb3dfafa708ac36ff5b5fb2d215b77f5189e37ae94ea9afe8470831770580,e0c1288a22ea2cf3abde9f2c0887f795fe4c2e7d6f705d077ac9a8a819518e6d,source_tree_sha256,030d6bb049591fda35c4e54df090bbc50eb1e12d8482c28cc71dffec7cef6fa0
2022-05-01,3,action_18,754,713,713,500,1.426,True,2022-05-01__group_03,exp3-full-20260807T072340Z,full,False,primary,exp3,2eebb3dfafa708ac36ff5b5fb2d215b77f5189e37ae94ea9afe8470831770580,e0c1288a22ea2cf3abde9f2c0887f795fe4c2e7d6f705d077ac9a8a819518e6d,source_tree_sha256,030d6bb049591fda35c4e54df090bbc50eb1e12d8482c28cc71dffec7cef6fa0
2022-05-01,3,action_19,713,762,713,500,1.426,True,2022-05-01__group_03,exp3-full-20260807T072340Z,full,False,primary,exp3,2eebb3dfafa708ac36ff5b5fb2d215b77f5189e37ae94ea9afe8470831770580,e0c1288a22ea2cf3abde9f2c0887f795fe4c2e7d6f705d077ac9a8a819518e6d,source_tree_sha256,030d6bb049591fda35c4e54df090bbc50eb1e12d8482c28cc71dffec7cef6fa0
2022-05-01,3,action_20,553,603,553,500,1.106,True,2022-05-01__group_03,exp3-full-20260807T072340Z,full,False,primary,exp3,2eebb3dfafa708ac36ff5b5fb2d215b77f5189e37ae94ea9afe8470831770580,e0c1288a22ea2cf3abde9f2c0887f795fe4c2e7d6f705d077ac9a8a819518e6d,source_tree_sha256,030d6bb049591fda35c4e54df090bbc50eb1e12d8482c28cc71dffec7cef6fa0
2022-05-01,4,action_01,4701,4127,4127,500,8.254,True,2022-05-01__group_04,exp3-full-20260807T072340Z,full,False,primary,exp3,2eebb3dfafa708ac36ff5b5fb2d215b77f5189e37ae94ea9afe8470831770580,e0c1288a22ea2cf3abde9f2c0887f795fe4c2e7d6f705d077ac9a8a819518e6d,source_tree_sha256,030d6bb049591fda35c4e54df090bbc50eb1e12d8482c28cc71dffec7cef6fa0
2022-05-01,4,action_02,3165,1831,1831,500,3.662,True,2022-05-01__group_04,exp3-full-20260807T072340Z,full,False,primary,exp3,2eebb3dfafa708ac36ff5b5fb2d215b77f5189e37ae94ea9afe8470831770580,e0c1288a22ea2cf3abde9f2c0887f795fe4c2e7d6f705d077ac9a8a819518e6d,source_tree_sha256,030d6bb049591fda35c4e54df090bbc50eb1e12d8482c28cc71dffec7cef6fa0
2022-05-01,4,action_03,3298,2128,2128,500,4.256,True,2022-05-01__group_04,exp3-full-20260807T072340Z,full,False,primary,exp3,2eebb3dfafa708ac36ff5b5fb2d215b77f5189e37ae94ea9afe8470831770580,e0c1288a22ea2cf3abde9f2c0887f795fe4c2e7d6f705d077ac9a8a819518e6d,source_tree_sha256,030d6bb049591fda35c4e54df090bbc50eb1e12d8482c28cc71dffec7cef6fa0
2022-05-01,4,action_04,2702,2599,2599,500,5.198,True,2022-05-01__group_04,exp3-full-20260807T072340Z,full,False,primary,exp3,2eebb3dfafa708ac36ff5b5fb2d215b77f5189e37ae94ea9afe8470831770580,e0c1288a22ea2cf3abde9f2c0887f795fe4c2e7d6f705d077ac9a8a819518e6d,source_tree_sha256,030d6bb049591fda35c4e54df090bbc50eb1e12d8482c28cc71dffec7cef6fa0
2022-05-01,4,action_05,3275,1554,1554,500,3.108,True,2022-05-01__group_04,exp3-full-20260807T072340Z,full,False,primary,exp3,2eebb3dfafa708ac36ff5b5fb2d215b77f5189e37ae94ea9afe8470831770580,e0c1288a22ea2cf3abde9f2c0887f795fe4c2e7d6f705d077ac9a8a819518e6d,source_tree_sha256,030d6bb049591fda35c4e54df090bbc50eb1e12d8482c28cc71dffec7cef6fa0
2022-05-01,4,action_06,2613,2379,2379,500,4.758,True,2022-05-01__group_04,exp3-full-20260807T072340Z,full,False,primary,exp3,2eebb3dfafa708ac36ff5b5fb2d215b77f5189e37ae94ea9afe8470831770580,e0c1288a22ea2cf3abde9f2c0887f795fe4c2e7d6f705d077ac9a8a819518e6d,source_tree_sha256,030d6bb049591fda35c4e54df090bbc50eb1e12d8482c28cc71dffec7cef6fa0
2022-05-01,4,action_07,2439,1508,1508,500,3.016,True,2022-05-01__group_04,exp3-full-20260807T072340Z,full,False,primary,exp3,2eebb3dfafa708ac36ff5b5fb2d215b77f5189e37ae94ea9afe8470831770580,e0c1288a22ea2cf3abde9f2c0887f795fe4c2e7d6f705d077ac9a8a819518e6d,source_tree_sha256,030d6bb049591fda35c4e54df090bbc50eb1e12d8482c28cc71dffec7cef6fa0
2022-05-01,4,action_08,1483,1300,1300,500,2.6,True,2022-05-01__group_04,exp3-full-20260807T072340Z,full,False,primary,exp3,2eebb3dfafa708ac36ff5b5fb2d215b77f5189e37ae94ea9afe8470831770580,e0c1288a22ea2cf3abde9f2c0887f795fe4c2e7d6f705d077ac9a8a819518e6d,source_tree_sha256,030d6bb049591fda35c4e54df090bbc50eb1e12d8482c28cc71dffec7cef6fa0
2022-05-01,4,action_09,2572,1235,1235,500,2.47,True,2022-05-01__group_04,exp3-full-20260807T072340Z,full,False,primary,exp3,2eebb3dfafa708ac36ff5b5fb2d215b77f5189e37ae94ea9afe8470831770580,e0c1288a22ea2cf3abde9f2c0887f795fe4c2e7d6f705d077ac9a8a819518e6d,source_tree_sha256,030d6bb049591fda35c4e54df090bbc50eb1e12d8482c28cc71dffec7cef6fa0
2022-05-01,4,action_10,1327,928,928,500,1.856,True,2022-05-01__group_04,exp3-full-20260807T072340Z,full,False,primary,exp3,2eebb3dfafa708ac36ff5b5fb2d215b77f5189e37ae94ea9afe8470831770580,e0c1288a22ea2cf3abde9f2c0887f795fe4c2e7d6f705d077ac9a8a819518e6d,source_tree_sha256,030d6bb049591fda35c4e54df090bbc50eb1e12d8482c28cc71dffec7cef6fa0
2022-05-01,4,action_11,1606,832,832,500,1.664,True,2022-05-01__group_04,exp3-full-20260807T072340Z,full,False,primary,exp3,2eebb3dfafa708ac36ff5b5fb2d215b77f5189e37ae94ea9afe8470831770580,e0c1288a22ea2cf3abde9f2c0887f795fe4c2e7d6f705d077ac9a8a819518e6d,source_tree_sha256,030d6bb049591fda35c4e54df090bbc50eb1e12d8482c28cc71dffec7cef6fa0
2022-05-01,4,action_12,898,1056,898,500,1.796,True,2022-05-01__group_04,exp3-full-20260807T072340Z,full,False,primary,exp3,2eebb3dfafa708ac36ff5b5fb2d215b77f5189e37ae94ea9afe8470831770580,e0c1288a22ea2cf3abde9f2c0887f795fe4c2e7d6f705d077ac9a8a819518e6d,source_tree_sha256,030d6bb049591fda35c4e54df090bbc50eb1e12d8482c28cc71dffec7cef6fa0
2022-05-01,4,action_13,1164,833,833,500,1.666,True,2022-05-01__group_04,exp3-full-20260807T072340Z,full,False,primary,exp3,2eebb3dfafa708ac36ff5b5fb2d215b77f5189e37ae94ea9afe8470831770580,e0c1288a22ea2cf3abde9f2c0887f795fe4c2e7d6f705d077ac9a8a819518e6d,source_tree_sha256,030d6bb049591fda35c4e54df090bbc50eb1e12d8482c28cc71dffec7cef6fa0
2022-05-01,4,action_14,839,564,564,500,1.128,True,2022-05-01__group_04,exp3-full-20260807T072340Z,full,False,primary,exp3,2eebb3dfafa708ac36ff5b5fb2d215b77f5189e37ae94ea9afe8470831770580,e0c1288a22ea2cf3abde9f2c0887f795fe4c2e7d6f705d077ac9a8a819518e6d,source_tree_sha256,030d6bb049591fda35c4e54df090bbc50eb1e12d8482c28cc71dffec7cef6fa0
2022-05-01,4,action_15,980,617,617,500,1.234,True,2022-05-01__group_04,exp3-full-20260807T072340Z,full,False,primary,exp3,2eebb3dfafa708ac36ff5b5fb2d215b77f5189e37ae94ea9afe8470831770580,e0c1288a22ea2cf3abde9f2c0887f795fe4c2e7d6f705d077ac9a8a819518e6d,source_tree_sha256,030d6bb049591fda35c4e54df090bbc50eb1e12d8482c28cc71dffec7cef6fa0
2022-05-01,4,action_16,983,721,721,500,1.442,True,2022-05-01__group_04,exp3-full-20260807T072340Z,full,False,primary,exp3,2eebb3dfafa708ac36ff5b5fb2d215b77f5189e37ae94ea9afe8470831770580,e0c1288a22ea2cf3abde9f2c0887f795fe4c2e7d6f705d077ac9a8a819518e6d,source_tree_sha256,030d6bb049591fda35c4e54df090bbc50eb1e12d8482c28cc71dffec7cef6fa0
2022-05-01,4,action_17,1488,740,740,500,1.48,True,2022-05-01__group_04,exp3-full-20260807T072340Z,full,False,primary,exp3,2eebb3dfafa708ac36ff5b5fb2d215b77f5189e37ae94ea9afe8470831770580,e0c1288a22ea2cf3abde9f2c0887f795fe4c2e7d6f705d077ac9a8a819518e6d,source_tree_sha256,030d6bb049591fda35c4e54df090bbc50eb1e12d8482c28cc71dffec7cef6fa0
2022-05-01,4,action_18,996,676,676,500,1.352,True,2022-05-01__group_04,exp3-full-20260807T072340Z,full,False,primary,exp3,2eebb3dfafa708ac36ff5b5fb2d215b77f5189e37ae94ea9afe8470831770580,e0c1288a22ea2cf3abde9f2c0887f795fe4c2e7d6f705d077ac9a8a819518e6d,source_tree_sha256,030d6bb049591fda35c4e54df090bbc50eb1e12d8482c28cc71dffec7cef6fa0
2022-05-01,4,action_19,983,603,603,500,1.206,True,2022-05-01__group_04,exp3-full-20260807T072340Z,full,False,primary,exp3,2eebb3dfafa708ac36ff5b5fb2d215b77f5189e37ae94ea9afe8470831770580,e0c1288a22ea2cf3abde9f2c0887f795fe4c2e7d6f705d077ac9a8a819518e6d,source_tree_sha256,030d6bb049591fda35c4e54df090bbc50eb1e12d8482c28cc71dffec7cef6fa0
2022-05-01,4,action_20,940,352,352,500,0.704,False,2022-05-01__group_04,exp3-full-20260807T072340Z,full,False,primary,exp3,2eebb3dfafa708ac36ff5b5fb2d215b77f5189e37ae94ea9afe8470831770580,e0c1288a22ea2cf3abde9f2c0887f795fe4c2e7d6f705d077ac9a8a819518e6d,source_tree_sha256,030d6bb049591fda35c4e54df090bbc50eb1e12d8482c28cc71dffec7cef6fa0
2022-05-02,0,action_01,4283,5443,4283,500,8.566,True,2022-05-02__group_00,exp3-full-20260807T072340Z,full,False,primary,exp3,2eebb3dfafa708ac36ff5b5fb2d215b77f5189e37ae94ea9afe8470831770580,e0c1288a22ea2cf3abde9f2c0887f795fe4c2e7d6f705d077ac9a8a819518e6d,source_tree_sha256,030d6bb049591fda35c4e54df090bbc50eb1e12d8482c28cc71dffec7cef6fa0
2022-05-02,0,action_02,1974,2205,1974,500,3.948,True,2022-05-02__group_00,exp3-full-20260807T072340Z,full,False,primary,exp3,2eebb3dfafa708ac36ff5b5fb2d215b77f5189e37ae94ea9afe8470831770580,e0c1288a22ea2cf3abde9f2c0887f795fe4c2e7d6f705d077ac9a8a819518e6d,source_tree_sha256,030d6bb049591fda35c4e54df090bbc50eb1e12d8482c28cc71dffec7cef6fa0
2022-05-02,0,action_03,2465,3512,2465,500,4.93,True,2022-05-02__group_00,exp3-full-20260807T072340Z,full,False,primary,exp3,2eebb3dfafa708ac36ff5b5fb2d215b77f5189e37ae94ea9afe8470831770580,e0c1288a22ea2cf3abde9f2c0887f795fe4c2e7d6f705d077ac9a8a819518e6d,source_tree_sha256,030d6bb049591fda35c4e54df090bbc50eb1e12d8482c28cc71dffec7cef6fa0
2022-05-02,0,action_04,2240,3079,2240,500,4.48,True,2022-05-02__group_00,exp3-full-20260807T072340Z,full,False,primary,exp3,2eebb3dfafa708ac36ff5b5fb2d215b77f5189e37ae94ea9afe8470831770580,e0c1288a22ea2cf3abde9f2c0887f795fe4c2e7d6f705d077ac9a8a819518e6d,source_tree_sha256,030d6bb049591fda35c4e54df090bbc50eb1e12d8482c28cc71dffec7cef6fa0
2022-05-02,0,action_05,1994,2714,1994,500,3.988,True,2022-05-02__group_00,exp3-full-20260807T072340Z,full,False,primary,exp3,2eebb3dfafa708ac36ff5b5fb2d215b77f5189e37ae94ea9afe8470831770580,e0c1288a22ea2cf3abde9f2c0887f795fe4c2e7d6f705d077ac9a8a819518e6d,source_tree_sha256,030d6bb049591fda35c4e54df090bbc50eb1e12d8482c28cc71dffec7cef6fa0
2022-05-02,0,action_06,2471,1840,1840,500,3.68,True,2022-05-02__group_00,exp3-full-20260807T072340Z,full,False,primary,exp3,2eebb3dfafa708ac36ff5b5fb2d215b77f5189e37ae94ea9afe8470831770580,e0c1288a22ea2cf3abde9f2c0887f795fe4c2e7d6f705d077ac9a8a819518e6d,source_tree_sha256,030d6bb049591fda35c4e54df090bbc50eb1e12d8482c28cc71dffec7cef6fa0
2022-05-02,0,action_07,1529,2148,1529,500,3.058,True,2022-05-02__group_00,exp3-full-20260807T072340Z,full,False,primary,exp3,2eebb3dfafa708ac36ff5b5fb2d215b77f5189e37ae94ea9afe8470831770580,e0c1288a22ea2cf3abde9f2c0887f795fe4c2e7d6f705d077ac9a8a819518e6d,source_tree_sha256,030d6bb049591fda35c4e54df090bbc50eb1e12d8482c28cc71dffec7cef6fa0
2022-05-02,0,action_08,1406,3191,1406,500,2.812,True,2022-05-02__group_00,exp3-full-20260807T072340Z,full,False,primary,exp3,2eebb3dfafa708ac36ff5b5fb2d215b77f5189e37ae94ea9afe8470831770580,e0c1288a22ea2cf3abde9f2c0887f795fe4c2e7d6f705d077ac9a8a819518e6d,source_tree_sha256,030d6bb049591fda35c4e54df090bbc50eb1e12d8482c28cc71dffec7cef6fa0
2022-05-02,0,action_09,971,1454,971,500,1.942,True,2022-05-02__group_00,exp3-full-20260807T072340Z,full,False,primary,exp3,2eebb3dfafa708ac36ff5b5fb2d215b77f5189e37ae94ea9afe8470831770580,e0c1288a22ea2cf3abde9f2c0887f795fe4c2e7d6f705d077ac9a8a819518e6d,source_tree_sha256,030d6bb049591fda35c4e54df090bbc50eb1e12d8482c28cc71dffec7cef6fa0
2022-05-02,0,action_10,1068,1903,1068,500,2.136,True,2022-05-02__group_00,exp3-full-20260807T072340Z,full,False,primary,exp3,2eebb3dfafa708ac36ff5b5fb2d215b77f5189e37ae94ea9afe8470831770580,e0c1288a22ea2cf3abde9f2c0887f795fe4c2e7d6f705d077ac9a8a819518e6d,source_tree_sha256,030d6bb049591fda35c4e54df090bbc50eb1e12d8482c28cc71dffec7cef6fa0
2022-05-02,0,action_11,1087,1802,1087,500,2.174,True,2022-05-02__group_00,exp3-full-20260807T072340Z,full,False,primary,exp3,2eebb3dfafa708ac36ff5b5fb2d215b77f5189e37ae94ea9afe8470831770580,e0c1288a22ea2cf3abde9f2c0887f795fe4c2e7d6f705d077ac9a8a819518e6d,source_tree_sha256,030d6bb049591fda35c4e54df090bbc50eb1e12d8482c28cc71dffec7cef6fa0
2022-05-02,0,action_12,954,2021,954,500,1.908,True,2022-05-02__group_00,exp3-full-20260807T072340Z,full,False,primary,exp3,2eebb3dfafa708ac36ff5b5fb2d215b77f5189e37ae94ea9afe8470831770580,e0c1288a22ea2cf3abde9f2c0887f795fe4c2e7d6f705d077ac9a8a819518e6d,source_tree_sha256,030d6bb049591fda35c4e54df090bbc50eb1e12d8482c28cc71dffec7cef6fa0
2022-05-02,0,action_13,992,1079,992,500,1.984,True,2022-05-02__group_00,exp3-full-20260807T072340Z,full,False,primary,exp3,2eebb3dfafa708ac36ff5b5fb2d215b77f5189e37ae94ea9afe8470831770580,e0c1288a22ea2cf3abde9f2c0887f795fe4c2e7d6f705d077ac9a8a819518e6d,source_tree_sha256,030d6bb049591fda35c4e54df090bbc50eb1e12d8482c28cc71dffec7cef6fa0
2022-05-02,0,action_14,608,1072,608,500,1.216,True,2022-05-02__group_00,exp3-full-20260807T072340Z,full,False,primary,exp3,2eebb3dfafa708ac36ff5b5fb2d215b77f5189e37ae94ea9afe8470831770580,e0c1288a22ea2cf3abde9f2c0887f795fe4c2e7d6f705d077ac9a8a819518e6d,source_tree_sha256,030d6bb049591fda35c4e54df090bbc50eb1e12d8482c28cc71dffec7cef6fa0
2022-05-02,0,action_15,773,1289,773,500,1.546,True,2022-05-02__group_00,exp3-full-20260807T072340Z,full,False,primary,exp3,2eebb3dfafa708ac36ff5b5fb2d215b77f5189e37ae94ea9afe8470831770580,e0c1288a22ea2cf3abde9f2c0887f795fe4c2e7d6f705d077ac9a8a819518e6d,source_tree_sha256,030d6bb049591fda35c4e54df090bbc50eb1e12d8482c28cc71dffec7cef6fa0
2022-05-02,0,action_16,1002,1619,1002,500,2.004,True,2022-05-02__group_00,exp3-full-20260807T072340Z,full,False,primary,exp3,2eebb3dfafa708ac36ff5b5fb2d215b77f5189e37ae94ea9afe8470831770580,e0c1288a22ea2cf3abde9f2c0887f795fe4c2e7d6f705d077ac9a8a819518e6d,source_tree_sha256,030d6bb049591fda35c4e54df090bbc50eb1e12d8482c28cc71dffec7cef6fa0
2022-05-02,0,action_17,732,769,732,500,1.464,True,2022-05-02__group_00,exp3-full-20260807T072340Z,full,False,primary,exp3,2eebb3dfafa708ac36ff5b5fb2d215b77f5189e37ae94ea9afe8470831770580,e0c1288a22ea2cf3abde9f2c0887f795fe4c2e7d6f705d077ac9a8a819518e6d,source_tree_sha256,030d6bb049591fda35c4e54df090bbc50eb1e12d8482c28cc71dffec7cef6fa0
2022-05-02,0,action_18,649,1082,649,500,1.298,True,2022-05-02__group_00,exp3-full-20260807T072340Z,full,False,primary,exp3,2eebb3dfafa708ac36ff5b5fb2d215b77f5189e37ae94ea9afe8470831770580,e0c1288a22ea2cf3abde9f2c0887f795fe4c2e7d6f705d077ac9a8a819518e6d,source_tree_sha256,030d6bb049591fda35c4e54df090bbc50eb1e12d8482c28cc71dffec7cef6fa0
2022-05-02,0,action_19,479,744,479,500,0.958,False,2022-05-02__group_00,exp3-full-20260807T072340Z,full,False,primary,exp3,2eebb3dfafa708ac36ff5b5fb2d215b77f5189e37ae94ea9afe8470831770580,e0c1288a22ea2cf3abde9f2c0887f795fe4c2e7d6f705d077ac9a8a819518e6d,source_tree_sha256,030d6bb049591fda35c4e54df090bbc50eb1e12d8482c28cc71dffec7cef6fa0
2022-05-02,0,action_20,371,598,371,500,0.742,False,2022-05-02__group_00,exp3-full-20260807T072340Z,full,False,primary,exp3,2eebb3dfafa708ac36ff5b5fb2d215b77f5189e37ae94ea9afe8470831770580,e0c1288a22ea2cf3abde9f2c0887f795fe4c2e7d6f705d077ac9a8a819518e6d,source_tree_sha256,030d6bb049591fda35c4e54df090bbc50eb1e12d8482c28cc71dffec7cef6fa0
2022-05-02,1,action_01,6055,6348,6055,500,12.11,True,2022-05-02__group_01,exp3-full-20260807T072340Z,full,False,primary,exp3,2eebb3dfafa708ac36ff5b5fb2d215b77f5189e37ae94ea9afe8470831770580,e0c1288a22ea2cf3abde9f2c0887f795fe4c2e7d6f705d077ac9a8a819518e6d,source_tree_sha256,030d6bb049591fda35c4e54df090bbc50eb1e12d8482c28cc71dffec7cef6fa0
2022-05-02,1,action_02,2166,2206,2166,500,4.332,True,2022-05-02__group_01,exp3-full-20260807T072340Z,full,False,primary,exp3,2eebb3dfafa708ac36ff5b5fb2d215b77f5189e37ae94ea9afe8470831770580,e0c1288a22ea2cf3abde9f2c0887f795fe4c2e7d6f705d077ac9a8a819518e6d,source_tree_sha256,030d6bb049591fda35c4e54df090bbc50eb1e12d8482c28cc71dffec7cef6fa0
2022-05-02,1,action_03,3254,2800,2800,500,5.6,True,2022-05-02__group_01,exp3-full-20260807T072340Z,full,False,primary,exp3,2eebb3dfafa708ac36ff5b5fb2d215b77f5189e37ae94ea9afe8470831770580,e0c1288a22ea2cf3abde9f2c0887f795fe4c2e7d6f705d077ac9a8a819518e6d,source_tree_sha256,030d6bb049591fda35c4e54df090bbc50eb1e12d8482c28cc71dffec7cef6fa0
2022-05-02,1,action_04,3665,2799,2799,500,5.598,True,2022-05-02__group_01,exp3-full-20260807T072340Z,full,False,primary,exp3,2eebb3dfafa708ac36ff5b5fb2d215b77f5189e37ae94ea9afe8470831770580,e0c1288a22ea2cf3abde9f2c0887f795fe4c2e7d6f705d077ac9a8a819518e6d,source_tree_sha256,030d6bb049591fda35c4e54df090bbc50eb1e12d8482c28cc71dffec7cef6fa0
2022-05-02,1,action_05,2080,2446,2080,500,4.16,True,2022-05-02__group_01,exp3-full-20260807T072340Z,full,False,primary,exp3,2eebb3dfafa708ac36ff5b5fb2d215b77f5189e37ae94ea9afe8470831770580,e0c1288a22ea2cf3abde9f2c0887f795fe4c2e7d6f705d077ac9a8a819518e6d,source_tree_sha256,030d6bb049591fda35c4e54df090bbc50eb1e12d8482c28cc71dffec7cef6fa0
2022-05-02,1,action_06,1137,1772,1137,500,2.274,True,2022-05-02__group_01,exp3-full-20260807T072340Z,full,False,primary,exp3,2eebb3dfafa708ac36ff5b5fb2d215b77f5189e37ae94ea9afe8470831770580,e0c1288a22ea2cf3abde9f2c0887f795fe4c2e7d6f705d077ac9a8a819518e6d,source_tree_sha256,030d6bb049591fda35c4e54df090bbc50eb1e12d8482c28cc71dffec7cef6fa0
2022-05-02,1,action_07,2254,2119,2119,500,4.238,True,2022-05-02__group_01,exp3-full-20260807T072340Z,full,False,primary,exp3,2eebb3dfafa708ac36ff5b5fb2d215b77f5189e37ae94ea9afe8470831770580,e0c1288a22ea2cf3abde9f2c0887f795fe4c2e7d6f705d077ac9a8a819518e6d,source_tree_sha256,030d6bb049591fda35c4e54df090bbc50eb1e12d8482c28cc71dffec7cef6fa0
2022-05-02,1,action_08,2218,2051,2051,500,4.102,True,2022-05-02__group_01,exp3-full-20260807T072340Z,full,False,primary,exp3,2eebb3dfafa708ac36ff5b5fb2d215b77f5189e37ae94ea9afe8470831770580,e0c1288a22ea2cf3abde9f2c0887f795fe4c2e7d6f705d077ac9a8a819518e6d,source_tree_sha256,030d6bb049591fda35c4e54df090bbc50eb1e12d8482c28cc71dffec7cef6fa0
2022-05-02,1,action_09,1311,1304,1304,500,2.608,True,2022-05-02__group_01,exp3-full-20260807T072340Z,full,False,primary,exp3,2eebb3dfafa708ac36ff5b5fb2d215b77f5189e37ae94ea9afe8470831770580,e0c1288a22ea2cf3abde9f2c0887f795fe4c2e7d6f705d077ac9a8a819518e6d,source_tree_sha256,030d6bb049591fda35c4e54df090bbc50eb1e12d8482c28cc71dffec7cef6fa0
2022-05-02,1,action_10,1933,1415,1415,500,2.83,True,2022-05-02__group_01,exp3-full-20260807T072340Z,full,False,primary,exp3,2eebb3dfafa708ac36ff5b5fb2d215b77f5189e37ae94ea9afe8470831770580,e0c1288a22ea2cf3abde9f2c0887f795fe4c2e7d6f705d077ac9a8a819518e6d,source_tree_sha256,030d6bb049591fda35c4e54df090bbc50eb1e12d8482c28cc71dffec7cef6fa0
2022-05-02,1,action_11,1094,1472,1094,500,2.188,True,2022-05-02__group_01,exp3-full-20260807T072340Z,full,False,primary,exp3,2eebb3dfafa708ac36ff5b5fb2d215b77f5189e37ae94ea9afe8470831770580,e0c1288a22ea2cf3abde9f2c0887f795fe4c2e7d6f705d077ac9a8a819518e6d,source_tree_sha256,030d6bb049591fda35c4e54df090bbc50eb1e12d8482c28cc71dffec7cef6fa0
2022-05-02,1,action_12,878,1188,878,500,1.756,True,2022-05-02__group_01,exp3-full-20260807T072340Z,full,False,primary,exp3,2eebb3dfafa708ac36ff5b5fb2d215b77f5189e37ae94ea9afe8470831770580,e0c1288a22ea2cf3abde9f2c0887f795fe4c2e7d6f705d077ac9a8a819518e6d,source_tree_sha256,030d6bb049591fda35c4e54df090bbc50eb1e12d8482c28cc71dffec7cef6fa0
2022-05-02,1,action_13,780,826,780,500,1.56,True,2022-05-02__group_01,exp3-full-20260807T072340Z,full,False,primary,exp3,2eebb3dfafa708ac36ff5b5fb2d215b77f5189e37ae94ea9afe8470831770580,e0c1288a22ea2cf3abde9f2c0887f795fe4c2e7d6f705d077ac9a8a819518e6d,source_tree_sha256,030d6bb049591fda35c4e54df090bbc50eb1e12d8482c28cc71dffec7cef6fa0
2022-05-02,1,action_14,921,692,692,500,1.384,True,2022-05-02__group_01,exp3-full-20260807T072340Z,full,False,primary,exp3,2eebb3dfafa708ac36ff5b5fb2d215b77f5189e37ae94ea9afe8470831770580,e0c1288a22ea2cf3abde9f2c0887f795fe4c2e7d6f705d077ac9a8a819518e6d,source_tree_sha256,030d6bb049591fda35c4e54df090bbc50eb1e12d8482c28cc71dffec7cef6fa0
2022-05-02,1,action_15,1164,1035,1035,500,2.07,True,2022-05-02__group_01,exp3-full-20260807T072340Z,full,False,primary,exp3,2eebb3dfafa708ac36ff5b5fb2d215b77f5189e37ae94ea9afe8470831770580,e0c1288a22ea2cf3abde9f2c0887f795fe4c2e7d6f705d077ac9a8a819518e6d,source_tree_sha256,030d6bb049591fda35c4e54df090bbc50eb1e12d8482c28cc71dffec7cef6fa0
2022-05-02,1,action_16,1087,848,848,500,1.696,True,2022-05-02__group_01,exp3-full-20260807T072340Z,full,False,primary,exp3,2eebb3dfafa708ac36ff5b5fb2d215b77f5189e37ae94ea9afe8470831770580,e0c1288a22ea2cf3abde9f2c0887f795fe4c2e7d6f705d077ac9a8a819518e6d,source_tree_sha256,030d6bb049591fda35c4e54df090bbc50eb1e12d8482c28cc71dffec7cef6fa0
2022-05-02,1,action_17,837,1329,837,500,1.674,True,2022-05-02__group_01,exp3-full-20260807T072340Z,full,False,primary,exp3,2eebb3dfafa708ac36ff5b5fb2d215b77f5189e37ae94ea9afe8470831770580,e0c1288a22ea2cf3abde9f2c0887f795fe4c2e7d6f705d077ac9a8a819518e6d,source_tree_sha256,030d6bb049591fda35c4e54df090bbc50eb1e12d8482c28cc71dffec7cef6fa0
2022-05-02,1,action_18,1123,826,826,500,1.652,True,2022-05-02__group_01,exp3-full-20260807T072340Z,full,False,primary,exp3,2eebb3dfafa708ac36ff5b5fb2d215b77f5189e37ae94ea9afe8470831770580,e0c1288a22ea2cf3abde9f2c0887f795fe4c2e7d6f705d077ac9a8a819518e6d,source_tree_sha256,030d6bb049591fda35c4e54df090bbc50eb1e12d8482c28cc71dffec7cef6fa0
2022-05-02,1,action_19,893,796,796,500,1.592,True,2022-05-02__group_01,exp3-full-20260807T072340Z,full,False,primary,exp3,2eebb3dfafa708ac36ff5b5fb2d215b77f5189e37ae94ea9afe8470831770580,e0c1288a22ea2cf3abde9f2c0887f795fe4c2e7d6f705d077ac9a8a819518e6d,source_tree_sha256,030d6bb049591fda35c4e54df090bbc50eb1e12d8482c28cc71dffec7cef6fa0
2022-05-02,1,action_20,815,604,604,500,1.208,True,2022-05-02__group_01,exp3-full-20260807T072340Z,full,False,primary,exp3,2eebb3dfafa708ac36ff5b5fb2d215b77f5189e37ae94ea9afe8470831770580,e0c1288a22ea2cf3abde9f2c0887f795fe4c2e7d6f705d077ac9a8a819518e6d,source_tree_sha256,030d6bb049591fda35c4e54df090bbc50eb1e12d8482c28cc71dffec7cef6fa0
2022-05-02,2,action_01,6523,4056,4056,500,8.112,True,2022-05-02__group_02,exp3-full-20260807T072340Z,full,False,primary,exp3,2eebb3dfafa708ac36ff5b5fb2d215b77f5189e37ae94ea9afe8470831770580,e0c1288a22ea2cf3abde9f2c0887f795fe4c2e7d6f705d077ac9a8a819518e6d,source_tree_sha256,030d6bb049591fda35c4e54df090bbc50eb1e12d8482c28cc71dffec7cef6fa0
2022-05-02,2,action_02,2682,1914,1914,500,3.828,True,2022-05-02__group_02,exp3-full-20260807T072340Z,full,False,primary,exp3,2eebb3dfafa708ac36ff5b5fb2d215b77f5189e37ae94ea9afe8470831770580,e0c1288a22ea2cf3abde9f2c0887f795fe4c2e7d6f705d077ac9a8a819518e6d,source_tree_sha256,030d6bb049591fda35c4e54df090bbc50eb1e12d8482c28cc71dffec7cef6fa0
2022-05-02,2,action_03,2946,2332,2332,500,4.664,True,2022-05-02__group_02,exp3-full-20260807T072340Z,full,False,primary,exp3,2eebb3dfafa708ac36ff5b5fb2d215b77f5189e37ae94ea9afe8470831770580,e0c1288a22ea2cf3abde9f2c0887f795fe4c2e7d6f705d077ac9a8a819518e6d,source_tree_sha256,030d6bb049591fda35c4e54df090bbc50eb1e12d8482c28cc71dffec7cef6fa0
2022-05-02,2,action_04,2627,1751,1751,500,3.502,True,2022-05-02__group_02,exp3-full-20260807T072340Z,full,False,primary,exp3,2eebb3dfafa708ac36ff5b5fb2d215b77f5189e37ae94ea9afe8470831770580,e0c1288a22ea2cf3abde9f2c0887f795fe4c2e7d6f705d077ac9a8a819518e6d,source_tree_sha256,030d6bb049591fda35c4e54df090bbc50eb1e12d8482c28cc71dffec7cef6fa0
2022-05-02,2,action_05,2146,1304,1304,500,2.608,True,2022-05-02__group_02,exp3-full-20260807T072340Z,full,False,primary,exp3,2eebb3dfafa708ac36ff5b5fb2d215b77f5189e37ae94ea9afe8470831770580,e0c1288a22ea2cf3abde9f2c0887f795fe4c2e7d6f705d077ac9a8a819518e6d,source_tree_sha256,030d6bb049591fda35c4e54df090bbc50eb1e12d8482c28cc71dffec7cef6fa0
2022-05-02,2,action_06,2312,1713,1713,500,3.426,True,2022-05-02__group_02,exp3-full-20260807T072340Z,full,False,primary,exp3,2eebb3dfafa708ac36ff5b5fb2d215b77f5189e37ae94ea9afe8470831770580,e0c1288a22ea2cf3abde9f2c0887f795fe4c2e7d6f705d077ac9a8a819518e6d,source_tree_sha256,030d6bb049591fda35c4e54df090bbc50eb1e12d8482c28cc71dffec7cef6fa0
2022-05-02,2,action_07,1925,1532,1532,500,3.064,True,2022-05-02__group_02,exp3-full-20260807T072340Z,full,False,primary,exp3,2eebb3dfafa708ac36ff5b5fb2d215b77f5189e37ae94ea9afe8470831770580,e0c1288a22ea2cf3abde9f2c0887f795fe4c2e7d6f705d077ac9a8a819518e6d,source_tree_sha256,030d6bb049591fda35c4e54df090bbc50eb1e12d8482c28cc71dffec7cef6fa0
2022-05-02,2,action_08,2462,1681,1681,500,3.362,True,2022-05-02__group_02,exp3-full-20260807T072340Z,full,False,primary,exp3,2eebb3dfafa708ac36ff5b5fb2d215b77f5189e37ae94ea9afe8470831770580,e0c1288a22ea2cf3abde9f2c0887f795fe4c2e7d6f705d077ac9a8a819518e6d,source_tree_sha256,030d6bb049591fda35c4e54df090bbc50eb1e12d8482c28cc71dffec7cef6fa0
2022-05-02,2,action_09,1582,987,987,500,1.974,True,2022-05-02__group_02,exp3-full-20260807T072340Z,full,False,primary,exp3,2eebb3dfafa708ac36ff5b5fb2d215b77f5189e37ae94ea9afe8470831770580,e0c1288a22ea2cf3abde9f2c0887f795fe4c2e7d6f705d077ac9a8a819518e6d,source_tree_sha256,030d6bb049591fda35c4e54df090bbc50eb1e12d8482c28cc71dffec7cef6fa0
2022-05-02,2,action_10,1323,959,959,500,1.918,True,2022-05-02__group_02,exp3-full-20260807T072340Z,full,False,primary,exp3,2eebb3dfafa708ac36ff5b5fb2d215b77f5189e37ae94ea9afe8470831770580,e0c1288a22ea2cf3abde9f2c0887f795fe4c2e7d6f705d077ac9a8a819518e6d,source_tree_sha256,030d6bb049591fda35c4e54df090bbc50eb1e12d8482c28cc71dffec7cef6fa0
2022-05-02,2,action_11,1149,1063,1063,500,2.126,True,2022-05-02__group_02,exp3-full-20260807T072340Z,full,False,primary,exp3,2eebb3dfafa708ac36ff5b5fb2d215b77f5189e37ae94ea9afe8470831770580,e0c1288a22ea2cf3abde9f2c0887f795fe4c2e7d6f705d077ac9a8a819518e6d,source_tree_sha256,030d6bb049591fda35c4e54df090bbc50eb1e12d8482c28cc71dffec7cef6fa0
2022-05-02,2,action_12,1090,1016,1016,500,2.032,True,2022-05-02__group_02,exp3-full-20260807T072340Z,full,False,primary,exp3,2eebb3dfafa708ac36ff5b5fb2d215b77f5189e37ae94ea9afe8470831770580,e0c1288a22ea2cf3abde9f2c0887f795fe4c2e7d6f705d077ac9a8a819518e6d,source_tree_sha256,030d6bb049591fda35c4e54df090bbc50eb1e12d8482c28cc71dffec7cef6fa0
2022-05-02,2,action_13,1230,855,855,500,1.71,True,2022-05-02__group_02,exp3-full-20260807T072340Z,full,False,primary,exp3,2eebb3dfafa708ac36ff5b5fb2d215b77f5189e37ae94ea9afe8470831770580,e0c1288a22ea2cf3abde9f2c0887f795fe4c2e7d6f705d077ac9a8a819518e6d,source_tree_sha256,030d6bb049591fda35c4e54df090bbc50eb1e12d8482c28cc71dffec7cef6fa0
2022-05-02,2,action_14,889,599,599,500,1.198,True,2022-05-02__group_02,exp3-full-20260807T072340Z,full,False,primary,exp3,2eebb3dfafa708ac36ff5b5fb2d215b77f5189e37ae94ea9afe8470831770580,e0c1288a22ea2cf3abde9f2c0887f795fe4c2e7d6f705d077ac9a8a819518e6d,source_tree_sha256,030d6bb049591fda35c4e54df090bbc50eb1e12d8482c28cc71dffec7cef6fa0
2022-05-02,2,action_15,1061,463,463,500,0.926,False,2022-05-02__group_02,exp3-full-20260807T072340Z,full,False,primary,exp3,2eebb3dfafa708ac36ff5b5fb2d215b77f5189e37ae94ea9afe8470831770580,e0c1288a22ea2cf3abde9f2c0887f795fe4c2e7d6f705d077ac9a8a819518e6d,source_tree_sha256,030d6bb049591fda35c4e54df090bbc50eb1e12d8482c28cc71dffec7cef6fa0
2022-05-02,2,action_16,865,616,616,500,1.232,True,2022-05-02__group_02,exp3-full-20260807T072340Z,full,False,primary,exp3,2eebb3dfafa708ac36ff5b5fb2d215b77f5189e37ae94ea9afe8470831770580,e0c1288a22ea2cf3abde9f2c0887f795fe4c2e7d6f705d077ac9a8a819518e6d,source_tree_sha256,030d6bb049591fda35c4e54df090bbc50eb1e12d8482c28cc71dffec7cef6fa0
2022-05-02,2,action_17,890,580,580,500,1.16,True,2022-05-02__group_02,exp3-full-20260807T072340Z,full,False,primary,exp3,2eebb3dfafa708ac36ff5b5fb2d215b77f5189e37ae94ea9afe8470831770580,e0c1288a22ea2cf3abde9f2c0887f795fe4c2e7d6f705d077ac9a8a819518e6d,source_tree_sha256,030d6bb049591fda35c4e54df090bbc50eb1e12d8482c28cc71dffec7cef6fa0
2022-05-02,2,action_18,802,604,604,500,1.208,True,2022-05-02__group_02,exp3-full-20260807T072340Z,full,False,primary,exp3,2eebb3dfafa708ac36ff5b5fb2d215b77f5189e37ae94ea9afe8470831770580,e0c1288a22ea2cf3abde9f2c0887f795fe4c2e7d6f705d077ac9a8a819518e6d,source_tree_sha256,030d6bb049591fda35c4e54df090bbc50eb1e12d8482c28cc71dffec7cef6fa0
2022-05-02,2,action_19,821,569,569,500,1.138,True,2022-05-02__group_02,exp3-full-20260807T072340Z,full,False,primary,exp3,2eebb3dfafa708ac36ff5b5fb2d215b77f5189e37ae94ea9afe8470831770580,e0c1288a22ea2cf3abde9f2c0887f795fe4c2e7d6f705d077ac9a8a819518e6d,source_tree_sha256,030d6bb049591fda35c4e54df090bbc50eb1e12d8482c28cc71dffec7cef6fa0
2022-05-02,2,action_20,575,326,326,500,0.652,False,2022-05-02__group_02,exp3-full-20260807T072340Z,full,False,primary,exp3,2eebb3dfafa708ac36ff5b5fb2d215b77f5189e37ae94ea9afe8470831770580,e0c1288a22ea2cf3abde9f2c0887f795fe4c2e7d6f705d077ac9a8a819518e6d,source_tree_sha256,030d6bb049591fda35c4e54df090bbc50eb1e12d8482c28cc71dffec7cef6fa0
2022-05-02,3,action_01,4208,5783,4208,500,8.416,True,2022-05-02__group_03,exp3-full-20260807T072340Z,full,False,primary,exp3,2eebb3dfafa708ac36ff5b5fb2d215b77f5189e37ae94ea9afe8470831770580,e0c1288a22ea2cf3abde9f2c0887f795fe4c2e7d6f705d077ac9a8a819518e6d,source_tree_sha256,030d6bb049591fda35c4e54df090bbc50eb1e12d8482c28cc71dffec7cef6fa0
2022-05-02,3,action_02,2347,2338,2338,500,4.676,True,2022-05-02__group_03,exp3-full-20260807T072340Z,full,False,primary,exp3,2eebb3dfafa708ac36ff5b5fb2d215b77f5189e37ae94ea9afe8470831770580,e0c1288a22ea2cf3abde9f2c0887f795fe4c2e7d6f705d077ac9a8a819518e6d,source_tree_sha256,030d6bb049591fda35c4e54df090bbc50eb1e12d8482c28cc71dffec7cef6fa0
2022-05-02,3,action_03,2490,3086,2490,500,4.98,True,2022-05-02__group_03,exp3-full-20260807T072340Z,full,False,primary,exp3,2eebb3dfafa708ac36ff5b5fb2d215b77f5189e37ae94ea9afe8470831770580,e0c1288a22ea2cf3abde9f2c0887f795fe4c2e7d6f705d077ac9a8a819518e6d,source_tree_sha256,030d6bb049591fda35c4e54df090bbc50eb1e12d8482c28cc71dffec7cef6fa0
2022-05-02,3,action_04,2108,2970,2108,500,4.216,True,2022-05-02__group_03,exp3-full-20260807T072340Z,full,False,primary,exp3,2eebb3dfafa708ac36ff5b5fb2d215b77f5189e37ae94ea9afe8470831770580,e0c1288a22ea2cf3abde9f2c0887f795fe4c2e7d6f705d077ac9a8a819518e6d,source_tree_sha256,030d6bb049591fda35c4e54df090bbc50eb1e12d8482c28cc71dffec7cef6fa0
2022-05-02,3,action_05,1841,2111,1841,500,3.682,True,2022-05-02__group_03,exp3-full-20260807T072340Z,full,False,primary,exp3,2eebb3dfafa708ac36ff5b5fb2d215b77f5189e37ae94ea9afe8470831770580,e0c1288a22ea2cf3abde9f2c0887f795fe4c2e7d6f705d077ac9a8a819518e6d,source_tree_sha256,030d6bb049591fda35c4e54df090bbc50eb1e12d8482c28cc71dffec7cef6fa0
2022-05-02,3,action_06,1491,2024,1491,500,2.982,True,2022-05-02__group_03,exp3-full-20260807T072340Z,full,False,primary,exp3,2eebb3dfafa708ac36ff5b5fb2d215b77f5189e37ae94ea9afe8470831770580,e0c1288a22ea2cf3abde9f2c0887f795fe4c2e7d6f705d077ac9a8a819518e6d,source_tree_sha256,030d6bb049591fda35c4e54df090bbc50eb1e12d8482c28cc71dffec7cef6fa0
2022-05-02,3,action_07,1588,2123,1588,500,3.176,True,2022-05-02__group_03,exp3-full-20260807T072340Z,full,False,primary,exp3,2eebb3dfafa708ac36ff5b5fb2d215b77f5189e37ae94ea9afe8470831770580,e0c1288a22ea2cf3abde9f2c0887f795fe4c2e7d6f705d077ac9a8a819518e6d,source_tree_sha256,030d6bb049591fda35c4e54df090bbc50eb1e12d8482c28cc71dffec7cef6fa0
2022-05-02,3,action_08,2236,2110,2110,500,4.22,True,2022-05-02__group_03,exp3-full-20260807T072340Z,full,False,primary,exp3,2eebb3dfafa708ac36ff5b5fb2d215b77f5189e37ae94ea9afe8470831770580,e0c1288a22ea2cf3abde9f2c0887f795fe4c2e7d6f705d077ac9a8a819518e6d,source_tree_sha256,030d6bb049591fda35c4e54df090bbc50eb1e12d8482c28cc71dffec7cef6fa0
2022-05-02,3,action_09,917,1231,917,500,1.834,True,2022-05-02__group_03,exp3-full-20260807T072340Z,full,False,primary,exp3,2eebb3dfafa708ac36ff5b5fb2d215b77f5189e37ae94ea9afe8470831770580,e0c1288a22ea2cf3abde9f2c0887f795fe4c2e7d6f705d077ac9a8a819518e6d,source_tree_sha256,030d6bb049591fda35c4e54df090bbc50eb1e12d8482c28cc71dffec7cef6fa0
2022-05-02,3,action_10,960,869,869,500,1.738,True,2022-05-02__group_03,exp3-full-20260807T072340Z,full,False,primary,exp3,2eebb3dfafa708ac36ff5b5fb2d215b77f5189e37ae94ea9afe8470831770580,e0c1288a22ea2cf3abde9f2c0887f795fe4c2e7d6f705d077ac9a8a819518e6d,source_tree_sha256,030d6bb049591fda35c4e54df090bbc50eb1e12d8482c28cc71dffec7cef6fa0
2022-05-02,3,action_11,787,738,738,500,1.476,True,2022-05-02__group_03,exp3-full-20260807T072340Z,full,False,primary,exp3,2eebb3dfafa708ac36ff5b5fb2d215b77f5189e37ae94ea9afe8470831770580,e0c1288a22ea2cf3abde9f2c0887f795fe4c2e7d6f705d077ac9a8a819518e6d,source_tree_sha256,030d6bb049591fda35c4e54df090bbc50eb1e12d8482c28cc71dffec7cef6fa0
2022-05-02,3,action_12,776,849,776,500,1.552,True,2022-05-02__group_03,exp3-full-20260807T072340Z,full,False,primary,exp3,2eebb3dfafa708ac36ff5b5fb2d215b77f5189e37ae94ea9afe8470831770580,e0c1288a22ea2cf3abde9f2c0887f795fe4c2e7d6f705d077ac9a8a819518e6d,source_tree_sha256,030d6bb049591fda35c4e54df090bbc50eb1e12d8482c28cc71dffec7cef6fa0
2022-05-02,3,action_13,976,1377,976,500,1.952,True,2022-05-02__group_03,exp3-full-20260807T072340Z,full,False,primary,exp3,2eebb3dfafa708ac36ff5b5fb2d215b77f5189e37ae94ea9afe8470831770580,e0c1288a22ea2cf3abde9f2c0887f795fe4c2e7d6f705d077ac9a8a819518e6d,source_tree_sha256,030d6bb049591fda35c4e54df090bbc50eb1e12d8482c28cc71dffec7cef6fa0
2022-05-02,3,action_14,874,960,874,500,1.748,True,2022-05-02__group_03,exp3-full-20260807T072340Z,full,False,primary,exp3,2eebb3dfafa708ac36ff5b5fb2d215b77f5189e37ae94ea9afe8470831770580,e0c1288a22ea2cf3abde9f2c0887f795fe4c2e7d6f705d077ac9a8a819518e6d,source_tree_sha256,030d6bb049591fda35c4e54df090bbc50eb1e12d8482c28cc71dffec7cef6fa0
2022-05-02,3,action_15,674,936,674,500,1.348,True,2022-05-02__group_03,exp3-full-20260807T072340Z,full,False,primary,exp3,2eebb3dfafa708ac36ff5b5fb2d215b77f5189e37ae94ea9afe8470831770580,e0c1288a22ea2cf3abde9f2c0887f795fe4c2e7d6f705d077ac9a8a819518e6d,source_tree_sha256,030d6bb049591fda35c4e54df090bbc50eb1e12d8482c28cc71dffec7cef6fa0
2022-05-02,3,action_16,942,1104,942,500,1.884,True,2022-05-02__group_03,exp3-full-20260807T072340Z,full,False,primary,exp3,2eebb3dfafa708ac36ff5b5fb2d215b77f5189e37ae94ea9afe8470831770580,e0c1288a22ea2cf3abde9f2c0887f795fe4c2e7d6f705d077ac9a8a819518e6d,source_tree_sha256,030d6bb049591fda35c4e54df090bbc50eb1e12d8482c28cc71dffec7cef6fa0
2022-05-02,3,action_17,789,1259,789,500,1.578,True,2022-05-02__group_03,exp3-full-20260807T072340Z,full,False,primary,exp3,2eebb3dfafa708ac36ff5b5fb2d215b77f5189e37ae94ea9afe8470831770580,e0c1288a22ea2cf3abde9f2c0887f795fe4c2e7d6f705d077ac9a8a819518e6d,source_tree_sha256,030d6bb049591fda35c4e54df090bbc50eb1e12d8482c28cc71dffec7cef6fa0
2022-05-02,3,action_18,595,848,595,500,1.19,True,2022-05-02__group_03,exp3-full-20260807T072340Z,full,False,primary,exp3,2eebb3dfafa708ac36ff5b5fb2d215b77f5189e37ae94ea9afe8470831770580,e0c1288a22ea2cf3abde9f2c0887f795fe4c2e7d6f705d077ac9a8a819518e6d,source_tree_sha256,030d6bb049591fda35c4e54df090bbc50eb1e12d8482c28cc71dffec7cef6fa0
2022-05-02,3,action_19,540,809,540,500,1.08,True,2022-05-02__group_03,exp3-full-20260807T072340Z,full,False,primary,exp3,2eebb3dfafa708ac36ff5b5fb2d215b77f5189e37ae94ea9afe8470831770580,e0c1288a22ea2cf3abde9f2c0887f795fe4c2e7d6f705d077ac9a8a819518e6d,source_tree_sha256,030d6bb049591fda35c4e54df090bbc50eb1e12d8482c28cc71dffec7cef6fa0
2022-05-02,3,action_20,557,763,557,500,1.114,True,2022-05-02__group_03,exp3-full-20260807T072340Z,full,False,primary,exp3,2eebb3dfafa708ac36ff5b5fb2d215b77f5189e37ae94ea9afe8470831770580,e0c1288a22ea2cf3abde9f2c0887f795fe4c2e7d6f705d077ac9a8a819518e6d,source_tree_sha256,030d6bb049591fda35c4e54df090bbc50eb1e12d8482c28cc71dffec7cef6fa0
2022-05-02,4,action_01,5511,5059,5059,500,10.118,True,2022-05-02__group_04,exp3-full-20260807T072340Z,full,False,primary,exp3,2eebb3dfafa708ac36ff5b5fb2d215b77f5189e37ae94ea9afe8470831770580,e0c1288a22ea2cf3abde9f2c0887f795fe4c2e7d6f705d077ac9a8a819518e6d,source_tree_sha256,030d6bb049591fda35c4e54df090bbc50eb1e12d8482c28cc71dffec7cef6fa0
2022-05-02,4,action_02,3303,1933,1933,500,3.866,True,2022-05-02__group_04,exp3-full-20260807T072340Z,full,False,primary,exp3,2eebb3dfafa708ac36ff5b5fb2d215b77f5189e37ae94ea9afe8470831770580,e0c1288a22ea2cf3abde9f2c0887f795fe4c2e7d6f705d077ac9a8a819518e6d,source_tree_sha256,030d6bb049591fda35c4e54df090bbc50eb1e12d8482c28cc71dffec7cef6fa0
2022-05-02,4,action_03,3233,2307,2307,500,4.614,True,2022-05-02__group_04,exp3-full-20260807T072340Z,full,False,primary,exp3,2eebb3dfafa708ac36ff5b5fb2d215b77f5189e37ae94ea9afe8470831770580,e0c1288a22ea2cf3abde9f2c0887f795fe4c2e7d6f705d077ac9a8a819518e6d,source_tree_sha256,030d6bb049591fda35c4e54df090bbc50eb1e12d8482c28cc71dffec7cef6fa0
2022-05-02,4,action_04,2468,2632,2468,500,4.936,True,2022-05-02__group_04,exp3-full-20260807T072340Z,full,False,primary,exp3,2eebb3dfafa708ac36ff5b5fb2d215b77f5189e37ae94ea9afe8470831770580,e0c1288a22ea2cf3abde9f2c0887f795fe4c2e7d6f705d077ac9a8a819518e6d,source_tree_sha256,030d6bb049591fda35c4e54df090bbc50eb1e12d8482c28cc71dffec7cef6fa0
2022-05-02,4,action_05,2998,1760,1760,500,3.52,True,2022-05-02__group_04,exp3-full-20260807T072340Z,full,False,primary,exp3,2eebb3dfafa708ac36ff5b5fb2d215b77f5189e37ae94ea9afe8470831770580,e0c1288a22ea2cf3abde9f2c0887f795fe4c2e7d6f705d077ac9a8a819518e6d,source_tree_sha256,030d6bb049591fda35c4e54df090bbc50eb1e12d8482c28cc71dffec7cef6fa0
2022-05-02,4,action_06,2366,2352,2352,500,4.704,True,2022-05-02__group_04,exp3-full-20260807T072340Z,full,False,primary,exp3,2eebb3dfafa708ac36ff5b5fb2d215b77f5189e37ae94ea9afe8470831770580,e0c1288a22ea2cf3abde9f2c0887f795fe4c2e7d6f705d077ac9a8a819518e6d,source_tree_sha256,030d6bb049591fda35c4e54df090bbc50eb1e12d8482c28cc71dffec7cef6fa0
2022-05-02,4,action_07,2781,1497,1497,500,2.994,True,2022-05-02__group_04,exp3-full-20260807T072340Z,full,False,primary,exp3,2eebb3dfafa708ac36ff5b5fb2d215b77f5189e37ae94ea9afe8470831770580,e0c1288a22ea2cf3abde9f2c0887f795fe4c2e7d6f705d077ac9a8a819518e6d,source_tree_sha256,030d6bb049591fda35c4e54df090bbc50eb1e12d8482c28cc71dffec7cef6fa0
2022-05-02,4,action_08,1689,1654,1654,500,3.308,True,2022-05-02__group_04,exp3-full-20260807T072340Z,full,False,primary,exp3,2eebb3dfafa708ac36ff5b5fb2d215b77f5189e37ae94ea9afe8470831770580,e0c1288a22ea2cf3abde9f2c0887f795fe4c2e7d6f705d077ac9a8a819518e6d,source_tree_sha256,030d6bb049591fda35c4e54df090bbc50eb1e12d8482c28cc71dffec7cef6fa0
2022-05-02,4,action_09,2013,1307,1307,500,2.614,True,2022-05-02__group_04,exp3-full-20260807T072340Z,full,False,primary,exp3,2eebb3dfafa708ac36ff5b5fb2d215b77f5189e37ae94ea9afe8470831770580,e0c1288a22ea2cf3abde9f2c0887f795fe4c2e7d6f705d077ac9a8a819518e6d,source_tree_sha256,030d6bb049591fda35c4e54df090bbc50eb1e12d8482c28cc71dffec7cef6fa0
2022-05-02,4,action_10,1371,1051,1051,500,2.102,True,2022-05-02__group_04,exp3-full-20260807T072340Z,full,False,primary,exp3,2eebb3dfafa708ac36ff5b5fb2d215b77f5189e37ae94ea9afe8470831770580,e0c1288a22ea2cf3abde9f2c0887f795fe4c2e7d6f705d077ac9a8a819518e6d,source_tree_sha256,030d6bb049591fda35c4e54df090bbc50eb1e12d8482c28cc71dffec7cef6fa0
2022-05-02,4,action_11,1495,799,799,500,1.598,True,2022-05-02__group_04,exp3-full-20260807T072340Z,full,False,primary,exp3,2eebb3dfafa708ac36ff5b5fb2d215b77f5189e37ae94ea9afe8470831770580,e0c1288a22ea2cf3abde9f2c0887f795fe4c2e7d6f705d077ac9a8a819518e6d,source_tree_sha256,030d6bb049591fda35c4e54df090bbc50eb1e12d8482c28cc71dffec7cef6fa0
2022-05-02,4,action_12,975,1129,975,500,1.95,True,2022-05-02__group_04,exp3-full-20260807T072340Z,full,False,primary,exp3,2eebb3dfafa708ac36ff5b5fb2d215b77f5189e37ae94ea9afe8470831770580,e0c1288a22ea2cf3abde9f2c0887f795fe4c2e7d6f705d077ac9a8a819518e6d,source_tree_sha256,030d6bb049591fda35c4e54df090bbc50eb1e12d8482c28cc71dffec7cef6fa0
2022-05-02,4,action_13,1347,1107,1107,500,2.214,True,2022-05-02__group_04,exp3-full-20260807T072340Z,full,False,primary,exp3,2eebb3dfafa708ac36ff5b5fb2d215b77f5189e37ae94ea9afe8470831770580,e0c1288a22ea2cf3abde9f2c0887f795fe4c2e7d6f705d077ac9a8a819518e6d,source_tree_sha256,030d6bb049591fda35c4e54df090bbc50eb1e12d8482c28cc71dffec7cef6fa0
2022-05-02,4,action_14,971,676,676,500,1.352,True,2022-05-02__group_04,exp3-full-20260807T072340Z,full,False,primary,exp3,2eebb3dfafa708ac36ff5b5fb2d215b77f5189e37ae94ea9afe8470831770580,e0c1288a22ea2cf3abde9f2c0887f795fe4c2e7d6f705d077ac9a8a819518e6d,source_tree_sha256,030d6bb049591fda35c4e54df090bbc50eb1e12d8482c28cc71dffec7cef6fa0
2022-05-02,4,action_15,1302,803,803,500,1.606,True,2022-05-02__group_04,exp3-full-20260807T072340Z,full,False,primary,exp3,2eebb3dfafa708ac36ff5b5fb2d215b77f5189e37ae94ea9afe8470831770580,e0c1288a22ea2cf3abde9f2c0887f795fe4c2e7d6f705d077ac9a8a819518e6d,source_tree_sha256,030d6bb049591fda35c4e54df090bbc50eb1e12d8482c28cc71dffec7cef6fa0
2022-05-02,4,action_16,1309,668,668,500,1.336,True,2022-05-02__group_04,exp3-full-20260807T072340Z,full,False,primary,exp3,2eebb3dfafa708ac36ff5b5fb2d215b77f5189e37ae94ea9afe8470831770580,e0c1288a22ea2cf3abde9f2c0887f795fe4c2e7d6f705d077ac9a8a819518e6d,source_tree_sha256,030d6bb049591fda35c4e54df090bbc50eb1e12d8482c28cc71dffec7cef6fa0
2022-05-02,4,action_17,1432,738,738,500,1.476,True,2022-05-02__group_04,exp3-full-20260807T072340Z,full,False,primary,exp3,2eebb3dfafa708ac36ff5b5fb2d215b77f5189e37ae94ea9afe8470831770580,e0c1288a22ea2cf3abde9f2c0887f795fe4c2e7d6f705d077ac9a8a819518e6d,source_tree_sha256,030d6bb049591fda35c4e54df090bbc50eb1e12d8482c28cc71dffec7cef6fa0
2022-05-02,4,action_18,964,687,687,500,1.374,True,2022-05-02__group_04,exp3-full-20260807T072340Z,full,False,primary,exp3,2eebb3dfafa708ac36ff5b5fb2d215b77f5189e37ae94ea9afe8470831770580,e0c1288a22ea2cf3abde9f2c0887f795fe4c2e7d6f705d077ac9a8a819518e6d,source_tree_sha256,030d6bb049591fda35c4e54df090bbc50eb1e12d8482c28cc71dffec7cef6fa0
2022-05-02,4,action_19,902,507,507,500,1.014,True,2022-05-02__group_04,exp3-full-20260807T072340Z,full,False,primary,exp3,2eebb3dfafa708ac36ff5b5fb2d215b77f5189e37ae94ea9afe8470831770580,e0c1288a22ea2cf3abde9f2c0887f795fe4c2e7d6f705d077ac9a8a819518e6d,source_tree_sha256,030d6bb049591fda35c4e54df090bbc50eb1e12d8482c28cc71dffec7cef6fa0
2022-05-02,4,action_20,972,398,398,500,0.796,False,2022-05-02__group_04,exp3-full-20260807T072340Z,full,False,primary,exp3,2eebb3dfafa708ac36ff5b5fb2d215b77f5189e37ae94ea9afe8470831770580,e0c1288a22ea2cf3abde9f2c0887f795fe4c2e7d6f705d077ac9a8a819518e6d,source_tree_sha256,030d6bb049591fda35c4e54df090bbc50eb1e12d8482c28cc71dffec7cef6fa0
2022-05-03,0,action_01,4509,6134,4509,500,9.018,True,2022-05-03__group_00,exp3-full-20260807T072340Z,full,False,primary,exp3,2eebb3dfafa708ac36ff5b5fb2d215b77f5189e37ae94ea9afe8470831770580,e0c1288a22ea2cf3abde9f2c0887f795fe4c2e7d6f705d077ac9a8a819518e6d,source_tree_sha256,030d6bb049591fda35c4e54df090bbc50eb1e12d8482c28cc71dffec7cef6fa0
2022-05-03,0,action_02,2075,2567,2075,500,4.15,True,2022-05-03__group_00,exp3-full-20260807T072340Z,full,False,primary,exp3,2eebb3dfafa708ac36ff5b5fb2d215b77f5189e37ae94ea9afe8470831770580,e0c1288a22ea2cf3abde9f2c0887f795fe4c2e7d6f705d077ac9a8a819518e6d,source_tree_sha256,030d6bb049591fda35c4e54df090bbc50eb1e12d8482c28cc71dffec7cef6fa0
2022-05-03,0,action_03,2425,3727,2425,500,4.85,True,2022-05-03__group_00,exp3-full-20260807T072340Z,full,False,primary,exp3,2eebb3dfafa708ac36ff5b5fb2d215b77f5189e37ae94ea9afe8470831770580,e0c1288a22ea2cf3abde9f2c0887f795fe4c2e7d6f705d077ac9a8a819518e6d,source_tree_sha256,030d6bb049591fda35c4e54df090bbc50eb1e12d8482c28cc71dffec7cef6fa0
2022-05-03,0,action_04,2196,3476,2196,500,4.392,True,2022-05-03__group_00,exp3-full-20260807T072340Z,full,False,primary,exp3,2eebb3dfafa708ac36ff5b5fb2d215b77f5189e37ae94ea9afe8470831770580,e0c1288a22ea2cf3abde9f2c0887f795fe4c2e7d6f705d077ac9a8a819518e6d,source_tree_sha256,030d6bb049591fda35c4e54df090bbc50eb1e12d8482c28cc71dffec7cef6fa0
2022-05-03,0,action_05,1906,3168,1906,500,3.812,True,2022-05-03__group_00,exp3-full-20260807T072340Z,full,False,primary,exp3,2eebb3dfafa708ac36ff5b5fb2d215b77f5189e37ae94ea9afe8470831770580,e0c1288a22ea2cf3abde9f2c0887f795fe4c2e7d6f705d077ac9a8a819518e6d,source_tree_sha256,030d6bb049591fda35c4e54df090bbc50eb1e12d8482c28cc71dffec7cef6fa0
2022-05-03,0,action_06,2362,2093,2093,500,4.186,True,2022-05-03__group_00,exp3-full-20260807T072340Z,full,False,primary,exp3,2eebb3dfafa708ac36ff5b5fb2d215b77f5189e37ae94ea9afe8470831770580,e0c1288a22ea2cf3abde9f2c0887f795fe4c2e7d6f705d077ac9a8a819518e6d,source_tree_sha256,030d6bb049591fda35c4e54df090bbc50eb1e12d8482c28cc71dffec7cef6fa0
2022-05-03,0,action_07,1396,2057,1396,500,2.792,True,2022-05-03__group_00,exp3-full-20260807T072340Z,full,False,primary,exp3,2eebb3dfafa708ac36ff5b5fb2d215b77f5189e37ae94ea9afe8470831770580,e0c1288a22ea2cf3abde9f2c0887f795fe4c2e7d6f705d077ac9a8a819518e6d,source_tree_sha256,030d6bb049591fda35c4e54df090bbc50eb1e12d8482c28cc71dffec7cef6fa0
2022-05-03,0,action_08,1424,3127,1424,500,2.848,True,2022-05-03__group_00,exp3-full-20260807T072340Z,full,False,primary,exp3,2eebb3dfafa708ac36ff5b5fb2d215b77f5189e37ae94ea9afe8470831770580,e0c1288a22ea2cf3abde9f2c0887f795fe4c2e7d6f705d077ac9a8a819518e6d,source_tree_sha256,030d6bb049591fda35c4e54df090bbc50eb1e12d8482c28cc71dffec7cef6fa0
2022-05-03,0,action_09,1194,1394,1194,500,2.388,True,2022-05-03__group_00,exp3-full-20260807T072340Z,full,False,primary,exp3,2eebb3dfafa708ac36ff5b5fb2d215b77f5189e37ae94ea9afe8470831770580,e0c1288a22ea2cf3abde9f2c0887f795fe4c2e7d6f705d077ac9a8a819518e6d,source_tree_sha256,030d6bb049591fda35c4e54df090bbc50eb1e12d8482c28cc71dffec7cef6fa0
2022-05-03,0,action_10,983,2547,983,500,1.966,True,2022-05-03__group_00,exp3-full-20260807T072340Z,full,False,primary,exp3,2eebb3dfafa708ac36ff5b5fb2d215b77f5189e37ae94ea9afe8470831770580,e0c1288a22ea2cf3abde9f2c0887f795fe4c2e7d6f705d077ac9a8a819518e6d,source_tree_sha256,030d6bb049591fda35c4e54df090bbc50eb1e12d8482c28cc71dffec7cef6fa0
2022-05-03,0,action_11,1306,1772,1306,500,2.612,True,2022-05-03__group_00,exp3-full-20260807T072340Z,full,False,primary,exp3,2eebb3dfafa708ac36ff5b5fb2d215b77f5189e37ae94ea9afe8470831770580,e0c1288a22ea2cf3abde9f2c0887f795fe4c2e7d6f705d077ac9a8a819518e6d,source_tree_sha256,030d6bb049591fda35c4e54df090bbc50eb1e12d8482c28cc71dffec7cef6fa0
2022-05-03,0,action_12,1029,1896,1029,500,2.058,True,2022-05-03__group_00,exp3-full-20260807T072340Z,full,False,primary,exp3,2eebb3dfafa708ac36ff5b5fb2d215b77f5189e37ae94ea9afe8470831770580,e0c1288a22ea2cf3abde9f2c0887f795fe4c2e7d6f705d077ac9a8a819518e6d,source_tree_sha256,030d6bb049591fda35c4e54df090bbc50eb1e12d8482c28cc71dffec7cef6fa0
2022-05-03,0,action_13,1675,1134,1134,500,2.268,True,2022-05-03__group_00,exp3-full-20260807T072340Z,full,False,primary,exp3,2eebb3dfafa708ac36ff5b5fb2d215b77f5189e37ae94ea9afe8470831770580,e0c1288a22ea2cf3abde9f2c0887f795fe4c2e7d6f705d077ac9a8a819518e6d,source_tree_sha256,030d6bb049591fda35c4e54df090bbc50eb1e12d8482c28cc71dffec7cef6fa0
2022-05-03,0,action_14,728,970,728,500,1.456,True,2022-05-03__group_00,exp3-full-20260807T072340Z,full,False,primary,exp3,2eebb3dfafa708ac36ff5b5fb2d215b77f5189e37ae94ea9afe8470831770580,e0c1288a22ea2cf3abde9f2c0887f795fe4c2e7d6f705d077ac9a8a819518e6d,source_tree_sha256,030d6bb049591fda35c4e54df090bbc50eb1e12d8482c28cc71dffec7cef6fa0
2022-05-03,0,action_15,1123,1546,1123,500,2.246,True,2022-05-03__group_00,exp3-full-20260807T072340Z,full,False,primary,exp3,2eebb3dfafa708ac36ff5b5fb2d215b77f5189e37ae94ea9afe8470831770580,e0c1288a22ea2cf3abde9f2c0887f795fe4c2e7d6f705d077ac9a8a819518e6d,source_tree_sha256,030d6bb049591fda35c4e54df090bbc50eb1e12d8482c28cc71dffec7cef6fa0
2022-05-03,0,action_16,891,1394,891,500,1.782,True,2022-05-03__group_00,exp3-full-20260807T072340Z,full,False,primary,exp3,2eebb3dfafa708ac36ff5b5fb2d215b77f5189e37ae94ea9afe8470831770580,e0c1288a22ea2cf3abde9f2c0887f795fe4c2e7d6f705d077ac9a8a819518e6d,source_tree_sha256,030d6bb049591fda35c4e54df090bbc50eb1e12d8482c28cc71dffec7cef6fa0
2022-05-03,0,action_17,800,753,753,500,1.506,True,2022-05-03__group_00,exp3-full-20260807T072340Z,full,False,primary,exp3,2eebb3dfafa708ac36ff5b5fb2d215b77f5189e37ae94ea9afe8470831770580,e0c1288a22ea2cf3abde9f2c0887f795fe4c2e7d6f705d077ac9a8a819518e6d,source_tree_sha256,030d6bb049591fda35c4e54df090bbc50eb1e12d8482c28cc71dffec7cef6fa0
2022-05-03,0,action_18,787,1232,787,500,1.574,True,2022-05-03__group_00,exp3-full-20260807T072340Z,full,False,primary,exp3,2eebb3dfafa708ac36ff5b5fb2d215b77f5189e37ae94ea9afe8470831770580,e0c1288a22ea2cf3abde9f2c0887f795fe4c2e7d6f705d077ac9a8a819518e6d,source_tree_sha256,030d6bb049591fda35c4e54df090bbc50eb1e12d8482c28cc71dffec7cef6fa0
2022-05-03,0,action_19,550,821,550,500,1.1,True,2022-05-03__group_00,exp3-full-20260807T072340Z,full,False,primary,exp3,2eebb3dfafa708ac36ff5b5fb2d215b77f5189e37ae94ea9afe8470831770580,e0c1288a22ea2cf3abde9f2c0887f795fe4c2e7d6f705d077ac9a8a819518e6d,source_tree_sha256,030d6bb049591fda35c4e54df090bbc50eb1e12d8482c28cc71dffec7cef6fa0
2022-05-03,0,action_20,406,699,406,500,0.812,False,2022-05-03__group_00,exp3-full-20260807T072340Z,full,False,primary,exp3,2eebb3dfafa708ac36ff5b5fb2d215b77f5189e37ae94ea9afe8470831770580,e0c1288a22ea2cf3abde9f2c0887f795fe4c2e7d6f705d077ac9a8a819518e6d,source_tree_sha256,030d6bb049591fda35c4e54df090bbc50eb1e12d8482c28cc71dffec7cef6fa0
2022-05-03,1,action_01,7032,6380,6380,500,12.76,True,2022-05-03__group_01,exp3-full-20260807T072340Z,full,False,primary,exp3,2eebb3dfafa708ac36ff5b5fb2d215b77f5189e37ae94ea9afe8470831770580,e0c1288a22ea2cf3abde9f2c0887f795fe4c2e7d6f705d077ac9a8a819518e6d,source_tree_sha256,030d6bb049591fda35c4e54df090bbc50eb1e12d8482c28cc71dffec7cef6fa0
2022-05-03,1,action_02,2950,2619,2619,500,5.238,True,2022-05-03__group_01,exp3-full-20260807T072340Z,full,False,primary,exp3,2eebb3dfafa708ac36ff5b5fb2d215b77f5189e37ae94ea9afe8470831770580,e0c1288a22ea2cf3abde9f2c0887f795fe4c2e7d6f705d077ac9a8a819518e6d,source_tree_sha256,030d6bb049591fda35c4e54df090bbc50eb1e12d8482c28cc71dffec7cef6fa0
2022-05-03,1,action_03,3506,3377,3377,500,6.754,True,2022-05-03__group_01,exp3-full-20260807T072340Z,full,False,primary,exp3,2eebb3dfafa708ac36ff5b5fb2d215b77f5189e37ae94ea9afe8470831770580,e0c1288a22ea2cf3abde9f2c0887f795fe4c2e7d6f705d077ac9a8a819518e6d,source_tree_sha256,030d6bb049591fda35c4e54df090bbc50eb1e12d8482c28cc71dffec7cef6fa0
2022-05-03,1,action_04,3373,3641,3373,500,6.746,True,2022-05-03__group_01,exp3-full-20260807T072340Z,full,False,primary,exp3,2eebb3dfafa708ac36ff5b5fb2d215b77f5189e37ae94ea9afe8470831770580,e0c1288a22ea2cf3abde9f2c0887f795fe4c2e7d6f705d077ac9a8a819518e6d,source_tree_sha256,030d6bb049591fda35c4e54df090bbc50eb1e12d8482c28cc71dffec7cef6fa0
2022-05-03,1,action_05,2258,3053,2258,500,4.516,True,2022-05-03__group_01,exp3-full-20260807T072340Z,full,False,primary,exp3,2eebb3dfafa708ac36ff5b5fb2d215b77f5189e37ae94ea9afe8470831770580,e0c1288a22ea2cf3abde9f2c0887f795fe4c2e7d6f705d077ac9a8a819518e6d,source_tree_sha256,030d6bb049591fda35c4e54df090bbc50eb1e12d8482c28cc71dffec7cef6fa0
2022-05-03,1,action_06,1232,2262,1232,500,2.464,True,2022-05-03__group_01,exp3-full-20260807T072340Z,full,False,primary,exp3,2eebb3dfafa708ac36ff5b5fb2d215b77f5189e37ae94ea9afe8470831770580,e0c1288a22ea2cf3abde9f2c0887f795fe4c2e7d6f705d077ac9a8a819518e6d,source_tree_sha256,030d6bb049591fda35c4e54df090bbc50eb1e12d8482c28cc71dffec7cef6fa0
2022-05-03,1,action_07,2283,2438,2283,500,4.566,True,2022-05-03__group_01,exp3-full-20260807T072340Z,full,False,primary,exp3,2eebb3dfafa708ac36ff5b5fb2d215b77f5189e37ae94ea9afe8470831770580,e0c1288a22ea2cf3abde9f2c0887f795fe4c2e7d6f705d077ac9a8a819518e6d,source_tree_sha256,030d6bb049591fda35c4e54df090bbc50eb1e12d8482c28cc71dffec7cef6fa0
2022-05-03,1,action_08,2341,2287,2287,500,4.574,True,2022-05-03__group_01,exp3-full-20260807T072340Z,full,False,primary,exp3,2eebb3dfafa708ac36ff5b5fb2d215b77f5189e37ae94ea9afe8470831770580,e0c1288a22ea2cf3abde9f2c0887f795fe4c2e7d6f705d077ac9a8a819518e6d,source_tree_sha256,030d6bb049591fda35c4e54df090bbc50eb1e12d8482c28cc71dffec7cef6fa0
2022-05-03,1,action_09,1459,1801,1459,500,2.918,True,2022-05-03__group_01,exp3-full-20260807T072340Z,full,False,primary,exp3,2eebb3dfafa708ac36ff5b5fb2d215b77f5189e37ae94ea9afe8470831770580,e0c1288a22ea2cf3abde9f2c0887f795fe4c2e7d6f705d077ac9a8a819518e6d,source_tree_sha256,030d6bb049591fda35c4e54df090bbc50eb1e12d8482c28cc71dffec7cef6fa0
2022-05-03,1,action_10,1619,1466,1466,500,2.932,True,2022-05-03__group_01,exp3-full-20260807T072340Z,full,False,primary,exp3,2eebb3dfafa708ac36ff5b5fb2d215b77f5189e37ae94ea9afe8470831770580,e0c1288a22ea2cf3abde9f2c0887f795fe4c2e7d6f705d077ac9a8a819518e6d,source_tree_sha256,030d6bb049591fda35c4e54df090bbc50eb1e12d8482c28cc71dffec7cef6fa0
2022-05-03,1,action_11,1197,1494,1197,500,2.394,True,2022-05-03__group_01,exp3-full-20260807T072340Z,full,False,primary,exp3,2eebb3dfafa708ac36ff5b5fb2d215b77f5189e37ae94ea9afe8470831770580,e0c1288a22ea2cf3abde9f2c0887f795fe4c2e7d6f705d077ac9a8a819518e6d,source_tree_sha256,030d6bb049591fda35c4e54df090bbc50eb1e12d8482c28cc71dffec7cef6fa0
2022-05-03,1,action_12,1124,1169,1124,500,2.248,True,2022-05-03__group_01,exp3-full-20260807T072340Z,full,False,primary,exp3,2eebb3dfafa708ac36ff5b5fb2d215b77f5189e37ae94ea9afe8470831770580,e0c1288a22ea2cf3abde9f2c0887f795fe4c2e7d6f705d077ac9a8a819518e6d,source_tree_sha256,030d6bb049591fda35c4e54df090bbc50eb1e12d8482c28cc71dffec7cef6fa0
2022-05-03,1,action_13,897,1239,897,500,1.794,True,2022-05-03__group_01,exp3-full-20260807T072340Z,full,False,primary,exp3,2eebb3dfafa708ac36ff5b5fb2d215b77f5189e37ae94ea9afe8470831770580,e0c1288a22ea2cf3abde9f2c0887f795fe4c2e7d6f705d077ac9a8a819518e6d,source_tree_sha256,030d6bb049591fda35c4e54df090bbc50eb1e12d8482c28cc71dffec7cef6fa0
2022-05-03,1,action_14,1067,1128,1067,500,2.134,True,2022-05-03__group_01,exp3-full-20260807T072340Z,full,False,primary,exp3,2eebb3dfafa708ac36ff5b5fb2d215b77f5189e37ae94ea9afe8470831770580,e0c1288a22ea2cf3abde9f2c0887f795fe4c2e7d6f705d077ac9a8a819518e6d,source_tree_sha256,030d6bb049591fda35c4e54df090bbc50eb1e12d8482c28cc71dffec7cef6fa0
2022-05-03,1,action_15,1234,1348,1234,500,2.468,True,2022-05-03__group_01,exp3-full-20260807T072340Z,full,False,primary,exp3,2eebb3dfafa708ac36ff5b5fb2d215b77f5189e37ae94ea9afe8470831770580,e0c1288a22ea2cf3abde9f2c0887f795fe4c2e7d6f705d077ac9a8a819518e6d,source_tree_sha256,030d6bb049591fda35c4e54df090bbc50eb1e12d8482c28cc71dffec7cef6fa0
2022-05-03,1,action_16,1210,1389,1210,500,2.42,True,2022-05-03__group_01,exp3-full-20260807T072340Z,full,False,primary,exp3,2eebb3dfafa708ac36ff5b5fb2d215b77f5189e37ae94ea9afe8470831770580,e0c1288a22ea2cf3abde9f2c0887f795fe4c2e7d6f705d077ac9a8a819518e6d,source_tree_sha256,030d6bb049591fda35c4e54df090bbc50eb1e12d8482c28cc71dffec7cef6fa0
2022-05-03,1,action_17,919,1562,919,500,1.838,True,2022-05-03__group_01,exp3-full-20260807T072340Z,full,False,primary,exp3,2eebb3dfafa708ac36ff5b5fb2d215b77f5189e37ae94ea9afe8470831770580,e0c1288a22ea2cf3abde9f2c0887f795fe4c2e7d6f705d077ac9a8a819518e6d,source_tree_sha256,030d6bb049591fda35c4e54df090bbc50eb1e12d8482c28cc71dffec7cef6fa0
2022-05-03,1,action_18,962,977,962,500,1.924,True,2022-05-03__group_01,exp3-full-20260807T072340Z,full,False,primary,exp3,2eebb3dfafa708ac36ff5b5fb2d215b77f5189e37ae94ea9afe8470831770580,e0c1288a22ea2cf3abde9f2c0887f795fe4c2e7d6f705d077ac9a8a819518e6d,source_tree_sha256,030d6bb049591fda35c4e54df090bbc50eb1e12d8482c28cc71dffec7cef6fa0
2022-05-03,1,action_19,1299,895,895,500,1.79,True,2022-05-03__group_01,exp3-full-20260807T072340Z,full,False,primary,exp3,2eebb3dfafa708ac36ff5b5fb2d215b77f5189e37ae94ea9afe8470831770580,e0c1288a22ea2cf3abde9f2c0887f795fe4c2e7d6f705d077ac9a8a819518e6d,source_tree_sha256,030d6bb049591fda35c4e54df090bbc50eb1e12d8482c28cc71dffec7cef6fa0
2022-05-03,1,action_20,1071,1247,1071,500,2.142,True,2022-05-03__group_01,exp3-full-20260807T072340Z,full,False,primary,exp3,2eebb3dfafa708ac36ff5b5fb2d215b77f5189e37ae94ea9afe8470831770580,e0c1288a22ea2cf3abde9f2c0887f795fe4c2e7d6f705d077ac9a8a819518e6d,source_tree_sha256,030d6bb049591fda35c4e54df090bbc50eb1e12d8482c28cc71dffec7cef6fa0
2022-05-03,2,action_01,6063,4484,4484,500,8.968,True,2022-05-03__group_02,exp3-full-20260807T072340Z,full,False,primary,exp3,2eebb3dfafa708ac36ff5b5fb2d215b77f5189e37ae94ea9afe8470831770580,e0c1288a22ea2cf3abde9f2c0887f795fe4c2e7d6f705d077ac9a8a819518e6d,source_tree_sha256,030d6bb049591fda35c4e54df090bbc50eb1e12d8482c28cc71dffec7cef6fa0
2022-05-03,2,action_02,2690,2068,2068,500,4.136,True,2022-05-03__group_02,exp3-full-20260807T072340Z,full,False,primary,exp3,2eebb3dfafa708ac36ff5b5fb2d215b77f5189e37ae94ea9afe8470831770580,e0c1288a22ea2cf3abde9f2c0887f795fe4c2e7d6f705d077ac9a8a819518e6d,source_tree_sha256,030d6bb049591fda35c4e54df090bbc50eb1e12d8482c28cc71dffec7cef6fa0
2022-05-03,2,action_03,3521,2398,2398,500,4.796,True,2022-05-03__group_02,exp3-full-20260807T072340Z,full,False,primary,exp3,2eebb3dfafa708ac36ff5b5fb2d215b77f5189e37ae94ea9afe8470831770580,e0c1288a22ea2cf3abde9f2c0887f795fe4c2e7d6f705d077ac9a8a819518e6d,source_tree_sha256,030d6bb049591fda35c4e54df090bbc50eb1e12d8482c28cc71dffec7cef6fa0
2022-05-03,2,action_04,2532,1727,1727,500,3.454,True,2022-05-03__group_02,exp3-full-20260807T072340Z,full,False,primary,exp3,2eebb3dfafa708ac36ff5b5fb2d215b77f5189e37ae94ea9afe8470831770580,e0c1288a22ea2cf3abde9f2c0887f795fe4c2e7d6f705d077ac9a8a819518e6d,source_tree_sha256,030d6bb049591fda35c4e54df090bbc50eb1e12d8482c28cc71dffec7cef6fa0
2022-05-03,2,action_05,2221,1386,1386,500,2.772,True,2022-05-03__group_02,exp3-full-20260807T072340Z,full,False,primary,exp3,2eebb3dfafa708ac36ff5b5fb2d215b77f5189e37ae94ea9afe8470831770580,e0c1288a22ea2cf3abde9f2c0887f795fe4c2e7d6f705d077ac9a8a819518e6d,source_tree_sha256,030d6bb049591fda35c4e54df090bbc50eb1e12d8482c28cc71dffec7cef6fa0
2022-05-03,2,action_06,2823,1901,1901,500,3.802,True,2022-05-03__group_02,exp3-full-20260807T072340Z,full,False,primary,exp3,2eebb3dfafa708ac36ff5b5fb2d215b77f5189e37ae94ea9afe8470831770580,e0c1288a22ea2cf3abde9f2c0887f795fe4c2e7d6f705d077ac9a8a819518e6d,source_tree_sha256,030d6bb049591fda35c4e54df090bbc50eb1e12d8482c28cc71dffec7cef6fa0
2022-05-03,2,action_07,2222,1496,1496,500,2.992,True,2022-05-03__group_02,exp3-full-20260807T072340Z,full,False,primary,exp3,2eebb3dfafa708ac36ff5b5fb2d215b77f5189e37ae94ea9afe8470831770580,e0c1288a22ea2cf3abde9f2c0887f795fe4c2e7d6f705d077ac9a8a819518e6d,source_tree_sha256,030d6bb049591fda35c4e54df090bbc50eb1e12d8482c28cc71dffec7cef6fa0
2022-05-03,2,action_08,2147,1571,1571,500,3.142,True,2022-05-03__group_02,exp3-full-20260807T072340Z,full,False,primary,exp3,2eebb3dfafa708ac36ff5b5fb2d215b77f5189e37ae94ea9afe8470831770580,e0c1288a22ea2cf3abde9f2c0887f795fe4c2e7d6f705d077ac9a8a819518e6d,source_tree_sha256,030d6bb049591fda35c4e54df090bbc50eb1e12d8482c28cc71dffec7cef6fa0
2022-05-03,2,action_09,2087,1230,1230,500,2.46,True,2022-05-03__group_02,exp3-full-20260807T072340Z,full,False,primary,exp3,2eebb3dfafa708ac36ff5b5fb2d215b77f5189e37ae94ea9afe8470831770580,e0c1288a22ea2cf3abde9f2c0887f795fe4c2e7d6f705d077ac9a8a819518e6d,source_tree_sha256,030d6bb049591fda35c4e54df090bbc50eb1e12d8482c28cc71dffec7cef6fa0
2022-05-03,2,action_10,1307,1119,1119,500,2.238,True,2022-05-03__group_02,exp3-full-20260807T072340Z,full,False,primary,exp3,2eebb3dfafa708ac36ff5b5fb2d215b77f5189e37ae94ea9afe8470831770580,e0c1288a22ea2cf3abde9f2c0887f795fe4c2e7d6f705d077ac9a8a819518e6d,source_tree_sha256,030d6bb049591fda35c4e54df090bbc50eb1e12d8482c28cc71dffec7cef6fa0
2022-05-03,2,action_11,1410,1057,1057,500,2.114,True,2022-05-03__group_02,exp3-full-20260807T072340Z,full,False,primary,exp3,2eebb3dfafa708ac36ff5b5fb2d215b77f5189e37ae94ea9afe8470831770580,e0c1288a22ea2cf3abde9f2c0887f795fe4c2e7d6f705d077ac9a8a819518e6d,source_tree_sha256,030d6bb049591fda35c4e54df090bbc50eb1e12d8482c28cc71dffec7cef6fa0
2022-05-03,2,action_12,1284,1136,1136,500,2.272,True,2022-05-03__group_02,exp3-full-20260807T072340Z,full,False,primary,exp3,2eebb3dfafa708ac36ff5b5fb2d215b77f5189e37ae94ea9afe8470831770580,e0c1288a22ea2cf3abde9f2c0887f795fe4c2e7d6f705d077ac9a8a819518e6d,source_tree_sha256,030d6bb049591fda35c4e54df090bbc50eb1e12d8482c28cc71dffec7cef6fa0
2022-05-03,2,action_13,1081,1166,1081,500,2.162,True,2022-05-03__group_02,exp3-full-20260807T072340Z,full,False,primary,exp3,2eebb3dfafa708ac36ff5b5fb2d215b77f5189e37ae94ea9afe8470831770580,e0c1288a22ea2cf3abde9f2c0887f795fe4c2e7d6f705d077ac9a8a819518e6d,source_tree_sha256,030d6bb049591fda35c4e54df090bbc50eb1e12d8482c28cc71dffec7cef6fa0
2022-05-03,2,action_14,1004,702,702,500,1.404,True,2022-05-03__group_02,exp3-full-20260807T072340Z,full,False,primary,exp3,2eebb3dfafa708ac36ff5b5fb2d215b77f5189e37ae94ea9afe8470831770580,e0c1288a22ea2cf3abde9f2c0887f795fe4c2e7d6f705d077ac9a8a819518e6d,source_tree_sha256,030d6bb049591fda35c4e54df090bbc50eb1e12d8482c28cc71dffec7cef6fa0
2022-05-03,2,action_15,939,611,611,500,1.222,True,2022-05-03__group_02,exp3-full-20260807T072340Z,full,False,primary,exp3,2eebb3dfafa708ac36ff5b5fb2d215b77f5189e37ae94ea9afe8470831770580,e0c1288a22ea2cf3abde9f2c0887f795fe4c2e7d6f705d077ac9a8a819518e6d,source_tree_sha256,030d6bb049591fda35c4e54df090bbc50eb1e12d8482c28cc71dffec7cef6fa0
2022-05-03,2,action_16,965,593,593,500,1.186,True,2022-05-03__group_02,exp3-full-20260807T072340Z,full,False,primary,exp3,2eebb3dfafa708ac36ff5b5fb2d215b77f5189e37ae94ea9afe8470831770580,e0c1288a22ea2cf3abde9f2c0887f795fe4c2e7d6f705d077ac9a8a819518e6d,source_tree_sha256,030d6bb049591fda35c4e54df090bbc50eb1e12d8482c28cc71dffec7cef6fa0
2022-05-03,2,action_17,896,635,635,500,1.27,True,2022-05-03__group_02,exp3-full-20260807T072340Z,full,False,primary,exp3,2eebb3dfafa708ac36ff5b5fb2d215b77f5189e37ae94ea9afe8470831770580,e0c1288a22ea2cf3abde9f2c0887f795fe4c2e7d6f705d077ac9a8a819518e6d,source_tree_sha256,030d6bb049591fda35c4e54df090bbc50eb1e12d8482c28cc71dffec7cef6fa0
2022-05-03,2,action_18,1119,637,637,500,1.274,True,2022-05-03__group_02,exp3-full-20260807T072340Z,full,False,primary,exp3,2eebb3dfafa708ac36ff5b5fb2d215b77f5189e37ae94ea9afe8470831770580,e0c1288a22ea2cf3abde9f2c0887f795fe4c2e7d6f705d077ac9a8a819518e6d,source_tree_sha256,030d6bb049591fda35c4e54df090bbc50eb1e12d8482c28cc71dffec7cef6fa0
2022-05-03,2,action_19,989,649,649,500,1.298,True,2022-05-03__group_02,exp3-full-20260807T072340Z,full,False,primary,exp3,2eebb3dfafa708ac36ff5b5fb2d215b77f5189e37ae94ea9afe8470831770580,e0c1288a22ea2cf3abde9f2c0887f795fe4c2e7d6f705d077ac9a8a819518e6d,source_tree_sha256,030d6bb049591fda35c4e54df090bbc50eb1e12d8482c28cc71dffec7cef6fa0
2022-05-03,2,action_20,610,345,345,500,0.69,False,2022-05-03__group_02,exp3-full-20260807T072340Z,full,False,primary,exp3,2eebb3dfafa708ac36ff5b5fb2d215b77f5189e37ae94ea9afe8470831770580,e0c1288a22ea2cf3abde9f2c0887f795fe4c2e7d6f705d077ac9a8a819518e6d,source_tree_sha256,030d6bb049591fda35c4e54df090bbc50eb1e12d8482c28cc71dffec7cef6fa0
2022-05-03,3,action_01,4027,4608,4027,500,8.054,True,2022-05-03__group_03,exp3-full-20260807T072340Z,full,False,primary,exp3,2eebb3dfafa708ac36ff5b5fb2d215b77f5189e37ae94ea9afe8470831770580,e0c1288a22ea2cf3abde9f2c0887f795fe4c2e7d6f705d077ac9a8a819518e6d,source_tree_sha256,030d6bb049591fda35c4e54df090bbc50eb1e12d8482c28cc71dffec7cef6fa0
2022-05-03,3,action_02,2329,2006,2006,500,4.012,True,2022-05-03__group_03,exp3-full-20260807T072340Z,full,False,primary,exp3,2eebb3dfafa708ac36ff5b5fb2d215b77f5189e37ae94ea9afe8470831770580,e0c1288a22ea2cf3abde9f2c0887f795fe4c2e7d6f705d077ac9a8a819518e6d,source_tree_sha256,030d6bb049591fda35c4e54df090bbc50eb1e12d8482c28cc71dffec7cef6fa0
2022-05-03,3,action_03,2229,2607,2229,500,4.458,True,2022-05-03__group_03,exp3-full-20260807T072340Z,full,False,primary,exp3,2eebb3dfafa708ac36ff5b5fb2d215b77f5189e37ae94ea9afe8470831770580,e0c1288a22ea2cf3abde9f2c0887f795fe4c2e7d6f705d077ac9a8a819518e6d,source_tree_sha256,030d6bb049591fda35c4e54df090bbc50eb1e12d8482c28cc71dffec7cef6fa0
2022-05-03,3,action_04,1812,2120,1812,500,3.624,True,2022-05-03__group_03,exp3-full-20260807T072340Z,full,False,primary,exp3,2eebb3dfafa708ac36ff5b5fb2d215b77f5189e37ae94ea9afe8470831770580,e0c1288a22ea2cf3abde9f2c0887f795fe4c2e7d6f705d077ac9a8a819518e6d,source_tree_sha256,030d6bb049591fda35c4e54df090bbc50eb1e12d8482c28cc71dffec7cef6fa0
2022-05-03,3,action_05,1763,1539,1539,500,3.078,True,2022-05-03__group_03,exp3-full-20260807T072340Z,full,False,primary,exp3,2eebb3dfafa708ac36ff5b5fb2d215b77f5189e37ae94ea9afe8470831770580,e0c1288a22ea2cf3abde9f2c0887f795fe4c2e7d6f705d077ac9a8a819518e6d,source_tree_sha256,030d6bb049591fda35c4e54df090bbc50eb1e12d8482c28cc71dffec7cef6fa0
2022-05-03,3,action_06,1673,1919,1673,500,3.346,True,2022-05-03__group_03,exp3-full-20260807T072340Z,full,False,primary,exp3,2eebb3dfafa708ac36ff5b5fb2d215b77f5189e37ae94ea9afe8470831770580,e0c1288a22ea2cf3abde9f2c0887f795fe4c2e7d6f705d077ac9a8a819518e6d,source_tree_sha256,030d6bb049591fda35c4e54df090bbc50eb1e12d8482c28cc71dffec7cef6fa0
2022-05-03,3,action_07,1592,1723,1592,500,3.184,True,2022-05-03__group_03,exp3-full-20260807T072340Z,full,False,primary,exp3,2eebb3dfafa708ac36ff5b5fb2d215b77f5189e37ae94ea9afe8470831770580,e0c1288a22ea2cf3abde9f2c0887f795fe4c2e7d6f705d077ac9a8a819518e6d,source_tree_sha256,030d6bb049591fda35c4e54df090bbc50eb1e12d8482c28cc71dffec7cef6fa0
2022-05-03,3,action_08,2048,1670,1670,500,3.34,True,2022-05-03__group_03,exp3-full-20260807T072340Z,full,False,primary,exp3,2eebb3dfafa708ac36ff5b5fb2d215b77f5189e37ae94ea9afe8470831770580,e0c1288a22ea2cf3abde9f2c0887f795fe4c2e7d6f705d077ac9a8a819518e6d,source_tree_sha256,030d6bb049591fda35c4e54df090bbc50eb1e12d8482c28cc71dffec7cef6fa0
2022-05-03,3,action_09,996,996,996,500,1.992,True,2022-05-03__group_03,exp3-full-20260807T072340Z,full,False,primary,exp3,2eebb3dfafa708ac36ff5b5fb2d215b77f5189e37ae94ea9afe8470831770580,e0c1288a22ea2cf3abde9f2c0887f795fe4c2e7d6f705d077ac9a8a819518e6d,source_tree_sha256,030d6bb049591fda35c4e54df090bbc50eb1e12d8482c28cc71dffec7cef6fa0
2022-05-03,3,action_10,951,883,883,500,1.766,True,2022-05-03__group_03,exp3-full-20260807T072340Z,full,False,primary,exp3,2eebb3dfafa708ac36ff5b5fb2d215b77f5189e37ae94ea9afe8470831770580,e0c1288a22ea2cf3abde9f2c0887f795fe4c2e7d6f705d077ac9a8a819518e6d,source_tree_sha256,030d6bb049591fda35c4e54df090bbc50eb1e12d8482c28cc71dffec7cef6fa0
2022-05-03,3,action_11,793,735,735,500,1.47,True,2022-05-03__group_03,exp3-full-20260807T072340Z,full,False,primary,exp3,2eebb3dfafa708ac36ff5b5fb2d215b77f5189e37ae94ea9afe8470831770580,e0c1288a22ea2cf3abde9f2c0887f795fe4c2e7d6f705d077ac9a8a819518e6d,source_tree_sha256,030d6bb049591fda35c4e54df090bbc50eb1e12d8482c28cc71dffec7cef6fa0
2022-05-03,3,action_12,769,796,769,500,1.538,True,2022-05-03__group_03,exp3-full-20260807T072340Z,full,False,primary,exp3,2eebb3dfafa708ac36ff5b5fb2d215b77f5189e37ae94ea9afe8470831770580,e0c1288a22ea2cf3abde9f2c0887f795fe4c2e7d6f705d077ac9a8a819518e6d,source_tree_sha256,030d6bb049591fda35c4e54df090bbc50eb1e12d8482c28cc71dffec7cef6fa0
2022-05-03,3,action_13,935,1143,935,500,1.87,True,2022-05-03__group_03,exp3-full-20260807T072340Z,full,False,primary,exp3,2eebb3dfafa708ac36ff5b5fb2d215b77f5189e37ae94ea9afe8470831770580,e0c1288a22ea2cf3abde9f2c0887f795fe4c2e7d6f705d077ac9a8a819518e6d,source_tree_sha256,030d6bb049591fda35c4e54df090bbc50eb1e12d8482c28cc71dffec7cef6fa0
2022-05-03,3,action_14,903,626,626,500,1.252,True,2022-05-03__group_03,exp3-full-20260807T072340Z,full,False,primary,exp3,2eebb3dfafa708ac36ff5b5fb2d215b77f5189e37ae94ea9afe8470831770580,e0c1288a22ea2cf3abde9f2c0887f795fe4c2e7d6f705d077ac9a8a819518e6d,source_tree_sha256,030d6bb049591fda35c4e54df090bbc50eb1e12d8482c28cc71dffec7cef6fa0
2022-05-03,3,action_15,628,908,628,500,1.256,True,2022-05-03__group_03,exp3-full-20260807T072340Z,full,False,primary,exp3,2eebb3dfafa708ac36ff5b5fb2d215b77f5189e37ae94ea9afe8470831770580,e0c1288a22ea2cf3abde9f2c0887f795fe4c2e7d6f705d077ac9a8a819518e6d,source_tree_sha256,030d6bb049591fda35c4e54df090bbc50eb1e12d8482c28cc71dffec7cef6fa0
2022-05-03,3,action_16,942,681,681,500,1.362,True,2022-05-03__group_03,exp3-full-20260807T072340Z,full,False,primary,exp3,2eebb3dfafa708ac36ff5b5fb2d215b77f5189e37ae94ea9afe8470831770580,e0c1288a22ea2cf3abde9f2c0887f795fe4c2e7d6f705d077ac9a8a819518e6d,source_tree_sha256,030d6bb049591fda35c4e54df090bbc50eb1e12d8482c28cc71dffec7cef6fa0
2022-05-03,3,action_17,664,721,664,500,1.328,True,2022-05-03__group_03,exp3-full-20260807T072340Z,full,False,primary,exp3,2eebb3dfafa708ac36ff5b5fb2d215b77f5189e37ae94ea9afe8470831770580,e0c1288a22ea2cf3abde9f2c0887f795fe4c2e7d6f705d077ac9a8a819518e6d,source_tree_sha256,030d6bb049591fda35c4e54df090bbc50eb1e12d8482c28cc71dffec7cef6fa0
2022-05-03,3,action_18,642,714,642,500,1.284,True,2022-05-03__group_03,exp3-full-20260807T072340Z,full,False,primary,exp3,2eebb3dfafa708ac36ff5b5fb2d215b77f5189e37ae94ea9afe8470831770580,e0c1288a22ea2cf3abde9f2c0887f795fe4c2e7d6f705d077ac9a8a819518e6d,source_tree_sha256,030d6bb049591fda35c4e54df090bbc50eb1e12d8482c28cc71dffec7cef6fa0
2022-05-03,3,action_19,543,586,543,500,1.086,True,2022-05-03__group_03,exp3-full-20260807T072340Z,full,False,primary,exp3,2eebb3dfafa708ac36ff5b5fb2d215b77f5189e37ae94ea9afe8470831770580,e0c1288a22ea2cf3abde9f2c0887f795fe4c2e7d6f705d077ac9a8a819518e6d,source_tree_sha256,030d6bb049591fda35c4e54df090bbc50eb1e12d8482c28cc71dffec7cef6fa0
2022-05-03,3,action_20,508,599,508,500,1.016,True,2022-05-03__group_03,exp3-full-20260807T072340Z,full,False,primary,exp3,2eebb3dfafa708ac36ff5b5fb2d215b77f5189e37ae94ea9afe8470831770580,e0c1288a22ea2cf3abde9f2c0887f795fe4c2e7d6f705d077ac9a8a819518e6d,source_tree_sha256,030d6bb049591fda35c4e54df090bbc50eb1e12d8482c28cc71dffec7cef6fa0
2022-05-03,4,action_01,5332,4468,4468,500,8.936,True,2022-05-03__group_04,exp3-full-20260807T072340Z,full,False,primary,exp3,2eebb3dfafa708ac36ff5b5fb2d215b77f5189e37ae94ea9afe8470831770580,e0c1288a22ea2cf3abde9f2c0887f795fe4c2e7d6f705d077ac9a8a819518e6d,source_tree_sha256,030d6bb049591fda35c4e54df090bbc50eb1e12d8482c28cc71dffec7cef6fa0
2022-05-03,4,action_02,3223,1850,1850,500,3.7,True,2022-05-03__group_04,exp3-full-20260807T072340Z,full,False,primary,exp3,2eebb3dfafa708ac36ff5b5fb2d215b77f5189e37ae94ea9afe8470831770580,e0c1288a22ea2cf3abde9f2c0887f795fe4c2e7d6f705d077ac9a8a819518e6d,source_tree_sha256,030d6bb049591fda35c4e54df090bbc50eb1e12d8482c28cc71dffec7cef6fa0
2022-05-03,4,action_03,3082,2081,2081,500,4.162,True,2022-05-03__group_04,exp3-full-20260807T072340Z,full,False,primary,exp3,2eebb3dfafa708ac36ff5b5fb2d215b77f5189e37ae94ea9afe8470831770580,e0c1288a22ea2cf3abde9f2c0887f795fe4c2e7d6f705d077ac9a8a819518e6d,source_tree_sha256,030d6bb049591fda35c4e54df090bbc50eb1e12d8482c28cc71dffec7cef6fa0
2022-05-03,4,action_04,2587,2612,2587,500,5.174,True,2022-05-03__group_04,exp3-full-20260807T072340Z,full,False,primary,exp3,2eebb3dfafa708ac36ff5b5fb2d215b77f5189e37ae94ea9afe8470831770580,e0c1288a22ea2cf3abde9f2c0887f795fe4c2e7d6f705d077ac9a8a819518e6d,source_tree_sha256,030d6bb049591fda35c4e54df090bbc50eb1e12d8482c28cc71dffec7cef6fa0
2022-05-03,4,action_05,2636,1713,1713,500,3.426,True,2022-05-03__group_04,exp3-full-20260807T072340Z,full,False,primary,exp3,2eebb3dfafa708ac36ff5b5fb2d215b77f5189e37ae94ea9afe8470831770580,e0c1288a22ea2cf3abde9f2c0887f795fe4c2e7d6f705d077ac9a8a819518e6d,source_tree_sha256,030d6bb049591fda35c4e54df090bbc50eb1e12d8482c28cc71dffec7cef6fa0
2022-05-03,4,action_06,2350,2450,2350,500,4.7,True,2022-05-03__group_04,exp3-full-20260807T072340Z,full,False,primary,exp3,2eebb3dfafa708ac36ff5b5fb2d215b77f5189e37ae94ea9afe8470831770580,e0c1288a22ea2cf3abde9f2c0887f795fe4c2e7d6f705d077ac9a8a819518e6d,source_tree_sha256,030d6bb049591fda35c4e54df090bbc50eb1e12d8482c28cc71dffec7cef6fa0
2022-05-03,4,action_07,2484,1341,1341,500,2.682,True,2022-05-03__group_04,exp3-full-20260807T072340Z,full,False,primary,exp3,2eebb3dfafa708ac36ff5b5fb2d215b77f5189e37ae94ea9afe8470831770580,e0c1288a22ea2cf3abde9f2c0887f795fe4c2e7d6f705d077ac9a8a819518e6d,source_tree_sha256,030d6bb049591fda35c4e54df090bbc50eb1e12d8482c28cc71dffec7cef6fa0
2022-05-03,4,action_08,1582,1596,1582,500,3.164,True,2022-05-03__group_04,exp3-full-20260807T072340Z,full,False,primary,exp3,2eebb3dfafa708ac36ff5b5fb2d215b77f5189e37ae94ea9afe8470831770580,e0c1288a22ea2cf3abde9f2c0887f795fe4c2e7d6f705d077ac9a8a819518e6d,source_tree_sha256,030d6bb049591fda35c4e54df090bbc50eb1e12d8482c28cc71dffec7cef6fa0
2022-05-03,4,action_09,1980,1169,1169,500,2.338,True,2022-05-03__group_04,exp3-full-20260807T072340Z,full,False,primary,exp3,2eebb3dfafa708ac36ff5b5fb2d215b77f5189e37ae94ea9afe8470831770580,e0c1288a22ea2cf3abde9f2c0887f795fe4c2e7d6f705d077ac9a8a819518e6d,source_tree_sha256,030d6bb049591fda35c4e54df090bbc50eb1e12d8482c28cc71dffec7cef6fa0
2022-05-03,4,action_10,1449,1083,1083,500,2.166,True,2022-05-03__group_04,exp3-full-20260807T072340Z,full,False,primary,exp3,2eebb3dfafa708ac36ff5b5fb2d215b77f5189e37ae94ea9afe8470831770580,e0c1288a22ea2cf3abde9f2c0887f795fe4c2e7d6f705d077ac9a8a819518e6d,source_tree_sha256,030d6bb049591fda35c4e54df090bbc50eb1e12d8482c28cc71dffec7cef6fa0
2022-05-03,4,action_11,1418,825,825,500,1.65,True,2022-05-03__group_04,exp3-full-20260807T072340Z,full,False,primary,exp3,2eebb3dfafa708ac36ff5b5fb2d215b77f5189e37ae94ea9afe8470831770580,e0c1288a22ea2cf3abde9f2c0887f795fe4c2e7d6f705d077ac9a8a819518e6d,source_tree_sha256,030d6bb049591fda35c4e54df090bbc50eb1e12d8482c28cc71dffec7cef6fa0
2022-05-03,4,action_12,883,1133,883,500,1.766,True,2022-05-03__group_04,exp3-full-20260807T072340Z,full,False,primary,exp3,2eebb3dfafa708ac36ff5b5fb2d215b77f5189e37ae94ea9afe8470831770580,e0c1288a22ea2cf3abde9f2c0887f795fe4c2e7d6f705d077ac9a8a819518e6d,source_tree_sha256,030d6bb049591fda35c4e54df090bbc50eb1e12d8482c28cc71dffec7cef6fa0
2022-05-03,4,action_13,1166,984,984,500,1.968,True,2022-05-03__group_04,exp3-full-20260807T072340Z,full,False,primary,exp3,2eebb3dfafa708ac36ff5b5fb2d215b77f5189e37ae94ea9afe8470831770580,e0c1288a22ea2cf3abde9f2c0887f795fe4c2e7d6f705d077ac9a8a819518e6d,source_tree_sha256,030d6bb049591fda35c4e54df090bbc50eb1e12d8482c28cc71dffec7cef6fa0
2022-05-03,4,action_14,827,583,583,500,1.166,True,2022-05-03__group_04,exp3-full-20260807T072340Z,full,False,primary,exp3,2eebb3dfafa708ac36ff5b5fb2d215b77f5189e37ae94ea9afe8470831770580,e0c1288a22ea2cf3abde9f2c0887f795fe4c2e7d6f705d077ac9a8a819518e6d,source_tree_sha256,030d6bb049591fda35c4e54df090bbc50eb1e12d8482c28cc71dffec7cef6fa0
2022-05-03,4,action_15,1361,746,746,500,1.492,True,2022-05-03__group_04,exp3-full-20260807T072340Z,full,False,primary,exp3,2eebb3dfafa708ac36ff5b5fb2d215b77f5189e37ae94ea9afe8470831770580,e0c1288a22ea2cf3abde9f2c0887f795fe4c2e7d6f705d077ac9a8a819518e6d,source_tree_sha256,030d6bb049591fda35c4e54df090bbc50eb1e12d8482c28cc71dffec7cef6fa0
2022-05-03,4,action_16,1094,709,709,500,1.418,True,2022-05-03__group_04,exp3-full-20260807T072340Z,full,False,primary,exp3,2eebb3dfafa708ac36ff5b5fb2d215b77f5189e37ae94ea9afe8470831770580,e0c1288a22ea2cf3abde9f2c0887f795fe4c2e7d6f705d077ac9a8a819518e6d,source_tree_sha256,030d6bb049591fda35c4e54df090bbc50eb1e12d8482c28cc71dffec7cef6fa0
2022-05-03,4,action_17,1280,691,691,500,1.382,True,2022-05-03__group_04,exp3-full-20260807T072340Z,full,False,primary,exp3,2eebb3dfafa708ac36ff5b5fb2d215b77f5189e37ae94ea9afe8470831770580,e0c1288a22ea2cf3abde9f2c0887f795fe4c2e7d6f705d077ac9a8a819518e6d,source_tree_sha256,030d6bb049591fda35c4e54df090bbc50eb1e12d8482c28cc71dffec7cef6fa0
2022-05-03,4,action_18,884,699,699,500,1.398,True,2022-05-03__group_04,exp3-full-20260807T072340Z,full,False,primary,exp3,2eebb3dfafa708ac36ff5b5fb2d215b77f5189e37ae94ea9afe8470831770580,e0c1288a22ea2cf3abde9f2c0887f795fe4c2e7d6f705d077ac9a8a819518e6d,source_tree_sha256,030d6bb049591fda35c4e54df090bbc50eb1e12d8482c28cc71dffec7cef6fa0
2022-05-03,4,action_19,921,588,588,500,1.176,True,2022-05-03__group_04,exp3-full-20260807T072340Z,full,False,primary,exp3,2eebb3dfafa708ac36ff5b5fb2d215b77f5189e37ae94ea9afe8470831770580,e0c1288a22ea2cf3abde9f2c0887f795fe4c2e7d6f705d077ac9a8a819518e6d,source_tree_sha256,030d6bb049591fda35c4e54df090bbc50eb1e12d8482c28cc71dffec7cef6fa0
2022-05-03,4,action_20,937,431,431,500,0.862,False,2022-05-03__group_04,exp3-full-20260807T072340Z,full,False,primary,exp3,2eebb3dfafa708ac36ff5b5fb2d215b77f5189e37ae94ea9afe8470831770580,e0c1288a22ea2cf3abde9f2c0887f795fe4c2e7d6f705d077ac9a8a819518e6d,source_tree_sha256,030d6bb049591fda35c4e54df090bbc50eb1e12d8482c28cc71dffec7cef6fa0
2022-05-04,0,action_01,4183,5819,4183,500,8.366,True,2022-05-04__group_00,exp3-full-20260807T072340Z,full,False,primary,exp3,2eebb3dfafa708ac36ff5b5fb2d215b77f5189e37ae94ea9afe8470831770580,e0c1288a22ea2cf3abde9f2c0887f795fe4c2e7d6f705d077ac9a8a819518e6d,source_tree_sha256,030d6bb049591fda35c4e54df090bbc50eb1e12d8482c28cc71dffec7cef6fa0
2022-05-04,0,action_02,2024,2978,2024,500,4.048,True,2022-05-04__group_00,exp3-full-20260807T072340Z,full,False,primary,exp3,2eebb3dfafa708ac36ff5b5fb2d215b77f5189e37ae94ea9afe8470831770580,e0c1288a22ea2cf3abde9f2c0887f795fe4c2e7d6f705d077ac9a8a819518e6d,source_tree_sha256,030d6bb049591fda35c4e54df090bbc50eb1e12d8482c28cc71dffec7cef6fa0
2022-05-04,0,action_03,2241,3585,2241,500,4.482,True,2022-05-04__group_00,exp3-full-20260807T072340Z,full,False,primary,exp3,2eebb3dfafa708ac36ff5b5fb2d215b77f5189e37ae94ea9afe8470831770580,e0c1288a22ea2cf3abde9f2c0887f795fe4c2e7d6f705d077ac9a8a819518e6d,source_tree_sha256,030d6bb049591fda35c4e54df090bbc50eb1e12d8482c28cc71dffec7cef6fa0
2022-05-04,0,action_04,2368,3213,2368,500,4.736,True,2022-05-04__group_00,exp3-full-20260807T072340Z,full,False,primary,exp3,2eebb3dfafa708ac36ff5b5fb2d215b77f5189e37ae94ea9afe8470831770580,e0c1288a22ea2cf3abde9f2c0887f795fe4c2e7d6f705d077ac9a8a819518e6d,source_tree_sha256,030d6bb049591fda35c4e54df090bbc50eb1e12d8482c28cc71dffec7cef6fa0
2022-05-04,0,action_05,1670,2836,1670,500,3.34,True,2022-05-04__group_00,exp3-full-20260807T072340Z,full,False,primary,exp3,2eebb3dfafa708ac36ff5b5fb2d215b77f5189e37ae94ea9afe8470831770580,e0c1288a22ea2cf3abde9f2c0887f795fe4c2e7d6f705d077ac9a8a819518e6d,source_tree_sha256,030d6bb049591fda35c4e54df090bbc50eb1e12d8482c28cc71dffec7cef6fa0
2022-05-04,0,action_06,2463,1811,1811,500,3.622,True,2022-05-04__group_00,exp3-full-20260807T072340Z,full,False,primary,exp3,2eebb3dfafa708ac36ff5b5fb2d215b77f5189e37ae94ea9afe8470831770580,e0c1288a22ea2cf3abde9f2c0887f795fe4c2e7d6f705d077ac9a8a819518e6d,source_tree_sha256,030d6bb049591fda35c4e54df090bbc50eb1e12d8482c28cc71dffec7cef6fa0
2022-05-04,0,action_07,1375,1909,1375,500,2.75,True,2022-05-04__group_00,exp3-full-20260807T072340Z,full,False,primary,exp3,2eebb3dfafa708ac36ff5b5fb2d215b77f5189e37ae94ea9afe8470831770580,e0c1288a22ea2cf3abde9f2c0887f795fe4c2e7d6f705d077ac9a8a819518e6d,source_tree_sha256,030d6bb049591fda35c4e54df090bbc50eb1e12d8482c28cc71dffec7cef6fa0
2022-05-04,0,action_08,1442,2843,1442,500,2.884,True,2022-05-04__group_00,exp3-full-20260807T072340Z,full,False,primary,exp3,2eebb3dfafa708ac36ff5b5fb2d215b77f5189e37ae94ea9afe8470831770580,e0c1288a22ea2cf3abde9f2c0887f795fe4c2e7d6f705d077ac9a8a819518e6d,source_tree_sha256,030d6bb049591fda35c4e54df090bbc50eb1e12d8482c28cc71dffec7cef6fa0
2022-05-04,0,action_09,843,1506,843,500,1.686,True,2022-05-04__group_00,exp3-full-20260807T072340Z,full,False,primary,exp3,2eebb3dfafa708ac36ff5b5fb2d215b77f5189e37ae94ea9afe8470831770580,e0c1288a22ea2cf3abde9f2c0887f795fe4c2e7d6f705d077ac9a8a819518e6d,source_tree_sha256,030d6bb049591fda35c4e54df090bbc50eb1e12d8482c28cc71dffec7cef6fa0
2022-05-04,0,action_10,1235,2520,1235,500,2.47,True,2022-05-04__group_00,exp3-full-20260807T072340Z,full,False,primary,exp3,2eebb3dfafa708ac36ff5b5fb2d215b77f5189e37ae94ea9afe8470831770580,e0c1288a22ea2cf3abde9f2c0887f795fe4c2e7d6f705d077ac9a8a819518e6d,source_tree_sha256,030d6bb049591fda35c4e54df090bbc50eb1e12d8482c28cc71dffec7cef6fa0
2022-05-04,0,action_11,1129,1651,1129,500,2.258,True,2022-05-04__group_00,exp3-full-20260807T072340Z,full,False,primary,exp3,2eebb3dfafa708ac36ff5b5fb2d215b77f5189e37ae94ea9afe8470831770580,e0c1288a22ea2cf3abde9f2c0887f795fe4c2e7d6f705d077ac9a8a819518e6d,source_tree_sha256,030d6bb049591fda35c4e54df090bbc50eb1e12d8482c28cc71dffec7cef6fa0
2022-05-04,0,action_12,1206,1830,1206,500,2.412,True,2022-05-04__group_00,exp3-full-20260807T072340Z,full,False,primary,exp3,2eebb3dfafa708ac36ff5b5fb2d215b77f5189e37ae94ea9afe8470831770580,e0c1288a22ea2cf3abde9f2c0887f795fe4c2e7d6f705d077ac9a8a819518e6d,source_tree_sha256,030d6bb049591fda35c4e54df090bbc50eb1e12d8482c28cc71dffec7cef6fa0
2022-05-04,0,action_13,1142,1232,1142,500,2.284,True,2022-05-04__group_00,exp3-full-20260807T072340Z,full,False,primary,exp3,2eebb3dfafa708ac36ff5b5fb2d215b77f5189e37ae94ea9afe8470831770580,e0c1288a22ea2cf3abde9f2c0887f795fe4c2e7d6f705d077ac9a8a819518e6d,source_tree_sha256,030d6bb049591fda35c4e54df090bbc50eb1e12d8482c28cc71dffec7cef6fa0
2022-05-04,0,action_14,538,1210,538,500,1.076,True,2022-05-04__group_00,exp3-full-20260807T072340Z,full,False,primary,exp3,2eebb3dfafa708ac36ff5b5fb2d215b77f5189e37ae94ea9afe8470831770580,e0c1288a22ea2cf3abde9f2c0887f795fe4c2e7d6f705d077ac9a8a819518e6d,source_tree_sha256,030d6bb049591fda35c4e54df090bbc50eb1e12d8482c28cc71dffec7cef6fa0
2022-05-04,0,action_15,836,1286,836,500,1.672,True,2022-05-04__group_00,exp3-full-20260807T072340Z,full,False,primary,exp3,2eebb3dfafa708ac36ff5b5fb2d215b77f5189e37ae94ea9afe8470831770580,e0c1288a22ea2cf3abde9f2c0887f795fe4c2e7d6f705d077ac9a8a819518e6d,source_tree_sha256,030d6bb049591fda35c4e54df090bbc50eb1e12d8482c28cc71dffec7cef6fa0
2022-05-04,0,action_16,656,1444,656,500,1.312,True,2022-05-04__group_00,exp3-full-20260807T072340Z,full,False,primary,exp3,2eebb3dfafa708ac36ff5b5fb2d215b77f5189e37ae94ea9afe8470831770580,e0c1288a22ea2cf3abde9f2c0887f795fe4c2e7d6f705d077ac9a8a819518e6d,source_tree_sha256,030d6bb049591fda35c4e54df090bbc50eb1e12d8482c28cc71dffec7cef6fa0
2022-05-04,0,action_17,697,787,697,500,1.394,True,2022-05-04__group_00,exp3-full-20260807T072340Z,full,False,primary,exp3,2eebb3dfafa708ac36ff5b5fb2d215b77f5189e37ae94ea9afe8470831770580,e0c1288a22ea2cf3abde9f2c0887f795fe4c2e7d6f705d077ac9a8a819518e6d,source_tree_sha256,030d6bb049591fda35c4e54df090bbc50eb1e12d8482c28cc71dffec7cef6fa0
2022-05-04,0,action_18,796,1058,796,500,1.592,True,2022-05-04__group_00,exp3-full-20260807T072340Z,full,False,primary,exp3,2eebb3dfafa708ac36ff5b5fb2d215b77f5189e37ae94ea9afe8470831770580,e0c1288a22ea2cf3abde9f2c0887f795fe4c2e7d6f705d077ac9a8a819518e6d,source_tree_sha256,030d6bb049591fda35c4e54df090bbc50eb1e12d8482c28cc71dffec7cef6fa0
2022-05-04,0,action_19,505,886,505,500,1.01,True,2022-05-04__group_00,exp3-full-20260807T072340Z,full,False,primary,exp3,2eebb3dfafa708ac36ff5b5fb2d215b77f5189e37ae94ea9afe8470831770580,e0c1288a22ea2cf3abde9f2c0887f795fe4c2e7d6f705d077ac9a8a819518e6d,source_tree_sha256,030d6bb049591fda35c4e54df090bbc50eb1e12d8482c28cc71dffec7cef6fa0
2022-05-04,0,action_20,336,678,336,500,0.672,False,2022-05-04__group_00,exp3-full-20260807T072340Z,full,False,primary,exp3,2eebb3dfafa708ac36ff5b5fb2d215b77f5189e37ae94ea9afe8470831770580,e0c1288a22ea2cf3abde9f2c0887f795fe4c2e7d6f705d077ac9a8a819518e6d,source_tree_sha256,030d6bb049591fda35c4e54df090bbc50eb1e12d8482c28cc71dffec7cef6fa0
2022-05-04,1,action_01,6787,5485,5485,500,10.97,True,2022-05-04__group_01,exp3-full-20260807T072340Z,full,False,primary,exp3,2eebb3dfafa708ac36ff5b5fb2d215b77f5189e37ae94ea9afe8470831770580,e0c1288a22ea2cf3abde9f2c0887f795fe4c2e7d6f705d077ac9a8a819518e6d,source_tree_sha256,030d6bb049591fda35c4e54df090bbc50eb1e12d8482c28cc71dffec7cef6fa0
2022-05-04,1,action_02,2499,2169,2169,500,4.338,True,2022-05-04__group_01,exp3-full-20260807T072340Z,full,False,primary,exp3,2eebb3dfafa708ac36ff5b5fb2d215b77f5189e37ae94ea9afe8470831770580,e0c1288a22ea2cf3abde9f2c0887f795fe4c2e7d6f705d077ac9a8a819518e6d,source_tree_sha256,030d6bb049591fda35c4e54df090bbc50eb1e12d8482c28cc71dffec7cef6fa0
2022-05-04,1,action_03,3616,2663,2663,500,5.326,True,2022-05-04__group_01,exp3-full-20260807T072340Z,full,False,primary,exp3,2eebb3dfafa708ac36ff5b5fb2d215b77f5189e37ae94ea9afe8470831770580,e0c1288a22ea2cf3abde9f2c0887f795fe4c2e7d6f705d077ac9a8a819518e6d,source_tree_sha256,030d6bb049591fda35c4e54df090bbc50eb1e12d8482c28cc71dffec7cef6fa0
2022-05-04,1,action_04,3216,2958,2958,500,5.916,True,2022-05-04__group_01,exp3-full-20260807T072340Z,full,False,primary,exp3,2eebb3dfafa708ac36ff5b5fb2d215b77f5189e37ae94ea9afe8470831770580,e0c1288a22ea2cf3abde9f2c0887f795fe4c2e7d6f705d077ac9a8a819518e6d,source_tree_sha256,030d6bb049591fda35c4e54df090bbc50eb1e12d8482c28cc71dffec7cef6fa0
2022-05-04,1,action_05,2459,2573,2459,500,4.918,True,2022-05-04__group_01,exp3-full-20260807T072340Z,full,False,primary,exp3,2eebb3dfafa708ac36ff5b5fb2d215b77f5189e37ae94ea9afe8470831770580,e0c1288a22ea2cf3abde9f2c0887f795fe4c2e7d6f705d077ac9a8a819518e6d,source_tree_sha256,030d6bb049591fda35c4e54df090bbc50eb1e12d8482c28cc71dffec7cef6fa0
2022-05-04,1,action_06,901,1853,901,500,1.802,True,2022-05-04__group_01,exp3-full-20260807T072340Z,full,False,primary,exp3,2eebb3dfafa708ac36ff5b5fb2d215b77f5189e37ae94ea9afe8470831770580,e0c1288a22ea2cf3abde9f2c0887f795fe4c2e7d6f705d077ac9a8a819518e6d,source_tree_sha256,030d6bb049591fda35c4e54df090bbc50eb1e12d8482c28cc71dffec7cef6fa0
2022-05-04,1,action_07,2342,2054,2054,500,4.108,True,2022-05-04__group_01,exp3-full-20260807T072340Z,full,False,primary,exp3,2eebb3dfafa708ac36ff5b5fb2d215b77f5189e37ae94ea9afe8470831770580,e0c1288a22ea2cf3abde9f2c0887f795fe4c2e7d6f705d077ac9a8a819518e6d,source_tree_sha256,030d6bb049591fda35c4e54df090bbc50eb1e12d8482c28cc71dffec7cef6fa0
2022-05-04,1,action_08,2327,2090,2090,500,4.18,True,2022-05-04__group_01,exp3-full-20260807T072340Z,full,False,primary,exp3,2eebb3dfafa708ac36ff5b5fb2d215b77f5189e37ae94ea9afe8470831770580,e0c1288a22ea2cf3abde9f2c0887f795fe4c2e7d6f705d077ac9a8a819518e6d,source_tree_sha256,030d6bb049591fda35c4e54df090bbc50eb1e12d8482c28cc71dffec7cef6fa0
2022-05-04,1,action_09,1711,1537,1537,500,3.074,True,2022-05-04__group_01,exp3-full-20260807T072340Z,full,False,primary,exp3,2eebb3dfafa708ac36ff5b5fb2d215b77f5189e37ae94ea9afe8470831770580,e0c1288a22ea2cf3abde9f2c0887f795fe4c2e7d6f705d077ac9a8a819518e6d,source_tree_sha256,030d6bb049591fda35c4e54df090bbc50eb1e12d8482c28cc71dffec7cef6fa0
2022-05-04,1,action_10,1944,1133,1133,500,2.266,True,2022-05-04__group_01,exp3-full-20260807T072340Z,full,False,primary,exp3,2eebb3dfafa708ac36ff5b5fb2d215b77f5189e37ae94ea9afe8470831770580,e0c1288a22ea2cf3abde9f2c0887f795fe4c2e7d6f705d077ac9a8a819518e6d,source_tree_sha256,030d6bb049591fda35c4e54df090bbc50eb1e12d8482c28cc71dffec7cef6fa0
2022-05-04,1,action_11,1301,1434,1301,500,2.602,True,2022-05-04__group_01,exp3-full-20260807T072340Z,full,False,primary,exp3,2eebb3dfafa708ac36ff5b5fb2d215b77f5189e37ae94ea9afe8470831770580,e0c1288a22ea2cf3abde9f2c0887f795fe4c2e7d6f705d077ac9a8a819518e6d,source_tree_sha256,030d6bb049591fda35c4e54df090bbc50eb1e12d8482c28cc71dffec7cef6fa0
2022-05-04,1,action_12,888,1062,888,500,1.776,True,2022-05-04__group_01,exp3-full-20260807T072340Z,full,False,primary,exp3,2eebb3dfafa708ac36ff5b5fb2d215b77f5189e37ae94ea9afe8470831770580,e0c1288a22ea2cf3abde9f2c0887f795fe4c2e7d6f705d077ac9a8a819518e6d,source_tree_sha256,030d6bb049591fda35c4e54df090bbc50eb1e12d8482c28cc71dffec7cef6fa0
2022-05-04,1,action_13,1124,927,927,500,1.854,True,2022-05-04__group_01,exp3-full-20260807T072340Z,full,False,primary,exp3,2eebb3dfafa708ac36ff5b5fb2d215b77f5189e37ae94ea9afe8470831770580,e0c1288a22ea2cf3abde9f2c0887f795fe4c2e7d6f705d077ac9a8a819518e6d,source_tree_sha256,030d6bb049591fda35c4e54df090bbc50eb1e12d8482c28cc71dffec7cef6fa0
2022-05-04,1,action_14,1319,882,882,500,1.764,True,2022-05-04__group_01,exp3-full-20260807T072340Z,full,False,primary,exp3,2eebb3dfafa708ac36ff5b5fb2d215b77f5189e37ae94ea9afe8470831770580,e0c1288a22ea2cf3abde9f2c0887f795fe4c2e7d6f705d077ac9a8a819518e6d,source_tree_sha256,030d6bb049591fda35c4e54df090bbc50eb1e12d8482c28cc71dffec7cef6fa0
2022-05-04,1,action_15,1429,1263,1263,500,2.526,True,2022-05-04__group_01,exp3-full-20260807T072340Z,full,False,primary,exp3,2eebb3dfafa708ac36ff5b5fb2d215b77f5189e37ae94ea9afe8470831770580,e0c1288a22ea2cf3abde9f2c0887f795fe4c2e7d6f705d077ac9a8a819518e6d,source_tree_sha256,030d6bb049591fda35c4e54df090bbc50eb1e12d8482c28cc71dffec7cef6fa0
2022-05-04,1,action_16,1140,1025,1025,500,2.05,True,2022-05-04__group_01,exp3-full-20260807T072340Z,full,False,primary,exp3,2eebb3dfafa708ac36ff5b5fb2d215b77f5189e37ae94ea9afe8470831770580,e0c1288a22ea2cf3abde9f2c0887f795fe4c2e7d6f705d077ac9a8a819518e6d,source_tree_sha256,030d6bb049591fda35c4e54df090bbc50eb1e12d8482c28cc71dffec7cef6fa0
2022-05-04,1,action_17,1035,1142,1035,500,2.07,True,2022-05-04__group_01,exp3-full-20260807T072340Z,full,False,primary,exp3,2eebb3dfafa708ac36ff5b5fb2d215b77f5189e37ae94ea9afe8470831770580,e0c1288a22ea2cf3abde9f2c0887f795fe4c2e7d6f705d077ac9a8a819518e6d,source_tree_sha256,030d6bb049591fda35c4e54df090bbc50eb1e12d8482c28cc71dffec7cef6fa0
2022-05-04,1,action_18,996,720,720,500,1.44,True,2022-05-04__group_01,exp3-full-20260807T072340Z,full,False,primary,exp3,2eebb3dfafa708ac36ff5b5fb2d215b77f5189e37ae94ea9afe8470831770580,e0c1288a22ea2cf3abde9f2c0887f795fe4c2e7d6f705d077ac9a8a819518e6d,source_tree_sha256,030d6bb049591fda35c4e54df090bbc50eb1e12d8482c28cc71dffec7cef6fa0
2022-05-04,1,action_19,996,803,803,500,1.606,True,2022-05-04__group_01,exp3-full-20260807T072340Z,full,False,primary,exp3,2eebb3dfafa708ac36ff5b5fb2d215b77f5189e37ae94ea9afe8470831770580,e0c1288a22ea2cf3abde9f2c0887f795fe4c2e7d6f705d077ac9a8a819518e6d,source_tree_sha256,030d6bb049591fda35c4e54df090bbc50eb1e12d8482c28cc71dffec7cef6fa0
2022-05-04,1,action_20,1045,841,841,500,1.682,True,2022-05-04__group_01,exp3-full-20260807T072340Z,full,False,primary,exp3,2eebb3dfafa708ac36ff5b5fb2d215b77f5189e37ae94ea9afe8470831770580,e0c1288a22ea2cf3abde9f2c0887f795fe4c2e7d6f705d077ac9a8a819518e6d,source_tree_sha256,030d6bb049591fda35c4e54df090bbc50eb1e12d8482c28cc71dffec7cef6fa0
2022-05-04,2,action_01,6195,3857,3857,500,7.714,True,2022-05-04__group_02,exp3-full-20260807T072340Z,full,False,primary,exp3,2eebb3dfafa708ac36ff5b5fb2d215b77f5189e37ae94ea9afe8470831770580,e0c1288a22ea2cf3abde9f2c0887f795fe4c2e7d6f705d077ac9a8a819518e6d,source_tree_sha256,030d6bb049591fda35c4e54df090bbc50eb1e12d8482c28cc71dffec7cef6fa0
2022-05-04,2,action_02,2646,1948,1948,500,3.896,True,2022-05-04__group_02,exp3-full-20260807T072340Z,full,False,primary,exp3,2eebb3dfafa708ac36ff5b5fb2d215b77f5189e37ae94ea9afe8470831770580,e0c1288a22ea2cf3abde9f2c0887f795fe4c2e7d6f705d077ac9a8a819518e6d,source_tree_sha256,030d6bb049591fda35c4e54df090bbc50eb1e12d8482c28cc71dffec7cef6fa0
2022-05-04,2,action_03,3077,2378,2378,500,4.756,True,2022-05-04__group_02,exp3-full-20260807T072340Z,full,False,primary,exp3,2eebb3dfafa708ac36ff5b5fb2d215b77f5189e37ae94ea9afe8470831770580,e0c1288a22ea2cf3abde9f2c0887f795fe4c2e7d6f705d077ac9a8a819518e6d,source_tree_sha256,030d6bb049591fda35c4e54df090bbc50eb1e12d8482c28cc71dffec7cef6fa0
2022-05-04,2,action_04,2294,1839,1839,500,3.678,True,2022-05-04__group_02,exp3-full-20260807T072340Z,full,False,primary,exp3,2eebb3dfafa708ac36ff5b5fb2d215b77f5189e37ae94ea9afe8470831770580,e0c1288a22ea2cf3abde9f2c0887f795fe4c2e7d6f705d077ac9a8a819518e6d,source_tree_sha256,030d6bb049591fda35c4e54df090bbc50eb1e12d8482c28cc71dffec7cef6fa0
2022-05-04,2,action_05,2215,1742,1742,500,3.484,True,2022-05-04__group_02,exp3-full-20260807T072340Z,full,False,primary,exp3,2eebb3dfafa708ac36ff5b5fb2d215b77f5189e37ae94ea9afe8470831770580,e0c1288a22ea2cf3abde9f2c0887f795fe4c2e7d6f705d077ac9a8a819518e6d,source_tree_sha256,030d6bb049591fda35c4e54df090bbc50eb1e12d8482c28cc71dffec7cef6fa0
2022-05-04,2,action_06,2244,2086,2086,500,4.172,True,2022-05-04__group_02,exp3-full-20260807T072340Z,full,False,primary,exp3,2eebb3dfafa708ac36ff5b5fb2d215b77f5189e37ae94ea9afe8470831770580,e0c1288a22ea2cf3abde9f2c0887f795fe4c2e7d6f705d077ac9a8a819518e6d,source_tree_sha256,030d6bb049591fda35c4e54df090bbc50eb1e12d8482c28cc71dffec7cef6fa0
2022-05-04,2,action_07,1925,1454,1454,500,2.908,True,2022-05-04__group_02,exp3-full-20260807T072340Z,full,False,primary,exp3,2eebb3dfafa708ac36ff5b5fb2d215b77f5189e37ae94ea9afe8470831770580,e0c1288a22ea2cf3abde9f2c0887f795fe4c2e7d6f705d077ac9a8a819518e6d,source_tree_sha256,030d6bb049591fda35c4e54df090bbc50eb1e12d8482c28cc71dffec7cef6fa0
2022-05-04,2,action_08,2480,1652,1652,500,3.304,True,2022-05-04__group_02,exp3-full-20260807T072340Z,full,False,primary,exp3,2eebb3dfafa708ac36ff5b5fb2d215b77f5189e37ae94ea9afe8470831770580,e0c1288a22ea2cf3abde9f2c0887f795fe4c2e7d6f705d077ac9a8a819518e6d,source_tree_sha256,030d6bb049591fda35c4e54df090bbc50eb1e12d8482c28cc71dffec7cef6fa0
2022-05-04,2,action_09,1471,1528,1471,500,2.942,True,2022-05-04__group_02,exp3-full-20260807T072340Z,full,False,primary,exp3,2eebb3dfafa708ac36ff5b5fb2d215b77f5189e37ae94ea9afe8470831770580,e0c1288a22ea2cf3abde9f2c0887f795fe4c2e7d6f705d077ac9a8a819518e6d,source_tree_sha256,030d6bb049591fda35c4e54df090bbc50eb1e12d8482c28cc71dffec7cef6fa0
2022-05-04,2,action_10,1310,1211,1211,500,2.422,True,2022-05-04__group_02,exp3-full-20260807T072340Z,full,False,primary,exp3,2eebb3dfafa708ac36ff5b5fb2d215b77f5189e37ae94ea9afe8470831770580,e0c1288a22ea2cf3abde9f2c0887f795fe4c2e7d6f705d077ac9a8a819518e6d,source_tree_sha256,030d6bb049591fda35c4e54df090bbc50eb1e12d8482c28cc71dffec7cef6fa0
2022-05-04,2,action_11,1393,1204,1204,500,2.408,True,2022-05-04__group_02,exp3-full-20260807T072340Z,full,False,primary,exp3,2eebb3dfafa708ac36ff5b5fb2d215b77f5189e37ae94ea9afe8470831770580,e0c1288a22ea2cf3abde9f2c0887f795fe4c2e7d6f705d077ac9a8a819518e6d,source_tree_sha256,030d6bb049591fda35c4e54df090bbc50eb1e12d8482c28cc71dffec7cef6fa0
2022-05-04,2,action_12,966,1325,966,500,1.932,True,2022-05-04__group_02,exp3-full-20260807T072340Z,full,False,primary,exp3,2eebb3dfafa708ac36ff5b5fb2d215b77f5189e37ae94ea9afe8470831770580,e0c1288a22ea2cf3abde9f2c0887f795fe4c2e7d6f705d077ac9a8a819518e6d,source_tree_sha256,030d6bb049591fda35c4e54df090bbc50eb1e12d8482c28cc71dffec7cef6fa0
2022-05-04,2,action_13,1287,858,858,500,1.716,True,2022-05-04__group_02,exp3-full-20260807T072340Z,full,False,primary,exp3,2eebb3dfafa708ac36ff5b5fb2d215b77f5189e37ae94ea9afe8470831770580,e0c1288a22ea2cf3abde9f2c0887f795fe4c2e7d6f705d077ac9a8a819518e6d,source_tree_sha256,030d6bb049591fda35c4e54df090bbc50eb1e12d8482c28cc71dffec7cef6fa0
2022-05-04,2,action_14,943,750,750,500,1.5,True,2022-05-04__group_02,exp3-full-20260807T072340Z,full,False,primary,exp3,2eebb3dfafa708ac36ff5b5fb2d215b77f5189e37ae94ea9afe8470831770580,e0c1288a22ea2cf3abde9f2c0887f795fe4c2e7d6f705d077ac9a8a819518e6d,source_tree_sha256,030d6bb049591fda35c4e54df090bbc50eb1e12d8482c28cc71dffec7cef6fa0
2022-05-04,2,action_15,897,602,602,500,1.204,True,2022-05-04__group_02,exp3-full-20260807T072340Z,full,False,primary,exp3,2eebb3dfafa708ac36ff5b5fb2d215b77f5189e37ae94ea9afe8470831770580,e0c1288a22ea2cf3abde9f2c0887f795fe4c2e7d6f705d077ac9a8a819518e6d,source_tree_sha256,030d6bb049591fda35c4e54df090bbc50eb1e12d8482c28cc71dffec7cef6fa0
2022-05-04,2,action_16,841,691,691,500,1.382,True,2022-05-04__group_02,exp3-full-20260807T072340Z,full,False,primary,exp3,2eebb3dfafa708ac36ff5b5fb2d215b77f5189e37ae94ea9afe8470831770580,e0c1288a22ea2cf3abde9f2c0887f795fe4c2e7d6f705d077ac9a8a819518e6d,source_tree_sha256,030d6bb049591fda35c4e54df090bbc50eb1e12d8482c28cc71dffec7cef6fa0
2022-05-04,2,action_17,905,803,803,500,1.606,True,2022-05-04__group_02,exp3-full-20260807T072340Z,full,False,primary,exp3,2eebb3dfafa708ac36ff5b5fb2d215b77f5189e37ae94ea9afe8470831770580,e0c1288a22ea2cf3abde9f2c0887f795fe4c2e7d6f705d077ac9a8a819518e6d,source_tree_sha256,030d6bb049591fda35c4e54df090bbc50eb1e12d8482c28cc71dffec7cef6fa0
2022-05-04,2,action_18,785,606,606,500,1.212,True,2022-05-04__group_02,exp3-full-20260807T072340Z,full,False,primary,exp3,2eebb3dfafa708ac36ff5b5fb2d215b77f5189e37ae94ea9afe8470831770580,e0c1288a22ea2cf3abde9f2c0887f795fe4c2e7d6f705d077ac9a8a819518e6d,source_tree_sha256,030d6bb049591fda35c4e54df090bbc50eb1e12d8482c28cc71dffec7cef6fa0
2022-05-04,2,action_19,947,578,578,500,1.156,True,2022-05-04__group_02,exp3-full-20260807T072340Z,full,False,primary,exp3,2eebb3dfafa708ac36ff5b5fb2d215b77f5189e37ae94ea9afe8470831770580,e0c1288a22ea2cf3abde9f2c0887f795fe4c2e7d6f705d077ac9a8a819518e6d,source_tree_sha256,030d6bb049591fda35c4e54df090bbc50eb1e12d8482c28cc71dffec7cef6fa0
2022-05-04,2,action_20,595,422,422,500,0.844,False,2022-05-04__group_02,exp3-full-20260807T072340Z,full,False,primary,exp3,2eebb3dfafa708ac36ff5b5fb2d215b77f5189e37ae94ea9afe8470831770580,e0c1288a22ea2cf3abde9f2c0887f795fe4c2e7d6f705d077ac9a8a819518e6d,source_tree_sha256,030d6bb049591fda35c4e54df090bbc50eb1e12d8482c28cc71dffec7cef6fa0
2022-05-04,3,action_01,4154,4262,4154,500,8.308,True,2022-05-04__group_03,exp3-full-20260807T072340Z,full,False,primary,exp3,2eebb3dfafa708ac36ff5b5fb2d215b77f5189e37ae94ea9afe8470831770580,e0c1288a22ea2cf3abde9f2c0887f795fe4c2e7d6f705d077ac9a8a819518e6d,source_tree_sha256,030d6bb049591fda35c4e54df090bbc50eb1e12d8482c28cc71dffec7cef6fa0
2022-05-04,3,action_02,2348,1686,1686,500,3.372,True,2022-05-04__group_03,exp3-full-20260807T072340Z,full,False,primary,exp3,2eebb3dfafa708ac36ff5b5fb2d215b77f5189e37ae94ea9afe8470831770580,e0c1288a22ea2cf3abde9f2c0887f795fe4c2e7d6f705d077ac9a8a819518e6d,source_tree_sha256,030d6bb049591fda35c4e54df090bbc50eb1e12d8482c28cc71dffec7cef6fa0
2022-05-04,3,action_03,2529,2329,2329,500,4.658,True,2022-05-04__group_03,exp3-full-20260807T072340Z,full,False,primary,exp3,2eebb3dfafa708ac36ff5b5fb2d215b77f5189e37ae94ea9afe8470831770580,e0c1288a22ea2cf3abde9f2c0887f795fe4c2e7d6f705d077ac9a8a819518e6d,source_tree_sha256,030d6bb049591fda35c4e54df090bbc50eb1e12d8482c28cc71dffec7cef6fa0
2022-05-04,3,action_04,1750,1856,1750,500,3.5,True,2022-05-04__group_03,exp3-full-20260807T072340Z,full,False,primary,exp3,2eebb3dfafa708ac36ff5b5fb2d215b77f5189e37ae94ea9afe8470831770580,e0c1288a22ea2cf3abde9f2c0887f795fe4c2e7d6f705d077ac9a8a819518e6d,source_tree_sha256,030d6bb049591fda35c4e54df090bbc50eb1e12d8482c28cc71dffec7cef6fa0
2022-05-04,3,action_05,2015,1550,1550,500,3.1,True,2022-05-04__group_03,exp3-full-20260807T072340Z,full,False,primary,exp3,2eebb3dfafa708ac36ff5b5fb2d215b77f5189e37ae94ea9afe8470831770580,e0c1288a22ea2cf3abde9f2c0887f795fe4c2e7d6f705d077ac9a8a819518e6d,source_tree_sha256,030d6bb049591fda35c4e54df090bbc50eb1e12d8482c28cc71dffec7cef6fa0
2022-05-04,3,action_06,2211,1718,1718,500,3.436,True,2022-05-04__group_03,exp3-full-20260807T072340Z,full,False,primary,exp3,2eebb3dfafa708ac36ff5b5fb2d215b77f5189e37ae94ea9afe8470831770580,e0c1288a22ea2cf3abde9f2c0887f795fe4c2e7d6f705d077ac9a8a819518e6d,source_tree_sha256,030d6bb049591fda35c4e54df090bbc50eb1e12d8482c28cc71dffec7cef6fa0
2022-05-04,3,action_07,1471,1443,1443,500,2.886,True,2022-05-04__group_03,exp3-full-20260807T072340Z,full,False,primary,exp3,2eebb3dfafa708ac36ff5b5fb2d215b77f5189e37ae94ea9afe8470831770580,e0c1288a22ea2cf3abde9f2c0887f795fe4c2e7d6f705d077ac9a8a819518e6d,source_tree_sha256,030d6bb049591fda35c4e54df090bbc50eb1e12d8482c28cc71dffec7cef6fa0
2022-05-04,3,action_08,1966,1802,1802,500,3.604,True,2022-05-04__group_03,exp3-full-20260807T072340Z,full,False,primary,exp3,2eebb3dfafa708ac36ff5b5fb2d215b77f5189e37ae94ea9afe8470831770580,e0c1288a22ea2cf3abde9f2c0887f795fe4c2e7d6f705d077ac9a8a819518e6d,source_tree_sha256,030d6bb049591fda35c4e54df090bbc50eb1e12d8482c28cc71dffec7cef6fa0
2022-05-04,3,action_09,924,805,805,500,1.61,True,2022-05-04__group_03,exp3-full-20260807T072340Z,full,False,primary,exp3,2eebb3dfafa708ac36ff5b5fb2d215b77f5189e37ae94ea9afe8470831770580,e0c1288a22ea2cf3abde9f2c0887f795fe4c2e7d6f705d077ac9a8a819518e6d,source_tree_sha256,030d6bb049591fda35c4e54df090bbc50eb1e12d8482c28cc71dffec7cef6fa0
2022-05-04,3,action_10,996,860,860,500,1.72,True,2022-05-04__group_03,exp3-full-20260807T072340Z,full,False,primary,exp3,2eebb3dfafa708ac36ff5b5fb2d215b77f5189e37ae94ea9afe8470831770580,e0c1288a22ea2cf3abde9f2c0887f795fe4c2e7d6f705d077ac9a8a819518e6d,source_tree_sha256,030d6bb049591fda35c4e54df090bbc50eb1e12d8482c28cc71dffec7cef6fa0
2022-05-04,3,action_11,802,726,726,500,1.452,True,2022-05-04__group_03,exp3-full-20260807T072340Z,full,False,primary,exp3,2eebb3dfafa708ac36ff5b5fb2d215b77f5189e37ae94ea9afe8470831770580,e0c1288a22ea2cf3abde9f2c0887f795fe4c2e7d6f705d077ac9a8a819518e6d,source_tree_sha256,030d6bb049591fda35c4e54df090bbc50eb1e12d8482c28cc71dffec7cef6fa0
2022-05-04,3,action_12,835,782,782,500,1.564,True,2022-05-04__group_03,exp3-full-20260807T072340Z,full,False,primary,exp3,2eebb3dfafa708ac36ff5b5fb2d215b77f5189e37ae94ea9afe8470831770580,e0c1288a22ea2cf3abde9f2c0887f795fe4c2e7d6f705d077ac9a8a819518e6d,source_tree_sha256,030d6bb049591fda35c4e54df090bbc50eb1e12d8482c28cc71dffec7cef6fa0
2022-05-04,3,action_13,982,1018,982,500,1.964,True,2022-05-04__group_03,exp3-full-20260807T072340Z,full,False,primary,exp3,2eebb3dfafa708ac36ff5b5fb2d215b77f5189e37ae94ea9afe8470831770580,e0c1288a22ea2cf3abde9f2c0887f795fe4c2e7d6f705d077ac9a8a819518e6d,source_tree_sha256,030d6bb049591fda35c4e54df090bbc50eb1e12d8482c28cc71dffec7cef6fa0
2022-05-04,3,action_14,893,752,752,500,1.504,True,2022-05-04__group_03,exp3-full-20260807T072340Z,full,False,primary,exp3,2eebb3dfafa708ac36ff5b5fb2d215b77f5189e37ae94ea9afe8470831770580,e0c1288a22ea2cf3abde9f2c0887f795fe4c2e7d6f705d077ac9a8a819518e6d,source_tree_sha256,030d6bb049591fda35c4e54df090bbc50eb1e12d8482c28cc71dffec7cef6fa0
2022-05-04,3,action_15,707,781,707,500,1.414,True,2022-05-04__group_03,exp3-full-20260807T072340Z,full,False,primary,exp3,2eebb3dfafa708ac36ff5b5fb2d215b77f5189e37ae94ea9afe8470831770580,e0c1288a22ea2cf3abde9f2c0887f795fe4c2e7d6f705d077ac9a8a819518e6d,source_tree_sha256,030d6bb049591fda35c4e54df090bbc50eb1e12d8482c28cc71dffec7cef6fa0
2022-05-04,3,action_16,1018,921,921,500,1.842,True,2022-05-04__group_03,exp3-full-20260807T072340Z,full,False,primary,exp3,2eebb3dfafa708ac36ff5b5fb2d215b77f5189e37ae94ea9afe8470831770580,e0c1288a22ea2cf3abde9f2c0887f795fe4c2e7d6f705d077ac9a8a819518e6d,source_tree_sha256,030d6bb049591fda35c4e54df090bbc50eb1e12d8482c28cc71dffec7cef6fa0
2022-05-04,3,action_17,955,556,556,500,1.112,True,2022-05-04__group_03,exp3-full-20260807T072340Z,full,False,primary,exp3,2eebb3dfafa708ac36ff5b5fb2d215b77f5189e37ae94ea9afe8470831770580,e0c1288a22ea2cf3abde9f2c0887f795fe4c2e7d6f705d077ac9a8a819518e6d,source_tree_sha256,030d6bb049591fda35c4e54df090bbc50eb1e12d8482c28cc71dffec7cef6fa0
2022-05-04,3,action_18,535,629,535,500,1.07,True,2022-05-04__group_03,exp3-full-20260807T072340Z,full,False,primary,exp3,2eebb3dfafa708ac36ff5b5fb2d215b77f5189e37ae94ea9afe8470831770580,e0c1288a22ea2cf3abde9f2c0887f795fe4c2e7d6f705d077ac9a8a819518e6d,source_tree_sha256,030d6bb049591fda35c4e54df090bbc50eb1e12d8482c28cc71dffec7cef6fa0
2022-05-04,3,action_19,494,484,484,500,0.968,False,2022-05-04__group_03,exp3-full-20260807T072340Z,full,False,primary,exp3,2eebb3dfafa708ac36ff5b5fb2d215b77f5189e37ae94ea9afe8470831770580,e0c1288a22ea2cf3abde9f2c0887f795fe4c2e7d6f705d077ac9a8a819518e6d,source_tree_sha256,030d6bb049591fda35c4e54df090bbc50eb1e12d8482c28cc71dffec7cef6fa0
2022-05-04,3,action_20,560,596,560,500,1.12,True,2022-05-04__group_03,exp3-full-20260807T072340Z,full,False,primary,exp3,2eebb3dfafa708ac36ff5b5fb2d215b77f5189e37ae94ea9afe8470831770580,e0c1288a22ea2cf3abde9f2c0887f795fe4c2e7d6f705d077ac9a8a819518e6d,source_tree_sha256,030d6bb049591fda35c4e54df090bbc50eb1e12d8482c28cc71dffec7cef6fa0
2022-05-04,4,action_01,4581,4264,4264,500,8.528,True,2022-05-04__group_04,exp3-full-20260807T072340Z,full,False,primary,exp3,2eebb3dfafa708ac36ff5b5fb2d215b77f5189e37ae94ea9afe8470831770580,e0c1288a22ea2cf3abde9f2c0887f795fe4c2e7d6f705d077ac9a8a819518e6d,source_tree_sha256,030d6bb049591fda35c4e54df090bbc50eb1e12d8482c28cc71dffec7cef6fa0
2022-05-04,4,action_02,2521,1749,1749,500,3.498,True,2022-05-04__group_04,exp3-full-20260807T072340Z,full,False,primary,exp3,2eebb3dfafa708ac36ff5b5fb2d215b77f5189e37ae94ea9afe8470831770580,e0c1288a22ea2cf3abde9f2c0887f795fe4c2e7d6f705d077ac9a8a819518e6d,source_tree_sha256,030d6bb049591fda35c4e54df090bbc50eb1e12d8482c28cc71dffec7cef6fa0
2022-05-04,4,action_03,2443,1833,1833,500,3.666,True,2022-05-04__group_04,exp3-full-20260807T072340Z,full,False,primary,exp3,2eebb3dfafa708ac36ff5b5fb2d215b77f5189e37ae94ea9afe8470831770580,e0c1288a22ea2cf3abde9f2c0887f795fe4c2e7d6f705d077ac9a8a819518e6d,source_tree_sha256,030d6bb049591fda35c4e54df090bbc50eb1e12d8482c28cc71dffec7cef6fa0
2022-05-04,4,action_04,2454,2527,2454,500,4.908,True,2022-05-04__group_04,exp3-full-20260807T072340Z,full,False,primary,exp3,2eebb3dfafa708ac36ff5b5fb2d215b77f5189e37ae94ea9afe8470831770580,e0c1288a22ea2cf3abde9f2c0887f795fe4c2e7d6f705d077ac9a8a819518e6d,source_tree_sha256,030d6bb049591fda35c4e54df090bbc50eb1e12d8482c28cc71dffec7cef6fa0
2022-05-04,4,action_05,2294,1536,1536,500,3.072,True,2022-05-04__group_04,exp3-full-20260807T072340Z,full,False,primary,exp3,2eebb3dfafa708ac36ff5b5fb2d215b77f5189e37ae94ea9afe8470831770580,e0c1288a22ea2cf3abde9f2c0887f795fe4c2e7d6f705d077ac9a8a819518e6d,source_tree_sha256,030d6bb049591fda35c4e54df090bbc50eb1e12d8482c28cc71dffec7cef6fa0
2022-05-04,4,action_06,2230,1923,1923,500,3.846,True,2022-05-04__group_04,exp3-full-20260807T072340Z,full,False,primary,exp3,2eebb3dfafa708ac36ff5b5fb2d215b77f5189e37ae94ea9afe8470831770580,e0c1288a22ea2cf3abde9f2c0887f795fe4c2e7d6f705d077ac9a8a819518e6d,source_tree_sha256,030d6bb049591fda35c4e54df090bbc50eb1e12d8482c28cc71dffec7cef6fa0
2022-05-04,4,action_07,2024,1396,1396,500,2.792,True,2022-05-04__group_04,exp3-full-20260807T072340Z,full,False,primary,exp3,2eebb3dfafa708ac36ff5b5fb2d215b77f5189e37ae94ea9afe8470831770580,e0c1288a22ea2cf3abde9f2c0887f795fe4c2e7d6f705d077ac9a8a819518e6d,source_tree_sha256,030d6bb049591fda35c4e54df090bbc50eb1e12d8482c28cc71dffec7cef6fa0
2022-05-04,4,action_08,1383,1421,1383,500,2.766,True,2022-05-04__group_04,exp3-full-20260807T072340Z,full,False,primary,exp3,2eebb3dfafa708ac36ff5b5fb2d215b77f5189e37ae94ea9afe8470831770580,e0c1288a22ea2cf3abde9f2c0887f795fe4c2e7d6f705d077ac9a8a819518e6d,source_tree_sha256,030d6bb049591fda35c4e54df090bbc50eb1e12d8482c28cc71dffec7cef6fa0
2022-05-04,4,action_09,1689,1214,1214,500,2.428,True,2022-05-04__group_04,exp3-full-20260807T072340Z,full,False,primary,exp3,2eebb3dfafa708ac36ff5b5fb2d215b77f5189e37ae94ea9afe8470831770580,e0c1288a22ea2cf3abde9f2c0887f795fe4c2e7d6f705d077ac9a8a819518e6d,source_tree_sha256,030d6bb049591fda35c4e54df090bbc50eb1e12d8482c28cc71dffec7cef6fa0
2022-05-04,4,action_10,1138,1022,1022,500,2.044,True,2022-05-04__group_04,exp3-full-20260807T072340Z,full,False,primary,exp3,2eebb3dfafa708ac36ff5b5fb2d215b77f5189e37ae94ea9afe8470831770580,e0c1288a22ea2cf3abde9f2c0887f795fe4c2e7d6f705d077ac9a8a819518e6d,source_tree_sha256,030d6bb049591fda35c4e54df090bbc50eb1e12d8482c28cc71dffec7cef6fa0
2022-05-04,4,action_11,1106,911,911,500,1.822,True,2022-05-04__group_04,exp3-full-20260807T072340Z,full,False,primary,exp3,2eebb3dfafa708ac36ff5b5fb2d215b77f5189e37ae94ea9afe8470831770580,e0c1288a22ea2cf3abde9f2c0887f795fe4c2e7d6f705d077ac9a8a819518e6d,source_tree_sha256,030d6bb049591fda35c4e54df090bbc50eb1e12d8482c28cc71dffec7cef6fa0
2022-05-04,4,action_12,713,845,713,500,1.426,True,2022-05-04__group_04,exp3-full-20260807T072340Z,full,False,primary,exp3,2eebb3dfafa708ac36ff5b5fb2d215b77f5189e37ae94ea9afe8470831770580,e0c1288a22ea2cf3abde9f2c0887f795fe4c2e7d6f705d077ac9a8a819518e6d,source_tree_sha256,030d6bb049591fda35c4e54df090bbc50eb1e12d8482c28cc71dffec7cef6fa0
2022-05-04,4,action_13,875,768,768,500,1.536,True,2022-05-04__group_04,exp3-full-20260807T072340Z,full,False,primary,exp3,2eebb3dfafa708ac36ff5b5fb2d215b77f5189e37ae94ea9afe8470831770580,e0c1288a22ea2cf3abde9f2c0887f795fe4c2e7d6f705d077ac9a8a819518e6d,source_tree_sha256,030d6bb049591fda35c4e54df090bbc50eb1e12d8482c28cc71dffec7cef6fa0
2022-05-04,4,action_14,930,543,543,500,1.086,True,2022-05-04__group_04,exp3-full-20260807T072340Z,full,False,primary,exp3,2eebb3dfafa708ac36ff5b5fb2d215b77f5189e37ae94ea9afe8470831770580,e0c1288a22ea2cf3abde9f2c0887f795fe4c2e7d6f705d077ac9a8a819518e6d,source_tree_sha256,030d6bb049591fda35c4e54df090bbc50eb1e12d8482c28cc71dffec7cef6fa0
2022-05-04,4,action_15,1367,758,758,500,1.516,True,2022-05-04__group_04,exp3-full-20260807T072340Z,full,False,primary,exp3,2eebb3dfafa708ac36ff5b5fb2d215b77f5189e37ae94ea9afe8470831770580,e0c1288a22ea2cf3abde9f2c0887f795fe4c2e7d6f705d077ac9a8a819518e6d,source_tree_sha256,030d6bb049591fda35c4e54df090bbc50eb1e12d8482c28cc71dffec7cef6fa0
2022-05-04,4,action_16,975,581,581,500,1.162,True,2022-05-04__group_04,exp3-full-20260807T072340Z,full,False,primary,exp3,2eebb3dfafa708ac36ff5b5fb2d215b77f5189e37ae94ea9afe8470831770580,e0c1288a22ea2cf3abde9f2c0887f795fe4c2e7d6f705d077ac9a8a819518e6d,source_tree_sha256,030d6bb049591fda35c4e54df090bbc50eb1e12d8482c28cc71dffec7cef6fa0
2022-05-04,4,action_17,891,652,652,500,1.304,True,2022-05-04__group_04,exp3-full-20260807T072340Z,full,False,primary,exp3,2eebb3dfafa708ac36ff5b5fb2d215b77f5189e37ae94ea9afe8470831770580,e0c1288a22ea2cf3abde9f2c0887f795fe4c2e7d6f705d077ac9a8a819518e6d,source_tree_sha256,030d6bb049591fda35c4e54df090bbc50eb1e12d8482c28cc71dffec7cef6fa0
2022-05-04,4,action_18,729,614,614,500,1.228,True,2022-05-04__group_04,exp3-full-20260807T072340Z,full,False,primary,exp3,2eebb3dfafa708ac36ff5b5fb2d215b77f5189e37ae94ea9afe8470831770580,e0c1288a22ea2cf3abde9f2c0887f795fe4c2e7d6f705d077ac9a8a819518e6d,source_tree_sha256,030d6bb049591fda35c4e54df090bbc50eb1e12d8482c28cc71dffec7cef6fa0
2022-05-04,4,action_19,676,715,676,500,1.352,True,2022-05-04__group_04,exp3-full-20260807T072340Z,full,False,primary,exp3,2eebb3dfafa708ac36ff5b5fb2d215b77f5189e37ae94ea9afe8470831770580,e0c1288a22ea2cf3abde9f2c0887f795fe4c2e7d6f705d077ac9a8a819518e6d,source_tree_sha256,030d6bb049591fda35c4e54df090bbc50eb1e12d8482c28cc71dffec7cef6fa0
2022-05-04,4,action_20,983,372,372,500,0.744,False,2022-05-04__group_04,exp3-full-20260807T072340Z,full,False,primary,exp3,2eebb3dfafa708ac36ff5b5fb2d215b77f5189e37ae94ea9afe8470831770580,e0c1288a22ea2cf3abde9f2c0887f795fe4c2e7d6f705d077ac9a8a819518e6d,source_tree_sha256,030d6bb049591fda35c4e54df090bbc50eb1e12d8482c28cc71dffec7cef6fa0
2022-05-05,0,action_01,4117,4662,4117,500,8.234,True,2022-05-05__group_00,exp3-full-20260807T072340Z,full,False,primary,exp3,2eebb3dfafa708ac36ff5b5fb2d215b77f5189e37ae94ea9afe8470831770580,e0c1288a22ea2cf3abde9f2c0887f795fe4c2e7d6f705d077ac9a8a819518e6d,source_tree_sha256,030d6bb049591fda35c4e54df090bbc50eb1e12d8482c28cc71dffec7cef6fa0
2022-05-05,0,action_02,1802,2850,1802,500,3.604,True,2022-05-05__group_00,exp3-full-20260807T072340Z,full,False,primary,exp3,2eebb3dfafa708ac36ff5b5fb2d215b77f5189e37ae94ea9afe8470831770580,e0c1288a22ea2cf3abde9f2c0887f795fe4c2e7d6f705d077ac9a8a819518e6d,source_tree_sha256,030d6bb049591fda35c4e54df090bbc50eb1e12d8482c28cc71dffec7cef6fa0
2022-05-05,0,action_03,2214,3286,2214,500,4.428,True,2022-05-05__group_00,exp3-full-20260807T072340Z,full,False,primary,exp3,2eebb3dfafa708ac36ff5b5fb2d215b77f5189e37ae94ea9afe8470831770580,e0c1288a22ea2cf3abde9f2c0887f795fe4c2e7d6f705d077ac9a8a819518e6d,source_tree_sha256,030d6bb049591fda35c4e54df090bbc50eb1e12d8482c28cc71dffec7cef6fa0
2022-05-05,0,action_04,2138,2724,2138,500,4.276,True,2022-05-05__group_00,exp3-full-20260807T072340Z,full,False,primary,exp3,2eebb3dfafa708ac36ff5b5fb2d215b77f5189e37ae94ea9afe8470831770580,e0c1288a22ea2cf3abde9f2c0887f795fe4c2e7d6f705d077ac9a8a819518e6d,source_tree_sha256,030d6bb049591fda35c4e54df090bbc50eb1e12d8482c28cc71dffec7cef6fa0
2022-05-05,0,action_05,1644,2534,1644,500,3.288,True,2022-05-05__group_00,exp3-full-20260807T072340Z,full,False,primary,exp3,2eebb3dfafa708ac36ff5b5fb2d215b77f5189e37ae94ea9afe8470831770580,e0c1288a22ea2cf3abde9f2c0887f795fe4c2e7d6f705d077ac9a8a819518e6d,source_tree_sha256,030d6bb049591fda35c4e54df090bbc50eb1e12d8482c28cc71dffec7cef6fa0
2022-05-05,0,action_06,2139,1717,1717,500,3.434,True,2022-05-05__group_00,exp3-full-20260807T072340Z,full,False,primary,exp3,2eebb3dfafa708ac36ff5b5fb2d215b77f5189e37ae94ea9afe8470831770580,e0c1288a22ea2cf3abde9f2c0887f795fe4c2e7d6f705d077ac9a8a819518e6d,source_tree_sha256,030d6bb049591fda35c4e54df090bbc50eb1e12d8482c28cc71dffec7cef6fa0
2022-05-05,0,action_07,1447,1743,1447,500,2.894,True,2022-05-05__group_00,exp3-full-20260807T072340Z,full,False,primary,exp3,2eebb3dfafa708ac36ff5b5fb2d215b77f5189e37ae94ea9afe8470831770580,e0c1288a22ea2cf3abde9f2c0887f795fe4c2e7d6f705d077ac9a8a819518e6d,source_tree_sha256,030d6bb049591fda35c4e54df090bbc50eb1e12d8482c28cc71dffec7cef6fa0
2022-05-05,0,action_08,1523,1867,1523,500,3.046,True,2022-05-05__group_00,exp3-full-20260807T072340Z,full,False,primary,exp3,2eebb3dfafa708ac36ff5b5fb2d215b77f5189e37ae94ea9afe8470831770580,e0c1288a22ea2cf3abde9f2c0887f795fe4c2e7d6f705d077ac9a8a819518e6d,source_tree_sha256,030d6bb049591fda35c4e54df090bbc50eb1e12d8482c28cc71dffec7cef6fa0
2022-05-05,0,action_09,1113,1345,1113,500,2.226,True,2022-05-05__group_00,exp3-full-20260807T072340Z,full,False,primary,exp3,2eebb3dfafa708ac36ff5b5fb2d215b77f5189e37ae94ea9afe8470831770580,e0c1288a22ea2cf3abde9f2c0887f795fe4c2e7d6f705d077ac9a8a819518e6d,source_tree_sha256,030d6bb049591fda35c4e54df090bbc50eb1e12d8482c28cc71dffec7cef6fa0
2022-05-05,0,action_10,1066,2447,1066,500,2.132,True,2022-05-05__group_00,exp3-full-20260807T072340Z,full,False,primary,exp3,2eebb3dfafa708ac36ff5b5fb2d215b77f5189e37ae94ea9afe8470831770580,e0c1288a22ea2cf3abde9f2c0887f795fe4c2e7d6f705d077ac9a8a819518e6d,source_tree_sha256,030d6bb049591fda35c4e54df090bbc50eb1e12d8482c28cc71dffec7cef6fa0
2022-05-05,0,action_11,940,1323,940,500,1.88,True,2022-05-05__group_00,exp3-full-20260807T072340Z,full,False,primary,exp3,2eebb3dfafa708ac36ff5b5fb2d215b77f5189e37ae94ea9afe8470831770580,e0c1288a22ea2cf3abde9f2c0887f795fe4c2e7d6f705d077ac9a8a819518e6d,source_tree_sha256,030d6bb049591fda35c4e54df090bbc50eb1e12d8482c28cc71dffec7cef6fa0
2022-05-05,0,action_12,872,885,872,500,1.744,True,2022-05-05__group_00,exp3-full-20260807T072340Z,full,False,primary,exp3,2eebb3dfafa708ac36ff5b5fb2d215b77f5189e37ae94ea9afe8470831770580,e0c1288a22ea2cf3abde9f2c0887f795fe4c2e7d6f705d077ac9a8a819518e6d,source_tree_sha256,030d6bb049591fda35c4e54df090bbc50eb1e12d8482c28cc71dffec7cef6fa0
2022-05-05,0,action_13,916,1000,916,500,1.832,True,2022-05-05__group_00,exp3-full-20260807T072340Z,full,False,primary,exp3,2eebb3dfafa708ac36ff5b5fb2d215b77f5189e37ae94ea9afe8470831770580,e0c1288a22ea2cf3abde9f2c0887f795fe4c2e7d6f705d077ac9a8a819518e6d,source_tree_sha256,030d6bb049591fda35c4e54df090bbc50eb1e12d8482c28cc71dffec7cef6fa0
2022-05-05,0,action_14,545,957,545,500,1.09,True,2022-05-05__group_00,exp3-full-20260807T072340Z,full,False,primary,exp3,2eebb3dfafa708ac36ff5b5fb2d215b77f5189e37ae94ea9afe8470831770580,e0c1288a22ea2cf3abde9f2c0887f795fe4c2e7d6f705d077ac9a8a819518e6d,source_tree_sha256,030d6bb049591fda35c4e54df090bbc50eb1e12d8482c28cc71dffec7cef6fa0
2022-05-05,0,action_15,680,1022,680,500,1.36,True,2022-05-05__group_00,exp3-full-20260807T072340Z,full,False,primary,exp3,2eebb3dfafa708ac36ff5b5fb2d215b77f5189e37ae94ea9afe8470831770580,e0c1288a22ea2cf3abde9f2c0887f795fe4c2e7d6f705d077ac9a8a819518e6d,source_tree_sha256,030d6bb049591fda35c4e54df090bbc50eb1e12d8482c28cc71dffec7cef6fa0
2022-05-05,0,action_16,662,1170,662,500,1.324,True,2022-05-05__group_00,exp3-full-20260807T072340Z,full,False,primary,exp3,2eebb3dfafa708ac36ff5b5fb2d215b77f5189e37ae94ea9afe8470831770580,e0c1288a22ea2cf3abde9f2c0887f795fe4c2e7d6f705d077ac9a8a819518e6d,source_tree_sha256,030d6bb049591fda35c4e54df090bbc50eb1e12d8482c28cc71dffec7cef6fa0
2022-05-05,0,action_17,793,1075,793,500,1.586,True,2022-05-05__group_00,exp3-full-20260807T072340Z,full,False,primary,exp3,2eebb3dfafa708ac36ff5b5fb2d215b77f5189e37ae94ea9afe8470831770580,e0c1288a22ea2cf3abde9f2c0887f795fe4c2e7d6f705d077ac9a8a819518e6d,source_tree_sha256,030d6bb049591fda35c4e54df090bbc50eb1e12d8482c28cc71dffec7cef6fa0
2022-05-05,0,action_18,666,676,666,500,1.332,True,2022-05-05__group_00,exp3-full-20260807T072340Z,full,False,primary,exp3,2eebb3dfafa708ac36ff5b5fb2d215b77f5189e37ae94ea9afe8470831770580,e0c1288a22ea2cf3abde9f2c0887f795fe4c2e7d6f705d077ac9a8a819518e6d,source_tree_sha256,030d6bb049591fda35c4e54df090bbc50eb1e12d8482c28cc71dffec7cef6fa0
2022-05-05,0,action_19,549,725,549,500,1.098,True,2022-05-05__group_00,exp3-full-20260807T072340Z,full,False,primary,exp3,2eebb3dfafa708ac36ff5b5fb2d215b77f5189e37ae94ea9afe8470831770580,e0c1288a22ea2cf3abde9f2c0887f795fe4c2e7d6f705d077ac9a8a819518e6d,source_tree_sha256,030d6bb049591fda35c4e54df090bbc50eb1e12d8482c28cc71dffec7cef6fa0
2022-05-05,0,action_20,338,682,338,500,0.676,False,2022-05-05__group_00,exp3-full-20260807T072340Z,full,False,primary,exp3,2eebb3dfafa708ac36ff5b5fb2d215b77f5189e37ae94ea9afe8470831770580,e0c1288a22ea2cf3abde9f2c0887f795fe4c2e7d6f705d077ac9a8a819518e6d,source_tree_sha256,030d6bb049591fda35c4e54df090bbc50eb1e12d8482c28cc71dffec7cef6fa0
2022-05-05,1,action_01,7043,5054,5054,500,10.108,True,2022-05-05__group_01,exp3-full-20260807T072340Z,full,False,primary,exp3,2eebb3dfafa708ac36ff5b5fb2d215b77f5189e37ae94ea9afe8470831770580,e0c1288a22ea2cf3abde9f2c0887f795fe4c2e7d6f705d077ac9a8a819518e6d,source_tree_sha256,030d6bb049591fda35c4e54df090bbc50eb1e12d8482c28cc71dffec7cef6fa0
2022-05-05,1,action_02,3185,2418,2418,500,4.836,True,2022-05-05__group_01,exp3-full-20260807T072340Z,full,False,primary,exp3,2eebb3dfafa708ac36ff5b5fb2d215b77f5189e37ae94ea9afe8470831770580,e0c1288a22ea2cf3abde9f2c0887f795fe4c2e7d6f705d077ac9a8a819518e6d,source_tree_sha256,030d6bb049591fda35c4e54df090bbc50eb1e12d8482c28cc71dffec7cef6fa0
2022-05-05,1,action_03,3523,2438,2438,500,4.876,True,2022-05-05__group_01,exp3-full-20260807T072340Z,full,False,primary,exp3,2eebb3dfafa708ac36ff5b5fb2d215b77f5189e37ae94ea9afe8470831770580,e0c1288a22ea2cf3abde9f2c0887f795fe4c2e7d6f705d077ac9a8a819518e6d,source_tree_sha256,030d6bb049591fda35c4e54df090bbc50eb1e12d8482c28cc71dffec7cef6fa0
2022-05-05,1,action_04,4011,2827,2827,500,5.654,True,2022-05-05__group_01,exp3-full-20260807T072340Z,full,False,primary,exp3,2eebb3dfafa708ac36ff5b5fb2d215b77f5189e37ae94ea9afe8470831770580,e0c1288a22ea2cf3abde9f2c0887f795fe4c2e7d6f705d077ac9a8a819518e6d,source_tree_sha256,030d6bb049591fda35c4e54df090bbc50eb1e12d8482c28cc71dffec7cef6fa0
2022-05-05,1,action_05,2530,2152,2152,500,4.304,True,2022-05-05__group_01,exp3-full-20260807T072340Z,full,False,primary,exp3,2eebb3dfafa708ac36ff5b5fb2d215b77f5189e37ae94ea9afe8470831770580,e0c1288a22ea2cf3abde9f2c0887f795fe4c2e7d6f705d077ac9a8a819518e6d,source_tree_sha256,030d6bb049591fda35c4e54df090bbc50eb1e12d8482c28cc71dffec7cef6fa0
2022-05-05,1,action_06,1023,1412,1023,500,2.046,True,2022-05-05__group_01,exp3-full-20260807T072340Z,full,False,primary,exp3,2eebb3dfafa708ac36ff5b5fb2d215b77f5189e37ae94ea9afe8470831770580,e0c1288a22ea2cf3abde9f2c0887f795fe4c2e7d6f705d077ac9a8a819518e6d,source_tree_sha256,030d6bb049591fda35c4e54df090bbc50eb1e12d8482c28cc71dffec7cef6fa0
2022-05-05,1,action_07,2283,1761,1761,500,3.522,True,2022-05-05__group_01,exp3-full-20260807T072340Z,full,False,primary,exp3,2eebb3dfafa708ac36ff5b5fb2d215b77f5189e37ae94ea9afe8470831770580,e0c1288a22ea2cf3abde9f2c0887f795fe4c2e7d6f705d077ac9a8a819518e6d,source_tree_sha256,030d6bb049591fda35c4e54df090bbc50eb1e12d8482c28cc71dffec7cef6fa0
2022-05-05,1,action_08,2354,1790,1790,500,3.58,True,2022-05-05__group_01,exp3-full-20260807T072340Z,full,False,primary,exp3,2eebb3dfafa708ac36ff5b5fb2d215b77f5189e37ae94ea9afe8470831770580,e0c1288a22ea2cf3abde9f2c0887f795fe4c2e7d6f705d077ac9a8a819518e6d,source_tree_sha256,030d6bb049591fda35c4e54df090bbc50eb1e12d8482c28cc71dffec7cef6fa0
2022-05-05,1,action_09,1815,1596,1596,500,3.192,True,2022-05-05__group_01,exp3-full-20260807T072340Z,full,False,primary,exp3,2eebb3dfafa708ac36ff5b5fb2d215b77f5189e37ae94ea9afe8470831770580,e0c1288a22ea2cf3abde9f2c0887f795fe4c2e7d6f705d077ac9a8a819518e6d,source_tree_sha256,030d6bb049591fda35c4e54df090bbc50eb1e12d8482c28cc71dffec7cef6fa0
2022-05-05,1,action_10,2013,1062,1062,500,2.124,True,2022-05-05__group_01,exp3-full-20260807T072340Z,full,False,primary,exp3,2eebb3dfafa708ac36ff5b5fb2d215b77f5189e37ae94ea9afe8470831770580,e0c1288a22ea2cf3abde9f2c0887f795fe4c2e7d6f705d077ac9a8a819518e6d,source_tree_sha256,030d6bb049591fda35c4e54df090bbc50eb1e12d8482c28cc71dffec7cef6fa0
2022-05-05,1,action_11,1358,1116,1116,500,2.232,True,2022-05-05__group_01,exp3-full-20260807T072340Z,full,False,primary,exp3,2eebb3dfafa708ac36ff5b5fb2d215b77f5189e37ae94ea9afe8470831770580,e0c1288a22ea2cf3abde9f2c0887f795fe4c2e7d6f705d077ac9a8a819518e6d,source_tree_sha256,030d6bb049591fda35c4e54df090bbc50eb1e12d8482c28cc71dffec7cef6fa0
2022-05-05,1,action_12,793,749,749,500,1.498,True,2022-05-05__group_01,exp3-full-20260807T072340Z,full,False,primary,exp3,2eebb3dfafa708ac36ff5b5fb2d215b77f5189e37ae94ea9afe8470831770580,e0c1288a22ea2cf3abde9f2c0887f795fe4c2e7d6f705d077ac9a8a819518e6d,source_tree_sha256,030d6bb049591fda35c4e54df090bbc50eb1e12d8482c28cc71dffec7cef6fa0
2022-05-05,1,action_13,1042,797,797,500,1.594,True,2022-05-05__group_01,exp3-full-20260807T072340Z,full,False,primary,exp3,2eebb3dfafa708ac36ff5b5fb2d215b77f5189e37ae94ea9afe8470831770580,e0c1288a22ea2cf3abde9f2c0887f795fe4c2e7d6f705d077ac9a8a819518e6d,source_tree_sha256,030d6bb049591fda35c4e54df090bbc50eb1e12d8482c28cc71dffec7cef6fa0
2022-05-05,1,action_14,1140,909,909,500,1.818,True,2022-05-05__group_01,exp3-full-20260807T072340Z,full,False,primary,exp3,2eebb3dfafa708ac36ff5b5fb2d215b77f5189e37ae94ea9afe8470831770580,e0c1288a22ea2cf3abde9f2c0887f795fe4c2e7d6f705d077ac9a8a819518e6d,source_tree_sha256,030d6bb049591fda35c4e54df090bbc50eb1e12d8482c28cc71dffec7cef6fa0
2022-05-05,1,action_15,2038,1044,1044,500,2.088,True,2022-05-05__group_01,exp3-full-20260807T072340Z,full,False,primary,exp3,2eebb3dfafa708ac36ff5b5fb2d215b77f5189e37ae94ea9afe8470831770580,e0c1288a22ea2cf3abde9f2c0887f795fe4c2e7d6f705d077ac9a8a819518e6d,source_tree_sha256,030d6bb049591fda35c4e54df090bbc50eb1e12d8482c28cc71dffec7cef6fa0
2022-05-05,1,action_16,1218,822,822,500,1.644,True,2022-05-05__group_01,exp3-full-20260807T072340Z,full,False,primary,exp3,2eebb3dfafa708ac36ff5b5fb2d215b77f5189e37ae94ea9afe8470831770580,e0c1288a22ea2cf3abde9f2c0887f795fe4c2e7d6f705d077ac9a8a819518e6d,source_tree_sha256,030d6bb049591fda35c4e54df090bbc50eb1e12d8482c28cc71dffec7cef6fa0
2022-05-05,1,action_17,972,836,836,500,1.672,True,2022-05-05__group_01,exp3-full-20260807T072340Z,full,False,primary,exp3,2eebb3dfafa708ac36ff5b5fb2d215b77f5189e37ae94ea9afe8470831770580,e0c1288a22ea2cf3abde9f2c0887f795fe4c2e7d6f705d077ac9a8a819518e6d,source_tree_sha256,030d6bb049591fda35c4e54df090bbc50eb1e12d8482c28cc71dffec7cef6fa0
2022-05-05,1,action_18,956,752,752,500,1.504,True,2022-05-05__group_01,exp3-full-20260807T072340Z,full,False,primary,exp3,2eebb3dfafa708ac36ff5b5fb2d215b77f5189e37ae94ea9afe8470831770580,e0c1288a22ea2cf3abde9f2c0887f795fe4c2e7d6f705d077ac9a8a819518e6d,source_tree_sha256,030d6bb049591fda35c4e54df090bbc50eb1e12d8482c28cc71dffec7cef6fa0
2022-05-05,1,action_19,1464,856,856,500,1.712,True,2022-05-05__group_01,exp3-full-20260807T072340Z,full,False,primary,exp3,2eebb3dfafa708ac36ff5b5fb2d215b77f5189e37ae94ea9afe8470831770580,e0c1288a22ea2cf3abde9f2c0887f795fe4c2e7d6f705d077ac9a8a819518e6d,source_tree_sha256,030d6bb049591fda35c4e54df090bbc50eb1e12d8482c28cc71dffec7cef6fa0
2022-05-05,1,action_20,960,968,960,500,1.92,True,2022-05-05__group_01,exp3-full-20260807T072340Z,full,False,primary,exp3,2eebb3dfafa708ac36ff5b5fb2d215b77f5189e37ae94ea9afe8470831770580,e0c1288a22ea2cf3abde9f2c0887f795fe4c2e7d6f705d077ac9a8a819518e6d,source_tree_sha256,030d6bb049591fda35c4e54df090bbc50eb1e12d8482c28cc71dffec7cef6fa0
2022-05-05,2,action_01,6052,3253,3253,500,6.506,True,2022-05-05__group_02,exp3-full-20260807T072340Z,full,False,primary,exp3,2eebb3dfafa708ac36ff5b5fb2d215b77f5189e37ae94ea9afe8470831770580,e0c1288a22ea2cf3abde9f2c0887f795fe4c2e7d6f705d077ac9a8a819518e6d,source_tree_sha256,030d6bb049591fda35c4e54df090bbc50eb1e12d8482c28cc71dffec7cef6fa0
2022-05-05,2,action_02,2896,2196,2196,500,4.392,True,2022-05-05__group_02,exp3-full-20260807T072340Z,full,False,primary,exp3,2eebb3dfafa708ac36ff5b5fb2d215b77f5189e37ae94ea9afe8470831770580,e0c1288a22ea2cf3abde9f2c0887f795fe4c2e7d6f705d077ac9a8a819518e6d,source_tree_sha256,030d6bb049591fda35c4e54df090bbc50eb1e12d8482c28cc71dffec7cef6fa0
2022-05-05,2,action_03,2901,2080,2080,500,4.16,True,2022-05-05__group_02,exp3-full-20260807T072340Z,full,False,primary,exp3,2eebb3dfafa708ac36ff5b5fb2d215b77f5189e37ae94ea9afe8470831770580,e0c1288a22ea2cf3abde9f2c0887f795fe4c2e7d6f705d077ac9a8a819518e6d,source_tree_sha256,030d6bb049591fda35c4e54df090bbc50eb1e12d8482c28cc71dffec7cef6fa0
2022-05-05,2,action_04,2518,1763,1763,500,3.526,True,2022-05-05__group_02,exp3-full-20260807T072340Z,full,False,primary,exp3,2eebb3dfafa708ac36ff5b5fb2d215b77f5189e37ae94ea9afe8470831770580,e0c1288a22ea2cf3abde9f2c0887f795fe4c2e7d6f705d077ac9a8a819518e6d,source_tree_sha256,030d6bb049591fda35c4e54df090bbc50eb1e12d8482c28cc71dffec7cef6fa0
2022-05-05,2,action_05,2314,1324,1324,500,2.648,True,2022-05-05__group_02,exp3-full-20260807T072340Z,full,False,primary,exp3,2eebb3dfafa708ac36ff5b5fb2d215b77f5189e37ae94ea9afe8470831770580,e0c1288a22ea2cf3abde9f2c0887f795fe4c2e7d6f705d077ac9a8a819518e6d,source_tree_sha256,030d6bb049591fda35c4e54df090bbc50eb1e12d8482c28cc71dffec7cef6fa0
2022-05-05,2,action_06,1961,1380,1380,500,2.76,True,2022-05-05__group_02,exp3-full-20260807T072340Z,full,False,primary,exp3,2eebb3dfafa708ac36ff5b5fb2d215b77f5189e37ae94ea9afe8470831770580,e0c1288a22ea2cf3abde9f2c0887f795fe4c2e7d6f705d077ac9a8a819518e6d,source_tree_sha256,030d6bb049591fda35c4e54df090bbc50eb1e12d8482c28cc71dffec7cef6fa0
2022-05-05,2,action_07,1888,1335,1335,500,2.67,True,2022-05-05__group_02,exp3-full-20260807T072340Z,full,False,primary,exp3,2eebb3dfafa708ac36ff5b5fb2d215b77f5189e37ae94ea9afe8470831770580,e0c1288a22ea2cf3abde9f2c0887f795fe4c2e7d6f705d077ac9a8a819518e6d,source_tree_sha256,030d6bb049591fda35c4e54df090bbc50eb1e12d8482c28cc71dffec7cef6fa0
2022-05-05,2,action_08,2169,1479,1479,500,2.958,True,2022-05-05__group_02,exp3-full-20260807T072340Z,full,False,primary,exp3,2eebb3dfafa708ac36ff5b5fb2d215b77f5189e37ae94ea9afe8470831770580,e0c1288a22ea2cf3abde9f2c0887f795fe4c2e7d6f705d077ac9a8a819518e6d,source_tree_sha256,030d6bb049591fda35c4e54df090bbc50eb1e12d8482c28cc71dffec7cef6fa0
2022-05-05,2,action_09,2202,1129,1129,500,2.258,True,2022-05-05__group_02,exp3-full-20260807T072340Z,full,False,primary,exp3,2eebb3dfafa708ac36ff5b5fb2d215b77f5189e37ae94ea9afe8470831770580,e0c1288a22ea2cf3abde9f2c0887f795fe4c2e7d6f705d077ac9a8a819518e6d,source_tree_sha256,030d6bb049591fda35c4e54df090bbc50eb1e12d8482c28cc71dffec7cef6fa0
2022-05-05,2,action_10,1435,1135,1135,500,2.27,True,2022-05-05__group_02,exp3-full-20260807T072340Z,full,False,primary,exp3,2eebb3dfafa708ac36ff5b5fb2d215b77f5189e37ae94ea9afe8470831770580,e0c1288a22ea2cf3abde9f2c0887f795fe4c2e7d6f705d077ac9a8a819518e6d,source_tree_sha256,030d6bb049591fda35c4e54df090bbc50eb1e12d8482c28cc71dffec7cef6fa0
2022-05-05,2,action_11,1327,894,894,500,1.788,True,2022-05-05__group_02,exp3-full-20260807T072340Z,full,False,primary,exp3,2eebb3dfafa708ac36ff5b5fb2d215b77f5189e37ae94ea9afe8470831770580,e0c1288a22ea2cf3abde9f2c0887f795fe4c2e7d6f705d077ac9a8a819518e6d,source_tree_sha256,030d6bb049591fda35c4e54df090bbc50eb1e12d8482c28cc71dffec7cef6fa0
2022-05-05,2,action_12,936,730,730,500,1.46,True,2022-05-05__group_02,exp3-full-20260807T072340Z,full,False,primary,exp3,2eebb3dfafa708ac36ff5b5fb2d215b77f5189e37ae94ea9afe8470831770580,e0c1288a22ea2cf3abde9f2c0887f795fe4c2e7d6f705d077ac9a8a819518e6d,source_tree_sha256,030d6bb049591fda35c4e54df090bbc50eb1e12d8482c28cc71dffec7cef6fa0
2022-05-05,2,action_13,962,860,860,500,1.72,True,2022-05-05__group_02,exp3-full-20260807T072340Z,full,False,primary,exp3,2eebb3dfafa708ac36ff5b5fb2d215b77f5189e37ae94ea9afe8470831770580,e0c1288a22ea2cf3abde9f2c0887f795fe4c2e7d6f705d077ac9a8a819518e6d,source_tree_sha256,030d6bb049591fda35c4e54df090bbc50eb1e12d8482c28cc71dffec7cef6fa0
2022-05-05,2,action_14,1286,623,623,500,1.246,True,2022-05-05__group_02,exp3-full-20260807T072340Z,full,False,primary,exp3,2eebb3dfafa708ac36ff5b5fb2d215b77f5189e37ae94ea9afe8470831770580,e0c1288a22ea2cf3abde9f2c0887f795fe4c2e7d6f705d077ac9a8a819518e6d,source_tree_sha256,030d6bb049591fda35c4e54df090bbc50eb1e12d8482c28cc71dffec7cef6fa0
2022-05-05,2,action_15,940,1064,940,500,1.88,True,2022-05-05__group_02,exp3-full-20260807T072340Z,full,False,primary,exp3,2eebb3dfafa708ac36ff5b5fb2d215b77f5189e37ae94ea9afe8470831770580,e0c1288a22ea2cf3abde9f2c0887f795fe4c2e7d6f705d077ac9a8a819518e6d,source_tree_sha256,030d6bb049591fda35c4e54df090bbc50eb1e12d8482c28cc71dffec7cef6fa0
2022-05-05,2,action_16,829,532,532,500,1.064,True,2022-05-05__group_02,exp3-full-20260807T072340Z,full,False,primary,exp3,2eebb3dfafa708ac36ff5b5fb2d215b77f5189e37ae94ea9afe8470831770580,e0c1288a22ea2cf3abde9f2c0887f795fe4c2e7d6f705d077ac9a8a819518e6d,source_tree_sha256,030d6bb049591fda35c4e54df090bbc50eb1e12d8482c28cc71dffec7cef6fa0
2022-05-05,2,action_17,1010,767,767,500,1.534,True,2022-05-05__group_02,exp3-full-20260807T072340Z,full,False,primary,exp3,2eebb3dfafa708ac36ff5b5fb2d215b77f5189e37ae94ea9afe8470831770580,e0c1288a22ea2cf3abde9f2c0887f795fe4c2e7d6f705d077ac9a8a819518e6d,source_tree_sha256,030d6bb049591fda35c4e54df090bbc50eb1e12d8482c28cc71dffec7cef6fa0
2022-05-05,2,action_18,923,510,510,500,1.02,True,2022-05-05__group_02,exp3-full-20260807T072340Z,full,False,primary,exp3,2eebb3dfafa708ac36ff5b5fb2d215b77f5189e37ae94ea9afe8470831770580,e0c1288a22ea2cf3abde9f2c0887f795fe4c2e7d6f705d077ac9a8a819518e6d,source_tree_sha256,030d6bb049591fda35c4e54df090bbc50eb1e12d8482c28cc71dffec7cef6fa0
2022-05-05,2,action_19,1015,626,626,500,1.252,True,2022-05-05__group_02,exp3-full-20260807T072340Z,full,False,primary,exp3,2eebb3dfafa708ac36ff5b5fb2d215b77f5189e37ae94ea9afe8470831770580,e0c1288a22ea2cf3abde9f2c0887f795fe4c2e7d6f705d077ac9a8a819518e6d,source_tree_sha256,030d6bb049591fda35c4e54df090bbc50eb1e12d8482c28cc71dffec7cef6fa0
2022-05-05,2,action_20,645,419,419,500,0.838,False,2022-05-05__group_02,exp3-full-20260807T072340Z,full,False,primary,exp3,2eebb3dfafa708ac36ff5b5fb2d215b77f5189e37ae94ea9afe8470831770580,e0c1288a22ea2cf3abde9f2c0887f795fe4c2e7d6f705d077ac9a8a819518e6d,source_tree_sha256,030d6bb049591fda35c4e54df090bbc50eb1e12d8482c28cc71dffec7cef6fa0
2022-05-05,3,action_01,3764,4497,3764,500,7.528,True,2022-05-05__group_03,exp3-full-20260807T072340Z,full,False,primary,exp3,2eebb3dfafa708ac36ff5b5fb2d215b77f5189e37ae94ea9afe8470831770580,e0c1288a22ea2cf3abde9f2c0887f795fe4c2e7d6f705d077ac9a8a819518e6d,source_tree_sha256,030d6bb049591fda35c4e54df090bbc50eb1e12d8482c28cc71dffec7cef6fa0
2022-05-05,3,action_02,2763,2012,2012,500,4.024,True,2022-05-05__group_03,exp3-full-20260807T072340Z,full,False,primary,exp3,2eebb3dfafa708ac36ff5b5fb2d215b77f5189e37ae94ea9afe8470831770580,e0c1288a22ea2cf3abde9f2c0887f795fe4c2e7d6f705d077ac9a8a819518e6d,source_tree_sha256,030d6bb049591fda35c4e54df090bbc50eb1e12d8482c28cc71dffec7cef6fa0
2022-05-05,3,action_03,2180,2089,2089,500,4.178,True,2022-05-05__group_03,exp3-full-20260807T072340Z,full,False,primary,exp3,2eebb3dfafa708ac36ff5b5fb2d215b77f5189e37ae94ea9afe8470831770580,e0c1288a22ea2cf3abde9f2c0887f795fe4c2e7d6f705d077ac9a8a819518e6d,source_tree_sha256,030d6bb049591fda35c4e54df090bbc50eb1e12d8482c28cc71dffec7cef6fa0
2022-05-05,3,action_04,1860,2078,1860,500,3.72,True,2022-05-05__group_03,exp3-full-20260807T072340Z,full,False,primary,exp3,2eebb3dfafa708ac36ff5b5fb2d215b77f5189e37ae94ea9afe8470831770580,e0c1288a22ea2cf3abde9f2c0887f795fe4c2e7d6f705d077ac9a8a819518e6d,source_tree_sha256,030d6bb049591fda35c4e54df090bbc50eb1e12d8482c28cc71dffec7cef6fa0
2022-05-05,3,action_05,1688,1715,1688,500,3.376,True,2022-05-05__group_03,exp3-full-20260807T072340Z,full,False,primary,exp3,2eebb3dfafa708ac36ff5b5fb2d215b77f5189e37ae94ea9afe8470831770580,e0c1288a22ea2cf3abde9f2c0887f795fe4c2e7d6f705d077ac9a8a819518e6d,source_tree_sha256,030d6bb049591fda35c4e54df090bbc50eb1e12d8482c28cc71dffec7cef6fa0
2022-05-05,3,action_06,1448,1499,1448,500,2.896,True,2022-05-05__group_03,exp3-full-20260807T072340Z,full,False,primary,exp3,2eebb3dfafa708ac36ff5b5fb2d215b77f5189e37ae94ea9afe8470831770580,e0c1288a22ea2cf3abde9f2c0887f795fe4c2e7d6f705d077ac9a8a819518e6d,source_tree_sha256,030d6bb049591fda35c4e54df090bbc50eb1e12d8482c28cc71dffec7cef6fa0
2022-05-05,3,action_07,1470,1556,1470,500,2.94,True,2022-05-05__group_03,exp3-full-20260807T072340Z,full,False,primary,exp3,2eebb3dfafa708ac36ff5b5fb2d215b77f5189e37ae94ea9afe8470831770580,e0c1288a22ea2cf3abde9f2c0887f795fe4c2e7d6f705d077ac9a8a819518e6d,source_tree_sha256,030d6bb049591fda35c4e54df090bbc50eb1e12d8482c28cc71dffec7cef6fa0
2022-05-05,3,action_08,1811,1710,1710,500,3.42,True,2022-05-05__group_03,exp3-full-20260807T072340Z,full,False,primary,exp3,2eebb3dfafa708ac36ff5b5fb2d215b77f5189e37ae94ea9afe8470831770580,e0c1288a22ea2cf3abde9f2c0887f795fe4c2e7d6f705d077ac9a8a819518e6d,source_tree_sha256,030d6bb049591fda35c4e54df090bbc50eb1e12d8482c28cc71dffec7cef6fa0
2022-05-05,3,action_09,863,922,863,500,1.726,True,2022-05-05__group_03,exp3-full-20260807T072340Z,full,False,primary,exp3,2eebb3dfafa708ac36ff5b5fb2d215b77f5189e37ae94ea9afe8470831770580,e0c1288a22ea2cf3abde9f2c0887f795fe4c2e7d6f705d077ac9a8a819518e6d,source_tree_sha256,030d6bb049591fda35c4e54df090bbc50eb1e12d8482c28cc71dffec7cef6fa0
2022-05-05,3,action_10,1005,826,826,500,1.652,True,2022-05-05__group_03,exp3-full-20260807T072340Z,full,False,primary,exp3,2eebb3dfafa708ac36ff5b5fb2d215b77f5189e37ae94ea9afe8470831770580,e0c1288a22ea2cf3abde9f2c0887f795fe4c2e7d6f705d077ac9a8a819518e6d,source_tree_sha256,030d6bb049591fda35c4e54df090bbc50eb1e12d8482c28cc71dffec7cef6fa0
2022-05-05,3,action_11,704,640,640,500,1.28,True,2022-05-05__group_03,exp3-full-20260807T072340Z,full,False,primary,exp3,2eebb3dfafa708ac36ff5b5fb2d215b77f5189e37ae94ea9afe8470831770580,e0c1288a22ea2cf3abde9f2c0887f795fe4c2e7d6f705d077ac9a8a819518e6d,source_tree_sha256,030d6bb049591fda35c4e54df090bbc50eb1e12d8482c28cc71dffec7cef6fa0
2022-05-05,3,action_12,562,611,562,500,1.124,True,2022-05-05__group_03,exp3-full-20260807T072340Z,full,False,primary,exp3,2eebb3dfafa708ac36ff5b5fb2d215b77f5189e37ae94ea9afe8470831770580,e0c1288a22ea2cf3abde9f2c0887f795fe4c2e7d6f705d077ac9a8a819518e6d,source_tree_sha256,030d6bb049591fda35c4e54df090bbc50eb1e12d8482c28cc71dffec7cef6fa0
2022-05-05,3,action_13,814,1091,814,500,1.628,True,2022-05-05__group_03,exp3-full-20260807T072340Z,full,False,primary,exp3,2eebb3dfafa708ac36ff5b5fb2d215b77f5189e37ae94ea9afe8470831770580,e0c1288a22ea2cf3abde9f2c0887f795fe4c2e7d6f705d077ac9a8a819518e6d,source_tree_sha256,030d6bb049591fda35c4e54df090bbc50eb1e12d8482c28cc71dffec7cef6fa0
2022-05-05,3,action_14,737,646,646,500,1.292,True,2022-05-05__group_03,exp3-full-20260807T072340Z,full,False,primary,exp3,2eebb3dfafa708ac36ff5b5fb2d215b77f5189e37ae94ea9afe8470831770580,e0c1288a22ea2cf3abde9f2c0887f795fe4c2e7d6f705d077ac9a8a819518e6d,source_tree_sha256,030d6bb049591fda35c4e54df090bbc50eb1e12d8482c28cc71dffec7cef6fa0
2022-05-05,3,action_15,763,814,763,500,1.526,True,2022-05-05__group_03,exp3-full-20260807T072340Z,full,False,primary,exp3,2eebb3dfafa708ac36ff5b5fb2d215b77f5189e37ae94ea9afe8470831770580,e0c1288a22ea2cf3abde9f2c0887f795fe4c2e7d6f705d077ac9a8a819518e6d,source_tree_sha256,030d6bb049591fda35c4e54df090bbc50eb1e12d8482c28cc71dffec7cef6fa0
2022-05-05,3,action_16,637,644,637,500,1.274,True,2022-05-05__group_03,exp3-full-20260807T072340Z,full,False,primary,exp3,2eebb3dfafa708ac36ff5b5fb2d215b77f5189e37ae94ea9afe8470831770580,e0c1288a22ea2cf3abde9f2c0887f795fe4c2e7d6f705d077ac9a8a819518e6d,source_tree_sha256,030d6bb049591fda35c4e54df090bbc50eb1e12d8482c28cc71dffec7cef6fa0
2022-05-05,3,action_17,913,849,849,500,1.698,True,2022-05-05__group_03,exp3-full-20260807T072340Z,full,False,primary,exp3,2eebb3dfafa708ac36ff5b5fb2d215b77f5189e37ae94ea9afe8470831770580,e0c1288a22ea2cf3abde9f2c0887f795fe4c2e7d6f705d077ac9a8a819518e6d,source_tree_sha256,030d6bb049591fda35c4e54df090bbc50eb1e12d8482c28cc71dffec7cef6fa0
2022-05-05,3,action_18,525,565,525,500,1.05,True,2022-05-05__group_03,exp3-full-20260807T072340Z,full,False,primary,exp3,2eebb3dfafa708ac36ff5b5fb2d215b77f5189e37ae94ea9afe8470831770580,e0c1288a22ea2cf3abde9f2c0887f795fe4c2e7d6f705d077ac9a8a819518e6d,source_tree_sha256,030d6bb049591fda35c4e54df090bbc50eb1e12d8482c28cc71dffec7cef6fa0
2022-05-05,3,action_19,515,578,515,500,1.03,True,2022-05-05__group_03,exp3-full-20260807T072340Z,full,False,primary,exp3,2eebb3dfafa708ac36ff5b5fb2d215b77f5189e37ae94ea9afe8470831770580,e0c1288a22ea2cf3abde9f2c0887f795fe4c2e7d6f705d077ac9a8a819518e6d,source_tree_sha256,030d6bb049591fda35c4e54df090bbc50eb1e12d8482c28cc71dffec7cef6fa0
2022-05-05,3,action_20,508,617,508,500,1.016,True,2022-05-05__group_03,exp3-full-20260807T072340Z,full,False,primary,exp3,2eebb3dfafa708ac36ff5b5fb2d215b77f5189e37ae94ea9afe8470831770580,e0c1288a22ea2cf3abde9f2c0887f795fe4c2e7d6f705d077ac9a8a819518e6d,source_tree_sha256,030d6bb049591fda35c4e54df090bbc50eb1e12d8482c28cc71dffec7cef6fa0
2022-05-05,4,action_01,4237,4350,4237,500,8.474,True,2022-05-05__group_04,exp3-full-20260807T072340Z,full,False,primary,exp3,2eebb3dfafa708ac36ff5b5fb2d215b77f5189e37ae94ea9afe8470831770580,e0c1288a22ea2cf3abde9f2c0887f795fe4c2e7d6f705d077ac9a8a819518e6d,source_tree_sha256,030d6bb049591fda35c4e54df090bbc50eb1e12d8482c28cc71dffec7cef6fa0
2022-05-05,4,action_02,2599,1856,1856,500,3.712,True,2022-05-05__group_04,exp3-full-20260807T072340Z,full,False,primary,exp3,2eebb3dfafa708ac36ff5b5fb2d215b77f5189e37ae94ea9afe8470831770580,e0c1288a22ea2cf3abde9f2c0887f795fe4c2e7d6f705d077ac9a8a819518e6d,source_tree_sha256,030d6bb049591fda35c4e54df090bbc50eb1e12d8482c28cc71dffec7cef6fa0
2022-05-05,4,action_03,2403,1909,1909,500,3.818,True,2022-05-05__group_04,exp3-full-20260807T072340Z,full,False,primary,exp3,2eebb3dfafa708ac36ff5b5fb2d215b77f5189e37ae94ea9afe8470831770580,e0c1288a22ea2cf3abde9f2c0887f795fe4c2e7d6f705d077ac9a8a819518e6d,source_tree_sha256,030d6bb049591fda35c4e54df090bbc50eb1e12d8482c28cc71dffec7cef6fa0
2022-05-05,4,action_04,2746,2883,2746,500,5.492,True,2022-05-05__group_04,exp3-full-20260807T072340Z,full,False,primary,exp3,2eebb3dfafa708ac36ff5b5fb2d215b77f5189e37ae94ea9afe8470831770580,e0c1288a22ea2cf3abde9f2c0887f795fe4c2e7d6f705d077ac9a8a819518e6d,source_tree_sha256,030d6bb049591fda35c4e54df090bbc50eb1e12d8482c28cc71dffec7cef6fa0
2022-05-05,4,action_05,2421,1599,1599,500,3.198,True,2022-05-05__group_04,exp3-full-20260807T072340Z,full,False,primary,exp3,2eebb3dfafa708ac36ff5b5fb2d215b77f5189e37ae94ea9afe8470831770580,e0c1288a22ea2cf3abde9f2c0887f795fe4c2e7d6f705d077ac9a8a819518e6d,source_tree_sha256,030d6bb049591fda35c4e54df090bbc50eb1e12d8482c28cc71dffec7cef6fa0
2022-05-05,4,action_06,2075,1637,1637,500,3.274,True,2022-05-05__group_04,exp3-full-20260807T072340Z,full,False,primary,exp3,2eebb3dfafa708ac36ff5b5fb2d215b77f5189e37ae94ea9afe8470831770580,e0c1288a22ea2cf3abde9f2c0887f795fe4c2e7d6f705d077ac9a8a819518e6d,source_tree_sha256,030d6bb049591fda35c4e54df090bbc50eb1e12d8482c28cc71dffec7cef6fa0
2022-05-05,4,action_07,2025,1261,1261,500,2.522,True,2022-05-05__group_04,exp3-full-20260807T072340Z,full,False,primary,exp3,2eebb3dfafa708ac36ff5b5fb2d215b77f5189e37ae94ea9afe8470831770580,e0c1288a22ea2cf3abde9f2c0887f795fe4c2e7d6f705d077ac9a8a819518e6d,source_tree_sha256,030d6bb049591fda35c4e54df090bbc50eb1e12d8482c28cc71dffec7cef6fa0
2022-05-05,4,action_08,1519,1177,1177,500,2.354,True,2022-05-05__group_04,exp3-full-20260807T072340Z,full,False,primary,exp3,2eebb3dfafa708ac36ff5b5fb2d215b77f5189e37ae94ea9afe8470831770580,e0c1288a22ea2cf3abde9f2c0887f795fe4c2e7d6f705d077ac9a8a819518e6d,source_tree_sha256,030d6bb049591fda35c4e54df090bbc50eb1e12d8482c28cc71dffec7cef6fa0
2022-05-05,4,action_09,1423,1353,1353,500,2.706,True,2022-05-05__group_04,exp3-full-20260807T072340Z,full,False,primary,exp3,2eebb3dfafa708ac36ff5b5fb2d215b77f5189e37ae94ea9afe8470831770580,e0c1288a22ea2cf3abde9f2c0887f795fe4c2e7d6f705d077ac9a8a819518e6d,source_tree_sha256,030d6bb049591fda35c4e54df090bbc50eb1e12d8482c28cc71dffec7cef6fa0
2022-05-05,4,action_10,1035,1225,1035,500,2.07,True,2022-05-05__group_04,exp3-full-20260807T072340Z,full,False,primary,exp3,2eebb3dfafa708ac36ff5b5fb2d215b77f5189e37ae94ea9afe8470831770580,e0c1288a22ea2cf3abde9f2c0887f795fe4c2e7d6f705d077ac9a8a819518e6d,source_tree_sha256,030d6bb049591fda35c4e54df090bbc50eb1e12d8482c28cc71dffec7cef6fa0
2022-05-05,4,action_11,984,650,650,500,1.3,True,2022-05-05__group_04,exp3-full-20260807T072340Z,full,False,primary,exp3,2eebb3dfafa708ac36ff5b5fb2d215b77f5189e37ae94ea9afe8470831770580,e0c1288a22ea2cf3abde9f2c0887f795fe4c2e7d6f705d077ac9a8a819518e6d,source_tree_sha256,030d6bb049591fda35c4e54df090bbc50eb1e12d8482c28cc71dffec7cef6fa0
2022-05-05,4,action_12,551,1000,551,500,1.102,True,2022-05-05__group_04,exp3-full-20260807T072340Z,full,False,primary,exp3,2eebb3dfafa708ac36ff5b5fb2d215b77f5189e37ae94ea9afe8470831770580,e0c1288a22ea2cf3abde9f2c0887f795fe4c2e7d6f705d077ac9a8a819518e6d,source_tree_sha256,030d6bb049591fda35c4e54df090bbc50eb1e12d8482c28cc71dffec7cef6fa0
2022-05-05,4,action_13,733,690,690,500,1.38,True,2022-05-05__group_04,exp3-full-20260807T072340Z,full,False,primary,exp3,2eebb3dfafa708ac36ff5b5fb2d215b77f5189e37ae94ea9afe8470831770580,e0c1288a22ea2cf3abde9f2c0887f795fe4c2e7d6f705d077ac9a8a819518e6d,source_tree_sha256,030d6bb049591fda35c4e54df090bbc50eb1e12d8482c28cc71dffec7cef6fa0
2022-05-05,4,action_14,614,528,528,500,1.056,True,2022-05-05__group_04,exp3-full-20260807T072340Z,full,False,primary,exp3,2eebb3dfafa708ac36ff5b5fb2d215b77f5189e37ae94ea9afe8470831770580,e0c1288a22ea2cf3abde9f2c0887f795fe4c2e7d6f705d077ac9a8a819518e6d,source_tree_sha256,030d6bb049591fda35c4e54df090bbc50eb1e12d8482c28cc71dffec7cef6fa0
2022-05-05,4,action_15,1338,776,776,500,1.552,True,2022-05-05__group_04,exp3-full-20260807T072340Z,full,False,primary,exp3,2eebb3dfafa708ac36ff5b5fb2d215b77f5189e37ae94ea9afe8470831770580,e0c1288a22ea2cf3abde9f2c0887f795fe4c2e7d6f705d077ac9a8a819518e6d,source_tree_sha256,030d6bb049591fda35c4e54df090bbc50eb1e12d8482c28cc71dffec7cef6fa0
2022-05-05,4,action_16,790,414,414,500,0.828,False,2022-05-05__group_04,exp3-full-20260807T072340Z,full,False,primary,exp3,2eebb3dfafa708ac36ff5b5fb2d215b77f5189e37ae94ea9afe8470831770580,e0c1288a22ea2cf3abde9f2c0887f795fe4c2e7d6f705d077ac9a8a819518e6d,source_tree_sha256,030d6bb049591fda35c4e54df090bbc50eb1e12d8482c28cc71dffec7cef6fa0
2022-05-05,4,action_17,1121,662,662,500,1.324,True,2022-05-05__group_04,exp3-full-20260807T072340Z,full,False,primary,exp3,2eebb3dfafa708ac36ff5b5fb2d215b77f5189e37ae94ea9afe8470831770580,e0c1288a22ea2cf3abde9f2c0887f795fe4c2e7d6f705d077ac9a8a819518e6d,source_tree_sha256,030d6bb049591fda35c4e54df090bbc50eb1e12d8482c28cc71dffec7cef6fa0
2022-05-05,4,action_18,796,652,652,500,1.304,True,2022-05-05__group_04,exp3-full-20260807T072340Z,full,False,primary,exp3,2eebb3dfafa708ac36ff5b5fb2d215b77f5189e37ae94ea9afe8470831770580,e0c1288a22ea2cf3abde9f2c0887f795fe4c2e7d6f705d077ac9a8a819518e6d,source_tree_sha256,030d6bb049591fda35c4e54df090bbc50eb1e12d8482c28cc71dffec7cef6fa0
2022-05-05,4,action_19,739,561,561,500,1.122,True,2022-05-05__group_04,exp3-full-20260807T072340Z,full,False,primary,exp3,2eebb3dfafa708ac36ff5b5fb2d215b77f5189e37ae94ea9afe8470831770580,e0c1288a22ea2cf3abde9f2c0887f795fe4c2e7d6f705d077ac9a8a819518e6d,source_tree_sha256,030d6bb049591fda35c4e54df090bbc50eb1e12d8482c28cc71dffec7cef6fa0
2022-05-05,4,action_20,783,324,324,500,0.648,False,2022-05-05__group_04,exp3-full-20260807T072340Z,full,False,primary,exp3,2eebb3dfafa708ac36ff5b5fb2d215b77f5189e37ae94ea9afe8470831770580,e0c1288a22ea2cf3abde9f2c0887f795fe4c2e7d6f705d077ac9a8a819518e6d,source_tree_sha256,030d6bb049591fda35c4e54df090bbc50eb1e12d8482c28cc71dffec7cef6fa0
2022-05-06,0,action_01,4598,4468,4468,500,8.936,True,2022-05-06__group_00,exp3-full-20260807T072340Z,full,False,primary,exp3,2eebb3dfafa708ac36ff5b5fb2d215b77f5189e37ae94ea9afe8470831770580,e0c1288a22ea2cf3abde9f2c0887f795fe4c2e7d6f705d077ac9a8a819518e6d,source_tree_sha256,030d6bb049591fda35c4e54df090bbc50eb1e12d8482c28cc71dffec7cef6fa0
2022-05-06,0,action_02,2184,3296,2184,500,4.368,True,2022-05-06__group_00,exp3-full-20260807T072340Z,full,False,primary,exp3,2eebb3dfafa708ac36ff5b5fb2d215b77f5189e37ae94ea9afe8470831770580,e0c1288a22ea2cf3abde9f2c0887f795fe4c2e7d6f705d077ac9a8a819518e6d,source_tree_sha256,030d6bb049591fda35c4e54df090bbc50eb1e12d8482c28cc71dffec7cef6fa0
2022-05-06,0,action_03,2290,3339,2290,500,4.58,True,2022-05-06__group_00,exp3-full-20260807T072340Z,full,False,primary,exp3,2eebb3dfafa708ac36ff5b5fb2d215b77f5189e37ae94ea9afe8470831770580,e0c1288a22ea2cf3abde9f2c0887f795fe4c2e7d6f705d077ac9a8a819518e6d,source_tree_sha256,030d6bb049591fda35c4e54df090bbc50eb1e12d8482c28cc71dffec7cef6fa0
2022-05-06,0,action_04,2562,2500,2500,500,5.0,True,2022-05-06__group_00,exp3-full-20260807T072340Z,full,False,primary,exp3,2eebb3dfafa708ac36ff5b5fb2d215b77f5189e37ae94ea9afe8470831770580,e0c1288a22ea2cf3abde9f2c0887f795fe4c2e7d6f705d077ac9a8a819518e6d,source_tree_sha256,030d6bb049591fda35c4e54df090bbc50eb1e12d8482c28cc71dffec7cef6fa0
2022-05-06,0,action_05,1927,2298,1927,500,3.854,True,2022-05-06__group_00,exp3-full-20260807T072340Z,full,False,primary,exp3,2eebb3dfafa708ac36ff5b5fb2d215b77f5189e37ae94ea9afe8470831770580,e0c1288a22ea2cf3abde9f2c0887f795fe4c2e7d6f705d077ac9a8a819518e6d,source_tree_sha256,030d6bb049591fda35c4e54df090bbc50eb1e12d8482c28cc71dffec7cef6fa0
2022-05-06,0,action_06,1394,1311,1311,500,2.622,True,2022-05-06__group_00,exp3-full-20260807T072340Z,full,False,primary,exp3,2eebb3dfafa708ac36ff5b5fb2d215b77f5189e37ae94ea9afe8470831770580,e0c1288a22ea2cf3abde9f2c0887f795fe4c2e7d6f705d077ac9a8a819518e6d,source_tree_sha256,030d6bb049591fda35c4e54df090bbc50eb1e12d8482c28cc71dffec7cef6fa0
2022-05-06,0,action_07,1507,1594,1507,500,3.014,True,2022-05-06__group_00,exp3-full-20260807T072340Z,full,False,primary,exp3,2eebb3dfafa708ac36ff5b5fb2d215b77f5189e37ae94ea9afe8470831770580,e0c1288a22ea2cf3abde9f2c0887f795fe4c2e7d6f705d077ac9a8a819518e6d,source_tree_sha256,030d6bb049591fda35c4e54df090bbc50eb1e12d8482c28cc71dffec7cef6fa0
2022-05-06,0,action_08,1705,2550,1705,500,3.41,True,2022-05-06__group_00,exp3-full-20260807T072340Z,full,False,primary,exp3,2eebb3dfafa708ac36ff5b5fb2d215b77f5189e37ae94ea9afe8470831770580,e0c1288a22ea2cf3abde9f2c0887f795fe4c2e7d6f705d077ac9a8a819518e6d,source_tree_sha256,030d6bb049591fda35c4e54df090bbc50eb1e12d8482c28cc71dffec7cef6fa0
2022-05-06,0,action_09,1153,1429,1153,500,2.306,True,2022-05-06__group_00,exp3-full-20260807T072340Z,full,False,primary,exp3,2eebb3dfafa708ac36ff5b5fb2d215b77f5189e37ae94ea9afe8470831770580,e0c1288a22ea2cf3abde9f2c0887f795fe4c2e7d6f705d077ac9a8a819518e6d,source_tree_sha256,030d6bb049591fda35c4e54df090bbc50eb1e12d8482c28cc71dffec7cef6fa0
2022-05-06,0,action_10,1324,2427,1324,500,2.648,True,2022-05-06__group_00,exp3-full-20260807T072340Z,full,False,primary,exp3,2eebb3dfafa708ac36ff5b5fb2d215b77f5189e37ae94ea9afe8470831770580,e0c1288a22ea2cf3abde9f2c0887f795fe4c2e7d6f705d077ac9a8a819518e6d,source_tree_sha256,030d6bb049591fda35c4e54df090bbc50eb1e12d8482c28cc71dffec7cef6fa0
2022-05-06,0,action_11,1223,1402,1223,500,2.446,True,2022-05-06__group_00,exp3-full-20260807T072340Z,full,False,primary,exp3,2eebb3dfafa708ac36ff5b5fb2d215b77f5189e37ae94ea9afe8470831770580,e0c1288a22ea2cf3abde9f2c0887f795fe4c2e7d6f705d077ac9a8a819518e6d,source_tree_sha256,030d6bb049591fda35c4e54df090bbc50eb1e12d8482c28cc71dffec7cef6fa0
2022-05-06,0,action_12,1001,837,837,500,1.674,True,2022-05-06__group_00,exp3-full-20260807T072340Z,full,False,primary,exp3,2eebb3dfafa708ac36ff5b5fb2d215b77f5189e37ae94ea9afe8470831770580,e0c1288a22ea2cf3abde9f2c0887f795fe4c2e7d6f705d077ac9a8a819518e6d,source_tree_sha256,030d6bb049591fda35c4e54df090bbc50eb1e12d8482c28cc71dffec7cef6fa0
2022-05-06,0,action_13,871,989,871,500,1.742,True,2022-05-06__group_00,exp3-full-20260807T072340Z,full,False,primary,exp3,2eebb3dfafa708ac36ff5b5fb2d215b77f5189e37ae94ea9afe8470831770580,e0c1288a22ea2cf3abde9f2c0887f795fe4c2e7d6f705d077ac9a8a819518e6d,source_tree_sha256,030d6bb049591fda35c4e54df090bbc50eb1e12d8482c28cc71dffec7cef6fa0
2022-05-06,0,action_14,580,967,580,500,1.16,True,2022-05-06__group_00,exp3-full-20260807T072340Z,full,False,primary,exp3,2eebb3dfafa708ac36ff5b5fb2d215b77f5189e37ae94ea9afe8470831770580,e0c1288a22ea2cf3abde9f2c0887f795fe4c2e7d6f705d077ac9a8a819518e6d,source_tree_sha256,030d6bb049591fda35c4e54df090bbc50eb1e12d8482c28cc71dffec7cef6fa0
2022-05-06,0,action_15,1067,1129,1067,500,2.134,True,2022-05-06__group_00,exp3-full-20260807T072340Z,full,False,primary,exp3,2eebb3dfafa708ac36ff5b5fb2d215b77f5189e37ae94ea9afe8470831770580,e0c1288a22ea2cf3abde9f2c0887f795fe4c2e7d6f705d077ac9a8a819518e6d,source_tree_sha256,030d6bb049591fda35c4e54df090bbc50eb1e12d8482c28cc71dffec7cef6fa0
2022-05-06,0,action_16,678,991,678,500,1.356,True,2022-05-06__group_00,exp3-full-20260807T072340Z,full,False,primary,exp3,2eebb3dfafa708ac36ff5b5fb2d215b77f5189e37ae94ea9afe8470831770580,e0c1288a22ea2cf3abde9f2c0887f795fe4c2e7d6f705d077ac9a8a819518e6d,source_tree_sha256,030d6bb049591fda35c4e54df090bbc50eb1e12d8482c28cc71dffec7cef6fa0
2022-05-06,0,action_17,988,876,876,500,1.752,True,2022-05-06__group_00,exp3-full-20260807T072340Z,full,False,primary,exp3,2eebb3dfafa708ac36ff5b5fb2d215b77f5189e37ae94ea9afe8470831770580,e0c1288a22ea2cf3abde9f2c0887f795fe4c2e7d6f705d077ac9a8a819518e6d,source_tree_sha256,030d6bb049591fda35c4e54df090bbc50eb1e12d8482c28cc71dffec7cef6fa0
2022-05-06,0,action_18,787,709,709,500,1.418,True,2022-05-06__group_00,exp3-full-20260807T072340Z,full,False,primary,exp3,2eebb3dfafa708ac36ff5b5fb2d215b77f5189e37ae94ea9afe8470831770580,e0c1288a22ea2cf3abde9f2c0887f795fe4c2e7d6f705d077ac9a8a819518e6d,source_tree_sha256,030d6bb049591fda35c4e54df090bbc50eb1e12d8482c28cc71dffec7cef6fa0
2022-05-06,0,action_19,637,811,637,500,1.274,True,2022-05-06__group_00,exp3-full-20260807T072340Z,full,False,primary,exp3,2eebb3dfafa708ac36ff5b5fb2d215b77f5189e37ae94ea9afe8470831770580,e0c1288a22ea2cf3abde9f2c0887f795fe4c2e7d6f705d077ac9a8a819518e6d,source_tree_sha256,030d6bb049591fda35c4e54df090bbc50eb1e12d8482c28cc71dffec7cef6fa0
2022-05-06,0,action_20,394,574,394,500,0.788,False,2022-05-06__group_00,exp3-full-20260807T072340Z,full,False,primary,exp3,2eebb3dfafa708ac36ff5b5fb2d215b77f5189e37ae94ea9afe8470831770580,e0c1288a22ea2cf3abde9f2c0887f795fe4c2e7d6f705d077ac9a8a819518e6d,source_tree_sha256,030d6bb049591fda35c4e54df090bbc50eb1e12d8482c28cc71dffec7cef6fa0
2022-05-06,1,action_01,6600,5202,5202,500,10.404,True,2022-05-06__group_01,exp3-full-20260807T072340Z,full,False,primary,exp3,2eebb3dfafa708ac36ff5b5fb2d215b77f5189e37ae94ea9afe8470831770580,e0c1288a22ea2cf3abde9f2c0887f795fe4c2e7d6f705d077ac9a8a819518e6d,source_tree_sha256,030d6bb049591fda35c4e54df090bbc50eb1e12d8482c28cc71dffec7cef6fa0
2022-05-06,1,action_02,3120,2322,2322,500,4.644,True,2022-05-06__group_01,exp3-full-20260807T072340Z,full,False,primary,exp3,2eebb3dfafa708ac36ff5b5fb2d215b77f5189e37ae94ea9afe8470831770580,e0c1288a22ea2cf3abde9f2c0887f795fe4c2e7d6f705d077ac9a8a819518e6d,source_tree_sha256,030d6bb049591fda35c4e54df090bbc50eb1e12d8482c28cc71dffec7cef6fa0
2022-05-06,1,action_03,3206,2281,2281,500,4.562,True,2022-05-06__group_01,exp3-full-20260807T072340Z,full,False,primary,exp3,2eebb3dfafa708ac36ff5b5fb2d215b77f5189e37ae94ea9afe8470831770580,e0c1288a22ea2cf3abde9f2c0887f795fe4c2e7d6f705d077ac9a8a819518e6d,source_tree_sha256,030d6bb049591fda35c4e54df090bbc50eb1e12d8482c28cc71dffec7cef6fa0
2022-05-06,1,action_04,4003,2621,2621,500,5.242,True,2022-05-06__group_01,exp3-full-20260807T072340Z,full,False,primary,exp3,2eebb3dfafa708ac36ff5b5fb2d215b77f5189e37ae94ea9afe8470831770580,e0c1288a22ea2cf3abde9f2c0887f795fe4c2e7d6f705d077ac9a8a819518e6d,source_tree_sha256,030d6bb049591fda35c4e54df090bbc50eb1e12d8482c28cc71dffec7cef6fa0
2022-05-06,1,action_05,2248,2192,2192,500,4.384,True,2022-05-06__group_01,exp3-full-20260807T072340Z,full,False,primary,exp3,2eebb3dfafa708ac36ff5b5fb2d215b77f5189e37ae94ea9afe8470831770580,e0c1288a22ea2cf3abde9f2c0887f795fe4c2e7d6f705d077ac9a8a819518e6d,source_tree_sha256,030d6bb049591fda35c4e54df090bbc50eb1e12d8482c28cc71dffec7cef6fa0
2022-05-06,1,action_06,1190,1557,1190,500,2.38,True,2022-05-06__group_01,exp3-full-20260807T072340Z,full,False,primary,exp3,2eebb3dfafa708ac36ff5b5fb2d215b77f5189e37ae94ea9afe8470831770580,e0c1288a22ea2cf3abde9f2c0887f795fe4c2e7d6f705d077ac9a8a819518e6d,source_tree_sha256,030d6bb049591fda35c4e54df090bbc50eb1e12d8482c28cc71dffec7cef6fa0
2022-05-06,1,action_07,2105,1705,1705,500,3.41,True,2022-05-06__group_01,exp3-full-20260807T072340Z,full,False,primary,exp3,2eebb3dfafa708ac36ff5b5fb2d215b77f5189e37ae94ea9afe8470831770580,e0c1288a22ea2cf3abde9f2c0887f795fe4c2e7d6f705d077ac9a8a819518e6d,source_tree_sha256,030d6bb049591fda35c4e54df090bbc50eb1e12d8482c28cc71dffec7cef6fa0
2022-05-06,1,action_08,2425,1624,1624,500,3.248,True,2022-05-06__group_01,exp3-full-20260807T072340Z,full,False,primary,exp3,2eebb3dfafa708ac36ff5b5fb2d215b77f5189e37ae94ea9afe8470831770580,e0c1288a22ea2cf3abde9f2c0887f795fe4c2e7d6f705d077ac9a8a819518e6d,source_tree_sha256,030d6bb049591fda35c4e54df090bbc50eb1e12d8482c28cc71dffec7cef6fa0
2022-05-06,1,action_09,2331,1631,1631,500,3.262,True,2022-05-06__group_01,exp3-full-20260807T072340Z,full,False,primary,exp3,2eebb3dfafa708ac36ff5b5fb2d215b77f5189e37ae94ea9afe8470831770580,e0c1288a22ea2cf3abde9f2c0887f795fe4c2e7d6f705d077ac9a8a819518e6d,source_tree_sha256,030d6bb049591fda35c4e54df090bbc50eb1e12d8482c28cc71dffec7cef6fa0
2022-05-06,1,action_10,1790,1193,1193,500,2.386,True,2022-05-06__group_01,exp3-full-20260807T072340Z,full,False,primary,exp3,2eebb3dfafa708ac36ff5b5fb2d215b77f5189e37ae94ea9afe8470831770580,e0c1288a22ea2cf3abde9f2c0887f795fe4c2e7d6f705d077ac9a8a819518e6d,source_tree_sha256,030d6bb049591fda35c4e54df090bbc50eb1e12d8482c28cc71dffec7cef6fa0
2022-05-06,1,action_11,1187,1247,1187,500,2.374,True,2022-05-06__group_01,exp3-full-20260807T072340Z,full,False,primary,exp3,2eebb3dfafa708ac36ff5b5fb2d215b77f5189e37ae94ea9afe8470831770580,e0c1288a22ea2cf3abde9f2c0887f795fe4c2e7d6f705d077ac9a8a819518e6d,source_tree_sha256,030d6bb049591fda35c4e54df090bbc50eb1e12d8482c28cc71dffec7cef6fa0
2022-05-06,1,action_12,778,764,764,500,1.528,True,2022-05-06__group_01,exp3-full-20260807T072340Z,full,False,primary,exp3,2eebb3dfafa708ac36ff5b5fb2d215b77f5189e37ae94ea9afe8470831770580,e0c1288a22ea2cf3abde9f2c0887f795fe4c2e7d6f705d077ac9a8a819518e6d,source_tree_sha256,030d6bb049591fda35c4e54df090bbc50eb1e12d8482c28cc71dffec7cef6fa0
2022-05-06,1,action_13,1004,641,641,500,1.282,True,2022-05-06__group_01,exp3-full-20260807T072340Z,full,False,primary,exp3,2eebb3dfafa708ac36ff5b5fb2d215b77f5189e37ae94ea9afe8470831770580,e0c1288a22ea2cf3abde9f2c0887f795fe4c2e7d6f705d077ac9a8a819518e6d,source_tree_sha256,030d6bb049591fda35c4e54df090bbc50eb1e12d8482c28cc71dffec7cef6fa0
2022-05-06,1,action_14,1377,823,823,500,1.646,True,2022-05-06__group_01,exp3-full-20260807T072340Z,full,False,primary,exp3,2eebb3dfafa708ac36ff5b5fb2d215b77f5189e37ae94ea9afe8470831770580,e0c1288a22ea2cf3abde9f2c0887f795fe4c2e7d6f705d077ac9a8a819518e6d,source_tree_sha256,030d6bb049591fda35c4e54df090bbc50eb1e12d8482c28cc71dffec7cef6fa0
2022-05-06,1,action_15,1522,1205,1205,500,2.41,True,2022-05-06__group_01,exp3-full-20260807T072340Z,full,False,primary,exp3,2eebb3dfafa708ac36ff5b5fb2d215b77f5189e37ae94ea9afe8470831770580,e0c1288a22ea2cf3abde9f2c0887f795fe4c2e7d6f705d077ac9a8a819518e6d,source_tree_sha256,030d6bb049591fda35c4e54df090bbc50eb1e12d8482c28cc71dffec7cef6fa0
2022-05-06,1,action_16,1130,806,806,500,1.612,True,2022-05-06__group_01,exp3-full-20260807T072340Z,full,False,primary,exp3,2eebb3dfafa708ac36ff5b5fb2d215b77f5189e37ae94ea9afe8470831770580,e0c1288a22ea2cf3abde9f2c0887f795fe4c2e7d6f705d077ac9a8a819518e6d,source_tree_sha256,030d6bb049591fda35c4e54df090bbc50eb1e12d8482c28cc71dffec7cef6fa0
2022-05-06,1,action_17,904,992,904,500,1.808,True,2022-05-06__group_01,exp3-full-20260807T072340Z,full,False,primary,exp3,2eebb3dfafa708ac36ff5b5fb2d215b77f5189e37ae94ea9afe8470831770580,e0c1288a22ea2cf3abde9f2c0887f795fe4c2e7d6f705d077ac9a8a819518e6d,source_tree_sha256,030d6bb049591fda35c4e54df090bbc50eb1e12d8482c28cc71dffec7cef6fa0
2022-05-06,1,action_18,957,759,759,500,1.518,True,2022-05-06__group_01,exp3-full-20260807T072340Z,full,False,primary,exp3,2eebb3dfafa708ac36ff5b5fb2d215b77f5189e37ae94ea9afe8470831770580,e0c1288a22ea2cf3abde9f2c0887f795fe4c2e7d6f705d077ac9a8a819518e6d,source_tree_sha256,030d6bb049591fda35c4e54df090bbc50eb1e12d8482c28cc71dffec7cef6fa0
2022-05-06,1,action_19,973,620,620,500,1.24,True,2022-05-06__group_01,exp3-full-20260807T072340Z,full,False,primary,exp3,2eebb3dfafa708ac36ff5b5fb2d215b77f5189e37ae94ea9afe8470831770580,e0c1288a22ea2cf3abde9f2c0887f795fe4c2e7d6f705d077ac9a8a819518e6d,source_tree_sha256,030d6bb049591fda35c4e54df090bbc50eb1e12d8482c28cc71dffec7cef6fa0
2022-05-06,1,action_20,768,760,760,500,1.52,True,2022-05-06__group_01,exp3-full-20260807T072340Z,full,False,primary,exp3,2eebb3dfafa708ac36ff5b5fb2d215b77f5189e37ae94ea9afe8470831770580,e0c1288a22ea2cf3abde9f2c0887f795fe4c2e7d6f705d077ac9a8a819518e6d,source_tree_sha256,030d6bb049591fda35c4e54df090bbc50eb1e12d8482c28cc71dffec7cef6fa0
2022-05-06,2,action_01,6027,3826,3826,500,7.652,True,2022-05-06__group_02,exp3-full-20260807T072340Z,full,False,primary,exp3,2eebb3dfafa708ac36ff5b5fb2d215b77f5189e37ae94ea9afe8470831770580,e0c1288a22ea2cf3abde9f2c0887f795fe4c2e7d6f705d077ac9a8a819518e6d,source_tree_sha256,030d6bb049591fda35c4e54df090bbc50eb1e12d8482c28cc71dffec7cef6fa0
2022-05-06,2,action_02,3399,2416,2416,500,4.832,True,2022-05-06__group_02,exp3-full-20260807T072340Z,full,False,primary,exp3,2eebb3dfafa708ac36ff5b5fb2d215b77f5189e37ae94ea9afe8470831770580,e0c1288a22ea2cf3abde9f2c0887f795fe4c2e7d6f705d077ac9a8a819518e6d,source_tree_sha256,030d6bb049591fda35c4e54df090bbc50eb1e12d8482c28cc71dffec7cef6fa0
2022-05-06,2,action_03,3010,2423,2423,500,4.846,True,2022-05-06__group_02,exp3-full-20260807T072340Z,full,False,primary,exp3,2eebb3dfafa708ac36ff5b5fb2d215b77f5189e37ae94ea9afe8470831770580,e0c1288a22ea2cf3abde9f2c0887f795fe4c2e7d6f705d077ac9a8a819518e6d,source_tree_sha256,030d6bb049591fda35c4e54df090bbc50eb1e12d8482c28cc71dffec7cef6fa0
2022-05-06,2,action_04,2720,1565,1565,500,3.13,True,2022-05-06__group_02,exp3-full-20260807T072340Z,full,False,primary,exp3,2eebb3dfafa708ac36ff5b5fb2d215b77f5189e37ae94ea9afe8470831770580,e0c1288a22ea2cf3abde9f2c0887f795fe4c2e7d6f705d077ac9a8a819518e6d,source_tree_sha256,030d6bb049591fda35c4e54df090bbc50eb1e12d8482c28cc71dffec7cef6fa0
2022-05-06,2,action_05,2724,1334,1334,500,2.668,True,2022-05-06__group_02,exp3-full-20260807T072340Z,full,False,primary,exp3,2eebb3dfafa708ac36ff5b5fb2d215b77f5189e37ae94ea9afe8470831770580,e0c1288a22ea2cf3abde9f2c0887f795fe4c2e7d6f705d077ac9a8a819518e6d,source_tree_sha256,030d6bb049591fda35c4e54df090bbc50eb1e12d8482c28cc71dffec7cef6fa0
2022-05-06,2,action_06,1728,1545,1545,500,3.09,True,2022-05-06__group_02,exp3-full-20260807T072340Z,full,False,primary,exp3,2eebb3dfafa708ac36ff5b5fb2d215b77f5189e37ae94ea9afe8470831770580,e0c1288a22ea2cf3abde9f2c0887f795fe4c2e7d6f705d077ac9a8a819518e6d,source_tree_sha256,030d6bb049591fda35c4e54df090bbc50eb1e12d8482c28cc71dffec7cef6fa0
2022-05-06,2,action_07,2249,1336,1336,500,2.672,True,2022-05-06__group_02,exp3-full-20260807T072340Z,full,False,primary,exp3,2eebb3dfafa708ac36ff5b5fb2d215b77f5189e37ae94ea9afe8470831770580,e0c1288a22ea2cf3abde9f2c0887f795fe4c2e7d6f705d077ac9a8a819518e6d,source_tree_sha256,030d6bb049591fda35c4e54df090bbc50eb1e12d8482c28cc71dffec7cef6fa0
2022-05-06,2,action_08,2333,1866,1866,500,3.732,True,2022-05-06__group_02,exp3-full-20260807T072340Z,full,False,primary,exp3,2eebb3dfafa708ac36ff5b5fb2d215b77f5189e37ae94ea9afe8470831770580,e0c1288a22ea2cf3abde9f2c0887f795fe4c2e7d6f705d077ac9a8a819518e6d,source_tree_sha256,030d6bb049591fda35c4e54df090bbc50eb1e12d8482c28cc71dffec7cef6fa0
2022-05-06,2,action_09,2732,1053,1053,500,2.106,True,2022-05-06__group_02,exp3-full-20260807T072340Z,full,False,primary,exp3,2eebb3dfafa708ac36ff5b5fb2d215b77f5189e37ae94ea9afe8470831770580,e0c1288a22ea2cf3abde9f2c0887f795fe4c2e7d6f705d077ac9a8a819518e6d,source_tree_sha256,030d6bb049591fda35c4e54df090bbc50eb1e12d8482c28cc71dffec7cef6fa0
2022-05-06,2,action_10,1649,1225,1225,500,2.45,True,2022-05-06__group_02,exp3-full-20260807T072340Z,full,False,primary,exp3,2eebb3dfafa708ac36ff5b5fb2d215b77f5189e37ae94ea9afe8470831770580,e0c1288a22ea2cf3abde9f2c0887f795fe4c2e7d6f705d077ac9a8a819518e6d,source_tree_sha256,030d6bb049591fda35c4e54df090bbc50eb1e12d8482c28cc71dffec7cef6fa0
2022-05-06,2,action_11,1576,862,862,500,1.724,True,2022-05-06__group_02,exp3-full-20260807T072340Z,full,False,primary,exp3,2eebb3dfafa708ac36ff5b5fb2d215b77f5189e37ae94ea9afe8470831770580,e0c1288a22ea2cf3abde9f2c0887f795fe4c2e7d6f705d077ac9a8a819518e6d,source_tree_sha256,030d6bb049591fda35c4e54df090bbc50eb1e12d8482c28cc71dffec7cef6fa0
2022-05-06,2,action_12,941,816,816,500,1.632,True,2022-05-06__group_02,exp3-full-20260807T072340Z,full,False,primary,exp3,2eebb3dfafa708ac36ff5b5fb2d215b77f5189e37ae94ea9afe8470831770580,e0c1288a22ea2cf3abde9f2c0887f795fe4c2e7d6f705d077ac9a8a819518e6d,source_tree_sha256,030d6bb049591fda35c4e54df090bbc50eb1e12d8482c28cc71dffec7cef6fa0
2022-05-06,2,action_13,1057,656,656,500,1.312,True,2022-05-06__group_02,exp3-full-20260807T072340Z,full,False,primary,exp3,2eebb3dfafa708ac36ff5b5fb2d215b77f5189e37ae94ea9afe8470831770580,e0c1288a22ea2cf3abde9f2c0887f795fe4c2e7d6f705d077ac9a8a819518e6d,source_tree_sha256,030d6bb049591fda35c4e54df090bbc50eb1e12d8482c28cc71dffec7cef6fa0
2022-05-06,2,action_14,1376,750,750,500,1.5,True,2022-05-06__group_02,exp3-full-20260807T072340Z,full,False,primary,exp3,2eebb3dfafa708ac36ff5b5fb2d215b77f5189e37ae94ea9afe8470831770580,e0c1288a22ea2cf3abde9f2c0887f795fe4c2e7d6f705d077ac9a8a819518e6d,source_tree_sha256,030d6bb049591fda35c4e54df090bbc50eb1e12d8482c28cc71dffec7cef6fa0
2022-05-06,2,action_15,1226,1090,1090,500,2.18,True,2022-05-06__group_02,exp3-full-20260807T072340Z,full,False,primary,exp3,2eebb3dfafa708ac36ff5b5fb2d215b77f5189e37ae94ea9afe8470831770580,e0c1288a22ea2cf3abde9f2c0887f795fe4c2e7d6f705d077ac9a8a819518e6d,source_tree_sha256,030d6bb049591fda35c4e54df090bbc50eb1e12d8482c28cc71dffec7cef6fa0
2022-05-06,2,action_16,848,561,561,500,1.122,True,2022-05-06__group_02,exp3-full-20260807T072340Z,full,False,primary,exp3,2eebb3dfafa708ac36ff5b5fb2d215b77f5189e37ae94ea9afe8470831770580,e0c1288a22ea2cf3abde9f2c0887f795fe4c2e7d6f705d077ac9a8a819518e6d,source_tree_sha256,030d6bb049591fda35c4e54df090bbc50eb1e12d8482c28cc71dffec7cef6fa0
2022-05-06,2,action_17,1086,735,735,500,1.47,True,2022-05-06__group_02,exp3-full-20260807T072340Z,full,False,primary,exp3,2eebb3dfafa708ac36ff5b5fb2d215b77f5189e37ae94ea9afe8470831770580,e0c1288a22ea2cf3abde9f2c0887f795fe4c2e7d6f705d077ac9a8a819518e6d,source_tree_sha256,030d6bb049591fda35c4e54df090bbc50eb1e12d8482c28cc71dffec7cef6fa0
2022-05-06,2,action_18,1010,593,593,500,1.186,True,2022-05-06__group_02,exp3-full-20260807T072340Z,full,False,primary,exp3,2eebb3dfafa708ac36ff5b5fb2d215b77f5189e37ae94ea9afe8470831770580,e0c1288a22ea2cf3abde9f2c0887f795fe4c2e7d6f705d077ac9a8a819518e6d,source_tree_sha256,030d6bb049591fda35c4e54df090bbc50eb1e12d8482c28cc71dffec7cef6fa0
2022-05-06,2,action_19,1195,686,686,500,1.372,True,2022-05-06__group_02,exp3-full-20260807T072340Z,full,False,primary,exp3,2eebb3dfafa708ac36ff5b5fb2d215b77f5189e37ae94ea9afe8470831770580,e0c1288a22ea2cf3abde9f2c0887f795fe4c2e7d6f705d077ac9a8a819518e6d,source_tree_sha256,030d6bb049591fda35c4e54df090bbc50eb1e12d8482c28cc71dffec7cef6fa0
2022-05-06,2,action_20,701,610,610,500,1.22,True,2022-05-06__group_02,exp3-full-20260807T072340Z,full,False,primary,exp3,2eebb3dfafa708ac36ff5b5fb2d215b77f5189e37ae94ea9afe8470831770580,e0c1288a22ea2cf3abde9f2c0887f795fe4c2e7d6f705d077ac9a8a819518e6d,source_tree_sha256,030d6bb049591fda35c4e54df090bbc50eb1e12d8482c28cc71dffec7cef6fa0
2022-05-06,3,action_01,4198,3965,3965,500,7.93,True,2022-05-06__group_03,exp3-full-20260807T072340Z,full,False,primary,exp3,2eebb3dfafa708ac36ff5b5fb2d215b77f5189e37ae94ea9afe8470831770580,e0c1288a22ea2cf3abde9f2c0887f795fe4c2e7d6f705d077ac9a8a819518e6d,source_tree_sha256,030d6bb049591fda35c4e54df090bbc50eb1e12d8482c28cc71dffec7cef6fa0
2022-05-06,3,action_02,2828,1863,1863,500,3.726,True,2022-05-06__group_03,exp3-full-20260807T072340Z,full,False,primary,exp3,2eebb3dfafa708ac36ff5b5fb2d215b77f5189e37ae94ea9afe8470831770580,e0c1288a22ea2cf3abde9f2c0887f795fe4c2e7d6f705d077ac9a8a819518e6d,source_tree_sha256,030d6bb049591fda35c4e54df090bbc50eb1e12d8482c28cc71dffec7cef6fa0
2022-05-06,3,action_03,2307,1951,1951,500,3.902,True,2022-05-06__group_03,exp3-full-20260807T072340Z,full,False,primary,exp3,2eebb3dfafa708ac36ff5b5fb2d215b77f5189e37ae94ea9afe8470831770580,e0c1288a22ea2cf3abde9f2c0887f795fe4c2e7d6f705d077ac9a8a819518e6d,source_tree_sha256,030d6bb049591fda35c4e54df090bbc50eb1e12d8482c28cc71dffec7cef6fa0
2022-05-06,3,action_04,2106,1807,1807,500,3.614,True,2022-05-06__group_03,exp3-full-20260807T072340Z,full,False,primary,exp3,2eebb3dfafa708ac36ff5b5fb2d215b77f5189e37ae94ea9afe8470831770580,e0c1288a22ea2cf3abde9f2c0887f795fe4c2e7d6f705d077ac9a8a819518e6d,source_tree_sha256,030d6bb049591fda35c4e54df090bbc50eb1e12d8482c28cc71dffec7cef6fa0
2022-05-06,3,action_05,1856,1342,1342,500,2.684,True,2022-05-06__group_03,exp3-full-20260807T072340Z,full,False,primary,exp3,2eebb3dfafa708ac36ff5b5fb2d215b77f5189e37ae94ea9afe8470831770580,e0c1288a22ea2cf3abde9f2c0887f795fe4c2e7d6f705d077ac9a8a819518e6d,source_tree_sha256,030d6bb049591fda35c4e54df090bbc50eb1e12d8482c28cc71dffec7cef6fa0
2022-05-06,3,action_06,1965,1677,1677,500,3.354,True,2022-05-06__group_03,exp3-full-20260807T072340Z,full,False,primary,exp3,2eebb3dfafa708ac36ff5b5fb2d215b77f5189e37ae94ea9afe8470831770580,e0c1288a22ea2cf3abde9f2c0887f795fe4c2e7d6f705d077ac9a8a819518e6d,source_tree_sha256,030d6bb049591fda35c4e54df090bbc50eb1e12d8482c28cc71dffec7cef6fa0
2022-05-06,3,action_07,1552,1425,1425,500,2.85,True,2022-05-06__group_03,exp3-full-20260807T072340Z,full,False,primary,exp3,2eebb3dfafa708ac36ff5b5fb2d215b77f5189e37ae94ea9afe8470831770580,e0c1288a22ea2cf3abde9f2c0887f795fe4c2e7d6f705d077ac9a8a819518e6d,source_tree_sha256,030d6bb049591fda35c4e54df090bbc50eb1e12d8482c28cc71dffec7cef6fa0
2022-05-06,3,action_08,2053,1838,1838,500,3.676,True,2022-05-06__group_03,exp3-full-20260807T072340Z,full,False,primary,exp3,2eebb3dfafa708ac36ff5b5fb2d215b77f5189e37ae94ea9afe8470831770580,e0c1288a22ea2cf3abde9f2c0887f795fe4c2e7d6f705d077ac9a8a819518e6d,source_tree_sha256,030d6bb049591fda35c4e54df090bbc50eb1e12d8482c28cc71dffec7cef6fa0
2022-05-06,3,action_09,1284,842,842,500,1.684,True,2022-05-06__group_03,exp3-full-20260807T072340Z,full,False,primary,exp3,2eebb3dfafa708ac36ff5b5fb2d215b77f5189e37ae94ea9afe8470831770580,e0c1288a22ea2cf3abde9f2c0887f795fe4c2e7d6f705d077ac9a8a819518e6d,source_tree_sha256,030d6bb049591fda35c4e54df090bbc50eb1e12d8482c28cc71dffec7cef6fa0
2022-05-06,3,action_10,1031,821,821,500,1.642,True,2022-05-06__group_03,exp3-full-20260807T072340Z,full,False,primary,exp3,2eebb3dfafa708ac36ff5b5fb2d215b77f5189e37ae94ea9afe8470831770580,e0c1288a22ea2cf3abde9f2c0887f795fe4c2e7d6f705d077ac9a8a819518e6d,source_tree_sha256,030d6bb049591fda35c4e54df090bbc50eb1e12d8482c28cc71dffec7cef6fa0
2022-05-06,3,action_11,675,684,675,500,1.35,True,2022-05-06__group_03,exp3-full-20260807T072340Z,full,False,primary,exp3,2eebb3dfafa708ac36ff5b5fb2d215b77f5189e37ae94ea9afe8470831770580,e0c1288a22ea2cf3abde9f2c0887f795fe4c2e7d6f705d077ac9a8a819518e6d,source_tree_sha256,030d6bb049591fda35c4e54df090bbc50eb1e12d8482c28cc71dffec7cef6fa0
2022-05-06,3,action_12,513,537,513,500,1.026,True,2022-05-06__group_03,exp3-full-20260807T072340Z,full,False,primary,exp3,2eebb3dfafa708ac36ff5b5fb2d215b77f5189e37ae94ea9afe8470831770580,e0c1288a22ea2cf3abde9f2c0887f795fe4c2e7d6f705d077ac9a8a819518e6d,source_tree_sha256,030d6bb049591fda35c4e54df090bbc50eb1e12d8482c28cc71dffec7cef6fa0
2022-05-06,3,action_13,1026,879,879,500,1.758,True,2022-05-06__group_03,exp3-full-20260807T072340Z,full,False,primary,exp3,2eebb3dfafa708ac36ff5b5fb2d215b77f5189e37ae94ea9afe8470831770580,e0c1288a22ea2cf3abde9f2c0887f795fe4c2e7d6f705d077ac9a8a819518e6d,source_tree_sha256,030d6bb049591fda35c4e54df090bbc50eb1e12d8482c28cc71dffec7cef6fa0
2022-05-06,3,action_14,831,707,707,500,1.414,True,2022-05-06__group_03,exp3-full-20260807T072340Z,full,False,primary,exp3,2eebb3dfafa708ac36ff5b5fb2d215b77f5189e37ae94ea9afe8470831770580,e0c1288a22ea2cf3abde9f2c0887f795fe4c2e7d6f705d077ac9a8a819518e6d,source_tree_sha256,030d6bb049591fda35c4e54df090bbc50eb1e12d8482c28cc71dffec7cef6fa0
2022-05-06,3,action_15,962,861,861,500,1.722,True,2022-05-06__group_03,exp3-full-20260807T072340Z,full,False,primary,exp3,2eebb3dfafa708ac36ff5b5fb2d215b77f5189e37ae94ea9afe8470831770580,e0c1288a22ea2cf3abde9f2c0887f795fe4c2e7d6f705d077ac9a8a819518e6d,source_tree_sha256,030d6bb049591fda35c4e54df090bbc50eb1e12d8482c28cc71dffec7cef6fa0
2022-05-06,3,action_16,661,650,650,500,1.3,True,2022-05-06__group_03,exp3-full-20260807T072340Z,full,False,primary,exp3,2eebb3dfafa708ac36ff5b5fb2d215b77f5189e37ae94ea9afe8470831770580,e0c1288a22ea2cf3abde9f2c0887f795fe4c2e7d6f705d077ac9a8a819518e6d,source_tree_sha256,030d6bb049591fda35c4e54df090bbc50eb1e12d8482c28cc71dffec7cef6fa0
2022-05-06,3,action_17,845,637,637,500,1.274,True,2022-05-06__group_03,exp3-full-20260807T072340Z,full,False,primary,exp3,2eebb3dfafa708ac36ff5b5fb2d215b77f5189e37ae94ea9afe8470831770580,e0c1288a22ea2cf3abde9f2c0887f795fe4c2e7d6f705d077ac9a8a819518e6d,source_tree_sha256,030d6bb049591fda35c4e54df090bbc50eb1e12d8482c28cc71dffec7cef6fa0
2022-05-06,3,action_18,513,478,478,500,0.956,False,2022-05-06__group_03,exp3-full-20260807T072340Z,full,False,primary,exp3,2eebb3dfafa708ac36ff5b5fb2d215b77f5189e37ae94ea9afe8470831770580,e0c1288a22ea2cf3abde9f2c0887f795fe4c2e7d6f705d077ac9a8a819518e6d,source_tree_sha256,030d6bb049591fda35c4e54df090bbc50eb1e12d8482c28cc71dffec7cef6fa0
2022-05-06,3,action_19,507,488,488,500,0.976,False,2022-05-06__group_03,exp3-full-20260807T072340Z,full,False,primary,exp3,2eebb3dfafa708ac36ff5b5fb2d215b77f5189e37ae94ea9afe8470831770580,e0c1288a22ea2cf3abde9f2c0887f795fe4c2e7d6f705d077ac9a8a819518e6d,source_tree_sha256,030d6bb049591fda35c4e54df090bbc50eb1e12d8482c28cc71dffec7cef6fa0
2022-05-06,3,action_20,776,587,587,500,1.174,True,2022-05-06__group_03,exp3-full-20260807T072340Z,full,False,primary,exp3,2eebb3dfafa708ac36ff5b5fb2d215b77f5189e37ae94ea9afe8470831770580,e0c1288a22ea2cf3abde9f2c0887f795fe4c2e7d6f705d077ac9a8a819518e6d,source_tree_sha256,030d6bb049591fda35c4e54df090bbc50eb1e12d8482c28cc71dffec7cef6fa0
2022-05-06,4,action_01,3640,5077,3640,500,7.28,True,2022-05-06__group_04,exp3-full-20260807T072340Z,full,False,primary,exp3,2eebb3dfafa708ac36ff5b5fb2d215b77f5189e37ae94ea9afe8470831770580,e0c1288a22ea2cf3abde9f2c0887f795fe4c2e7d6f705d077ac9a8a819518e6d,source_tree_sha256,030d6bb049591fda35c4e54df090bbc50eb1e12d8482c28cc71dffec7cef6fa0
2022-05-06,4,action_02,2705,2293,2293,500,4.586,True,2022-05-06__group_04,exp3-full-20260807T072340Z,full,False,primary,exp3,2eebb3dfafa708ac36ff5b5fb2d215b77f5189e37ae94ea9afe8470831770580,e0c1288a22ea2cf3abde9f2c0887f795fe4c2e7d6f705d077ac9a8a819518e6d,source_tree_sha256,030d6bb049591fda35c4e54df090bbc50eb1e12d8482c28cc71dffec7cef6fa0
2022-05-06,4,action_03,2380,2138,2138,500,4.276,True,2022-05-06__group_04,exp3-full-20260807T072340Z,full,False,primary,exp3,2eebb3dfafa708ac36ff5b5fb2d215b77f5189e37ae94ea9afe8470831770580,e0c1288a22ea2cf3abde9f2c0887f795fe4c2e7d6f705d077ac9a8a819518e6d,source_tree_sha256,030d6bb049591fda35c4e54df090bbc50eb1e12d8482c28cc71dffec7cef6fa0
2022-05-06,4,action_04,2208,2943,2208,500,4.416,True,2022-05-06__group_04,exp3-full-20260807T072340Z,full,False,primary,exp3,2eebb3dfafa708ac36ff5b5fb2d215b77f5189e37ae94ea9afe8470831770580,e0c1288a22ea2cf3abde9f2c0887f795fe4c2e7d6f705d077ac9a8a819518e6d,source_tree_sha256,030d6bb049591fda35c4e54df090bbc50eb1e12d8482c28cc71dffec7cef6fa0
2022-05-06,4,action_05,2267,1953,1953,500,3.906,True,2022-05-06__group_04,exp3-full-20260807T072340Z,full,False,primary,exp3,2eebb3dfafa708ac36ff5b5fb2d215b77f5189e37ae94ea9afe8470831770580,e0c1288a22ea2cf3abde9f2c0887f795fe4c2e7d6f705d077ac9a8a819518e6d,source_tree_sha256,030d6bb049591fda35c4e54df090bbc50eb1e12d8482c28cc71dffec7cef6fa0
2022-05-06,4,action_06,2057,2108,2057,500,4.114,True,2022-05-06__group_04,exp3-full-20260807T072340Z,full,False,primary,exp3,2eebb3dfafa708ac36ff5b5fb2d215b77f5189e37ae94ea9afe8470831770580,e0c1288a22ea2cf3abde9f2c0887f795fe4c2e7d6f705d077ac9a8a819518e6d,source_tree_sha256,030d6bb049591fda35c4e54df090bbc50eb1e12d8482c28cc71dffec7cef6fa0
2022-05-06,4,action_07,1817,1565,1565,500,3.13,True,2022-05-06__group_04,exp3-full-20260807T072340Z,full,False,primary,exp3,2eebb3dfafa708ac36ff5b5fb2d215b77f5189e37ae94ea9afe8470831770580,e0c1288a22ea2cf3abde9f2c0887f795fe4c2e7d6f705d077ac9a8a819518e6d,source_tree_sha256,030d6bb049591fda35c4e54df090bbc50eb1e12d8482c28cc71dffec7cef6fa0
2022-05-06,4,action_08,1642,1476,1476,500,2.952,True,2022-05-06__group_04,exp3-full-20260807T072340Z,full,False,primary,exp3,2eebb3dfafa708ac36ff5b5fb2d215b77f5189e37ae94ea9afe8470831770580,e0c1288a22ea2cf3abde9f2c0887f795fe4c2e7d6f705d077ac9a8a819518e6d,source_tree_sha256,030d6bb049591fda35c4e54df090bbc50eb1e12d8482c28cc71dffec7cef6fa0
2022-05-06,4,action_09,1806,1663,1663,500,3.326,True,2022-05-06__group_04,exp3-full-20260807T072340Z,full,False,primary,exp3,2eebb3dfafa708ac36ff5b5fb2d215b77f5189e37ae94ea9afe8470831770580,e0c1288a22ea2cf3abde9f2c0887f795fe4c2e7d6f705d077ac9a8a819518e6d,source_tree_sha256,030d6bb049591fda35c4e54df090bbc50eb1e12d8482c28cc71dffec7cef6fa0
2022-05-06,4,action_10,1194,1305,1194,500,2.388,True,2022-05-06__group_04,exp3-full-20260807T072340Z,full,False,primary,exp3,2eebb3dfafa708ac36ff5b5fb2d215b77f5189e37ae94ea9afe8470831770580,e0c1288a22ea2cf3abde9f2c0887f795fe4c2e7d6f705d077ac9a8a819518e6d,source_tree_sha256,030d6bb049591fda35c4e54df090bbc50eb1e12d8482c28cc71dffec7cef6fa0
2022-05-06,4,action_11,1075,934,934,500,1.868,True,2022-05-06__group_04,exp3-full-20260807T072340Z,full,False,primary,exp3,2eebb3dfafa708ac36ff5b5fb2d215b77f5189e37ae94ea9afe8470831770580,e0c1288a22ea2cf3abde9f2c0887f795fe4c2e7d6f705d077ac9a8a819518e6d,source_tree_sha256,030d6bb049591fda35c4e54df090bbc50eb1e12d8482c28cc71dffec7cef6fa0
2022-05-06,4,action_12,542,1354,542,500,1.084,True,2022-05-06__group_04,exp3-full-20260807T072340Z,full,False,primary,exp3,2eebb3dfafa708ac36ff5b5fb2d215b77f5189e37ae94ea9afe8470831770580,e0c1288a22ea2cf3abde9f2c0887f795fe4c2e7d6f705d077ac9a8a819518e6d,source_tree_sha256,030d6bb049591fda35c4e54df090bbc50eb1e12d8482c28cc71dffec7cef6fa0
2022-05-06,4,action_13,721,740,721,500,1.442,True,2022-05-06__group_04,exp3-full-20260807T072340Z,full,False,primary,exp3,2eebb3dfafa708ac36ff5b5fb2d215b77f5189e37ae94ea9afe8470831770580,e0c1288a22ea2cf3abde9f2c0887f795fe4c2e7d6f705d077ac9a8a819518e6d,source_tree_sha256,030d6bb049591fda35c4e54df090bbc50eb1e12d8482c28cc71dffec7cef6fa0
2022-05-06,4,action_14,787,661,661,500,1.322,True,2022-05-06__group_04,exp3-full-20260807T072340Z,full,False,primary,exp3,2eebb3dfafa708ac36ff5b5fb2d215b77f5189e37ae94ea9afe8470831770580,e0c1288a22ea2cf3abde9f2c0887f795fe4c2e7d6f705d077ac9a8a819518e6d,source_tree_sha256,030d6bb049591fda35c4e54df090bbc50eb1e12d8482c28cc71dffec7cef6fa0
2022-05-06,4,action_15,1292,994,994,500,1.988,True,2022-05-06__group_04,exp3-full-20260807T072340Z,full,False,primary,exp3,2eebb3dfafa708ac36ff5b5fb2d215b77f5189e37ae94ea9afe8470831770580,e0c1288a22ea2cf3abde9f2c0887f795fe4c2e7d6f705d077ac9a8a819518e6d,source_tree_sha256,030d6bb049591fda35c4e54df090bbc50eb1e12d8482c28cc71dffec7cef6fa0
2022-05-06,4,action_16,1072,635,635,500,1.27,True,2022-05-06__group_04,exp3-full-20260807T072340Z,full,False,primary,exp3,2eebb3dfafa708ac36ff5b5fb2d215b77f5189e37ae94ea9afe8470831770580,e0c1288a22ea2cf3abde9f2c0887f795fe4c2e7d6f705d077ac9a8a819518e6d,source_tree_sha256,030d6bb049591fda35c4e54df090bbc50eb1e12d8482c28cc71dffec7cef6fa0
2022-05-06,4,action_17,987,809,809,500,1.618,True,2022-05-06__group_04,exp3-full-20260807T072340Z,full,False,primary,exp3,2eebb3dfafa708ac36ff5b5fb2d215b77f5189e37ae94ea9afe8470831770580,e0c1288a22ea2cf3abde9f2c0887f795fe4c2e7d6f705d077ac9a8a819518e6d,source_tree_sha256,030d6bb049591fda35c4e54df090bbc50eb1e12d8482c28cc71dffec7cef6fa0
2022-05-06,4,action_18,723,701,701,500,1.402,True,2022-05-06__group_04,exp3-full-20260807T072340Z,full,False,primary,exp3,2eebb3dfafa708ac36ff5b5fb2d215b77f5189e37ae94ea9afe8470831770580,e0c1288a22ea2cf3abde9f2c0887f795fe4c2e7d6f705d077ac9a8a819518e6d,source_tree_sha256,030d6bb049591fda35c4e54df090bbc50eb1e12d8482c28cc71dffec7cef6fa0
2022-05-06,4,action_19,652,599,599,500,1.198,True,2022-05-06__group_04,exp3-full-20260807T072340Z,full,False,primary,exp3,2eebb3dfafa708ac36ff5b5fb2d215b77f5189e37ae94ea9afe8470831770580,e0c1288a22ea2cf3abde9f2c0887f795fe4c2e7d6f705d077ac9a8a819518e6d,source_tree_sha256,030d6bb049591fda35c4e54df090bbc50eb1e12d8482c28cc71dffec7cef6fa0
2022-05-06,4,action_20,751,486,486,500,0.972,False,2022-05-06__group_04,exp3-full-20260807T072340Z,full,False,primary,exp3,2eebb3dfafa708ac36ff5b5fb2d215b77f5189e37ae94ea9afe8470831770580,e0c1288a22ea2cf3abde9f2c0887f795fe4c2e7d6f705d077ac9a8a819518e6d,source_tree_sha256,030d6bb049591fda35c4e54df090bbc50eb1e12d8482c28cc71dffec7cef6fa0
2022-05-07,0,action_01,4395,4553,4395,500,8.79,True,2022-05-07__group_00,exp3-full-20260807T072340Z,full,False,primary,exp3,2eebb3dfafa708ac36ff5b5fb2d215b77f5189e37ae94ea9afe8470831770580,e0c1288a22ea2cf3abde9f2c0887f795fe4c2e7d6f705d077ac9a8a819518e6d,source_tree_sha256,030d6bb049591fda35c4e54df090bbc50eb1e12d8482c28cc71dffec7cef6fa0
2022-05-07,0,action_02,1875,2825,1875,500,3.75,True,2022-05-07__group_00,exp3-full-20260807T072340Z,full,False,primary,exp3,2eebb3dfafa708ac36ff5b5fb2d215b77f5189e37ae94ea9afe8470831770580,e0c1288a22ea2cf3abde9f2c0887f795fe4c2e7d6f705d077ac9a8a819518e6d,source_tree_sha256,030d6bb049591fda35c4e54df090bbc50eb1e12d8482c28cc71dffec7cef6fa0
2022-05-07,0,action_03,2334,2981,2334,500,4.668,True,2022-05-07__group_00,exp3-full-20260807T072340Z,full,False,primary,exp3,2eebb3dfafa708ac36ff5b5fb2d215b77f5189e37ae94ea9afe8470831770580,e0c1288a22ea2cf3abde9f2c0887f795fe4c2e7d6f705d077ac9a8a819518e6d,source_tree_sha256,030d6bb049591fda35c4e54df090bbc50eb1e12d8482c28cc71dffec7cef6fa0
2022-05-07,0,action_04,2163,2714,2163,500,4.326,True,2022-05-07__group_00,exp3-full-20260807T072340Z,full,False,primary,exp3,2eebb3dfafa708ac36ff5b5fb2d215b77f5189e37ae94ea9afe8470831770580,e0c1288a22ea2cf3abde9f2c0887f795fe4c2e7d6f705d077ac9a8a819518e6d,source_tree_sha256,030d6bb049591fda35c4e54df090bbc50eb1e12d8482c28cc71dffec7cef6fa0
2022-05-07,0,action_05,1825,2289,1825,500,3.65,True,2022-05-07__group_00,exp3-full-20260807T072340Z,full,False,primary,exp3,2eebb3dfafa708ac36ff5b5fb2d215b77f5189e37ae94ea9afe8470831770580,e0c1288a22ea2cf3abde9f2c0887f795fe4c2e7d6f705d077ac9a8a819518e6d,source_tree_sha256,030d6bb049591fda35c4e54df090bbc50eb1e12d8482c28cc71dffec7cef6fa0
2022-05-07,0,action_06,2028,1391,1391,500,2.782,True,2022-05-07__group_00,exp3-full-20260807T072340Z,full,False,primary,exp3,2eebb3dfafa708ac36ff5b5fb2d215b77f5189e37ae94ea9afe8470831770580,e0c1288a22ea2cf3abde9f2c0887f795fe4c2e7d6f705d077ac9a8a819518e6d,source_tree_sha256,030d6bb049591fda35c4e54df090bbc50eb1e12d8482c28cc71dffec7cef6fa0
2022-05-07,0,action_07,1424,1514,1424,500,2.848,True,2022-05-07__group_00,exp3-full-20260807T072340Z,full,False,primary,exp3,2eebb3dfafa708ac36ff5b5fb2d215b77f5189e37ae94ea9afe8470831770580,e0c1288a22ea2cf3abde9f2c0887f795fe4c2e7d6f705d077ac9a8a819518e6d,source_tree_sha256,030d6bb049591fda35c4e54df090bbc50eb1e12d8482c28cc71dffec7cef6fa0
2022-05-07,0,action_08,1435,2319,1435,500,2.87,True,2022-05-07__group_00,exp3-full-20260807T072340Z,full,False,primary,exp3,2eebb3dfafa708ac36ff5b5fb2d215b77f5189e37ae94ea9afe8470831770580,e0c1288a22ea2cf3abde9f2c0887f795fe4c2e7d6f705d077ac9a8a819518e6d,source_tree_sha256,030d6bb049591fda35c4e54df090bbc50eb1e12d8482c28cc71dffec7cef6fa0
2022-05-07,0,action_09,1023,1159,1023,500,2.046,True,2022-05-07__group_00,exp3-full-20260807T072340Z,full,False,primary,exp3,2eebb3dfafa708ac36ff5b5fb2d215b77f5189e37ae94ea9afe8470831770580,e0c1288a22ea2cf3abde9f2c0887f795fe4c2e7d6f705d077ac9a8a819518e6d,source_tree_sha256,030d6bb049591fda35c4e54df090bbc50eb1e12d8482c28cc71dffec7cef6fa0
2022-05-07,0,action_10,1145,2581,1145,500,2.29,True,2022-05-07__group_00,exp3-full-20260807T072340Z,full,False,primary,exp3,2eebb3dfafa708ac36ff5b5fb2d215b77f5189e37ae94ea9afe8470831770580,e0c1288a22ea2cf3abde9f2c0887f795fe4c2e7d6f705d077ac9a8a819518e6d,source_tree_sha256,030d6bb049591fda35c4e54df090bbc50eb1e12d8482c28cc71dffec7cef6fa0
2022-05-07,0,action_11,1011,1306,1011,500,2.022,True,2022-05-07__group_00,exp3-full-20260807T072340Z,full,False,primary,exp3,2eebb3dfafa708ac36ff5b5fb2d215b77f5189e37ae94ea9afe8470831770580,e0c1288a22ea2cf3abde9f2c0887f795fe4c2e7d6f705d077ac9a8a819518e6d,source_tree_sha256,030d6bb049591fda35c4e54df090bbc50eb1e12d8482c28cc71dffec7cef6fa0
2022-05-07,0,action_12,1073,1201,1073,500,2.146,True,2022-05-07__group_00,exp3-full-20260807T072340Z,full,False,primary,exp3,2eebb3dfafa708ac36ff5b5fb2d215b77f5189e37ae94ea9afe8470831770580,e0c1288a22ea2cf3abde9f2c0887f795fe4c2e7d6f705d077ac9a8a819518e6d,source_tree_sha256,030d6bb049591fda35c4e54df090bbc50eb1e12d8482c28cc71dffec7cef6fa0
2022-05-07,0,action_13,1007,1016,1007,500,2.014,True,2022-05-07__group_00,exp3-full-20260807T072340Z,full,False,primary,exp3,2eebb3dfafa708ac36ff5b5fb2d215b77f5189e37ae94ea9afe8470831770580,e0c1288a22ea2cf3abde9f2c0887f795fe4c2e7d6f705d077ac9a8a819518e6d,source_tree_sha256,030d6bb049591fda35c4e54df090bbc50eb1e12d8482c28cc71dffec7cef6fa0
2022-05-07,0,action_14,510,791,510,500,1.02,True,2022-05-07__group_00,exp3-full-20260807T072340Z,full,False,primary,exp3,2eebb3dfafa708ac36ff5b5fb2d215b77f5189e37ae94ea9afe8470831770580,e0c1288a22ea2cf3abde9f2c0887f795fe4c2e7d6f705d077ac9a8a819518e6d,source_tree_sha256,030d6bb049591fda35c4e54df090bbc50eb1e12d8482c28cc71dffec7cef6fa0
2022-05-07,0,action_15,762,1152,762,500,1.524,True,2022-05-07__group_00,exp3-full-20260807T072340Z,full,False,primary,exp3,2eebb3dfafa708ac36ff5b5fb2d215b77f5189e37ae94ea9afe8470831770580,e0c1288a22ea2cf3abde9f2c0887f795fe4c2e7d6f705d077ac9a8a819518e6d,source_tree_sha256,030d6bb049591fda35c4e54df090bbc50eb1e12d8482c28cc71dffec7cef6fa0
2022-05-07,0,action_16,844,992,844,500,1.688,True,2022-05-07__group_00,exp3-full-20260807T072340Z,full,False,primary,exp3,2eebb3dfafa708ac36ff5b5fb2d215b77f5189e37ae94ea9afe8470831770580,e0c1288a22ea2cf3abde9f2c0887f795fe4c2e7d6f705d077ac9a8a819518e6d,source_tree_sha256,030d6bb049591fda35c4e54df090bbc50eb1e12d8482c28cc71dffec7cef6fa0
2022-05-07,0,action_17,828,842,828,500,1.656,True,2022-05-07__group_00,exp3-full-20260807T072340Z,full,False,primary,exp3,2eebb3dfafa708ac36ff5b5fb2d215b77f5189e37ae94ea9afe8470831770580,e0c1288a22ea2cf3abde9f2c0887f795fe4c2e7d6f705d077ac9a8a819518e6d,source_tree_sha256,030d6bb049591fda35c4e54df090bbc50eb1e12d8482c28cc71dffec7cef6fa0
2022-05-07,0,action_18,726,908,726,500,1.452,True,2022-05-07__group_00,exp3-full-20260807T072340Z,full,False,primary,exp3,2eebb3dfafa708ac36ff5b5fb2d215b77f5189e37ae94ea9afe8470831770580,e0c1288a22ea2cf3abde9f2c0887f795fe4c2e7d6f705d077ac9a8a819518e6d,source_tree_sha256,030d6bb049591fda35c4e54df090bbc50eb1e12d8482c28cc71dffec7cef6fa0
2022-05-07,0,action_19,596,605,596,500,1.192,True,2022-05-07__group_00,exp3-full-20260807T072340Z,full,False,primary,exp3,2eebb3dfafa708ac36ff5b5fb2d215b77f5189e37ae94ea9afe8470831770580,e0c1288a22ea2cf3abde9f2c0887f795fe4c2e7d6f705d077ac9a8a819518e6d,source_tree_sha256,030d6bb049591fda35c4e54df090bbc50eb1e12d8482c28cc71dffec7cef6fa0
2022-05-07,0,action_20,337,579,337,500,0.674,False,2022-05-07__group_00,exp3-full-20260807T072340Z,full,False,primary,exp3,2eebb3dfafa708ac36ff5b5fb2d215b77f5189e37ae94ea9afe8470831770580,e0c1288a22ea2cf3abde9f2c0887f795fe4c2e7d6f705d077ac9a8a819518e6d,source_tree_sha256,030d6bb049591fda35c4e54df090bbc50eb1e12d8482c28cc71dffec7cef6fa0
2022-05-07,1,action_01,6061,5744,5744,500,11.488,True,2022-05-07__group_01,exp3-full-20260807T072340Z,full,False,primary,exp3,2eebb3dfafa708ac36ff5b5fb2d215b77f5189e37ae94ea9afe8470831770580,e0c1288a22ea2cf3abde9f2c0887f795fe4c2e7d6f705d077ac9a8a819518e6d,source_tree_sha256,030d6bb049591fda35c4e54df090bbc50eb1e12d8482c28cc71dffec7cef6fa0
2022-05-07,1,action_02,3005,2618,2618,500,5.236,True,2022-05-07__group_01,exp3-full-20260807T072340Z,full,False,primary,exp3,2eebb3dfafa708ac36ff5b5fb2d215b77f5189e37ae94ea9afe8470831770580,e0c1288a22ea2cf3abde9f2c0887f795fe4c2e7d6f705d077ac9a8a819518e6d,source_tree_sha256,030d6bb049591fda35c4e54df090bbc50eb1e12d8482c28cc71dffec7cef6fa0
2022-05-07,1,action_03,3329,2407,2407,500,4.814,True,2022-05-07__group_01,exp3-full-20260807T072340Z,full,False,primary,exp3,2eebb3dfafa708ac36ff5b5fb2d215b77f5189e37ae94ea9afe8470831770580,e0c1288a22ea2cf3abde9f2c0887f795fe4c2e7d6f705d077ac9a8a819518e6d,source_tree_sha256,030d6bb049591fda35c4e54df090bbc50eb1e12d8482c28cc71dffec7cef6fa0
2022-05-07,1,action_04,2963,2705,2705,500,5.41,True,2022-05-07__group_01,exp3-full-20260807T072340Z,full,False,primary,exp3,2eebb3dfafa708ac36ff5b5fb2d215b77f5189e37ae94ea9afe8470831770580,e0c1288a22ea2cf3abde9f2c0887f795fe4c2e7d6f705d077ac9a8a819518e6d,source_tree_sha256,030d6bb049591fda35c4e54df090bbc50eb1e12d8482c28cc71dffec7cef6fa0
2022-05-07,1,action_05,1852,2229,1852,500,3.704,True,2022-05-07__group_01,exp3-full-20260807T072340Z,full,False,primary,exp3,2eebb3dfafa708ac36ff5b5fb2d215b77f5189e37ae94ea9afe8470831770580,e0c1288a22ea2cf3abde9f2c0887f795fe4c2e7d6f705d077ac9a8a819518e6d,source_tree_sha256,030d6bb049591fda35c4e54df090bbc50eb1e12d8482c28cc71dffec7cef6fa0
2022-05-07,1,action_06,1307,1857,1307,500,2.614,True,2022-05-07__group_01,exp3-full-20260807T072340Z,full,False,primary,exp3,2eebb3dfafa708ac36ff5b5fb2d215b77f5189e37ae94ea9afe8470831770580,e0c1288a22ea2cf3abde9f2c0887f795fe4c2e7d6f705d077ac9a8a819518e6d,source_tree_sha256,030d6bb049591fda35c4e54df090bbc50eb1e12d8482c28cc71dffec7cef6fa0
2022-05-07,1,action_07,2034,1701,1701,500,3.402,True,2022-05-07__group_01,exp3-full-20260807T072340Z,full,False,primary,exp3,2eebb3dfafa708ac36ff5b5fb2d215b77f5189e37ae94ea9afe8470831770580,e0c1288a22ea2cf3abde9f2c0887f795fe4c2e7d6f705d077ac9a8a819518e6d,source_tree_sha256,030d6bb049591fda35c4e54df090bbc50eb1e12d8482c28cc71dffec7cef6fa0
2022-05-07,1,action_08,2392,1779,1779,500,3.558,True,2022-05-07__group_01,exp3-full-20260807T072340Z,full,False,primary,exp3,2eebb3dfafa708ac36ff5b5fb2d215b77f5189e37ae94ea9afe8470831770580,e0c1288a22ea2cf3abde9f2c0887f795fe4c2e7d6f705d077ac9a8a819518e6d,source_tree_sha256,030d6bb049591fda35c4e54df090bbc50eb1e12d8482c28cc71dffec7cef6fa0
2022-05-07,1,action_09,1637,1586,1586,500,3.172,True,2022-05-07__group_01,exp3-full-20260807T072340Z,full,False,primary,exp3,2eebb3dfafa708ac36ff5b5fb2d215b77f5189e37ae94ea9afe8470831770580,e0c1288a22ea2cf3abde9f2c0887f795fe4c2e7d6f705d077ac9a8a819518e6d,source_tree_sha256,030d6bb049591fda35c4e54df090bbc50eb1e12d8482c28cc71dffec7cef6fa0
2022-05-07,1,action_10,1842,1265,1265,500,2.53,True,2022-05-07__group_01,exp3-full-20260807T072340Z,full,False,primary,exp3,2eebb3dfafa708ac36ff5b5fb2d215b77f5189e37ae94ea9afe8470831770580,e0c1288a22ea2cf3abde9f2c0887f795fe4c2e7d6f705d077ac9a8a819518e6d,source_tree_sha256,030d6bb049591fda35c4e54df090bbc50eb1e12d8482c28cc71dffec7cef6fa0
2022-05-07,1,action_11,1373,1370,1370,500,2.74,True,2022-05-07__group_01,exp3-full-20260807T072340Z,full,False,primary,exp3,2eebb3dfafa708ac36ff5b5fb2d215b77f5189e37ae94ea9afe8470831770580,e0c1288a22ea2cf3abde9f2c0887f795fe4c2e7d6f705d077ac9a8a819518e6d,source_tree_sha256,030d6bb049591fda35c4e54df090bbc50eb1e12d8482c28cc71dffec7cef6fa0
2022-05-07,1,action_12,916,1003,916,500,1.832,True,2022-05-07__group_01,exp3-full-20260807T072340Z,full,False,primary,exp3,2eebb3dfafa708ac36ff5b5fb2d215b77f5189e37ae94ea9afe8470831770580,e0c1288a22ea2cf3abde9f2c0887f795fe4c2e7d6f705d077ac9a8a819518e6d,source_tree_sha256,030d6bb049591fda35c4e54df090bbc50eb1e12d8482c28cc71dffec7cef6fa0
2022-05-07,1,action_13,843,732,732,500,1.464,True,2022-05-07__group_01,exp3-full-20260807T072340Z,full,False,primary,exp3,2eebb3dfafa708ac36ff5b5fb2d215b77f5189e37ae94ea9afe8470831770580,e0c1288a22ea2cf3abde9f2c0887f795fe4c2e7d6f705d077ac9a8a819518e6d,source_tree_sha256,030d6bb049591fda35c4e54df090bbc50eb1e12d8482c28cc71dffec7cef6fa0
2022-05-07,1,action_14,793,625,625,500,1.25,True,2022-05-07__group_01,exp3-full-20260807T072340Z,full,False,primary,exp3,2eebb3dfafa708ac36ff5b5fb2d215b77f5189e37ae94ea9afe8470831770580,e0c1288a22ea2cf3abde9f2c0887f795fe4c2e7d6f705d077ac9a8a819518e6d,source_tree_sha256,030d6bb049591fda35c4e54df090bbc50eb1e12d8482c28cc71dffec7cef6fa0
2022-05-07,1,action_15,1192,1074,1074,500,2.148,True,2022-05-07__group_01,exp3-full-20260807T072340Z,full,False,primary,exp3,2eebb3dfafa708ac36ff5b5fb2d215b77f5189e37ae94ea9afe8470831770580,e0c1288a22ea2cf3abde9f2c0887f795fe4c2e7d6f705d077ac9a8a819518e6d,source_tree_sha256,030d6bb049591fda35c4e54df090bbc50eb1e12d8482c28cc71dffec7cef6fa0
2022-05-07,1,action_16,1020,784,784,500,1.568,True,2022-05-07__group_01,exp3-full-20260807T072340Z,full,False,primary,exp3,2eebb3dfafa708ac36ff5b5fb2d215b77f5189e37ae94ea9afe8470831770580,e0c1288a22ea2cf3abde9f2c0887f795fe4c2e7d6f705d077ac9a8a819518e6d,source_tree_sha256,030d6bb049591fda35c4e54df090bbc50eb1e12d8482c28cc71dffec7cef6fa0
2022-05-07,1,action_17,804,1028,804,500,1.608,True,2022-05-07__group_01,exp3-full-20260807T072340Z,full,False,primary,exp3,2eebb3dfafa708ac36ff5b5fb2d215b77f5189e37ae94ea9afe8470831770580,e0c1288a22ea2cf3abde9f2c0887f795fe4c2e7d6f705d077ac9a8a819518e6d,source_tree_sha256,030d6bb049591fda35c4e54df090bbc50eb1e12d8482c28cc71dffec7cef6fa0
2022-05-07,1,action_18,928,882,882,500,1.764,True,2022-05-07__group_01,exp3-full-20260807T072340Z,full,False,primary,exp3,2eebb3dfafa708ac36ff5b5fb2d215b77f5189e37ae94ea9afe8470831770580,e0c1288a22ea2cf3abde9f2c0887f795fe4c2e7d6f705d077ac9a8a819518e6d,source_tree_sha256,030d6bb049591fda35c4e54df090bbc50eb1e12d8482c28cc71dffec7cef6fa0
2022-05-07,1,action_19,1360,690,690,500,1.38,True,2022-05-07__group_01,exp3-full-20260807T072340Z,full,False,primary,exp3,2eebb3dfafa708ac36ff5b5fb2d215b77f5189e37ae94ea9afe8470831770580,e0c1288a22ea2cf3abde9f2c0887f795fe4c2e7d6f705d077ac9a8a819518e6d,source_tree_sha256,030d6bb049591fda35c4e54df090bbc50eb1e12d8482c28cc71dffec7cef6fa0
2022-05-07,1,action_20,824,966,824,500,1.648,True,2022-05-07__group_01,exp3-full-20260807T072340Z,full,False,primary,exp3,2eebb3dfafa708ac36ff5b5fb2d215b77f5189e37ae94ea9afe8470831770580,e0c1288a22ea2cf3abde9f2c0887f795fe4c2e7d6f705d077ac9a8a819518e6d,source_tree_sha256,030d6bb049591fda35c4e54df090bbc50eb1e12d8482c28cc71dffec7cef6fa0
2022-05-07,2,action_01,6449,3404,3404,500,6.808,True,2022-05-07__group_02,exp3-full-20260807T072340Z,full,False,primary,exp3,2eebb3dfafa708ac36ff5b5fb2d215b77f5189e37ae94ea9afe8470831770580,e0c1288a22ea2cf3abde9f2c0887f795fe4c2e7d6f705d077ac9a8a819518e6d,source_tree_sha256,030d6bb049591fda35c4e54df090bbc50eb1e12d8482c28cc71dffec7cef6fa0
2022-05-07,2,action_02,2997,2092,2092,500,4.184,True,2022-05-07__group_02,exp3-full-20260807T072340Z,full,False,primary,exp3,2eebb3dfafa708ac36ff5b5fb2d215b77f5189e37ae94ea9afe8470831770580,e0c1288a22ea2cf3abde9f2c0887f795fe4c2e7d6f705d077ac9a8a819518e6d,source_tree_sha256,030d6bb049591fda35c4e54df090bbc50eb1e12d8482c28cc71dffec7cef6fa0
2022-05-07,2,action_03,2995,2064,2064,500,4.128,True,2022-05-07__group_02,exp3-full-20260807T072340Z,full,False,primary,exp3,2eebb3dfafa708ac36ff5b5fb2d215b77f5189e37ae94ea9afe8470831770580,e0c1288a22ea2cf3abde9f2c0887f795fe4c2e7d6f705d077ac9a8a819518e6d,source_tree_sha256,030d6bb049591fda35c4e54df090bbc50eb1e12d8482c28cc71dffec7cef6fa0
2022-05-07,2,action_04,2964,1546,1546,500,3.092,True,2022-05-07__group_02,exp3-full-20260807T072340Z,full,False,primary,exp3,2eebb3dfafa708ac36ff5b5fb2d215b77f5189e37ae94ea9afe8470831770580,e0c1288a22ea2cf3abde9f2c0887f795fe4c2e7d6f705d077ac9a8a819518e6d,source_tree_sha256,030d6bb049591fda35c4e54df090bbc50eb1e12d8482c28cc71dffec7cef6fa0
2022-05-07,2,action_05,2467,1225,1225,500,2.45,True,2022-05-07__group_02,exp3-full-20260807T072340Z,full,False,primary,exp3,2eebb3dfafa708ac36ff5b5fb2d215b77f5189e37ae94ea9afe8470831770580,e0c1288a22ea2cf3abde9f2c0887f795fe4c2e7d6f705d077ac9a8a819518e6d,source_tree_sha256,030d6bb049591fda35c4e54df090bbc50eb1e12d8482c28cc71dffec7cef6fa0
2022-05-07,2,action_06,2187,1549,1549,500,3.098,True,2022-05-07__group_02,exp3-full-20260807T072340Z,full,False,primary,exp3,2eebb3dfafa708ac36ff5b5fb2d215b77f5189e37ae94ea9afe8470831770580,e0c1288a22ea2cf3abde9f2c0887f795fe4c2e7d6f705d077ac9a8a819518e6d,source_tree_sha256,030d6bb049591fda35c4e54df090bbc50eb1e12d8482c28cc71dffec7cef6fa0
2022-05-07,2,action_07,2051,1379,1379,500,2.758,True,2022-05-07__group_02,exp3-full-20260807T072340Z,full,False,primary,exp3,2eebb3dfafa708ac36ff5b5fb2d215b77f5189e37ae94ea9afe8470831770580,e0c1288a22ea2cf3abde9f2c0887f795fe4c2e7d6f705d077ac9a8a819518e6d,source_tree_sha256,030d6bb049591fda35c4e54df090bbc50eb1e12d8482c28cc71dffec7cef6fa0
2022-05-07,2,action_08,2357,1410,1410,500,2.82,True,2022-05-07__group_02,exp3-full-20260807T072340Z,full,False,primary,exp3,2eebb3dfafa708ac36ff5b5fb2d215b77f5189e37ae94ea9afe8470831770580,e0c1288a22ea2cf3abde9f2c0887f795fe4c2e7d6f705d077ac9a8a819518e6d,source_tree_sha256,030d6bb049591fda35c4e54df090bbc50eb1e12d8482c28cc71dffec7cef6fa0
2022-05-07,2,action_09,2648,1019,1019,500,2.038,True,2022-05-07__group_02,exp3-full-20260807T072340Z,full,False,primary,exp3,2eebb3dfafa708ac36ff5b5fb2d215b77f5189e37ae94ea9afe8470831770580,e0c1288a22ea2cf3abde9f2c0887f795fe4c2e7d6f705d077ac9a8a819518e6d,source_tree_sha256,030d6bb049591fda35c4e54df090bbc50eb1e12d8482c28cc71dffec7cef6fa0
2022-05-07,2,action_10,1586,1073,1073,500,2.146,True,2022-05-07__group_02,exp3-full-20260807T072340Z,full,False,primary,exp3,2eebb3dfafa708ac36ff5b5fb2d215b77f5189e37ae94ea9afe8470831770580,e0c1288a22ea2cf3abde9f2c0887f795fe4c2e7d6f705d077ac9a8a819518e6d,source_tree_sha256,030d6bb049591fda35c4e54df090bbc50eb1e12d8482c28cc71dffec7cef6fa0
2022-05-07,2,action_11,1322,737,737,500,1.474,True,2022-05-07__group_02,exp3-full-20260807T072340Z,full,False,primary,exp3,2eebb3dfafa708ac36ff5b5fb2d215b77f5189e37ae94ea9afe8470831770580,e0c1288a22ea2cf3abde9f2c0887f795fe4c2e7d6f705d077ac9a8a819518e6d,source_tree_sha256,030d6bb049591fda35c4e54df090bbc50eb1e12d8482c28cc71dffec7cef6fa0
2022-05-07,2,action_12,986,856,856,500,1.712,True,2022-05-07__group_02,exp3-full-20260807T072340Z,full,False,primary,exp3,2eebb3dfafa708ac36ff5b5fb2d215b77f5189e37ae94ea9afe8470831770580,e0c1288a22ea2cf3abde9f2c0887f795fe4c2e7d6f705d077ac9a8a819518e6d,source_tree_sha256,030d6bb049591fda35c4e54df090bbc50eb1e12d8482c28cc71dffec7cef6fa0
2022-05-07,2,action_13,997,855,855,500,1.71,True,2022-05-07__group_02,exp3-full-20260807T072340Z,full,False,primary,exp3,2eebb3dfafa708ac36ff5b5fb2d215b77f5189e37ae94ea9afe8470831770580,e0c1288a22ea2cf3abde9f2c0887f795fe4c2e7d6f705d077ac9a8a819518e6d,source_tree_sha256,030d6bb049591fda35c4e54df090bbc50eb1e12d8482c28cc71dffec7cef6fa0
2022-05-07,2,action_14,1234,519,519,500,1.038,True,2022-05-07__group_02,exp3-full-20260807T072340Z,full,False,primary,exp3,2eebb3dfafa708ac36ff5b5fb2d215b77f5189e37ae94ea9afe8470831770580,e0c1288a22ea2cf3abde9f2c0887f795fe4c2e7d6f705d077ac9a8a819518e6d,source_tree_sha256,030d6bb049591fda35c4e54df090bbc50eb1e12d8482c28cc71dffec7cef6fa0
2022-05-07,2,action_15,1047,1592,1047,500,2.094,True,2022-05-07__group_02,exp3-full-20260807T072340Z,full,False,primary,exp3,2eebb3dfafa708ac36ff5b5fb2d215b77f5189e37ae94ea9afe8470831770580,e0c1288a22ea2cf3abde9f2c0887f795fe4c2e7d6f705d077ac9a8a819518e6d,source_tree_sha256,030d6bb049591fda35c4e54df090bbc50eb1e12d8482c28cc71dffec7cef6fa0
2022-05-07,2,action_16,869,748,748,500,1.496,True,2022-05-07__group_02,exp3-full-20260807T072340Z,full,False,primary,exp3,2eebb3dfafa708ac36ff5b5fb2d215b77f5189e37ae94ea9afe8470831770580,e0c1288a22ea2cf3abde9f2c0887f795fe4c2e7d6f705d077ac9a8a819518e6d,source_tree_sha256,030d6bb049591fda35c4e54df090bbc50eb1e12d8482c28cc71dffec7cef6fa0
2022-05-07,2,action_17,944,589,589,500,1.178,True,2022-05-07__group_02,exp3-full-20260807T072340Z,full,False,primary,exp3,2eebb3dfafa708ac36ff5b5fb2d215b77f5189e37ae94ea9afe8470831770580,e0c1288a22ea2cf3abde9f2c0887f795fe4c2e7d6f705d077ac9a8a819518e6d,source_tree_sha256,030d6bb049591fda35c4e54df090bbc50eb1e12d8482c28cc71dffec7cef6fa0
2022-05-07,2,action_18,964,620,620,500,1.24,True,2022-05-07__group_02,exp3-full-20260807T072340Z,full,False,primary,exp3,2eebb3dfafa708ac36ff5b5fb2d215b77f5189e37ae94ea9afe8470831770580,e0c1288a22ea2cf3abde9f2c0887f795fe4c2e7d6f705d077ac9a8a819518e6d,source_tree_sha256,030d6bb049591fda35c4e54df090bbc50eb1e12d8482c28cc71dffec7cef6fa0
2022-05-07,2,action_19,1035,548,548,500,1.096,True,2022-05-07__group_02,exp3-full-20260807T072340Z,full,False,primary,exp3,2eebb3dfafa708ac36ff5b5fb2d215b77f5189e37ae94ea9afe8470831770580,e0c1288a22ea2cf3abde9f2c0887f795fe4c2e7d6f705d077ac9a8a819518e6d,source_tree_sha256,030d6bb049591fda35c4e54df090bbc50eb1e12d8482c28cc71dffec7cef6fa0
2022-05-07,2,action_20,557,612,557,500,1.114,True,2022-05-07__group_02,exp3-full-20260807T072340Z,full,False,primary,exp3,2eebb3dfafa708ac36ff5b5fb2d215b77f5189e37ae94ea9afe8470831770580,e0c1288a22ea2cf3abde9f2c0887f795fe4c2e7d6f705d077ac9a8a819518e6d,source_tree_sha256,030d6bb049591fda35c4e54df090bbc50eb1e12d8482c28cc71dffec7cef6fa0
2022-05-07,3,action_01,3664,4216,3664,500,7.328,True,2022-05-07__group_03,exp3-full-20260807T072340Z,full,False,primary,exp3,2eebb3dfafa708ac36ff5b5fb2d215b77f5189e37ae94ea9afe8470831770580,e0c1288a22ea2cf3abde9f2c0887f795fe4c2e7d6f705d077ac9a8a819518e6d,source_tree_sha256,030d6bb049591fda35c4e54df090bbc50eb1e12d8482c28cc71dffec7cef6fa0
2022-05-07,3,action_02,2508,2055,2055,500,4.11,True,2022-05-07__group_03,exp3-full-20260807T072340Z,full,False,primary,exp3,2eebb3dfafa708ac36ff5b5fb2d215b77f5189e37ae94ea9afe8470831770580,e0c1288a22ea2cf3abde9f2c0887f795fe4c2e7d6f705d077ac9a8a819518e6d,source_tree_sha256,030d6bb049591fda35c4e54df090bbc50eb1e12d8482c28cc71dffec7cef6fa0
2022-05-07,3,action_03,2080,2181,2080,500,4.16,True,2022-05-07__group_03,exp3-full-20260807T072340Z,full,False,primary,exp3,2eebb3dfafa708ac36ff5b5fb2d215b77f5189e37ae94ea9afe8470831770580,e0c1288a22ea2cf3abde9f2c0887f795fe4c2e7d6f705d077ac9a8a819518e6d,source_tree_sha256,030d6bb049591fda35c4e54df090bbc50eb1e12d8482c28cc71dffec7cef6fa0
2022-05-07,3,action_04,1648,1995,1648,500,3.296,True,2022-05-07__group_03,exp3-full-20260807T072340Z,full,False,primary,exp3,2eebb3dfafa708ac36ff5b5fb2d215b77f5189e37ae94ea9afe8470831770580,e0c1288a22ea2cf3abde9f2c0887f795fe4c2e7d6f705d077ac9a8a819518e6d,source_tree_sha256,030d6bb049591fda35c4e54df090bbc50eb1e12d8482c28cc71dffec7cef6fa0
2022-05-07,3,action_05,1687,1387,1387,500,2.774,True,2022-05-07__group_03,exp3-full-20260807T072340Z,full,False,primary,exp3,2eebb3dfafa708ac36ff5b5fb2d215b77f5189e37ae94ea9afe8470831770580,e0c1288a22ea2cf3abde9f2c0887f795fe4c2e7d6f705d077ac9a8a819518e6d,source_tree_sha256,030d6bb049591fda35c4e54df090bbc50eb1e12d8482c28cc71dffec7cef6fa0
2022-05-07,3,action_06,2035,1376,1376,500,2.752,True,2022-05-07__group_03,exp3-full-20260807T072340Z,full,False,primary,exp3,2eebb3dfafa708ac36ff5b5fb2d215b77f5189e37ae94ea9afe8470831770580,e0c1288a22ea2cf3abde9f2c0887f795fe4c2e7d6f705d077ac9a8a819518e6d,source_tree_sha256,030d6bb049591fda35c4e54df090bbc50eb1e12d8482c28cc71dffec7cef6fa0
2022-05-07,3,action_07,1299,1376,1299,500,2.598,True,2022-05-07__group_03,exp3-full-20260807T072340Z,full,False,primary,exp3,2eebb3dfafa708ac36ff5b5fb2d215b77f5189e37ae94ea9afe8470831770580,e0c1288a22ea2cf3abde9f2c0887f795fe4c2e7d6f705d077ac9a8a819518e6d,source_tree_sha256,030d6bb049591fda35c4e54df090bbc50eb1e12d8482c28cc71dffec7cef6fa0
2022-05-07,3,action_08,1556,1832,1556,500,3.112,True,2022-05-07__group_03,exp3-full-20260807T072340Z,full,False,primary,exp3,2eebb3dfafa708ac36ff5b5fb2d215b77f5189e37ae94ea9afe8470831770580,e0c1288a22ea2cf3abde9f2c0887f795fe4c2e7d6f705d077ac9a8a819518e6d,source_tree_sha256,030d6bb049591fda35c4e54df090bbc50eb1e12d8482c28cc71dffec7cef6fa0
2022-05-07,3,action_09,937,1023,937,500,1.874,True,2022-05-07__group_03,exp3-full-20260807T072340Z,full,False,primary,exp3,2eebb3dfafa708ac36ff5b5fb2d215b77f5189e37ae94ea9afe8470831770580,e0c1288a22ea2cf3abde9f2c0887f795fe4c2e7d6f705d077ac9a8a819518e6d,source_tree_sha256,030d6bb049591fda35c4e54df090bbc50eb1e12d8482c28cc71dffec7cef6fa0
2022-05-07,3,action_10,862,915,862,500,1.724,True,2022-05-07__group_03,exp3-full-20260807T072340Z,full,False,primary,exp3,2eebb3dfafa708ac36ff5b5fb2d215b77f5189e37ae94ea9afe8470831770580,e0c1288a22ea2cf3abde9f2c0887f795fe4c2e7d6f705d077ac9a8a819518e6d,source_tree_sha256,030d6bb049591fda35c4e54df090bbc50eb1e12d8482c28cc71dffec7cef6fa0
2022-05-07,3,action_11,649,832,649,500,1.298,True,2022-05-07__group_03,exp3-full-20260807T072340Z,full,False,primary,exp3,2eebb3dfafa708ac36ff5b5fb2d215b77f5189e37ae94ea9afe8470831770580,e0c1288a22ea2cf3abde9f2c0887f795fe4c2e7d6f705d077ac9a8a819518e6d,source_tree_sha256,030d6bb049591fda35c4e54df090bbc50eb1e12d8482c28cc71dffec7cef6fa0
2022-05-07,3,action_12,709,643,643,500,1.286,True,2022-05-07__group_03,exp3-full-20260807T072340Z,full,False,primary,exp3,2eebb3dfafa708ac36ff5b5fb2d215b77f5189e37ae94ea9afe8470831770580,e0c1288a22ea2cf3abde9f2c0887f795fe4c2e7d6f705d077ac9a8a819518e6d,source_tree_sha256,030d6bb049591fda35c4e54df090bbc50eb1e12d8482c28cc71dffec7cef6fa0
2022-05-07,3,action_13,951,978,951,500,1.902,True,2022-05-07__group_03,exp3-full-20260807T072340Z,full,False,primary,exp3,2eebb3dfafa708ac36ff5b5fb2d215b77f5189e37ae94ea9afe8470831770580,e0c1288a22ea2cf3abde9f2c0887f795fe4c2e7d6f705d077ac9a8a819518e6d,source_tree_sha256,030d6bb049591fda35c4e54df090bbc50eb1e12d8482c28cc71dffec7cef6fa0
2022-05-07,3,action_14,823,611,611,500,1.222,True,2022-05-07__group_03,exp3-full-20260807T072340Z,full,False,primary,exp3,2eebb3dfafa708ac36ff5b5fb2d215b77f5189e37ae94ea9afe8470831770580,e0c1288a22ea2cf3abde9f2c0887f795fe4c2e7d6f705d077ac9a8a819518e6d,source_tree_sha256,030d6bb049591fda35c4e54df090bbc50eb1e12d8482c28cc71dffec7cef6fa0
2022-05-07,3,action_15,661,796,661,500,1.322,True,2022-05-07__group_03,exp3-full-20260807T072340Z,full,False,primary,exp3,2eebb3dfafa708ac36ff5b5fb2d215b77f5189e37ae94ea9afe8470831770580,e0c1288a22ea2cf3abde9f2c0887f795fe4c2e7d6f705d077ac9a8a819518e6d,source_tree_sha256,030d6bb049591fda35c4e54df090bbc50eb1e12d8482c28cc71dffec7cef6fa0
2022-05-07,3,action_16,815,744,744,500,1.488,True,2022-05-07__group_03,exp3-full-20260807T072340Z,full,False,primary,exp3,2eebb3dfafa708ac36ff5b5fb2d215b77f5189e37ae94ea9afe8470831770580,e0c1288a22ea2cf3abde9f2c0887f795fe4c2e7d6f705d077ac9a8a819518e6d,source_tree_sha256,030d6bb049591fda35c4e54df090bbc50eb1e12d8482c28cc71dffec7cef6fa0
2022-05-07,3,action_17,724,656,656,500,1.312,True,2022-05-07__group_03,exp3-full-20260807T072340Z,full,False,primary,exp3,2eebb3dfafa708ac36ff5b5fb2d215b77f5189e37ae94ea9afe8470831770580,e0c1288a22ea2cf3abde9f2c0887f795fe4c2e7d6f705d077ac9a8a819518e6d,source_tree_sha256,030d6bb049591fda35c4e54df090bbc50eb1e12d8482c28cc71dffec7cef6fa0
2022-05-07,3,action_18,490,619,490,500,0.98,False,2022-05-07__group_03,exp3-full-20260807T072340Z,full,False,primary,exp3,2eebb3dfafa708ac36ff5b5fb2d215b77f5189e37ae94ea9afe8470831770580,e0c1288a22ea2cf3abde9f2c0887f795fe4c2e7d6f705d077ac9a8a819518e6d,source_tree_sha256,030d6bb049591fda35c4e54df090bbc50eb1e12d8482c28cc71dffec7cef6fa0
2022-05-07,3,action_19,565,673,565,500,1.13,True,2022-05-07__group_03,exp3-full-20260807T072340Z,full,False,primary,exp3,2eebb3dfafa708ac36ff5b5fb2d215b77f5189e37ae94ea9afe8470831770580,e0c1288a22ea2cf3abde9f2c0887f795fe4c2e7d6f705d077ac9a8a819518e6d,source_tree_sha256,030d6bb049591fda35c4e54df090bbc50eb1e12d8482c28cc71dffec7cef6fa0
2022-05-07,3,action_20,647,552,552,500,1.104,True,2022-05-07__group_03,exp3-full-20260807T072340Z,full,False,primary,exp3,2eebb3dfafa708ac36ff5b5fb2d215b77f5189e37ae94ea9afe8470831770580,e0c1288a22ea2cf3abde9f2c0887f795fe4c2e7d6f705d077ac9a8a819518e6d,source_tree_sha256,030d6bb049591fda35c4e54df090bbc50eb1e12d8482c28cc71dffec7cef6fa0
2022-05-07,4,action_01,3997,4814,3997,500,7.994,True,2022-05-07__group_04,exp3-full-20260807T072340Z,full,False,primary,exp3,2eebb3dfafa708ac36ff5b5fb2d215b77f5189e37ae94ea9afe8470831770580,e0c1288a22ea2cf3abde9f2c0887f795fe4c2e7d6f705d077ac9a8a819518e6d,source_tree_sha256,030d6bb049591fda35c4e54df090bbc50eb1e12d8482c28cc71dffec7cef6fa0
2022-05-07,4,action_02,3243,2517,2517,500,5.034,True,2022-05-07__group_04,exp3-full-20260807T072340Z,full,False,primary,exp3,2eebb3dfafa708ac36ff5b5fb2d215b77f5189e37ae94ea9afe8470831770580,e0c1288a22ea2cf3abde9f2c0887f795fe4c2e7d6f705d077ac9a8a819518e6d,source_tree_sha256,030d6bb049591fda35c4e54df090bbc50eb1e12d8482c28cc71dffec7cef6fa0
2022-05-07,4,action_03,2315,2008,2008,500,4.016,True,2022-05-07__group_04,exp3-full-20260807T072340Z,full,False,primary,exp3,2eebb3dfafa708ac36ff5b5fb2d215b77f5189e37ae94ea9afe8470831770580,e0c1288a22ea2cf3abde9f2c0887f795fe4c2e7d6f705d077ac9a8a819518e6d,source_tree_sha256,030d6bb049591fda35c4e54df090bbc50eb1e12d8482c28cc71dffec7cef6fa0
2022-05-07,4,action_04,2136,3805,2136,500,4.272,True,2022-05-07__group_04,exp3-full-20260807T072340Z,full,False,primary,exp3,2eebb3dfafa708ac36ff5b5fb2d215b77f5189e37ae94ea9afe8470831770580,e0c1288a22ea2cf3abde9f2c0887f795fe4c2e7d6f705d077ac9a8a819518e6d,source_tree_sha256,030d6bb049591fda35c4e54df090bbc50eb1e12d8482c28cc71dffec7cef6fa0
2022-05-07,4,action_05,2355,1861,1861,500,3.722,True,2022-05-07__group_04,exp3-full-20260807T072340Z,full,False,primary,exp3,2eebb3dfafa708ac36ff5b5fb2d215b77f5189e37ae94ea9afe8470831770580,e0c1288a22ea2cf3abde9f2c0887f795fe4c2e7d6f705d077ac9a8a819518e6d,source_tree_sha256,030d6bb049591fda35c4e54df090bbc50eb1e12d8482c28cc71dffec7cef6fa0
2022-05-07,4,action_06,2123,1471,1471,500,2.942,True,2022-05-07__group_04,exp3-full-20260807T072340Z,full,False,primary,exp3,2eebb3dfafa708ac36ff5b5fb2d215b77f5189e37ae94ea9afe8470831770580,e0c1288a22ea2cf3abde9f2c0887f795fe4c2e7d6f705d077ac9a8a819518e6d,source_tree_sha256,030d6bb049591fda35c4e54df090bbc50eb1e12d8482c28cc71dffec7cef6fa0
2022-05-07,4,action_07,1951,1566,1566,500,3.132,True,2022-05-07__group_04,exp3-full-20260807T072340Z,full,False,primary,exp3,2eebb3dfafa708ac36ff5b5fb2d215b77f5189e37ae94ea9afe8470831770580,e0c1288a22ea2cf3abde9f2c0887f795fe4c2e7d6f705d077ac9a8a819518e6d,source_tree_sha256,030d6bb049591fda35c4e54df090bbc50eb1e12d8482c28cc71dffec7cef6fa0
2022-05-07,4,action_08,1468,1632,1468,500,2.936,True,2022-05-07__group_04,exp3-full-20260807T072340Z,full,False,primary,exp3,2eebb3dfafa708ac36ff5b5fb2d215b77f5189e37ae94ea9afe8470831770580,e0c1288a22ea2cf3abde9f2c0887f795fe4c2e7d6f705d077ac9a8a819518e6d,source_tree_sha256,030d6bb049591fda35c4e54df090bbc50eb1e12d8482c28cc71dffec7cef6fa0
2022-05-07,4,action_09,1437,1171,1171,500,2.342,True,2022-05-07__group_04,exp3-full-20260807T072340Z,full,False,primary,exp3,2eebb3dfafa708ac36ff5b5fb2d215b77f5189e37ae94ea9afe8470831770580,e0c1288a22ea2cf3abde9f2c0887f795fe4c2e7d6f705d077ac9a8a819518e6d,source_tree_sha256,030d6bb049591fda35c4e54df090bbc50eb1e12d8482c28cc71dffec7cef6fa0
2022-05-07,4,action_10,953,1780,953,500,1.906,True,2022-05-07__group_04,exp3-full-20260807T072340Z,full,False,primary,exp3,2eebb3dfafa708ac36ff5b5fb2d215b77f5189e37ae94ea9afe8470831770580,e0c1288a22ea2cf3abde9f2c0887f795fe4c2e7d6f705d077ac9a8a819518e6d,source_tree_sha256,030d6bb049591fda35c4e54df090bbc50eb1e12d8482c28cc71dffec7cef6fa0
2022-05-07,4,action_11,1006,945,945,500,1.89,True,2022-05-07__group_04,exp3-full-20260807T072340Z,full,False,primary,exp3,2eebb3dfafa708ac36ff5b5fb2d215b77f5189e37ae94ea9afe8470831770580,e0c1288a22ea2cf3abde9f2c0887f795fe4c2e7d6f705d077ac9a8a819518e6d,source_tree_sha256,030d6bb049591fda35c4e54df090bbc50eb1e12d8482c28cc71dffec7cef6fa0
2022-05-07,4,action_12,559,808,559,500,1.118,True,2022-05-07__group_04,exp3-full-20260807T072340Z,full,False,primary,exp3,2eebb3dfafa708ac36ff5b5fb2d215b77f5189e37ae94ea9afe8470831770580,e0c1288a22ea2cf3abde9f2c0887f795fe4c2e7d6f705d077ac9a8a819518e6d,source_tree_sha256,030d6bb049591fda35c4e54df090bbc50eb1e12d8482c28cc71dffec7cef6fa0
2022-05-07,4,action_13,790,842,790,500,1.58,True,2022-05-07__group_04,exp3-full-20260807T072340Z,full,False,primary,exp3,2eebb3dfafa708ac36ff5b5fb2d215b77f5189e37ae94ea9afe8470831770580,e0c1288a22ea2cf3abde9f2c0887f795fe4c2e7d6f705d077ac9a8a819518e6d,source_tree_sha256,030d6bb049591fda35c4e54df090bbc50eb1e12d8482c28cc71dffec7cef6fa0
2022-05-07,4,action_14,750,555,555,500,1.11,True,2022-05-07__group_04,exp3-full-20260807T072340Z,full,False,primary,exp3,2eebb3dfafa708ac36ff5b5fb2d215b77f5189e37ae94ea9afe8470831770580,e0c1288a22ea2cf3abde9f2c0887f795fe4c2e7d6f705d077ac9a8a819518e6d,source_tree_sha256,030d6bb049591fda35c4e54df090bbc50eb1e12d8482c28cc71dffec7cef6fa0
2022-05-07,4,action_15,1065,996,996,500,1.992,True,2022-05-07__group_04,exp3-full-20260807T072340Z,full,False,primary,exp3,2eebb3dfafa708ac36ff5b5fb2d215b77f5189e37ae94ea9afe8470831770580,e0c1288a22ea2cf3abde9f2c0887f795fe4c2e7d6f705d077ac9a8a819518e6d,source_tree_sha256,030d6bb049591fda35c4e54df090bbc50eb1e12d8482c28cc71dffec7cef6fa0
2022-05-07,4,action_16,926,691,691,500,1.382,True,2022-05-07__group_04,exp3-full-20260807T072340Z,full,False,primary,exp3,2eebb3dfafa708ac36ff5b5fb2d215b77f5189e37ae94ea9afe8470831770580,e0c1288a22ea2cf3abde9f2c0887f795fe4c2e7d6f705d077ac9a8a819518e6d,source_tree_sha256,030d6bb049591fda35c4e54df090bbc50eb1e12d8482c28cc71dffec7cef6fa0
2022-05-07,4,action_17,997,780,780,500,1.56,True,2022-05-07__group_04,exp3-full-20260807T072340Z,full,False,primary,exp3,2eebb3dfafa708ac36ff5b5fb2d215b77f5189e37ae94ea9afe8470831770580,e0c1288a22ea2cf3abde9f2c0887f795fe4c2e7d6f705d077ac9a8a819518e6d,source_tree_sha256,030d6bb049591fda35c4e54df090bbc50eb1e12d8482c28cc71dffec7cef6fa0
2022-05-07,4,action_18,761,710,710,500,1.42,True,2022-05-07__group_04,exp3-full-20260807T072340Z,full,False,primary,exp3,2eebb3dfafa708ac36ff5b5fb2d215b77f5189e37ae94ea9afe8470831770580,e0c1288a22ea2cf3abde9f2c0887f795fe4c2e7d6f705d077ac9a8a819518e6d,source_tree_sha256,030d6bb049591fda35c4e54df090bbc50eb1e12d8482c28cc71dffec7cef6fa0
2022-05-07,4,action_19,661,648,648,500,1.296,True,2022-05-07__group_04,exp3-full-20260807T072340Z,full,False,primary,exp3,2eebb3dfafa708ac36ff5b5fb2d215b77f5189e37ae94ea9afe8470831770580,e0c1288a22ea2cf3abde9f2c0887f795fe4c2e7d6f705d077ac9a8a819518e6d,source_tree_sha256,030d6bb049591fda35c4e54df090bbc50eb1e12d8482c28cc71dffec7cef6fa0
2022-05-07,4,action_20,707,418,418,500,0.836,False,2022-05-07__group_04,exp3-full-20260807T072340Z,full,False,primary,exp3,2eebb3dfafa708ac36ff5b5fb2d215b77f5189e37ae94ea9afe8470831770580,e0c1288a22ea2cf3abde9f2c0887f795fe4c2e7d6f705d077ac9a8a819518e6d,source_tree_sha256,030d6bb049591fda35c4e54df090bbc50eb1e12d8482c28cc71dffec7cef6fa0
2022-05-08,0,action_01,3616,3392,3392,500,6.784,True,2022-05-08__group_00,exp3-full-20260807T072340Z,full,False,primary,exp3,2eebb3dfafa708ac36ff5b5fb2d215b77f5189e37ae94ea9afe8470831770580,e0c1288a22ea2cf3abde9f2c0887f795fe4c2e7d6f705d077ac9a8a819518e6d,source_tree_sha256,030d6bb049591fda35c4e54df090bbc50eb1e12d8482c28cc71dffec7cef6fa0
2022-05-08,0,action_02,1439,1845,1439,500,2.878,True,2022-05-08__group_00,exp3-full-20260807T072340Z,full,False,primary,exp3,2eebb3dfafa708ac36ff5b5fb2d215b77f5189e37ae94ea9afe8470831770580,e0c1288a22ea2cf3abde9f2c0887f795fe4c2e7d6f705d077ac9a8a819518e6d,source_tree_sha256,030d6bb049591fda35c4e54df090bbc50eb1e12d8482c28cc71dffec7cef6fa0
2022-05-08,0,action_03,1646,1918,1646,500,3.292,True,2022-05-08__group_00,exp3-full-20260807T072340Z,full,False,primary,exp3,2eebb3dfafa708ac36ff5b5fb2d215b77f5189e37ae94ea9afe8470831770580,e0c1288a22ea2cf3abde9f2c0887f795fe4c2e7d6f705d077ac9a8a819518e6d,source_tree_sha256,030d6bb049591fda35c4e54df090bbc50eb1e12d8482c28cc71dffec7cef6fa0
2022-05-08,0,action_04,1641,1546,1546,500,3.092,True,2022-05-08__group_00,exp3-full-20260807T072340Z,full,False,primary,exp3,2eebb3dfafa708ac36ff5b5fb2d215b77f5189e37ae94ea9afe8470831770580,e0c1288a22ea2cf3abde9f2c0887f795fe4c2e7d6f705d077ac9a8a819518e6d,source_tree_sha256,030d6bb049591fda35c4e54df090bbc50eb1e12d8482c28cc71dffec7cef6fa0
2022-05-08,0,action_05,1191,1665,1191,500,2.382,True,2022-05-08__group_00,exp3-full-20260807T072340Z,full,False,primary,exp3,2eebb3dfafa708ac36ff5b5fb2d215b77f5189e37ae94ea9afe8470831770580,e0c1288a22ea2cf3abde9f2c0887f795fe4c2e7d6f705d077ac9a8a819518e6d,source_tree_sha256,030d6bb049591fda35c4e54df090bbc50eb1e12d8482c28cc71dffec7cef6fa0
2022-05-08,0,action_06,1854,1145,1145,500,2.29,True,2022-05-08__group_00,exp3-full-20260807T072340Z,full,False,primary,exp3,2eebb3dfafa708ac36ff5b5fb2d215b77f5189e37ae94ea9afe8470831770580,e0c1288a22ea2cf3abde9f2c0887f795fe4c2e7d6f705d077ac9a8a819518e6d,source_tree_sha256,030d6bb049591fda35c4e54df090bbc50eb1e12d8482c28cc71dffec7cef6fa0
2022-05-08,0,action_07,988,989,988,500,1.976,True,2022-05-08__group_00,exp3-full-20260807T072340Z,full,False,primary,exp3,2eebb3dfafa708ac36ff5b5fb2d215b77f5189e37ae94ea9afe8470831770580,e0c1288a22ea2cf3abde9f2c0887f795fe4c2e7d6f705d077ac9a8a819518e6d,source_tree_sha256,030d6bb049591fda35c4e54df090bbc50eb1e12d8482c28cc71dffec7cef6fa0
2022-05-08,0,action_08,1304,1588,1304,500,2.608,True,2022-05-08__group_00,exp3-full-20260807T072340Z,full,False,primary,exp3,2eebb3dfafa708ac36ff5b5fb2d215b77f5189e37ae94ea9afe8470831770580,e0c1288a22ea2cf3abde9f2c0887f795fe4c2e7d6f705d077ac9a8a819518e6d,source_tree_sha256,030d6bb049591fda35c4e54df090bbc50eb1e12d8482c28cc71dffec7cef6fa0
2022-05-08,0,action_09,638,709,638,500,1.276,True,2022-05-08__group_00,exp3-full-20260807T072340Z,full,False,primary,exp3,2eebb3dfafa708ac36ff5b5fb2d215b77f5189e37ae94ea9afe8470831770580,e0c1288a22ea2cf3abde9f2c0887f795fe4c2e7d6f705d077ac9a8a819518e6d,source_tree_sha256,030d6bb049591fda35c4e54df090bbc50eb1e12d8482c28cc71dffec7cef6fa0
2022-05-08,0,action_10,649,1449,649,500,1.298,True,2022-05-08__group_00,exp3-full-20260807T072340Z,full,False,primary,exp3,2eebb3dfafa708ac36ff5b5fb2d215b77f5189e37ae94ea9afe8470831770580,e0c1288a22ea2cf3abde9f2c0887f795fe4c2e7d6f705d077ac9a8a819518e6d,source_tree_sha256,030d6bb049591fda35c4e54df090bbc50eb1e12d8482c28cc71dffec7cef6fa0
2022-05-08,0,action_11,784,1047,784,500,1.568,True,2022-05-08__group_00,exp3-full-20260807T072340Z,full,False,primary,exp3,2eebb3dfafa708ac36ff5b5fb2d215b77f5189e37ae94ea9afe8470831770580,e0c1288a22ea2cf3abde9f2c0887f795fe4c2e7d6f705d077ac9a8a819518e6d,source_tree_sha256,030d6bb049591fda35c4e54df090bbc50eb1e12d8482c28cc71dffec7cef6fa0
2022-05-08,0,action_12,891,1190,891,500,1.782,True,2022-05-08__group_00,exp3-full-20260807T072340Z,full,False,primary,exp3,2eebb3dfafa708ac36ff5b5fb2d215b77f5189e37ae94ea9afe8470831770580,e0c1288a22ea2cf3abde9f2c0887f795fe4c2e7d6f705d077ac9a8a819518e6d,source_tree_sha256,030d6bb049591fda35c4e54df090bbc50eb1e12d8482c28cc71dffec7cef6fa0
2022-05-08,0,action_13,759,606,606,500,1.212,True,2022-05-08__group_00,exp3-full-20260807T072340Z,full,False,primary,exp3,2eebb3dfafa708ac36ff5b5fb2d215b77f5189e37ae94ea9afe8470831770580,e0c1288a22ea2cf3abde9f2c0887f795fe4c2e7d6f705d077ac9a8a819518e6d,source_tree_sha256,030d6bb049591fda35c4e54df090bbc50eb1e12d8482c28cc71dffec7cef6fa0
2022-05-08,0,action_14,305,461,305,500,0.61,False,2022-05-08__group_00,exp3-full-20260807T072340Z,full,False,primary,exp3,2eebb3dfafa708ac36ff5b5fb2d215b77f5189e37ae94ea9afe8470831770580,e0c1288a22ea2cf3abde9f2c0887f795fe4c2e7d6f705d077ac9a8a819518e6d,source_tree_sha256,030d6bb049591fda35c4e54df090bbc50eb1e12d8482c28cc71dffec7cef6fa0
2022-05-08,0,action_15,492,806,492,500,0.984,False,2022-05-08__group_00,exp3-full-20260807T072340Z,full,False,primary,exp3,2eebb3dfafa708ac36ff5b5fb2d215b77f5189e37ae94ea9afe8470831770580,e0c1288a22ea2cf3abde9f2c0887f795fe4c2e7d6f705d077ac9a8a819518e6d,source_tree_sha256,030d6bb049591fda35c4e54df090bbc50eb1e12d8482c28cc71dffec7cef6fa0
2022-05-08,0,action_16,575,655,575,500,1.15,True,2022-05-08__group_00,exp3-full-20260807T072340Z,full,False,primary,exp3,2eebb3dfafa708ac36ff5b5fb2d215b77f5189e37ae94ea9afe8470831770580,e0c1288a22ea2cf3abde9f2c0887f795fe4c2e7d6f705d077ac9a8a819518e6d,source_tree_sha256,030d6bb049591fda35c4e54df090bbc50eb1e12d8482c28cc71dffec7cef6fa0
2022-05-08,0,action_17,453,371,371,500,0.742,False,2022-05-08__group_00,exp3-full-20260807T072340Z,full,False,primary,exp3,2eebb3dfafa708ac36ff5b5fb2d215b77f5189e37ae94ea9afe8470831770580,e0c1288a22ea2cf3abde9f2c0887f795fe4c2e7d6f705d077ac9a8a819518e6d,source_tree_sha256,030d6bb049591fda35c4e54df090bbc50eb1e12d8482c28cc71dffec7cef6fa0
2022-05-08,0,action_18,486,766,486,500,0.972,False,2022-05-08__group_00,exp3-full-20260807T072340Z,full,False,primary,exp3,2eebb3dfafa708ac36ff5b5fb2d215b77f5189e37ae94ea9afe8470831770580,e0c1288a22ea2cf3abde9f2c0887f795fe4c2e7d6f705d077ac9a8a819518e6d,source_tree_sha256,030d6bb049591fda35c4e54df090bbc50eb1e12d8482c28cc71dffec7cef6fa0
2022-05-08,0,action_19,527,496,496,500,0.992,False,2022-05-08__group_00,exp3-full-20260807T072340Z,full,False,primary,exp3,2eebb3dfafa708ac36ff5b5fb2d215b77f5189e37ae94ea9afe8470831770580,e0c1288a22ea2cf3abde9f2c0887f795fe4c2e7d6f705d077ac9a8a819518e6d,source_tree_sha256,030d6bb049591fda35c4e54df090bbc50eb1e12d8482c28cc71dffec7cef6fa0
2022-05-08,0,action_20,230,344,230,500,0.46,False,2022-05-08__group_00,exp3-full-20260807T072340Z,full,False,primary,exp3,2eebb3dfafa708ac36ff5b5fb2d215b77f5189e37ae94ea9afe8470831770580,e0c1288a22ea2cf3abde9f2c0887f795fe4c2e7d6f705d077ac9a8a819518e6d,source_tree_sha256,030d6bb049591fda35c4e54df090bbc50eb1e12d8482c28cc71dffec7cef6fa0
2022-05-08,1,action_01,4628,3652,3652,500,7.304,True,2022-05-08__group_01,exp3-full-20260807T072340Z,full,False,primary,exp3,2eebb3dfafa708ac36ff5b5fb2d215b77f5189e37ae94ea9afe8470831770580,e0c1288a22ea2cf3abde9f2c0887f795fe4c2e7d6f705d077ac9a8a819518e6d,source_tree_sha256,030d6bb049591fda35c4e54df090bbc50eb1e12d8482c28cc71dffec7cef6fa0
2022-05-08,1,action_02,1942,1591,1591,500,3.182,True,2022-05-08__group_01,exp3-full-20260807T072340Z,full,False,primary,exp3,2eebb3dfafa708ac36ff5b5fb2d215b77f5189e37ae94ea9afe8470831770580,e0c1288a22ea2cf3abde9f2c0887f795fe4c2e7d6f705d077ac9a8a819518e6d,source_tree_sha256,030d6bb049591fda35c4e54df090bbc50eb1e12d8482c28cc71dffec7cef6fa0
2022-05-08,1,action_03,2198,1459,1459,500,2.918,True,2022-05-08__group_01,exp3-full-20260807T072340Z,full,False,primary,exp3,2eebb3dfafa708ac36ff5b5fb2d215b77f5189e37ae94ea9afe8470831770580,e0c1288a22ea2cf3abde9f2c0887f795fe4c2e7d6f705d077ac9a8a819518e6d,source_tree_sha256,030d6bb049591fda35c4e54df090bbc50eb1e12d8482c28cc71dffec7cef6fa0
2022-05-08,1,action_04,2191,1499,1499,500,2.998,True,2022-05-08__group_01,exp3-full-20260807T072340Z,full,False,primary,exp3,2eebb3dfafa708ac36ff5b5fb2d215b77f5189e37ae94ea9afe8470831770580,e0c1288a22ea2cf3abde9f2c0887f795fe4c2e7d6f705d077ac9a8a819518e6d,source_tree_sha256,030d6bb049591fda35c4e54df090bbc50eb1e12d8482c28cc71dffec7cef6fa0
2022-05-08,1,action_05,1542,1319,1319,500,2.638,True,2022-05-08__group_01,exp3-full-20260807T072340Z,full,False,primary,exp3,2eebb3dfafa708ac36ff5b5fb2d215b77f5189e37ae94ea9afe8470831770580,e0c1288a22ea2cf3abde9f2c0887f795fe4c2e7d6f705d077ac9a8a819518e6d,source_tree_sha256,030d6bb049591fda35c4e54df090bbc50eb1e12d8482c28cc71dffec7cef6fa0
2022-05-08,1,action_06,1272,1270,1270,500,2.54,True,2022-05-08__group_01,exp3-full-20260807T072340Z,full,False,primary,exp3,2eebb3dfafa708ac36ff5b5fb2d215b77f5189e37ae94ea9afe8470831770580,e0c1288a22ea2cf3abde9f2c0887f795fe4c2e7d6f705d077ac9a8a819518e6d,source_tree_sha256,030d6bb049591fda35c4e54df090bbc50eb1e12d8482c28cc71dffec7cef6fa0
2022-05-08,1,action_07,1524,1034,1034,500,2.068,True,2022-05-08__group_01,exp3-full-20260807T072340Z,full,False,primary,exp3,2eebb3dfafa708ac36ff5b5fb2d215b77f5189e37ae94ea9afe8470831770580,e0c1288a22ea2cf3abde9f2c0887f795fe4c2e7d6f705d077ac9a8a819518e6d,source_tree_sha256,030d6bb049591fda35c4e54df090bbc50eb1e12d8482c28cc71dffec7cef6fa0
2022-05-08,1,action_08,1607,1155,1155,500,2.31,True,2022-05-08__group_01,exp3-full-20260807T072340Z,full,False,primary,exp3,2eebb3dfafa708ac36ff5b5fb2d215b77f5189e37ae94ea9afe8470831770580,e0c1288a22ea2cf3abde9f2c0887f795fe4c2e7d6f705d077ac9a8a819518e6d,source_tree_sha256,030d6bb049591fda35c4e54df090bbc50eb1e12d8482c28cc71dffec7cef6fa0
2022-05-08,1,action_09,1222,887,887,500,1.774,True,2022-05-08__group_01,exp3-full-20260807T072340Z,full,False,primary,exp3,2eebb3dfafa708ac36ff5b5fb2d215b77f5189e37ae94ea9afe8470831770580,e0c1288a22ea2cf3abde9f2c0887f795fe4c2e7d6f705d077ac9a8a819518e6d,source_tree_sha256,030d6bb049591fda35c4e54df090bbc50eb1e12d8482c28cc71dffec7cef6fa0
2022-05-08,1,action_10,1135,619,619,500,1.238,True,2022-05-08__group_01,exp3-full-20260807T072340Z,full,False,primary,exp3,2eebb3dfafa708ac36ff5b5fb2d215b77f5189e37ae94ea9afe8470831770580,e0c1288a22ea2cf3abde9f2c0887f795fe4c2e7d6f705d077ac9a8a819518e6d,source_tree_sha256,030d6bb049591fda35c4e54df090bbc50eb1e12d8482c28cc71dffec7cef6fa0
2022-05-08,1,action_11,1041,767,767,500,1.534,True,2022-05-08__group_01,exp3-full-20260807T072340Z,full,False,primary,exp3,2eebb3dfafa708ac36ff5b5fb2d215b77f5189e37ae94ea9afe8470831770580,e0c1288a22ea2cf3abde9f2c0887f795fe4c2e7d6f705d077ac9a8a819518e6d,source_tree_sha256,030d6bb049591fda35c4e54df090bbc50eb1e12d8482c28cc71dffec7cef6fa0
2022-05-08,1,action_12,1004,806,806,500,1.612,True,2022-05-08__group_01,exp3-full-20260807T072340Z,full,False,primary,exp3,2eebb3dfafa708ac36ff5b5fb2d215b77f5189e37ae94ea9afe8470831770580,e0c1288a22ea2cf3abde9f2c0887f795fe4c2e7d6f705d077ac9a8a819518e6d,source_tree_sha256,030d6bb049591fda35c4e54df090bbc50eb1e12d8482c28cc71dffec7cef6fa0
2022-05-08,1,action_13,568,445,445,500,0.89,False,2022-05-08__group_01,exp3-full-20260807T072340Z,full,False,primary,exp3,2eebb3dfafa708ac36ff5b5fb2d215b77f5189e37ae94ea9afe8470831770580,e0c1288a22ea2cf3abde9f2c0887f795fe4c2e7d6f705d077ac9a8a819518e6d,source_tree_sha256,030d6bb049591fda35c4e54df090bbc50eb1e12d8482c28cc71dffec7cef6fa0
2022-05-08,1,action_14,582,361,361,500,0.722,False,2022-05-08__group_01,exp3-full-20260807T072340Z,full,False,primary,exp3,2eebb3dfafa708ac36ff5b5fb2d215b77f5189e37ae94ea9afe8470831770580,e0c1288a22ea2cf3abde9f2c0887f795fe4c2e7d6f705d077ac9a8a819518e6d,source_tree_sha256,030d6bb049591fda35c4e54df090bbc50eb1e12d8482c28cc71dffec7cef6fa0
2022-05-08,1,action_15,963,517,517,500,1.034,True,2022-05-08__group_01,exp3-full-20260807T072340Z,full,False,primary,exp3,2eebb3dfafa708ac36ff5b5fb2d215b77f5189e37ae94ea9afe8470831770580,e0c1288a22ea2cf3abde9f2c0887f795fe4c2e7d6f705d077ac9a8a819518e6d,source_tree_sha256,030d6bb049591fda35c4e54df090bbc50eb1e12d8482c28cc71dffec7cef6fa0
2022-05-08,1,action_16,752,463,463,500,0.926,False,2022-05-08__group_01,exp3-full-20260807T072340Z,full,False,primary,exp3,2eebb3dfafa708ac36ff5b5fb2d215b77f5189e37ae94ea9afe8470831770580,e0c1288a22ea2cf3abde9f2c0887f795fe4c2e7d6f705d077ac9a8a819518e6d,source_tree_sha256,030d6bb049591fda35c4e54df090bbc50eb1e12d8482c28cc71dffec7cef6fa0
2022-05-08,1,action_17,592,465,465,500,0.93,False,2022-05-08__group_01,exp3-full-20260807T072340Z,full,False,primary,exp3,2eebb3dfafa708ac36ff5b5fb2d215b77f5189e37ae94ea9afe8470831770580,e0c1288a22ea2cf3abde9f2c0887f795fe4c2e7d6f705d077ac9a8a819518e6d,source_tree_sha256,030d6bb049591fda35c4e54df090bbc50eb1e12d8482c28cc71dffec7cef6fa0
2022-05-08,1,action_18,727,466,466,500,0.932,False,2022-05-08__group_01,exp3-full-20260807T072340Z,full,False,primary,exp3,2eebb3dfafa708ac36ff5b5fb2d215b77f5189e37ae94ea9afe8470831770580,e0c1288a22ea2cf3abde9f2c0887f795fe4c2e7d6f705d077ac9a8a819518e6d,source_tree_sha256,030d6bb049591fda35c4e54df090bbc50eb1e12d8482c28cc71dffec7cef6fa0
2022-05-08,1,action_19,557,453,453,500,0.906,False,2022-05-08__group_01,exp3-full-20260807T072340Z,full,False,primary,exp3,2eebb3dfafa708ac36ff5b5fb2d215b77f5189e37ae94ea9afe8470831770580,e0c1288a22ea2cf3abde9f2c0887f795fe4c2e7d6f705d077ac9a8a819518e6d,source_tree_sha256,030d6bb049591fda35c4e54df090bbc50eb1e12d8482c28cc71dffec7cef6fa0
2022-05-08,1,action_20,493,421,421,500,0.842,False,2022-05-08__group_01,exp3-full-20260807T072340Z,full,False,primary,exp3,2eebb3dfafa708ac36ff5b5fb2d215b77f5189e37ae94ea9afe8470831770580,e0c1288a22ea2cf3abde9f2c0887f795fe4c2e7d6f705d077ac9a8a819518e6d,source_tree_sha256,030d6bb049591fda35c4e54df090bbc50eb1e12d8482c28cc71dffec7cef6fa0
2022-05-08,2,action_01,4108,2547,2547,500,5.094,True,2022-05-08__group_02,exp3-full-20260807T072340Z,full,False,primary,exp3,2eebb3dfafa708ac36ff5b5fb2d215b77f5189e37ae94ea9afe8470831770580,e0c1288a22ea2cf3abde9f2c0887f795fe4c2e7d6f705d077ac9a8a819518e6d,source_tree_sha256,030d6bb049591fda35c4e54df090bbc50eb1e12d8482c28cc71dffec7cef6fa0
2022-05-08,2,action_02,1879,1287,1287,500,2.574,True,2022-05-08__group_02,exp3-full-20260807T072340Z,full,False,primary,exp3,2eebb3dfafa708ac36ff5b5fb2d215b77f5189e37ae94ea9afe8470831770580,e0c1288a22ea2cf3abde9f2c0887f795fe4c2e7d6f705d077ac9a8a819518e6d,source_tree_sha256,030d6bb049591fda35c4e54df090bbc50eb1e12d8482c28cc71dffec7cef6fa0
2022-05-08,2,action_03,1807,1483,1483,500,2.966,True,2022-05-08__group_02,exp3-full-20260807T072340Z,full,False,primary,exp3,2eebb3dfafa708ac36ff5b5fb2d215b77f5189e37ae94ea9afe8470831770580,e0c1288a22ea2cf3abde9f2c0887f795fe4c2e7d6f705d077ac9a8a819518e6d,source_tree_sha256,030d6bb049591fda35c4e54df090bbc50eb1e12d8482c28cc71dffec7cef6fa0
2022-05-08,2,action_04,1681,1123,1123,500,2.246,True,2022-05-08__group_02,exp3-full-20260807T072340Z,full,False,primary,exp3,2eebb3dfafa708ac36ff5b5fb2d215b77f5189e37ae94ea9afe8470831770580,e0c1288a22ea2cf3abde9f2c0887f795fe4c2e7d6f705d077ac9a8a819518e6d,source_tree_sha256,030d6bb049591fda35c4e54df090bbc50eb1e12d8482c28cc71dffec7cef6fa0
2022-05-08,2,action_05,1670,1025,1025,500,2.05,True,2022-05-08__group_02,exp3-full-20260807T072340Z,full,False,primary,exp3,2eebb3dfafa708ac36ff5b5fb2d215b77f5189e37ae94ea9afe8470831770580,e0c1288a22ea2cf3abde9f2c0887f795fe4c2e7d6f705d077ac9a8a819518e6d,source_tree_sha256,030d6bb049591fda35c4e54df090bbc50eb1e12d8482c28cc71dffec7cef6fa0
2022-05-08,2,action_06,1548,1523,1523,500,3.046,True,2022-05-08__group_02,exp3-full-20260807T072340Z,full,False,primary,exp3,2eebb3dfafa708ac36ff5b5fb2d215b77f5189e37ae94ea9afe8470831770580,e0c1288a22ea2cf3abde9f2c0887f795fe4c2e7d6f705d077ac9a8a819518e6d,source_tree_sha256,030d6bb049591fda35c4e54df090bbc50eb1e12d8482c28cc71dffec7cef6fa0
2022-05-08,2,action_07,1301,860,860,500,1.72,True,2022-05-08__group_02,exp3-full-20260807T072340Z,full,False,primary,exp3,2eebb3dfafa708ac36ff5b5fb2d215b77f5189e37ae94ea9afe8470831770580,e0c1288a22ea2cf3abde9f2c0887f795fe4c2e7d6f705d077ac9a8a819518e6d,source_tree_sha256,030d6bb049591fda35c4e54df090bbc50eb1e12d8482c28cc71dffec7cef6fa0
2022-05-08,2,action_08,1490,976,976,500,1.952,True,2022-05-08__group_02,exp3-full-20260807T072340Z,full,False,primary,exp3,2eebb3dfafa708ac36ff5b5fb2d215b77f5189e37ae94ea9afe8470831770580,e0c1288a22ea2cf3abde9f2c0887f795fe4c2e7d6f705d077ac9a8a819518e6d,source_tree_sha256,030d6bb049591fda35c4e54df090bbc50eb1e12d8482c28cc71dffec7cef6fa0
2022-05-08,2,action_09,1159,591,591,500,1.182,True,2022-05-08__group_02,exp3-full-20260807T072340Z,full,False,primary,exp3,2eebb3dfafa708ac36ff5b5fb2d215b77f5189e37ae94ea9afe8470831770580,e0c1288a22ea2cf3abde9f2c0887f795fe4c2e7d6f705d077ac9a8a819518e6d,source_tree_sha256,030d6bb049591fda35c4e54df090bbc50eb1e12d8482c28cc71dffec7cef6fa0
2022-05-08,2,action_10,835,742,742,500,1.484,True,2022-05-08__group_02,exp3-full-20260807T072340Z,full,False,primary,exp3,2eebb3dfafa708ac36ff5b5fb2d215b77f5189e37ae94ea9afe8470831770580,e0c1288a22ea2cf3abde9f2c0887f795fe4c2e7d6f705d077ac9a8a819518e6d,source_tree_sha256,030d6bb049591fda35c4e54df090bbc50eb1e12d8482c28cc71dffec7cef6fa0
2022-05-08,2,action_11,1044,786,786,500,1.572,True,2022-05-08__group_02,exp3-full-20260807T072340Z,full,False,primary,exp3,2eebb3dfafa708ac36ff5b5fb2d215b77f5189e37ae94ea9afe8470831770580,e0c1288a22ea2cf3abde9f2c0887f795fe4c2e7d6f705d077ac9a8a819518e6d,source_tree_sha256,030d6bb049591fda35c4e54df090bbc50eb1e12d8482c28cc71dffec7cef6fa0
2022-05-08,2,action_12,728,762,728,500,1.456,True,2022-05-08__group_02,exp3-full-20260807T072340Z,full,False,primary,exp3,2eebb3dfafa708ac36ff5b5fb2d215b77f5189e37ae94ea9afe8470831770580,e0c1288a22ea2cf3abde9f2c0887f795fe4c2e7d6f705d077ac9a8a819518e6d,source_tree_sha256,030d6bb049591fda35c4e54df090bbc50eb1e12d8482c28cc71dffec7cef6fa0
2022-05-08,2,action_13,631,467,467,500,0.934,False,2022-05-08__group_02,exp3-full-20260807T072340Z,full,False,primary,exp3,2eebb3dfafa708ac36ff5b5fb2d215b77f5189e37ae94ea9afe8470831770580,e0c1288a22ea2cf3abde9f2c0887f795fe4c2e7d6f705d077ac9a8a819518e6d,source_tree_sha256,030d6bb049591fda35c4e54df090bbc50eb1e12d8482c28cc71dffec7cef6fa0
2022-05-08,2,action_14,458,355,355,500,0.71,False,2022-05-08__group_02,exp3-full-20260807T072340Z,full,False,primary,exp3,2eebb3dfafa708ac36ff5b5fb2d215b77f5189e37ae94ea9afe8470831770580,e0c1288a22ea2cf3abde9f2c0887f795fe4c2e7d6f705d077ac9a8a819518e6d,source_tree_sha256,030d6bb049591fda35c4e54df090bbc50eb1e12d8482c28cc71dffec7cef6fa0
2022-05-08,2,action_15,700,347,347,500,0.694,False,2022-05-08__group_02,exp3-full-20260807T072340Z,full,False,primary,exp3,2eebb3dfafa708ac36ff5b5fb2d215b77f5189e37ae94ea9afe8470831770580,e0c1288a22ea2cf3abde9f2c0887f795fe4c2e7d6f705d077ac9a8a819518e6d,source_tree_sha256,030d6bb049591fda35c4e54df090bbc50eb1e12d8482c28cc71dffec7cef6fa0
2022-05-08,2,action_16,495,446,446,500,0.892,False,2022-05-08__group_02,exp3-full-20260807T072340Z,full,False,primary,exp3,2eebb3dfafa708ac36ff5b5fb2d215b77f5189e37ae94ea9afe8470831770580,e0c1288a22ea2cf3abde9f2c0887f795fe4c2e7d6f705d077ac9a8a819518e6d,source_tree_sha256,030d6bb049591fda35c4e54df090bbc50eb1e12d8482c28cc71dffec7cef6fa0
2022-05-08,2,action_17,517,469,469,500,0.938,False,2022-05-08__group_02,exp3-full-20260807T072340Z,full,False,primary,exp3,2eebb3dfafa708ac36ff5b5fb2d215b77f5189e37ae94ea9afe8470831770580,e0c1288a22ea2cf3abde9f2c0887f795fe4c2e7d6f705d077ac9a8a819518e6d,source_tree_sha256,030d6bb049591fda35c4e54df090bbc50eb1e12d8482c28cc71dffec7cef6fa0
2022-05-08,2,action_18,509,446,446,500,0.892,False,2022-05-08__group_02,exp3-full-20260807T072340Z,full,False,primary,exp3,2eebb3dfafa708ac36ff5b5fb2d215b77f5189e37ae94ea9afe8470831770580,e0c1288a22ea2cf3abde9f2c0887f795fe4c2e7d6f705d077ac9a8a819518e6d,source_tree_sha256,030d6bb049591fda35c4e54df090bbc50eb1e12d8482c28cc71dffec7cef6fa0
2022-05-08,2,action_19,515,434,434,500,0.868,False,2022-05-08__group_02,exp3-full-20260807T072340Z,full,False,primary,exp3,2eebb3dfafa708ac36ff5b5fb2d215b77f5189e37ae94ea9afe8470831770580,e0c1288a22ea2cf3abde9f2c0887f795fe4c2e7d6f705d077ac9a8a819518e6d,source_tree_sha256,030d6bb049591fda35c4e54df090bbc50eb1e12d8482c28cc71dffec7cef6fa0
2022-05-08,2,action_20,365,252,252,500,0.504,False,2022-05-08__group_02,exp3-full-20260807T072340Z,full,False,primary,exp3,2eebb3dfafa708ac36ff5b5fb2d215b77f5189e37ae94ea9afe8470831770580,e0c1288a22ea2cf3abde9f2c0887f795fe4c2e7d6f705d077ac9a8a819518e6d,source_tree_sha256,030d6bb049591fda35c4e54df090bbc50eb1e12d8482c28cc71dffec7cef6fa0
2022-05-08,3,action_01,2447,3182,2447,500,4.894,True,2022-05-08__group_03,exp3-full-20260807T072340Z,full,False,primary,exp3,2eebb3dfafa708ac36ff5b5fb2d215b77f5189e37ae94ea9afe8470831770580,e0c1288a22ea2cf3abde9f2c0887f795fe4c2e7d6f705d077ac9a8a819518e6d,source_tree_sha256,030d6bb049591fda35c4e54df090bbc50eb1e12d8482c28cc71dffec7cef6fa0
2022-05-08,3,action_02,1448,1448,1448,500,2.896,True,2022-05-08__group_03,exp3-full-20260807T072340Z,full,False,primary,exp3,2eebb3dfafa708ac36ff5b5fb2d215b77f5189e37ae94ea9afe8470831770580,e0c1288a22ea2cf3abde9f2c0887f795fe4c2e7d6f705d077ac9a8a819518e6d,source_tree_sha256,030d6bb049591fda35c4e54df090bbc50eb1e12d8482c28cc71dffec7cef6fa0
2022-05-08,3,action_03,1400,1791,1400,500,2.8,True,2022-05-08__group_03,exp3-full-20260807T072340Z,full,False,primary,exp3,2eebb3dfafa708ac36ff5b5fb2d215b77f5189e37ae94ea9afe8470831770580,e0c1288a22ea2cf3abde9f2c0887f795fe4c2e7d6f705d077ac9a8a819518e6d,source_tree_sha256,030d6bb049591fda35c4e54df090bbc50eb1e12d8482c28cc71dffec7cef6fa0
2022-05-08,3,action_04,1140,1592,1140,500,2.28,True,2022-05-08__group_03,exp3-full-20260807T072340Z,full,False,primary,exp3,2eebb3dfafa708ac36ff5b5fb2d215b77f5189e37ae94ea9afe8470831770580,e0c1288a22ea2cf3abde9f2c0887f795fe4c2e7d6f705d077ac9a8a819518e6d,source_tree_sha256,030d6bb049591fda35c4e54df090bbc50eb1e12d8482c28cc71dffec7cef6fa0
2022-05-08,3,action_05,886,1263,886,500,1.772,True,2022-05-08__group_03,exp3-full-20260807T072340Z,full,False,primary,exp3,2eebb3dfafa708ac36ff5b5fb2d215b77f5189e37ae94ea9afe8470831770580,e0c1288a22ea2cf3abde9f2c0887f795fe4c2e7d6f705d077ac9a8a819518e6d,source_tree_sha256,030d6bb049591fda35c4e54df090bbc50eb1e12d8482c28cc71dffec7cef6fa0
2022-05-08,3,action_06,1456,1160,1160,500,2.32,True,2022-05-08__group_03,exp3-full-20260807T072340Z,full,False,primary,exp3,2eebb3dfafa708ac36ff5b5fb2d215b77f5189e37ae94ea9afe8470831770580,e0c1288a22ea2cf3abde9f2c0887f795fe4c2e7d6f705d077ac9a8a819518e6d,source_tree_sha256,030d6bb049591fda35c4e54df090bbc50eb1e12d8482c28cc71dffec7cef6fa0
2022-05-08,3,action_07,894,1255,894,500,1.788,True,2022-05-08__group_03,exp3-full-20260807T072340Z,full,False,primary,exp3,2eebb3dfafa708ac36ff5b5fb2d215b77f5189e37ae94ea9afe8470831770580,e0c1288a22ea2cf3abde9f2c0887f795fe4c2e7d6f705d077ac9a8a819518e6d,source_tree_sha256,030d6bb049591fda35c4e54df090bbc50eb1e12d8482c28cc71dffec7cef6fa0
2022-05-08,3,action_08,1076,1190,1076,500,2.152,True,2022-05-08__group_03,exp3-full-20260807T072340Z,full,False,primary,exp3,2eebb3dfafa708ac36ff5b5fb2d215b77f5189e37ae94ea9afe8470831770580,e0c1288a22ea2cf3abde9f2c0887f795fe4c2e7d6f705d077ac9a8a819518e6d,source_tree_sha256,030d6bb049591fda35c4e54df090bbc50eb1e12d8482c28cc71dffec7cef6fa0
2022-05-08,3,action_09,525,712,525,500,1.05,True,2022-05-08__group_03,exp3-full-20260807T072340Z,full,False,primary,exp3,2eebb3dfafa708ac36ff5b5fb2d215b77f5189e37ae94ea9afe8470831770580,e0c1288a22ea2cf3abde9f2c0887f795fe4c2e7d6f705d077ac9a8a819518e6d,source_tree_sha256,030d6bb049591fda35c4e54df090bbc50eb1e12d8482c28cc71dffec7cef6fa0
2022-05-08,3,action_10,679,926,679,500,1.358,True,2022-05-08__group_03,exp3-full-20260807T072340Z,full,False,primary,exp3,2eebb3dfafa708ac36ff5b5fb2d215b77f5189e37ae94ea9afe8470831770580,e0c1288a22ea2cf3abde9f2c0887f795fe4c2e7d6f705d077ac9a8a819518e6d,source_tree_sha256,030d6bb049591fda35c4e54df090bbc50eb1e12d8482c28cc71dffec7cef6fa0
2022-05-08,3,action_11,384,697,384,500,0.768,False,2022-05-08__group_03,exp3-full-20260807T072340Z,full,False,primary,exp3,2eebb3dfafa708ac36ff5b5fb2d215b77f5189e37ae94ea9afe8470831770580,e0c1288a22ea2cf3abde9f2c0887f795fe4c2e7d6f705d077ac9a8a819518e6d,source_tree_sha256,030d6bb049591fda35c4e54df090bbc50eb1e12d8482c28cc71dffec7cef6fa0
2022-05-08,3,action_12,413,630,413,500,0.826,False,2022-05-08__group_03,exp3-full-20260807T072340Z,full,False,primary,exp3,2eebb3dfafa708ac36ff5b5fb2d215b77f5189e37ae94ea9afe8470831770580,e0c1288a22ea2cf3abde9f2c0887f795fe4c2e7d6f705d077ac9a8a819518e6d,source_tree_sha256,030d6bb049591fda35c4e54df090bbc50eb1e12d8482c28cc71dffec7cef6fa0
2022-05-08,3,action_13,387,624,387,500,0.774,False,2022-05-08__group_03,exp3-full-20260807T072340Z,full,False,primary,exp3,2eebb3dfafa708ac36ff5b5fb2d215b77f5189e37ae94ea9afe8470831770580,e0c1288a22ea2cf3abde9f2c0887f795fe4c2e7d6f705d077ac9a8a819518e6d,source_tree_sha256,030d6bb049591fda35c4e54df090bbc50eb1e12d8482c28cc71dffec7cef6fa0
2022-05-08,3,action_14,406,355,355,500,0.71,False,2022-05-08__group_03,exp3-full-20260807T072340Z,full,False,primary,exp3,2eebb3dfafa708ac36ff5b5fb2d215b77f5189e37ae94ea9afe8470831770580,e0c1288a22ea2cf3abde9f2c0887f795fe4c2e7d6f705d077ac9a8a819518e6d,source_tree_sha256,030d6bb049591fda35c4e54df090bbc50eb1e12d8482c28cc71dffec7cef6fa0
2022-05-08,3,action_15,490,478,478,500,0.956,False,2022-05-08__group_03,exp3-full-20260807T072340Z,full,False,primary,exp3,2eebb3dfafa708ac36ff5b5fb2d215b77f5189e37ae94ea9afe8470831770580,e0c1288a22ea2cf3abde9f2c0887f795fe4c2e7d6f705d077ac9a8a819518e6d,source_tree_sha256,030d6bb049591fda35c4e54df090bbc50eb1e12d8482c28cc71dffec7cef6fa0
2022-05-08,3,action_16,363,466,363,500,0.726,False,2022-05-08__group_03,exp3-full-20260807T072340Z,full,False,primary,exp3,2eebb3dfafa708ac36ff5b5fb2d215b77f5189e37ae94ea9afe8470831770580,e0c1288a22ea2cf3abde9f2c0887f795fe4c2e7d6f705d077ac9a8a819518e6d,source_tree_sha256,030d6bb049591fda35c4e54df090bbc50eb1e12d8482c28cc71dffec7cef6fa0
2022-05-08,3,action_17,360,680,360,500,0.72,False,2022-05-08__group_03,exp3-full-20260807T072340Z,full,False,primary,exp3,2eebb3dfafa708ac36ff5b5fb2d215b77f5189e37ae94ea9afe8470831770580,e0c1288a22ea2cf3abde9f2c0887f795fe4c2e7d6f705d077ac9a8a819518e6d,source_tree_sha256,030d6bb049591fda35c4e54df090bbc50eb1e12d8482c28cc71dffec7cef6fa0
2022-05-08,3,action_18,411,614,411,500,0.822,False,2022-05-08__group_03,exp3-full-20260807T072340Z,full,False,primary,exp3,2eebb3dfafa708ac36ff5b5fb2d215b77f5189e37ae94ea9afe8470831770580,e0c1288a22ea2cf3abde9f2c0887f795fe4c2e7d6f705d077ac9a8a819518e6d,source_tree_sha256,030d6bb049591fda35c4e54df090bbc50eb1e12d8482c28cc71dffec7cef6fa0
2022-05-08,3,action_19,373,506,373,500,0.746,False,2022-05-08__group_03,exp3-full-20260807T072340Z,full,False,primary,exp3,2eebb3dfafa708ac36ff5b5fb2d215b77f5189e37ae94ea9afe8470831770580,e0c1288a22ea2cf3abde9f2c0887f795fe4c2e7d6f705d077ac9a8a819518e6d,source_tree_sha256,030d6bb049591fda35c4e54df090bbc50eb1e12d8482c28cc71dffec7cef6fa0
2022-05-08,3,action_20,278,471,278,500,0.556,False,2022-05-08__group_03,exp3-full-20260807T072340Z,full,False,primary,exp3,2eebb3dfafa708ac36ff5b5fb2d215b77f5189e37ae94ea9afe8470831770580,e0c1288a22ea2cf3abde9f2c0887f795fe4c2e7d6f705d077ac9a8a819518e6d,source_tree_sha256,030d6bb049591fda35c4e54df090bbc50eb1e12d8482c28cc71dffec7cef6fa0
2022-05-08,4,action_01,3024,3252,3024,500,6.048,True,2022-05-08__group_04,exp3-full-20260807T072340Z,full,False,primary,exp3,2eebb3dfafa708ac36ff5b5fb2d215b77f5189e37ae94ea9afe8470831770580,e0c1288a22ea2cf3abde9f2c0887f795fe4c2e7d6f705d077ac9a8a819518e6d,source_tree_sha256,030d6bb049591fda35c4e54df090bbc50eb1e12d8482c28cc71dffec7cef6fa0
2022-05-08,4,action_02,1901,1228,1228,500,2.456,True,2022-05-08__group_04,exp3-full-20260807T072340Z,full,False,primary,exp3,2eebb3dfafa708ac36ff5b5fb2d215b77f5189e37ae94ea9afe8470831770580,e0c1288a22ea2cf3abde9f2c0887f795fe4c2e7d6f705d077ac9a8a819518e6d,source_tree_sha256,030d6bb049591fda35c4e54df090bbc50eb1e12d8482c28cc71dffec7cef6fa0
2022-05-08,4,action_03,1777,1252,1252,500,2.504,True,2022-05-08__group_04,exp3-full-20260807T072340Z,full,False,primary,exp3,2eebb3dfafa708ac36ff5b5fb2d215b77f5189e37ae94ea9afe8470831770580,e0c1288a22ea2cf3abde9f2c0887f795fe4c2e7d6f705d077ac9a8a819518e6d,source_tree_sha256,030d6bb049591fda35c4e54df090bbc50eb1e12d8482c28cc71dffec7cef6fa0
2022-05-08,4,action_04,1588,1496,1496,500,2.992,True,2022-05-08__group_04,exp3-full-20260807T072340Z,full,False,primary,exp3,2eebb3dfafa708ac36ff5b5fb2d215b77f5189e37ae94ea9afe8470831770580,e0c1288a22ea2cf3abde9f2c0887f795fe4c2e7d6f705d077ac9a8a819518e6d,source_tree_sha256,030d6bb049591fda35c4e54df090bbc50eb1e12d8482c28cc71dffec7cef6fa0
2022-05-08,4,action_05,1889,1159,1159,500,2.318,True,2022-05-08__group_04,exp3-full-20260807T072340Z,full,False,primary,exp3,2eebb3dfafa708ac36ff5b5fb2d215b77f5189e37ae94ea9afe8470831770580,e0c1288a22ea2cf3abde9f2c0887f795fe4c2e7d6f705d077ac9a8a819518e6d,source_tree_sha256,030d6bb049591fda35c4e54df090bbc50eb1e12d8482c28cc71dffec7cef6fa0
2022-05-08,4,action_06,1317,1269,1269,500,2.538,True,2022-05-08__group_04,exp3-full-20260807T072340Z,full,False,primary,exp3,2eebb3dfafa708ac36ff5b5fb2d215b77f5189e37ae94ea9afe8470831770580,e0c1288a22ea2cf3abde9f2c0887f795fe4c2e7d6f705d077ac9a8a819518e6d,source_tree_sha256,030d6bb049591fda35c4e54df090bbc50eb1e12d8482c28cc71dffec7cef6fa0
2022-05-08,4,action_07,1414,964,964,500,1.928,True,2022-05-08__group_04,exp3-full-20260807T072340Z,full,False,primary,exp3,2eebb3dfafa708ac36ff5b5fb2d215b77f5189e37ae94ea9afe8470831770580,e0c1288a22ea2cf3abde9f2c0887f795fe4c2e7d6f705d077ac9a8a819518e6d,source_tree_sha256,030d6bb049591fda35c4e54df090bbc50eb1e12d8482c28cc71dffec7cef6fa0
2022-05-08,4,action_08,942,1026,942,500,1.884,True,2022-05-08__group_04,exp3-full-20260807T072340Z,full,False,primary,exp3,2eebb3dfafa708ac36ff5b5fb2d215b77f5189e37ae94ea9afe8470831770580,e0c1288a22ea2cf3abde9f2c0887f795fe4c2e7d6f705d077ac9a8a819518e6d,source_tree_sha256,030d6bb049591fda35c4e54df090bbc50eb1e12d8482c28cc71dffec7cef6fa0
2022-05-08,4,action_09,1558,660,660,500,1.32,True,2022-05-08__group_04,exp3-full-20260807T072340Z,full,False,primary,exp3,2eebb3dfafa708ac36ff5b5fb2d215b77f5189e37ae94ea9afe8470831770580,e0c1288a22ea2cf3abde9f2c0887f795fe4c2e7d6f705d077ac9a8a819518e6d,source_tree_sha256,030d6bb049591fda35c4e54df090bbc50eb1e12d8482c28cc71dffec7cef6fa0
2022-05-08,4,action_10,833,1106,833,500,1.666,True,2022-05-08__group_04,exp3-full-20260807T072340Z,full,False,primary,exp3,2eebb3dfafa708ac36ff5b5fb2d215b77f5189e37ae94ea9afe8470831770580,e0c1288a22ea2cf3abde9f2c0887f795fe4c2e7d6f705d077ac9a8a819518e6d,source_tree_sha256,030d6bb049591fda35c4e54df090bbc50eb1e12d8482c28cc71dffec7cef6fa0
2022-05-08,4,action_11,1038,605,605,500,1.21,True,2022-05-08__group_04,exp3-full-20260807T072340Z,full,False,primary,exp3,2eebb3dfafa708ac36ff5b5fb2d215b77f5189e37ae94ea9afe8470831770580,e0c1288a22ea2cf3abde9f2c0887f795fe4c2e7d6f705d077ac9a8a819518e6d,source_tree_sha256,030d6bb049591fda35c4e54df090bbc50eb1e12d8482c28cc71dffec7cef6fa0
2022-05-08,4,action_12,489,868,489,500,0.978,False,2022-05-08__group_04,exp3-full-20260807T072340Z,full,False,primary,exp3,2eebb3dfafa708ac36ff5b5fb2d215b77f5189e37ae94ea9afe8470831770580,e0c1288a22ea2cf3abde9f2c0887f795fe4c2e7d6f705d077ac9a8a819518e6d,source_tree_sha256,030d6bb049591fda35c4e54df090bbc50eb1e12d8482c28cc71dffec7cef6fa0
2022-05-08,4,action_13,510,564,510,500,1.02,True,2022-05-08__group_04,exp3-full-20260807T072340Z,full,False,primary,exp3,2eebb3dfafa708ac36ff5b5fb2d215b77f5189e37ae94ea9afe8470831770580,e0c1288a22ea2cf3abde9f2c0887f795fe4c2e7d6f705d077ac9a8a819518e6d,source_tree_sha256,030d6bb049591fda35c4e54df090bbc50eb1e12d8482c28cc71dffec7cef6fa0
2022-05-08,4,action_14,655,349,349,500,0.698,False,2022-05-08__group_04,exp3-full-20260807T072340Z,full,False,primary,exp3,2eebb3dfafa708ac36ff5b5fb2d215b77f5189e37ae94ea9afe8470831770580,e0c1288a22ea2cf3abde9f2c0887f795fe4c2e7d6f705d077ac9a8a819518e6d,source_tree_sha256,030d6bb049591fda35c4e54df090bbc50eb1e12d8482c28cc71dffec7cef6fa0
2022-05-08,4,action_15,1026,512,512,500,1.024,True,2022-05-08__group_04,exp3-full-20260807T072340Z,full,False,primary,exp3,2eebb3dfafa708ac36ff5b5fb2d215b77f5189e37ae94ea9afe8470831770580,e0c1288a22ea2cf3abde9f2c0887f795fe4c2e7d6f705d077ac9a8a819518e6d,source_tree_sha256,030d6bb049591fda35c4e54df090bbc50eb1e12d8482c28cc71dffec7cef6fa0
2022-05-08,4,action_16,711,324,324,500,0.648,False,2022-05-08__group_04,exp3-full-20260807T072340Z,full,False,primary,exp3,2eebb3dfafa708ac36ff5b5fb2d215b77f5189e37ae94ea9afe8470831770580,e0c1288a22ea2cf3abde9f2c0887f795fe4c2e7d6f705d077ac9a8a819518e6d,source_tree_sha256,030d6bb049591fda35c4e54df090bbc50eb1e12d8482c28cc71dffec7cef6fa0
2022-05-08,4,action_17,854,458,458,500,0.916,False,2022-05-08__group_04,exp3-full-20260807T072340Z,full,False,primary,exp3,2eebb3dfafa708ac36ff5b5fb2d215b77f5189e37ae94ea9afe8470831770580,e0c1288a22ea2cf3abde9f2c0887f795fe4c2e7d6f705d077ac9a8a819518e6d,source_tree_sha256,030d6bb049591fda35c4e54df090bbc50eb1e12d8482c28cc71dffec7cef6fa0
2022-05-08,4,action_18,582,530,530,500,1.06,True,2022-05-08__group_04,exp3-full-20260807T072340Z,full,False,primary,exp3,2eebb3dfafa708ac36ff5b5fb2d215b77f5189e37ae94ea9afe8470831770580,e0c1288a22ea2cf3abde9f2c0887f795fe4c2e7d6f705d077ac9a8a819518e6d,source_tree_sha256,030d6bb049591fda35c4e54df090bbc50eb1e12d8482c28cc71dffec7cef6fa0
2022-05-08,4,action_19,641,442,442,500,0.884,False,2022-05-08__group_04,exp3-full-20260807T072340Z,full,False,primary,exp3,2eebb3dfafa708ac36ff5b5fb2d215b77f5189e37ae94ea9afe8470831770580,e0c1288a22ea2cf3abde9f2c0887f795fe4c2e7d6f705d077ac9a8a819518e6d,source_tree_sha256,030d6bb049591fda35c4e54df090bbc50eb1e12d8482c28cc71dffec7cef6fa0
2022-05-08,4,action_20,461,322,322,500,0.644,False,2022-05-08__group_04,exp3-full-20260807T072340Z,full,False,primary,exp3,2eebb3dfafa708ac36ff5b5fb2d215b77f5189e37ae94ea9afe8470831770580,e0c1288a22ea2cf3abde9f2c0887f795fe4c2e7d6f705d077ac9a8a819518e6d,source_tree_sha256,030d6bb049591fda35c4e54df090bbc50eb1e12d8482c28cc71dffec7cef6fa0
